    0 VLGKRVW   12.9202    5.8942   -7.0260    0.0000
    1 KLGVEAW   -3.7809   -6.7860   -3.0051    0.0000
    2 KLGVEAW   -3.8934   -6.8985   -3.0051    0.0000
    3 KLWGEAV   -5.4159   -8.5324   -3.1166    0.0000
    4 KLWGEAV   -5.4159   -8.5324   -3.1166    0.0000
    5 KLWGFAD   -6.1399   -8.7407   -2.6009    0.0000
    6 KLWGFAD   -6.1399   -8.7407   -2.6009    0.0000
    7 KLFGWAD   -6.4255   -9.0263   -2.6009    0.0000
    8 KLFGFAD   -6.8493   -8.9113   -2.0620    0.0000
    9 KLFGFAD   -6.8493   -8.9113   -2.0620    0.0000
   10 KLFGFAD   -6.8493   -8.9113   -2.0620    0.0000
   11 KLWGFAD   -6.1782   -8.7791   -2.6009    0.0000
   12 KLWGFAD   -6.1782   -8.7791   -2.6009    0.0000
   13 KLWGFAD   -6.1782   -8.7791   -2.6009    0.0000
   14 KLWGFAD   -6.1782   -8.7791   -2.6009    0.0000
   15 KLVGFAD   -4.8924   -8.5530   -3.6606    0.0000
   16 ALLGFKD   -4.3117   -8.4992   -4.1874    0.0000
   17 ELLGFKM   -2.7824   -7.2226   -4.4403    0.0000
   18 KLVGFME   -9.4021  -10.8984   -1.4963    0.0000
   19 KLVGFME   -9.4021  -10.8984   -1.4963    0.0000
   20 KLVGFME   -9.4021  -10.8984   -1.4963    0.0000
   21 KLVGWEM   -8.1690  -11.2127   -3.0437    0.0000
   22 KLVGWEM   -8.1690  -11.2127   -3.0437    0.0000
   23 KLIGFEM   -8.1258  -11.3364   -3.2106    0.0000
   24 KLMGFEA   -6.5083  -10.3692   -3.8609    0.0000
   25 KLMGFEA   -6.5083  -10.3692   -3.8609    0.0000
   26 KLMGFEI   -6.5849   -9.7955   -3.2106    0.0000
   27 KLMGVEV   -7.5901   -9.7735   -2.1834    0.0000
   28 KLMGVME   -7.5429   -9.8324   -2.2894    0.0000
   29 KLMGWMD   -7.9147  -10.8273   -2.9126    0.0000
   30 KLMGFMD   -9.8733  -11.1270   -1.2537    0.0000
   31 KLMGFMD   -9.9244  -11.1781   -1.2537    0.0000
   32 KLMGFMD   -9.9244  -11.1781   -1.2537    0.0000
   33 KLMGFMD   -9.9244  -11.1781   -1.2537    0.0000
   34 KLMGMMD   -9.5720  -11.5389   -1.9669    0.0000
   35 KLMGMMD   -9.5720  -11.5389   -1.9669    0.0000
   36 KLIGMME  -10.0332  -11.9084   -1.8751    0.0000
   37 KLIGEMM  -10.0845  -11.9596   -1.8751    0.0000
   38 KLIGEMM  -10.0845  -11.9596   -1.8751    0.0000
   39 KLIGEMM  -10.0845  -11.9596   -1.8751    0.0000
   40 KLIGMDM   -9.0571  -10.5037   -1.4466    0.0000
   41 KLMGMDI   -8.5425   -9.9891   -1.4466    0.0000
   42 KLMGMDI   -8.5425   -9.9891   -1.4466    0.0000
   43 KLMGMDI   -8.5425   -9.9891   -1.4466    0.0000
   44 KLMGMEI   -8.7957  -10.5594   -1.7637    0.0000
   45 KLMGMEI   -8.7957  -10.5594   -1.7637    0.0000
   46 KLIGDMM   -8.2405   -9.7985   -1.5580    0.0000
   47 KLVGDMM   -7.0122   -8.9845   -1.9723    0.0000
   48 KLVGEMM   -7.1525   -9.4420   -2.2894    0.0000
   49 KLMGEMV   -8.1330  -10.4225   -2.2894    0.0000
   50 KLVGMME   -8.1057  -10.3951   -2.2894    0.0000
   51 KLEGMMV   -6.3586   -8.6480   -2.2894    0.0000
   52 KLEGFMV   -6.5804   -8.0767   -1.4963    0.0000
   53 KLEGFMV   -6.5804   -8.0767   -1.4963    0.0000
   54 KLEGFMV   -6.5804   -8.0767   -1.4963    0.0000
   55 KLMGFEV   -8.9326  -10.3175   -1.3849    0.0000
   56 MLKGFEV   -8.9586  -10.3434   -1.3849    0.0000
   57 MLKGVEF   -7.3005   -8.6854   -1.3849    0.0000
   58 MLKGYVE   -4.9934   -8.1091   -3.1157    0.0000
   59 MLKGYVE   -6.8844  -10.0001   -3.1157    0.0000
   60 MLKGIVD   -9.3844  -10.8678   -1.4834    0.0000
   61 MLKGEVI  -10.2821  -12.0826   -1.8006    0.0000
   62 DLKGMVI   -6.9639   -8.4473   -1.4834    0.0000
   63 MLKGVDI   -9.8459  -11.2179   -1.3720    0.0000
   64 MLKGIVE   -8.2837  -10.0842   -1.8006    0.0000
   65 MLKGVDF   -8.3299   -9.3976   -1.0677    0.0000
   66 MLKGVEF   -9.2678  -10.6527   -1.3849    0.0000
   67 MLKGFEV  -10.0847  -11.4696   -1.3849    0.0000
   68 MLKGFDM   -8.5514   -9.6937   -1.1423    0.0000
   69 MLKGFDM   -8.5514   -9.6937   -1.1423    0.0000
   70 MLKGFMD   -7.8628   -9.1165   -1.2537    0.0000
   71 MLKGMVE   -8.3151  -10.6045   -2.2894    0.0000
   72 MLKGMVE   -8.3151  -10.6045   -2.2894    0.0000
   73 KLVGMEM   -5.4011   -7.5791   -2.1780    0.0000
   74 DLLGMKY   -2.2789   -5.3815   -3.1026    0.0000
   75 ELVGMKY   -4.0372   -7.0415   -3.0043    0.0000
   76 MLVGDKF   -5.9263   -7.2169   -1.2906    0.0000
   77 MLVGDKV   -7.1531   -9.2422   -2.0891    0.0000
   78 MLVGDKV   -7.1531   -9.2422   -2.0891    0.0000
   79 FLVGEKV   -7.5519   -9.0850   -1.5331    0.0000
   80 FLVGEKV   -7.5519   -9.0850   -1.5331    0.0000
   81 KLVGEFV   -6.8577   -8.2794   -1.4217    0.0000
   82 KLVGEFV   -6.8577   -8.2794   -1.4217    0.0000
   83 KLVGEFV   -6.8577   -8.2794   -1.4217    0.0000
   84 KLMGEFV   -6.9381   -8.4344   -1.4963    0.0000
   85 FLMGEKV   -6.2573   -7.8650   -1.6077    0.0000
   86 FLMGDEV   -6.0202   -8.1208   -2.1006    0.0000
   87 MLMGDEV   -6.4279   -9.3216   -2.8937    0.0000
   88 MLGIEEV   -6.3485   -8.9591   -2.6106    0.0000
   89 MLGIEEV   -6.3485   -8.9591   -2.6106    0.0000
   90 MLGLEVD   -6.4617   -9.8734   -3.4117    0.0000
   91 MLGLEVE   -6.2645   -9.9933   -3.7289    0.0000
   92 MLGLEVE   -6.2645   -9.9933   -3.7289    0.0000
   93 MLAVEVE   -7.1463  -10.3500   -3.2037    0.0000
   94 MLAVEKV   -8.0591  -10.5642   -2.5051    0.0000
   95 KLAVEMV   -7.1000   -9.4937   -2.3937    0.0000
   96 KLAVDMV   -7.2403   -9.3169   -2.0766    0.0000
   97 RLAVDMV   -2.5743   -8.0148   -5.4406    0.0000
   98 MLAVERV   -1.9961   -7.8652   -5.8691    0.0000
   99 RLAVDMV   -1.3979   -6.8385   -5.4406    0.0000
  100 KLAVDMV   -5.9054   -7.9820   -2.0766    0.0000
  101 MLKVEAV   -6.6530   -8.9353   -2.2823    0.0000
  102 ELKVMGV   -5.9670   -8.1505   -2.1834    0.0000
  103 ELEVMGI   -6.7233   -9.2224   -2.4991    0.0000
  104 MLEVMGE   -7.4661  -10.5656   -3.0994    0.0000
  105 MLKVMGE   -8.2237  -10.5132   -2.2894    0.0000
  106 VLKVMGE   -8.1621  -10.4570   -2.2949    0.0000
  107 VLVKMGE   -9.0885  -11.3834   -2.2949    0.0000
  108 VLVEFGE   -8.0888  -10.3205   -2.2317    0.0000
  109 VLVKFGE   -9.3445  -10.7662   -1.4217    0.0000
  110 VLVEFGE   -8.0895  -10.3212   -2.2317    0.0000
  111 FLVVEGE   -5.9161   -8.2592   -2.3431    0.0000
  112 FLVVEGE   -5.9161   -8.2592   -2.3431    0.0000
  113 MLVIEGD  -10.3414  -12.7462   -2.4049    0.0000
  114 MLIVDGD  -10.4231  -12.5108   -2.0877    0.0000
  115 VLIKVGD   -8.7045  -10.1134   -1.4089    0.0000
  116 VLIKVGD   -8.7045  -10.1134   -1.4089    0.0000
  117 VLIEVGD   -7.6911   -9.9100   -2.2189    0.0000
  118 VLIEVGE   -7.5695  -10.1055   -2.5360    0.0000
  119 VLIDVGD   -6.7306   -8.6323   -1.9017    0.0000
  120 VLIVEGD  -10.3191  -12.6494   -2.3303    0.0000
  121 VLIVEGD  -10.3191  -12.6494   -2.3303    0.0000
  122 VLLVGED   -8.2308  -11.9022   -3.6714    0.0000
  123 VLLVGEE   -8.0594  -12.0479   -3.9886    0.0000
  124 KLLVEVG   -9.4088  -12.3645   -2.9557    0.0000
  125 KLLVEVG   -9.4088  -12.3645   -2.9557    0.0000
  126 ELLVKVG   -5.3433   -8.2990   -2.9557    0.0000
  127 GLLVEVD   -8.2889  -11.7375   -3.4486    0.0000
  128 GLLVVED   -9.2818  -12.9532   -3.6714    0.0000
  129 ELLVVGD   -7.1914  -10.7514   -3.5600    0.0000
  130 ELLVVGD   -6.7848  -10.3448   -3.5600    0.0000
  131 KLLVDGV   -9.8011  -12.4397   -2.6386    0.0000
  132 KLLVDGV   -9.8011  -12.4397   -2.6386    0.0000
  133 KLIVDGV  -10.5252  -11.9341   -1.4089    0.0000
  134 KLIVDGY   -8.3601   -9.7898   -1.4297    0.0000
  135 KLVIDGG   -7.7240  -11.7328   -4.0089    0.0000
  136 KLVIDGM   -7.7202   -9.2037   -1.4834    0.0000
  137 KLVIDGM   -7.7202   -9.2037   -1.4834    0.0000
  138 KLVMEGI   -7.7867   -9.5873   -1.8006    0.0000
  139 KLVVEGI   -8.7351  -10.4611   -1.7260    0.0000
  140 KLIVEGV  -10.5842  -12.3102   -1.7260    0.0000
  141 KLIVEGV  -10.5842  -12.3102   -1.7260    0.0000
  142 KLIVDGV  -10.4715  -11.8803   -1.4089    0.0000
  143 KLVVDGV  -10.0342  -12.0174   -1.9831    0.0000
  144 KLIVDGV  -10.4854  -11.8943   -1.4089    0.0000
  145 ILKVDGV   -9.4073  -10.7047   -1.2974    0.0000
  146 ILKVDGV   -9.4073  -10.7047   -1.2974    0.0000
  147 VLKVDGI   -9.8080  -11.1055   -1.2974    0.0000
  148 VLKVEGI  -10.0163  -11.6309   -1.6146    0.0000
  149 ILKVEGV   -9.7625  -11.3771   -1.6146    0.0000
  150 ILKEFGV   -6.2305   -9.4779   -3.2474    0.0000
  151 ILKEFGA   -6.6877   -9.2911   -2.6034    0.0000
  152 ILKFEGA   -3.1428   -5.6348   -2.4920    0.0000
  153 ILAFEGD   -4.7489   -7.9566   -3.2077    0.0000
  154 ILAFEGD   -4.7489   -7.9566   -3.2077    0.0000
  155 ILAMEGD   -4.8774   -9.6783   -4.8009    0.0000
  156 ILAMEGE   -4.5245   -9.6425   -5.1180    0.0000
  157 ALIEEGI   -5.0664   -8.8155   -3.7491    0.0000
  158 DLIVEGI   -4.8597   -8.9043   -4.0446    0.0000
  159 ELILEGV   -3.4211   -9.0126   -5.5914    0.0000
  160 ELVVEGL   -6.9570  -10.7227   -3.7657    0.0000
  161 KLMVEGI  -10.3807  -12.1812   -1.8006    0.0000
  162 KLMVDGI  -10.6306  -12.1141   -1.4834    0.0000
  163 KLMVEGI  -10.5637  -12.3643   -1.8006    0.0000
  164 KLIVEGM  -10.4366  -12.2372   -1.8006    0.0000
  165 KLLVEGY   -8.1998  -11.7364   -3.5366    0.0000
  166 KLLVVGE   -9.1255  -12.1926   -3.0671    0.0000
  167 LLKVDGV   -8.7523  -11.2795   -2.5271    0.0000
  168 FLKVEGV   -8.9563  -10.2666   -1.3103    0.0000
  169 FLKVEGV   -8.9563  -10.2666   -1.3103    0.0000
  170 MLKVEGV  -10.0418  -12.2252   -2.1834    0.0000
  171 MLKVEGV  -10.0418  -12.2252   -2.1834    0.0000
  172 MLKVVGE   -7.8964  -10.1913   -2.2949    0.0000
  173 MLKVVGD   -9.6997  -11.6774   -1.9777    0.0000
  174 MLKVVGD   -9.6997  -11.6774   -1.9777    0.0000
  175 MLVVKGD   -6.3255   -8.4147   -2.0891    0.0000
  176 MLVVDGD   -9.3304  -11.9124   -2.5820    0.0000
  177 MLIVDGD  -10.0888  -12.1765   -2.0877    0.0000
  178 MLIVEGD  -10.3371  -12.7420   -2.4049    0.0000
  179 MLIVDGD  -10.0363  -12.1240   -2.0877    0.0000
  180 MLIVDGD  -10.0363  -12.1240   -2.0877    0.0000
  181 ILMVDGD   -9.3101  -11.3978   -2.0877    0.0000
  182 ILIVEGD   -7.9620  -12.1180   -4.1560    0.0000
  183 ILIVEGK   -6.2962   -9.9593   -3.6631    0.0000
  184 VLMMEGK   -3.9289   -6.3298   -2.4009    0.0000
  185 MLMKEGV   -5.6730   -8.0739   -2.4009    0.0000
  186 ILMKEGM   -6.3482   -8.3348   -1.9866    0.0000
  187 ELMEMGI   -3.6990   -6.2728   -2.5737    0.0000
  188 LLIEMGE   -4.9308  -10.5968   -5.6660    0.0000
  189 LLIEMGE   -4.9308  -10.5968   -5.6660    0.0000
  190 ILIEMGE   -5.8111  -10.2474   -4.4363    0.0000
  191 ILIEMGE   -5.8111  -10.2474   -4.4363    0.0000
  192 ILIMEGE   -6.1831  -10.7308   -4.5477    0.0000
  193 ILIMEGE   -6.1831  -10.7308   -4.5477    0.0000
  194 ILIEMGE   -5.8830  -10.3193   -4.4363    0.0000
  195 ILIKMGE   -5.3416   -8.9679   -3.6263    0.0000
  196 ILKIMGE   -5.8235   -9.4498   -3.6263    0.0000
  197 MLKIMGE   -8.1376  -10.0127   -1.8751    0.0000
  198 MLKIMGD   -8.7294  -10.2874   -1.5580    0.0000
  199 VLKIMGD   -8.8013  -10.2848   -1.4834    0.0000
  200 VLKIMGD   -8.8013  -10.2848   -1.4834    0.0000
  201 ELKLMGV   -4.8181   -7.7369   -2.9189    0.0000
  202 KLMLEGV   -5.9379   -8.9682   -3.0303    0.0000
  203 ELMLEGV   -3.9874   -7.8277   -3.8403    0.0000
  204 MLELEGV   -5.6829   -9.4117   -3.7289    0.0000
  205 MLLVEGE   -7.3622  -11.3139   -3.9517    0.0000
  206 MLLVEGE   -7.3622  -11.3139   -3.9517    0.0000
  207 FLMVEGK   -6.6054   -8.2131   -1.6077    0.0000
  208 FLMVDGK   -6.8100   -8.1006   -1.2906    0.0000
  209 FLMVDGD   -7.3479   -9.1313   -1.7834    0.0000
  210 ILMVDGD   -8.4998  -10.5875   -2.0877    0.0000
  211 ILMVDGE   -8.3061  -10.7110   -2.4049    0.0000
  212 ELMVDIG   -5.2174   -7.5109   -2.2934    0.0000
  213 ELMVDLV   -1.3950   -8.3810   -6.9860    0.0000
  214 KLMVEGV   -7.0803   -9.3752   -2.2949    0.0000
  215 MLEVVGE   -7.5769  -10.6818   -3.1049    0.0000
  216 MLVEVGE   -7.7821  -10.8870   -3.1049    0.0000
  217 MLVDFGE   -8.1377  -10.1269   -1.9891    0.0000
  218 MLVFDGE   -6.9623   -9.0629   -2.1006    0.0000
  219 MLVFKGE   -5.4378   -7.0455   -1.6077    0.0000
  220 KLVFMGE   -8.0710   -9.6787   -1.6077    0.0000
  221 KLVFMGE   -8.0710   -9.6787   -1.6077    0.0000
  222 KLVIMGD  -10.0217  -11.6166   -1.5949    0.0000
  223 KLVLMGD   -8.2612  -11.0858   -2.8246    0.0000
  224 KLVLMGD   -8.2612  -11.0858   -2.8246    0.0000
  225 KLVLMGD   -8.2612  -11.0858   -2.8246    0.0000
  226 KLVVMGD  -10.4241  -12.5133   -2.0891    0.0000
  227 KLVVIGD   -9.8351  -11.3553   -1.5203    0.0000
  228 KLVVVGD  -10.0566  -12.1511   -2.0946    0.0000
  229 KLVVWGE   -8.7389  -11.9309   -3.1920    0.0000
  230 KLVVWEG   -8.9782  -12.1702   -3.1920    0.0000
  231 KLMVVEG   -7.1987   -9.6050   -2.4063    0.0000
  232 KLMVIEG   -6.8074   -8.7194   -1.9120    0.0000
  233 KLMVVEG   -7.2033   -9.6096   -2.4063    0.0000
  234 KLMVVEG   -7.2033   -9.6096   -2.4063    0.0000
  235 KLMVVEG   -7.2033   -9.6096   -2.4063    0.0000
  236 KLVVMEG   -9.4802  -11.8865   -2.4063    0.0000
  237 KLVVMEG   -9.4802  -11.8865   -2.4063    0.0000
  238 KLVVWEG   -8.5993  -11.7913   -3.1920    0.0000
  239 KLVVWDG   -7.5296  -10.4044   -2.8749    0.0000
  240 KLIVWDG   -5.5425  -10.2431   -4.7006    0.0000
  241 KLIVVDG   -8.5263  -10.0466   -1.5203    0.0000
  242 KLIVVEG   -9.7407  -11.5781   -1.8374    0.0000
  243 KLIVVEG   -9.7407  -11.5781   -1.8374    0.0000
  244 KLIVVEG   -9.7251  -11.5626   -1.8374    0.0000
  245 KLIVVEG   -9.7251  -11.5626   -1.8374    0.0000
  246 KLVVIEG   -8.9924  -10.8298   -1.8374    0.0000
  247 KLMVIEG   -8.9015  -10.8135   -1.9120    0.0000
  248 KLMVMEG   -9.3793  -11.7802   -2.4009    0.0000
  249 KLMVMEG   -9.3793  -11.7802   -2.4009    0.0000
  250 KLMVMGE   -8.2595  -10.6604   -2.4009    0.0000
  251 KLMVWGE   -7.8218  -11.0884   -3.2666    0.0000
  252 KLMVWGE   -7.8218  -11.0884   -3.2666    0.0000
  253 KLVGWGE   -6.3819   -9.3996   -3.0177    0.0000
  254 KLVGEGW   -6.2356   -9.2533   -3.0177    0.0000
  255 KLVGEGW   -6.2356   -9.2533   -3.0177    0.0000
  256 KLVGEGW   -6.2356   -9.2533   -3.0177    0.0000
  257 KLVGFGE   -6.0560   -9.9349   -3.8789    0.0000
  258 KLVGFGE   -6.0560   -9.9349   -3.8789    0.0000
  259 KLVGFGE   -6.0560   -9.9349   -3.8789    0.0000
  260 KLEGFGV   -4.5555   -8.3229   -3.7674    0.0000
  261 KLEGFGV   -4.5555   -8.3229   -3.7674    0.0000
  262 ELKGWGV   -4.4200   -7.3263   -2.9063    0.0000
  263 ELKGWGI   -5.0803   -6.6123   -1.5320    0.0000
  264 ILKGWGE   -5.8352   -7.4786   -1.6434    0.0000
  265 MLGEWGE   -4.0414   -7.8637   -3.8223    0.0000
  266 MLGKWGE   -3.8915   -6.9038   -3.0123    0.0000
  267 WLGDWGD   -2.1705   -5.1442   -2.9737    0.0000
  268 KLGEWGW   -2.8299   -5.5165   -2.6866    0.0000
  269 KLIGWGD   -8.2209   -9.5472   -1.3263    0.0000
  270 KLIGWGD   -8.2209   -9.5472   -1.3263    0.0000
  271 KLIGWGD   -8.2209   -9.5472   -1.3263    0.0000
  272 KLIGWGD   -8.2209   -9.5472   -1.3263    0.0000
  273 KLIGMGD   -6.4795  -10.2600   -3.7806    0.0000
  274 ILKGMGD   -6.7946  -10.5752   -3.7806    0.0000
  275 LLKGMGD   -4.2907   -9.8610   -5.5703    0.0000
  276 KLMGMGD   -6.1391  -11.2886   -5.1494    0.0000
  277 KLWGWGD   -7.3846   -9.8655   -2.4809    0.0000
  278 KLVGWGD   -8.2815  -10.9821   -2.7006    0.0000
  279 KLVGWGD   -8.2815  -10.9821   -2.7006    0.0000
  280 DLVGWKG   -7.3338  -10.0344   -2.7006    0.0000
  281 DLVGWKG   -7.3338  -10.0344   -2.7006    0.0000
  282 DLVGWKG   -7.3153  -10.0158   -2.7006    0.0000
  283 GLVGFKE   -6.2392  -10.2295   -3.9903    0.0000
  284 GLVGFDK   -5.9263   -9.5994   -3.6731    0.0000
  285 GLVGIED   -5.8382  -10.5456   -4.7074    0.0000
  286 YLIGEVD   -6.4885   -8.7283   -2.2397    0.0000
  287 YLIGEMD   -6.6430   -8.8773   -2.2343    0.0000
  288 MLGIEMD   -6.7187   -8.9752   -2.2566    0.0000
  289 MLGIEMD   -6.7187   -8.9752   -2.2566    0.0000
  290 MLGFEMD   -5.3840   -7.3363   -1.9523    0.0000
  291 MLGIEMD   -6.7050   -8.9616   -2.2566    0.0000
  292 FLGIEGD   -6.0627   -9.0601   -2.9974    0.0000
  293 WLGIEGD   -8.2873  -10.4236   -2.1363    0.0000
  294 WLGIEGD   -8.2873  -10.4236   -2.1363    0.0000
  295 ELGIWGD   -7.2928   -9.4290   -2.1363    0.0000
  296 ELGIWGD   -7.2928   -9.4290   -2.1363    0.0000
  297 WLGIEGD   -8.0792  -10.2155   -2.1363    0.0000
  298 WLGIEGD   -7.8706  -10.0069   -2.1363    0.0000
  299 WLGVEGD   -6.1632   -9.6738   -3.5106    0.0000
  300 WLGMEGD   -6.0490   -9.5541   -3.5051    0.0000
  301 MLGMDGD   -4.4668  -10.1091   -5.6423    0.0000
  302 MLGMDGD   -4.4757  -10.1180   -5.6423    0.0000
  303 MLGLDGD   -4.4553  -10.5184   -6.0631    0.0000
  304 MLGFDGD   -4.6023   -8.6515   -4.0491    0.0000
  305 FLGMEGD   -3.7461   -8.1124   -4.3663    0.0000
  306 MLGFEGD   -4.3312   -8.6975   -4.3663    0.0000
  307 WLGFEGD   -4.8520   -6.7640   -1.9120    0.0000
  308 WLGFEGD   -4.8520   -6.7640   -1.9120    0.0000
  309 ELGFWGD   -4.6642   -6.5762   -1.9120    0.0000
  310 FLGKWGD   -5.5026   -6.6046   -1.1020    0.0000
  311 FLGEWGE   -3.5645   -5.7936   -2.2291    0.0000
  312 ELGFWGE   -3.2134   -5.4425   -2.2291    0.0000
  313 ELGFWGD   -5.4660   -7.3780   -1.9120    0.0000
  314 FLGWEGD   -6.1495   -8.0615   -1.9120    0.0000
  315 ILIVEGD   -7.8003  -11.9563   -4.1560    0.0000
  316 GLVIEGE   -6.2676  -11.2921   -5.0246    0.0000
  317 GLVAEYE   -2.7467   -9.9538   -7.2071    0.0000
  318 GLVAEIK   -5.1082   -9.3102   -4.2020    0.0000
  319 KLVMIEG   -6.4149   -8.3269   -1.9120    0.0000
  320 KLVVEGM   -6.9422   -9.2371   -2.2949    0.0000
  321 KLMVMGE   -7.3560   -9.7569   -2.4009    0.0000
  322 KLMVFGE   -8.0377   -9.6454   -1.6077    0.0000
  323 KLVMFGE   -7.7132   -9.3209   -1.6077    0.0000
  324 KLVMFGE   -7.7132   -9.3209   -1.6077    0.0000
  325 ELVMFGE   -6.8898   -9.3076   -2.4177    0.0000
  326 ELVMFGE   -6.8898   -9.3076   -2.4177    0.0000
  327 FLVVEGE   -8.3985  -10.7417   -2.3431    0.0000
  328 VLVVEEG   -7.7500  -11.0832   -3.3331    0.0000
  329 VLVVEGD   -9.4591  -12.3637   -2.9046    0.0000
  330 VLVVDGE   -8.8732  -11.7778   -2.9046    0.0000
  331 GLVVDIE   -8.1516  -10.3705   -2.2189    0.0000
  332 GLVVIDE   -8.9310  -11.3727   -2.4417    0.0000
  333 GLVVIED   -9.5426  -11.9843   -2.4417    0.0000
  334 GLVVEDI   -8.9205  -11.2507   -2.3303    0.0000
  335 GLVVEDF   -9.3056  -11.3316   -2.0260    0.0000
  336 GLVVFDE   -9.7547  -11.8921   -2.1374    0.0000
  337 GLVVFEE   -9.4782  -11.9328   -2.4546    0.0000
  338 GLVVFKE   -7.6593   -9.3039   -1.6446    0.0000
  339 KLVVFGE  -11.1864  -12.7196   -1.5331    0.0000
  340 KLVVFGD  -11.6091  -12.8251   -1.2160    0.0000
  341 KLVVFGD  -11.6091  -12.8251   -1.2160    0.0000
  342 KLVVFGE   -9.5388  -11.0720   -1.5331    0.0000
  343 KLEVFGV   -9.5096  -10.8198   -1.3103    0.0000
  344 KLVEFGV   -9.5988  -10.9090   -1.3103    0.0000
  345 KLMEFGV   -8.6033   -9.9881   -1.3849    0.0000
  346 KLVEFGM   -6.8782   -8.2631   -1.3849    0.0000
  347 KLVEFGM   -6.8782   -8.2631   -1.3849    0.0000
  348 KLVDFGG   -6.1807   -9.8538   -3.6731    0.0000
  349 KLVDFMG   -7.4803   -8.6594   -1.1791    0.0000
  350 KLVEFMG   -7.7010   -9.1973   -1.4963    0.0000
  351 MLVEFKG   -6.5626   -8.0589   -1.4963    0.0000
  352 GLVEFKV   -6.1493   -7.4596   -1.3103    0.0000
  353 GLVVFEE   -9.3158  -11.7703   -2.4546    0.0000
  354 GLVVFED   -9.5065  -11.6439   -2.1374    0.0000
  355 GLVVFED   -9.5065  -11.6439   -2.1374    0.0000
  356 GLVVFDE  -10.1168  -12.2542   -2.1374    0.0000
  357 GLEVFKV   -8.3449   -9.6551   -1.3103    0.0000
  358 GLKVFEM   -8.6191  -10.0040   -1.3849    0.0000
  359 GLKVFEM   -8.6191  -10.0040   -1.3849    0.0000
  360 GLKVFEM   -8.6191  -10.0040   -1.3849    0.0000
  361 GLKVFEM   -8.6191  -10.0040   -1.3849    0.0000
  362 ELEVYGM   -4.7801   -8.5944   -3.8143    0.0000
  363 KLELMGY   -4.8914   -8.3111   -3.4197    0.0000
  364 KLEMFGM   -6.4213   -7.8807   -1.4594    0.0000
  365 KLEMFGM   -6.4213   -7.8807   -1.4594    0.0000
  366 KLMEFGM   -7.1945   -8.6539   -1.4594    0.0000
  367 KLVEFGM   -8.3418   -9.7266   -1.3849    0.0000
  368 KLVEFGV   -9.5652  -10.8755   -1.3103    0.0000
  369 KLVEFGV   -9.5652  -10.8755   -1.3103    0.0000
  370 KLVEFGV   -9.5652  -10.8755   -1.3103    0.0000
  371 KLVEFGV   -9.5652  -10.8755   -1.3103    0.0000
  372 KLVEFGV   -9.5652  -10.8755   -1.3103    0.0000
  373 KLVVVGD  -10.9640  -13.0585   -2.0946    0.0000
  374 KLVVVGD  -10.9640  -13.0585   -2.0946    0.0000
  375 ILVKVGD   -6.1953   -7.6042   -1.4089    0.0000
  376 ILEVVGD   -7.4901   -9.7090   -2.2189    0.0000
  377 VLIVEGD  -10.0595  -12.3898   -2.3303    0.0000
  378 VLVIEGD   -8.7792  -11.1095   -2.3303    0.0000
  379 VLVIEGE   -8.9480  -11.5955   -2.6474    0.0000
  380 VLVIEGE   -8.9480  -11.5955   -2.6474    0.0000
  381 VLVIEGE   -8.9480  -11.5955   -2.6474    0.0000
  382 VLELVGE   -6.0930   -9.8587   -3.7657    0.0000
  383 VLKLVGE   -7.2594  -10.2151   -2.9557    0.0000
  384 GLKLMME   -4.1383   -7.2432   -3.1049    0.0000
  385 GLELMMK   -3.1297   -6.2345   -3.1049    0.0000
  386 VLELMGK   -6.6380   -9.6683   -3.0303    0.0000
  387 VLELMGE   -6.0652   -9.9055   -3.8403    0.0000
  388 VLMLDGE   -7.3949  -11.0295   -3.6346    0.0000
  389 VLLVDGE   -9.0133  -12.5733   -3.5600    0.0000
  390 VLMVDGE   -9.1759  -12.0750   -2.8991    0.0000
  391 MLMVDGD  -10.2539  -12.8305   -2.5766    0.0000
  392 MLMVDGD  -10.2539  -12.8305   -2.5766    0.0000
  393 MLVVDGD   -9.8952  -12.4772   -2.5820    0.0000
  394 FLVVDGD   -7.8844   -9.5932   -1.7089    0.0000
  395 MLVVDGD  -10.0157  -12.5977   -2.5820    0.0000
  396 MLVVEGE  -10.0873  -13.3036   -3.2163    0.0000
  397 MLVFEGE   -7.6551  -10.0728   -2.4177    0.0000
  398 MLVFEGE   -7.6551  -10.0728   -2.4177    0.0000
  399 MLVMDGE   -7.1076  -10.0013   -2.8937    0.0000
  400 MLVVDGE   -9.9754  -12.8746   -2.8991    0.0000
  401 MLVIDGE   -8.9939  -11.3988   -2.4049    0.0000
  402 VLVIDGD   -8.0159  -10.0291   -2.0131    0.0000
  403 MLIVDGD  -10.6629  -12.7506   -2.0877    0.0000
  404 MLIVEGD  -10.8544  -13.2593   -2.4049    0.0000
  405 MLLVEGD  -10.3550  -13.9895   -3.6346    0.0000
  406 MLLVEGE   -8.5596  -12.5113   -3.9517    0.0000
  407 MLLVDGE   -8.4243  -12.0589   -3.6346    0.0000
  408 MLVLDGD   -8.2225  -11.5400   -3.3174    0.0000
  409 MLVLDGD   -8.2225  -11.5400   -3.3174    0.0000
  410 MLVIDGD   -9.4283  -11.5160   -2.0877    0.0000
  411 MLVIDGD   -9.4283  -11.5160   -2.0877    0.0000
  412 MLVIDGD   -9.4283  -11.5160   -2.0877    0.0000
  413 MLVIDGD   -9.4283  -11.5160   -2.0877    0.0000
  414 MLIVDGD  -10.9164  -13.0041   -2.0877    0.0000
  415 MLIVDGD  -10.9164  -13.0041   -2.0877    0.0000
  416 MLIVDGD  -10.9164  -13.0041   -2.0877    0.0000
  417 MLIVDGD  -10.9164  -13.0041   -2.0877    0.0000
  418 MLIVDGD  -10.9164  -13.0041   -2.0877    0.0000
  419 ILIVDGD   -8.0845  -11.9234   -3.8389    0.0000
  420 VLILEGD   -7.4008  -12.7865   -5.3857    0.0000
  421 VLILDGD   -7.1050  -12.1736   -5.0686    0.0000
  422 ALILDGE   -7.1783  -12.4001   -5.2217    0.0000
  423 ALIVDGE   -7.2567  -12.0630   -4.8063    0.0000
  424 VLIVDGE   -9.2128  -11.5431   -2.3303    0.0000
  425 VLIVEGE   -9.6446  -12.2921   -2.6474    0.0000
  426 VLIVEGE   -9.6446  -12.2921   -2.6474    0.0000
  427 GLIVEVE   -6.6947   -9.2307   -2.5360    0.0000
  428 DLIVVGE   -7.1474   -9.4776   -2.3303    0.0000
  429 DLIVEGV   -7.7663   -9.9851   -2.2189    0.0000
  430 VLIVEGD  -11.1768  -13.5071   -2.3303    0.0000
  431 VLIVDKG   -6.6196   -8.2513   -1.6317    0.0000
  432 VLIVEGE  -10.6099  -13.2573   -2.6474    0.0000
  433 VLIVEGE  -10.6099  -13.2573   -2.6474    0.0000
  434 MLIVEGD  -11.5583  -13.9632   -2.4049    0.0000
  435 ILMVEGD   -9.1246  -11.5295   -2.4049    0.0000
  436 ILMVEGK   -8.2245  -10.1365   -1.9120    0.0000
  437 MLIVEGE   -9.2674  -11.9894   -2.7220    0.0000
  438 ILMVEGK   -8.8438  -10.7558   -1.9120    0.0000
  439 VLKVDGM   -7.8593   -9.7255   -1.8663    0.0000
  440 VLMVDGK   -8.2685  -10.3576   -2.0891    0.0000
  441 ILMVDGD   -9.2773  -11.3650   -2.0877    0.0000
  442 ILMVEGD   -9.2558  -11.6607   -2.4049    0.0000
  443 ILMVDGE   -9.1095  -11.5144   -2.4049    0.0000
  444 ILMVEGD   -9.6692  -12.0740   -2.4049    0.0000
  445 MLIVEGK   -9.8332  -11.7452   -1.9120    0.0000
  446 MLIVDGK  -10.0137  -11.6086   -1.5949    0.0000
  447 MLVMDGK   -8.3986  -10.4823   -2.0837    0.0000
  448 MLVLDGD   -9.7710  -13.0885   -3.3174    0.0000
  449 MLVLEGD   -9.9424  -13.5769   -3.6346    0.0000
  450 MLVLEGD   -9.9424  -13.5769   -3.6346    0.0000
  451 MLVLDGE   -9.1580  -12.7926   -3.6346    0.0000
  452 MLVLEGK   -7.8402  -10.9819   -3.1417    0.0000
  453 MLVLEGK   -7.8402  -10.9819   -3.1417    0.0000
  454 MLVLEGK   -7.8402  -10.9819   -3.1417    0.0000
  455 MLVIEGK   -8.2602  -10.1722   -1.9120    0.0000
  456 MLEIMGD   -7.8859  -10.2539   -2.3680    0.0000
  457 MLEIMGD   -7.8859  -10.2539   -2.3680    0.0000
  458 MLMIEGD   -9.5819  -12.0613   -2.4794    0.0000
  459 MLMIEGD   -9.5819  -12.0613   -2.4794    0.0000
  460 MLMVEGD   -9.4713  -12.3650   -2.8937    0.0000
  461 MLMVEGK   -8.2074  -10.6083   -2.4009    0.0000
  462 KLVMEGM   -6.2460   -8.5354   -2.2894    0.0000
  463 KLVVEGV  -10.1778  -12.4780   -2.3003    0.0000
  464 KLVVEGV  -10.1778  -12.4780   -2.3003    0.0000
  465 KLLVEGV  -10.1594  -13.1151   -2.9557    0.0000
  466 KLVVEGL   -7.5765  -10.5322   -2.9557    0.0000
  467 KLVVEGF   -7.5118   -8.9335   -1.4217    0.0000
  468 KLVVDGF   -8.8339   -9.9384   -1.1046    0.0000
  469 KLVVDGF   -8.8339   -9.9384   -1.1046    0.0000
  470 VLKVDGW   -5.8309   -8.4829   -2.6520    0.0000
  471 VLKVDGW   -5.8309   -8.4829   -2.6520    0.0000
  472 VLEVDGV   -7.3139   -9.9956   -2.6817    0.0000
  473 GLEVDVL   -6.6602   -9.9973   -3.3371    0.0000
  474 GLLVDVD   -9.7553  -12.8867   -3.1314    0.0000
  475 GLLVDVK   -9.4526  -12.0912   -2.6386    0.0000
  476 GLLVDVE   -9.3929  -12.8415   -3.4486    0.0000
  477 GLLVEVD  -10.2993  -13.7479   -3.4486    0.0000
  478 GLVVELD   -9.3049  -12.7535   -3.4486    0.0000
  479 GLVVELE   -8.9417  -12.7074   -3.7657    0.0000
  480 GLEVVVK   -6.9530   -9.2533   -2.3003    0.0000
  481 GLVVVEE   -8.4383  -11.7714   -3.3331    0.0000
  482 GLVVVEE   -8.8128  -12.1459   -3.3331    0.0000
  483 GLVVYEE   -7.0357  -11.1897   -4.1540    0.0000
  484 GLEVYVE   -4.7887   -8.7199   -3.9311    0.0000
  485 GLEVYLE   -4.7399   -9.0864   -4.3466    0.0000
  486 GLEMYLE   -0.9046   -5.2458   -4.3411    0.0000
  487 GLLEYME   -2.4108   -6.7519   -4.3411    0.0000
  488 GLVEMYD   -3.6101   -7.2187   -3.6086    0.0000
  489 GLVEMYD   -3.8109   -7.4195   -3.6086    0.0000
  490 GLVEMLD   -5.6296   -9.1528   -3.5231    0.0000
  491 GLEEMLV   -2.5603   -6.5120   -3.9517    0.0000
  492 GLEVMLK   -6.8219   -9.8521   -3.0303    0.0000
  493 GLEVMLE   -6.6666  -10.5068   -3.8403    0.0000
  494 GLMVELE   -7.2871  -11.1274   -3.8403    0.0000
  495 GLMVDME   -6.9803   -9.7626   -2.7823    0.0000
  496 GLMVKME   -3.9841   -6.2735   -2.2894    0.0000
  497 GLMVEME   -5.8920   -8.9915   -3.0994    0.0000
  498 GLMVKME   -4.1648   -6.4543   -2.2894    0.0000
  499 GLEVKMF   -3.6012   -4.9861   -1.3849    0.0000
  500 GLEVDMF   -5.3280   -7.2057   -1.8777    0.0000
  501 GLVEEVF   -7.9402  -10.2834   -2.3431    0.0000
  502 ALEVEVY   -6.3126  -10.2312   -3.9186    0.0000
  503 ALEVEVY   -6.2520  -10.1706   -3.9186    0.0257
  504 ALVVEKY   -6.0787   -9.4101   -3.3314    0.0257
  505 ALVKEVY   -6.0269   -9.3583   -3.3314    0.0257
  506 ALVEEVV   -5.9428   -9.2634   -3.3206    0.0257
  507 ALMVEEV   -8.3671  -11.6822   -3.3151    0.0257
  508 ALVMEDV   -8.6367  -11.6347   -2.9980    0.0257
  509 ALVMEDV   -8.6367  -11.6347   -2.9980    0.0257
  510 ALVVEDY   -8.4558  -12.2800   -3.8243    0.0257
  511 ALVVEDV   -9.7164  -12.7198   -3.0034    0.0257
  512 ALVVEVD  -10.1425  -13.0345   -2.8920    0.0257
  513 ALVVEVD  -10.1425  -13.0345   -2.8920    0.0257
  514 ALVVEDV   -9.8348  -12.8382   -3.0034    0.0257
  515 ALVEVVD   -7.6077  -10.4997   -2.8920    0.0257
  516 ALEVVMK   -6.0838   -8.4775   -2.3937    0.0257
  517 MLKVVAE   -5.4279   -7.8216   -2.3937    0.0257
  518 MLEVGLK   -4.3850   -7.3038   -2.9189    0.0257
  519 MLLVGED   -7.0062  -10.7522   -3.7460    0.0257
  520 MLLVEGD   -8.1275  -11.7620   -3.6346    0.0257
  521 MLLVEGD   -8.1275  -11.7620   -3.6346    0.0257
  522 MLLVEGD   -8.1275  -11.7620   -3.6346    0.0257
  523 LLMVEGD   -9.8424  -13.4770   -3.6346    0.0257
  524 LLMVEGD   -9.8424  -13.4770   -3.6346    0.0257
  525 LLMVEGD   -9.8424  -13.4770   -3.6346    0.0257
  526 LLMVEGD   -9.8424  -13.4770   -3.6346    0.0257
  527 YLMVEGD   -7.1433  -10.8633   -3.7200    0.0257
  528 YLMIDGD   -5.4016   -7.4301   -2.0286    0.0257
  529 YLMVDGD   -6.1410   -9.5439   -3.4029    0.0257
  530 WLMVEGD   -9.5946  -13.3540   -3.7594    0.0257
  531 WLMVEGD   -9.5946  -13.3540   -3.7594    0.0257
  532 WLMVEGD   -9.5946  -13.3540   -3.7594    0.0257
  533 WLMVEGD   -9.5946  -13.3540   -3.7594    0.0257
  534 WLMVEGD   -9.5946  -13.3540   -3.7594    0.0257
  535 WLMVEGD   -9.5946  -13.3540   -3.7594    0.0257
  536 YLMVDGD   -6.1759   -9.5787   -3.4029    0.0257
  537 VLMVEGD  -10.1041  -13.0032   -2.8991    0.0257
  538 MLVVEGK  -10.3792  -12.7855   -2.4063    0.0257
  539 ELMVEGV   -7.5740  -10.6789   -3.1049    0.0257
  540 ELMVEGV   -7.5740  -10.6789   -3.1049    0.0257
  541 MLEMEAY   -5.5576   -9.4654   -3.9077    0.0257
  542 MLEMEVM   -7.8208  -12.1063   -4.2854    0.0257
  543 MLMVEGE   -7.4624  -10.6732   -3.2109    0.0257
  544 VLEFEGM   -4.9267   -7.1216   -2.1949    0.0257
  545 VLEFEGM   -4.9267   -7.1216   -2.1949    0.0257
  546 MLEFEGL   -2.2319   -7.4822   -5.2503    0.0257
  547 MLVVEGE   -9.0898  -12.3061   -3.2163    0.0257
  548 LLVVEGE   -8.9415  -12.8187   -3.8771    0.0257
  549 LLVVEGE   -8.9415  -12.8187   -3.8771    0.0257
  550 LLVYEGE   -5.2103   -9.6683   -4.4580    0.0257
  551 LLVYEGD   -5.7937   -9.9345   -4.1409    0.0257
  552 VLMLEGD   -7.6792  -11.3138   -3.6346    0.0257
  553 VLMFEGK   -7.4660   -9.0737   -1.6077    0.0257
  554 MLFVEGK   -7.7596   -9.3673   -1.6077    0.0257
  555 MLKVDGV  -10.0811  -11.9474   -1.8663    0.0257
  556 MLKVDGM  -10.9642  -12.8251   -1.8609    0.0257
  557 MLKVDGM  -10.9642  -12.8251   -1.8609    0.0257
  558 MLKVDGM  -10.9642  -12.8251   -1.8609    0.0257
  559 MLKVDGM  -10.9642  -12.8251   -1.8609    0.0257
  560 ILKVDGM  -10.9365  -12.3085   -1.3720    0.0257
  561 ILKVDGM  -10.9365  -12.3085   -1.3720    0.0257
  562 ILKVDGM  -10.9365  -12.3085   -1.3720    0.0257
  563 ILKVDGM  -10.9497  -12.3217   -1.3720    0.0257
  564 ILKVEGV  -10.9327  -12.5472   -1.6146    0.0257
  565 KLIGDGV   -5.2994   -9.0854   -3.7860    0.0257
  566 MLIKDGV   -6.8882   -8.4831   -1.5949    0.0257
  567 MLIKEGV   -7.6140   -9.5260   -1.9120    0.0257
  568 MLIVEGK   -9.7012  -11.6132   -1.9120    0.0257
  569 MLIVEGK   -9.7012  -11.6132   -1.9120    0.0257
  570 KLIVEGM   -9.1903  -10.9909   -1.8006    0.0257
  571 KLIVMGE   -7.9570   -9.8690   -1.9120    0.0257
  572 KLMVMGE   -7.1237   -9.5245   -2.4009    0.0257
  573 KLMVFGE   -6.9143   -8.5221   -1.6077    0.0257
  574 KLMVFGD   -7.7856   -9.0762   -1.2906    0.0257
  575 KLVMMGD   -4.7934   -6.8771   -2.0837    0.0257
  576 KLMFVGD   -6.8109   -8.1014   -1.2906    0.0257
  577 MLKFVGD   -6.7616   -7.9407   -1.1791    0.0257
  578 MLVDVGD   -6.3965   -8.8670   -2.4706    0.0257
  579 MLVEDGV   -6.0284   -8.9275   -2.8991    0.0257
  580 MLVDVGD   -6.6489   -9.1194   -2.4706    0.0257
  581 FLVDVGD   -7.2776   -8.8750   -1.5974    0.0257
  582 FLDVVGD   -7.6810   -9.2784   -1.5974    0.0257
  583 FLVDVGD   -8.2425   -9.8399   -1.5974    0.0257
  584 FLVEVGD   -8.1427  -10.0573   -1.9146    0.0257
  585 FLEVVGD   -8.4190  -10.3335   -1.9146    0.0257
  586 FLVVEGD  -11.1882  -13.2142   -2.0260    0.0257
  587 FLVVEGD  -11.1882  -13.2142   -2.0260    0.0257
  588 MLVVEGD  -11.1395  -14.0387   -2.8991    0.0257
  589 MLVVEGD  -11.1395  -14.0387   -2.8991    0.0257
  590 WLGVEGD   -7.5873  -11.0979   -3.5106    0.0257
  591 WLKVEGG   -8.6916  -11.8208   -3.1291    0.0257
  592 WLKVEGG   -8.6916  -11.8208   -3.1291    0.0257
  593 WLGVDGK   -3.8611   -6.5616   -2.7006    0.0257
  594 WLVKGGD   -6.0746   -8.9980   -2.9234    0.0257
  595 WLVKGGD   -6.0746   -8.9980   -2.9234    0.0257
  596 WLVKDGG   -6.9986  -10.0335   -3.0349    0.0257
  597 WLVKEGG   -7.7480  -11.1000   -3.3520    0.0257
  598 WLIKDGG   -6.8179   -8.4785   -1.6606    0.0257
  599 WLIKDGG   -6.9249   -8.5855   -1.6606    0.0257
  600 GLGEDIW   -2.8643   -5.1120   -2.2477    0.0257
  601 GLGEEIW   -3.2842   -5.8490   -2.5649    0.0257
  602 GLIEEGW   -6.7846   -9.3494   -2.5649    0.0257
  603 GLIEEGW   -6.7846   -9.3494   -2.5649    0.0257
  604 GLIEEGW   -6.7846   -9.3494   -2.5649    0.0257
  605 GLIDEGW   -5.7830   -8.0307   -2.2477    0.0257
  606 GLIEEGW   -6.3377   -8.9026   -2.5649    0.0257
  607 WLIKEGG   -9.2317  -11.2094   -1.9777    0.0257
  608 WLIKEGG   -9.2317  -11.2094   -1.9777    0.0257
  609 WLKIEGG   -8.8829  -10.6377   -1.7549    0.0257
  610 WLKIEGG   -8.8829  -10.6377   -1.7549    0.0257
  611 GLKIDGW   -7.1069   -8.3218   -1.2149    0.0257
  612 GLKFDGW   -6.8745   -7.8650   -0.9906    0.0257
  613 GLKFDGW   -6.8745   -7.8650   -0.9906    0.0257
  614 GLKFEGW   -6.9941   -8.3018   -1.3077    0.0257
  615 GLKFEGW   -6.9941   -8.3018   -1.3077    0.0257
  616 GLKFWGE   -6.7025   -8.1217   -1.4191    0.0257
  617 GLKFEGW   -7.4838   -8.7915   -1.3077    0.0257
  618 GLKFEGW   -7.4838   -8.7915   -1.3077    0.0257
  619 GLKFEGW   -7.4838   -8.7915   -1.3077    0.0257
  620 GLKVEGW   -7.7791  -10.6853   -2.9063    0.0257
  621 WLKVDGG   -7.9529  -10.7649   -2.8120    0.0257
  622 WLKVDGG   -8.1801  -10.9921   -2.8120    0.0257
  623 WLKVDGG   -8.1801  -10.9921   -2.8120    0.0257
  624 WLKVGGD   -6.1045   -8.9165   -2.8120    0.0257
  625 WLKFGGE   -6.7760   -8.3065   -1.5306    0.0257
  626 WLKFEGG   -8.6579  -10.1885   -1.5306    0.0257
  627 WLKFEGG   -8.6579  -10.1885   -1.5306    0.0257
  628 ELKFMGG   -3.6892   -7.6741   -3.9849    0.0257
  629 ELKFVGV   -7.4601   -8.7704   -1.3103    0.0257
  630 KLEFMGV   -4.8225   -6.2073   -1.3849    0.0257
  631 VLKFMGE   -5.2071   -6.7034   -1.4963    0.0257
  632 KLVFMGE   -6.6674   -8.2751   -1.6077    0.0257
  633 KLVVMGE   -6.7306   -9.1369   -2.4063    0.0257
  634 MLKVVGE   -8.6430  -10.9378   -2.2949    0.0257
  635 MLKVVGE   -8.6430  -10.9378   -2.2949    0.0257
  636 MLKVVGE   -8.6430  -10.9378   -2.2949    0.0257
  637 MLKVVGE   -8.6430  -10.9378   -2.2949    0.0257
  638 MLVKEGV   -8.0321  -10.4384   -2.4063    0.0257
  639 KLVVEGV   -9.9032  -12.2035   -2.3003    0.0257
  640 KLVVEAV   -9.5488  -11.9480   -2.3991    0.0257
  641 VLVDEAV   -7.0211  -10.0246   -3.0034    0.0257
  642 VLVAEDV   -8.0060  -11.0094   -3.0034    0.0257
  643 ALVVEDV   -8.9858  -11.9892   -3.0034    0.0257
  644 ALVVEVD   -9.7519  -12.6439   -2.8920    0.0257
  645 ALVVEVE   -9.5684  -12.7775   -3.2091    0.0257
  646 ALVVEME   -9.7182  -12.9219   -3.2037    0.0257
  647 ALVVEMD   -9.8806  -12.7672   -2.8866    0.0257
  648 ALVVEMD   -9.9768  -12.8634   -2.8866    0.0257
  649 ALVVEMD  -10.1319  -13.0185   -2.8866    0.0257
  650 ALVVEMD  -10.0995  -12.9861   -2.8866    0.0257
  651 ALVVEDM   -9.5321  -12.5301   -2.9980    0.0257
  652 ALVVEMD  -10.2277  -13.1143   -2.8866    0.0257
  653 MLVVEAD  -11.5429  -14.4294   -2.8866    0.0257
  654 MLVVEAD  -11.5429  -14.4294   -2.8866    0.0257
  655 MLMVEAD  -11.4392  -14.3203   -2.8811    0.0257
  656 MLVMEAD  -10.6202  -13.5014   -2.8811    0.0257
  657 MLAMEVD   -8.4025  -11.2836   -2.8811    0.0257
  658 VLAEMMD   -3.2757   -6.1569   -2.8811    0.0257
  659 VLMAAEE   -1.4911   -8.1937   -6.7026    0.0257
  660 ALMVEKM   -6.4900   -8.9897   -2.4997    0.0257
  661 KLFVEAV   -3.9890   -7.1896   -3.2006    0.0257
  662 KLFVEAV   -3.9890   -7.1896   -3.2006    0.0257
  663 KLMMEVA   -5.0973   -7.4856   -2.3883    0.0257
  664 KLMVEVA   -8.8085  -11.2022   -2.3937    0.0257
  665 KLVVEVG   -8.8818  -11.1821   -2.3003    0.0257
  666 KLVVEVG   -8.8818  -11.1821   -2.3003    0.0257
  667 KLVAEVV   -6.8027   -9.2019   -2.3991    0.0257
  668 ALEVVKV   -5.6885   -7.9762   -2.2877    0.0257
  669 MLEKVVV   -5.3889   -8.9380   -3.5491    0.0257
  670 MLEKVVV   -5.3889   -8.9380   -3.5491    0.0257
  671 MLEKAVV   -6.4216   -8.9267   -2.5051    0.0257
  672 MLEKAVV   -6.4216   -8.9267   -2.5051    0.0257
  673 MLEVAVK   -6.4847   -8.8784   -2.3937    0.0257
  674 MLEVVAK   -6.1250   -8.5187   -2.3937    0.0257
  675 MLEVAVK   -7.0067   -9.4005   -2.3937    0.0257
  676 MLEVVAE   -6.3275   -9.5312   -3.2037    0.0257
  677 ELVEVAM   -4.0289   -7.2326   -3.2037    0.0257
  678 ELDVMAV   -4.6636   -7.5502   -2.8866    0.0257
  679 MLVVEAE  -10.4510  -13.6547   -3.2037    0.0257
  680 VLVVEAE  -10.4215  -13.6306   -3.2091    0.0257
  681 VLVVEAE  -10.4215  -13.6306   -3.2091    0.0257
  682 VLVVADE   -9.2616  -12.3765   -3.1149    0.0257
  683 VLVVEDA   -9.1879  -12.1914   -3.0034    0.0257
  684 VLVVDKV   -7.9832  -11.1406   -3.1574    0.0257
  685 DLVVVEM   -5.9179   -9.8485   -3.9306    0.0257
  686 LLVGDDM   -5.0920   -8.4094   -3.3174    0.0257
  687 VLGVDDM   -6.0055   -8.4761   -2.4706    0.0257
  688 VLGVDDM   -6.0055   -8.4761   -2.4706    0.0257
  689 VLGMDDF   -5.3917   -7.0637   -1.6720    0.0257
  690 VLGMEDF   -6.3232   -8.3123   -1.9891    0.0257
  691 VLMGEDF   -8.2292  -10.3297   -2.1006    0.0257
  692 VLGMEDF   -6.3528   -8.3419   -1.9891    0.0257
  693 VLGMEDF   -6.3528   -8.3419   -1.9891    0.0257
  694 ILGMEDV   -6.2763   -8.5698   -2.2934    0.0257
  695 ILGEVDM   -4.9246   -7.1066   -2.1820    0.0257
  696 ILGVEDM   -7.4871   -9.7806   -2.2934    0.0257
  697 ILGVEDM   -7.4871   -9.7806   -2.2934    0.0257
  698 ILVGEDL   -5.1430  -10.5287   -5.3857    0.0257
  699 ILVGEDY   -6.6183   -8.9694   -2.3511    0.0257
  700 ILVGYED   -6.1860   -8.5372   -2.3511    0.0257
  701 VLIGDDY   -5.9163   -7.9503   -2.0340    0.0257
  702 VLIGDKY   -7.3696   -8.9108   -1.5411    0.0257
  703 VLIGDKV   -7.7642   -9.2844   -1.5203    0.0257
  704 VLIGDKV   -9.0254  -10.5457   -1.5203    0.0453
  705 KLIGVDV  -10.1715  -11.4690   -1.2974    0.0453
  706 ILKGVDV  -10.1315  -11.4290   -1.2974    0.0453
  707 ILKGVDV  -10.1315  -11.4290   -1.2974    0.0453
  708 ILKGVDI   -7.9638  -11.0869   -3.1231    0.0453
  709 ILKGMEI   -6.5482  -10.0630   -3.5149    0.0453
  710 ILKGMEI   -6.5482  -10.0630   -3.5149    0.0453
  711 ILKGIEM   -7.7997  -11.3146   -3.5149    0.0453
  712 ILKGIEM   -7.7997  -11.3146   -3.5149    0.0453
  713 ILKGIEM   -7.7997  -11.3146   -3.5149    0.0453
  714 ILKGMEI   -8.0771  -11.5920   -3.5149    0.0453
  715 GLKGMIE   -6.7694  -10.8671   -4.0977    0.0453
  716 GLKGMIE   -6.7694  -10.8671   -4.0977    0.0453
  717 GLKGMIE   -6.7694  -10.8671   -4.0977    0.0453
  718 GLKGIME   -6.7381  -10.8358   -4.0977    0.0453
  719 GLKGIVE   -8.2607  -12.3638   -4.1031    0.0453
  720 GLKGIIE   -8.8277  -11.5566   -2.7289    0.0453
  721 GLKGIIE   -8.8277  -11.5566   -2.7289    0.0453
  722 GLIGEIK   -6.6955   -9.4244   -2.7289    0.0453
  723 GLIGEKI   -7.2265  -10.0668   -2.8403    0.0453
  724 GLIGEKI   -7.2265  -10.0668   -2.8403    0.0453
  725 GLIGEKI   -7.2265  -10.0668   -2.8403    0.0453
  726 GLIGEKI   -7.3353  -10.1756   -2.8403    0.0453
  727 GLIGEIK   -6.5481   -9.2770   -2.7289    0.0453
  728 KLWGEIG   -7.3675   -9.0109   -1.6434    0.0453
  729 KLIGEVG   -6.8332  -10.9363   -4.1031    0.0453
  730 KLIGEVG   -6.8332  -10.9363   -4.1031    0.0453
  731 KLIGEVV   -9.2394  -10.9654   -1.7260    0.0453
  732 KLIGEVV   -9.2394  -10.9654   -1.7260    0.0453
  733 KLVGEVI   -8.3078  -10.0338   -1.7260    0.0453
  734 KLEGVVI   -4.1948   -5.9208   -1.7260    0.0453
  735 KLEGMVI   -4.4903   -6.2909   -1.8006    0.0453
  736 ELKGIVI   -3.6773   -7.2290   -3.5517    0.0453
  737 ELKGIVI   -3.6773   -7.2290   -3.5517    0.0453
  738 ELKGVVV   -6.5468   -8.8471   -2.3003    0.0453
  739 ELKGVVM   -6.3643   -8.6592   -2.2949    0.0453
  740 ELKGVVI   -7.2349   -8.9609   -1.7260    0.0453
  741 ELKGVVI   -7.2349   -8.9609   -1.7260    0.0453
  742 ELVGVKI   -8.9995  -10.6141   -1.6146    0.0453
  743 DLMGVKI   -8.0624   -9.4344   -1.3720    0.0453
  744 DLVGIKV   -8.0254   -9.3228   -1.2974    0.0453
  745 DLVGIKM   -7.9296   -9.3016   -1.3720    0.0453
  746 DLVGIKM   -7.9296   -9.3016   -1.3720    0.0453
  747 DLIGVKM   -7.1504   -8.5224   -1.3720    0.0453
  748 ELIGVKM   -7.9772   -9.6663   -1.6891    0.0453
  749 ELIGVEM   -6.4143   -8.9134   -2.4991    0.0453
  750 DLIGVEM   -6.5928   -8.7748   -2.1820    0.0453
  751 KLIGVDM  -10.2703  -11.6423   -1.3720    0.0453
  752 KLIGVDM  -10.2703  -11.6423   -1.3720    0.0453
  753 KLIGVDM  -10.2703  -11.6423   -1.3720    0.0453
  754 KLIGVDM  -10.2703  -11.6423   -1.3720    0.0453
  755 KLMGVDI   -9.6258  -10.9978   -1.3720    0.0453
  756 KLMGVDL   -7.9387  -10.5404   -2.6017    0.0453
  757 KLMGVDL   -7.9387  -10.5404   -2.6017    0.0453
  758 KLMGVDI   -8.7130  -10.0850   -1.3720    0.0453
  759 KLMGVDI   -8.7258  -10.0978   -1.3720    0.0453
  760 KLMGVDI   -8.7258  -10.0978   -1.3720    0.0453
  761 KLVGMEI   -7.0127   -8.7019   -1.6891    0.0453
  762 KLGVMEI   -6.8733   -8.5625   -1.6891    0.0453
  763 KLGVVEI   -7.7316   -9.3462   -1.6146    0.0453
  764 KLGVFEV   -7.2294   -8.5397   -1.3103    0.0453
  765 KLGIVDA   -6.5978  -10.3712   -3.7734    0.0453
  766 KLGWVDA   -6.5417   -9.2297   -2.6880    0.0453
  767 KLGWVDA   -6.5417   -9.2297   -2.6880    0.0453
  768 KLGWVDA   -6.5417   -9.2297   -2.6880    0.0453
  769 KLGWGAD   -2.5371   -8.4022   -5.8651    0.0453
  770 KLGWGVD   -2.8305   -5.4197   -2.5891    0.0453
  771 KLGWYVD   -2.9874   -5.1717   -2.1843    0.0453
  772 KLGWVVD   -4.2486   -7.0120   -2.7634    0.0453
  773 KLGWGDV   -4.4760   -7.0652   -2.5891    0.0453
  774 KLGLMDV   -5.5819   -8.1836   -2.6017    0.0453
  775 KLGLMDV   -5.5819   -8.1836   -2.6017    0.0453
  776 KLLGMDV   -6.9757   -9.5774   -2.6017    0.0453
  777 KLLGMEV   -6.8417   -9.7606   -2.9189    0.0453
  778 KLMGLEV   -5.2443   -8.1632   -2.9189    0.0453
  779 KLLGVAE   -5.7692  -11.7609   -5.9917    0.0453
  780 ALLGVKE   -4.8405  -10.9437   -6.1031    0.0453
  781 ALLGVKD   -6.0054  -11.7914   -5.7860    0.0453
  782 ALLGVKD   -6.0054  -11.7914   -5.7860    0.0453
  783 GLLGVKD   -5.7886  -11.4757   -5.6871    0.0453
  784 ALLGVKD   -6.0054  -11.7914   -5.7860    0.0453
  785 ALLGVKD   -6.4926  -12.2786   -5.7860    0.0453
  786 ALLGVKD   -6.4926  -12.2786   -5.7860    0.0453
  787 ELLGVAD   -3.0536   -9.5382   -6.4846    0.0453
  788 KLIGVAE   -7.1389  -11.3409   -4.2020    0.0453
  789 KLIGVVE   -9.1199  -10.8459   -1.7260    0.0453
  790 KLIGVVD  -10.6289  -12.0378   -1.4089    0.0453
  791 KLIGVDV  -10.6319  -11.9294   -1.2974    0.0453
  792 KLLGVDV   -9.4967  -12.0238   -2.5271    0.0453
  793 DLLGVKV   -6.8004   -9.3275   -2.5271    0.0453
  794 DLLGVVE   -6.5053   -9.9539   -3.4486    0.0453
  795 DLGYEVV   -3.0559   -6.5585   -3.5026    0.0453
  796 ELGYVEL   -1.0775   -5.3126   -4.2351    0.0453
  797 LLGIVEE   -2.8434   -8.5463   -5.7029    0.0453
  798 ILGVEDL   -4.6448   -9.9190   -5.2743    0.0453
  799 ILGVEDL   -4.6448   -9.9190   -5.2743    0.0453
  800 VLGVEEM   -7.1566  -10.2615   -3.1049    0.0453
  801 VLGIEDM   -7.3902   -9.6836   -2.2934    0.0453
  802 DLGIDVM   -4.2323   -6.0972   -1.8649    0.0453
  803 MLGMDVD   -7.0587   -9.4125   -2.3537    0.0453
  804 MLGMVDD   -7.1331   -9.7097   -2.5766    0.0453
  805 MLGMDVD   -7.6520  -10.0058   -2.3537    0.0453
  806 MLGMDVK   -6.8968   -8.7577   -1.8609    0.0453
  807 MLMGVDK   -7.1835   -9.2672   -2.0837    0.0453
  808 MLLGDDV   -7.2766  -10.5941   -3.3174    0.0453
  809 MLMGDDV   -7.0032   -9.5797   -2.5766    0.0453
  810 MLMGEDV   -8.1337  -11.0274   -2.8937    0.0453
  811 MLMGEDV   -8.0329  -10.9266   -2.8937    0.0453
  812 MLVGEDI   -7.1447   -9.5496   -2.4049    0.0453
  813 MLVGEDI   -7.1447   -9.5496   -2.4049    0.0453
  814 MLIGEVD  -11.0206  -13.3140   -2.2934    0.0453
  815 MLLGEVD   -9.9133  -13.4365   -3.5231    0.0453
  816 MLLGEVD   -9.9133  -13.4365   -3.5231    0.0453
  817 MLWGEVD   -9.2706  -12.9186   -3.6480    0.0453
  818 MLWGEVD   -9.2706  -12.9186   -3.6480    0.0453
  819 MLVGEVD  -10.2658  -13.0535   -2.7877    0.0453
  820 MLVGEVD  -10.2658  -13.0535   -2.7877    0.0453
  821 MLLGEVD   -9.9113  -13.4344   -3.5231    0.0453
  822 MLLGEVD   -9.9113  -13.4344   -3.5231    0.0453
  823 MLFGEVD   -9.6696  -11.6587   -1.9891    0.0453
  824 MLMGEVD  -10.2531  -13.0354   -2.7823    0.0453
  825 MLMGDVE   -7.9360  -10.7183   -2.7823    0.0453
  826 FLMGDVE   -6.8775   -8.8666   -1.9891    0.0453
  827 FLMGVDE   -5.8839   -7.9845   -2.1006    0.0453
  828 FLMGVKE   -4.5436   -6.1514   -1.6077    0.0453
  829 FLMGVKE   -4.5436   -6.1514   -1.6077    0.0453
  830 FLMGVEE   -6.2144   -8.6321   -2.4177    0.0453
  831 MLFGVDD   -6.8197   -8.6031   -1.7834    0.0453
  832 MLFGVED   -7.3478   -9.4484   -2.1006    0.0453
  833 FLMGVDK   -3.7672   -5.0578   -1.2906    0.0453
  834 FLMGDVD   -4.4515   -6.1235   -1.6720    0.0453
  835 FLMGKVE   -1.1664   -2.6626   -1.4963    0.0453
  836 ELMGKVF   -0.2171   -1.7133   -1.4963    0.0453
  837 DLMGEVF   -4.3933   -6.3824   -1.9891    0.0453
  838 DLMGEVI   -5.4696   -7.7630   -2.2934    0.0453
  839 VLMGEDV   -7.7781  -10.6773   -2.8991    0.0453
  840 VLMGEDM   -7.5572  -10.4509   -2.8937    0.0453
  841 VLMGEDM   -7.5572  -10.4509   -2.8937    0.0453
  842 VLWGDDM   -3.7462   -7.1885   -3.4423    0.0453
  843 VLWGEDM   -4.5996   -8.3590   -3.7594    0.0453
  844 VLWGEDG   -4.9009   -8.6344   -3.7334    0.0453
  845 MLWGEDG   -3.9408   -7.6688   -3.7280    0.0453
  846 FLWGEGD   -5.6645   -7.6880   -2.0234    0.0453
  847 FLIGEGK   -3.4893   -6.1053   -2.6160    0.0453
  848 FLIGEGD   -6.7980   -9.9068   -3.1089    0.0453
  849 VLIGEGD   -7.2703  -11.9778   -4.7074    0.0453
  850 WLIGEGD   -9.7671  -12.0148   -2.2477    0.0453
  851 WLGIEGD   -8.4470  -10.5833   -2.1363    0.0453
  852 WLGIEGD   -8.4470  -10.5833   -2.1363    0.0453
  853 WLGFEGD   -7.4803   -9.3923   -1.9120    0.0453
  854 WLGEFGD   -5.6144   -7.5264   -1.9120    0.0453
  855 WLGVEGD   -7.0820  -10.5926   -3.5106    0.0453
  856 WLIVEGD   -5.5267  -11.0372   -5.5106    0.0453
  857 WLIVEGD   -5.4987  -11.0092   -5.5106    0.0453
  858 WLIVEGD   -5.4987  -11.0092   -5.5106    0.0453
  859 WLVIEGD   -6.0965  -11.6070   -5.5106    0.0453
  860 WLIVEGD   -7.4521  -12.9627   -5.5106    0.0453
  861 WLLAEGD   -6.9781  -12.0344   -5.0563    0.0453
  862 WLVAEGD   -7.6386  -11.3595   -3.7209    0.0453
  863 WLAVEGK   -5.1951   -8.4231   -3.2280    0.0453
  864 ILIVEGK   -5.2648   -8.9280   -3.6631    0.0453
  865 ILIVEGK   -7.5950  -11.2581   -3.6631    0.0453
  866 ILIVEGD   -9.0271  -13.1831   -4.1560    0.0453
  867 ILVVDGD  -10.1174  -12.1305   -2.0131    0.0453
  868 ILVVDGK   -9.0016  -10.5219   -1.5203    0.0453
  869 VLVDIGD   -7.2802   -9.1819   -1.9017    0.0453
  870 DLVVVGD   -7.7806  -10.3680   -2.5874    0.0453
  871 KLVVVGD  -11.5198  -13.6144   -2.0946    0.0453
  872 KLVVIGD  -11.5577  -13.0780   -1.5203    0.0453
  873 KLVVIGD  -11.5577  -13.0780   -1.5203    0.0453
  874 KLVVIGD  -11.5577  -13.0780   -1.5203    0.0453
  875 KLVVIGD  -11.5577  -13.0780   -1.5203    0.0453
  876 GLVVIDK  -10.2236  -11.8554   -1.6317    0.0453
  877 GLIVVDK  -10.5655  -12.1972   -1.6317    0.0453
  878 GLVVIDK  -10.7886  -12.4203   -1.6317    0.0453
  879 GLVVIDK  -10.7886  -12.4203   -1.6317    0.0453
  880 GLDVIVK   -8.4307   -9.8396   -1.4089    0.0453
  881 GLDVIVK   -8.4307   -9.8396   -1.4089    0.0453
  882 GLVDIVD   -9.2318  -11.1335   -1.9017    0.0453
  883 GLVDDVI   -7.3659   -9.3791   -2.0131    0.0453
  884 GLVDKMI   -5.3734   -6.9683   -1.5949    0.0453
  885 GLVDDMI   -6.6167   -8.7044   -2.0877    0.0453
  886 GLVDDMV   -6.1444   -8.7264   -2.5820    0.0453
  887 GLVMVDE   -7.0124  -10.0229   -3.0106    0.0453
  888 GLVMVDE   -7.0124  -10.0229   -3.0106    0.0453
  889 GLVMEVD   -6.9263   -9.7141   -2.7877    0.0453
  890 GLVEMVD   -6.2480   -9.0357   -2.7877    0.0453
  891 GLMEVVK   -5.3360   -7.6309   -2.2949    0.0453
  892 GLVEVKM   -4.9794   -7.1628   -2.1834    0.0453
  893 GLVEVMK   -6.8863   -9.1811   -2.2949    0.0453
  894 GLVDVMK   -8.4421  -10.4198   -1.9777    0.0453
  895 MLVDLGK   -5.4278   -8.1409   -2.7131    0.0453
  896 MLVDLGK   -5.4278   -8.1409   -2.7131    0.0453
  897 DLVMLGK   -4.3605   -7.1851   -2.8246    0.0453
  898 MLVKLGD   -5.0878   -7.8009   -2.7131    0.0453
  899 MLVKLGE   -4.3575   -7.3878   -3.0303    0.0453
  900 KLVMVGE   -8.2521  -10.6583   -2.4063    0.0453
  901 KLVMVGD   -8.9416  -11.0307   -2.0891    0.0453
  902 KLVMVGD   -8.9416  -11.0307   -2.0891    0.0453
  903 KLVMVGD   -8.9416  -11.0307   -2.0891    0.0453
  904 KLVMVGD   -8.9416  -11.0307   -2.0891    0.0453
  905 KLVMVGD   -8.9441  -11.0333   -2.0891    0.0453
  906 KLVMVGD   -8.9441  -11.0333   -2.0891    0.0453
  907 KLVMVGD  -10.1818  -12.2710   -2.0891    0.0719
  908 KLMVVGD  -10.2820  -12.3712   -2.0891    0.0719
  909 KLMVVGD  -10.2820  -12.3712   -2.0891    0.0719
  910 KLMVVGD  -10.2820  -12.3712   -2.0891    0.0719
  911 KLMVVGE   -9.0727  -11.4790   -2.4063    0.0719
  912 KLVVEGV  -10.6386  -12.9389   -2.3003    0.0719
  913 ELVVKGV   -5.9669   -8.2671   -2.3003    0.0719
  914 DLVVDGV   -6.1251   -8.6011   -2.4760    0.0719
  915 ELVVEGV   -7.6766  -10.7868   -3.1103    0.0719
  916 ELVVEGV   -7.6766  -10.7868   -3.1103    0.0719
  917 ELVVEGL   -6.5960  -10.3617   -3.7657    0.0719
  918 KLVVEGL   -9.3428  -12.2985   -2.9557    0.0719
  919 KLVVEGW   -7.7662  -10.8468   -3.0806    0.0719
  920 KLVVEGW   -7.7662  -10.8468   -3.0806    0.0719
  921 KLVVEGW   -7.7662  -10.8468   -3.0806    0.0719
  922 WLVVEGK   -7.6549  -10.8469   -3.1920    0.0719
  923 ILVVKGE   -7.4365   -9.2739   -1.8374    0.0719
  924 ILVVEGE  -10.2260  -12.8734   -2.6474    0.0719
  925 LLVVEGE   -9.2462  -13.1234   -3.8771    0.0719
  926 LLVVEGD   -8.6657  -12.2257   -3.5600    0.0719
  927 LLVVDGE   -7.4614  -11.0214   -3.5600    0.0719
  928 LLVVDGE   -7.4614  -11.0214   -3.5600    0.0719
  929 MLVVEGE   -9.4255  -12.6418   -3.2163    0.0719
  930 MLVVEGE   -9.4255  -12.6418   -3.2163    0.0719
  931 MLIVEGE   -9.5503  -12.2723   -2.7220    0.0719
  932 MLIVEGD  -10.4655  -12.8703   -2.4049    0.0719
  933 MLIVEGD  -10.4655  -12.8703   -2.4049    0.0719
  934 MLIVEGD  -10.4655  -12.8703   -2.4049    0.0719
  935 ELVKVGM   -6.4044   -8.5878   -2.1834    0.0719
  936 ELVKMGV   -6.1307   -8.3141   -2.1834    0.0719
  937 ELVMVGK   -6.2121   -8.6184   -2.4063    0.0719
  938 KLVVVGE  -11.3643  -13.7760   -2.4117    0.0719
  939 KLVVVGE  -11.3643  -13.7760   -2.4117    0.0719
  940 GLLVVEE   -7.1832  -11.1718   -3.9886    0.0719
  941 GLLVVEE   -9.7914  -13.7800   -3.9886    0.0719
  942 GLLVVEE   -9.7914  -13.7800   -3.9886    0.0719
  943 GLLVVEE   -9.7914  -13.7800   -3.9886    0.0719
  944 GLLVVDE  -10.4009  -14.0723   -3.6714    0.0719
  945 GLLVVED  -10.3966  -14.0680   -3.6714    0.0719
  946 GLLVVEK   -9.8614  -13.0400   -3.1786    0.0719
  947 GLLVVEK   -9.1694  -12.3480   -3.1786    0.0719
  948 GLLVVKE  -10.2558  -13.4343   -3.1786    0.0719
  949 GLLVVKE  -10.2558  -13.4343   -3.1786    0.0719
  950 GLLVVKE  -10.2558  -13.4343   -3.1786    0.0719
  951 GLLVVEE  -10.2609  -14.2495   -3.9886    0.0719
  952 GLLVVEE  -10.2609  -14.2495   -3.9886    0.0719
  953 GLLVVEE  -10.2609  -14.2495   -3.9886    0.0719
  954 GLLVVDE  -10.3780  -14.0495   -3.6714    0.0719
  955 GLLVVDD  -10.6389  -13.9932   -3.3543    0.0719
  956 GLLVVDD  -10.6389  -13.9932   -3.3543    0.0719
  957 GLLVVDD  -10.6389  -13.9932   -3.3543    0.0719
  958 GLLVVDD  -10.6389  -13.9932   -3.3543    0.0719
  959 DLLVVGD   -7.6161  -10.8589   -3.2429    0.0719
  960 DLIVVGD   -7.9826   -9.9957   -2.0131    0.0719
  961 DLVVVGD   -7.5587  -10.1461   -2.5874    0.0719
  962 VLVDVGK   -6.1289   -8.1120   -1.9831    0.0719
  963 VLVGVKE   -6.1812   -8.5929   -2.4117    0.0719
  964 VLVVGED   -7.3690  -10.3850   -3.0160    0.0719
  965 VLVVEGD   -9.6755  -12.5801   -2.9046    0.0719
  966 VLVVEGD   -9.6755  -12.5801   -2.9046    0.0719
  967 VLVVEGD   -9.6755  -12.5801   -2.9046    0.0719
  968 VLVVEAD  -10.0964  -12.9884   -2.8920    0.0719
  969 VLVVEAD  -10.0964  -12.9884   -2.8920    0.0719
  970 VLVVEAD  -10.0964  -12.9884   -2.8920    0.0719
  971 VLVVEAD  -10.0964  -12.9884   -2.8920    0.0719
  972 VLKVEGY   -6.7882   -9.7980   -3.0097    0.0719
  973 VLKVDGY   -5.8384   -8.5310   -2.6926    0.0719
  974 VLKVDGG   -3.1467   -8.4184   -5.2717    0.0719
  975 VLKVEGG   -4.2334   -9.8222   -5.5889    0.0719
  976 KLGWEGV   -6.2470   -9.1533   -2.9063    0.0719
  977 KLGWEGI   -7.0004   -8.5324   -1.5320    0.0719
  978 KLWGDGI   -6.2320   -7.5583   -1.3263    0.0719
  979 KLWGEGM   -4.6911   -7.7034   -3.0123    0.0719
  980 KLMGWGE   -4.8278   -7.8401   -3.0123    0.0719
  981 KLMGFGD   -6.2120   -9.7683   -3.5563    0.0719
  982 KLMGFGD   -6.2120   -9.7683   -3.5563    0.0719
  983 KLFGMGD   -7.1046  -10.6609   -3.5563    0.0719
  984 KLIGMGD   -7.0376  -10.8182   -3.7806    0.0719
  985 KLIGMGD   -7.0376  -10.8182   -3.7806    0.0719
  986 KLIGFGD   -8.3840  -10.5715   -2.1874    0.0719
  987 KLIGFGD   -8.3840  -10.5715   -2.1874    0.0719
  988 KLIGFGD   -8.3840  -10.5715   -2.1874    0.0719
  989 KLFGFGD   -8.3662  -10.3293   -1.9631    0.0719
  990 KLFGFGD   -8.3662  -10.3293   -1.9631    0.0719
  991 LLKGVGD   -5.3356  -10.9113   -5.5757    0.0719
  992 KLMGVGD   -6.1989  -11.3538   -5.1549    0.0719
  993 KLMGVGD   -6.1989  -11.3538   -5.1549    0.0719
  994 KLFGVGD   -8.3750  -11.9367   -3.5617    0.0719
  995 KLFGVGD   -8.3750  -11.9367   -3.5617    0.0719
  996 KLFGVGD   -8.3750  -11.9367   -3.5617    0.0719
  997 KLFGFGD   -9.0379  -11.0011   -1.9631    0.0719
  998 KLFGFGD   -9.0379  -11.0011   -1.9631    0.0719
  999 KLFGFGD   -9.0379  -11.0011   -1.9631    0.0719
 1000 KLFGFGD   -9.0379  -11.0011   -1.9631    0.0719
 1001 KLFGFGD   -9.0379  -11.0011   -1.9631    0.0719
 1002 KLGWVGD   -7.7681  -10.4687   -2.7006    0.0719
 1003 KLGWVGD   -7.7681  -10.4687   -2.7006    0.0719
 1004 KLGWFGD   -6.8655   -7.9675   -1.1020    0.0719
 1005 KLGWMGD   -6.1444   -8.8396   -2.6951    0.0719
 1006 KLGMWGD   -6.0838   -8.7789   -2.6951    0.0719
 1007 KLGWMGD   -6.0317   -8.7268   -2.6951    0.0719
 1008 KLGWFGD   -7.1421   -8.2441   -1.1020    0.0719
 1009 KLGFWGD   -6.8250   -7.9270   -1.1020    0.0719
 1010 KLGFWGD   -6.8250   -7.9270   -1.1020    0.0719
 1011 KLGWVGD   -6.7547   -9.4552   -2.7006    0.0719
 1012 KLGWFGD   -7.1727   -8.2747   -1.1020    0.0719
 1013 KLGWFGD   -7.1727   -8.2747   -1.1020    0.0719
 1014 KLGWMGD   -6.3873   -9.0825   -2.6951    0.0719
 1015 KLGWMGD   -6.3873   -9.0825   -2.6951    0.0719
 1016 KLGWMGD   -6.3873   -9.0825   -2.6951    0.0719
 1017 KLGIWGD   -8.0051   -9.3313   -1.3263    0.0719
 1018 KLGIWGD   -8.0051   -9.3313   -1.3263    0.0719
 1019 KLGIWGD   -8.0051   -9.3313   -1.3263    0.0719
 1020 KLGIWGD   -8.0051   -9.3313   -1.3263    0.0719
 1021 KLGIWGD   -8.0051   -9.3313   -1.3263    0.0719
 1022 KLGIWGD   -8.0051   -9.3313   -1.3263    0.0719
 1023 KLGIWGD   -8.0051   -9.3313   -1.3263    0.0719
 1024 KLGIWGD   -8.0051   -9.3313   -1.3263    0.0719
 1025 KLGIWGD   -8.0051   -9.3313   -1.3263    0.0719
 1026 KLGIWGD   -8.0051   -9.3313   -1.3263    0.0719
 1027 KLGIWGE   -7.4137   -9.0571   -1.6434    0.0719
 1028 KLGWIGE   -6.7436   -8.3870   -1.6434    0.0719
 1029 KLGWEGI   -5.6641   -7.1961   -1.5320    0.0719
 1030 WLGIEGE   -7.2692   -9.7226   -2.4534    0.0719
 1031 ILGIEGE   -5.9350   -9.4739   -3.5389    0.0719
 1032 ILGIEGE   -5.9350   -9.4739   -3.5389    0.0719
 1033 ILGIEGE   -5.9350   -9.4739   -3.5389    0.0719
 1034 ILGIEDG   -6.0039   -9.3371   -3.3331    0.0719
 1035 ILGWEDG   -5.8819   -8.1296   -2.2477    0.0719
 1036 WLGIEDG   -4.0329   -6.2806   -2.2477    0.0719
 1037 ILGWEGD   -6.3292   -8.4655   -2.1363    0.0719
 1038 ILWGEGD   -7.2818   -9.5295   -2.2477    0.0719
 1039 LLWGEGE   -6.2728  -10.6274   -4.3546    0.0719
 1040 VLWGEGE   -6.2664  -10.2055   -3.9391    0.0719
 1041 ILWGEGE   -7.4452  -10.0100   -2.5649    0.0719
 1042 ILIGEGD   -8.0209  -11.3540   -3.3331    0.0719
 1043 ILIGEGE   -7.7660  -11.4163   -3.6503    0.0719
 1044 ILIGEGE   -7.7660  -11.4163   -3.6503    0.0719
 1045 ILIGEGE   -7.7660  -11.4163   -3.6503    0.0719
 1046 ILIGEGE   -7.7660  -11.4163   -3.6503    0.0719
 1047 ILIGEGE   -7.7660  -11.4163   -3.6503    0.0719
 1048 ILIGEGE   -7.7660  -11.4163   -3.6503    0.0719
 1049 ILIGEGE   -7.7660  -11.4163   -3.6503    0.0719
 1050 ILIGEGE   -7.7660  -11.4163   -3.6503    0.0719
 1051 ILIGEGE   -7.7660  -11.4163   -3.6503    0.0719
 1052 ILIGEGE   -7.7660  -11.4163   -3.6503    0.0719
 1053 ILFGEGE   -7.6832  -11.1092   -3.4260    0.0719
 1054 ILFGEGE   -7.6832  -11.1092   -3.4260    0.0719
 1055 KLFGEGI   -8.0660  -10.5706   -2.5046    0.0719
 1056 KLFGDGI   -7.2663   -9.4538   -2.1874    0.0719
 1057 KLFGDGM   -5.1722   -8.7285   -3.5563    0.0719
 1058 KLFGDGW   -7.7811   -8.8831   -1.1020    0.0719
 1059 KLFGDGW   -7.7811   -8.8831   -1.1020    0.0719
 1060 KLFGDGI   -7.7278   -9.9152   -2.1874    0.0719
 1061 KLIGEGI   -8.3924  -11.1212   -2.7289    0.0719
 1062 KLIGEGI   -8.3924  -11.1212   -2.7289    0.0719
 1063 KLIGEGI   -8.3924  -11.1212   -2.7289    0.0719
 1064 KLIGEGI   -8.3924  -11.1212   -2.7289    0.0719
 1065 ILIGEGK   -7.2157  -10.0560   -2.8403    0.0719
 1066 ILIGEGD   -7.9071  -11.2403   -3.3331    0.0719
 1067 ILIGEGD   -7.9071  -11.2403   -3.3331    0.0719
 1068 ILIGEGD   -7.9071  -11.2403   -3.3331    0.0719
 1069 ILIGEGD   -7.9071  -11.2403   -3.3331    0.0719
 1070 ILWGDGD   -6.7403   -8.6709   -1.9306    0.0719
 1071 ILWGDGD   -6.7403   -8.6709   -1.9306    0.0719
 1072 ILWGEGD   -7.5511   -9.7988   -2.2477    0.0719
 1073 WLFGEGD   -7.8271   -9.8505   -2.0234    0.0719
 1074 WLFGEGD   -7.8271   -9.8505   -2.0234    0.0719
 1075 ELFGWGK   -5.7890   -7.2081   -1.4191    0.0719
 1076 ELFGWGE   -4.9464   -7.1755   -2.2291    0.0719
 1077 ELFGWGD   -4.9767   -6.8887   -1.9120    0.0719
 1078 KLFGEGW   -8.3098   -9.7290   -1.4191    0.0719
 1079 KLFGEGI   -8.0038  -10.5083   -2.5046    0.0719
 1080 KLFGDGI   -7.6262   -9.8137   -2.1874    0.0719
 1081 KLFGDGL   -6.0787  -10.0558   -3.9771    0.0719
 1082 KLIGDGL   -6.1801  -10.3816   -4.2014    0.0719
 1083 KLIGDGL   -6.1801  -10.3816   -4.2014    0.0719
 1084 KLIGDGL   -6.1801  -10.3816   -4.2014    0.0719
 1085 KLYGDGI   -2.8267   -7.4335   -4.6069    0.0719
 1086 YLKGDGI   -2.9795   -7.5864   -4.6069    0.0719
 1087 YLKGEGI   -3.2175   -8.1415   -4.9240    0.0719
 1088 WLKGEGI   -7.2881   -8.9315   -1.6434    0.0719
 1089 WLKGEGI   -7.3169   -8.9603   -1.6434    0.0719
 1090 KLWGEGI   -8.3169   -9.9603   -1.6434    0.0719
 1091 KLWGEGI   -8.3169   -9.9603   -1.6434    0.0719
 1092 KLWGEGI   -8.3169   -9.9603   -1.6434    0.0719
 1093 KLGWEGI   -8.1020   -9.6340   -1.5320    0.0719
 1094 KLGWEGI   -8.1020   -9.6340   -1.5320    0.0719
 1095 KLGWEGI   -8.1020   -9.6340   -1.5320    0.0719
 1096 KLGIEGW   -6.9039   -8.4359   -1.5320    0.0719
 1097 KLGIEGW   -6.9039   -8.4359   -1.5320    0.0719
 1098 KLGIWGE   -6.8248   -8.4682   -1.6434    0.0719
 1099 KLGIWGE   -6.8248   -8.4682   -1.6434    0.0719
 1100 KLGIWGE   -6.6602   -8.3036   -1.6434    0.0719
 1101 KLGIWGD   -7.2213   -8.5476   -1.3263    0.0719
 1102 KLGIDGW   -6.2773   -7.4922   -1.2149    0.0719
 1103 KLIGDGW   -7.2192   -8.5455   -1.3263    0.0719
 1104 KLGWEGI   -7.9091   -9.4411   -1.5320    0.0719
 1105 KLGWEGI   -7.9091   -9.4411   -1.5320    0.0719
 1106 KLGWEGM   -7.2997  -10.2006   -2.9009    0.0719
 1107 KLGWEGM   -7.2997  -10.2006   -2.9009    0.0719
 1108 KLWGEGM   -7.3717  -10.3840   -3.0123    0.0719
 1109 KLWGEGM   -6.0343   -9.0466   -3.0123    0.0606
 1110 KLWGEGV   -8.0056  -11.0234   -3.0177    0.0606
 1111 KLWGVGD   -7.5962  -10.2967   -2.7006    0.0606
 1112 KLWGVGD   -7.5962  -10.2967   -2.7006    0.0606
 1113 KLIGFGD   -8.6960  -10.8834   -2.1874    0.0606
 1114 KLIGFGD   -8.6960  -10.8834   -2.1874    0.0606
 1115 KLFGFGD   -6.9027   -8.8658   -1.9631    0.0606
 1116 MLKGFGD   -7.6443  -11.2006   -3.5563    0.0606
 1117 MLKGIGD   -7.1418  -10.9224   -3.7806    0.0606
 1118 MLKGIGD   -7.1418  -10.9224   -3.7806    0.0606
 1119 KLIGMGD   -7.2165  -10.9970   -3.7806    0.0606
 1120 KLMGFGD   -7.2226  -10.7789   -3.5563    0.0606
 1121 KLMGFGD   -7.2226  -10.7789   -3.5563    0.0606
 1122 KLWGFGE   -7.3997   -8.8188   -1.4191    0.0606
 1123 KLWGFGE   -7.3997   -8.8188   -1.4191    0.0606
 1124 KLWGFGE   -7.3997   -8.8188   -1.4191    0.0606
 1125 KLGWFGE   -6.9511   -8.3703   -1.4191    0.0606
 1126 KLGWFGE   -6.9511   -8.3703   -1.4191    0.0606
 1127 ELGWFGE   -3.2224   -5.4516   -2.2291    0.0606
 1128 KLGWVGE   -5.3948   -8.4125   -3.0177    0.0606
 1129 KLGWVGE   -5.3948   -8.4125   -3.0177    0.0606
 1130 KLWGVGE   -6.4726   -9.4903   -3.0177    0.0606
 1131 KLWGFGD   -8.4846   -9.5866   -1.1020    0.0606
 1132 KLWGFGD   -8.4846   -9.5866   -1.1020    0.0606
 1133 KLWGFGD   -8.4846   -9.5866   -1.1020    0.0606
 1134 KLIGFGD   -8.3936  -10.5810   -2.1874    0.0606
 1135 KLIGFGD   -8.3936  -10.5810   -2.1874    0.0606
 1136 KLIGFGD   -8.3936  -10.5810   -2.1874    0.0606
 1137 KLIGFGD   -8.3936  -10.5810   -2.1874    0.0606
 1138 KLVGIGD   -5.2450   -9.0310   -3.7860    0.0606
 1139 KLMGIGD   -5.2063   -8.9869   -3.7806    0.0606
 1140 MLKGIGD   -6.0590   -9.8396   -3.7806    0.0606
 1141 ILKGMGD   -6.8720  -10.6526   -3.7806    0.0606
 1142 WLKGMGD   -7.1618   -9.8569   -2.6951    0.0606
 1143 WLKGMGD   -7.1618   -9.8569   -2.6951    0.0606
 1144 WLKGFGD   -8.1920   -9.2940   -1.1020    0.0606
 1145 WLKGFGD   -8.1920   -9.2940   -1.1020    0.0606
 1146 WLKGFGD   -8.1920   -9.2940   -1.1020    0.0606
 1147 KLWGFGD   -7.6211   -8.7231   -1.1020    0.0606
 1148 KLWGIGD   -8.4015   -9.7278   -1.3263    0.0606
 1149 KLWGVGD   -8.2422  -10.9428   -2.7006    0.0606
 1150 KLWGVGD   -8.2422  -10.9428   -2.7006    0.0606
 1151 KLGWVGD   -7.0658   -9.7663   -2.7006    0.0606
 1152 KLGIVGD   -6.8498  -10.6358   -3.7860    0.0606
 1153 KLGWVGD   -6.9488   -9.6494   -2.7006    0.0606
 1154 KLGWVGD   -6.9488   -9.6494   -2.7006    0.0606
 1155 KLGWVGD   -6.9488   -9.6494   -2.7006    0.0606
 1156 KLGWVGD   -6.9488   -9.6494   -2.7006    0.0606
 1157 KLGWVGE   -7.1435  -10.1612   -3.0177    0.0606
 1158 KLGWVGE   -7.1435  -10.1612   -3.0177    0.0606
 1159 KLGWIGE   -6.7225   -8.3659   -1.6434    0.0606
 1160 KLGWMGE   -6.3810   -9.3933   -3.0123    0.0606
 1161 KLGWMGE   -6.3810   -9.3933   -3.0123    0.0606
 1162 KLGWMGE   -6.3810   -9.3933   -3.0123    0.0606
 1163 KLGWMGE   -6.3810   -9.3933   -3.0123    0.0606
 1164 KLGWMGE   -6.3810   -9.3933   -3.0123    0.0606
 1165 KLWGMGE   -7.4366  -10.4489   -3.0123    0.0606
 1166 KLMGFGE   -8.7099  -12.5833   -3.8734    0.0606
 1167 KLFGFGE   -8.6114  -10.8917   -2.2803    0.0606
 1168 KLWGFGE  -10.2503  -11.6694   -1.4191    0.0606
 1169 KLWGFGE  -10.2503  -11.6694   -1.4191    0.0606
 1170 KLWGFGE  -10.2503  -11.6694   -1.4191    0.0606
 1171 KLWGFGD  -10.5146  -11.6166   -1.1020    0.0606
 1172 KLWGFGD  -10.5146  -11.6166   -1.1020    0.0606
 1173 KLWGFGD  -10.5146  -11.6166   -1.1020    0.0606
 1174 KLWGFGD  -10.5146  -11.6166   -1.1020    0.0606
 1175 KLGIFGD   -9.6190  -11.8064   -2.1874    0.0606
 1176 KLGIFDG   -8.0064  -10.1938   -2.1874    0.0606
 1177 KLGIFDG   -8.0064  -10.1938   -2.1874    0.0606
 1178 KLGIFDG   -8.0064  -10.1938   -2.1874    0.0606
 1179 KLGIFGD   -9.5928  -11.7803   -2.1874    0.0606
 1180 KLGFFGD   -8.9281  -10.8913   -1.9631    0.0606
 1181 DLFGFGD   -4.3044   -6.7604   -2.4560    0.0606
 1182 FLKGFGD   -8.5105  -10.4736   -1.9631    0.0606
 1183 KLVGFGD   -9.3710  -12.9327   -3.5617    0.0606
 1184 KLVGFGD   -9.3710  -12.9327   -3.5617    0.0606
 1185 KLVGFMD   -9.6589  -10.8381   -1.1791    0.0606
 1186 KLVGFMD   -9.6589  -10.8381   -1.1791    0.0606
 1187 KLVGFMD   -9.6589  -10.8381   -1.1791    0.0606
 1188 KLVGFMD   -9.6589  -10.8381   -1.1791    0.0606
 1189 KLVGFMD   -9.6589  -10.8381   -1.1791    0.0606
 1190 KLVGFMD  -10.2750  -11.4542   -1.1791    0.0606
 1191 KLMGFVD  -11.4111  -12.5902   -1.1791    0.0606
 1192 KLVGFVD  -11.4183  -12.5228   -1.1046    0.0606
 1193 KLVGFEV  -10.5260  -11.8363   -1.3103    0.0606
 1194 KLVGFEV  -10.5260  -11.8363   -1.3103    0.0606
 1195 ELVGFKV   -9.2262  -10.5365   -1.3103    0.0606
 1196 ELVGFVK  -10.4333  -11.8550   -1.4217    0.0606
 1197 DLVGFVK   -9.6802  -10.7848   -1.1046    0.0606
 1198 DLMGFVK   -9.6977  -10.8768   -1.1791    0.0606
 1199 KLMGFVE   -9.3145  -10.8108   -1.4963    0.0606
 1200 KLMGFVE   -9.3145  -10.8108   -1.4963    0.0606
 1201 KLMGFVE   -9.3145  -10.8108   -1.4963    0.0606
 1202 KLMGFVE   -9.3145  -10.8108   -1.4963    0.0606
 1203 KLMGFVE   -9.3145  -10.8108   -1.4963    0.0606
 1204 KLMGFVE   -9.3145  -10.8108   -1.4963    0.0606
 1205 KLGMFVE   -8.1637   -9.6600   -1.4963    0.0606
 1206 KLAAFVD   -5.8407   -9.7116   -3.8709    0.0606
 1207 DLAVIVE   -5.1886   -9.2977   -4.1091    0.0606
 1208 DLAVIVK   -5.9158   -9.2149   -3.2991    0.0606
 1209 ALIVEVD   -8.3113  -12.3090   -3.9977    0.0606
 1210 ALVVIKD   -6.6617  -10.0723   -3.4106    0.0606
 1211 ALVVIED   -7.0751  -11.2957   -4.2206    0.0606
 1212 ALDVIKV   -4.0067   -7.0830   -3.0763    0.0606
 1213 ALDVFKV   -3.9096   -6.6816   -2.7720    0.0606
 1214 ALEVFEV   -4.2047   -8.1039   -3.8991    0.0606
 1215 GLEVFVE   -7.0317   -9.2634   -2.2317    0.0606
 1216 GLVEFVK   -6.8558   -8.2776   -1.4217    0.0606
 1217 GLVEFVK   -6.8558   -8.2776   -1.4217    0.0606
 1218 GLVEFVK   -6.9120   -8.3337   -1.4217    0.0606
 1219 GLVEIVD   -7.8591  -10.0779   -2.2189    0.0606
 1220 GLIVEVD   -9.1424  -11.3612   -2.2189    0.0606
 1221 GLVIEVD   -8.2943  -10.5131   -2.2189    0.0606
 1222 GLVIEDV   -7.8078  -10.1381   -2.3303    0.0606
 1223 GLVDEIV   -5.7566   -8.0869   -2.3303    0.0606
 1224 GLLDEVV   -6.1452   -9.7052   -3.5600    0.0606
 1225 GLVDEVL   -4.3466   -7.9066   -3.5600    0.0606
 1226 GLDVEVL   -5.0533   -8.3904   -3.3371    0.0606
 1227 GLEVEVM   -6.3422   -9.3357   -2.9934    0.0606
 1228 GLVEVEM   -5.7008   -8.6942   -2.9934    0.0606
 1229 GLVEIEM   -5.9529   -8.4521   -2.4991    0.0606
 1230 GLVGIKE   -5.6365   -9.8511   -4.2146    0.0606
 1231 GLMGIKE   -5.4226   -9.6317   -4.2091    0.0606
 1232 MLGGEKI   -3.8237   -8.1443   -4.3206    0.0606
 1233 WLIGEKG   -4.7079   -6.5741   -1.8663    0.0606
 1234 WLIGEKG   -4.7079   -6.5741   -1.8663    0.0606
 1235 LLIGEKG   -3.8336   -8.5750   -4.7414    0.0606
 1236 LLFGEKG   -2.5816   -7.0987   -4.5171    0.0606
 1237 FLFGDKG   -3.9519   -6.1379   -2.1860    0.0606
 1238 FLMGDKG   -4.4917   -8.2709   -3.7791    0.0606
 1239 KLMGDGF   -5.4392   -8.9955   -3.5563    0.0606
 1240 MLKGDGF   -7.6735  -11.2298   -3.5563    0.0606
 1241 KLMGDGF   -6.5278  -10.0841   -3.5563    0.0606
 1242 KLMGDGW   -6.2446   -8.9398   -2.6951    0.0606
 1243 KLMGDGW   -6.2446   -8.9398   -2.6951    0.0606
 1244 KLMGEGW   -6.6483   -9.6606   -3.0123    0.0606
 1245 KLWGEGM   -7.5332  -10.5455   -3.0123    0.0606
 1246 KLWGMGE   -7.7836  -10.7959   -3.0123    0.0606
 1247 KLWGIGD   -9.7410  -11.0672   -1.3263    0.0606
 1248 KLWGIGE   -8.9363  -10.5797   -1.6434    0.0606
 1249 KLWGIGE   -8.9363  -10.5797   -1.6434    0.0606
 1250 KLWGIGE   -8.9363  -10.5797   -1.6434    0.0606
 1251 KLWGIGD   -9.2350  -10.5613   -1.3263    0.0606
 1252 KLWGIGD   -9.2350  -10.5613   -1.3263    0.0606
 1253 KLWGIGD   -9.2350  -10.5613   -1.3263    0.0606
 1254 KLWGIGE   -8.9292  -10.5726   -1.6434    0.0606
 1255 KLWGEGI   -8.3543   -9.9978   -1.6434    0.0606
 1256 KLWGEGI   -8.3543   -9.9978   -1.6434    0.0606
 1257 KLWGEGI   -8.3543   -9.9978   -1.6434    0.0606
 1258 KLWGDGI   -8.3876   -9.7139   -1.3263    0.0606
 1259 KLWGIGD   -9.5485  -10.8747   -1.3263    0.0606
 1260 WLKGIGD   -5.8638   -7.1901   -1.3263    0.0606
 1261 MLKGIGD   -4.8013   -8.5819   -3.7806    0.0606
 1262 MLKGIGD   -4.8013   -8.5819   -3.7806    0.0606
 1263 KLIGVGD   -8.7393  -12.5253   -3.7860    0.0606
 1264 KLGIVGD   -7.4284  -11.2144   -3.7860    0.0606
 1265 KLGFIGD   -6.1321   -8.3195   -2.1874    0.0606
 1266 KLGFIGE   -5.8705   -8.3751   -2.5046    0.0606
 1267 KLGFIGE   -5.8705   -8.3751   -2.5046    0.0606
 1268 KLGFEGI   -6.7867   -9.1799   -2.3931    0.0606
 1269 KLGFEGI   -6.7867   -9.1799   -2.3931    0.0606
 1270 KLGFEGI   -6.7867   -9.1799   -2.3931    0.0606
 1271 KLGIWGE   -6.0147   -7.6581   -1.6434    0.0606
 1272 KLGIVGE   -7.0825  -11.1856   -4.1031    0.0606
 1273 KLGIVGE   -7.0825  -11.1856   -4.1031    0.0606
 1274 KLGIVGE   -7.0825  -11.1856   -4.1031    0.0606
 1275 KLGWVGD   -7.0572   -9.7577   -2.7006    0.0606
 1276 KLGWVGE   -7.1486  -10.1663   -3.0177    0.0606
 1277 KLGWVGE   -7.1486  -10.1663   -3.0177    0.0606
 1278 KLGWYGE   -5.2518   -9.0904   -3.8386    0.0606
 1279 KLGWYGE   -5.2518   -9.0904   -3.8386    0.0606
 1280 KLGWYGE   -5.2518   -9.0904   -3.8386    0.0606
 1281 KLGWFGD   -8.0619   -9.1639   -1.1020    0.0606
 1282 KLGWFGD   -8.0619   -9.1639   -1.1020    0.0606
 1283 KLGWFGD   -8.0619   -9.1639   -1.1020    0.0606
 1284 KLWGFGE   -7.0852   -8.5043   -1.4191    0.0606
 1285 KLWGMGE   -6.5520   -9.5643   -3.0123    0.0606
 1286 KLWGMGD   -6.1151   -8.8102   -2.6951    0.0606
 1287 KLGWMGD   -7.4121  -10.1073   -2.6951    0.0606
 1288 KLGWMGD   -7.4121  -10.1073   -2.6951    0.0606
 1289 KLGWMGD   -7.4121  -10.1073   -2.6951    0.0606
 1290 KLGWMGD   -7.4121  -10.1073   -2.6951    0.0606
 1291 KLGWMGD   -7.4121  -10.1073   -2.6951    0.0606
 1292 KLGWMGD   -7.4121  -10.1073   -2.6951    0.0606
 1293 KLGWMGE   -7.9145  -10.9267   -3.0123    0.0606
 1294 KLGWMGD   -7.0984   -9.7935   -2.6951    0.0606
 1295 KLGWFGE   -8.4058   -9.8250   -1.4191    0.0606
 1296 KLGWFGD   -7.6985   -8.8005   -1.1020    0.0606
 1297 KLGWFGD   -7.6985   -8.8005   -1.1020    0.0606
 1298 KLGWVGD   -7.0301   -9.7307   -2.7006    0.0606
 1299 KLGWVGD   -7.0301   -9.7307   -2.7006    0.0606
 1300 KLGWVGD   -7.0301   -9.7307   -2.7006    0.0606
 1301 KLGWVGD   -7.0301   -9.7307   -2.7006    0.0606
 1302 KLGWVGE   -7.7659  -10.7836   -3.0177    0.0606
 1303 KLGWVGE   -7.7659  -10.7836   -3.0177    0.0606
 1304 KLGWEGM   -5.9827   -8.8835   -2.9009    0.0606
 1305 KLGDMGW   -3.2735   -5.8572   -2.5837    0.0606
 1306 KLGDVGW   -3.9860   -6.5751   -2.5891    0.0606
 1307 KLGDVGF   -2.9077   -6.3580   -3.4503    0.0606
 1308 KLGDVGF   -2.9077   -6.3580   -3.4503    0.0606
 1309 KLVDVGV   -6.7814   -8.6531   -1.8717    0.0606
 1310 KLVDVGV   -8.4132  -10.2849   -1.8717    0.0835
 1311 KLVEVGV   -9.4237  -11.6126   -2.1889    0.0835
 1312 KLVVFGE   -9.5563  -11.0895   -1.5331    0.0835
 1313 KLVVFGE   -9.5563  -11.0895   -1.5331    0.0835
 1314 KLVVFGE   -9.5563  -11.0895   -1.5331    0.0835
 1315 KLVVVGD  -10.1527  -12.2473   -2.0946    0.0835
 1316 KLVVVGD  -10.1527  -12.2473   -2.0946    0.0835
 1317 KLVVVGD  -10.1527  -12.2473   -2.0946    0.0835
 1318 KLVVVGE   -9.5547  -11.9664   -2.4117    0.0835
 1319 KLVVVGE   -9.5547  -11.9664   -2.4117    0.0835
 1320 KLVVVGD  -10.1840  -12.2785   -2.0946    0.0835
 1321 KLVVVGD  -10.1840  -12.2785   -2.0946    0.0835
 1322 KLVVVGD  -10.1840  -12.2785   -2.0946    0.0835
 1323 GLVDVVD   -7.0317   -9.5077   -2.4760    0.0835
 1324 GLVVVDD   -9.6551  -12.3539   -2.6989    0.0835
 1325 GLVVVDD   -9.5915  -12.2904   -2.6989    0.0835
 1326 GLMVDVD   -8.2698  -10.7404   -2.4706    0.0835
 1327 GLLVDVE   -8.9072  -12.3557   -3.4486    0.0835
 1328 GLLVEVD   -8.7871  -12.2356   -3.4486    0.0835
 1329 GLLVVEK   -9.2143  -12.3929   -3.1786    0.0835
 1330 GLLVVED   -9.7824  -13.4538   -3.6714    0.0835
 1331 GLLVVED   -9.7824  -13.4538   -3.6714    0.0835
 1332 GLLVVEK   -9.2195  -12.3980   -3.1786    0.0835
 1333 GLVVVDK  -10.1700  -12.3760   -2.2060    0.0835
 1334 GLVGKDV    1.8798   -3.3919   -5.2717    0.0835
 1335 GLVGVDD   -4.6711  -10.4357   -5.7646    0.0835
 1336 GLMGVDD   -4.9458  -10.7049   -5.7591    0.0835
 1337 GLMGVDD   -5.5619  -11.3211   -5.7591    0.0835
 1338 GLMGVED   -5.4265  -11.5028   -6.0763    0.0835
 1339 GLMGVKD   -4.7277   -9.9940   -5.2663    0.0835
 1340 GLVGIDD   -5.4732   -9.8635   -4.3903    0.0835
 1341 GLIGVKD   -7.5664  -11.4639   -3.8974    0.0835
 1342 GLVGIKD   -6.8905  -10.7879   -3.8974    0.0835
 1343 GLVGIED   -5.9966  -10.7040   -4.7074    0.0835
 1344 GLMGIED   -6.3672  -11.0692   -4.7020    0.0835
 1345 GLMGIDE   -5.9721  -10.6741   -4.7020    0.0835
 1346 GLIGVEE   -6.5284  -11.5530   -5.0246    0.0835
 1347 GLGKVIE   -4.1190   -8.2222   -4.1031    0.0835
 1348 GLEVVID   -7.8886  -10.1074   -2.2189    0.0835
 1349 GLIVEVD   -9.4152  -11.6341   -2.2189    0.0835
 1350 GLIVDVD   -8.1198  -10.0215   -1.9017    0.0835
 1351 GLLVDVD   -8.1511  -11.2825   -3.1314    0.0835
 1352 GLLDVMD   -7.4969  -10.7029   -3.2060    0.0835
 1353 GLLDVMD   -7.4969  -10.7029   -3.2060    0.0835
 1354 GLLEVMD   -5.9840   -9.5071   -3.5231    0.0835
 1355 GLELVMD   -5.0182   -8.5414   -3.5231    0.0835
 1356 GLELMVK   -4.8113   -7.8416   -3.0303    0.0835
 1357 GLEKVMV   -4.1755   -6.5818   -2.4063    0.0835
 1358 GLEKVMV   -4.1755   -6.5818   -2.4063    0.0835
 1359 GLEKVMF   -4.3551   -5.9628   -1.6077    0.0835
 1360 GLEKVMF   -4.3551   -5.9628   -1.6077    0.0835
 1361 GLEKVMF   -4.3577   -5.9655   -1.6077    0.0835
 1362 GLEKVMF   -4.3577   -5.9655   -1.6077    0.0835
 1363 GLEKVIF   -3.8500   -7.2088   -3.3589    0.0835
 1364 GLEKVIF   -3.8500   -7.2088   -3.3589    0.0835
 1365 ILEKVGF   -3.9315   -7.1789   -3.2474    0.0835
 1366 ILVDEAG   -3.1272   -7.9335   -4.8063    0.0835
 1367 ILVEAAD   -4.5237   -9.3174   -4.7937    0.0835
 1368 ALLEAID   -3.8858   -9.2549   -5.3691    0.0835
 1369 ILLEAAK   -4.0207   -8.8970   -4.8763    0.0835
 1370 ILLDAAK   -3.9584   -8.5176   -4.5591    0.0835
 1371 MLLDIAK   -0.9175   -7.2352   -6.3177    0.0835
 1372 MLAEILD   -0.6677   -7.7954   -7.1277    0.0835
 1373 ALLEMLE    0.7182   -7.9564   -8.6746    0.0835
 1374 GLIEMAD   -2.2165   -6.9059   -4.6894    0.0835
 1375 GLIEAMD   -2.4104   -7.0999   -4.6894    0.0835
 1376 GLIEVME   -6.0053   -8.6159   -2.6106    0.0835
 1377 GLMEVEI   -5.8191   -8.3183   -2.4991    0.0835
 1378 GLMEVEV   -6.2555   -9.2489   -2.9934    0.0835
 1379 GLMEVEM   -5.7399   -8.7279   -2.9880    0.0835
 1380 DLMEVGM   -4.1442   -6.8150   -2.6709    0.0835
 1381 DLMEVGF   -4.9541   -6.8318   -1.8777    0.0835
 1382 DLMVEGF   -4.6490   -6.6382   -1.9891    0.0835
 1383 GLMVDEF   -6.4167   -8.5172   -2.1006    0.0835
 1384 GLEVDVF   -7.3697   -9.1728   -1.8031    0.0835
 1385 GLEVDMF   -6.4237   -8.3014   -1.8777    0.0835
 1386 MLEVDGF   -8.5080  -10.3857   -1.8777    0.0835
 1387 MLEVDGF   -8.5080  -10.3857   -1.8777    0.0835
 1388 MLEVDGF   -8.5080  -10.3857   -1.8777    0.0835
 1389 MLEVDGF   -8.5080  -10.3857   -1.8777    0.0835
 1390 MLEVDGF   -8.5080  -10.3857   -1.8777    0.0835
 1391 MLEVDGF   -8.5080  -10.3857   -1.8777    0.0835
 1392 MLEFEGV   -6.3357   -8.5306   -2.1949    0.0835
 1393 MLVFEGE   -7.8730  -10.2907   -2.4177    0.0835
 1394 MLVFEGD   -8.7512  -10.8518   -2.1006    0.0835
 1395 MLVFEGD   -8.7512  -10.8518   -2.1006    0.0835
 1396 MLVFDGK   -7.3122   -8.6028   -1.2906    0.0835
 1397 MLVFEGK   -8.6247  -10.2324   -1.6077    0.0835
 1398 MLVEVGK   -8.2341  -10.5289   -2.2949    0.0835
 1399 MLVEVGE   -7.9414  -11.0462   -3.1049    0.0835
 1400 WLVEVGE   -4.6306   -8.5212   -3.8906    0.0835
 1401 ILVEVGK   -7.9438   -9.6698   -1.7260    0.0835
 1402 ILVEVGK   -7.9438   -9.6698   -1.7260    0.0835
 1403 GLVIVEK   -8.0529  -10.0017   -1.9489    0.0835
 1404 GLVIVEE   -8.0513  -10.8102   -2.7589    0.0835
 1405 GLIVYEE   -8.0162  -10.7959   -2.7797    0.0835
 1406 GLIVVEE   -9.8129  -12.5718   -2.7589    0.0835
 1407 GLIVVEE   -9.8129  -12.5718   -2.7589    0.0835
 1408 GLIVVED  -10.1139  -12.5557   -2.4417    0.0835
 1409 GLIVVEE  -10.2107  -12.9696   -2.7589    0.0835
 1410 ELIVVGK  -10.3228  -12.1602   -1.8374    0.0835
 1411 VLIEVEG   -6.4942   -9.0302   -2.5360    0.0835
 1412 VLIEVEG   -6.4942   -9.0302   -2.5360    0.0835
 1413 ELIVVGE   -8.4741  -11.1215   -2.6474    0.0835
 1414 KLVVEGI   -7.8486   -9.5746   -1.7260    0.0835
 1415 KLVVVGE   -8.8247  -11.2364   -2.4117    0.0835
 1416 KLVVVGE   -8.8247  -11.2364   -2.4117    0.0835
 1417 VLKVVGE   -9.4901  -11.7904   -2.3003    0.0835
 1418 KLVVVGD  -11.6627  -13.7573   -2.0946    0.0835
 1419 KLVVVGD  -11.6627  -13.7573   -2.0946    0.0835
 1420 KLVVDGV  -10.6141  -12.5972   -1.9831    0.0835
 1421 KLVVDGV  -10.6141  -12.5972   -1.9831    0.0835
 1422 KLVVDGV  -10.6141  -12.5972   -1.9831    0.0835
 1423 KLLVDGV  -10.3338  -12.9723   -2.6386    0.0835
 1424 KLLVDGV  -10.3338  -12.9723   -2.6386    0.0835
 1425 KLLVDGV  -10.3338  -12.9723   -2.6386    0.0835
 1426 KLLVDGV  -10.3338  -12.9723   -2.6386    0.0835
 1427 KLIVDGV  -11.0893  -12.4982   -1.4089    0.0835
 1428 KLIVDGV  -11.0893  -12.4982   -1.4089    0.0835
 1429 KLIVDGV  -11.0893  -12.4982   -1.4089    0.0835
 1430 KLIVEGV  -11.6721  -13.3981   -1.7260    0.0835
 1431 KLIVEGV  -11.6721  -13.3981   -1.7260    0.0835
 1432 KLIVEGV  -11.6721  -13.3981   -1.7260    0.0835
 1433 GLIVEGK   -7.2633  -11.4779   -4.2146    0.0835
 1434 MLVIEGD   -9.4229  -11.8277   -2.4049    0.0835
 1435 VLVIEGD   -9.2042  -11.5345   -2.3303    0.0835
 1436 ALVIEKG   -3.3738   -7.7986   -4.4249    0.0835
 1437 MLVIEKA   -2.6287   -6.3195   -3.6909    0.0835
 1438 KLVIEAA   -6.6749  -10.9757   -4.3009    0.0835
 1439 KLIVAEA   -5.4239   -9.7247   -4.3009    0.0835
 1440 ILKVEAI   -5.9696  -11.1887   -5.2191    0.0835
 1441 ILIVDAK   -5.7772  -10.7906   -5.0134    0.0835
 1442 ILIVDAK   -5.7772  -10.7906   -5.0134    0.0835
 1443 ILIVDAK   -5.7772  -10.7906   -5.0134    0.0835
 1444 ILIVDAK   -5.7772  -10.7906   -5.0134    0.0835
 1445 ILMVEAE   -8.9023  -13.2917   -4.3894    0.0835
 1446 ILMVEAE   -8.9023  -13.2917   -4.3894    0.0835
 1447 ILMVEAE   -8.9023  -13.2917   -4.3894    0.0835
 1448 ILMVEAE   -8.9023  -13.2917   -4.3894    0.0835
 1449 ILMVEAK   -8.1580  -11.7374   -3.5794    0.0835
 1450 GLIVEAK   -7.0384  -11.2404   -4.2020    0.0835
 1451 GLIIDGE   -5.7199   -9.0531   -3.3331    0.0835
 1452 ILVDIGD   -5.5780   -9.3054   -3.7274    0.0835
 1453 FLVDYGK   -4.8272   -6.0326   -1.2054    0.0835
 1454 FLVDYGK   -4.8272   -6.0326   -1.2054    0.0835
 1455 FLVDAGK   -3.2573   -6.9179   -3.6606    0.0835
 1456 KLVEMGV   -6.6002   -8.7836   -2.1834    0.0835
 1457 KLVEVGI   -8.5513  -10.1659   -1.6146    0.0835
 1458 KLVDVGL   -7.2953   -9.8224   -2.5271    0.0835
 1459 KLVVDGL   -8.6727  -11.3113   -2.6386    0.0835
 1460 KLVVEGL   -9.8728  -12.8285   -2.9557    0.0835
 1461 KLLVEGI   -8.0548  -12.8363   -4.7814    0.0835
 1462 KLLVDGM   -8.6656  -11.3787   -2.7131    0.0835
 1463 KLLVDGM   -8.6656  -11.3787   -2.7131    0.0835
 1464 KLIVEGM   -8.6604  -10.4610   -1.8006    0.0835
 1465 KLLVDGI   -7.4250  -11.8893   -4.4643    0.0835
 1466 KLLVIGD   -5.9672  -10.5429   -4.5757    0.0835
 1467 DLVVIGE   -5.2382   -7.5685   -2.3303    0.0835
 1468 ILVVDGE   -9.2854  -11.6156   -2.3303    0.0835
 1469 VLVVEGD  -10.8771  -13.7816   -2.9046    0.0835
 1470 GLVVEVE   -9.5345  -12.6448   -3.1103    0.0835
 1471 GLVVEVK   -9.2352  -11.5355   -2.3003    0.0835
 1472 GLVVEVK   -9.2352  -11.5355   -2.3003    0.0835
 1473 KLVVEGF  -10.3435  -11.7652   -1.4217    0.0835
 1474 KLVVEGL   -9.7333  -12.6890   -2.9557    0.0835
 1475 KLVVEGF  -10.2727  -11.6944   -1.4217    0.0835
 1476 MLKVEGF   -9.2185  -10.6034   -1.3849    0.0835
 1477 MLKVEGW   -8.0812  -11.1249   -3.0437    0.0835
 1478 MLKVDGW   -7.0425   -9.7691   -2.7266    0.0835
 1479 KLMVDGV   -8.8582  -10.8359   -1.9777    0.0835
 1480 KLIVDGV  -10.6401  -12.0489   -1.4089    0.0835
 1481 KLIVDGV  -10.6401  -12.0489   -1.4089    0.0835
 1482 KLIVDGV  -10.6401  -12.0489   -1.4089    0.0835
 1483 KLIVDGM   -9.8179  -11.3014   -1.4834    0.0835
 1484 KLLVDGM   -9.3106  -12.0238   -2.7131    0.0835
 1485 LLKVDGM   -7.6913  -10.2930   -2.6017    0.0835
 1486 LLKVDGM   -7.6913  -10.2930   -2.6017    0.0835
 1487 MLLVDGK   -8.9857  -11.8103   -2.8246    0.0835
 1488 MLLVDGK   -8.9857  -11.8103   -2.8246    0.0835
 1489 MLLVDGD   -9.7323  -13.0497   -3.3174    0.0835
 1490 MLLVDGD   -9.7323  -13.0497   -3.3174    0.0835
 1491 MLLVKGD   -3.4125   -6.2370   -2.8246    0.0835
 1492 MLLVDGE   -8.7592  -12.3938   -3.6346    0.0835
 1493 MLMLDGK   -4.6112   -7.5103   -2.8991    0.0835
 1494 MLKLMGD   -4.7817   -7.5694   -2.7877    0.0835
 1495 KLMLVEG   -5.5226   -8.6644   -3.1417    0.0835
 1496 KLMVEVG   -8.0929  -10.3877   -2.2949    0.0835
 1497 KLMVEVG   -8.0929  -10.3877   -2.2949    0.0835
 1498 KLEVMVG   -7.2106   -9.5054   -2.2949    0.0835
 1499 GLEVMVK   -6.5522   -8.8470   -2.2949    0.0835
 1500 GLVEFVK   -6.2386   -7.6603   -1.4217    0.0835
 1501 GLEVVVK   -8.4463  -10.7466   -2.3003    0.0835
 1502 GLIVVEE   -7.9425  -10.7013   -2.7589    0.0835
 1503 GLEIVVE   -7.5582  -10.0942   -2.5360    0.0835
 1504 GLEIVVE   -7.5582  -10.0942   -2.5360    0.0835
 1505 GLVIVDD   -9.5049  -11.6295   -2.1246    0.0835
 1506 GLVIDDV   -8.1965  -10.2097   -2.0131    0.0835
 1507 GLVVDDV   -9.0918  -11.6792   -2.5874    0.0835
 1508 GLVIDDV   -8.2283  -10.2415   -2.0131    0.0835
 1509 GLVVDDV   -9.0897  -11.6771   -2.5874    0.0835
 1510 GLVVDDV   -9.0897  -11.6771   -2.5874    0.0835
 1511 GLVVVDD  -10.7797  -13.4786   -2.6989    0.0835
 1512 GLVVVDK  -10.4918  -12.6978   -2.2060    0.0835
 1513 GLVVVDK  -10.4918  -12.6978   -2.2060    0.0835
 1514 GLVVVDK  -10.2254  -12.4314   -2.2060    0.0836
 1515 GLVMVEK   -9.1102  -11.6279   -2.5177    0.0836
 1516 GLVLKDV   -6.5846   -9.3346   -2.7500    0.0836
 1517 GLVVEDV   -9.8645  -12.7691   -2.9046    0.0836
 1518 GLVVFDE   -9.7288  -11.8662   -2.1374    0.0836
 1519 GLVVFDD   -9.5896  -11.4098   -1.8203    0.0836
 1520 GLVVFEE   -9.2736  -11.7281   -2.4546    0.0836
 1521 GLVVFEK   -8.3321   -9.9767   -1.6446    0.0836
 1522 ELKVFGM   -6.9720   -8.3569   -1.3849    0.0836
 1523 ELKFVGM   -6.5593   -7.9442   -1.3849    0.0836
 1524 DLKFVGM   -5.3631   -6.4308   -1.0677    0.0836
 1525 KLDFVGM   -7.6878   -8.7555   -1.0677    0.0836
 1526 KLEFMGV   -5.6467   -7.0315   -1.3849    0.0836
 1527 KLEVMGF   -5.5666   -6.9514   -1.3849    0.0836
 1528 KLEVIGM   -5.8046   -7.4938   -1.6891    0.0836
 1529 MLDVVGK   -5.8642   -7.8419   -1.9777    0.0836
 1530 MLVVDGE   -8.9027  -11.8018   -2.8991    0.0836
 1531 MLDVYGE   -3.0645   -6.6731   -3.6086    0.0836
 1532 MLDVFGE   -4.7663   -6.7554   -1.9891    0.0836
 1533 MLDVEGI   -6.2297   -8.4117   -2.1820    0.0836
 1534 ILKVDGV   -6.0604   -7.3579   -1.2974    0.0836
 1535 ILVDKGV   -4.0239   -5.5442   -1.5203    0.0836
 1536 MLVEGKV   -5.4487   -7.7435   -2.2949    0.0836
 1537 MLVGDEV   -7.0342   -9.9334   -2.8991    0.0836
 1538 MLVGEDV   -7.9217  -10.8209   -2.8991    0.0836
 1539 MLVADEV   -7.3959  -10.3939   -2.9980    0.0836
 1540 MLVVDDV   -8.2372  -11.9621   -3.7249    0.0836
 1541 ALVVEDG   -6.7177  -13.0097   -6.2920    0.0836
 1542 ELVFVDG   -4.6440   -6.6700   -2.0260    0.0836
 1543 VLVMVDE   -6.8888  -11.0423   -4.1534    0.0836
 1544 VLVVEDA   -9.1287  -12.1321   -3.0034    0.0836
 1545 ALVVEEV   -9.4199  -12.7405   -3.3206    0.0836
 1546 ALVEFVE   -6.4593  -10.4699   -4.0106    0.0836
 1547 ALVDIEV   -4.7829   -8.6692   -3.8863    0.0836
 1548 ALVEMDI   -6.2625  -10.2234   -3.9609    0.0836
 1549 ALVKMEI   -5.8584   -9.3264   -3.4680    0.0836
 1550 GLVKIDM   -8.5711   -9.9431   -1.3720    0.0836
 1551 GLVEMDI   -6.1732   -8.3552   -2.1820    0.0836
 1552 GLVEVDF   -8.8956  -10.6987   -1.8031    0.0836
 1553 DLIGFVD   -5.1701   -8.5932   -3.4231    0.0836
 1554 DLIGFVD   -5.1701   -8.5932   -3.4231    0.0836
 1555 KLGIFVD   -4.3624   -7.2927   -2.9303    0.0836
 1556 KLGVMVD   -5.1997   -7.1774   -1.9777    0.0836
 1557 DLGVVMK   -5.7859   -7.7636   -1.9777    0.0836
 1558 DLGMMKV   -4.4815   -6.3424   -1.8609    0.0836
 1559 DLGMMKV   -4.4815   -6.3424   -1.8609    0.0836
 1560 MLGDFKV   -5.2425   -6.3102   -1.0677    0.0836
 1561 MLGKFDV   -4.9142   -5.9820   -1.0677    0.0836
 1562 MLIDVDG   -7.4035   -9.3798   -1.9763    0.0836
 1563 ALIKVDA   -4.0545   -7.9268   -3.8723    0.0836
 1564 ALVKIAD   -4.4263   -8.4100   -3.9837    0.0836
 1565 ALVKIVE   -3.4542   -6.9590   -3.5049    0.0836
 1566 ALVVEIK   -8.4195  -11.9243   -3.5049    0.0836
 1567 ALKVEIV   -7.3929  -10.7864   -3.3934    0.0836
 1568 ALKVYIE   -6.4485   -9.3742   -2.9257    0.0836
 1569 ALKVYEI   -5.3984   -8.2127   -2.8143    0.0836
 1570 ALKVYEV   -5.0740   -8.1825   -3.1086    0.0836
 1571 ALKVFEV   -5.3972   -8.4864   -3.0891    0.0836
 1572 FLKVAEV   -4.8721   -7.9612   -3.0891    0.0836
 1573 ALKVFEV   -4.7320   -7.8211   -3.0891    0.0836
 1574 ALKVFEV   -4.7320   -7.8211   -3.0891    0.0836
 1575 ALVVIKE   -5.0231   -8.7508   -3.7277    0.0836
 1576 ALVVIKE   -5.0231   -8.7508   -3.7277    0.0836
 1577 GLVIVEK   -7.1642   -9.1131   -1.9489    0.0836
 1578 GLKVVIE   -8.3663  -10.0923   -1.7260    0.0836
 1579 GLEVVIK   -8.3733  -10.0993   -1.7260    0.0836
 1580 GLEVVIK   -8.3733  -10.0993   -1.7260    0.0836
 1581 GLEVVIE   -8.2883  -10.8243   -2.5360    0.0836
 1582 GLEVVIE   -8.2624  -10.7984   -2.5360    0.0836
 1583 GLDVVIE   -7.2060   -9.4249   -2.2189    0.0836
 1584 GLDVVID   -7.6332   -9.5349   -1.9017    0.0836
 1585 DLGVFVD   -5.6081   -7.2056   -1.5974    0.0836
 1586 DLAAFVD   -2.4918   -6.8555   -4.3637    0.0836
 1587 ALAKIDV   -4.9518   -8.8240   -3.8723    0.0836
 1588 GLAVDIK   -4.5357   -8.4205   -3.8849    0.0836
 1589 GLDKAIW   -2.2975   -5.3141   -3.0166    0.0836
 1590 KLDGALW   -1.7595   -5.8944   -4.1349    0.0836
 1591 KLEGALW   -4.3496   -8.8016   -4.4520    0.0836
 1592 KLEGALV   -3.7128   -9.7046   -5.9917    0.0836
 1593 KLGEALV   -3.0072   -8.9989   -5.9917    0.0836
 1594 KLEGALV   -3.6816   -9.6733   -5.9917    0.0836
 1595 KLLGELV   -6.1564  -12.1675   -6.0111    0.0836
 1596 KLLGVLE   -6.5255  -12.5366   -6.0111    0.0836
 1597 KLMGVLE   -8.3636  -11.3938   -3.0303    0.0836
 1598 KLMGVLD   -9.5800  -12.2931   -2.7131    0.0836
 1599 KLMGVLD   -9.5800  -12.2931   -2.7131    0.0836
 1600 KLMGVME   -7.6141   -9.9036   -2.2894    0.0836
 1601 KLMGVDM   -7.0675   -8.9284   -1.8609    0.0836
 1602 KLMGVDF   -7.7823   -8.8500   -1.0677    0.0836
 1603 KLMGVEF   -7.8153   -9.2002   -1.3849    0.0836
 1604 MLKGFDV   -9.3378  -10.4055   -1.0677    0.0836
 1605 MLKGFDV   -9.3378  -10.4055   -1.0677    0.0836
 1606 MLKGIDV   -9.5022  -10.8742   -1.3720    0.0836
 1607 MLKGVDI   -9.7199  -11.0919   -1.3720    0.0836
 1608 MLKGVDI   -9.5214  -10.8934   -1.3720    0.0836
 1609 MLKGVDI   -9.5214  -10.8934   -1.3720    0.0836
 1610 MLKGVDI   -9.5214  -10.8934   -1.3720    0.0836
 1611 MLKGVDI   -9.5214  -10.8934   -1.3720    0.0836
 1612 MLKGIDV   -9.2676  -10.6396   -1.3720    0.0836
 1613 MLKGIDV   -9.3400  -10.7120   -1.3720    0.0836
 1614 MLKGVDI   -9.3407  -10.7127   -1.3720    0.0836
 1615 MLKGIDV   -9.3504  -10.7224   -1.3720    0.0836
 1616 MLKGIDV   -9.3504  -10.7224   -1.3720    0.0836
 1617 MLKGIDV   -9.3504  -10.7224   -1.3720    0.0836
 1618 MLKGIDV   -9.3504  -10.7224   -1.3720    0.0836
 1619 MLKGVDV   -9.6355  -11.5018   -1.8663    0.0836
 1620 MLVGYDK   -3.8714   -6.7814   -2.9100    0.0836
 1621 MLVGMDD   -5.4823   -8.0589   -2.5766    0.0836
 1622 MLVGMDD   -5.3493   -7.9259   -2.5766    0.0836
 1623 MLVGMDD   -5.7251   -8.3017   -2.5766    0.0836
 1624 MLVGDIK   -3.8022   -5.2856   -1.4834    0.0836
 1625 YLMGDKI   -1.2019   -2.7377   -1.5357    0.0836
 1626 YLMGIDK   -0.8373   -2.3731   -1.5357    0.0836
 1627 YLIGDMK   -2.8103   -4.2346   -1.4243    0.0836
 1628 KLMGDIV   -5.6194   -7.1028   -1.4834    0.0836
 1629 KLMGDIV   -5.6194   -7.1028   -1.4834    0.0836
 1630 KLIGEMV   -7.8268   -9.6274   -1.8006    0.0836
 1631 KLMGEVV   -7.8964  -10.1912   -2.2949    0.0836
 1632 DLVGVME   -6.1216   -8.9093   -2.7877    0.0836
 1633 DLVGVFE   -6.2208   -8.1354   -1.9146    0.0836
 1634 DLVGFVE   -6.3237   -8.2383   -1.9146    0.0836
 1635 FLVGVDE   -7.1709   -9.1969   -2.0260    0.0836
 1636 FLMGEDV   -6.8178   -8.9184   -2.1006    0.0836
 1637 MLMGEVD   -8.9578  -11.7401   -2.7823    0.0836
 1638 ALMGEKV   -5.1190  -10.8013   -5.6823    0.0836
 1639 ALIGEKV   -5.6074   -9.9208   -4.3134    0.0836
 1640 KLFGEAV   -7.2618  -11.2395   -3.9777    0.0836
 1641 KLFGEAG   -4.0353  -11.1902   -7.1549    0.0836
 1642 KLFGEAY   -4.6607   -9.4593   -4.7986    0.0836
 1643 KLFGEAM   -6.4657  -10.4379   -3.9723    0.0836
 1644 KLVGEAF   -5.1499   -9.1276   -3.9777    0.0836
 1645 KLIGEAF   -6.6527   -9.2561   -2.6034    0.0836
 1646 KLIGEAF   -6.6527   -9.2561   -2.6034    0.0836
 1647 KLIGAEF   -5.6881   -8.1801   -2.4920    0.0836
 1648 KLIGADF   -5.5854   -7.7602   -2.1749    0.0836
 1649 KLGIFDA   -5.5926   -7.7674   -2.1749    0.0836
 1650 KLGIFDA   -5.5926   -7.7674   -2.1749    0.0836
 1651 FLGDKIA    0.9062   -1.4915   -2.3977    0.0836
 1652 FLGAEID   -3.5449   -6.5297   -2.9849    0.0836
 1653 FLGAEID   -4.1953   -7.1801   -2.9849    0.0836
 1654 VLLGEGD   -5.5185  -12.0156   -6.4971    0.0836
 1655 VLLGEGK   -4.5523  -10.5566   -6.0043    0.0836
 1656 VLLGFEK   -2.7996   -7.3882   -4.5886    0.0836
 1657 ILLGIEK    0.1368   -6.5818   -6.7186    0.0836
 1658 ILLGADE   -4.5281   -9.7498   -5.2217    0.0836
 1659 ILLGVKE   -4.8119   -9.7047   -4.8929    0.0836
 1660 ILLGVKE   -4.8119   -9.7047   -4.8929    0.0836
 1661 ILLGVKD   -4.9204   -9.4961   -4.5757    0.0836
 1662 ILLGVKD   -5.2426   -9.8183   -4.5757    0.0836
 1663 MLLGVKD   -6.7726   -9.5972   -2.8246    0.0836
 1664 MLLGVKD   -6.7726   -9.5972   -2.8246    0.0836
 1665 ILLGVKE   -5.0578   -9.9507   -4.8929    0.0836
 1666 ILLGVKE   -5.0578   -9.9507   -4.8929    0.0836
 1667 ILYGVDE   -5.3284   -7.6796   -2.3511    0.0836
 1668 ILYGVDE   -5.0247   -7.3759   -2.3511    0.0836
 1669 ILYGVDE   -5.0247   -7.3759   -2.3511    0.0836
 1670 ILYGVED   -5.1940   -7.5451   -2.3511    0.0836
 1671 ILVGDYE   -5.6479   -7.8877   -2.2397    0.0836
 1672 ILVGEYD   -7.5674   -9.8071   -2.2397    0.0836
 1673 MLVGEWD   -6.7046  -10.3526   -3.6480    0.0836
 1674 MLVGEYD   -7.3301  -10.9387   -3.6086    0.0836
 1675 MLVGEVD   -9.8490  -12.6368   -2.7877    0.0836
 1676 MLVGEVD   -9.8490  -12.6368   -2.7877    0.0836
 1677 MLVGEFD   -9.1272  -11.1163   -1.9891    0.0836
 1678 MLVGEMD   -9.0791  -11.8614   -2.7823    0.0836
 1679 MLVGEMD   -9.0791  -11.8614   -2.7823    0.0836
 1680 MLVGEFD   -9.3426  -11.3317   -1.9891    0.0836
 1681 MLVGEFD   -9.3426  -11.3317   -1.9891    0.0836
 1682 MLVGEFD   -9.3426  -11.3317   -1.9891    0.0836
 1683 MLVGEFD   -9.3426  -11.3317   -1.9891    0.0836
 1684 MLVGEFD   -9.3426  -11.3317   -1.9891    0.0836
 1685 MLVGEFD   -9.3426  -11.3317   -1.9891    0.0836
 1686 MLVGEVD   -9.8490  -12.6368   -2.7877    0.0836
 1687 MLVGEVD   -9.8490  -12.6368   -2.7877    0.0836
 1688 MLVGVED   -8.3714  -11.2706   -2.8991    0.0836
 1689 MLVGEVD  -10.3282  -13.1159   -2.7877    0.0836
 1690 MLVGEVD  -10.3282  -13.1159   -2.7877    0.0836
 1691 MLVGEFD   -9.4145  -11.4037   -1.9891    0.0836
 1692 MLVGEVD  -10.3169  -13.1047   -2.7877    0.0836
 1693 MLVGEVD  -10.3169  -13.1047   -2.7877    0.0836
 1694 MLVGDVD   -9.3198  -11.7904   -2.4706    0.0836
 1695 MLLGEVD  -10.1331  -13.6563   -3.5231    0.0836
 1696 MLVGEVD  -10.6201  -13.4078   -2.7877    0.0836
 1697 MLVGEVD  -10.6201  -13.4078   -2.7877    0.0836
 1698 MLVGEVD  -10.6201  -13.4078   -2.7877    0.0836
 1699 MLLGEVD  -10.1342  -13.6573   -3.5231    0.0836
 1700 MLLGEVE   -9.0524  -12.8927   -3.8403    0.0836
 1701 MLLGEEV   -8.8266  -12.7783   -3.9517    0.0836
 1702 MLLGEEV   -8.8266  -12.7783   -3.9517    0.0836
 1703 MLLGEEV   -8.8266  -12.7783   -3.9517    0.0836
 1704 MLIGEEV   -9.3945  -12.1165   -2.7220    0.0836
 1705 MLVGDEI   -6.4545   -8.8593   -2.4049    0.0836
 1706 MLVGDEI   -6.4545   -8.8593   -2.4049    0.0836
 1707 MLDGEVM   -6.4896   -9.2718   -2.7823    0.0836
 1708 MLDGEVM   -6.4896   -9.2718   -2.7823    0.0836
 1709 MLDGEVM   -6.5013   -9.2836   -2.7823    0.0836
 1710 DLMVEVA   -7.1144  -10.0010   -2.8866    0.0836
 1711 ALMVEVD   -9.4282  -12.3147   -2.8866    0.0836
 1712 ALEVDVV   -7.4627  -10.2433   -2.7806    0.0836
 1713 ALDVEVV   -6.9398   -9.7204   -2.7806    0.0836
 1714 ALVVEVD   -9.2199  -12.1119   -2.8920    0.0836
 1715 ALVVEVD  -10.6516  -13.5436   -2.8920    0.0860
 1716 ALVVEVD  -10.6516  -13.5436   -2.8920    0.0860
 1717 ALVVEVD  -10.6516  -13.5436   -2.8920    0.0860
 1718 ALVVEVD  -10.6516  -13.5436   -2.8920    0.0860
 1719 ALVVEVD  -10.6516  -13.5436   -2.8920    0.0860
 1720 ALVVEVD  -10.6516  -13.5436   -2.8920    0.0860
 1721 ALVVEVD  -10.6516  -13.5436   -2.8920    0.0860
 1722 MLIVEAD   -8.9843  -13.0565   -4.0723    0.0860
 1723 MLVVEAD  -11.2414  -14.1280   -2.8866    0.0860
 1724 VLVMEAD   -9.8659  -12.7525   -2.8866    0.0860
 1725 VLVMEAD   -9.8659  -12.7525   -2.8866    0.0860
 1726 VLVMEAD   -9.8659  -12.7525   -2.8866    0.0860
 1727 MLVMDAE   -7.1926  -10.0737   -2.8811    0.0860
 1728 MLVMDAE   -7.1926  -10.0737   -2.8811    0.0860
 1729 ELVMDMA   -4.0902   -6.9713   -2.8811    0.0860
 1730 KLVMDMA   -6.9684   -9.0395   -2.0711    0.0860
 1731 KLVMDMA   -6.9544   -9.0255   -2.0711    0.0860
 1732 KLAMDMV   -4.4772   -6.5484   -2.0711    0.0860
 1733 KLVVEMM   -6.5862  -10.0985   -3.5123    0.0860
 1734 KLVVEMA   -9.2787  -11.6724   -2.3937    0.0860
 1735 KLVVEMA   -9.2787  -11.6724   -2.3937    0.0860
 1736 DLVVEMA   -6.7262   -9.6128   -2.8866    0.0860
 1737 ELVVAMD   -5.1014   -8.0994   -2.9980    0.0860
 1738 KLMAVMD   -4.4735   -6.6560   -2.1826    0.0860
 1739 MLKAVME   -4.9201   -7.3084   -2.3883    0.0860
 1740 MLKAMEV   -4.9035   -7.1804   -2.2769    0.0860
 1741 KLMAEMV   -6.8697   -9.2580   -2.3883    0.0860
 1742 KLLADMV   -4.3030   -8.7950   -4.4920    0.0860
 1743 MLMADKV   -6.2611   -8.4437   -2.1826    0.0860
 1744 MLVADKV   -8.1911  -10.3791   -2.1880    0.0860
 1745 MLKADVV  -10.5482  -12.5134   -1.9651    0.0860
 1746 DLMADVV   -6.0551   -8.6245   -2.5694    0.0860
 1747 KLMADVV   -7.5162   -9.5928   -2.0766    0.0860
 1748 KLMAVDV   -5.6554   -7.7319   -2.0766    0.0860
 1749 KLALVEV   -3.4094   -8.1440   -4.7346    0.0860
 1750 KLVVAEV   -8.1473  -10.5465   -2.3991    0.0860
 1751 KLVAEVV   -7.4521   -9.8512   -2.3991    0.0860
 1752 KLMAEVV   -7.7896  -10.1834   -2.3937    0.0860
 1753 KLMAEVV   -7.7896  -10.1834   -2.3937    0.0860
 1754 KLAMEVV   -7.3173   -9.7110   -2.3937    0.0860
 1755 KLAAVEV   -1.8457   -7.5208   -5.6751    0.0860
 1756 FLEAVAK   -0.5539   -4.6305   -4.0766    0.0860
 1757 FLEAFKA   -1.4841   -4.4107   -2.9266    0.0860
 1758 YLEAFDF    1.7906   -2.7337   -4.5243    0.0860
 1759 YLEAFAD   -0.4399   -5.8302   -5.3903    0.0860
 1760 VLEAVDI   -3.4466   -7.3329   -3.8863    0.0860
 1761 ELVAVDV   -5.6573   -8.5493   -2.8920    0.0860
 1762 ELVVAKV   -5.3417   -7.7408   -2.3991    0.0860
 1763 LLDVVKA   -0.3236   -4.6296   -4.3060    0.0860
 1764 KLDVVMA   -4.5989   -6.6755   -2.0766    0.0860
 1765 KLDVVMA   -4.5989   -6.6755   -2.0766    0.0860
 1766 KLMAVVD   -5.3496   -7.5376   -2.1880    0.0860
 1767 KLMADVV   -7.2385   -9.3151   -2.0766    0.0860
 1768 KLMADVV   -7.2385   -9.3151   -2.0766    0.0860
 1769 KLMAVDV   -6.9943   -9.0709   -2.0766    0.0860
 1770 KLLAVEV   -5.2998  -10.0344   -4.7346    0.0860
 1771 KLMAVEV   -6.5768   -8.9705   -2.3937    0.0860
 1772 KLAMVEV   -7.1086   -9.5023   -2.3937    0.0860
 1773 MLAKVEV   -6.7260   -9.0083   -2.2823    0.0860
 1774 MLAVEVK   -9.2900  -11.6837   -2.3937    0.0860
 1775 ALVVEVK   -8.5982  -10.9973   -2.3991    0.0860
 1776 ALVVDVK   -7.6220   -9.7040   -2.0820    0.0860
 1777 ALVVEVE  -10.4049  -13.6141   -3.2091    0.0860
 1778 ALVMEVE   -9.4966  -12.7003   -3.2037    0.0860
 1779 ALVMEVK   -8.8447  -11.2384   -2.3937    0.0860
 1780 ALVMEVE   -9.4999  -12.7036   -3.2037    0.0860
 1781 ALVMEVE   -9.4999  -12.7036   -3.2037    0.0860
 1782 ALMVEVE  -11.0448  -14.2485   -3.2037    0.0860
 1783 ALMVEVE  -11.0448  -14.2485   -3.2037    0.0860
 1784 ALVMEVE   -9.4695  -12.6732   -3.2037    0.0860
 1785 ALEMEVV   -6.3359   -9.4282   -3.0923    0.0860
 1786 ALVVEME   -9.8954  -13.0991   -3.2037    0.0860
 1787 ALVVEMD  -10.0589  -12.9455   -2.8866    0.0860
 1788 DLVVEIA   -6.8388  -10.8365   -3.9977    0.0860
 1789 DLVVEFG   -7.1014   -9.0159   -1.9146    0.0860
 1790 DLVVFEG   -6.9593   -8.9853   -2.0260    0.0860
 1791 DLVVFGE   -6.4825   -8.5085   -2.0260    0.0860
 1792 GLVVFDE   -9.0997  -11.2371   -2.1374    0.0860
 1793 GLVVEDF  -10.6808  -12.7068   -2.0260    0.0860
 1794 GLVVEDF  -10.6808  -12.7068   -2.0260    0.0860
 1795 GLVVEDF  -10.6808  -12.7068   -2.0260    0.0860
 1796 GLDMEVF   -5.1350   -7.0127   -1.8777    0.0860
 1797 MLDFEVG   -4.7544   -6.6321   -1.8777    0.0860
 1798 MLEFEVG   -4.4924   -6.6872   -2.1949    0.0860
 1799 YLEMEVG   -1.7332   -5.5475   -3.8143    0.0860
 1800 VLEVEGY   -5.1160   -8.9357   -3.8197    0.0860
 1801 KLVVEGI  -10.1858  -11.9118   -1.7260    0.0860
 1802 VLVKEGI   -9.9711  -11.8086   -1.8374    0.0860
 1803 MLIKEGV   -9.3593  -11.2713   -1.9120    0.0860
 1804 MLIKEGV   -9.3593  -11.2713   -1.9120    0.0860
 1805 MLIKEGV   -9.3593  -11.2713   -1.9120    0.0860
 1806 MLIKVGD   -7.0138   -8.4972   -1.4834    0.0860
 1807 MLIKYGD   -7.0808   -8.5051   -1.4243    0.0860
 1808 MLIKYGD   -7.0808   -8.5051   -1.4243    0.0860
 1809 ILIKMGD   -5.0979   -8.4070   -3.3091    0.0860
 1810 YLIKMGD   -4.9214   -6.3457   -1.4243    0.0860
 1811 YLKIMGD   -2.8006   -4.2249   -1.4243    0.0860
 1812 YLKIMGD   -2.8006   -4.2249   -1.4243    0.0860
 1813 YLEIMGD   -2.5243   -4.7585   -2.2343    0.0860
 1814 YLEIMGD   -2.5243   -4.7585   -2.2343    0.0860
 1815 YLVIDGD   -6.0490   -8.0830   -2.0340    0.0860
 1816 GLVIDYE   -4.4435   -6.6832   -2.2397    0.0860
 1817 GLVIDYE   -4.4435   -6.6832   -2.2397    0.0860
 1818 GLVDFYE   -2.3500   -4.3655   -2.0154    0.0860
 1819 GLVVFDE   -9.0782  -11.2156   -2.1374    0.0860
 1820 GLVFVDE   -7.7531   -9.8905   -2.1374    0.0860
 1821 GLVEVDF   -7.2457   -9.0488   -1.8031    0.0860
 1822 GLVEVDF   -7.7179   -9.5211   -1.8031    0.0860
 1823 GLVVEDF   -9.5575  -11.5835   -2.0260    0.0860
 1824 GLVMEDF   -8.3505  -10.4510   -2.1006    0.0860
 1825 GLVMEDF   -8.3505  -10.4510   -2.1006    0.0860
 1826 GLVMEDF   -8.3505  -10.4510   -2.1006    0.0860
 1827 GLVFEDV   -4.2330   -6.2590   -2.0260    0.0860
 1828 GLVDFDV   -6.5134   -7.9994   -1.4860    0.0860
 1829 GLDVFKV   -5.2071   -6.2002   -0.9931    0.0860
 1830 MLDKFGV   -5.5540   -6.7331   -1.1791    0.0860
 1831 MLDKFGV   -5.5540   -6.7331   -1.1791    0.0860
 1832 MLDVFGK   -4.8064   -5.9856   -1.1791    0.0860
 1833 KLDFMGV   -3.6292   -4.6970   -1.0677    0.0860
 1834 KLMYDGV   -5.8467   -8.6453   -2.7986    0.0860
 1835 KLMYDGV   -5.8467   -8.6453   -2.7986    0.0860
 1836 KLLVDGV  -10.1712  -12.8098   -2.6386    0.0860
 1837 KLVVDGV  -10.4568  -12.4399   -1.9831    0.0860
 1838 KLVVEGV  -11.4975  -13.7978   -2.3003    0.0860
 1839 KLVVVGE   -9.8091  -12.2208   -2.4117    0.0860
 1840 ELVKVGV   -8.6647  -10.8536   -2.1889    0.0860
 1841 VLLKDGV   -6.6306   -9.3806   -2.7500    0.0860
 1842 VLVKVGE   -8.8070  -11.1073   -2.3003    0.0860
 1843 VLVKEGV   -9.1975  -11.6093   -2.4117    0.0860
 1844 VLVVEGK   -9.0305  -11.4422   -2.4117    0.0860
 1845 GLVLEVK   -7.3345  -10.2902   -2.9557    0.0860
 1846 GLVMEVK   -7.0407   -9.3355   -2.2949    0.0860
 1847 GLVIEVK   -7.1571   -8.8831   -1.7260    0.0860
 1848 ILVVEGD  -10.9025  -13.2328   -2.3303    0.0860
 1849 ILVVEGD  -10.9025  -13.2328   -2.3303    0.0860
 1850 MLVVDGD   -9.7539  -12.3359   -2.5820    0.0860
 1851 VLVVDGD   -9.3568  -11.9442   -2.5874    0.0860
 1852 VLIVDGD   -9.1300  -11.1431   -2.0131    0.0860
 1853 DLLVVDG   -6.1945   -9.4374   -3.2429    0.0860
 1854 GLLVVDD   -8.5768  -11.9311   -3.3543    0.0860
 1855 GLLDVVD   -6.8563   -9.9877   -3.1314    0.0860
 1856 GLVDVLD   -6.7384   -9.8698   -3.1314    0.0860
 1857 GLVEVLD   -6.6048  -10.0534   -3.4486    0.0860
 1858 GLLEVVK   -7.3478  -10.3035   -2.9557    0.0860
 1859 GLLEVVK   -7.3478  -10.3035   -2.9557    0.0860
 1860 MLLEVGK   -7.4577  -10.4880   -3.0303    0.0860
 1861 MLLEVGD   -7.4205  -10.9436   -3.5231    0.0860
 1862 MLLEVGD   -7.4205  -10.9436   -3.5231    0.0860
 1863 LLMVEGD   -7.1380  -10.7726   -3.6346    0.0860
 1864 MLMVEGK   -8.1886  -10.5895   -2.4009    0.0860
 1865 MLMVEGK   -8.0503  -10.4512   -2.4009    0.0860
 1866 MLEVIGK   -6.1815   -7.9821   -1.8006    0.0860
 1867 ILDVMGD   -5.4331   -7.4094   -1.9763    0.0860
 1868 MLEMVGD   -6.8098   -9.5920   -2.7823    0.0860
 1869 MLVMDGE   -7.6585  -10.5523   -2.8937    0.0860
 1870 MLVMEGE   -8.9528  -12.1636   -3.2109    0.0860
 1871 MLVMEGE   -8.9528  -12.1636   -3.2109    0.0860
 1872 MLVMEGE   -8.9528  -12.1636   -3.2109    0.0860
 1873 MLVIEGE   -9.1527  -11.8747   -2.7220    0.0860
 1874 MLVIDGK   -7.5045   -9.0994   -1.5949    0.0860
 1875 MLVIDGK   -7.4475   -9.0423   -1.5949    0.0860
 1876 MLVIEGE   -8.9131  -11.6351   -2.7220    0.0860
 1877 KLVIEGM   -9.7411  -11.5417   -1.8006    0.0860
 1878 KLIVEGM  -10.1840  -11.9845   -1.8006    0.0860
 1879 KLIVEGM  -10.1840  -11.9845   -1.8006    0.0860
 1880 KLLVEGM  -10.3307  -13.3610   -3.0303    0.0860
 1881 KLMVEGL   -8.9867  -12.0170   -3.0303    0.0860
 1882 KLLVEGM   -8.8827  -11.9130   -3.0303    0.0860
 1883 KLLVDGM   -7.8911  -10.6042   -2.7131    0.0860
 1884 KLVVDGM   -8.3910  -10.3687   -1.9777    0.0860
 1885 KLVVDGM   -8.3910  -10.3687   -1.9777    0.0860
 1886 KLVVDGV  -10.3407  -12.3238   -1.9831    0.0860
 1887 KLVVDGV  -10.3407  -12.3238   -1.9831    0.0860
 1888 KLVVDGV  -10.3407  -12.3238   -1.9831    0.0860
 1889 KLVVDGI   -8.8425  -10.2514   -1.4089    0.0860
 1890 KLVVEGI  -10.1438  -11.8698   -1.7260    0.0860
 1891 KLIVEGV  -11.1947  -12.9207   -1.7260    0.0860
 1892 KLIVEGV  -11.1947  -12.9207   -1.7260    0.0860
 1893 KLIVEGV  -11.1947  -12.9207   -1.7260    0.0860
 1894 KLIVEGV  -11.1947  -12.9207   -1.7260    0.0860
 1895 KLIVEGG   -9.2175  -13.5435   -4.3260    0.0860
 1896 KLIVEGG   -9.2175  -13.5435   -4.3260    0.0860
 1897 KLIVEGM  -10.3942  -12.1948   -1.8006    0.0860
 1898 KLVIEGL   -7.3636  -12.1450   -4.7814    0.0860
 1899 KLVIEGL   -7.3636  -12.1450   -4.7814    0.0860
 1900 KLIVEGW   -8.1521  -13.0584   -4.9063    0.0860
 1901 KLVVEGW  -10.0952  -13.1758   -3.0806    0.0860
 1902 KLLVEGV  -10.6319  -13.5877   -2.9557    0.0860
 1903 KLLVEGV  -10.6319  -13.5877   -2.9557    0.0860
 1904 KLLVEGV  -10.6319  -13.5877   -2.9557    0.0860
 1905 KLLVEGV  -10.6319  -13.5877   -2.9557    0.0860
 1906 KLLVEGV  -10.6319  -13.5877   -2.9557    0.0860
 1907 KLLVEGV  -10.6319  -13.5877   -2.9557    0.0860
 1908 KLLVEGV  -10.6319  -13.5877   -2.9557    0.0860
 1909 KLIVEGV  -10.8729  -12.5989   -1.7260    0.0860
 1910 KLIVEGV  -10.8729  -12.5989   -1.7260    0.0860
 1911 KLIVEGV  -10.8729  -12.5989   -1.7260    0.0860
 1912 KLIVDGV   -9.5556  -10.9644   -1.4089    0.0860
 1913 KLVIDGV   -9.7195  -11.1284   -1.4089    0.0860
 1914 KLVIDGV   -9.7195  -11.1284   -1.4089    0.0860
 1915 KLVIDGV   -9.7195  -11.1284   -1.4089    0.0860
 1916 KLVIDGV  -10.9504  -12.3592   -1.4089    0.1774
 1917 KLLVDGV  -10.1792  -12.8177   -2.6386    0.1774
 1918 KLIVDGV  -10.6637  -12.0726   -1.4089    0.1774
 1919 KLIVDGV  -10.6637  -12.0726   -1.4089    0.1774
 1920 KLIVVGD  -10.7955  -12.3158   -1.5203    0.1774
 1921 KLLDVGV   -7.4105   -9.9377   -2.5271    0.1774
 1922 KLDLYGV   -4.1388   -7.2468   -3.1080    0.1774
 1923 KLDVMGV   -7.5761   -9.4424   -1.8663    0.1774
 1924 KLDVMGV   -7.5761   -9.4424   -1.8663    0.1774
 1925 KLDVFGM   -4.6575   -5.7252   -1.0677    0.1774
 1926 KLDVMGV   -7.2559   -9.1222   -1.8663    0.1774
 1927 KLDVVGV   -7.3975   -9.2692   -1.8717    0.1774
 1928 GLEVVKV   -8.4808  -10.6697   -2.1889    0.1774
 1929 GLMVEVK   -9.1211  -11.4160   -2.2949    0.1774
 1930 GLMVEVK   -9.1211  -11.4160   -2.2949    0.1774
 1931 ELMVGVK   -6.3441   -8.6389   -2.2949    0.1774
 1932 ELMVGVK   -6.3441   -8.6389   -2.2949    0.1774
 1933 ELMVGVK   -6.3441   -8.6389   -2.2949    0.1774
 1934 ELMVGVK   -6.3441   -8.6389   -2.2949    0.1774
 1935 DLMVGVK   -7.9348   -9.9125   -1.9777    0.1774
 1936 KLMVGVD   -6.5966   -8.5744   -1.9777    0.1774
 1937 KLMVGVD   -6.5966   -8.5744   -1.9777    0.1774
 1938 MLKVGVD   -6.5099   -8.3761   -1.8663    0.1774
 1939 MLKVGDV   -5.7883   -7.6546   -1.8663    0.1774
 1940 MLKVGVD   -6.4472   -8.3135   -1.8663    0.1774
 1941 MLKVGVD   -6.4472   -8.3135   -1.8663    0.1774
 1942 MLKVGVD   -6.4472   -8.3135   -1.8663    0.1774
 1943 GLKVMVD   -5.5454   -7.5231   -1.9777    0.1774
 1944 GLKVVDM   -7.8804   -9.7467   -1.8663    0.1774
 1945 GLKVVDM   -7.8804   -9.7467   -1.8663    0.1774
 1946 GLKVVEM   -7.5758   -9.7592   -2.1834    0.1774
 1947 GLVVKEM   -6.6224   -9.0287   -2.4063    0.1774
 1948 GLVDVDM   -7.7846  -10.1437   -2.3591    0.1774
 1949 GLVKVDM   -9.8079  -11.6742   -1.8663    0.1774
 1950 GLVKVDI   -9.9076  -11.2050   -1.2974    0.1774
 1951 GLVMVDK   -9.1499  -11.3504   -2.2006    0.1774
 1952 GLVMVDD  -10.2118  -12.9052   -2.6934    0.1774
 1953 GLMVVDD  -10.6197  -13.3131   -2.6934    0.1774
 1954 GLMVDDV   -8.9016  -11.4836   -2.5820    0.1774
 1955 GLMVEDA   -6.5405  -12.7156   -6.1751    0.1774
 1956 GLMVFDE   -9.4110  -11.6230   -2.2120    0.1774
 1957 GLMVFDE   -9.4110  -11.6230   -2.2120    0.1774
 1958 GLMVWDE   -8.0995  -11.9703   -3.8709    0.1774
 1959 GLMVWDE   -8.0995  -11.9703   -3.8709    0.1774
 1960 GLVVWDE   -8.6987  -12.4950   -3.7963    0.1774
 1961 GLVVEDW   -8.0604  -11.7453   -3.6849    0.1774
 1962 GLVVDDV   -9.8175  -12.4049   -2.5874    0.1774
 1963 GLVVDDI   -9.7793  -11.7925   -2.0131    0.1774
 1964 GLVVDDI   -9.7793  -11.7925   -2.0131    0.1774
 1965 GLVVDDF  -10.0879  -11.7967   -1.7089    0.1774
 1966 GLVVDDF  -10.0879  -11.7967   -1.7089    0.1774
 1967 GLVVDEF   -9.4379  -11.4639   -2.0260    0.1774
 1968 GLVKIDV   -9.8278  -11.1252   -1.2974    0.1774
 1969 GLVKIDV   -9.8278  -11.1252   -1.2974    0.1774
 1970 GLVKIDV   -9.8278  -11.1252   -1.2974    0.1774
 1971 GLVKVDI   -9.8143  -11.1117   -1.2974    0.1774
 1972 GLVKIDV   -9.8748  -11.1722   -1.2974    0.1774
 1973 GLVKVVD   -8.2030  -10.1861   -1.9831    0.1774
 1974 GLDKVVV   -5.0773   -7.1718   -2.0946    0.1774
 1975 GLEKFVV   -6.5949   -8.1281   -1.5331    0.1774
 1976 GLEKFVY   -5.7373   -7.3713   -1.6340    0.1774
 1977 GLEKWVM   -4.6987   -7.9653   -3.2666    0.1774
 1978 GLEKWVY   -4.9527   -7.5656   -2.6129    0.1774
 1979 GLEKVVY   -5.6755   -8.9081   -3.2326    0.1774
 1980 GLEKVVL   -6.0600   -9.1272   -3.0671    0.1774
 1981 GLVKEVG   -4.7185  -10.3073   -5.5889    0.1774
 1982 MLVKEVG   -7.3705   -9.7768   -2.4063    0.1774
 1983 MLVKDVW   -1.6687   -8.0810   -6.4123    0.1774
 1984 GLVKDGW   -5.0114   -7.8234   -2.8120    0.1774
 1985 GLVKWGD   -5.7176   -8.4182   -2.7006    0.1774
 1986 GLVKWGD   -5.7176   -8.4182   -2.7006    0.1774
 1987 GLVKWDG   -5.7835   -8.4841   -2.7006    0.1774
 1988 GLVKVDG   -5.7739  -10.9342   -5.1603    0.1774
 1989 GLVKVDV   -8.8994  -10.7711   -1.8717    0.1774
 1990 GLVKVDV   -8.9554  -10.8271   -1.8717    0.1774
 1991 GLVKVDV   -8.9554  -10.8271   -1.8717    0.1774
 1992 GLVKVDV   -8.9554  -10.8271   -1.8717    0.1774
 1993 GLVVVDK   -9.6296  -11.8356   -2.2060    0.1774
 1994 GLVVIDK   -9.7142  -11.3459   -1.6317    0.1774
 1995 GLVKIDM   -8.6419  -10.0139   -1.3720    0.1774
 1996 GLVKMDI   -8.5872   -9.9592   -1.3720    0.1774
 1997 GLKVIDM   -7.0132   -8.3852   -1.3720    0.1774
 1998 GLIVDKM   -6.0989   -7.6938   -1.5949    0.1774
 1999 GLIDVMD   -7.5726   -9.5489   -1.9763    0.1774
 2000 GLIDVMD   -7.5726   -9.5489   -1.9763    0.1774
 2001 GLIDVMD   -7.5726   -9.5489   -1.9763    0.1774
 2002 GLIKVMD   -6.9496   -8.4330   -1.4834    0.1774
 2003 GLVDVMD   -7.4144   -9.8849   -2.4706    0.1774
 2004 GLVEVMD   -7.0911   -9.8788   -2.7877    0.1774
 2005 MLVEVGE   -7.1030  -10.2079   -3.1049    0.1774
 2006 GLVEVMD   -6.0223   -8.8100   -2.7877    0.1774
 2007 GLVEVMD   -6.0223   -8.8100   -2.7877    0.1774
 2008 GLVVMED   -7.8360  -10.8465   -3.0106    0.1774
 2009 GLMVVEK   -7.3067   -9.8244   -2.5177    0.1774
 2010 GLVVMED   -9.2363  -12.2469   -3.0106    0.1774
 2011 GLVEEVM   -7.0825  -10.2988   -3.2163    0.1774
 2012 GLEVEVW   -6.7141  -10.4932   -3.7791    0.1774
 2013 GLDVEVW   -4.8919   -8.3539   -3.4620    0.1774
 2014 MLVVEDV   -9.5059  -13.5479   -4.0420    0.1774
 2015 MLMVEDV   -9.1982  -13.3148   -4.1166    0.1774
 2016 MLMVEDA   -9.9265  -12.9191   -2.9926    0.1774
 2017 MLMVEDA   -9.9265  -12.9191   -2.9926    0.1774
 2018 MLMVEDA   -9.8886  -12.8812   -2.9926    0.1774
 2019 MLVVEDA  -10.5990  -13.5970   -2.9980    0.1774
 2020 MLVVADE   -9.5627  -12.6721   -3.1094    0.1774
 2021 MLVVADE   -9.5627  -12.6721   -3.1094    0.1774
 2022 MLVVADE   -9.5627  -12.6721   -3.1094    0.1774
 2023 MLVVEAD  -10.8416  -13.7282   -2.8866    0.1774
 2024 MLVVEAD  -10.8416  -13.7282   -2.8866    0.1774
 2025 MLMVEAD  -10.3894  -13.2706   -2.8811    0.1774
 2026 FLMVEAD   -7.4628  -11.2308   -3.7680    0.1774
 2027 DLMVEAF   -6.2939  -10.0619   -3.7680    0.1774
 2028 DLMVEAF   -5.8197   -9.5877   -3.7680    0.1774
 2029 VLVKEAY   -6.1876   -9.5191   -3.3314    0.1774
 2030 VLVKDGY   -5.6147   -8.5301   -2.9154    0.1774
 2031 VLVDGEY   -3.8424   -7.4564   -3.6140    0.1774
 2032 VLVGEDY   -5.7274   -9.4528   -3.7254    0.1774
 2033 VLVLEEY   -4.1132  -10.8741   -6.7609    0.1774
 2034 VLVLEDY   -4.5081  -10.9518   -6.4437    0.1774
 2035 GLLVEDI   -6.4152  -11.8009   -5.3857    0.1774
 2036 DLVLDAV   -3.3942   -8.3045   -4.9103    0.1774
 2037 ALVLDGD   -3.9837  -10.2626   -6.2789    0.1774
 2038 MLLVEGD   -8.7792  -12.4137   -3.6346    0.1774
 2039 MLLEAGD   -2.7760   -9.2552   -6.4791    0.1774
 2040 FLVKAGD   -1.5924   -5.2530   -3.6606    0.1774
 2041 FLVKAGD   -1.5924   -5.2530   -3.6606    0.1774
 2042 KLAVGGD   -1.8373  -10.4964   -8.6591    0.1774
 2043 KLGVYGE   -1.4209   -7.7192   -6.2983    0.1774
 2044 KLGLYEV   -4.1812   -7.6064   -3.4251    0.1774
 2045 KLGVYEV   -4.6525   -7.6622   -3.0097    0.1774
 2046 KLGVYEV   -4.6525   -7.6622   -3.0097    0.1774
 2047 VLGKYVE    1.6497   -1.4715   -3.1211    0.1774
 2048 VLGVYKE   -3.3751   -6.6077   -3.2326    0.1774
 2049 VLGVYKE   -3.3751   -6.6077   -3.2326    0.1774
 2050 ELGVYDV   -1.5672   -5.0697   -3.5026    0.1774
 2051 YLGKEVV   -3.3750   -6.6076   -3.2326    0.1774
 2052 YLGVDKV   -3.1817   -5.9857   -2.8040    0.1774
 2053 YLGIDDV   -4.6033   -6.5259   -1.9226    0.1774
 2054 YLGIVDD   -5.6827   -7.7167   -2.0340    0.1774
 2055 ALGIVDD   -5.6397  -10.1289   -4.4891    0.1774
 2056 ALGIDIK   -7.4201   -9.8193   -2.3991    0.1774
 2057 ALGIDIK   -7.4601   -9.8593   -2.3991    0.1774
 2058 ALGIEVK   -5.9265  -10.0171   -4.0906    0.1774
 2059 ALGVDIK   -5.3572   -9.1306   -3.7734    0.1774
 2060 ALGIEVD   -6.1422  -10.7256   -4.5834    0.1774
 2061 ALGIEVD   -6.1297  -10.7132   -4.5834    0.1774
 2062 ALGIEVK   -5.6149   -9.7055   -4.0906    0.1774
 2063 YLGIEVK   -5.9554   -7.5909   -1.6354    0.1774
 2064 YLGIEVK   -5.9554   -7.5909   -1.6354    0.1774
 2065 ALGIEVE   -6.3455  -11.2461   -4.9006    0.1774
 2066 ALGIEVE   -6.3455  -11.2461   -4.9006    0.1774
 2067 ALGIEVE   -6.3455  -11.2461   -4.9006    0.1774
 2068 ALGIVEK   -5.0729   -9.3863   -4.3134    0.1774
 2069 MLGIEVK   -9.0468  -10.7359   -1.6891    0.1774
 2070 MLGIDVK   -8.6989  -10.0709   -1.3720    0.1774
 2071 MLIGDVK   -9.8768  -11.3602   -1.4834    0.1774
 2072 MLIGVDK   -9.0603  -10.6551   -1.5949    0.1774
 2073 MLIGDVK  -10.0883  -11.5717   -1.4834    0.1774
 2074 MLVGVDE   -7.8564  -10.7556   -2.8991    0.1774
 2075 YLVGVKE   -4.6183   -7.8509   -3.2326    0.1774
 2076 YLKGVVE   -5.4793   -8.6004   -3.1211    0.1774
 2077 YLKGVEV   -7.4406  -10.4504   -3.0097    0.1774
 2078 YLKGVVE   -6.0230   -9.1441   -3.1211    0.1774
 2079 YLVGVKE   -5.6609   -8.8934   -3.2326    0.1774
 2080 ILEGVKV   -4.7389   -6.3534   -1.6146    0.1774
 2081 VLIGEKV   -6.8871   -8.7245   -1.8374    0.1774
 2082 ELIGVVK   -6.1411   -7.8671   -1.7260    0.1774
 2083 VLIGEVE   -7.7771  -10.3131   -2.5360    0.1774
 2084 ILMGEVE   -7.1720   -9.7826   -2.6106    0.1774
 2085 MLIGEVE   -7.7598  -10.3704   -2.6106    0.1774
 2086 MLIGEVD   -8.1862  -10.4796   -2.2934    0.1774
 2087 MLIGEDV   -6.2428   -8.6477   -2.4049    0.1774
 2088 MLIGEVD   -8.6282  -10.9216   -2.2934    0.1774
 2089 MLIGEVE   -7.9160  -10.5266   -2.6106    0.1774
 2090 MLIGEVE   -7.9160  -10.5266   -2.6106    0.1774
 2091 MLVGEVE   -7.0608  -10.1656   -3.1049    0.1774
 2092 MLVGEVE   -7.0608  -10.1656   -3.1049    0.1774
 2093 MLVGEVD   -7.3061  -10.0938   -2.7877    0.1774
 2094 MLVGEIE   -5.7612   -8.3718   -2.6106    0.1774
 2095 MLMGEIE   -5.7844   -8.4695   -2.6851    0.1774
 2096 DLEGMIM   -3.4941   -5.8621   -2.3680    0.1774
 2097 DLMGMIK   -6.4196   -7.9776   -1.5580    0.1774
 2098 DLMGMIK   -6.4196   -7.9776   -1.5580    0.1774
 2099 DLMGMIK   -6.4196   -7.9776   -1.5580    0.1774
 2100 KLLGMMD   -8.8969  -11.6846   -2.7877    0.1774
 2101 KLLGMMD   -8.8969  -11.6846   -2.7877    0.1774
 2102 KLVGMDM   -6.4712   -8.3320   -1.8609    0.1774
 2103 KLVGMDY   -5.7759   -8.4631   -2.6871    0.1774
 2104 KLIGMDY   -7.5049   -8.8178   -1.3129    0.1774
 2105 KLIGMDY   -7.5049   -8.8178   -1.3129    0.1774
 2106 KLIGMDY   -7.5049   -8.8178   -1.3129    0.1774
 2107 KLIGMAD   -7.6876  -11.5670   -3.8794    0.1774
 2108 ALIGMDK   -6.5339  -10.5247   -3.9909    0.1774
 2109 ALIGMDK   -6.5339  -10.5247   -3.9909    0.1774
 2110 ALKGMDI   -7.1264  -10.8944   -3.7680    0.1774
 2111 ALKGMDI   -7.1264  -10.8944   -3.7680    0.1774
 2112 ALKGMEI   -7.8675  -11.9527   -4.0851    0.1774
 2113 ALKGGEI   -3.0958  -10.5864   -7.4906    0.1774
 2114 ALKGGEI   -3.0958  -10.5864   -7.4906    0.1774
 2115 YLIGGEK   -0.2797   -5.5380   -5.2583    0.1774
 2116 KLIGGEG   -1.0324   -8.5355   -7.5031    0.1774
 2117 KLIGGEG   -3.6940  -11.1971   -7.5031    0.1391
 2118 KLIGGEG   -3.6940  -11.1971   -7.5031    0.1391
 2119 KLIGGEW   -8.6019  -10.3568   -1.7549    0.1391
 2120 KLGIGEW   -7.1942   -8.7262   -1.5320    0.1391
 2121 KLGIGEW   -7.1942   -8.7262   -1.5320    0.1391
 2122 KLGIGDW   -6.9476   -8.1624   -1.2149    0.1391
 2123 KLGIGWD   -6.9412   -8.1560   -1.2149    0.1391
 2124 KLGIGWD   -6.9412   -8.1560   -1.2149    0.1391
 2125 KLGIGWD   -6.9412   -8.1560   -1.2149    0.1391
 2126 KLGIGWD   -6.9412   -8.1560   -1.2149    0.1391
 2127 KLGIGEW   -6.6716   -8.2036   -1.5320    0.1391
 2128 KLGIGEI   -6.0942   -8.7116   -2.6174    0.1391
 2129 KLGIGEI   -6.0942   -8.7116   -2.6174    0.1391
 2130 KLGIGEI   -6.0942   -8.7116   -2.6174    0.1391
 2131 KLGIGEF   -4.9208   -7.3140   -2.3931    0.1391
 2132 KLGIGEF   -4.9208   -7.3140   -2.3931    0.1391
 2133 KLGIGEF   -4.9208   -7.3140   -2.3931    0.1391
 2134 KLGIGEM   -5.0863   -9.0726   -3.9863    0.1391
 2135 KLGIGDM   -4.9240   -8.5932   -3.6691    0.1391
 2136 KLGDGII   -3.3134   -5.7251   -2.4117    0.1391
 2137 KLGDGIW   -4.5737   -5.9000   -1.3263    0.1391
 2138 KLGEGIW   -5.0091   -6.6526   -1.6434    0.1391
 2139 KLGEGIW   -5.0091   -6.6526   -1.6434    0.1391
 2140 DLGEGIW   -2.3036   -4.4399   -2.1363    0.1391
 2141 ELGIGEW   -3.2164   -5.5584   -2.3420    0.1391
 2142 KLGEGMW   -3.8153   -6.8276   -3.0123    0.1391
 2143 KLGEGMW   -3.8153   -6.8276   -3.0123    0.1391
 2144 KLGMGEW   -4.7958   -7.6966   -2.9009    0.1391
 2145 KLGMGDW   -4.9269   -7.5106   -2.5837    0.1391
 2146 KLGMGDW   -5.2043   -7.7880   -2.5837    0.1391
 2147 KLAVGDM   -3.0742   -8.3279   -5.2537    0.1391
 2148 MLAVGDK   -2.9330   -8.4096   -5.4766    0.1391
 2149 MLKVGDY   -4.3366   -7.0238   -2.6871    0.1391
 2150 MLVKGDY   -7.0626   -9.8612   -2.7986    0.1391
 2151 MLVKGDF   -8.7125   -9.8917   -1.1791    0.1391
 2152 KLVMGDV   -8.0196   -9.9973   -1.9777    0.1391
 2153 KLVMGDV   -8.0196   -9.9973   -1.9777    0.1391
 2154 KLVMGDV   -8.0196   -9.9973   -1.9777    0.1391
 2155 KLIMGDV   -7.2645   -8.7479   -1.4834    0.1391
 2156 KLIMGDV   -7.2645   -8.7479   -1.4834    0.1391
 2157 KLIMGEV   -6.2001   -8.0007   -1.8006    0.1391
 2158 KLIMGDV   -6.1023   -7.5858   -1.4834    0.1391
 2159 KLVMGDL   -5.2618   -7.9750   -2.7131    0.1391
 2160 KLVMGDV   -6.9898   -8.9675   -1.9777    0.1391
 2161 KLVMGEV   -7.0144   -9.3093   -2.2949    0.1391
 2162 KLVVGVE   -5.3601   -7.6604   -2.3003    0.1391
 2163 KLIVGEV   -6.3479   -8.0739   -1.7260    0.1391
 2164 KLVVGEI   -5.1417   -6.8677   -1.7260    0.1391
 2165 KLVVGEI   -5.1417   -6.8677   -1.7260    0.1391
 2166 KLMVGEI   -4.3250   -6.1256   -1.8006    0.1391
 2167 KLMVGEA   -2.6455   -8.2164   -5.5709    0.1391
 2168 KLVVGEG   -3.2265   -8.8154   -5.5889    0.1391
 2169 KLVVGGE   -4.3329  -10.0331   -5.7003    0.1391
 2170 ELVVGGE   -4.4512  -10.9615   -6.5103    0.1391
 2171 ELVVGGE   -4.4512  -10.9615   -6.5103    0.1391
 2172 GLEVGVE   -4.6376  -10.8136   -6.1760    0.1391
 2173 ELEVGVL   -5.1716   -8.8258   -3.6543    0.1391
 2174 LLVVGEK   -6.9884  -10.1670   -3.1786    0.1391
 2175 LLVVGEK   -6.9884  -10.1670   -3.1786    0.1391
 2176 LLVMGEK   -3.7400   -6.9931   -3.2531    0.1391
 2177 KLVMGEL   -5.7862   -8.8165   -3.0303    0.1391
 2178 KLVLGEM   -6.7415   -9.7717   -3.0303    0.1391
 2179 KLVFGEM   -5.8870   -7.3833   -1.4963    0.1391
 2180 KLVMGEM   -6.5417   -8.8311   -2.2894    0.1391
 2181 KLVEGMM   -5.1308   -7.4202   -2.2894    0.1391
 2182 KLVEGMM   -5.1308   -7.4202   -2.2894    0.1391
 2183 KLVMGME   -5.3896   -7.6790   -2.2894    0.1391
 2184 KLVMGME   -5.3896   -7.6790   -2.2894    0.1391
 2185 KLVMGME   -5.3896   -7.6790   -2.2894    0.1391
 2186 KLVMGMD   -5.7481   -7.7204   -1.9723    0.1391
 2187 KLVMGMD   -5.7481   -7.7204   -1.9723    0.1391
 2188 KLVMGMD   -5.7481   -7.7204   -1.9723    0.1391
 2189 KLVMGAD   -3.4996   -8.7533   -5.2537    0.1391
 2190 KLIEGAM   -4.6425   -8.8390   -4.1966    0.1391
 2191 KLLEGAM   -3.6034   -9.5897   -5.9863    0.1391
 2192 KLLEGAF   -3.6174   -8.0106   -4.3931    0.1391
 2193 KLVEGAV   -4.9737  -10.5499   -5.5763    0.1391
 2194 KLIEGAV   -5.8620  -10.0640   -4.2020    0.1391
 2195 KLVEGAI   -5.7053   -9.9073   -4.2020    0.1391
 2196 KLVEGAI   -5.7053   -9.9073   -4.2020    0.1391
 2197 KLVVGEI   -7.5752   -9.3012   -1.7260    0.1391
 2198 ELVVGKM   -5.9046   -8.1995   -2.2949    0.1391
 2199 ELVVGMK   -6.9775   -9.2723   -2.2949    0.1391
 2200 KLVVGME   -6.3918   -8.6866   -2.2949    0.1391
 2201 KLVVGME   -6.3918   -8.6866   -2.2949    0.1391
 2202 KLVVGEI   -6.7697   -8.4957   -1.7260    0.1391
 2203 ELVVGKM   -3.5221   -5.8170   -2.2949    0.1391
 2204 ELMKGVV   -4.0019   -6.2967   -2.2949    0.1391
 2205 DLMEGVV   -3.9106   -6.6984   -2.7877    0.1391
 2206 KLVVGEV   -9.6333  -11.9335   -2.3003    0.1391
 2207 KLVEGVV   -8.2380  -10.5383   -2.3003    0.1391
 2208 KLVDGVV   -8.0061   -9.9892   -1.9831    0.1391
 2209 KLVDGVV   -8.0061   -9.9892   -1.9831    0.1391
 2210 KLVDGVV   -8.0061   -9.9892   -1.9831    0.1391
 2211 KLVEGVV   -7.9649  -10.2652   -2.3003    0.1391
 2212 KLMVGEV   -8.5775  -10.8724   -2.2949    0.1391
 2213 KLMLGEV   -5.1775   -8.2078   -3.0303    0.1391
 2214 MLVKGEL   -7.6369  -10.6672   -3.0303    0.1391
 2215 MLVLGEK   -7.7103  -10.9635   -3.2531    0.1391
 2216 MLVLGED   -8.6862  -12.4322   -3.7460    0.1391
 2217 MLVLGED   -8.6862  -12.4322   -3.7460    0.1391
 2218 YLVLGDD   -4.8827   -8.8178   -3.9351    0.1391
 2219 FLVLGDD   -4.9634   -9.8391   -4.8757    0.1391
 2220 FLVYGED   -3.0805   -5.3188   -2.2383    0.1391
 2221 MLVDGEY   -2.2270   -5.8356   -3.6086    0.1391
 2222 MLVEGDW   -6.2939   -9.9419   -3.6480    0.1391
 2223 ELVMGDG   -2.5371   -8.6133   -6.0763    0.1391
 2224 KLVMGDV   -6.5034   -8.4811   -1.9777    0.1391
 2225 KLVMGDV   -6.5034   -8.4811   -1.9777    0.1391
 2226 KLVMGDV   -6.5034   -8.4811   -1.9777    0.1391
 2227 KLVVGDV   -6.7853   -8.7684   -1.9831    0.1391
 2228 KLVVGDV   -6.7853   -8.7684   -1.9831    0.1391
 2229 KLIVGDV   -8.2660   -9.6749   -1.4089    0.1391
 2230 KLIVGDV   -8.2660   -9.6749   -1.4089    0.1391
 2231 KLIVGDV   -8.2660   -9.6749   -1.4089    0.1391
 2232 VLIVGDK   -6.4749   -8.1066   -1.6317    0.1391
 2233 GLIVGDK   -6.7409  -10.7498   -4.0089    0.1391
 2234 MLIVGDK   -9.1690  -10.8753   -1.7063    0.1391
 2235 MLIVGDE   -9.5581  -12.0744   -2.5163    0.1391
 2236 MLIVGDE   -9.5581  -12.0744   -2.5163    0.1391
 2237 MLIVGED   -8.6670  -11.1832   -2.5163    0.1391
 2238 MLVVGKE   -7.4670   -9.9847   -2.5177    0.1391
 2239 MLVVGEE   -7.7867  -11.1144   -3.3277    0.1391
 2240 MLVVGDD   -8.9916  -11.6851   -2.6934    0.1391
 2241 MLDVGVD   -7.4738   -9.8329   -2.3591    0.1391
 2242 MLVVGDD   -8.6514  -11.3448   -2.6934    0.1391
 2243 MLMVGDD   -8.8122  -11.5002   -2.6880    0.1391
 2244 MLMVGED   -9.1363  -12.1414   -3.0051    0.1391
 2245 MLMVGEK   -8.4756  -10.9879   -2.5123    0.1391
 2246 KLMVGEM   -8.3936  -10.6830   -2.2894    0.1391
 2247 KLIVGEM   -6.7265   -8.5271   -1.8006    0.1391
 2248 MLEVGKI   -6.0470   -7.7361   -1.6891    0.1391
 2249 MLEVGKI   -6.0470   -7.7361   -1.6891    0.1391
 2250 MLEVGDL   -4.1601   -7.5718   -3.4117    0.1391
 2251 MLEVGLD   -5.4569   -8.8686   -3.4117    0.1391
 2252 MLEVGLD   -5.4569   -8.8686   -3.4117    0.1391
 2253 MLEVGLD   -5.4569   -8.8686   -3.4117    0.1391
 2254 MLEVGLE   -5.1820   -8.9108   -3.7289    0.1391
 2255 MLLVGDE   -7.3647  -11.1107   -3.7460    0.1391
 2256 MLLVGDE   -7.3647  -11.1107   -3.7460    0.1391
 2257 LLMVGDE   -6.4009  -10.1469   -3.7460    0.1391
 2258 LLMVGEE   -6.4777  -10.5408   -4.0631    0.1391
 2259 LLMVGED   -6.6736  -10.4196   -3.7460    0.1391
 2260 VLMVGEE   -8.7839  -12.1116   -3.3277    0.1391
 2261 VLMVGDD   -8.9294  -11.6228   -2.6934    0.1391
 2262 MLDVGMD   -7.1394   -9.4931   -2.3537    0.1391
 2263 MLDVGVD   -8.7650  -11.1241   -2.3591    0.1391
 2264 FLDVGVD   -7.1918   -8.6778   -1.4860    0.1391
 2265 FLDVGVD   -7.1918   -8.6778   -1.4860    0.1391
 2266 FLDVGVD   -7.1918   -8.6778   -1.4860    0.1391
 2267 FLDVGVD   -7.1918   -8.6778   -1.4860    0.1391
 2268 FLDVGVD   -7.1918   -8.6778   -1.4860    0.1391
 2269 FLDVGVD   -7.1918   -8.6778   -1.4860    0.1391
 2270 FLDVGDV   -5.8109   -7.2969   -1.4860    0.1391
 2271 FLDVGEV   -4.9216   -6.7248   -1.8031    0.1391
 2272 FLDVGEV   -4.9216   -6.7248   -1.8031    0.1391
 2273 FLEVGEV   -4.4221   -6.5424   -2.1203    0.1391
 2274 FLEVGEV   -4.4221   -6.5424   -2.1203    0.1391
 2275 FLEVGVE   -6.0185   -8.1387   -2.1203    0.1391
 2276 FLEVGVE   -6.0185   -8.1387   -2.1203    0.1391
 2277 FLEVGVE   -6.0185   -8.1387   -2.1203    0.1391
 2278 FLEVGVD   -7.3025   -9.1057   -1.8031    0.1391
 2279 FLEMGVD   -6.0708   -7.9486   -1.8777    0.1391
 2280 MLVFGED   -7.7560   -9.9680   -2.2120    0.1391
 2281 MLVFGED   -7.7560   -9.9680   -2.2120    0.1391
 2282 MLVFGED   -7.7560   -9.9680   -2.2120    0.1391
 2283 KLVVGMD   -9.3035  -11.2812   -1.9777    0.1391
 2284 KLMVGMD   -8.6537  -10.6260   -1.9723    0.1391
 2285 ELMVGMD   -6.1692   -8.9515   -2.7823    0.1391
 2286 RLLVGVD   -7.7480  -13.7506   -6.0026    0.1391
 2287 RLLVGVD   -7.3684  -13.3710   -6.0026    0.1391
 2288 RLLVGVD   -7.3684  -13.3710   -6.0026    0.1391
 2289 DLLVGVD   -7.6232  -10.7546   -3.1314    0.1391
 2290 DLLVGDV   -6.7256   -9.8570   -3.1314    0.1391
 2291 DLLVGVD   -7.5676  -10.6990   -3.1314    0.1391
 2292 KLLVGVD   -9.4884  -12.1270   -2.6386    0.1391
 2293 KLLVGVD   -9.4884  -12.1270   -2.6386    0.1391
 2294 KLLVGEV   -7.7708  -10.7265   -2.9557    0.1391
 2295 KLLVGVE   -8.9556  -11.9113   -2.9557    0.1391
 2296 KLLVGVD   -9.1031  -11.7417   -2.6386    0.1391
 2297 KLLVGVD   -9.1031  -11.7417   -2.6386    0.1391
 2298 ELMDGVV   -3.4812   -6.2689   -2.7877    0.1391
 2299 DLVEGVM   -3.2157   -6.0034   -2.7877    0.1391
 2300 KLVEGVF   -4.9177   -6.3394   -1.4217    0.1391
 2301 KLVEGVF   -4.9177   -6.3394   -1.4217    0.1391
 2302 KLVVGDF   -8.0375   -9.1421   -1.1046    0.1391
 2303 KLMVGDF   -8.0066   -9.1857   -1.1791    0.1391
 2304 KLMVGDF   -8.0066   -9.1857   -1.1791    0.1391
 2305 MLKVGDV   -8.5405  -10.4068   -1.8663    0.1391
 2306 MLKVGDM   -7.5230   -9.3839   -1.8609    0.1391
 2307 MLKVGDM   -7.5230   -9.3839   -1.8609    0.1391
 2308 MLDVGDF   -5.4123   -6.9729   -1.5606    0.1391
 2309 MLKVGDF   -6.3426   -7.4103   -1.0677    0.1391
 2310 KLVVGDF   -7.9144   -9.0190   -1.1046    0.1391
 2311 KLVVGDF   -7.9144   -9.0190   -1.1046    0.1391
 2312 KLVVGDF   -7.9144   -9.0190   -1.1046    0.1391
 2313 KLVVGDV   -9.0134  -10.9965   -1.9831    0.1391
 2314 KLVVGDV   -9.0134  -10.9965   -1.9831    0.1391
 2315 KLVMGDV   -8.4142  -10.3919   -1.9777    0.1391
 2316 KLVVGDV   -9.0646  -11.0478   -1.9831    0.1391
 2317 KLVIGDV   -9.1268  -10.5357   -1.4089    0.1391
 2318 KLIVGDV   -9.0118  -10.4206   -1.4089    0.1391
 2319 KLIVGDV   -7.3206   -8.7295   -1.4089    0.1447
 2320 KLIVGDV   -7.3206   -8.7295   -1.4089    0.1447
 2321 KLIVGDV   -7.3206   -8.7295   -1.4089    0.1447
 2322 KLLVGEV   -6.6551   -9.6108   -2.9557    0.1447
 2323 KLIVGEV   -7.8267   -9.5527   -1.7260    0.1447
 2324 KLIVGEV   -7.8267   -9.5527   -1.7260    0.1447
 2325 KLIVGEV   -7.8267   -9.5527   -1.7260    0.1447
 2326 KLIVGEV   -7.8267   -9.5527   -1.7260    0.1447
 2327 KLIVGEV   -7.8267   -9.5527   -1.7260    0.1447
 2328 KLIVGEV   -7.8267   -9.5527   -1.7260    0.1447
 2329 KLIVGEV   -7.8267   -9.5527   -1.7260    0.1447
 2330 KLIVGEV   -7.8267   -9.5527   -1.7260    0.1447
 2331 VLVIGEK   -7.4542   -9.4031   -1.9489    0.1447
 2332 VLVKGEY   -6.5126   -9.6338   -3.1211    0.1447
 2333 VLVKGEM   -7.6164   -9.9113   -2.2949    0.1447
 2334 VLVKGEV   -7.5137   -9.8140   -2.3003    0.1447
 2335 VLVKGEI   -7.8235   -9.5495   -1.7260    0.1447
 2336 VLMKGEV   -7.0967   -9.3916   -2.2949    0.1447
 2337 VLVKGEV   -7.5712   -9.8715   -2.3003    0.1447
 2338 VLVKGDV   -7.9265   -9.9096   -1.9831    0.1447
 2339 KLVVGEV   -7.4864   -9.7867   -2.3003    0.1447
 2340 ELVVGVK   -5.6407   -7.9410   -2.3003    0.1447
 2341 ELKVGVV   -8.3576  -10.5464   -2.1889    0.1447
 2342 ELKVGVF   -8.7247  -10.0349   -1.3103    0.1447
 2343 ELFVGVK   -8.6632  -10.0849   -1.4217    0.1447
 2344 ELFVGVK   -8.6632  -10.0849   -1.4217    0.1447
 2345 ELVVGFK   -8.0351   -9.4569   -1.4217    0.1447
 2346 KLVVGFD   -9.2880  -10.3926   -1.1046    0.1447
 2347 KLVVGEF   -8.5745   -9.9962   -1.4217    0.1447
 2348 KLVVGEF   -8.5024   -9.9241   -1.4217    0.1447
 2349 KLVVGEF   -8.5024   -9.9241   -1.4217    0.1447
 2350 KLVVGEF   -8.5024   -9.9241   -1.4217    0.1447
 2351 KLVVGDF   -8.2876   -9.3921   -1.1046    0.1447
 2352 KLVVGDF   -8.2876   -9.3921   -1.1046    0.1447
 2353 KLVVGDL   -8.1276  -10.7662   -2.6386    0.1447
 2354 KLVVGDW   -8.0072  -10.7706   -2.7634    0.1447
 2355 KLVVGDW   -8.0072  -10.7706   -2.7634    0.1447
 2356 KLVVGEV   -9.5214  -11.8217   -2.3003    0.1447
 2357 KLVVGDV   -9.2139  -11.1970   -1.9831    0.1447
 2358 KLVVGDF   -8.3436   -9.4482   -1.1046    0.1447
 2359 KLVVGDF   -8.3436   -9.4482   -1.1046    0.1447
 2360 KLVVGDF   -8.3707   -9.4753   -1.1046    0.1447
 2361 VLKVGDF   -6.3026   -7.2957   -0.9931    0.1447
 2362 VLKVGDF   -6.3026   -7.2957   -0.9931    0.1447
 2363 ALKVGDF   -4.9477   -8.4969   -3.5491    0.1447
 2364 ALKVGDF   -4.9477   -8.4969   -3.5491    0.1447
 2365 ALKVGDF   -5.2096   -8.7587   -3.5491    0.1447
 2366 FLKVGVD   -4.3353   -5.3284   -0.9931    0.1447
 2367 WLVVGDD   -6.9905  -10.4697   -3.4791    0.1447
 2368 FLVVGDD   -7.6316   -9.4519   -1.8203    0.1447
 2369 FLVVGDE   -6.4630   -8.6004   -2.1374    0.1447
 2370 ELVVGDF   -6.2986   -8.2132   -1.9146    0.1447
 2371 DLEVGVF   -6.6405   -8.4436   -1.8031    0.1447
 2372 VLKVGDF   -7.6184   -8.6116   -0.9931    0.1447
 2373 VLKVGDF   -7.6184   -8.6116   -0.9931    0.1447
 2374 VLVVGEK   -6.8902   -9.4134   -2.5231    0.1447
 2375 VLVVGEE   -7.5208  -10.8540   -3.3331    0.1447
 2376 GLIVGEE   -4.2793   -9.4153   -5.1360    0.1447
 2377 ALKVGEW   -5.3939   -8.3990   -3.0051    0.1447
 2378 KLAVGEW   -6.0065   -9.1230   -3.1166    0.1447
 2379 KLAVGEW   -6.0065   -9.1230   -3.1166    0.1447
 2380 KLAVGEW   -6.0065   -9.1230   -3.1166    0.1447
 2381 GLKVGEW   -5.4507   -8.3570   -2.9063    0.1447
 2382 KLMVGEW   -7.1380  -10.2932   -3.1551    0.1447
 2383 KLMVGEV   -8.6095  -10.9044   -2.2949    0.1447
 2384 MLKVGEV   -8.6107  -10.7941   -2.1834    0.1447
 2385 MLKVGEV   -8.6107  -10.7941   -2.1834    0.1447
 2386 MLKVGEM   -8.5348  -10.7128   -2.1780    0.1447
 2387 MLKVGDM   -8.6383  -10.4992   -1.8609    0.1447
 2388 MLKVGDI   -9.0534  -10.4254   -1.3720    0.1447
 2389 MLKVGEI   -9.1319  -10.8211   -1.6891    0.1447
 2390 MLKVGEY   -7.5185  -10.5228   -3.0043    0.1447
 2391 MLKVGEY   -7.5185  -10.5228   -3.0043    0.1447
 2392 MLKVGEY   -7.5185  -10.5228   -3.0043    0.1447
 2393 MLKVGEM   -8.0117  -10.1897   -2.1780    0.1447
 2394 MLKVGEM   -8.0117  -10.1897   -2.1780    0.1447
 2395 MLKVGEM   -8.0117  -10.1897   -2.1780    0.1447
 2396 MLKVGEM   -8.0117  -10.1897   -2.1780    0.1447
 2397 MLKVGEF   -8.3239   -9.7088   -1.3849    0.1447
 2398 MLKVGEF   -8.3239   -9.7088   -1.3849    0.1447
 2399 KLMVGDF   -8.4779   -9.6570   -1.1791    0.1447
 2400 KLMVGDF   -8.4779   -9.6570   -1.1791    0.1447
 2401 KLMVGDF   -8.4779   -9.6570   -1.1791    0.1447
 2402 KLMVGDF   -8.4779   -9.6570   -1.1791    0.1447
 2403 RLMVGDF   -4.1671   -8.7102   -4.5431    0.1447
 2404 RLMVGEF   -3.6204   -8.4807   -4.8603    0.1447
 2405 RLMVGDF   -4.0946   -8.6377   -4.5431    0.1447
 2406 RLMVGDF   -4.0946   -8.6377   -4.5431    0.1447
 2407 RLMVGDF   -4.0946   -8.6377   -4.5431    0.1447
 2408 RLVLGDV   -2.3983   -8.4009   -6.0026    0.1447
 2409 ELVLGDV   -3.1759   -6.6245   -3.4486    0.1447
 2410 ELLVGDV   -4.9435   -8.3920   -3.4486    0.1447
 2411 ELMVGDV   -4.1620   -6.9497   -2.7877    0.1447
 2412 DLVVGEV   -5.1336   -7.9267   -2.7931    0.1447
 2413 DLVVGKV   -7.1352   -9.1183   -1.9831    0.1447
 2414 DLVVGVK   -7.4041   -9.3872   -1.9831    0.1447
 2415 DLVVGKA   -4.2742   -9.5333   -5.2591    0.1447
 2416 DLVVGKL   -6.5542   -9.1927   -2.6386    0.1447
 2417 ELVVGKL   -5.8618   -8.8175   -2.9557    0.1447
 2418 KLVLGEV   -7.5584  -10.5141   -2.9557    0.1447
 2419 KLVLGEV   -7.5584  -10.5141   -2.9557    0.1447
 2420 RLVLGDV   -2.5920   -8.5945   -6.0026    0.1447
 2421 RLVLGDV   -2.5920   -8.5945   -6.0026    0.1447
 2422 RLVLGDM   -1.8351   -7.9122   -6.0771    0.1447
 2423 RLLVGDM   -1.3910   -7.4682   -6.0771    0.1447
 2424 KLLVGDM   -7.9191  -10.6323   -2.7131    0.1447
 2425 KLMVGDM   -7.3157   -9.2879   -1.9723    0.1447
 2426 KLMVGEM   -6.7582   -9.0477   -2.2894    0.1447
 2427 KLMVGEV   -7.1379   -9.4328   -2.2949    0.1447
 2428 MLKVGEV   -6.6683   -8.8517   -2.1834    0.1447
 2429 KLMVGEV   -8.1416  -10.4365   -2.2949    0.1447
 2430 KLMVGEV   -8.1416  -10.4365   -2.2949    0.1447
 2431 KLMVGEV   -8.1416  -10.4365   -2.2949    0.1447
 2432 KLMVGEV   -8.1416  -10.4365   -2.2949    0.1447
 2433 MLKVGEV   -7.3197   -9.5031   -2.1834    0.1447
 2434 MLKVGEV   -7.3197   -9.5031   -2.1834    0.1447
 2435 MLKVGEV   -7.3197   -9.5031   -2.1834    0.1447
 2436 MLKVGDI   -6.4738   -7.8458   -1.3720    0.1447
 2437 ELMVGKI   -5.5577   -7.3583   -1.8006    0.1447
 2438 ELMVGKW   -5.0507   -8.2059   -3.1551    0.1447
 2439 DLMVGKL   -5.1300   -7.8432   -2.7131    0.1447
 2440 ELMVGKI   -5.7978   -7.5984   -1.8006    0.1447
 2441 ELMVGKI   -5.7978   -7.5984   -1.8006    0.1447
 2442 ELMVGKV   -5.8023   -8.0971   -2.2949    0.1447
 2443 ELMVGKV   -5.8023   -8.0971   -2.2949    0.1447
 2444 ELMVGKV   -5.8023   -8.0971   -2.2949    0.1447
 2445 ELMVGKM   -5.1621   -7.4515   -2.2894    0.1447
 2446 ELMVGKM   -5.1621   -7.4515   -2.2894    0.1447
 2447 DLMVGKM   -5.6675   -7.6398   -1.9723    0.1447
 2448 DLMVGKM   -5.6675   -7.6398   -1.9723    0.1447
 2449 MLMVGED   -7.6026  -10.6078   -3.0051    0.1447
 2450 MLMVGED   -7.6026  -10.6078   -3.0051    0.1447
 2451 MLMVGKD   -7.1624   -9.3575   -2.1951    0.1447
 2452 MLMVGED   -6.0982   -9.1033   -3.0051    0.1447
 2453 MLMVGED   -6.0982   -9.1033   -3.0051    0.1447
 2454 ELMVGMK   -6.4969   -8.7864   -2.2894    0.1447
 2455 DLMVGME   -5.3178   -8.1001   -2.7823    0.1447
 2456 ELMVGME   -4.7392   -7.8386   -3.0994    0.1447
 2457 KLMVGME   -7.9301  -10.2195   -2.2894    0.1447
 2458 KLIVGVE   -8.6455  -10.3715   -1.7260    0.1447
 2459 KLIVGVE   -8.6455  -10.3715   -1.7260    0.1447
 2460 ELMVGIK   -8.9682  -10.7688   -1.8006    0.1447
 2461 DLMVGIK   -7.8797   -9.3632   -1.4834    0.1447
 2462 DLMVGIK   -7.8797   -9.3632   -1.4834    0.1447
 2463 KLMVGID   -9.9687  -11.4521   -1.4834    0.1447
 2464 KLMVGID   -9.9687  -11.4521   -1.4834    0.1447
 2465 KLMVGVD  -10.1115  -12.0892   -1.9777    0.1447
 2466 KLVVGVD  -10.0479  -12.0311   -1.9831    0.1447
 2467 KLVVGVD  -10.0479  -12.0311   -1.9831    0.1447
 2468 KLVVGVD  -10.0479  -12.0311   -1.9831    0.1447
 2469 KLVVGVD  -10.0479  -12.0311   -1.9831    0.1447
 2470 KLVVGVD  -10.0479  -12.0311   -1.9831    0.1447
 2471 KLVVGVD  -10.0479  -12.0311   -1.9831    0.1447
 2472 KLVVGVD  -10.0479  -12.0311   -1.9831    0.1447
 2473 KLVVGVD  -10.0479  -12.0311   -1.9831    0.1447
 2474 KLVVGVD  -10.0479  -12.0311   -1.9831    0.1447
 2475 KLIVGDV   -8.7746  -10.1834   -1.4089    0.1447
 2476 KLIVGDV   -8.7746  -10.1834   -1.4089    0.1447
 2477 KLVVGDI   -6.6481   -8.0569   -1.4089    0.1447
 2478 VLIVGDK   -7.7613   -9.3931   -1.6317    0.1447
 2479 VLMVGDD   -7.7790  -10.4724   -2.6934    0.1447
 2480 VLMVGDE   -7.6007  -10.6113   -3.0106    0.1447
 2481 MLLVGDE   -8.4969  -12.2429   -3.7460    0.1447
 2482 ILLVGDE   -5.5017  -10.9989   -5.4971    0.1447
 2483 ILMVGDE   -7.4775   -9.9938   -2.5163    0.1447
 2484 ILMVEGK   -3.0632   -4.9752   -1.9120    0.1447
 2485 ILMVEGE   -3.4349   -6.1569   -2.7220    0.1447
 2486 ILMVEGK   -3.0853   -4.9973   -1.9120    0.1447
 2487 VLKIGEM   -5.7077   -7.3968   -1.6891    0.1447
 2488 KLMIGVE   -7.4548   -9.2554   -1.8006    0.1447
 2489 KLMIGEV   -6.7016   -8.5022   -1.8006    0.1447
 2490 KLMIGVE   -8.6658  -10.4664   -1.8006    0.1447
 2491 MLKIGVD   -8.1728   -9.5448   -1.3720    0.1447
 2492 KLMIGVD   -8.1656   -9.6490   -1.4834    0.1447
 2493 KLMMGVD   -6.7877   -8.7600   -1.9723    0.1447
 2494 KLMMGVD   -6.7877   -8.7600   -1.9723    0.1447
 2495 KLMMGVD   -6.7877   -8.7600   -1.9723    0.1447
 2496 MLKVGVD   -7.2367   -9.1030   -1.8663    0.1447
 2497 MLVEGVD   -8.6291  -11.4168   -2.7877    0.1447
 2498 MLVEGVD   -8.6291  -11.4168   -2.7877    0.1447
 2499 MLEVGVD   -9.2288  -11.9051   -2.6763    0.1447
 2500 MLEVGIE   -8.3161  -10.8152   -2.4991    0.1447
 2501 MLVKGEF   -8.5410  -10.0373   -1.4963    0.1447
 2502 MLVKGEF   -8.5410  -10.0373   -1.4963    0.1447
 2503 MLVKGDF   -8.4915   -9.6707   -1.1791    0.1447
 2504 MLVKGEF   -8.1089   -9.6052   -1.4963    0.1447
 2505 MLVKGEL   -6.6580   -9.6883   -3.0303    0.1447
 2506 MLVKGEL   -6.6580   -9.6883   -3.0303    0.1447
 2507 MLVKGEM   -7.7243  -10.0138   -2.2894    0.1447
 2508 MLVGGDE   -3.4848   -9.7839   -6.2991    0.1447
 2509 MLVLGDE   -8.8102  -12.5562   -3.7460    0.1447
 2510 MLVLGDK   -9.1159  -12.0519   -2.9360    0.1447
 2511 MLILGDK   -7.5919  -12.3536   -4.7617    0.1447
 2512 MLIKGDF   -4.8819   -7.8868   -3.0049    0.1447
 2513 MLMKGDF   -5.3135   -6.5672   -1.2537    0.1447
 2514 MLMKGDF   -4.5424   -5.7961   -1.2537    0.1447
 2515 MLMKGDF   -4.5424   -5.7961   -1.2537    0.1447
 2516 MLMFGDD   -2.9375   -4.9069   -1.9694    0.1447
 2517 MLVDGDM   -4.9945   -7.4596   -2.4651    0.1447
 2518 MLVDGDM   -4.9945   -7.4596   -2.4651    0.1447
 2519 DLVKGMM   -3.4242   -5.3964   -1.9723    0.1447
 2520 MLMDGVD   -5.0568   -7.5220   -2.4651    0.1447
 2521 MLMEGVD   -5.0157   -7.7980   -2.7823    0.1447
 2522 MLEEGVM   -3.0722   -6.2830   -3.2109    0.1447
 2523 MLEEGVM   -4.5741   -7.7849   -3.2109    0.1400
 2524 MLEFGVE   -5.0126   -7.2074   -2.1949    0.1400
 2525 MLEFGVE   -4.9317   -7.1266   -2.1949    0.1400
 2526 MLEFGVD   -5.1177   -6.9954   -1.8777    0.1400
 2527 MLEFGVD   -5.1177   -6.9954   -1.8777    0.1400
 2528 MLKFGDV   -4.8423   -5.9101   -1.0677    0.1400
 2529 MLKFGVD   -5.9273   -6.9950   -1.0677    0.1400
 2530 MLDFGVK   -5.1572   -6.2249   -1.0677    0.1400
 2531 MLDMGVK   -5.4732   -7.3341   -1.8609    0.1400
 2532 MLDVGVK   -6.3847   -8.2510   -1.8663    0.1400
 2533 KLVDGVM   -5.1257   -7.1034   -1.9777    0.1400
 2534 MLKVGVD   -4.7272   -6.5935   -1.8663    0.1400
 2535 MLKVGVE   -3.9887   -6.1722   -2.1834    0.1400
 2536 MLEMGVE   -3.4393   -6.4273   -2.9880    0.1400
 2537 MLEFGVE   -3.0257   -5.2205   -2.1949    0.1400
 2538 MLDFGVK   -3.0291   -4.0968   -1.0677    0.1400
 2539 MLDFGEV   -0.9903   -2.8680   -1.8777    0.1400
 2540 FLDMGEM    0.8700   -1.0823   -1.9523    0.1400
 2541 MLIEGEF   -1.8996   -6.0316   -4.1320    0.1400
 2542 MLIFGEE   -2.4404   -6.7953   -4.3549    0.1400
 2543 MLEIGEI   -3.7976   -8.1225   -4.3249    0.1400
 2544 MLIIGDE   -2.8349   -7.1769   -4.3420    0.1400
 2545 MLIIGDK   -3.4360   -6.9680   -3.5320    0.1400
 2546 MLDIGAK   -3.6519   -7.4199   -3.7680    0.1400
 2547 MLDVGAK   -2.5443   -7.6866   -5.1423    0.1400
 2548 MLDKGAV   -3.8481   -9.2133   -5.3651    0.1400
 2549 MLDKGAI   -4.2953   -8.2862   -3.9909    0.1400
 2550 MLMKGDI   -4.2372   -5.7952   -1.5580    0.1400
 2551 MLMKGEI   -4.0459   -5.9210   -1.8751    0.1400
 2552 MLMKGDM   -4.7042   -6.6710   -1.9669    0.1400
 2553 MLMKGEM   -3.7082   -5.9922   -2.2840    0.1400
 2554 MLMKGDV   -5.5323   -7.5045   -1.9723    0.1400
 2555 KLMMGDV   -5.9332   -7.9055   -1.9723    0.1400
 2556 KLMMGDV   -5.9332   -7.9055   -1.9723    0.1400
 2557 KLVMGDV   -5.6828   -7.6605   -1.9777    0.1400
 2558 KLVVGDL   -6.7915   -9.4301   -2.6386    0.1400
 2559 KLVVGDL   -6.7915   -9.4301   -2.6386    0.1400
 2560 KLVVGDL   -6.7915   -9.4301   -2.6386    0.1400
 2561 KLVVGDI   -7.8117   -9.2206   -1.4089    0.1400
 2562 ILVVGDK   -7.0589   -8.6906   -1.6317    0.1400
 2563 MLVVGDK   -7.8392  -10.0398   -2.2006    0.1400
 2564 MLVVGDK   -7.8392  -10.0398   -2.2006    0.1400
 2565 MLVIGDD   -8.8020  -11.0011   -2.1991    0.1400
 2566 MLVIGDD   -8.8020  -11.0011   -2.1991    0.1400
 2567 MLVIGDE   -8.3825  -10.8988   -2.5163    0.1400
 2568 MLVIGEE   -7.9543  -10.7877   -2.8334    0.1400
 2569 MLVIGEE   -7.9543  -10.7877   -2.8334    0.1400
 2570 MLVIGEE   -7.9543  -10.7877   -2.8334    0.1400
 2571 MLVIGEE   -7.9543  -10.7877   -2.8334    0.1400
 2572 MLVIGED   -8.3725  -10.8887   -2.5163    0.1400
 2573 MLVIGEK   -8.1457  -10.1692   -2.0234    0.1400
 2574 MLVIGEK   -8.1457  -10.1692   -2.0234    0.1400
 2575 MLVIGEK   -8.8910  -10.9144   -2.0234    0.1400
 2576 MLVIGDE   -8.2713  -10.7876   -2.5163    0.1400
 2577 MLVIGED   -8.7409  -11.2572   -2.5163    0.1400
 2578 MLVIGED   -8.7409  -11.2572   -2.5163    0.1400
 2579 MLVIGED   -8.7409  -11.2572   -2.5163    0.1400
 2580 MLIVGED   -9.2640  -11.7803   -2.5163    0.1400
 2581 MLIVGED   -9.2640  -11.7803   -2.5163    0.1400
 2582 MLIVGEK   -9.0272  -11.0506   -2.0234    0.1400
 2583 MLIVGEE   -8.9504  -11.7839   -2.8334    0.1400
 2584 MLIVGED   -9.2618  -11.7781   -2.5163    0.1400
 2585 MLIVGED   -9.2618  -11.7781   -2.5163    0.1400
 2586 MLIVGEE   -8.8002  -11.6336   -2.8334    0.1400
 2587 MLIVGEE   -8.8002  -11.6336   -2.8334    0.1400
 2588 MLIVGEE   -8.8002  -11.6336   -2.8334    0.1400
 2589 MLVIGEE   -7.4579  -10.2913   -2.8334    0.1400
 2590 MLVIGEE   -7.4579  -10.2913   -2.8334    0.1400
 2591 MLVIGEE   -7.4579  -10.2913   -2.8334    0.1400
 2592 MLVIGEK   -7.0449   -9.0684   -2.0234    0.1400
 2593 MLVIGEK   -7.0449   -9.0684   -2.0234    0.1400
 2594 MLVIGEK   -7.0449   -9.0684   -2.0234    0.1400
 2595 MLVIGEK   -7.0449   -9.0684   -2.0234    0.1400
 2596 MLVIGEK   -7.0449   -9.0684   -2.0234    0.1400
 2597 MLVIGEK   -7.0449   -9.0684   -2.0234    0.1400
 2598 MLVIGEE   -7.6378  -10.4713   -2.8334    0.1400
 2599 MLVIGEE   -7.6378  -10.4713   -2.8334    0.1400
 2600 ELVIGME   -3.1519   -5.7625   -2.6106    0.1400
 2601 DLVIGEM   -5.1624   -7.4558   -2.2934    0.1400
 2602 KLIVGEM   -6.6797   -8.4802   -1.8006    0.1400
 2603 KLIVGEM   -6.6797   -8.4802   -1.8006    0.1400
 2604 KLIVGDM   -6.3992   -7.8826   -1.4834    0.1400
 2605 KLIVGDM   -6.3992   -7.8826   -1.4834    0.1400
 2606 KLIVGDM   -6.3992   -7.8826   -1.4834    0.1400
 2607 KLIVGEM   -5.9992   -7.7998   -1.8006    0.1400
 2608 KLVIGEM   -5.4120   -7.2126   -1.8006    0.1400
 2609 KLMIGEV   -6.3830   -8.1836   -1.8006    0.1400
 2610 KLMIGEV   -6.3830   -8.1836   -1.8006    0.1400
 2611 KLVIGEY   -5.9433   -7.6902   -1.7469    0.1400
 2612 KLVIGEY   -5.9433   -7.6902   -1.7469    0.1400
 2613 KLIVGEY   -6.4888   -8.2356   -1.7469    0.1400
 2614 KLIVGEY   -6.4888   -8.2356   -1.7469    0.1400
 2615 KLIVGEV   -8.1586   -9.8846   -1.7260    0.1400
 2616 KLIVGDV   -8.1337   -9.5426   -1.4089    0.1400
 2617 KLVVGDI   -8.0196   -9.4284   -1.4089    0.1400
 2618 KLVVGLD   -7.6657  -10.3043   -2.6386    0.1400
 2619 KLVVGLD   -7.6657  -10.3043   -2.6386    0.1400
 2620 KLVVGLD   -7.6657  -10.3043   -2.6386    0.1400
 2621 KLLVGVD   -7.6728  -10.3113   -2.6386    0.1400
 2622 KLLVGEV   -8.7257  -11.6814   -2.9557    0.1400
 2623 KLLVGEV   -8.7257  -11.6814   -2.9557    0.1400
 2624 KLLVGEV   -8.7257  -11.6814   -2.9557    0.1400
 2625 KLLVGEV   -8.7257  -11.6814   -2.9557    0.1400
 2626 KLVLGEV   -8.1678  -11.1235   -2.9557    0.1400
 2627 KLVLGDV   -7.9961  -10.6347   -2.6386    0.1400
 2628 KLVLGDV   -7.9961  -10.6347   -2.6386    0.1400
 2629 KLVLGDV   -7.9961  -10.6347   -2.6386    0.1400
 2630 KLVLGDV   -7.9961  -10.6347   -2.6386    0.1400
 2631 KLVLGDV   -7.9961  -10.6347   -2.6386    0.1400
 2632 KLVLGDV   -7.9961  -10.6347   -2.6386    0.1400
 2633 KLVLGDV   -7.9257  -10.5643   -2.6386    0.1400
 2634 KLVDGLV   -4.2546   -6.8931   -2.6386    0.1400
 2635 KLVDGLV   -4.2546   -6.8931   -2.6386    0.1400
 2636 KLEVGVL   -4.0181   -6.8624   -2.8443    0.1400
 2637 LLEVGDV   -5.6539   -8.9911   -3.3371    0.1400
 2638 MLEVGDV   -7.3400  -10.0163   -2.6763    0.1400
 2639 ILKVGDM   -6.7155   -8.0875   -1.3720    0.1400
 2640 ILKVGDM   -6.7155   -8.0875   -1.3720    0.1400
 2641 ILVVGDK   -8.1204   -9.7522   -1.6317    0.1400
 2642 ILVMGDK   -7.6970   -9.4033   -1.7063    0.1400
 2643 ILVMGDK   -7.6970   -9.4033   -1.7063    0.1400
 2644 ILVMGKD   -4.5016   -6.2079   -1.7063    0.1400
 2645 MLVIGED   -6.5139   -9.0302   -2.5163    0.1400
 2646 MLVIGED   -6.5139   -9.0302   -2.5163    0.1400
 2647 MLVIGEE   -6.9049   -9.7383   -2.8334    0.1400
 2648 ILVMGEE   -6.4999   -9.3334   -2.8334    0.1400
 2649 MLVIGEK   -6.2873   -8.3107   -2.0234    0.1400
 2650 VLVKGID   -3.8688   -5.2777   -1.4089    0.1400
 2651 VLVIGKD   -3.6829   -5.3146   -1.6317    0.1400
 2652 ILVVGKD   -4.5747   -6.2064   -1.6317    0.1400
 2653 KLIAGDV   -4.7679   -8.6528   -3.8849    0.1400
 2654 KLIAGDV   -4.7679   -8.6528   -3.8849    0.1400
 2655 ILKAGDV   -2.9408   -6.7143   -3.7734    0.1400
 2656 GLKDGMV    1.0573   -4.2089   -5.2663    0.1400
 2657 GLKEGMV    0.3032   -5.2803   -5.5834    0.1400
 2658 GLKEGAV   -0.3254   -9.1903   -8.8649    0.1400
 2659 YLKEGAV   -0.7026   -7.2112   -6.5086    0.1400
 2660 WLKEGAV   -4.4972   -7.7252   -3.2280    0.1400
 2661 ILKEGAV   -4.5931   -8.9065   -4.3134    0.1400
 2662 ILKEGAV   -4.5931   -8.9065   -4.3134    0.1400
 2663 VLKEGAI   -5.0342   -9.3477   -4.3134    0.1400
 2664 VLKEGAI   -5.0342   -9.3477   -4.3134    0.1400
 2665 VLKEGAI   -5.0342   -9.3477   -4.3134    0.1400
 2666 KLVEGAI   -4.5597   -8.7617   -4.2020    0.1400
 2667 KLVDGMI   -8.1608   -9.6443   -1.4834    0.1400
 2668 KLVDGMY   -4.9176   -7.7162   -2.7986    0.1400
 2669 KLVDGML   -6.7198   -9.4329   -2.7131    0.1400
 2670 KLVDGMV   -7.6690   -9.6467   -1.9777    0.1400
 2671 KLVMGDV   -7.1303   -9.1080   -1.9777    0.1400
 2672 KLVMGDV   -7.1303   -9.1080   -1.9777    0.1400
 2673 KLVMGEV   -7.3166   -9.6115   -2.2949    0.1400
 2674 KLVIGDI   -5.7118   -8.9464   -3.2346    0.1400
 2675 KLIVGDA   -6.9393  -10.8241   -3.8849    0.1400
 2676 KLVIGDA   -6.8699  -10.7547   -3.8849    0.1400
 2677 KLIIGEA   -6.0887   -8.9164   -2.8277    0.1400
 2678 KLIIGAD   -7.8953  -10.4059   -2.5106    0.1400
 2679 KLIIGAD   -7.8953  -10.4059   -2.5106    0.1400
 2680 KLIIGAD   -7.8953  -10.4059   -2.5106    0.1400
 2681 KLVIGAD   -8.1441  -12.0290   -3.8849    0.1400
 2682 KLIVGAD   -8.4396  -12.3245   -3.8849    0.1400
 2683 ALIVGED   -4.9502   -9.8679   -4.9177    0.1400
 2684 ALVLGEK   -3.4810   -9.6956   -6.2146    0.1400
 2685 DLVLGAK   -4.7844  -10.4590   -5.6746    0.1400
 2686 DLAVGVK   -4.5290   -9.7882   -5.2591    0.1400
 2687 ALDVGVK   -4.1079   -9.2556   -5.1477    0.1400
 2688 ALDIGVK   -4.7373   -8.5107   -3.7734    0.1400
 2689 ALVIGDK   -6.3979  -10.5056   -4.1077    0.1400
 2690 ALIVGDK   -6.9469  -11.0546   -4.1077    0.1400
 2691 ALIVGDE   -6.7549  -11.6726   -4.9177    0.1400
 2692 ALIVGED   -6.4552  -11.3730   -4.9177    0.1400
 2693 ALKIGEI   -4.4505   -7.1668   -2.7163    0.1400
 2694 ALKIGEI   -4.4505   -7.1668   -2.7163    0.1400
 2695 ALDIGKI   -5.6162   -8.0154   -2.3991    0.1400
 2696 GLDIGKI   -5.1990   -7.4993   -2.3003    0.1400
 2697 GLEIGKI   -6.1933   -8.8107   -2.6174    0.1400
 2698 GLEIGKI   -6.1933   -8.8107   -2.6174    0.1400
 2699 GLEIGKI   -6.1933   -8.8107   -2.6174    0.1400
 2700 ALEIGKI   -6.6028   -9.3191   -2.7163    0.1400
 2701 ALEIGKI   -6.6028   -9.3191   -2.7163    0.1400
 2702 ALEIGKI   -6.6028   -9.3191   -2.7163    0.1400
 2703 ALEIGKI   -6.6028   -9.3191   -2.7163    0.1400
 2704 ALEIGKI   -6.6845   -9.4007   -2.7163    0.1400
 2705 ALEIGKI   -6.6845   -9.4007   -2.7163    0.1400
 2706 ALDIGKI   -5.6263   -8.0255   -2.3991    0.1400
 2707 YLKIGID   -0.7184   -3.2624   -2.5440    0.1400
 2708 YLKIGID   -0.7184   -3.2624   -2.5440    0.1400
 2709 YLKIGDI   -1.7272   -4.2712   -2.5440    0.1400
 2710 GLDIGKI   -4.2061   -6.5064   -2.3003    0.1400
 2711 GLKIGDV   -4.7695   -8.4440   -3.6746    0.1400
 2712 GLKIGDF   -5.6452   -7.7212   -2.0760    0.1400
 2713 GLKIGDF   -5.6452   -7.7212   -2.0760    0.1400
 2714 GLKIGEF   -4.8666   -7.2597   -2.3931    0.1400
 2715 GLKIGDI   -5.2399   -7.5402   -2.3003    0.1400
 2716 GLKIGDI   -5.2399   -7.5402   -2.3003    0.1400
 2717 GLKIGDF   -5.4097   -7.4857   -2.0760    0.1400
 2718 GLIDGDF   -5.1112   -7.7915   -2.6803    0.1400
 2719 GLIDGFK   -4.8693   -7.0568   -2.1874    0.1400
 2720 GLIDGIK   -4.4299   -6.8416   -2.4117    0.1400
 2721 GLIIGEK   -6.6281   -9.5799   -2.9517    0.1400
 2722 GLIIGED   -6.9114  -10.3560   -3.4446    0.1400
 2723 GLIIGED   -6.9114  -10.3560   -3.4446    0.1400
 2724 GLIIGED   -6.1317   -9.5763   -3.4446    0.1426
 2725 GLIIGKD   -5.9461   -8.5806   -2.6346    0.1426
 2726 GLIIGKD   -5.9461   -8.5806   -2.6346    0.1426
 2727 GLIKGLD   -4.3460   -8.5474   -4.2014    0.1426
 2728 GLKIGLD   -5.1173   -9.2073   -4.0900    0.1426
 2729 LLIKGGD   -4.7134   -9.1377   -4.4243    0.1426
 2730 LLIKGGD   -4.7134   -9.1377   -4.4243    0.1426
 2731 ILIKGGD   -6.3433   -8.9779   -2.6346    0.1426
 2732 ILIKGDG   -4.5600   -7.0832   -2.5231    0.1426
 2733 KLIIGDG   -6.7826   -9.3058   -2.5231    0.1426
 2734 KLIIGEG   -5.6818   -8.5221   -2.8403    0.1426
 2735 KLIIGEA   -5.8564   -8.6842   -2.8277    0.1426
 2736 ELAIGIK   -3.3941   -6.2218   -2.8277    0.1426
 2737 ELVIGMK   -6.1954   -7.9959   -1.8006    0.1426
 2738 ELMIGVK   -5.5275   -7.3281   -1.8006    0.1426
 2739 KLMIGVD   -8.0122   -9.4957   -1.4834    0.1426
 2740 KLMIGVD   -8.0122   -9.4957   -1.4834    0.1426
 2741 KLMIGVE   -7.3072   -9.1078   -1.8006    0.1426
 2742 KLMIGVE   -7.3072   -9.1078   -1.8006    0.1426
 2743 KLMIGVE   -7.3072   -9.1078   -1.8006    0.1426
 2744 KLVIGVE   -9.5130  -11.2390   -1.7260    0.1426
 2745 KLVIGVE   -9.5130  -11.2390   -1.7260    0.1426
 2746 KLVIGVE   -9.5130  -11.2390   -1.7260    0.1426
 2747 KLVIGVE   -9.2323  -10.9583   -1.7260    0.1426
 2748 KLVIGVE   -9.2323  -10.9583   -1.7260    0.1426
 2749 KLVIGVE   -9.2323  -10.9583   -1.7260    0.1426
 2750 KLVIGVD   -9.4688  -10.8777   -1.4089    0.1426
 2751 KLVIGVD   -9.4688  -10.8777   -1.4089    0.1426
 2752 KLVIGVD   -9.4688  -10.8777   -1.4089    0.1426
 2753 KLVIGVD   -9.4688  -10.8777   -1.4089    0.1426
 2754 KLVIGVD   -9.4688  -10.8777   -1.4089    0.1426
 2755 KLVIGVD   -9.4688  -10.8777   -1.4089    0.1426
 2756 KLVIGVD   -9.4688  -10.8777   -1.4089    0.1426
 2757 KLVIGVD   -9.4688  -10.8777   -1.4089    0.1426
 2758 KLVFGDG   -4.9379   -8.6110   -3.6731    0.1426
 2759 KLVFGDV   -7.4888   -8.5934   -1.1046    0.1426
 2760 KLLVGDV   -8.3922  -11.0308   -2.6386    0.1426
 2761 KLIVGDV   -8.2810   -9.6899   -1.4089    0.1426
 2762 KLVIGDV   -8.9697  -10.3785   -1.4089    0.1426
 2763 KLVIGDV   -8.9697  -10.3785   -1.4089    0.1426
 2764 KLVMGVD   -8.4066  -10.3844   -1.9777    0.1426
 2765 KLVIGMD   -9.0936  -10.5770   -1.4834    0.1426
 2766 KLVIGMD   -9.0936  -10.5770   -1.4834    0.1426
 2767 KLVLGME   -8.1389  -11.1692   -3.0303    0.1426
 2768 KLVLGMD   -8.3292  -11.0423   -2.7131    0.1426
 2769 KLVVGMD   -8.3342  -10.3119   -1.9777    0.1426
 2770 KLMVGMD   -7.3500   -9.3222   -1.9723    0.1426
 2771 KLLVGMD   -7.8934  -10.6065   -2.7131    0.1426
 2772 KLMVGLD   -7.2013   -9.9144   -2.7131    0.1426
 2773 KLMVGLD   -7.2013   -9.9144   -2.7131    0.1426
 2774 KLMVGLD   -7.2013   -9.9144   -2.7131    0.1426
 2775 KLMVGLD   -7.2013   -9.9144   -2.7131    0.1426
 2776 KLMVGEL   -6.0595   -9.0898   -3.0303    0.1426
 2777 KLMVGLD   -7.8061  -10.5192   -2.7131    0.1426
 2778 KLMVGLD   -7.8061  -10.5192   -2.7131    0.1426
 2779 KLMVGLD   -7.8061  -10.5192   -2.7131    0.1426
 2780 KLMVGVD   -8.6983  -10.6761   -1.9777    0.1426
 2781 KLMVGVD   -8.6983  -10.6761   -1.9777    0.1426
 2782 KLMVGVD   -8.6983  -10.6761   -1.9777    0.1426
 2783 KLIVGDV   -7.1286   -8.5375   -1.4089    0.1426
 2784 KLIVGDV   -7.1286   -8.5375   -1.4089    0.1426
 2785 KLIVGVD   -8.5299   -9.9388   -1.4089    0.1426
 2786 KLIVGVD   -8.5299   -9.9388   -1.4089    0.1426
 2787 KLIVGVD   -8.5299   -9.9388   -1.4089    0.1426
 2788 KLVVGMD   -9.3117  -11.2894   -1.9777    0.1426
 2789 KLVVGMD   -9.3117  -11.2894   -1.9777    0.1426
 2790 KLLVGMD   -8.8000  -11.5132   -2.7131    0.1426
 2791 KLLVGMD   -8.8000  -11.5132   -2.7131    0.1426
 2792 KLVLGVD   -8.3365  -10.9751   -2.6386    0.1426
 2793 KLVLGVD   -8.3365  -10.9751   -2.6386    0.1426
 2794 KLVLGVD   -8.3365  -10.9751   -2.6386    0.1426
 2795 KLVLGVD   -8.3365  -10.9751   -2.6386    0.1426
 2796 KLVLGVD   -9.2440  -11.8826   -2.6386    0.1426
 2797 KLVLGVD   -9.2440  -11.8826   -2.6386    0.1426
 2798 KLVLGVD   -9.2440  -11.8826   -2.6386    0.1426
 2799 KLVFGVD   -8.4342   -9.5388   -1.1046    0.1426
 2800 KLVFGVD   -8.4342   -9.5388   -1.1046    0.1426
 2801 KLVFGVD   -8.4342   -9.5388   -1.1046    0.1426
 2802 KLVFGVD   -8.4342   -9.5388   -1.1046    0.1426
 2803 KLVFGVD   -8.4342   -9.5388   -1.1046    0.1426
 2804 KLVFGVD   -8.4342   -9.5388   -1.1046    0.1426
 2805 KLVFGVD   -8.4342   -9.5388   -1.1046    0.1426
 2806 KLVVGDV   -8.6640  -10.6472   -1.9831    0.1426
 2807 KLVVGVD   -9.1578  -11.1409   -1.9831    0.1426
 2808 KLIVGMD   -8.7630  -10.2464   -1.4834    0.1426
 2809 KLIVGMD   -8.7630  -10.2464   -1.4834    0.1426
 2810 KLIVGMD   -8.7630  -10.2464   -1.4834    0.1426
 2811 KLIVGVD   -9.5030  -10.9118   -1.4089    0.1426
 2812 KLIVGVD   -9.5030  -10.9118   -1.4089    0.1426
 2813 KLIVGVD   -9.5030  -10.9118   -1.4089    0.1426
 2814 KLVVGVD   -9.4486  -11.4317   -1.9831    0.1426
 2815 KLLVGVD   -9.7176  -12.3562   -2.6386    0.1426
 2816 KLLVGVE   -8.8787  -11.8344   -2.9557    0.1426
 2817 KLVVGVE   -8.5725  -10.8728   -2.3003    0.1426
 2818 KLVLGVD   -9.7616  -12.4002   -2.6386    0.1426
 2819 KLVLGVD   -9.7616  -12.4002   -2.6386    0.1426
 2820 KLVLGVD   -9.7616  -12.4002   -2.6386    0.1426
 2821 KLVLGVD   -9.7616  -12.4002   -2.6386    0.1426
 2822 KLVVGVD   -9.5941  -11.5772   -1.9831    0.1426
 2823 KLIVGVD   -8.5898   -9.9986   -1.4089    0.1426
 2824 DLIDGVV   -3.7012   -5.6029   -1.9017    0.1426
 2825 VLIVGDD   -6.9408   -9.0654   -2.1246    0.1426
 2826 VLILGDD   -2.6941   -7.8741   -5.1800    0.1426
 2827 GLILGDD   -3.6753   -8.5924   -4.9171    0.1426
 2828 GLVLGDD   -4.0393  -10.3308   -6.2914    0.1426
 2829 GLVLGED   -3.3526   -9.9612   -6.6086    0.1426
 2830 YLVEGLD   -2.3216   -6.3510   -4.0294    0.1426
 2831 YLEVGDW   -2.1236   -5.0064   -2.8829    0.1426
 2832 YLKVGDW   -1.7107   -3.7835   -2.0729    0.1426
 2833 LLKVGDY   -0.8367   -3.9447   -3.1080    0.1426
 2834 LLKVGDY   -0.8367   -3.9447   -3.1080    0.1426
 2835 VLDVGDY    0.6315   -2.5539   -3.1854    0.1426
 2836 DLVVGDY   -3.1560   -6.4529   -3.2969    0.1426
 2837 DLVDGVY   -0.7810   -4.0779   -3.2969    0.1426
 2838 DLVVGKL   -3.4868   -6.1254   -2.6386    0.1426
 2839 KLVVGDW   -5.9269   -8.6903   -2.7634    0.1426
 2840 KLVVGDV   -8.1100  -10.0931   -1.9831    0.1426
 2841 KLVVGEV   -7.8513  -10.1516   -2.3003    0.1426
 2842 KLVVGEV   -7.8513  -10.1516   -2.3003    0.1426
 2843 KLVIGDV   -8.3455   -9.7543   -1.4089    0.1426
 2844 KLVIGEV   -8.3966  -10.1226   -1.7260    0.1426
 2845 KLVIGEV   -8.3966  -10.1226   -1.7260    0.1426
 2846 KLIVGEV   -8.5657  -10.2917   -1.7260    0.1426
 2847 DLIVGDV   -4.4615   -6.3632   -1.9017    0.1426
 2848 DLIVGDV   -4.7929   -6.6946   -1.9017    0.1426
 2849 DLIVGVE   -6.7118   -8.9307   -2.2189    0.1426
 2850 DLIVGVE   -6.7118   -8.9307   -2.2189    0.1426
 2851 KLMVGVE   -9.7509  -12.0457   -2.2949    0.1426
 2852 KLMVGVE   -9.7509  -12.0457   -2.2949    0.1426
 2853 KLMVGVD   -9.8835  -11.8612   -1.9777    0.1426
 2854 MLKVGVE   -8.9552  -11.1386   -2.1834    0.1426
 2855 MLKVGEV   -8.5071  -10.6905   -2.1834    0.1426
 2856 MLKVGEV   -8.5071  -10.6905   -2.1834    0.1426
 2857 LLKVGEV   -6.9540   -9.7983   -2.8443    0.1426
 2858 KLIVGEV   -7.4154   -9.1414   -1.7260    0.1426
 2859 KLEVGIV   -6.2364   -7.8509   -1.6146    0.1426
 2860 KLEVGIV   -6.2364   -7.8509   -1.6146    0.1426
 2861 ILKVGDV   -6.7681   -8.0655   -1.2974    0.1426
 2862 VLKIGDV   -5.7633   -7.0607   -1.2974    0.1426
 2863 VLKIGDV   -5.7633   -7.0607   -1.2974    0.1426
 2864 VLVIGDK   -7.2522   -8.8839   -1.6317    0.1426
 2865 DLVIGVD   -6.5360   -8.4377   -1.9017    0.1426
 2866 ELVVGVD   -7.6981  -10.4912   -2.7931    0.1426
 2867 VLIVGDD   -8.4530  -10.5776   -2.1246    0.1426
 2868 VLIVGDD   -8.4530  -10.5776   -2.1246    0.1426
 2869 VLRVGDW   -5.1060  -11.1220   -6.0160    0.1426
 2870 VLEVGDW   -4.7923   -8.2543   -3.4620    0.1426
 2871 VLEVGDV   -5.6129   -8.2947   -2.6817    0.1426
 2872 VLEVGDV   -5.6129   -8.2947   -2.6817    0.1426
 2873 VLVVGEE   -8.7883  -12.1214   -3.3331    0.1426
 2874 VLVVGEE   -8.7883  -12.1214   -3.3331    0.1426
 2875 VLIVGED   -9.6729  -12.1146   -2.4417    0.1426
 2876 VLIVGEE  -10.0750  -12.8338   -2.7589    0.1426
 2877 VLIVGEE  -10.0750  -12.8338   -2.7589    0.1426
 2878 VLIVGEE  -10.0750  -12.8338   -2.7589    0.1426
 2879 VLVVGEE   -8.7753  -12.1084   -3.3331    0.1426
 2880 VLLVGEE   -7.9191  -11.9077   -3.9886    0.1426
 2881 VLLVGEK   -7.1746  -10.3531   -3.1786    0.1426
 2882 KLLVGEV   -6.5298   -9.4855   -2.9557    0.1426
 2883 VLLVGEE   -8.0826  -12.0712   -3.9886    0.1426
 2884 VLLVGEE   -8.0826  -12.0712   -3.9886    0.1426
 2885 LLMVGDE   -7.5339  -11.2799   -3.7460    0.1426
 2886 ALMVGKE   -4.4912  -10.2849   -5.7937    0.1426
 2887 GLMVGKE   -3.9811   -9.6760   -5.6949    0.1426
 2888 GLMVGDK   -5.3194  -10.6971   -5.3777    0.1426
 2889 GLMVGED   -4.8424  -11.0301   -6.1877    0.1426
 2890 GLLVGDE   -6.0038  -12.6124   -6.6086    0.1426
 2891 GLVVGDD   -5.3339  -11.2099   -5.8760    0.1426
 2892 GLVVGDD   -5.3339  -11.2099   -5.8760    0.1426
 2893 GLVIGDE   -6.3708  -11.1897   -4.8189    0.1426
 2894 GLVIGEE   -5.6710  -10.8070   -5.1360    0.1426
 2895 GLVLGEE   -4.7498  -11.6756   -6.9257    0.1426
 2896 GLVVGEK   -4.9208  -10.6211   -5.7003    0.1426
 2897 GLVEGVK   -4.5080   -9.9855   -5.4774    0.1426
 2898 FLVEGVK   -7.4164   -8.8381   -1.4217    0.1426
 2899 FLVEGVD   -7.3582   -9.2728   -1.9146    0.1426
 2900 FLEVGVD   -7.4940   -9.2972   -1.8031    0.1426
 2901 FLEVGVD   -7.4940   -9.2972   -1.8031    0.1426
 2902 FLEVGVD   -7.4940   -9.2972   -1.8031    0.1426
 2903 FLKVGVD   -6.7458   -7.7389   -0.9931    0.1426
 2904 FLKVGVD   -6.7458   -7.7389   -0.9931    0.1426
 2905 MLEVGVD   -8.1940  -10.8703   -2.6763    0.1426
 2906 MLVVGEE   -8.4621  -11.7898   -3.3277    0.1426
 2907 MLMVGDE   -8.8940  -11.8992   -3.0051    0.1426
 2908 LLMVGDE   -7.8860  -11.6320   -3.7460    0.1426
 2909 ILMVGDE   -8.7171  -11.2334   -2.5163    0.1426
 2910 VLIIGDE   -4.8619   -9.1294   -4.2674    0.1426
 2911 ALIIGDE   -5.2928   -8.8362   -3.5434    0.1426
 2912 ALIIGDE   -5.2928   -8.8362   -3.5434    0.1426
 2913 ALIIGDD   -5.4399   -8.6662   -3.2263    0.1426
 2914 MLIIGDK   -6.5132  -10.0452   -3.5320    0.1426
 2915 MLIIGEK   -6.2548  -10.1040   -3.8491    0.1426
 2916 MLVIGEE   -7.0906   -9.9240   -2.8334    0.1426
 2917 MLIVGDE   -9.5103  -12.0266   -2.5163    0.1426
 2918 MLIVGED  -10.0750  -12.5913   -2.5163    0.1426
 2919 MLIVGDD  -10.3755  -12.5746   -2.1991    0.1426
 2920 MLIVGDD  -10.3755  -12.5746   -2.1991    0.1426
 2921 MLIVGDD  -10.3755  -12.5746   -2.1991    0.1426
 2922 MLIVGED  -10.0892  -12.6055   -2.5163    0.1426
 2923 MLLVGDK   -8.2272  -11.1632   -2.9360    0.1426
 2924 MLLVGEE   -8.3333  -12.3964   -4.0631    0.1426
 2925 MLLVGED   -9.0797  -12.8257   -3.7460    0.1426
 2926 MLLVGED   -9.0797  -12.8257   -3.7460    0.1426
 2927 MLLVGED   -9.0797  -12.8257   -3.7460    0.1426
 2928 MLLVGED   -9.0968  -12.8428   -3.7460    0.1470
 2929 MLLVGED   -9.0968  -12.8428   -3.7460    0.1470
 2930 MLLVGED   -9.0968  -12.8428   -3.7460    0.1470
 2931 MLLVGED   -9.0968  -12.8428   -3.7460    0.1470
 2932 MLLVGED   -9.0968  -12.8428   -3.7460    0.1470
 2933 MLIVGEE   -6.1091   -8.9426   -2.8334    0.1470
 2934 MLIVGEE   -6.1091   -8.9426   -2.8334    0.1470
 2935 MLVIGKE   -5.5670   -7.5904   -2.0234    0.1470
 2936 MLDIGKV   -5.7262   -7.0982   -1.3720    0.1470
 2937 MLVIGKD   -7.2972   -9.0034   -1.7063    0.1470
 2938 MLVIGDK   -8.0240   -9.7303   -1.7063    0.1470
 2939 MLVIGDK   -8.0240   -9.7303   -1.7063    0.1470
 2940 MLIVGED   -8.0699  -10.5862   -2.5163    0.1470
 2941 MLIEGVD   -6.6015   -8.8949   -2.2934    0.1470
 2942 MLVEGIK   -4.5280   -6.3286   -1.8006    0.1470
 2943 MLIEGVK   -5.4487   -7.2492   -1.8006    0.1470
 2944 MLVEGVD   -8.3330  -11.1207   -2.7877    0.1470
 2945 MLVEGDV   -7.6679  -10.4556   -2.7877    0.1470
 2946 MLVDGDV   -6.1784   -8.6490   -2.4706    0.1470
 2947 MLMDGVD   -7.7842  -10.2493   -2.4651    0.1470
 2948 MLMDGVD   -7.7842  -10.2493   -2.4651    0.1470
 2949 MLMEGVD   -8.7898  -11.5721   -2.7823    0.1470
 2950 MLMKGVD   -8.5474  -10.5197   -1.9723    0.1470
 2951 KLMVGMD   -7.5636   -9.5359   -1.9723    0.1470
 2952 MLMVGKD   -6.7374   -8.9326   -2.1951    0.1470
 2953 VLMVGKD   -5.8544   -8.0550   -2.2006    0.1470
 2954 KLMLGDV   -6.2542   -8.9673   -2.7131    0.1470
 2955 KLMLGDV   -6.2542   -8.9673   -2.7131    0.1470
 2956 KLMLGDV   -6.2542   -8.9673   -2.7131    0.1470
 2957 KLMLGDM   -5.8020   -8.5897   -2.7877    0.1470
 2958 KLMLGDM   -5.8020   -8.5897   -2.7877    0.1470
 2959 KLMIGDM   -6.1224   -7.6804   -1.5580    0.1470
 2960 KLMIGDM   -6.1224   -7.6804   -1.5580    0.1470
 2961 MLKIGDM   -6.6638   -8.1104   -1.4466    0.1470
 2962 MLMKGDI   -7.7012   -9.2592   -1.5580    0.1470
 2963 KLMMGDI   -7.3180   -8.8760   -1.5580    0.1470
 2964 KLIMGDI   -4.5967   -7.9059   -3.3091    0.1470
 2965 KLMVGDI   -7.8984   -9.3818   -1.4834    0.1470
 2966 MLKVGDV   -8.1099   -9.9762   -1.8663    0.1470
 2967 MLKVGDV   -8.0749   -9.9412   -1.8663    0.1470
 2968 MLKVGDF   -6.9794   -8.0471   -1.0677    0.1470
 2969 MLMKGDM   -6.2026   -8.1694   -1.9669    0.1470
 2970 MLMKGEM   -6.4710   -8.7550   -2.2840    0.1470
 2971 MLMKGEL   -5.6461   -8.7510   -3.1049    0.1470
 2972 MLMEGEL   -4.2619   -8.1768   -3.9149    0.1470
 2973 MLLKGDM   -5.5441   -8.3318   -2.7877    0.1470
 2974 MLLKGEM   -3.7729   -6.8778   -3.1049    0.1470
 2975 MLLMGDK   -3.6221   -6.6326   -3.0106    0.1470
 2976 MLVDGMK   -5.6923   -7.6646   -1.9723    0.1470
 2977 MLVDGMK   -6.1535   -8.1258   -1.9723    0.1470
 2978 DLMVGVK   -7.6787   -9.6564   -1.9777    0.1470
 2979 DLMVGVK   -7.6787   -9.6564   -1.9777    0.1470
 2980 DLMIGVK   -7.6541   -9.1375   -1.4834    0.1470
 2981 DLMIGVK   -7.6541   -9.1375   -1.4834    0.1470
 2982 DLVVGIK   -8.4842   -9.8931   -1.4089    0.1470
 2983 DLVIGVK   -7.8944   -9.3033   -1.4089    0.1470
 2984 DLVIGVK   -7.8944   -9.3033   -1.4089    0.1470
 2985 DLVIGVK   -7.8944   -9.3033   -1.4089    0.1470
 2986 DLLVGIK   -5.1511   -9.6154   -4.4643    0.1470
 2987 ELLVGIK   -5.4239  -10.2053   -4.7814    0.1470
 2988 ELVVGIK   -9.0497  -10.7757   -1.7260    0.1470
 2989 ELIVGVK   -8.6915  -10.4175   -1.7260    0.1470
 2990 ELVVGIK   -8.0389   -9.7649   -1.7260    0.1470
 2991 ELVVGIK   -8.0389   -9.7649   -1.7260    0.1470
 2992 KLIVGVE   -7.3563   -9.0823   -1.7260    0.1470
 2993 RLVVGEI   -4.7809   -9.8709   -5.0900    0.1470
 2994 DLVVGEM   -5.6157   -8.4034   -2.7877    0.1470
 2995 DLLVGDM   -6.2527   -9.4587   -3.2060    0.1470
 2996 ELLVGDM   -6.6531  -10.1762   -3.5231    0.1470
 2997 KLLVGEY   -9.5354  -13.0720   -3.5366    0.1470
 2998 KLLVGEY   -9.5354  -13.0720   -3.5366    0.1470
 2999 KLLVGEY   -9.5354  -13.0720   -3.5366    0.1470
 3000 KLMVGEY   -8.3803  -11.4960   -3.1157    0.1470
 3001 KLLVGEY   -8.8238  -12.3604   -3.5366    0.1470
 3002 KLLVGEM   -8.5374  -11.5677   -3.0303    0.1470
 3003 KLLVGEM   -8.5374  -11.5677   -3.0303    0.1470
 3004 KLLVGEM   -8.5374  -11.5677   -3.0303    0.1470
 3005 KLLVGEM   -8.5374  -11.5677   -3.0303    0.1470
 3006 KLLVGEM   -8.5374  -11.5677   -3.0303    0.1470
 3007 KLMVGLE   -8.6077  -11.6380   -3.0303    0.1470
 3008 KLVLGME   -7.1259  -10.1562   -3.0303    0.1470
 3009 KLVMGID   -7.4018   -8.8852   -1.4834    0.1470
 3010 KLVMGID   -7.4018   -8.8852   -1.4834    0.1470
 3011 KLVMGIE   -7.0479   -8.8485   -1.8006    0.1470
 3012 MLVEGEI   -5.1089   -7.7195   -2.6106    0.1470
 3013 MLEVGEI   -5.2370   -7.7362   -2.4991    0.1470
 3014 MLEVGKV   -7.2849   -9.4683   -2.1834    0.1470
 3015 MLEVGKV   -7.2849   -9.4683   -2.1834    0.1470
 3016 MLEVGKV   -7.2849   -9.4683   -2.1834    0.1470
 3017 MLEVGKV   -7.2849   -9.4683   -2.1834    0.1470
 3018 VLEVGMK   -5.6798   -7.8633   -2.1834    0.1470
 3019 ELMVGMK   -6.6125   -8.9019   -2.2894    0.1470
 3020 ELMVGMK   -6.6125   -8.9019   -2.2894    0.1470
 3021 ELKVGMI   -6.0888   -7.7780   -1.6891    0.1470
 3022 KLEVGMI   -6.0213   -7.7104   -1.6891    0.1470
 3023 MLEIGKV   -6.1429   -7.8320   -1.6891    0.1470
 3024 MLEIGVE   -6.0209   -8.5200   -2.4991    0.1470
 3025 MLEIGVD   -7.2561   -9.4381   -2.1820    0.1470
 3026 MLEIGVD   -7.7638   -9.9458   -2.1820    0.1470
 3027 MLIEGVD   -6.9342   -9.2276   -2.2934    0.1470
 3028 MLIVGED   -7.6198  -10.1361   -2.5163    0.1470
 3029 MLIVGDD   -7.7186   -9.9177   -2.1991    0.1470
 3030 MLIVGDD   -7.7186   -9.9177   -2.1991    0.1470
 3031 MLIVGDK   -6.3842   -8.0905   -1.7063    0.1470
 3032 ILVKGDM   -8.6719  -10.1553   -1.4834    0.1470
 3033 ILVKGDM   -8.6719  -10.1553   -1.4834    0.1470
 3034 ILVKGDM   -8.6719  -10.1553   -1.4834    0.1470
 3035 ILVKGDM   -8.6719  -10.1553   -1.4834    0.1470
 3036 VLIKGDM   -8.0438   -9.5272   -1.4834    0.1470
 3037 VLIKGDM   -8.0438   -9.5272   -1.4834    0.1470
 3038 VLIEGKM   -4.8849   -6.6855   -1.8006    0.1470
 3039 KLIEGMV   -3.9465   -5.7471   -1.8006    0.1470
 3040 KLVEGMV   -3.7590   -6.0538   -2.2949    0.1470
 3041 MLVKGEV   -6.6427   -8.9376   -2.2949    0.1470
 3042 MLVKGEV   -6.6427   -8.9376   -2.2949    0.1470
 3043 MLVKGEV   -6.6427   -8.9376   -2.2949    0.1470
 3044 MLVKGEV   -6.6427   -8.9376   -2.2949    0.1470
 3045 MLVKGEV   -6.6427   -8.9376   -2.2949    0.1470
 3046 MLVKGVE   -5.2958   -7.5906   -2.2949    0.1470
 3047 MLEVGVK   -6.1818   -8.3652   -2.1834    0.1470
 3048 MLRVGVE   -2.0885   -7.6360   -5.5474    0.1470
 3049 DLIEGVV   -4.6159   -6.8347   -2.2189    0.1470
 3050 DLVEGVI   -5.3306   -7.5494   -2.2189    0.1470
 3051 DLVEGVF   -5.6839   -7.5985   -1.9146    0.1470
 3052 DLMEGVM   -5.0960   -7.8783   -2.7823    0.1470
 3053 DLMEGVM   -5.0960   -7.8783   -2.7823    0.1470
 3054 DLEMGVM   -4.4463   -7.1172   -2.6709    0.1470
 3055 KLEMGVM   -4.8533   -7.0313   -2.1780    0.1470
 3056 MLEKGIM   -7.4597   -9.4463   -1.9866    0.1470
 3057 MLEKGIV   -7.5805   -9.4925   -1.9120    0.1470
 3058 MLEIGKV   -7.4489   -9.1381   -1.6891    0.1470
 3059 MLEVGKV   -8.4165  -10.5999   -2.1834    0.1470
 3060 MLKVGEV   -7.4619   -9.6453   -2.1834    0.1470
 3061 MLKVGEV   -7.4619   -9.6453   -2.1834    0.1470
 3062 MLKVGEV   -7.4619   -9.6453   -2.1834    0.1470
 3063 MLEVGEV   -5.9069   -8.9003   -2.9934    0.1470
 3064 MLVEGDV   -6.1076   -8.8953   -2.7877    0.1470
 3065 MLVEGDV   -4.7575   -7.5452   -2.7877    0.1470
 3066 DLVMGEV   -4.9766   -7.7643   -2.7877    0.1470
 3067 ELVMGKV   -4.9351   -7.2299   -2.2949    0.1470
 3068 ELVMGKV   -4.9351   -7.2299   -2.2949    0.1470
 3069 KLVVGEM   -4.9617   -7.2566   -2.2949    0.1470
 3070 KLVVGME   -5.3259   -7.6208   -2.2949    0.1470
 3071 KLVVGME   -5.3259   -7.6208   -2.2949    0.1470
 3072 KLMVGDV   -7.8770   -9.8547   -1.9777    0.1470
 3073 MLKVGDV   -9.1678  -11.0340   -1.8663    0.1470
 3074 MLKVGDV   -9.2021  -11.0684   -1.8663    0.1470
 3075 MLKVGDA   -5.5751  -10.7174   -5.1423    0.1470
 3076 MLKIGDA   -4.3339   -8.1019   -3.7680    0.1470
 3077 MLMAGKD   -4.5184   -9.9895   -5.4711    0.1470
 3078 MLMAGDD   -5.1846  -11.1486   -5.9640    0.1470
 3079 MLMAGDD   -5.1846  -11.1486   -5.9640    0.1470
 3080 MLLAGDD   -5.1057  -11.4906   -6.3849    0.1470
 3081 MLIAGKD   -5.3773   -9.4796   -4.1023    0.1470
 3082 MLIAGDD   -5.6972  -10.2923   -4.5951    0.1470
 3083 MLIAGDD   -5.6972  -10.2923   -4.5951    0.1470
 3084 MLLAGDD   -4.7963  -11.1812   -6.3849    0.1470
 3085 MLLDGAD   -3.3926   -9.5546   -6.1620    0.1470
 3086 MLLEGDM   -6.4739  -10.0717   -3.5977    0.1470
 3087 MLIEGMD   -4.2315   -6.5995   -2.3680    0.1470
 3088 ALMDGIE   -2.3864   -7.0758   -4.6894    0.1470
 3089 ALMDGLD   -4.4038  -10.5658   -6.1620    0.1470
 3090 ALMDGLD   -4.4038  -10.5658   -6.1620    0.1470
 3091 ALMEGLD   -4.7212  -11.2004   -6.4791    0.1470
 3092 ALMDGLE   -4.1727  -10.6519   -6.4791    0.1470
 3093 ALMEGLE   -4.5224  -11.3187   -6.7963    0.1470
 3094 ALMDGLE   -4.1561  -10.6352   -6.4791    0.1470
 3095 ALMDGLK   -4.2064   -9.8755   -5.6691    0.1470
 3096 KLMDGLA   -3.5920   -9.2611   -5.6691    0.1470
 3097 KLMDGLG   -3.5650   -9.1353   -5.5703    0.1470
 3098 KLMDGLF   -2.9637   -7.1983   -4.2346    0.1470
 3099 KLMDGLY   -4.1992   -7.4132   -3.2140    0.1470
 3100 KLMDGLV   -6.1281   -8.8413   -2.7131    0.1470
 3101 KLMDGLV   -6.1281   -8.8413   -2.7131    0.1470
 3102 KLMDGVL   -3.7492   -6.4623   -2.7131    0.1470
 3103 KLMDGVL   -3.7492   -6.4623   -2.7131    0.1470
 3104 KLMVGLD   -7.4402  -10.1533   -2.7131    0.1470
 3105 KLMVGLD   -7.4402  -10.1533   -2.7131    0.1470
 3106 KLMVGLD   -7.4402  -10.1533   -2.7131    0.1470
 3107 KLMVGLD   -7.4402  -10.1533   -2.7131    0.1470
 3108 KLLVGMD   -7.7892  -10.5023   -2.7131    0.1470
 3109 MLLVGKD   -6.4014   -9.3374   -2.9360    0.1470
 3110 MLLVGKD   -6.4014   -9.3374   -2.9360    0.1470
 3111 MLLVGKD   -6.4014   -9.3374   -2.9360    0.1470
 3112 MLMVGKD   -5.5036   -7.6987   -2.1951    0.1470
 3113 MLMVGED   -7.9398  -10.9449   -3.0051    0.1470
 3114 MLVMGED   -7.7660  -10.7712   -3.0051    0.1470
 3115 MLVMGDE   -7.4189  -10.4240   -3.0051    0.1470
 3116 MLEIGDV   -5.7690   -7.9510   -2.1820    0.1470
 3117 MLVIGDK   -6.9114   -8.6176   -1.7063    0.1470
 3118 MLMIGDK   -6.4736   -8.2544   -1.7809    0.1470
 3119 MLMKGDI   -7.2064   -8.7644   -1.5580    0.1470
 3120 ILMKGMD   -2.8969   -4.4549   -1.5580    0.1470
 3121 ILMKGMD   -2.8969   -4.4549   -1.5580    0.1470
 3122 ILVDGGD   -3.9084   -8.4101   -4.5017    0.1470
 3123 ILVDGGD   -3.9084   -8.4101   -4.5017    0.1470
 3124 ILVEGGD   -5.0035   -9.8223   -4.8189    0.1470
 3125 ILVEGGD   -4.9779   -9.7968   -4.8189    0.1470
 3126 ILVEGAD   -5.5466  -10.2415   -4.6949    0.1470
 3127 VLIEGDA   -4.2300   -8.9249   -4.6949    0.1470
 3128 ILVEGDA   -4.7411   -9.4360   -4.6949    0.1470
 3129 ILVEGDA   -5.1441   -9.8389   -4.6949    0.1216
 3130 KLVIGDA   -5.6855   -9.5704   -3.8849    0.1216
 3131 ILKVGDI   -6.3816   -9.5047   -3.1231    0.1216
 3132 ALKVGDI   -4.7852   -8.5586   -3.7734    0.1216
 3133 ALKVGEI   -4.9575   -9.0481   -4.0906    0.1216
 3134 ALKVGEI   -4.9575   -9.0481   -4.0906    0.1216
 3135 GLKVGEI   -4.6122   -8.6039   -3.9917    0.1216
 3136 GLKDGVI   -3.2389   -7.1363   -3.8974    0.1216
 3137 GLIVGDK   -5.7407   -9.7495   -4.0089    0.1216
 3138 GLIVGDD   -6.4363  -10.9380   -4.5017    0.1216
 3139 GLVVGDD   -6.3127  -12.1887   -5.8760    0.1216
 3140 GLVVGDK   -6.5419  -11.9250   -5.3831    0.1216
 3141 GLVVGDD   -6.3521  -12.2281   -5.8760    0.1216
 3142 GLVVGED   -5.9279  -12.1210   -6.1931    0.1216
 3143 GLLVGED   -5.3415  -11.9501   -6.6086    0.1216
 3144 GLLVGDD   -5.9948  -12.2862   -6.2914    0.1216
 3145 GLLVGDD   -5.9948  -12.2862   -6.2914    0.1216
 3146 GLLVGDD   -5.9948  -12.2862   -6.2914    0.1216
 3147 GLLVGDK   -6.2091  -12.0076   -5.7986    0.1216
 3148 GLLVGDE   -6.1825  -12.7910   -6.6086    0.1216
 3149 GLIVGDD   -7.2207  -11.7224   -4.5017    0.1216
 3150 GLIVGKE   -6.8723  -11.1983   -4.3260    0.1216
 3151 GLIVGKE   -6.8723  -11.1983   -4.3260    0.1216
 3152 GLIVGKE   -6.8723  -11.1983   -4.3260    0.1216
 3153 GLIVGED   -6.6203  -11.4392   -4.8189    0.1216
 3154 GLIVGED   -6.6203  -11.4392   -4.8189    0.1216
 3155 GLIVGDD   -7.3836  -11.8853   -4.5017    0.1216
 3156 GLIVGDD   -7.3836  -11.8853   -4.5017    0.1216
 3157 GLIVGDD   -7.3836  -11.8853   -4.5017    0.1216
 3158 GLIVGDD   -7.3836  -11.8853   -4.5017    0.1216
 3159 GLLVGDE   -6.0808  -12.6893   -6.6086    0.1216
 3160 GLVVGDE   -6.3690  -12.5622   -6.1931    0.1216
 3161 GLLVGDE   -6.0741  -12.6827   -6.6086    0.1216
 3162 GLLVGDD   -6.3843  -12.6757   -6.2914    0.1216
 3163 GLLIGED   -6.3188  -11.5531   -5.2343    0.1216
 3164 GLLEGID   -4.4957   -9.5072   -5.0114    0.1216
 3165 GLLEGIE   -4.6589   -9.9874   -5.3286    0.1216
 3166 GLLEGIE   -4.6589   -9.9874   -5.3286    0.1216
 3167 GLLIGEK   -3.8530   -8.5944   -4.7414    0.1216
 3168 GLLIGDK   -4.1512   -8.5755   -4.4243    0.1216
 3169 GLLIGDD   -4.1477   -9.0649   -4.9171    0.1216
 3170 GLLLGEK   -4.5667  -11.0979   -6.5311    0.1216
 3171 GLLLGEE   -4.1570  -11.4981   -7.3411    0.1216
 3172 GLLLGEE   -4.1570  -11.4981   -7.3411    0.1216
 3173 GLLLGEE   -4.1570  -11.4981   -7.3411    0.1216
 3174 GLLLGEK   -4.3555  -10.8866   -6.5311    0.1216
 3175 GLILGED   -4.2247   -9.4590   -5.2343    0.1216
 3176 GLILGEK   -4.5535   -9.2949   -4.7414    0.1216
 3177 GLIVGDK   -5.4814   -9.4902   -4.0089    0.1216
 3178 GLVIGDK   -6.6694  -10.6782   -4.0089    0.1216
 3179 GLVIGDK   -6.6653  -10.6741   -4.0089    0.1216
 3180 GLIVGDK   -6.8640  -10.8729   -4.0089    0.1216
 3181 GLIVGDK   -6.8640  -10.8729   -4.0089    0.1216
 3182 GLIIGDK   -7.7541  -10.3887   -2.6346    0.1216
 3183 GLIIGDK   -7.7541  -10.3887   -2.6346    0.1216
 3184 GLIIGDK   -7.7541  -10.3887   -2.6346    0.1216
 3185 GLIIGDK   -7.7541  -10.3887   -2.6346    0.1216
 3186 GLIVGDK   -7.0274  -11.0363   -4.0089    0.1216
 3187 GLIVGDK   -7.0274  -11.0363   -4.0089    0.1216
 3188 GLIVGDE   -7.0075  -11.8263   -4.8189    0.1216
 3189 GLIVGDE   -7.0075  -11.8263   -4.8189    0.1216
 3190 GLVIGEE   -6.0109  -11.1469   -5.1360    0.1216
 3191 GLVIGEE   -6.0109  -11.1469   -5.1360    0.1216
 3192 GLVIGDK   -6.2591  -10.2680   -4.0089    0.1216
 3193 GLMIGDK   -6.3816  -10.3850   -4.0034    0.1216
 3194 GLMIGDD   -6.4916  -10.9878   -4.4963    0.1216
 3195 GLMIGDD   -6.4916  -10.9878   -4.4963    0.1216
 3196 GLMIGDD   -6.4916  -10.9878   -4.4963    0.1216
 3197 GLMIGDD   -6.4916  -10.9878   -4.4963    0.1216
 3198 GLMIGDE   -6.5315  -11.3450   -4.8134    0.1216
 3199 GLMIGDK   -6.5881  -10.5915   -4.0034    0.1216
 3200 GLIIGDK   -8.2006  -10.8352   -2.6346    0.1216
 3201 GLIIGDE   -8.1921  -11.6367   -3.4446    0.1216
 3202 GLIIGDE   -8.1921  -11.6367   -3.4446    0.1216
 3203 GLIIGDD   -8.0008  -11.1283   -3.1274    0.1216
 3204 GLIIGDE   -8.1497  -11.5943   -3.4446    0.1216
 3205 GLIIGDK   -8.0136  -10.6482   -2.6346    0.1216
 3206 GLIIGDE   -7.7270  -11.1716   -3.4446    0.1216
 3207 GLIVGDE   -7.0283  -11.8472   -4.8189    0.1216
 3208 GLIIGDE   -7.7329  -11.1775   -3.4446    0.1216
 3209 GLIIGDE   -7.7329  -11.1775   -3.4446    0.1216
 3210 GLIMGDK   -5.4922   -9.4957   -4.0034    0.1216
 3211 GLILGDK   -6.9214  -11.3457   -4.4243    0.1216
 3212 GLIVGDE   -7.1983  -12.0172   -4.8189    0.1216
 3213 GLVIGDK   -6.4900  -10.4988   -4.0089    0.1216
 3214 GLMIGDK   -6.3760  -10.3795   -4.0034    0.1216
 3215 GLMIGDD   -6.6343  -11.1306   -4.4963    0.1216
 3216 GLMVGDD   -5.4757  -11.3462   -5.8706    0.1216
 3217 GLMVGED   -5.3651  -11.5528   -6.1877    0.1216
 3218 GLMVGED   -5.3651  -11.5528   -6.1877    0.1216
 3219 GLMIGED   -6.4688  -11.2823   -4.8134    0.1216
 3220 GLVIGDE   -6.7357  -11.5545   -4.8189    0.1216
 3221 GLVIGDE   -6.7357  -11.5545   -4.8189    0.1216
 3222 GLVIGDE   -6.7357  -11.5545   -4.8189    0.1216
 3223 GLVIGDE   -6.7357  -11.5545   -4.8189    0.1216
 3224 GLMVGDE   -6.1180  -12.3057   -6.1877    0.1216
 3225 GLVVGDE   -6.1010  -12.2941   -6.1931    0.1216
 3226 GLEVGVK   -4.0082   -9.3742   -5.3660    0.1216
 3227 MLVEGVK   -7.8601  -10.1549   -2.2949    0.1216
 3228 MLKVGVD   -9.0346  -10.9009   -1.8663    0.1216
 3229 MLKVGVD   -9.0346  -10.9009   -1.8663    0.1216
 3230 MLKVGVE   -8.8992  -11.0826   -2.1834    0.1216
 3231 MLKEGVV   -8.2441  -10.6504   -2.4063    0.1216
 3232 MLKEGVI   -9.1327  -11.0447   -1.9120    0.1216
 3233 MLKEGVI   -9.1327  -11.0447   -1.9120    0.1216
 3234 MLKEGVI   -9.1327  -11.0447   -1.9120    0.1216
 3235 MLKEGVI   -9.1327  -11.0447   -1.9120    0.1216
 3236 MLKEGVF   -9.6100  -11.2177   -1.6077    0.1216
 3237 MLKEGVI   -9.1388  -11.0508   -1.9120    0.1216
 3238 MLKEGVI   -9.1388  -11.0508   -1.9120    0.1216
 3239 MLKEGVF   -9.6037  -11.2115   -1.6077    0.1216
 3240 MLKEGVF   -9.6037  -11.2115   -1.6077    0.1216
 3241 MLKDGVF   -7.9673   -9.2579   -1.2906    0.1216
 3242 MLKDGVF   -7.9673   -9.2579   -1.2906    0.1216
 3243 MLKVGDF   -9.7868  -10.8546   -1.0677    0.1216
 3244 MLKVGDF   -9.7868  -10.8546   -1.0677    0.1216
 3245 MLKVGDF   -9.7868  -10.8546   -1.0677    0.1216
 3246 MLKVGDF   -9.7868  -10.8546   -1.0677    0.1216
 3247 MLKVGDF   -9.7868  -10.8546   -1.0677    0.1216
 3248 MLKVGDF   -9.7868  -10.8546   -1.0677    0.1216
 3249 MLKVGDF   -9.7868  -10.8546   -1.0677    0.1216
 3250 MLKDGVF   -8.2372   -9.5278   -1.2906    0.1216
 3251 MLKVGDV   -9.0834  -10.9497   -1.8663    0.1216
 3252 MLKVGDV   -9.0834  -10.9497   -1.8663    0.1216
 3253 MLKVGEF   -8.9196  -10.3044   -1.3849    0.1216
 3254 MLKEGVF   -7.9554   -9.5631   -1.6077    0.1216
 3255 MLKEGVI   -9.0152  -10.9272   -1.9120    0.1216
 3256 MLKEGVI   -9.0152  -10.9272   -1.9120    0.1216
 3257 MLKVGEI   -9.7402  -11.4293   -1.6891    0.1216
 3258 MLKAGEV   -4.9927  -10.4521   -5.4594    0.1216
 3259 MLKAGEV   -4.9927  -10.4521   -5.4594    0.1216
 3260 MLKAGVD   -5.5412  -10.6835   -5.1423    0.1216
 3261 MLKAGVE   -5.5836  -11.0430   -5.4594    0.1216
 3262 MLKMGVD   -7.0057   -8.8666   -1.8609    0.1216
 3263 MLKDGVV   -7.7005   -9.7896   -2.0891    0.1216
 3264 MLKDGVV   -7.7005   -9.7896   -2.0891    0.1216
 3265 MLKVGVE  -10.0693  -12.2527   -2.1834    0.1216
 3266 MLKVGVE  -10.0693  -12.2527   -2.1834    0.1216
 3267 MLKEGVV   -9.3352  -11.7415   -2.4063    0.1216
 3268 MLKEGVV   -9.3352  -11.7415   -2.4063    0.1216
 3269 MLKVGEV   -9.8725  -12.0559   -2.1834    0.1216
 3270 MLKVGVE   -9.8312  -12.0146   -2.1834    0.1216
 3271 MLKEGVV   -7.5755   -9.9818   -2.4063    0.1216
 3272 MLKEGVV   -7.5755   -9.9818   -2.4063    0.1216
 3273 MLKEGVV   -7.5755   -9.9818   -2.4063    0.1216
 3274 MLVDGVK   -5.7616   -7.7394   -1.9777    0.1216
 3275 MLKEGVV   -6.6836   -9.0899   -2.4063    0.1216
 3276 MLKEGVV   -6.6836   -9.0899   -2.4063    0.1216
 3277 MLKEGVI   -6.8595   -8.7715   -1.9120    0.1216
 3278 MLKEGVI   -6.8595   -8.7715   -1.9120    0.1216
 3279 MLKEGVV   -6.6834   -9.0897   -2.4063    0.1216
 3280 MLKEGVV   -6.6834   -9.0897   -2.4063    0.1216
 3281 MLKDGVI   -7.8069   -9.4018   -1.5949    0.1216
 3282 MLKDGVI   -7.8069   -9.4018   -1.5949    0.1216
 3283 MLKDGVF   -8.2697   -9.5602   -1.2906    0.1216
 3284 MLKDGVF   -8.2697   -9.5602   -1.2906    0.1216
 3285 MLKDGVF   -8.2697   -9.5602   -1.2906    0.1216
 3286 MLVDGKF   -5.2211   -6.4003   -1.1791    0.1216
 3287 MLVEGKF   -5.5889   -7.0852   -1.4963    0.1216
 3288 MLVEGKF   -5.5889   -7.0852   -1.4963    0.1216
 3289 KLVEGMF   -5.7992   -7.2955   -1.4963    0.1216
 3290 KLVEGMF   -5.7992   -7.2955   -1.4963    0.1216
 3291 FLEVGMK   -5.3387   -6.7236   -1.3849    0.1216
 3292 FLEVGMK   -5.3387   -6.7236   -1.3849    0.1216
 3293 FLEVGMD   -6.3650   -8.2428   -1.8777    0.1216
 3294 FLEVGMD   -6.3650   -8.2428   -1.8777    0.1216
 3295 FLEVGMD   -6.3650   -8.2428   -1.8777    0.1216
 3296 FLEVGMD   -6.3650   -8.2428   -1.8777    0.1216
 3297 FLEVGMD   -6.3650   -8.2428   -1.8777    0.1216
 3298 FLMVGED   -6.6927   -8.9047   -2.2120    0.1216
 3299 MLMVGKD   -4.9187   -7.1138   -2.1951    0.1216
 3300 MLMVGKD   -4.9187   -7.1138   -2.1951    0.1216
 3301 KLMVGMD   -7.1792   -9.1515   -1.9723    0.1216
 3302 KLVIGMD   -7.9949   -9.4784   -1.4834    0.1216
 3303 KLVIGMD   -7.9949   -9.4784   -1.4834    0.1216
 3304 KLMIGMD   -6.8972   -8.4552   -1.5580    0.1216
 3305 KLVVGMD   -9.1150  -11.0927   -1.9777    0.1216
 3306 KLLVGMD   -8.0554  -10.7685   -2.7131    0.1216
 3307 KLLVGMD   -8.0554  -10.7685   -2.7131    0.1216
 3308 KLMVGMD   -7.4977   -9.4700   -1.9723    0.1216
 3309 KLMVGMD   -7.4977   -9.4700   -1.9723    0.1216
 3310 MLIVGKD   -8.2677   -9.9740   -1.7063    0.1216
 3311 MLIVGED   -8.9580  -11.4743   -2.5163    0.1216
 3312 MLIVGED   -8.9931  -11.5094   -2.5163    0.1216
 3313 MLIVGED   -8.9931  -11.5094   -2.5163    0.1216
 3314 MLMVGED   -9.5060  -12.5112   -3.0051    0.1216
 3315 MLMMGDK   -5.7420   -7.9317   -2.1897    0.1216
 3316 MLMVGDK   -6.7665   -8.9616   -2.1951    0.1216
 3317 MLGLGDE   -2.4531   -8.9448   -6.4917    0.1216
 3318 MLGLGEE   -2.4769   -9.2858   -6.8089    0.1216
 3319 MLGEGEY    0.6504   -6.4524   -7.1029    0.1216
 3320 MLGEGKY    1.0811   -5.2118   -6.2929    0.1216
 3321 MLGEGEY    0.6390   -6.4639   -7.1029    0.1216
 3322 MLGEGDY    0.5964   -6.1893   -6.7857    0.1216
 3323 MLGEGDY    0.4325   -6.3532   -6.7857    0.1216
 3324 MLGEGDV    0.4611   -5.5037   -5.9649    0.1216
 3325 MLGVGDE   -2.7470   -8.8233   -6.0763    0.1216
 3326 MLGLGDE   -2.6524   -9.1441   -6.4917    0.1216
 3327 MLGEGLD   -1.8558   -8.2361   -6.3803    0.1216
 3328 MLGEGLD   -1.8558   -8.2361   -6.3803    0.1216
 3329 MLGDGLE   -1.0931   -7.4734   -6.3803    0.1216
 3330 MLGDGLE   -1.0931   -7.4734   -6.3803    0.1216
 3331 MLGDGLE   -1.6101   -7.9904   -6.3803    0.1351
 3332 MLMDGLE   -5.4668   -9.0645   -3.5977    0.1351
 3333 MLMDGIE   -5.5529   -7.9209   -2.3680    0.1351
 3334 MLMIGDE   -5.0773   -7.6682   -2.5909    0.1351
 3335 MLIDGME   -3.7850   -6.1530   -2.3680    0.1351
 3336 MLIMGDD   -5.6541   -7.9278   -2.2737    0.1351
 3337 MLIVGDK   -6.9491   -8.6554   -1.7063    0.1351
 3338 MLVIGDK   -6.1759   -7.8822   -1.7063    0.1351
 3339 DLVIGMK   -5.2769   -6.7603   -1.4834    0.1351
 3340 DLVIGMK   -5.2569   -6.7404   -1.4834    0.1351
 3341 KLVIGMD   -6.5854   -8.0688   -1.4834    0.1351
 3342 KLMIGVD   -7.4020   -8.8854   -1.4834    0.1351
 3343 KLMIGVD   -7.4020   -8.8854   -1.4834    0.1351
 3344 MLKIGVD   -8.5376   -9.9096   -1.3720    0.1351
 3345 MLIKGVD   -9.0396  -10.5230   -1.4834    0.1351
 3346 MLIKGVD   -9.0396  -10.5230   -1.4834    0.1351
 3347 MLKIGVD   -9.1445  -10.5165   -1.3720    0.1351
 3348 MLEIGVD   -7.9071  -10.0891   -2.1820    0.1351
 3349 MLEIGVD   -7.9071  -10.0891   -2.1820    0.1351
 3350 MLVIGED   -8.8327  -11.3490   -2.5163    0.1351
 3351 MLMIGED   -8.5474  -11.1382   -2.5909    0.1351
 3352 MLMIGED   -8.5474  -11.1382   -2.5909    0.1351
 3353 MLMIGED   -8.5474  -11.1382   -2.5909    0.1351
 3354 MLEIGMD   -8.0580  -10.3146   -2.2566    0.1351
 3355 MLEIGMD   -8.0580  -10.3146   -2.2566    0.1351
 3356 MLEIGMD   -8.0580  -10.3146   -2.2566    0.1351
 3357 MLEIGMD   -8.2225  -10.4791   -2.2566    0.1351
 3358 MLEIGMD   -8.2225  -10.4791   -2.2566    0.1351
 3359 MLEIGMD   -7.8833  -10.1398   -2.2566    0.1351
 3360 MLEIGME   -7.5542  -10.1279   -2.5737    0.1351
 3361 MLEIGMD   -7.6500   -9.9065   -2.2566    0.1351
 3362 MLDIGMD   -5.5886   -7.5280   -1.9394    0.1351
 3363 MLDIGDM   -4.4179   -6.3574   -1.9394    0.1351
 3364 MLMDGDI   -4.1976   -6.2485   -2.0509    0.1351
 3365 MLVEGDI   -5.7095   -8.0029   -2.2934    0.1351
 3366 MLIEGEV   -6.5953   -9.2058   -2.6106    0.1351
 3367 MLIEGEY   -6.0832   -8.6346   -2.5514    0.1351
 3368 MLIEGDY   -6.2930   -8.5273   -2.2343    0.1351
 3369 MLIEGDY   -6.2930   -8.5273   -2.2343    0.1351
 3370 MLIEGDY   -6.2930   -8.5273   -2.2343    0.1351
 3371 MLIEGDY   -6.2930   -8.5273   -2.2343    0.1351
 3372 MLIEGDY   -6.2930   -8.5273   -2.2343    0.1351
 3373 MLIEGDY   -6.2930   -8.5273   -2.2343    0.1351
 3374 GLIEGDI   -5.3314   -8.5531   -3.2217    0.1351
 3375 ILAKGDI   -7.8507  -10.3613   -2.5106    0.1351
 3376 ILAKGDI   -7.8507  -10.3613   -2.5106    0.1351
 3377 ILAKGDI   -7.8507  -10.3613   -2.5106    0.1351
 3378 ILAKGDW   -7.2754  -10.1805   -2.9051    0.1351
 3379 ILAKGDW   -7.2754  -10.1805   -2.9051    0.1351
 3380 VLAKGEW   -6.1807   -9.2973   -3.1166    0.1351
 3381 VLADGEW   -2.5908   -6.2002   -3.6094    0.1351
 3382 VLADGEW   -2.5908   -6.2002   -3.6094    0.1351
 3383 ALVDGDW   -4.0451   -7.3374   -3.2923    0.1351
 3384 ALVEGDW   -4.2002   -7.8096   -3.6094    0.1351
 3385 VLAEGDW   -3.0653   -6.6747   -3.6094    0.1351
 3386 VLAEGDW   -3.0653   -6.6747   -3.6094    0.1351
 3387 VLGDGDW   -3.0441   -6.2375   -3.1934    0.1351
 3388 VLVDGDG   -2.0643   -7.8289   -5.7646    0.1351
 3389 VLVDGEL   -4.7700   -8.2185   -3.4486    0.1351
 3390 VLDVGKI   -5.5976   -6.8951   -1.2974    0.1351
 3391 ELKVGVI   -6.0551   -7.6696   -1.6146    0.1351
 3392 DLKVGVI   -6.2758   -7.5732   -1.2974    0.1351
 3393 DLIVGVK   -7.0681   -8.4770   -1.4089    0.1351
 3394 DLIVGVK   -7.0681   -8.4770   -1.4089    0.1351
 3395 DLIVGVK   -7.0681   -8.4770   -1.4089    0.1351
 3396 DLVVGVK   -7.9457   -9.9289   -1.9831    0.1351
 3397 DLVVGMK   -8.0609  -10.0386   -1.9777    0.1351
 3398 KLMVGLD   -3.8437   -6.5569   -2.7131    0.1351
 3399 KLMVGVD   -5.2212   -7.1990   -1.9777    0.1351
 3400 KLVVGLE   -6.0844   -9.0401   -2.9557    0.1351
 3401 KLVVGVE   -6.5568   -8.8571   -2.3003    0.1351
 3402 ELVIGVE   -7.2555   -9.7915   -2.5360    0.1351
 3403 ELVIGVE   -7.2555   -9.7915   -2.5360    0.1351
 3404 ELEIGVV   -6.4369   -8.8615   -2.4246    0.1351
 3405 ELIVGVE   -6.4184   -8.9544   -2.5360    0.1351
 3406 KLVIGVE   -9.8686  -11.5946   -1.7260    0.1351
 3407 KLVIGEV   -9.9552  -11.6812   -1.7260    0.1351
 3408 KLVIGVE  -10.1720  -11.8980   -1.7260    0.1351
 3409 ELVIGVE   -5.0049   -7.5409   -2.5360    0.1351
 3410 ELVLGVE   -5.4618   -9.2275   -3.7657    0.1351
 3411 ELVLGVD   -6.0793   -9.5279   -3.4486    0.1351
 3412 ELVLGVE   -6.0730   -9.8387   -3.7657    0.1351
 3413 ELVLGVE   -6.0708   -9.8366   -3.7657    0.1351
 3414 KLIVGVE   -9.0232  -10.7492   -1.7260    0.1351
 3415 KLIVGVE   -9.0232  -10.7492   -1.7260    0.1351
 3416 KLIVGVE   -9.0232  -10.7492   -1.7260    0.1351
 3417 KLIVGVE   -9.0232  -10.7492   -1.7260    0.1351
 3418 KLLVGVD  -10.7306  -13.3691   -2.6386    0.1351
 3419 KLVVGVD  -10.0673  -12.0505   -1.9831    0.1351
 3420 KLVVGVD  -10.0673  -12.0505   -1.9831    0.1351
 3421 KLVMGVD   -9.8198  -11.7975   -1.9777    0.1351
 3422 KLVMGVE   -9.9871  -12.2820   -2.2949    0.1351
 3423 KLVMGVD   -9.7637  -11.7414   -1.9777    0.1351
 3424 KLVMGVD   -9.7637  -11.7414   -1.9777    0.1351
 3425 ELVVGVD   -7.5760  -10.3691   -2.7931    0.1351
 3426 ELVVGVE   -7.6696  -10.7799   -3.1103    0.1351
 3427 ELVIGVK   -9.3181  -11.0441   -1.7260    0.1351
 3428 ELVIGVK   -9.3181  -11.0441   -1.7260    0.1351
 3429 ELVMGVK   -8.8643  -11.1592   -2.2949    0.1351
 3430 ELVVGVK   -9.3090  -11.6093   -2.3003    0.1351
 3431 ELVKGVV   -8.4157  -10.7160   -2.3003    0.1351
 3432 ELVKGVI   -8.7022  -10.4282   -1.7260    0.1351
 3433 ELVKGVI   -8.7022  -10.4282   -1.7260    0.1351
 3434 KLVEGVI   -7.3341   -9.0601   -1.7260    0.1351
 3435 KLVVGEI   -9.1126  -10.8386   -1.7260    0.1351
 3436 KLVVGEV   -8.9079  -11.2082   -2.3003    0.1351
 3437 KLIVGEV   -8.6317  -10.3577   -1.7260    0.1351
 3438 KLIVGDV   -8.5967  -10.0056   -1.4089    0.1351
 3439 KLMVGDM   -7.5721   -9.5444   -1.9723    0.1351
 3440 KLMVGVD   -9.5758  -11.5535   -1.9777    0.1351
 3441 KLMVGVD   -9.5758  -11.5535   -1.9777    0.1351
 3442 KLMVGVD   -9.5758  -11.5535   -1.9777    0.1351
 3443 KLMLGVE   -6.9351   -9.9654   -3.0303    0.1351
 3444 KLLMGVE   -6.7605   -9.7908   -3.0303    0.1351
 3445 KLLMGVE   -6.7262   -9.7565   -3.0303    0.1351
 3446 KLLMGGE   -2.5737   -8.6840   -6.1103    0.1351
 3447 KLLMGGE   -2.5737   -8.6840   -6.1103    0.1351
 3448 MLLKGGE   -2.9098   -9.0200   -6.1103    0.1351
 3449 MLLKGGE   -2.9098   -9.0200   -6.1103    0.1351
 3450 KLLEGGM   -3.1301   -9.1289   -5.9989    0.1351
 3451 KLLEGGM   -3.1301   -9.1289   -5.9989    0.1351
 3452 LLKEGGV   -3.9214  -10.0371   -6.1157    0.1351
 3453 KLLDGGV   -4.1489   -9.8360   -5.6871    0.1351
 3454 KLVEGGM   -3.4377   -9.0211   -5.5834    0.1351
 3455 KLVEGGM   -3.4377   -9.0211   -5.5834    0.1351
 3456 KLVEGGL   -3.6021   -9.6064   -6.0043    0.1351
 3457 KLIEGGL   -4.1841   -8.8141   -4.6300    0.1351
 3458 KLIDGGW   -6.0617   -7.4994   -1.4377    0.1351
 3459 KLIEGGW   -7.0991   -8.8540   -1.7549    0.1351
 3460 KLVEGGW   -6.1892   -9.3183   -3.1291    0.1351
 3461 KLVEGGW   -6.1892   -9.3183   -3.1291    0.1351
 3462 KLEVGGW   -6.4445   -9.4622   -3.0177    0.1351
 3463 KLEVGGW   -6.4445   -9.4622   -3.0177    0.1351
 3464 KLEVGGW   -6.4445   -9.4622   -3.0177    0.1351
 3465 ELKVGGW   -5.0614   -8.0791   -3.0177    0.1351
 3466 DLKVGGW   -4.7753   -7.4758   -2.7006    0.1351
 3467 DLKIGGW   -4.4166   -5.7428   -1.3263    0.1351
 3468 DLKVGGW   -4.7238   -7.4244   -2.7006    0.1351
 3469 ELKVGGW   -5.1451   -8.1628   -3.0177    0.1351
 3470 DLKVGGW   -4.7781   -7.4787   -2.7006    0.1351
 3471 DLKVGGW   -4.7781   -7.4787   -2.7006    0.1351
 3472 DLKVGGM   -3.0585   -8.2134   -5.1549    0.1351
 3473 KLDVGGF   -2.9973   -6.5591   -3.5617    0.1351
 3474 KLEIGGV   -5.5004   -9.6035   -4.1031    0.1351
 3475 KLIEGGV   -5.4487   -9.6633   -4.2146    0.1351
 3476 KLIEGGV   -5.4487   -9.6633   -4.2146    0.1351
 3477 KLIEGGV   -5.4487   -9.6633   -4.2146    0.1351
 3478 KLIEGGV   -5.4487   -9.6633   -4.2146    0.1351
 3479 KLIEGGV   -5.4487   -9.6633   -4.2146    0.1351
 3480 KLIEGGV   -5.4487   -9.6633   -4.2146    0.1351
 3481 KLIEGGI   -6.1274   -8.9676   -2.8403    0.1351
 3482 KLLEGGI   -5.6178  -10.2478   -4.6300    0.1351
 3483 KLLIGGE   -3.7946   -8.5360   -4.7414    0.1351
 3484 KLILGGE   -4.9364   -9.6779   -4.7414    0.1351
 3485 KLILGGD   -5.3944   -9.8187   -4.4243    0.1351
 3486 KLIVGGD   -7.2856  -11.2944   -4.0089    0.1351
 3487 KLIVGGD   -7.2856  -11.2944   -4.0089    0.1351
 3488 KLIVGGD   -7.2856  -11.2944   -4.0089    0.1351
 3489 KLIVGGD   -7.2856  -11.2944   -4.0089    0.1351
 3490 KLIVGGD   -7.2856  -11.2944   -4.0089    0.1351
 3491 KLIVGGD   -7.2856  -11.2944   -4.0089    0.1351
 3492 KLIVGGD   -7.2856  -11.2944   -4.0089    0.1351
 3493 KLIVGGD   -7.2856  -11.2944   -4.0089    0.1351
 3494 KLIVGGD   -7.2856  -11.2944   -4.0089    0.1351
 3495 KLIVGGD   -7.2856  -11.2944   -4.0089    0.1351
 3496 KLIIGGD   -8.2441  -10.8787   -2.6346    0.1351
 3497 KLIIGGE   -7.7860  -10.7377   -2.9517    0.1351
 3498 KLLIGGE   -7.3273  -12.0687   -4.7414    0.1351
 3499 KLIIGGD   -8.3980  -11.0326   -2.6346    0.1351
 3500 KLIIGGD   -8.3980  -11.0326   -2.6346    0.1351
 3501 KLIIGGE   -7.9339  -10.8856   -2.9517    0.1351
 3502 KLIIGGD   -8.3792  -11.0138   -2.6346    0.1351
 3503 KLIIGGD   -8.3792  -11.0138   -2.6346    0.1351
 3504 KLIIGGD   -8.3792  -11.0138   -2.6346    0.1351
 3505 KLIIGGE   -7.9146  -10.8664   -2.9517    0.1351
 3506 KLIIGGE   -7.9146  -10.8664   -2.9517    0.1351
 3507 KLIIGGE   -7.9146  -10.8664   -2.9517    0.1351
 3508 KLIIGGE   -7.9146  -10.8664   -2.9517    0.1351
 3509 KLIIGGE   -7.9146  -10.8664   -2.9517    0.1351
 3510 KLIIGGD   -8.3909  -11.0254   -2.6346    0.1351
 3511 KLIIGGD   -8.3909  -11.0254   -2.6346    0.1351
 3512 KLIIGGD   -8.3909  -11.0254   -2.6346    0.1351
 3513 KLIIGGD   -8.3909  -11.0254   -2.6346    0.1351
 3514 KLIIGGD   -8.3977  -11.0323   -2.6346    0.1351
 3515 KLIIGGD   -8.3977  -11.0323   -2.6346    0.1351
 3516 KLIIGGD   -8.3977  -11.0323   -2.6346    0.1351
 3517 KLIIGGD   -8.3977  -11.0323   -2.6346    0.1351
 3518 KLIIGGD   -8.3977  -11.0323   -2.6346    0.1351
 3519 KLIIGGD   -8.3977  -11.0323   -2.6346    0.1351
 3520 KLIIGGD   -8.3977  -11.0323   -2.6346    0.1351
 3521 KLIIGGE   -7.9059  -10.8576   -2.9517    0.1351
 3522 KLIIGGE   -7.9059  -10.8576   -2.9517    0.1351
 3523 KLIIGGD   -8.3640  -10.9985   -2.6346    0.1351
 3524 KLIIGGD   -8.3640  -10.9985   -2.6346    0.1351
 3525 KLIIGGD   -8.3640  -10.9985   -2.6346    0.1351
 3526 ILKIGGD   -6.7573   -9.2804   -2.5231    0.1351
 3527 ILEIGGD   -5.1963   -8.5295   -3.3331    0.1351
 3528 KLIIGGE   -9.0291  -11.9808   -2.9517    0.1351
 3529 KLIIGGE   -9.0291  -11.9808   -2.9517    0.1351
 3530 KLIIGGE   -8.8399  -11.7917   -2.9517    0.1351
 3531 KLIVGGE   -8.1442  -12.4702   -4.3260    0.1351
 3532 KLIVGGE   -8.7178  -13.0438   -4.3260    0.1301
 3533 KLIVGGE   -8.7178  -13.0438   -4.3260    0.1301
 3534 KLIWGGD   -9.4388  -10.9880   -1.5491    0.1301
 3535 KLIWGGD   -9.4388  -10.9880   -1.5491    0.1301
 3536 KLIWGGE   -8.5232  -10.3895   -1.8663    0.1301
 3537 KLIWGGE   -8.5232  -10.3895   -1.8663    0.1301
 3538 KLIWGGE   -8.5232  -10.3895   -1.8663    0.1301
 3539 KLIWGGE   -9.3166  -11.1829   -1.8663    0.1301
 3540 KLIWGGE   -9.3166  -11.1829   -1.8663    0.1301
 3541 KLIWGGD   -9.4551  -11.0042   -1.5491    0.1301
 3542 KLIVGGD   -8.8625  -12.8714   -4.0089    0.1301
 3543 KLIVGGD   -8.8625  -12.8714   -4.0089    0.1301
 3544 KLIVGGD   -8.8625  -12.8714   -4.0089    0.1301
 3545 DLEIGGV   -2.9961   -7.5921   -4.5960    0.1301
 3546 DLDIGGV   -2.0809   -6.3597   -4.2789    0.1301
 3547 DLIDGGV   -1.1183   -5.5086   -4.3903    0.1301
 3548 DLVDGGW   -2.5037   -5.8085   -3.3049    0.1301
 3549 KLMGGDW   -6.8398   -9.6464   -2.8066    0.1301
 3550 ELMGGDW   -2.4619   -6.0784   -3.6166    0.1301
 3551 KLMGGDW   -6.8792   -9.6858   -2.8066    0.1301
 3552 KLIGGDW   -8.4961   -9.9339   -1.4377    0.1301
 3553 KLIGGDW   -8.4961   -9.9339   -1.4377    0.1301
 3554 KLIGGDW   -8.4961   -9.9339   -1.4377    0.1301
 3555 ILKGGDW   -8.5097   -9.9474   -1.4377    0.1301
 3556 ILKGGDW   -8.5097   -9.9474   -1.4377    0.1301
 3557 MLKGGDW   -8.3790  -11.1855   -2.8066    0.1301
 3558 MLKGGDW   -8.3790  -11.1855   -2.8066    0.1301
 3559 MLKGGDW   -8.3790  -11.1855   -2.8066    0.1301
 3560 MLKGGEW   -8.4892  -11.6129   -3.1237    0.1301
 3561 MLKGGEW   -8.4892  -11.6129   -3.1237    0.1301
 3562 MLKGGEW   -8.4892  -11.6129   -3.1237    0.1301
 3563 MLKGGEW   -8.4892  -11.6129   -3.1237    0.1301
 3564 MLKGGEW   -8.4892  -11.6129   -3.1237    0.1301
 3565 MLKGGEW   -8.4892  -11.6129   -3.1237    0.1301
 3566 MLKGGDW   -8.8224  -11.6290   -2.8066    0.1301
 3567 MLKGGDW   -8.8224  -11.6290   -2.8066    0.1301
 3568 MLKGGDW   -8.8224  -11.6290   -2.8066    0.1301
 3569 MLKGGDW   -8.8224  -11.6290   -2.8066    0.1301
 3570 MLKGGDW   -8.8224  -11.6290   -2.8066    0.1301
 3571 MLKGGDW   -8.8224  -11.6290   -2.8066    0.1301
 3572 MLKGGDW   -8.8224  -11.6290   -2.8066    0.1301
 3573 MLKGGDW   -8.8224  -11.6290   -2.8066    0.1301
 3574 MLKGGDW   -8.8224  -11.6290   -2.8066    0.1301
 3575 MLKGGDW   -8.8224  -11.6290   -2.8066    0.1301
 3576 MLKGGDW   -8.8224  -11.6290   -2.8066    0.1301
 3577 MLKGGEW   -7.5798  -10.7035   -3.1237    0.1301
 3578 MLKGGDW   -8.7858  -11.5924   -2.8066    0.1301
 3579 MLKGGEW   -8.0563  -11.1800   -3.1237    0.1301
 3580 MLKGGEW   -8.0563  -11.1800   -3.1237    0.1301
 3581 MLKGGDW   -8.7090  -11.5156   -2.8066    0.1301
 3582 MLKGGDW   -8.7090  -11.5156   -2.8066    0.1301
 3583 MLKGGDW   -8.7090  -11.5156   -2.8066    0.1301
 3584 MLKGGDW   -8.7090  -11.5156   -2.8066    0.1301
 3585 MLKGGDW   -8.7090  -11.5156   -2.8066    0.1301
 3586 MLKGGDW   -8.7090  -11.5156   -2.8066    0.1301
 3587 MLKGGDW   -8.7090  -11.5156   -2.8066    0.1301
 3588 MLKGGDW   -8.7090  -11.5156   -2.8066    0.1301
 3589 MLKGGEW   -7.5939  -10.7176   -3.1237    0.1301
 3590 MLKGGEW   -7.5939  -10.7176   -3.1237    0.1301
 3591 MLKGGEW   -7.5939  -10.7176   -3.1237    0.1301
 3592 MLKGGEW   -7.5939  -10.7176   -3.1237    0.1301
 3593 MLKGGEW   -7.5939  -10.7176   -3.1237    0.1301
 3594 MLKGGDW   -8.7805  -11.5871   -2.8066    0.1301
 3595 MLKGGDW   -8.7805  -11.5871   -2.8066    0.1301
 3596 MLKGGDW   -8.7805  -11.5871   -2.8066    0.1301
 3597 MLKGGDW   -8.7805  -11.5871   -2.8066    0.1301
 3598 MLKGGDW   -8.7805  -11.5871   -2.8066    0.1301
 3599 MLKGGDW   -8.7805  -11.5871   -2.8066    0.1301
 3600 MLKGGDW   -8.7805  -11.5871   -2.8066    0.1301
 3601 MLKGGDW   -8.7805  -11.5871   -2.8066    0.1301
 3602 MLKGGEW   -7.5000  -10.6237   -3.1237    0.1301
 3603 MLKGGEW   -7.5000  -10.6237   -3.1237    0.1301
 3604 MLKGGEW   -7.5000  -10.6237   -3.1237    0.1301
 3605 MLKGGEW   -7.5000  -10.6237   -3.1237    0.1301
 3606 MLKGGEW   -7.5000  -10.6237   -3.1237    0.1301
 3607 MLKGGEW   -7.5000  -10.6237   -3.1237    0.1301
 3608 MLKGGEW   -7.5000  -10.6237   -3.1237    0.1301
 3609 MLKGGEW   -7.5000  -10.6237   -3.1237    0.1301
 3610 MLKGGEW   -7.5000  -10.6237   -3.1237    0.1301
 3611 MLKGGEW   -7.5000  -10.6237   -3.1237    0.1301
 3612 MLKGGEW   -7.5000  -10.6237   -3.1237    0.1301
 3613 MLKGGEW   -7.5000  -10.6237   -3.1237    0.1301
 3614 MLKGGEW   -7.8741  -10.9979   -3.1237    0.1301
 3615 MLKGGDW   -9.1302  -11.9368   -2.8066    0.1301
 3616 MLKGGDW   -9.1302  -11.9368   -2.8066    0.1301
 3617 MLKGGDW   -9.1302  -11.9368   -2.8066    0.1301
 3618 MLKGGDW   -9.1302  -11.9368   -2.8066    0.1301
 3619 MLKGGDW   -9.1302  -11.9368   -2.8066    0.1301
 3620 MLKGGDW   -9.1302  -11.9368   -2.8066    0.1301
 3621 MLKGGDW   -9.1302  -11.9368   -2.8066    0.1301
 3622 MLKGGDW   -9.1302  -11.9368   -2.8066    0.1301
 3623 MLKGGDW   -9.1302  -11.9368   -2.8066    0.1301
 3624 MLKGGDW   -9.1302  -11.9368   -2.8066    0.1301
 3625 MLKGGDW   -9.1302  -11.9368   -2.8066    0.1301
 3626 MLKGGDW   -9.1302  -11.9368   -2.8066    0.1301
 3627 MLKGGDW   -9.1302  -11.9368   -2.8066    0.1301
 3628 MLKGGDW   -9.1302  -11.9368   -2.8066    0.1301
 3629 MLKGGDW   -9.1302  -11.9368   -2.8066    0.1301
 3630 MLKGGDW   -9.1302  -11.9368   -2.8066    0.1301
 3631 MLKGGDW   -9.1302  -11.9368   -2.8066    0.1301
 3632 MLKGGDW   -9.1302  -11.9368   -2.8066    0.1301
 3633 MLKGGDW   -9.1302  -11.9368   -2.8066    0.1301
 3634 MLKGGDW   -9.1302  -11.9368   -2.8066    0.1301
 3635 MLKGGDW   -9.1302  -11.9368   -2.8066    0.1301
 3636 MLKGGDW   -9.1302  -11.9368   -2.8066    0.1301
 3637 MLKGGDW   -9.1302  -11.9368   -2.8066    0.1301
 3638 MLKGGDW   -9.1302  -11.9368   -2.8066    0.1301
 3639 MLKGGDW   -9.1302  -11.9368   -2.8066    0.1301
 3640 MLKGGDW   -9.1302  -11.9368   -2.8066    0.1301
 3641 MLKGGDW   -9.1302  -11.9368   -2.8066    0.1301
 3642 MLKGGDW   -9.1302  -11.9368   -2.8066    0.1301
 3643 MLKGGDW   -9.1302  -11.9368   -2.8066    0.1301
 3644 MLKGGDW   -9.1302  -11.9368   -2.8066    0.1301
 3645 MLKGGDW   -9.1302  -11.9368   -2.8066    0.1301
 3646 MLKGGDW   -9.1302  -11.9368   -2.8066    0.1301
 3647 MLKGGDW   -9.1302  -11.9368   -2.8066    0.1301
 3648 MLKGGDW   -9.1302  -11.9368   -2.8066    0.1301
 3649 MLKGGDW   -9.1302  -11.9368   -2.8066    0.1301
 3650 MLKGGDW   -9.1302  -11.9368   -2.8066    0.1301
 3651 MLKGGDW   -9.1302  -11.9368   -2.8066    0.1301
 3652 MLKGGDW   -9.1302  -11.9368   -2.8066    0.1301
 3653 MLKGGDW   -9.1302  -11.9368   -2.8066    0.1301
 3654 MLKGGDW   -9.1302  -11.9368   -2.8066    0.1301
 3655 MLKGGDW   -9.1302  -11.9368   -2.8066    0.1301
 3656 MLGKGDW   -5.8590   -8.5542   -2.6951    0.1301
 3657 MLGKGDF   -4.9230   -8.4792   -3.5563    0.1301
 3658 MLGKGDF   -4.9230   -8.4792   -3.5563    0.1301
 3659 MLGKGEF   -3.3631   -7.2366   -3.8734    0.1301
 3660 MLGKGEF   -3.3631   -7.2366   -3.8734    0.1301
 3661 MLGEGDV   -1.7754   -7.7403   -5.9649    0.1301
 3662 ELGVGLD   -1.9822   -8.2565   -6.2743    0.1301
 3663 ELGVGLD   -1.9822   -8.2565   -6.2743    0.1301
 3664 ELGVGWD   -2.9534   -6.3525   -3.3991    0.1301
 3665 ELGVGEW   -3.1929   -6.9092   -3.7163    0.1301
 3666 ELGIGEW   -4.6700   -7.0120   -2.3420    0.1301
 3667 KLGIGEW   -7.4055   -8.9375   -1.5320    0.1301
 3668 KLGIGEW   -7.4055   -8.9375   -1.5320    0.1301
 3669 KLGIGEW   -7.4055   -8.9375   -1.5320    0.1301
 3670 KLGIGEW   -7.4055   -8.9375   -1.5320    0.1301
 3671 KLGIGEW   -7.4055   -8.9375   -1.5320    0.1301
 3672 KLGIGEW   -7.4055   -8.9375   -1.5320    0.1301
 3673 KLGIGEW   -7.4055   -8.9375   -1.5320    0.1301
 3674 KLGIGEW   -7.4055   -8.9375   -1.5320    0.1301
 3675 KLGIGEW   -7.4055   -8.9375   -1.5320    0.1301
 3676 KLGIGEW   -7.4055   -8.9375   -1.5320    0.1301
 3677 KLGIGEI   -5.4939   -8.1114   -2.6174    0.1301
 3678 KLGIGEI   -5.4939   -8.1114   -2.6174    0.1301
 3679 KLGIGEI   -5.4939   -8.1114   -2.6174    0.1301
 3680 KLGIGEI   -5.4939   -8.1114   -2.6174    0.1301
 3681 KLGIGEI   -5.4939   -8.1114   -2.6174    0.1301
 3682 KLGIGEI   -5.4939   -8.1114   -2.6174    0.1301
 3683 KLGIGEI   -5.4939   -8.1114   -2.6174    0.1301
 3684 KLGIGEI   -5.4939   -8.1114   -2.6174    0.1301
 3685 KLGIGEI   -5.4939   -8.1114   -2.6174    0.1301
 3686 KLGIGEI   -5.4939   -8.1114   -2.6174    0.1301
 3687 KLGIGEI   -5.4939   -8.1114   -2.6174    0.1301
 3688 KLGIGEI   -5.4939   -8.1114   -2.6174    0.1301
 3689 KLGIGEI   -5.4939   -8.1114   -2.6174    0.1301
 3690 KLGIGEV   -5.3382   -9.3299   -3.9917    0.1301
 3691 KLGIGEV   -5.3153   -9.3071   -3.9917    0.1301
 3692 KLGIGEI   -4.3414   -6.9588   -2.6174    0.1301
 3693 KLGIGEI   -4.3414   -6.9588   -2.6174    0.1301
 3694 KLGIGEF   -4.7577   -7.1509   -2.3931    0.1301
 3695 KLGIGEF   -5.1616   -7.5547   -2.3931    0.1301
 3696 KLGIGDF   -4.3405   -6.4165   -2.0760    0.1301
 3697 KLIGGEF   -4.7842   -7.4002   -2.6160    0.1301
 3698 KLIGGEF   -4.7842   -7.4002   -2.6160    0.1301
 3699 KLWGGEF   -4.4665   -5.9971   -1.5306    0.1301
 3700 KLWGGEI   -4.0173   -5.7722   -1.7549    0.1301
 3701 KLWGGEW   -4.2806   -7.1900   -2.9094    0.1301
 3702 KLWGGEW   -4.2806   -7.1900   -2.9094    0.1301
 3703 KLWGGEW   -4.2806   -7.1900   -2.9094    0.1301
 3704 KLWGGEV   -5.0054   -8.1345   -3.1291    0.1301
 3705 KLWGGEV   -5.0054   -8.1345   -3.1291    0.1301
 3706 KLWGGEV   -5.0054   -8.1345   -3.1291    0.1301
 3707 KLWGGEV   -5.0054   -8.1345   -3.1291    0.1301
 3708 KLWGGEV   -5.0054   -8.1345   -3.1291    0.1301
 3709 KLVGGEW   -5.8758   -9.0050   -3.1291    0.1301
 3710 KLVGGEW   -5.8758   -9.0050   -3.1291    0.1301
 3711 KLVGGEW   -5.8758   -9.0050   -3.1291    0.1301
 3712 DLKGGMW   -2.0408   -4.8474   -2.8066    0.1301
 3713 DLKGGIF   -1.5755   -3.8744   -2.2989    0.1301
 3714 DLIGGKF   -3.1131   -5.4120   -2.2989    0.1301
 3715 FLIGGKD   -4.5573   -7.0790   -2.5217    0.1301
 3716 FLIGGED   -5.5698   -8.9015   -3.3317    0.1301
 3717 FLIGGED   -5.5698   -8.9015   -3.3317    0.1301
 3718 FLIGGED   -5.5698   -8.9015   -3.3317    0.1301
 3719 DLIGGMD   -3.7705   -8.1553   -4.3849    0.1301
 3720 KLIGGLE   -6.6695  -11.2995   -4.6300    0.1301
 3721 KLIGGLD   -6.9850  -11.2978   -4.3129    0.1301
 3722 KLLGGID   -6.5391  -10.8520   -4.3129    0.1301
 3723 KLIGGID   -8.2663  -10.7894   -2.5231    0.1301
 3724 KLIGGID   -8.2663  -10.7894   -2.5231    0.1301
 3725 KLIGGID   -8.2663  -10.7894   -2.5231    0.1301
 3726 KLIGGIE   -8.5079  -11.3482   -2.8403    0.1301
 3727 KLMGGIE   -7.0974  -11.3066   -4.2091    0.1301
 3728 KLMGGIE   -7.0974  -11.3066   -4.2091    0.1301
 3729 KLMGGIE   -7.0974  -11.3066   -4.2091    0.1301
 3730 KLMGGIE   -7.0974  -11.3066   -4.2091    0.1301
 3731 KLMGGIE   -7.0974  -11.3066   -4.2091    0.1301
 3732 KLMGGIE   -7.0974  -11.3066   -4.2091    0.1301
 3733 KLMGGIE   -7.0974  -11.3066   -4.2091    0.1301
 3734 KLMGGIE   -4.4100   -8.6191   -4.2091    0.1335
 3735 KLGMGIE   -4.4445   -8.4308   -3.9863    0.1335
 3736 KLGIGIE   -4.7475   -7.3649   -2.6174    0.1335
 3737 KLGIGIE   -4.7475   -7.3649   -2.6174    0.1335
 3738 KLGIGGD    0.0257   -7.0489   -7.0746    0.1335
 3739 KLGIGWD   -4.6023   -5.8171   -1.2149    0.1335
 3740 KLGIGWD   -4.6023   -5.8171   -1.2149    0.1335
 3741 KLGIGWD   -4.6023   -5.8171   -1.2149    0.1335
 3742 KLGIGDW   -4.9878   -6.2027   -1.2149    0.1335
 3743 KLGVGDW   -4.4535   -7.0427   -2.5891    0.1335
 3744 KLVDGGW   -3.7992   -6.6112   -2.8120    0.1335
 3745 RLVDGGW   -2.0371   -8.2131   -6.1760    0.1335
 3746 ELVDGGW   -2.8031   -6.4251   -3.6220    0.1335
 3747 GLVEGEW   -4.3245   -8.1522   -3.8277    0.1335
 3748 GLVEGDW   -5.2320   -8.7425   -3.5106    0.1335
 3749 ELVEGGW   -3.3345   -7.2736   -3.9391    0.1335
 3750 ELVEGGW   -3.3345   -7.2736   -3.9391    0.1335
 3751 ELIEGGW   -4.7746   -7.3394   -2.5649    0.1335
 3752 ELIKGGW   -5.1050   -6.8598   -1.7549    0.1335
 3753 ELIKGGW   -5.1050   -6.8598   -1.7549    0.1335
 3754 ELIKGGW   -5.1050   -6.8598   -1.7549    0.1335
 3755 KLEIGGI   -6.0280   -8.7569   -2.7289    0.1335
 3756 ILGIGED   -4.7086   -8.0418   -3.3331    0.1335
 3757 ILGIGED   -4.7086   -8.0418   -3.3331    0.1335
 3758 MLGIGED   -3.7496   -8.4516   -4.7020    0.1335
 3759 MLGIGDE   -3.7892   -8.4912   -4.7020    0.1335
 3760 MLGIGDD   -4.5733   -8.9581   -4.3849    0.1335
 3761 MLGMGDD   -4.0030   -9.7567   -5.7537    0.1335
 3762 MLVGGDD   -4.6935  -10.6755   -5.9820    0.1335
 3763 MLVGGDD   -4.6935  -10.6755   -5.9820    0.1335
 3764 MLVGGDD   -4.6935  -10.6755   -5.9820    0.1335
 3765 MLGVGDD   -4.2035   -9.9627   -5.7591    0.1335
 3766 MLGVGDD   -4.2035   -9.9627   -5.7591    0.1335
 3767 MLGVGDD   -4.2035   -9.9627   -5.7591    0.1335
 3768 MLGMGDD   -4.0129   -9.7666   -5.7537    0.1335
 3769 MLGMGDD   -4.0129   -9.7666   -5.7537    0.1335
 3770 MLGMGDD   -4.0129   -9.7666   -5.7537    0.1335
 3771 MLGMGDD   -4.0129   -9.7666   -5.7537    0.1335
 3772 MLGMGDD   -3.9071   -9.6608   -5.7537    0.1335
 3773 MLGMGDD   -3.9071   -9.6608   -5.7537    0.1335
 3774 MLGMGKD   -3.0469   -8.3078   -5.2609    0.1335
 3775 MLGIGKD   -3.9742   -7.8662   -3.8920    0.1335
 3776 MLGIGKD   -3.9742   -7.8662   -3.8920    0.1335
 3777 MLGIGKD   -3.9742   -7.8662   -3.8920    0.1335
 3778 FLGIGDK   -3.1186   -5.4174   -2.2989    0.1335
 3779 FLGFGDD   -3.4614   -6.0288   -2.5674    0.1335
 3780 FLGFGDD   -3.4614   -6.0288   -2.5674    0.1335
 3781 FLGFGDD   -3.4614   -6.0288   -2.5674    0.1335
 3782 FLGFGDD   -3.4463   -6.0137   -2.5674    0.1335
 3783 FLGFGDD   -3.4463   -6.0137   -2.5674    0.1335
 3784 FLGFGDD   -3.4463   -6.0137   -2.5674    0.1335
 3785 FLGFGDD   -3.4463   -6.0137   -2.5674    0.1335
 3786 FLGFGDD   -3.4463   -6.0137   -2.5674    0.1335
 3787 FLGFGDK   -1.9373   -4.0119   -2.0746    0.1335
 3788 KLGFGDF   -2.6594   -4.5111   -1.8517    0.1335
 3789 FLGKGDF   -0.5745   -2.5376   -1.9631    0.1335
 3790 FLGKGDF   -0.8231   -2.7862   -1.9631    0.1335
 3791 KLGFGEV   -3.8531   -7.6206   -3.7674    0.1335
 3792 KLGIGEV   -4.7872   -8.7789   -3.9917    0.1335
 3793 KLGIGEV   -4.7872   -8.7789   -3.9917    0.1335
 3794 KLGIGEV   -4.7872   -8.7789   -3.9917    0.1335
 3795 KLGIGEV   -4.7872   -8.7789   -3.9917    0.1335
 3796 KLGIGEV   -4.7872   -8.7789   -3.9917    0.1335
 3797 KLGIGEV   -4.7872   -8.7789   -3.9917    0.1335
 3798 KLGIGEV   -4.7872   -8.7789   -3.9917    0.1335
 3799 KLGIGEV   -4.7872   -8.7789   -3.9917    0.1335
 3800 KLGIGEV   -4.7872   -8.7789   -3.9917    0.1335
 3801 KLGIGEV   -4.7872   -8.7789   -3.9917    0.1335
 3802 KLMVGEV   -6.9554   -9.2502   -2.2949    0.1335
 3803 KLMVGEV   -6.9554   -9.2502   -2.2949    0.1335
 3804 KLMVGVE   -6.7379   -9.0327   -2.2949    0.1335
 3805 KLMVGEV   -7.5894   -9.8843   -2.2949    0.1335
 3806 ELMVGVK   -7.1939   -9.4887   -2.2949    0.1335
 3807 ELMVGVK   -7.1939   -9.4887   -2.2949    0.1335
 3808 DLMVGVK   -6.9725   -8.9502   -1.9777    0.1335
 3809 DLVVGVK   -8.0620  -10.0451   -1.9831    0.1335
 3810 DLVVGKV   -8.1506  -10.1338   -1.9831    0.1335
 3811 DLVVGKV   -8.1506  -10.1338   -1.9831    0.1335
 3812 DLLVGKV   -7.2065   -9.8450   -2.6386    0.1335
 3813 DLLVGKV   -7.2065   -9.8450   -2.6386    0.1335
 3814 DLMVGVR   -5.2167  -10.5585   -5.3417    0.1335
 3815 DLMVGVK   -8.1309  -10.1087   -1.9777    0.1335
 3816 DLMVGVK   -8.1309  -10.1087   -1.9777    0.1335
 3817 KLMVGVD   -8.0971  -10.0748   -1.9777    0.1335
 3818 KLIVGVD   -8.1856   -9.5944   -1.4089    0.1335
 3819 KLIVGVD   -8.1856   -9.5944   -1.4089    0.1335
 3820 KLIVGVD   -8.1856   -9.5944   -1.4089    0.1335
 3821 KLIVGVD   -8.1856   -9.5944   -1.4089    0.1335
 3822 KLLVGVD   -7.5894  -10.2280   -2.6386    0.1335
 3823 KLVLGVD   -6.0683   -8.7069   -2.6386    0.1335
 3824 KLVLGVD   -6.0683   -8.7069   -2.6386    0.1335
 3825 KLVVGLE   -7.4435  -10.3992   -2.9557    0.1335
 3826 KLVLGVE   -7.3250  -10.2807   -2.9557    0.1335
 3827 KLVLGVE   -7.3250  -10.2807   -2.9557    0.1335
 3828 ELVLGVK   -6.2166   -9.1723   -2.9557    0.1335
 3829 ELVVGVK   -8.3632  -10.6635   -2.3003    0.1335
 3830 ELVVGVK   -8.3632  -10.6635   -2.3003    0.1335
 3831 ELVVGVK   -8.3632  -10.6635   -2.3003    0.1335
 3832 ELVVGLK   -7.3151  -10.2708   -2.9557    0.1335
 3833 ELIVGKV   -7.2195   -8.9455   -1.7260    0.1335
 3834 ELIVGEV   -5.0541   -7.5900   -2.5360    0.1335
 3835 ELIVGDI   -4.4434   -8.4880   -4.0446    0.1335
 3836 ELIKGVI   -4.5431   -8.0948   -3.5517    0.1335
 3837 ELIKGVI   -4.5431   -8.0948   -3.5517    0.1335
 3838 DLIKGVM   -5.1212   -6.6047   -1.4834    0.1335
 3839 DLVDGVM   -4.4799   -6.9505   -2.4706    0.1335
 3840 ELVKGVM   -5.5920   -7.8869   -2.2949    0.1335
 3841 ELVVGKV   -7.0201   -9.3204   -2.3003    0.1335
 3842 ELVVGKF   -5.9496   -7.3713   -1.4217    0.1335
 3843 ELVVGKF   -5.9496   -7.3713   -1.4217    0.1335
 3844 FLVEGVK   -4.0459   -5.4676   -1.4217    0.1335
 3845 KLEVGVF   -5.7932   -7.1035   -1.3103    0.1335
 3846 KLEVGVF   -5.7932   -7.1035   -1.3103    0.1335
 3847 KLEVGVF   -5.7932   -7.1035   -1.3103    0.1335
 3848 KLVVGEF   -7.9726   -9.3943   -1.4217    0.1335
 3849 KLVVGEF   -7.9726   -9.3943   -1.4217    0.1335
 3850 KLVVGEF   -7.9726   -9.3943   -1.4217    0.1335
 3851 KLMVGEA   -4.8387  -10.4096   -5.5709    0.1335
 3852 KLVMGEA   -4.8668  -10.4376   -5.5709    0.1335
 3853 KLVIGEA   -6.9041  -11.1061   -4.2020    0.1335
 3854 KLVIGEA   -6.9041  -11.1061   -4.2020    0.1335
 3855 KLVIGDA   -6.3718  -10.2567   -3.8849    0.1335
 3856 KLVMGDF   -6.9236   -8.1028   -1.1791    0.1335
 3857 KLVMGDF   -6.9236   -8.1028   -1.1791    0.1335
 3858 KLVMGDW   -6.3730   -9.2110   -2.8380    0.1335
 3859 KLVMGEW   -6.3756   -9.5308   -3.1551    0.1335
 3860 DLVMGDW   -3.0450   -6.3758   -3.3309    0.1335
 3861 DLGVGDW   -1.3935   -4.4755   -3.0820    0.1335
 3862 DLGIGDW   -2.6936   -4.4013   -1.7077    0.1335
 3863 KLGIGDW   -7.0148   -8.2296   -1.2149    0.1335
 3864 KLGIGDW   -7.0148   -8.2296   -1.2149    0.1335
 3865 KLGIGDW   -7.0148   -8.2296   -1.2149    0.1335
 3866 KLGIGDW   -7.0148   -8.2296   -1.2149    0.1335
 3867 KLGIGDW   -7.0196   -8.2344   -1.2149    0.1335
 3868 KLIGGDV   -6.6133  -10.5107   -3.8974    0.1335
 3869 KLIGGDV   -6.6133  -10.5107   -3.8974    0.1335
 3870 VLKGGDI   -3.8889   -7.7863   -3.8974    0.1335
 3871 DLIGGVK   -5.2050   -9.1024   -3.8974    0.1335
 3872 DLVGGIK   -4.4793   -8.3767   -3.8974    0.1335
 3873 DLIGGVK   -4.7659   -8.6633   -3.8974    0.1335
 3874 DLGKGIV   -2.9968   -6.7828   -3.7860    0.1335
 3875 DLKGGIV   -2.7187   -6.6161   -3.8974    0.1335
 3876 DLKGGIV   -2.7187   -6.6161   -3.8974    0.1335
 3877 DLVGGIK   -4.7426   -8.6401   -3.8974    0.1335
 3878 DLVGGKI   -5.3325   -9.2299   -3.8974    0.1335
 3879 KLIGGEI   -6.3805   -9.2208   -2.8403    0.1335
 3880 KLIGGEI   -6.3805   -9.2208   -2.8403    0.1335
 3881 KLIGGDI   -5.7499   -8.2730   -2.5231    0.1335
 3882 KLYGGDW   -1.5584   -5.1912   -3.6329    0.1335
 3883 KLYGGDW   -1.5584   -5.1912   -3.6329    0.1335
 3884 KLFGGDW   -4.5721   -5.7855   -1.2134    0.1335
 3885 KLFGGDW   -4.5721   -5.7855   -1.2134    0.1335
 3886 KLFGGEW   -4.7130   -6.2436   -1.5306    0.1335
 3887 KLFGGDW   -4.6521   -5.8655   -1.2134    0.1335
 3888 KLFGGDW   -4.6630   -5.8764   -1.2134    0.1335
 3889 KLFGGEW   -5.7041   -7.2347   -1.5306    0.1335
 3890 KLFGGEW   -5.7041   -7.2347   -1.5306    0.1335
 3891 KLFGGEW   -5.7041   -7.2347   -1.5306    0.1335
 3892 KLWGGEM   -4.7707   -7.8944   -3.1237    0.1335
 3893 KLMGGEI   -3.9090   -8.1181   -4.2091    0.1335
 3894 KLMGGEI   -3.9090   -8.1181   -4.2091    0.1335
 3895 KLMGGIE   -2.6314   -6.8406   -4.2091    0.1335
 3896 KLMGGME   -3.7867   -9.3647   -5.5780    0.1335
 3897 KLIGGME   -5.6843   -9.8934   -4.2091    0.1335
 3898 KLIGGME   -5.6843   -9.8934   -4.2091    0.1335
 3899 MLIGGKE   -5.1700   -9.6020   -4.4320    0.1335
 3900 KLIGGME   -6.1965  -10.4057   -4.2091    0.1335
 3901 KLGIGME   -4.1540   -8.1403   -3.9863    0.1335
 3902 KLGMGIE   -3.0631   -7.0494   -3.9863    0.1335
 3903 KLGMGVE   -3.2809   -8.6415   -5.3606    0.1335
 3904 KLGFGVE   -4.7038   -8.4712   -3.7674    0.1335
 3905 KLGFGVE   -4.7038   -8.4712   -3.7674    0.1335
 3906 KLGFGVE   -4.7038   -8.4712   -3.7674    0.1335
 3907 KLFGGVD   -5.8985   -9.5716   -3.6731    0.1335
 3908 KLFGGVD   -5.8985   -9.5716   -3.6731    0.1335
 3909 KLFGGVD   -5.8985   -9.5716   -3.6731    0.1335
 3910 KLMGGVD   -5.8415  -11.1078   -5.2663    0.1335
 3911 ELVGGVK   -3.7069   -9.2958   -5.5889    0.1335
 3912 KLVGGVD   -4.4413   -9.7131   -5.2717    0.1335
 3913 KLIGGVE   -5.9215  -10.1361   -4.2146    0.1335
 3914 KLIGGVE   -5.9215  -10.1361   -4.2146    0.1335
 3915 KLIGGVD   -6.3206  -10.2180   -3.8974    0.1335
 3916 KLIGGVD   -6.4784  -10.3759   -3.8974    0.1335
 3917 VLIGGKE   -6.3209  -10.7583   -4.4374    0.1335
 3918 VLIGGEK   -5.2307   -9.6681   -4.4374    0.1335
 3919 ILVGGED   -5.8550  -10.7852   -4.9303    0.1335
 3920 VLIGGED   -5.9147  -10.8450   -4.9303    0.1335
 3921 ILVGGDD   -5.0798   -9.6929   -4.6131    0.1335
 3922 KLVGGID   -5.7942   -9.6917   -3.8974    0.1335
 3923 KLVGGVD   -6.4895  -11.7612   -5.2717    0.1335
 3924 KLLGGVD   -6.9400  -12.6271   -5.6871    0.1335
 3925 KLMGGVD   -6.4961  -11.7623   -5.2663    0.1335
 3926 KLMGGLD   -4.8340  -10.5157   -5.6817    0.1335
 3927 KLMGGLD   -4.8340  -10.5157   -5.6817    0.1335
 3928 KLMGGLD   -4.8340  -10.5157   -5.6817    0.1335
 3929 KLMGGMD   -6.0258  -11.2866   -5.2609    0.1335
 3930 KLMGGMD   -6.0258  -11.2866   -5.2609    0.1335
 3931 KLMGGMD   -6.0258  -11.2866   -5.2609    0.1335
 3932 KLMGGMD   -6.0258  -11.2866   -5.2609    0.1335
 3933 MLMGGKD   -3.0628   -8.5465   -5.4837    0.1335
 3934 MLKGGDM   -5.4549  -10.7157   -5.2609    0.1335
 3935 MLKGGDF   -4.9433   -8.6110   -3.6677    0.1335
 3936 MLKGGDI   -6.2028  -10.0948   -3.8920    0.1335
 3937 MLKGGDI   -6.2028  -10.0948   -3.8920    0.1335
 3938 MLKGGDI   -6.0940   -9.9860   -3.8920    0.2212
 3939 MLKGGDI   -6.0940   -9.9860   -3.8920    0.2212
 3940 MLKGGDI   -6.0940   -9.9860   -3.8920    0.2212
 3941 MLKGGID   -1.8590   -5.7510   -3.8920    0.2212
 3942 KLMGGID   -3.1432   -7.0352   -3.8920    0.2212
 3943 MLKGGID   -4.1111   -8.0031   -3.8920    0.2212
 3944 MLKGGDY   -2.8845   -8.9716   -6.0871    0.2212
 3945 MLKGGEF   -4.9918   -8.9767   -3.9849    0.2212
 3946 MLKGGDI   -3.8092   -7.7012   -3.8920    0.2212
 3947 MLKGGEW   -7.4040  -10.5277   -3.1237    0.2212
 3948 MLEGGKW   -5.7353   -8.8590   -3.1237    0.2212
 3949 MLEGGKW   -5.7353   -8.8590   -3.1237    0.2212
 3950 MLEGGKW   -5.7353   -8.8590   -3.1237    0.2212
 3951 MLEGGKW   -5.7353   -8.8590   -3.1237    0.2212
 3952 FLEGGKW   -4.4372   -5.9677   -1.5306    0.2212
 3953 FLEGGKW   -4.4372   -5.9677   -1.5306    0.2212
 3954 FLEGGKW   -4.4372   -5.9677   -1.5306    0.2212
 3955 FLKGGEW   -4.4078   -5.9384   -1.5306    0.2212
 3956 FLKGGEW   -4.4078   -5.9384   -1.5306    0.2212
 3957 FLKGGEW   -4.4078   -5.9384   -1.5306    0.2212
 3958 FLKGGEW   -4.4078   -5.9384   -1.5306    0.2212
 3959 FLKGGEW   -4.4078   -5.9384   -1.5306    0.2212
 3960 KLFGGDW   -5.0532   -6.2666   -1.2134    0.2212
 3961 KLFGGDW   -5.0532   -6.2666   -1.2134    0.2212
 3962 KLVGGDW   -5.5571   -8.3691   -2.8120    0.2212
 3963 KLDGGVW   -2.0043   -4.8163   -2.8120    0.2212
 3964 KLDGGVW   -2.0043   -4.8163   -2.8120    0.2212
 3965 KLDGGVW   -2.0043   -4.8163   -2.8120    0.2212
 3966 DLVGGDW   -2.7790   -6.0839   -3.3049    0.2212
 3967 DLVGGKW   -4.3542   -7.1662   -2.8120    0.2212
 3968 DLVGGKW   -4.3542   -7.1662   -2.8120    0.2212
 3969 DLIGGKW   -6.1128   -7.5505   -1.4377    0.2212
 3970 ELIGGKW   -6.3093   -8.0641   -1.7549    0.2212
 3971 KLIGGEW   -7.5005   -9.2554   -1.7549    0.2212
 3972 KLIGGEW   -8.0225   -9.7773   -1.7549    0.2212
 3973 KLIGGEW   -8.0225   -9.7773   -1.7549    0.2212
 3974 KLIGGEF   -6.1549   -8.7709   -2.6160    0.2212
 3975 KLIGGEF   -6.1549   -8.7709   -2.6160    0.2212
 3976 KLIGGEF   -6.1549   -8.7709   -2.6160    0.2212
 3977 KLIGGEF   -6.1549   -8.7709   -2.6160    0.2212
 3978 KLIGGEF   -6.1549   -8.7709   -2.6160    0.2212
 3979 KLIGGEF   -6.1549   -8.7709   -2.6160    0.2212
 3980 KLIGGEF   -6.1549   -8.7709   -2.6160    0.2212
 3981 KLIGGEY   -3.8386   -8.8741   -5.0354    0.2212
 3982 KLIGGEY   -3.8386   -8.8741   -5.0354    0.2212
 3983 KLIGGEW   -8.4467  -10.2015   -1.7549    0.2212
 3984 KLIGGEW   -8.4467  -10.2015   -1.7549    0.2212
 3985 KLIGGEW   -8.4467  -10.2015   -1.7549    0.2212
 3986 KLIGGEW   -8.4467  -10.2015   -1.7549    0.2212
 3987 KLIGGEW   -8.4467  -10.2015   -1.7549    0.2212
 3988 KLIGGEW   -8.4467  -10.2015   -1.7549    0.2212
 3989 KLIGGEW   -8.4467  -10.2015   -1.7549    0.2212
 3990 KLIGGEW   -8.4467  -10.2015   -1.7549    0.2212
 3991 KLIGGEW   -8.4467  -10.2015   -1.7549    0.2212
 3992 KLIGGEW   -8.4467  -10.2015   -1.7549    0.2212
 3993 KLIGGEW   -8.4467  -10.2015   -1.7549    0.2212
 3994 KLIGGEW   -8.4467  -10.2015   -1.7549    0.2212
 3995 KLIGGEW   -8.4467  -10.2015   -1.7549    0.2212
 3996 KLIGGEW   -8.4467  -10.2015   -1.7549    0.2212
 3997 RLIGGEW   -2.8567   -7.9755   -5.1189    0.2212
 3998 RLIGGEW   -2.8567   -7.9755   -5.1189    0.2212
 3999 KLIGGEW   -8.0378   -9.7926   -1.7549    0.2212
 4000 KLIGGEW   -8.0378   -9.7926   -1.7549    0.2212
 4001 KLIGGEW   -8.0378   -9.7926   -1.7549    0.2212
 4002 KLIGGEW   -8.0378   -9.7926   -1.7549    0.2212
 4003 KLIGGEW   -8.0378   -9.7926   -1.7549    0.2212
 4004 KLIGGEW   -8.0378   -9.7926   -1.7549    0.2212
 4005 KLIGGEW   -8.0378   -9.7926   -1.7549    0.2212
 4006 KLIGGEW   -8.0378   -9.7926   -1.7549    0.2212
 4007 KLIGGEW   -8.0378   -9.7926   -1.7549    0.2212
 4008 KLIGGEW   -8.0378   -9.7926   -1.7549    0.2212
 4009 KLIGGEW   -8.0378   -9.7926   -1.7549    0.2212
 4010 KLIGGEW   -8.0378   -9.7926   -1.7549    0.2212
 4011 KLIGGEW   -8.0378   -9.7926   -1.7549    0.2212
 4012 KLIGGEW   -8.0378   -9.7926   -1.7549    0.2212
 4013 KLIGGEW   -8.0378   -9.7926   -1.7549    0.2212
 4014 KLIGGEW   -8.0378   -9.7926   -1.7549    0.2212
 4015 KLIGGEW   -8.0378   -9.7926   -1.7549    0.2212
 4016 KLIGGEW   -8.0378   -9.7926   -1.7549    0.2212
 4017 KLIGGEW   -8.0378   -9.7926   -1.7549    0.2212
 4018 KLIGGEW   -8.0378   -9.7926   -1.7549    0.2212
 4019 KLIGGEW   -8.0378   -9.7926   -1.7549    0.2212
 4020 KLIGGEW   -8.0378   -9.7926   -1.7549    0.2212
 4021 KLIGGEW   -8.0378   -9.7926   -1.7549    0.2212
 4022 KLIGGEW   -8.0378   -9.7926   -1.7549    0.2212
 4023 KLIGGEW   -8.0378   -9.7926   -1.7549    0.2212
 4024 KLIGGEW   -8.0378   -9.7926   -1.7549    0.2212
 4025 KLIGGEW   -8.0378   -9.7926   -1.7549    0.2212
 4026 KLIGGEW   -8.0378   -9.7926   -1.7549    0.2212
 4027 KLIGGEW   -8.0378   -9.7926   -1.7549    0.2212
 4028 KLIGGEW   -8.0378   -9.7926   -1.7549    0.2212
 4029 KLVGGEW   -6.1319   -9.2610   -3.1291    0.2212
 4030 KLVGGEW   -6.1319   -9.2610   -3.1291    0.2212
 4031 KLMGGEW   -5.9984   -9.1221   -3.1237    0.2212
 4032 KLMGGEW   -5.9984   -9.1221   -3.1237    0.2212
 4033 KLMGGEW   -5.9984   -9.1221   -3.1237    0.2212
 4034 KLGMGEW   -3.1318   -6.0327   -2.9009    0.2212
 4035 KLGVGEW   -5.6324   -8.5387   -2.9063    0.2212
 4036 KLGVGEW   -5.6324   -8.5387   -2.9063    0.2212
 4037 KLGVGEW   -5.6324   -8.5387   -2.9063    0.2212
 4038 KLAVGEW   -6.0045   -9.1211   -3.1166    0.2212
 4039 KLVVGEW   -6.3494   -9.4300   -3.0806    0.2212
 4040 KLVGGEW   -5.1084   -8.2375   -3.1291    0.2212
 4041 KLVGGEW   -5.1084   -8.2375   -3.1291    0.2212
 4042 ELIGGKW   -6.2825   -8.0374   -1.7549    0.2212
 4043 ELIGGKW   -6.1615   -7.9163   -1.7549    0.2212
 4044 ELIGGKW   -6.1615   -7.9163   -1.7549    0.2212
 4045 ELIGGKW   -6.1615   -7.9163   -1.7549    0.2212
 4046 ELIGGKW   -6.1615   -7.9163   -1.7549    0.2212
 4047 ELIGGKW   -6.1615   -7.9163   -1.7549    0.2212
 4048 ELIGGEI   -4.2366   -7.8869   -3.6503    0.2212
 4049 KLIGGEI   -3.5519   -6.3922   -2.8403    0.2212
 4050 KLIGGDI   -2.9134   -5.4366   -2.5231    0.2212
 4051 ILKGGDI   -3.6712   -6.1943   -2.5231    0.2212
 4052 ILKGGDI   -3.6712   -6.1943   -2.5231    0.2212
 4053 ILKGGDI   -3.6712   -6.1943   -2.5231    0.2212
 4054 ILKGGDI   -3.6712   -6.1943   -2.5231    0.2212
 4055 ILDGGEI   -0.7360   -4.0692   -3.3331    0.2212
 4056 ILEGGDW   -4.4246   -6.6723   -2.2477    0.2212
 4057 ILEGGDW   -4.4246   -6.6723   -2.2477    0.2212
 4058 ILGEGDI   -3.3202   -6.5419   -3.2217    0.2212
 4059 ILGEGEI   -3.6534   -7.1922   -3.5389    0.2212
 4060 ILGEGEI   -3.3471   -6.8859   -3.5389    0.2212
 4061 LLGKGEI   -1.6504   -6.1689   -4.5186    0.2212
 4062 LLGKGDI   -2.6589   -6.8604   -4.2014    0.2212
 4063 ILGKGDI   -3.6699   -6.0816   -2.4117    0.2212
 4064 ILGKGDI   -3.6699   -6.0816   -2.4117    0.2212
 4065 ILGEGEI   -3.1267   -6.6656   -3.5389    0.2212
 4066 ILGEGEI   -3.1267   -6.6656   -3.5389    0.2212
 4067 ILGEGEI   -3.1267   -6.6656   -3.5389    0.2212
 4068 ILGIGDK   -4.3468   -6.8699   -2.5231    0.2212
 4069 ILGWGDK   -5.1211   -6.5588   -1.4377    0.2212
 4070 KLGIGDW   -4.6805   -5.8954   -1.2149    0.2212
 4071 KLIGGDW   -4.1968   -5.6345   -1.4377    0.2212
 4072 DLGIGDW   -2.9615   -4.6692   -1.7077    0.2212
 4073 DLGIGDW   -2.9615   -4.6692   -1.7077    0.2212
 4074 DLGIGDW   -2.9615   -4.6692   -1.7077    0.2212
 4075 DLGIGKL   -3.4957   -7.5857   -4.0900    0.2212
 4076 DLGIGKL   -3.4957   -7.5857   -4.0900    0.2212
 4077 LLGLGDD   -2.9907   -9.5861   -6.5954    0.2212
 4078 LLLGGDD   -3.2759  -10.0942   -6.8183    0.2212
 4079 DLVGGLD   -2.2966   -8.4766   -6.1800    0.2212
 4080 KLVGGLE   -4.9709  -10.9752   -6.0043    0.2212
 4081 WLKGGLD   -2.9565   -6.1839   -3.2274    0.2212
 4082 WLKGGLD   -2.9565   -6.1839   -3.2274    0.2212
 4083 KLWGGLD   -3.0367   -6.2641   -3.2274    0.2212
 4084 DLWGGLK   -1.3767   -4.6041   -3.2274    0.2212
 4085 DLMGGFK   -0.7737   -4.4414   -3.6677    0.2212
 4086 DLMGGKF   -2.2161   -5.8838   -3.6677    0.2212
 4087 DLMGGKF   -2.2161   -5.8838   -3.6677    0.2212
 4088 DLMGGKW   -3.1504   -5.9570   -2.8066    0.2212
 4089 ELMGGKW   -3.2079   -6.3316   -3.1237    0.2212
 4090 ELMGGKW   -3.2079   -6.3316   -3.1237    0.2212
 4091 DLMGGKW   -4.0000   -6.8066   -2.8066    0.2212
 4092 DLVGGKW   -5.0679   -7.8799   -2.8120    0.2212
 4093 DLVGGKW   -5.0679   -7.8799   -2.8120    0.2212
 4094 DLVGGKW   -5.0679   -7.8799   -2.8120    0.2212
 4095 ELFGGKW   -6.0877   -7.6183   -1.5306    0.2212
 4096 ELFGGKW   -6.0877   -7.6183   -1.5306    0.2212
 4097 ELFGGKW   -6.0877   -7.6183   -1.5306    0.2212
 4098 ELFGGKW   -6.0877   -7.6183   -1.5306    0.2212
 4099 ELFGGKW   -6.0877   -7.6183   -1.5306    0.2212
 4100 ELFGGKW   -6.0877   -7.6183   -1.5306    0.2212
 4101 ELFGGKW   -6.0877   -7.6183   -1.5306    0.2212
 4102 ELFGGKW   -6.0877   -7.6183   -1.5306    0.2212
 4103 DLFGGKW   -5.0112   -6.2246   -1.2134    0.2212
 4104 DLIGGKW   -6.0013   -7.4390   -1.4377    0.2212
 4105 DLIGGKW   -6.0013   -7.4390   -1.4377    0.2212
 4106 DLIGGKW   -6.0013   -7.4390   -1.4377    0.2212
 4107 DLIGGKW   -6.0013   -7.4390   -1.4377    0.2212
 4108 KLIGGDW   -6.8263   -8.2640   -1.4377    0.2212
 4109 KLIGGDW   -6.8263   -8.2640   -1.4377    0.2212
 4110 KLIGGDW   -6.8263   -8.2640   -1.4377    0.2212
 4111 KLIGGDW   -6.8263   -8.2640   -1.4377    0.2212
 4112 KLGVGDW   -5.3913   -7.9804   -2.5891    0.2212
 4113 KLGVGEW   -5.5390   -8.4453   -2.9063    0.2212
 4114 KLMVGDW   -5.2783   -8.1163   -2.8380    0.2212
 4115 KLMVGDW   -5.2783   -8.1163   -2.8380    0.2212
 4116 KLMVGDW   -5.2783   -8.1163   -2.8380    0.2212
 4117 KLGVGDW   -5.4052   -7.9944   -2.5891    0.2212
 4118 KLGVGDW   -5.4052   -7.9944   -2.5891    0.2212
 4119 KLGMGDW   -4.5512   -7.1349   -2.5837    0.2212
 4120 MLKGGDW   -6.0053   -8.8118   -2.8066    0.2212
 4121 MLKGGDW   -6.0053   -8.8118   -2.8066    0.2212
 4122 MLKGGDW   -6.0053   -8.8118   -2.8066    0.2212
 4123 MLKGGDW   -6.0053   -8.8118   -2.8066    0.2212
 4124 MLKGGDW   -6.0053   -8.8118   -2.8066    0.2212
 4125 MLKGGDW   -6.0053   -8.8118   -2.8066    0.2212
 4126 KLMGGDI   -3.8884   -7.7804   -3.8920    0.2212
 4127 KLLGGDI   -3.7110   -8.0238   -4.3129    0.2212
 4128 LLKGGDI   -3.9522   -8.2650   -4.3129    0.2212
 4129 LLKGGDW   -4.9147   -8.1421   -3.2274    0.2212
 4130 LLKGGDW   -4.9147   -8.1421   -3.2274    0.2212
 4131 LLKGGDI   -4.3558   -8.6686   -4.3129    0.2212
 4132 LLKGGDI   -4.3558   -8.6686   -4.3129    0.2212
 4133 LLKGGDI   -4.3558   -8.6686   -4.3129    0.2212
 4134 LLKGGDW   -5.2856   -8.5130   -3.2274    0.2212
 4135 LLKGGDW   -5.2856   -8.5130   -3.2274    0.2212
 4136 MLKGGDL   -4.0510   -9.7327   -5.6817    0.2212
 4137 MLKGGDV   -4.9129  -10.1792   -5.2663    0.2212
 4138 LLKGGDV   -3.5347   -9.2219   -5.6871    0.2212
 4139 LLKGGDV   -4.2333   -9.9204   -5.6871    0.2195
 4140 MLKGGDV   -5.7270  -10.9933   -5.2663    0.2195
 4141 MLKGGDV   -5.7270  -10.9933   -5.2663    0.2195
 4142 MLKGGEV   -6.0546  -11.6381   -5.5834    0.2195
 4143 MLKGGEM   -5.6338  -11.2118   -5.5780    0.2195
 4144 MLKGGEI   -6.8286  -11.0377   -4.2091    0.2195
 4145 MLKGGEI   -6.8286  -11.0377   -4.2091    0.2195
 4146 MLKGGEI   -6.8286  -11.0377   -4.2091    0.2195
 4147 MLKGGEI   -6.8286  -11.0377   -4.2091    0.2195
 4148 MLKGGEI   -6.8286  -11.0377   -4.2091    0.2195
 4149 MLKGGDI   -6.8118  -10.7038   -3.8920    0.2195
 4150 MLKGGDI   -6.8118  -10.7038   -3.8920    0.2195
 4151 MLKGGDV   -6.0475  -11.3138   -5.2663    0.2195
 4152 MLKGGDV   -6.0475  -11.3138   -5.2663    0.2195
 4153 MLKGGEV   -5.8832  -11.4666   -5.5834    0.2195
 4154 MLKGGEI   -5.6986   -9.9078   -4.2091    0.2195
 4155 MLKGGEI   -5.6986   -9.9078   -4.2091    0.2195
 4156 MLKGGEI   -5.6986   -9.9078   -4.2091    0.2195
 4157 MLKGGEI   -5.6986   -9.9078   -4.2091    0.2195
 4158 MLKGGEI   -5.6986   -9.9078   -4.2091    0.2195
 4159 MLKGGDI   -5.8949   -9.7869   -3.8920    0.2195
 4160 MLKGGDI   -5.8949   -9.7869   -3.8920    0.2195
 4161 MLKGGDI   -5.8949   -9.7869   -3.8920    0.2195
 4162 MLKGGDI   -5.8949   -9.7869   -3.8920    0.2195
 4163 MLKGGDI   -5.8949   -9.7869   -3.8920    0.2195
 4164 MLKGGDI   -5.8949   -9.7869   -3.8920    0.2195
 4165 MLKGGEI   -5.5225   -9.7316   -4.2091    0.2195
 4166 MLKGGEI   -5.5225   -9.7316   -4.2091    0.2195
 4167 MLKGGEI   -5.5225   -9.7316   -4.2091    0.2195
 4168 MLKGGEI   -5.5225   -9.7316   -4.2091    0.2195
 4169 MLKGGEI   -5.5225   -9.7316   -4.2091    0.2195
 4170 MLKGGEI   -5.5225   -9.7316   -4.2091    0.2195
 4171 MLKGGDI   -5.8587   -9.7507   -3.8920    0.2195
 4172 MLKGGDI   -5.8587   -9.7507   -3.8920    0.2195
 4173 MLKGGDI   -5.8587   -9.7507   -3.8920    0.2195
 4174 MLKGGDI   -6.8281  -10.7201   -3.8920    0.2195
 4175 MLKGGEI   -6.6621  -10.8713   -4.2091    0.2195
 4176 MLKGGEI   -6.6621  -10.8713   -4.2091    0.2195
 4177 MLKGGEI   -6.6621  -10.8713   -4.2091    0.2195
 4178 MLKGGEI   -6.6621  -10.8713   -4.2091    0.2195
 4179 MLKGGEI   -6.6621  -10.8713   -4.2091    0.2195
 4180 MLKGGEV   -5.8735  -11.4569   -5.5834    0.2195
 4181 MLKGGEV   -5.8735  -11.4569   -5.5834    0.2195
 4182 FLKGGEV   -5.2485   -9.2387   -3.9903    0.2195
 4183 FLKGGEV   -5.2485   -9.2387   -3.9903    0.2195
 4184 MLKGGEV   -6.0396  -11.6230   -5.5834    0.2195
 4185 MLIGGEK   -4.8316   -9.2636   -4.4320    0.2195
 4186 MLKGGDI   -6.8940  -10.7860   -3.8920    0.2195
 4187 MLRGGDI   -5.9252  -13.1812   -7.2560    0.2195
 4188 MLRGGDI   -5.9252  -13.1812   -7.2560    0.2195
 4189 MLRGGDI   -5.9252  -13.1812   -7.2560    0.2195
 4190 MLRGGDI   -5.9252  -13.1812   -7.2560    0.2195
 4191 MLRGGDI   -5.9252  -13.1812   -7.2560    0.2195
 4192 MLRGGDI   -5.9252  -13.1812   -7.2560    0.2195
 4193 MLRGGDI   -5.9252  -13.1812   -7.2560    0.2195
 4194 MLKGGDI   -7.7559  -11.6479   -3.8920    0.2195
 4195 MLKGGDV   -6.9370  -12.2033   -5.2663    0.2195
 4196 MLKGGDW   -7.5525  -10.3590   -2.8066    0.2195
 4197 MLKGGDW   -7.5525  -10.3590   -2.8066    0.2195
 4198 MLKGGDW   -7.5525  -10.3590   -2.8066    0.2195
 4199 MLKGGEW   -6.9193  -10.0430   -3.1237    0.2195
 4200 MLRGGEW   -3.4225   -9.9103   -6.4877    0.2195
 4201 MLRGGEW   -3.4225   -9.9103   -6.4877    0.2195
 4202 MLRGGEW   -3.4225   -9.9103   -6.4877    0.2195
 4203 MLKGGEW   -5.3479   -8.4716   -3.1237    0.2195
 4204 MLKGGEW   -5.3479   -8.4716   -3.1237    0.2195
 4205 MLKGGDW   -5.1718   -7.9784   -2.8066    0.2195
 4206 MLKGGDW   -5.1718   -7.9784   -2.8066    0.2195
 4207 MLKGGDV   -4.5657   -9.8320   -5.2663    0.2195
 4208 MLKGGEV   -4.8311  -10.4145   -5.5834    0.2195
 4209 MLDGGKV   -4.4638   -9.7301   -5.2663    0.2195
 4210 MLVGGKD   -5.0504  -10.5395   -5.4891    0.2195
 4211 MLVGGDD   -4.8484  -10.8304   -5.9820    0.2195
 4212 FLMGGDD   -2.7443   -7.1277   -4.3834    0.2195
 4213 FLWGGDE   -3.7075   -5.9538   -2.2463    0.2195
 4214 FLWGGDD   -3.9170   -5.8461   -1.9291    0.2195
 4215 FLWGGKD   -1.8854   -3.3217   -1.4363    0.2195
 4216 FLIGGED   -4.9252   -8.2569   -3.3317    0.2195
 4217 FLIGGKD   -3.4685   -5.9902   -2.5217    0.2195
 4218 FLDGGRI    0.7095   -4.9533   -5.6629    0.2195
 4219 FLIGGED   -4.9659   -8.2976   -3.3317    0.2195
 4220 FLIGGKE   -4.0441   -6.8830   -2.8389    0.2195
 4221 FLIGGKD   -5.2053   -7.7270   -2.5217    0.2195
 4222 FLMGGED   -3.2707   -7.9713   -4.7006    0.2195
 4223 FLMGGED   -3.2707   -7.9713   -4.7006    0.2195
 4224 FLWGGED   -2.3394   -4.5857   -2.2463    0.2195
 4225 FLWGGED   -2.3394   -4.5857   -2.2463    0.2195
 4226 FLVGGED   -3.8008   -8.5068   -4.7060    0.2195
 4227 FLVGGED   -3.8008   -8.5068   -4.7060    0.2195
 4228 FLEGGDV   -1.5769   -6.0600   -4.4831    0.2195
 4229 ELFGGDM   -0.3508   -4.8285   -4.4777    0.2195
 4230 ELFGGDM   -0.3508   -4.8285   -4.4777    0.2195
 4231 ELMGGKF   -3.1829   -7.1678   -3.9849    0.2195
 4232 ELIGGKI   -3.9956   -6.8359   -2.8403    0.2195
 4233 ELFGGKI   -0.5560   -3.1720   -2.6160    0.2195
 4234 ELVGGKI   -2.4503   -6.6649   -4.2146    0.2195
 4235 ELVGGEI   -2.9153   -7.9399   -5.0246    0.2195
 4236 ELVGGEI   -2.9153   -7.9399   -5.0246    0.2195
 4237 VLIGGEE   -3.3697   -8.6172   -5.2474    0.2195
 4238 VLIGGED   -3.4431   -8.3734   -4.9303    0.2195
 4239 ILVGGEE   -3.2165   -8.4640   -5.2474    0.2195
 4240 VLLGGDE   -2.4015   -9.1215   -6.7200    0.2195
 4241 MLFGGDK   -4.6811   -8.5717   -3.8906    0.2195
 4242 MLGFGDK   -2.4017   -6.0694   -3.6677    0.2195
 4243 MLGIGDE   -4.9445   -9.6465   -4.7020    0.2195
 4244 ILGIGDE   -5.8276   -9.1607   -3.3331    0.2195
 4245 ILGIGEE   -6.2327   -9.8830   -3.6503    0.2195
 4246 ILGIGEE   -6.2327   -9.8830   -3.6503    0.2195
 4247 ILGIGDD   -6.0425   -9.0585   -3.0160    0.2195
 4248 ILGIGDD   -6.0425   -9.0585   -3.0160    0.2195
 4249 ILGIGDD   -6.0425   -9.0585   -3.0160    0.2195
 4250 ILGIGDD   -6.0425   -9.0585   -3.0160    0.2195
 4251 ILGIGDE   -6.4631   -9.7962   -3.3331    0.2195
 4252 ILGIGDE   -6.4631   -9.7962   -3.3331    0.2195
 4253 ILGIGDD   -6.0188   -9.0348   -3.0160    0.2195
 4254 ILGIGED   -5.8995   -9.2327   -3.3331    0.2195
 4255 ILGIGED   -5.8995   -9.2327   -3.3331    0.2195
 4256 ILGIGED   -5.8995   -9.2327   -3.3331    0.2195
 4257 ILGIGEE   -6.3471   -9.9974   -3.6503    0.2195
 4258 ILGIGEE   -6.3471   -9.9974   -3.6503    0.2195
 4259 ILGIGEE   -6.3471   -9.9974   -3.6503    0.2195
 4260 ILGIGDE   -6.4139   -9.7470   -3.3331    0.2195
 4261 MLGIGDE   -5.7627  -10.4647   -4.7020    0.2195
 4262 MLGKGDI   -3.3534   -7.1340   -3.7806    0.2195
 4263 MLGKGDI   -3.3534   -7.1340   -3.7806    0.2195
 4264 KLIGGDI   -6.0115   -8.5347   -2.5231    0.2195
 4265 KLIGGDW   -7.0990   -8.5367   -1.4377    0.2195
 4266 KLIGGDW   -7.0990   -8.5367   -1.4377    0.2195
 4267 KLIGGDW   -7.0990   -8.5367   -1.4377    0.2195
 4268 KLIGGDW   -7.0990   -8.5367   -1.4377    0.2195
 4269 KLIGGDW   -7.0990   -8.5367   -1.4377    0.2195
 4270 KLIGGDW   -7.0990   -8.5367   -1.4377    0.2195
 4271 KLIGGDW   -7.0990   -8.5367   -1.4377    0.2195
 4272 KLIGGDW   -7.0990   -8.5367   -1.4377    0.2195
 4273 KLIGGDW   -7.0990   -8.5367   -1.4377    0.2195
 4274 ILKGGDW   -9.1200  -10.5577   -1.4377    0.2195
 4275 ILKGGDW   -9.1200  -10.5577   -1.4377    0.2195
 4276 DLKGGIW   -7.2421   -8.6798   -1.4377    0.2195
 4277 DLKGGIW   -7.2421   -8.6798   -1.4377    0.2195
 4278 DLKGGIW   -7.2421   -8.6798   -1.4377    0.2195
 4279 DLKGGIW   -7.2421   -8.6798   -1.4377    0.2195
 4280 DLKGGIW   -7.2421   -8.6798   -1.4377    0.2195
 4281 DLKGGIW   -7.2421   -8.6798   -1.4377    0.2195
 4282 DLFGGIK   -6.0194   -8.3183   -2.2989    0.2195
 4283 DLFGGIK   -6.0194   -8.3183   -2.2989    0.2195
 4284 DLLGGIK   -5.8083  -10.1211   -4.3129    0.2195
 4285 DLWGGIK   -7.5678   -9.0055   -1.4377    0.2195
 4286 DLWGGIK   -7.5678   -9.0055   -1.4377    0.2195
 4287 DLWGGVK   -6.4050   -9.2170   -2.8120    0.2195
 4288 DLFGGVK   -4.9148   -8.5879   -3.6731    0.2195
 4289 DLFGGVE   -3.4507   -7.9339   -4.4831    0.2195
 4290 ELIGGVE   -3.0664   -8.0910   -5.0246    0.2195
 4291 ELIGGVE   -3.0664   -8.0910   -5.0246    0.2195
 4292 ELGIGVE   -2.7702   -7.5719   -4.8017    0.2195
 4293 MLGEGIE   -3.2494   -8.1572   -4.9077    0.2195
 4294 MLGKGVD   -3.3476   -8.5024   -5.1549    0.2195
 4295 MLGKGVD   -3.3476   -8.5024   -5.1549    0.2195
 4296 KLMGGVD   -4.9986  -10.2649   -5.2663    0.2195
 4297 KLFGGVD   -5.1244   -8.7975   -3.6731    0.2195
 4298 KLFGGVD   -5.1244   -8.7975   -3.6731    0.2195
 4299 KLFGGDV   -2.9163   -6.5894   -3.6731    0.2195
 4300 KLWGGDV   -5.0006   -7.8126   -2.8120    0.2195
 4301 KLWGGDV   -5.0006   -7.8126   -2.8120    0.2195
 4302 WLKGGDV   -5.3698   -8.1818   -2.8120    0.2195
 4303 KLIGGDV   -6.1742  -10.0716   -3.8974    0.2195
 4304 KLIGGEM   -3.8428   -8.0519   -4.2091    0.2195
 4305 KLIGGEM   -3.8428   -8.0519   -4.2091    0.2195
 4306 KLMGGEI   -3.9604   -8.1696   -4.2091    0.2195
 4307 KLMGGEV   -4.9508  -10.5342   -5.5834    0.2195
 4308 KLMGGEL   -4.0679  -10.0668   -5.9989    0.2195
 4309 KLWGGEL   -4.8540   -8.3986   -3.5446    0.2195
 4310 KLWGGEV   -5.7431   -8.8722   -3.1291    0.2195
 4311 KLIGGEV   -6.1672  -10.3818   -4.2146    0.2195
 4312 KLIGGEV   -6.1672  -10.3818   -4.2146    0.2195
 4313 KLIGGEV   -6.1672  -10.3818   -4.2146    0.2195
 4314 KLIGGEV   -6.1672  -10.3818   -4.2146    0.2195
 4315 KLWGGEV   -5.8072   -8.9364   -3.1291    0.2195
 4316 KLWGGEV   -5.8072   -8.9364   -3.1291    0.2195
 4317 KLWGGEV   -5.8072   -8.9364   -3.1291    0.2195
 4318 KLIGGEV   -6.1343  -10.3489   -4.2146    0.2195
 4319 KLIGGEV   -6.1343  -10.3489   -4.2146    0.2195
 4320 KLIGGME   -4.9418   -9.1509   -4.2091    0.2195
 4321 KLIGGVE   -4.0127   -8.2273   -4.2146    0.2195
 4322 KLMGGVE   -3.3206   -8.9040   -5.5834    0.2195
 4323 KLMGGVE   -3.3206   -8.9040   -5.5834    0.2195
 4324 KLWGGVE   -4.6641   -7.7933   -3.1291    0.2195
 4325 KLWGGVE   -4.6641   -7.7933   -3.1291    0.2195
 4326 KLWGGVE   -4.6641   -7.7933   -3.1291    0.2195
 4327 KLWGGVE   -4.6641   -7.7933   -3.1291    0.2195
 4328 KLGWGVE   -3.0263   -5.9326   -2.9063    0.2195
 4329 KLGWGVE   -3.0263   -5.9326   -2.9063    0.2195
 4330 KLGMGVE   -1.9076   -7.2682   -5.3606    0.2195
 4331 KLGVGMD   -3.0522   -8.0957   -5.0434    0.2195
 4332 KLGFGEV   -3.9817   -7.7491   -3.7674    0.2195
 4333 KLGFGEV   -3.9817   -7.7491   -3.7674    0.2195
 4334 KLGFGEV   -3.9817   -7.7491   -3.7674    0.2195
 4335 KLGFGEV   -3.9817   -7.7491   -3.7674    0.2195
 4336 KLGFGEM   -1.6676   -5.4296   -3.7620    0.2195
 4337 RLGIGDM   -0.2411   -7.2743   -7.0331    0.2195
 4338 ILGEGDM   -0.8474   -5.4379   -4.5906    0.2195
 4339 DLGEGGI    1.7936   -6.0910   -7.8846    0.2195
 4340 DLGEGGI    2.2118   -5.6728   -7.8846    0.1520
 4341 RLGEGGI    5.2320   -5.5238  -10.7557    0.1520
 4342 ELRGGGI    1.0042   -9.8630  -10.8671    0.1520
 4343 WLKGGGE   -3.1136   -9.6428   -6.5291    0.1520
 4344 WLKGGGE   -3.1136   -9.6428   -6.5291    0.1520
 4345 WLKGGGE   -3.1136   -9.6428   -6.5291    0.1520
 4346 WLKGGGE   -3.1136   -9.6428   -6.5291    0.1520
 4347 ILKGGGE   -3.1099  -10.7245   -7.6146    0.1520
 4348 ILKGGGE   -3.1099  -10.7245   -7.6146    0.1520
 4349 ILKGGGE   -3.1099  -10.7245   -7.6146    0.1520
 4350 ILKGGGE   -3.1099  -10.7245   -7.6146    0.1520
 4351 ILKGGGE   -3.1099  -10.7245   -7.6146    0.1520
 4352 ILKGGGE   -3.1099  -10.7245   -7.6146    0.1520
 4353 KLIGGGE   -2.6800  -10.2946   -7.6146    0.1520
 4354 ILKGGGE   -3.4647  -11.0793   -7.6146    0.1520
 4355 WLKGGGE   -3.4625   -9.9916   -6.5291    0.1520
 4356 KLWGGGE   -3.0962   -9.6254   -6.5291    0.1520
 4357 WLKGGGE   -1.8059   -8.3351   -6.5291    0.1520
 4358 WLEGGGK    0.1309   -6.3982   -6.5291    0.1520
 4359 KLEGGGW   -1.3778   -7.7955   -6.4177    0.1520
 4360 KLEGGGF    0.0373   -7.2416   -7.2789    0.1520
 4361 KLEGGGL    0.4762   -8.8167   -9.2929    0.1520
 4362 KLEGGGL    0.4762   -8.8167   -9.2929    0.1520
 4363 KLGEGGL    0.2701   -8.9113   -9.1814    0.1520
 4364 KLGEGGL    0.2701   -8.9113   -9.1814    0.1520
 4365 KLGEGGW   -1.6713   -7.9776   -6.3063    0.1520
 4366 KLADGGW   -1.2769   -7.3649   -6.0880    0.1520
 4367 KLGDGGW   -0.8631   -6.8522   -5.9891    0.1520
 4368 KLGDGGW   -0.8093   -6.7984   -5.9891    0.1520
 4369 KLGWGGD   -2.7314   -8.7205   -5.9891    0.1520
 4370 KLGWGGD   -2.7314   -8.7205   -5.9891    0.1520
 4371 KLGWGGD   -2.7314   -8.7205   -5.9891    0.1520
 4372 KLGWGGD   -2.7314   -8.7205   -5.9891    0.1520
 4373 KLGWGGD   -2.7314   -8.7205   -5.9891    0.1520
 4374 KLGEGGW   -1.5835   -7.8897   -6.3063    0.1520
 4375 KLGEGGW   -1.5835   -7.8897   -6.3063    0.1520
 4376 KLGWGGE   -2.9733   -9.2796   -6.3063    0.1520
 4377 KLGWGGE   -2.9733   -9.2796   -6.3063    0.1520
 4378 KLGWGGE   -2.9733   -9.2796   -6.3063    0.1520
 4379 KLGIGGE   -2.6447  -10.0364   -7.3917    0.1520
 4380 KLGIGGE   -2.6447  -10.0364   -7.3917    0.1520
 4381 KLGIGGE   -2.6447  -10.0364   -7.3917    0.1520
 4382 KLGFGGE   -1.7137   -8.8812   -7.1674    0.1520
 4383 KLGWGGE   -2.7280   -9.0343   -6.3063    0.1520
 4384 KLGWGGE   -2.7280   -9.0343   -6.3063    0.1520
 4385 KLGWGGE   -2.7280   -9.0343   -6.3063    0.1520
 4386 KLGEGGW   -1.1911   -7.4974   -6.3063    0.1520
 4387 KLGEGGW   -1.1911   -7.4974   -6.3063    0.1520
 4388 KLGWGGE   -2.7730   -9.0793   -6.3063    0.1520
 4389 KLGWGGE   -2.7730   -9.0793   -6.3063    0.1520
 4390 KLGWGGE   -2.7730   -9.0793   -6.3063    0.1520
 4391 KLGWGGE   -2.7730   -9.0793   -6.3063    0.1520
 4392 KLGWGGD   -3.3436   -9.3327   -5.9891    0.1520
 4393 KLGDGGW   -0.9762   -6.9654   -5.9891    0.1520
 4394 KLMDGGW   -3.7777   -6.5842   -2.8066    0.1520
 4395 KLMDGGW   -3.7777   -6.5842   -2.8066    0.1520
 4396 KLDLGGW   -2.8645   -5.9805   -3.1160    0.1520
 4397 KLDIGGW   -4.4788   -5.8051   -1.3263    0.1520
 4398 KLDIGGW   -4.4788   -5.8051   -1.3263    0.1520
 4399 KLDIGGW   -4.4788   -5.8051   -1.3263    0.1520
 4400 KLDIGGW   -4.4788   -5.8051   -1.3263    0.1520
 4401 KLDIGGW   -4.4788   -5.8051   -1.3263    0.1520
 4402 KLDVGGW   -5.1433   -7.8438   -2.7006    0.1520
 4403 KLDVGGW   -5.1433   -7.8438   -2.7006    0.1520
 4404 KLDVGGW   -5.1433   -7.8438   -2.7006    0.1520
 4405 KLDMGGW   -3.5794   -6.2745   -2.6951    0.1520
 4406 ILDKGGW   -3.6075   -5.1567   -1.5491    0.1520
 4407 KLDIGGW   -5.3965   -6.7228   -1.3263    0.1520
 4408 KLDIGGW   -5.3965   -6.7228   -1.3263    0.1520
 4409 KLIDGGW   -7.2225   -8.6602   -1.4377    0.1520
 4410 KLMDGGW   -5.2179   -8.0244   -2.8066    0.1520
 4411 KLIEGGW   -7.4549   -9.2097   -1.7549    0.1520
 4412 KLVDGGW   -5.8204   -8.6324   -2.8120    0.1520
 4413 KLVDGGW   -5.8204   -8.6324   -2.8120    0.1520
 4414 KLVEGGW   -5.9336   -9.0627   -3.1291    0.1520
 4415 KLVEGGW   -5.9336   -9.0627   -3.1291    0.1520
 4416 KLVEGGW   -5.9336   -9.0627   -3.1291    0.1520
 4417 KLVEGGW   -5.9336   -9.0627   -3.1291    0.1520
 4418 KLEVGGW   -6.5382   -9.5559   -3.0177    0.1520
 4419 KLEVGGW   -6.5382   -9.5559   -3.0177    0.1520
 4420 ILEKGGW   -5.6287   -7.4950   -1.8663    0.1520
 4421 ILEKGGI   -5.4695   -8.4212   -2.9517    0.1520
 4422 ILEKGGI   -5.4695   -8.4212   -2.9517    0.1520
 4423 ILEKGGI   -5.4695   -8.4212   -2.9517    0.1520
 4424 ILEKGAI   -5.3502   -8.2893   -2.9391    0.1520
 4425 ILEKGAI   -5.3502   -8.2893   -2.9391    0.1520
 4426 ILEKGAI   -5.3502   -8.2893   -2.9391    0.1520
 4427 ILEKGAI   -5.3502   -8.2893   -2.9391    0.1520
 4428 ILEKGAI   -5.3502   -8.2893   -2.9391    0.1520
 4429 KLIIGAE   -9.6561  -12.4839   -2.8277    0.1520
 4430 KLIIGAE   -9.6561  -12.4839   -2.8277    0.1520
 4431 KLIIGAE   -9.6561  -12.4839   -2.8277    0.1520
 4432 KLIIGAE   -9.6201  -12.4479   -2.8277    0.1520
 4433 KLIIGAE   -9.6201  -12.4479   -2.8277    0.1520
 4434 KLIIGAE   -9.6201  -12.4479   -2.8277    0.1520
 4435 KLIIGAE   -9.7882  -12.6159   -2.8277    0.1520
 4436 KLIIGAD   -9.0511  -11.5617   -2.5106    0.1520
 4437 KLIIGAD   -9.0511  -11.5617   -2.5106    0.1520
 4438 KLIIGAD   -9.0511  -11.5617   -2.5106    0.1520
 4439 KLIIGAD   -9.0511  -11.5617   -2.5106    0.1520
 4440 KLIMGDA   -5.7239   -9.6033   -3.8794    0.1520
 4441 KLIAGMD   -4.6243   -8.5037   -3.8794    0.1520
 4442 KLMAGDM   -3.5040   -8.7523   -5.2483    0.1520
 4443 MLKAGDF   -6.3345   -9.8783   -3.5437    0.1520
 4444 MLKAGDV   -6.7415  -11.8837   -5.1423    0.1520
 4445 MLKAGDV   -6.7415  -11.8837   -5.1423    0.1520
 4446 MLKMGDV   -8.8319  -10.6928   -1.8609    0.1520
 4447 MLKMGDV   -8.8319  -10.6928   -1.8609    0.1520
 4448 MLKMGDV   -8.8319  -10.6928   -1.8609    0.1520
 4449 MLKMGDV   -8.8319  -10.6928   -1.8609    0.1520
 4450 MLKMGDV   -8.8319  -10.6928   -1.8609    0.1520
 4451 MLKMGDV   -8.8319  -10.6928   -1.8609    0.1520
 4452 MLKMGDV   -8.8319  -10.6928   -1.8609    0.1520
 4453 MLKMGDV   -8.8319  -10.6928   -1.8609    0.1520
 4454 MLKVGDM   -5.5791   -7.4399   -1.8609    0.1520
 4455 MLKEGAM   -5.8690  -11.5459   -5.6769    0.1520
 4456 MLKEGAM   -5.8690  -11.5459   -5.6769    0.1520
 4457 MLKDGAM   -3.5402   -8.8999   -5.3597    0.1520
 4458 MLKAGDM   -6.1429  -11.2798   -5.1369    0.1520
 4459 MLKAGDM   -6.1429  -11.2798   -5.1369    0.1520
 4460 MLKAGDM   -6.1429  -11.2798   -5.1369    0.1520
 4461 MLMAGDD   -4.2372  -10.2012   -5.9640    0.1520
 4462 MLMAGDD   -4.2372  -10.2012   -5.9640    0.1520
 4463 MLWAGED   -4.9224   -8.7493   -3.8269    0.1520
 4464 MLWAGDE   -5.0831   -8.9100   -3.8269    0.1520
 4465 MLWAGDE   -5.0831   -8.9100   -3.8269    0.1520
 4466 MLVAGDK   -4.4179   -9.8945   -5.4766    0.1520
 4467 MLKAGEF   -6.0968   -9.9576   -3.8609    0.1520
 4468 MLKAGEF   -6.0968   -9.9576   -3.8609    0.1520
 4469 MLKAGEW   -8.6218  -11.6215   -2.9997    0.1520
 4470 MLKAGDW   -8.5989  -11.2814   -2.6826    0.1520
 4471 ILKAGDW   -7.0680   -9.8617   -2.7937    0.1520
 4472 VLKAGDW   -7.5942  -10.2822   -2.6880    0.1520
 4473 VLKAGEW   -6.8567   -9.8618   -3.0051    0.1520
 4474 VLKAGEW   -6.8567   -9.8618   -3.0051    0.1520
 4475 VLKEGAW   -5.5929   -8.8209   -3.2280    0.1520
 4476 VLKEGAW   -5.5929   -8.8209   -3.2280    0.1520
 4477 VLKEGAW   -5.5929   -8.8209   -3.2280    0.1520
 4478 FLKEGAW   -4.2078   -7.2373   -3.0294    0.1520
 4479 FLKEGAW   -4.2078   -7.2373   -3.0294    0.1520
 4480 MLKEGAW   -6.8730  -10.0955   -3.2226    0.1520
 4481 MLKEGAW   -6.8730  -10.0955   -3.2226    0.1520
 4482 MLKEGAW   -6.8730  -10.0955   -3.2226    0.1520
 4483 MLKEGAW   -6.8730  -10.0955   -3.2226    0.1520
 4484 MLKMGEW   -5.1471   -8.2654   -3.1183    0.1520
 4485 MLKMGEW   -5.1471   -8.2654   -3.1183    0.1520
 4486 MLKEGMW   -3.1588   -6.4999   -3.3411    0.1520
 4487 MLKEGAI   -5.2890   -9.5970   -4.3080    0.1520
 4488 MLKEGAW   -6.6737   -9.8963   -3.2226    0.1520
 4489 MLKAGEW   -7.8351  -10.8348   -2.9997    0.1520
 4490 MLKAGDW   -8.5620  -11.2445   -2.6826    0.1520
 4491 MLKAGDW   -8.5620  -11.2445   -2.6826    0.1520
 4492 MLKAGEW   -7.6170  -10.6167   -2.9997    0.1520
 4493 MLKAGEW   -7.6170  -10.6167   -2.9997    0.1520
 4494 ILKGGEW   -5.9888   -7.7437   -1.7549    0.1520
 4495 ILKGGEW   -5.9888   -7.7437   -1.7549    0.1520
 4496 ILKAGEW   -5.8189   -8.9298   -3.1109    0.1520
 4497 MLKAGDV   -6.0065  -11.1488   -5.1423    0.1520
 4498 MLKMGDV   -6.9355   -8.7963   -1.8609    0.1520
 4499 MLKMGDM   -6.3746   -8.2300   -1.8554    0.1520
 4500 MLKMGEM   -6.8539   -9.0265   -2.1726    0.1520
 4501 MLKMGEM   -6.8539   -9.0265   -2.1726    0.1520
 4502 MLKMGEM   -6.8539   -9.0265   -2.1726    0.1520
 4503 MLKMGEM   -6.8539   -9.0265   -2.1726    0.1520
 4504 MLKMGDF   -7.0777   -8.2200   -1.1423    0.1520
 4505 MLKMGDI   -8.5321   -9.9786   -1.4466    0.1520
 4506 MLKMGDI   -8.5321   -9.9786   -1.4466    0.1520
 4507 MLKMGDI   -8.5321   -9.9786   -1.4466    0.1520
 4508 MLKMGDI   -8.5321   -9.9786   -1.4466    0.1520
 4509 MLKMGDI   -8.5321   -9.9786   -1.4466    0.1520
 4510 MLKMGDI   -8.5321   -9.9786   -1.4466    0.1520
 4511 MLKMGDI   -8.5321   -9.9786   -1.4466    0.1520
 4512 MLKMGDI   -8.5321   -9.9786   -1.4466    0.1520
 4513 MLKMGDI   -8.5321   -9.9786   -1.4466    0.1520
 4514 MLKMGDI   -8.5321   -9.9786   -1.4466    0.1520
 4515 MLKMGDI   -8.5321   -9.9786   -1.4466    0.1520
 4516 MLKMGDI   -8.5321   -9.9786   -1.4466    0.1520
 4517 MLKMGDI   -8.5321   -9.9786   -1.4466    0.1520
 4518 MLKMGDI   -8.5321   -9.9786   -1.4466    0.1520
 4519 MLKAGDI   -8.5574  -12.3254   -3.7680    0.1520
 4520 MLKAGDW   -9.7431  -12.4257   -2.6826    0.1520
 4521 MLKAGEW   -8.8441  -11.8438   -2.9997    0.1520
 4522 MLKAGEW   -8.8441  -11.8438   -2.9997    0.1520
 4523 MLKAGEW   -8.8441  -11.8438   -2.9997    0.1520
 4524 MLKAGDW   -9.1336  -11.8162   -2.6826    0.1520
 4525 MLKAGDW   -9.1336  -11.8162   -2.6826    0.1520
 4526 MLKAGDW   -9.1336  -11.8162   -2.6826    0.1520
 4527 MLKAGDW   -9.1336  -11.8162   -2.6826    0.1520
 4528 MLKAGEW   -8.8485  -11.8482   -2.9997    0.1520
 4529 MLKAGDW   -9.7684  -12.4510   -2.6826    0.1520
 4530 MLKAGDW   -9.7684  -12.4510   -2.6826    0.1520
 4531 MLKAGDW   -9.7684  -12.4510   -2.6826    0.1520
 4532 MLKAGDW   -9.7684  -12.4510   -2.6826    0.1520
 4533 MLKAGEW   -8.8327  -11.8324   -2.9997    0.1520
 4534 MLKAGEW   -8.8327  -11.8324   -2.9997    0.1520
 4535 MLKAGEW   -8.8327  -11.8324   -2.9997    0.1520
 4536 KLAMGDW   -5.6096   -8.4036   -2.7940    0.1520
 4537 KLAEGVW   -4.8225   -7.9390   -3.1166    0.1520
 4538 ELAKGVW   -5.1076   -8.2241   -3.1166    0.1520
 4539 MLKVGEW   -5.7942   -8.8379   -3.0437    0.1520
 4540 YLKVGEW   -4.0198   -6.4098   -2.3900    0.1520
 4541 YLKVGEW   -2.7759   -5.1659   -2.3900    0.1726
 4542 YLKVGLE   -1.7026   -5.1278   -3.4251    0.1726
 4543 MLKVGLE   -3.2227   -6.1415   -2.9189    0.1726
 4544 MLKVGLE   -3.2227   -6.1415   -2.9189    0.1726
 4545 ELKVGLM   -2.8242   -5.7430   -2.9189    0.1726
 4546 ELKVGLM   -2.8242   -5.7430   -2.9189    0.1726
 4547 ELEVGLV   -4.9811   -8.6354   -3.6543    0.1726
 4548 DLEVGVL   -4.9002   -8.2373   -3.3371    0.1726
 4549 ELDVGVL   -2.9200   -6.2572   -3.3371    0.1726
 4550 ELEVGVF   -4.8085   -6.9288   -2.1203    0.1726
 4551 KLEVGVF   -4.3898   -5.7000   -1.3103    0.1726
 4552 FLEVGVK   -6.4722   -7.7825   -1.3103    0.1726
 4553 FLKVGVD   -7.9410   -8.9341   -0.9931    0.1726
 4554 FLKVGVD   -7.9410   -8.9341   -0.9931    0.1726
 4555 FLKVGVD   -9.0948  -10.0879   -0.9931    0.1726
 4556 FLKVGVD   -9.0948  -10.0879   -0.9931    0.1726
 4557 FLKVGVD   -9.0948  -10.0879   -0.9931    0.1726
 4558 FLKVGVD   -9.0948  -10.0879   -0.9931    0.1726
 4559 FLKVGVD   -9.0948  -10.0879   -0.9931    0.1726
 4560 FLKVGVD   -9.0948  -10.0879   -0.9931    0.1726
 4561 MLKVGVD   -9.6571  -11.5233   -1.8663    0.1726
 4562 MLKVGVE   -8.7598  -10.9432   -2.1834    0.1726
 4563 KLVVGVE   -7.2983   -9.5986   -2.3003    0.1726
 4564 KLVVGVE   -7.2983   -9.5986   -2.3003    0.1726
 4565 KLLEGVV   -4.8457   -7.8015   -2.9557    0.1726
 4566 KLLVGVE   -7.1212  -10.0769   -2.9557    0.1726
 4567 KLLVGVE   -7.1212  -10.0769   -2.9557    0.1726
 4568 KLLVGVE   -7.1212  -10.0769   -2.9557    0.1726
 4569 KLLVGVE   -7.1212  -10.0769   -2.9557    0.1726
 4570 KLLVGVE   -7.1212  -10.0769   -2.9557    0.1726
 4571 KLLVGVE   -7.1212  -10.0769   -2.9557    0.1726
 4572 KLLVGVD   -7.4048  -10.0433   -2.6386    0.1726
 4573 KLLVGDV   -7.0040   -9.6426   -2.6386    0.1726
 4574 KLLVGEV   -6.8253   -9.7810   -2.9557    0.1726
 4575 KLIVGDV   -7.6244   -9.0333   -1.4089    0.1726
 4576 VLKVGEI   -3.0267   -4.6413   -1.6146    0.1726
 4577 ELIVGKV   -3.4381   -5.1641   -1.7260    0.1726
 4578 ELIVGKV   -3.4381   -5.1641   -1.7260    0.1726
 4579 DLVVGEV   -4.5969   -7.3901   -2.7931    0.1726
 4580 DLVVGKV   -6.5436   -8.5267   -1.9831    0.1726
 4581 DLMVGKY   -4.6998   -7.4983   -2.7986    0.1726
 4582 DLMVGDF   -5.0050   -6.6770   -1.6720    0.1726
 4583 MLKVGDF   -9.6337  -10.7014   -1.0677    0.1726
 4584 MLDVGKV   -7.4564   -9.3227   -1.8663    0.1726
 4585 MLDVGMK   -6.7059   -8.5668   -1.8609    0.1726
 4586 MLDMGVK   -6.7034   -8.5642   -1.8609    0.1726
 4587 MLDKGVI   -6.1384   -7.7333   -1.5949    0.1726
 4588 MLVKGDW   -6.6972   -9.5352   -2.8380    0.1726
 4589 MLMKGDV   -6.9214   -8.8937   -1.9723    0.1726
 4590 MLIKGDV   -7.4244   -8.9078   -1.4834    0.1726
 4591 MLIVGDK   -9.1399  -10.8461   -1.7063    0.1726
 4592 MLIVGDE   -9.3880  -11.9043   -2.5163    0.1726
 4593 MLIVGED   -9.1451  -11.6614   -2.5163    0.1726
 4594 MLIVGED   -9.1451  -11.6614   -2.5163    0.1726
 4595 MLIVGDE   -9.2891  -11.8053   -2.5163    0.1726
 4596 MLIVGEE   -9.3245  -12.1580   -2.8334    0.1726
 4597 MLIVGDK   -9.5093  -11.2156   -1.7063    0.1726
 4598 MLLVGDK   -9.2722  -12.2082   -2.9360    0.1726
 4599 MLLVGEK   -9.3788  -12.6319   -3.2531    0.1726
 4600 MLLVGEK   -9.3788  -12.6319   -3.2531    0.1726
 4601 MLLVGEK   -9.3788  -12.6319   -3.2531    0.1726
 4602 GLVIGDK   -4.6954   -8.7042   -4.0089    0.1726
 4603 GLLIGEE   -5.4508  -11.0022   -5.5514    0.1726
 4604 ELLIGGK   -4.9909   -9.7323   -4.7414    0.1726
 4605 ELIIGGK   -5.4327   -8.3844   -2.9517    0.1726
 4606 ELIIGGK   -5.4342   -8.3859   -2.9517    0.1726
 4607 ELIKGGW   -7.3176   -9.0725   -1.7549    0.1726
 4608 KLIEGGW   -5.4312   -7.1860   -1.7549    0.1726
 4609 KLIEGGW   -5.4312   -7.1860   -1.7549    0.1726
 4610 KLIEGGW   -5.4312   -7.1860   -1.7549    0.1726
 4611 KLIEGGW   -5.4312   -7.1860   -1.7549    0.1726
 4612 KLMEGGW   -5.1736   -8.2973   -3.1237    0.1726
 4613 WLMEGGK   -2.7038   -5.9389   -3.2351    0.1726
 4614 WLKEGGM   -3.1746   -6.4098   -3.2351    0.1726
 4615 WLKEGGM   -3.1746   -6.4098   -3.2351    0.1726
 4616 WLKEGGA   -2.7797   -9.2963   -6.5166    0.1726
 4617 WLKEGGA   -2.7797   -9.2963   -6.5166    0.1726
 4618 WLKEGGA   -2.7797   -9.2963   -6.5166    0.1726
 4619 ELKAGGW   -0.5263   -6.8200   -6.2937    0.1726
 4620 ELMKGGW   -2.2948   -5.4185   -3.1237    0.1726
 4621 ELMKGGW   -2.2948   -5.4185   -3.1237    0.1726
 4622 ELMKGGW   -2.2948   -5.4185   -3.1237    0.1726
 4623 ELMKGGW   -2.2948   -5.4185   -3.1237    0.1726
 4624 ELMKGGW   -2.2948   -5.4185   -3.1237    0.1726
 4625 DLMEGGW   -2.0769   -5.6935   -3.6166    0.1726
 4626 DLMDGGW   -1.6815   -4.9809   -3.2994    0.1726
 4627 ALMDGKW    0.2421   -2.5519   -2.7940    0.1726
 4628 ALLDGKW    0.1578   -3.9770   -4.1349    0.1726
 4629 ALLDGKF    0.4119   -3.6641   -4.0760    0.1726
 4630 ALLDGKL    1.7783   -4.3117   -6.0900    0.1726
 4631 ALLDGIK   -4.0951   -8.3954   -4.3003    0.1726
 4632 ALLDGIE   -4.4494   -9.5597   -5.1103    0.1726
 4633 ALIKGLE   -2.1116   -6.7291   -4.6174    0.1726
 4634 ALIDGLE   -2.6693   -7.7796   -5.1103    0.1726
 4635 ALIKGLE   -2.2796   -6.8970   -4.6174    0.1726
 4636 KLIAGLD   -4.4667   -8.7670   -4.3003    0.1726
 4637 ALIKGVD   -4.8870   -8.7719   -3.8849    0.1726
 4638 ILDKGVI   -0.0649   -3.4109   -3.3460    0.1726
 4639 ILDVGKI   -4.0134   -7.1365   -3.1231    0.1726
 4640 VLDVGKW   -5.3659   -8.0179   -2.6520    0.1726
 4641 VLDVGKW   -5.3659   -8.0179   -2.6520    0.1726
 4642 VLDVGDW   -3.6340   -6.7788   -3.1449    0.1726
 4643 VLEVGKW   -5.2020   -8.1711   -2.9691    0.1726
 4644 MLKVGEW   -4.1913   -7.2351   -3.0437    0.1726
 4645 GLKEGVW   -4.3161   -7.4453   -3.1291    0.1726
 4646 GLMEGKW   -2.7997   -5.8120   -3.0123    0.1726
 4647 GLELGKW   -3.2584   -6.5801   -3.3217    0.1726
 4648 GLELGKW   -3.2584   -6.5801   -3.3217    0.1726
 4649 GLEFGKW   -4.7524   -6.0601   -1.3077    0.1726
 4650 GLEFGKW   -4.7524   -6.0601   -1.3077    0.1726
 4651 GLEFGKW   -4.7524   -6.0601   -1.3077    0.1726
 4652 GLEFGKW   -4.7524   -6.0601   -1.3077    0.1726
 4653 GLEFGKW   -4.7524   -6.0601   -1.3077    0.1726
 4654 GLEFGKW   -4.7524   -6.0601   -1.3077    0.1726
 4655 GLEFGKW   -4.7524   -6.0601   -1.3077    0.1726
 4656 GLEFGLD   -0.5366   -5.2123   -4.6757    0.1726
 4657 GLLVGDD   -6.2076  -12.4990   -6.2914    0.1726
 4658 DLLVGGD   -2.8946   -9.1860   -6.2914    0.1726
 4659 KLLVGGD   -6.9208  -12.7193   -5.7986    0.1726
 4660 KLLVGGD   -6.9208  -12.7193   -5.7986    0.1726
 4661 KLIVGGD   -9.1999  -13.2087   -4.0089    0.1726
 4662 KLIVGGD   -9.1999  -13.2087   -4.0089    0.1726
 4663 KLIVGGD   -9.1999  -13.2087   -4.0089    0.1726
 4664 KLIVGGD   -9.1999  -13.2087   -4.0089    0.1726
 4665 KLVIGGD   -7.8323  -11.8411   -4.0089    0.1726
 4666 KLVIGGD   -7.8323  -11.8411   -4.0089    0.1726
 4667 KLIVGGD   -8.7569  -12.7657   -4.0089    0.1726
 4668 VLIKGGD   -7.6644  -11.6733   -4.0089    0.1726
 4669 VLIKGGD   -7.6644  -11.6733   -4.0089    0.1726
 4670 VLIKGGD   -7.6644  -11.6733   -4.0089    0.1726
 4671 FLIKGGD   -7.4912   -9.9015   -2.4103    0.1726
 4672 FLIKGGD   -7.4912   -9.9015   -2.4103    0.1726
 4673 ILIKGGD   -8.8347  -11.4692   -2.6346    0.1726
 4674 KLIIGGD   -9.6418  -12.2764   -2.6346    0.1726
 4675 KLIIGGD   -9.6418  -12.2764   -2.6346    0.1726
 4676 KLIIGGD   -9.6418  -12.2764   -2.6346    0.1726
 4677 KLIIGGD   -9.6418  -12.2764   -2.6346    0.1726
 4678 KLIIGGD   -9.6418  -12.2764   -2.6346    0.1726
 4679 KLIIGGD   -9.6418  -12.2764   -2.6346    0.1726
 4680 KLIIGGD   -9.6418  -12.2764   -2.6346    0.1726
 4681 KLIIGGD   -9.6418  -12.2764   -2.6346    0.1726
 4682 KLIIGGD   -9.6418  -12.2764   -2.6346    0.1726
 4683 KLIIGGD   -9.6418  -12.2764   -2.6346    0.1726
 4684 KLIIGGD   -9.6418  -12.2764   -2.6346    0.1726
 4685 KLIIGGD   -9.6418  -12.2764   -2.6346    0.1726
 4686 KLIIGGD   -9.6418  -12.2764   -2.6346    0.1726
 4687 KLIIGGD   -9.6418  -12.2764   -2.6346    0.1726
 4688 KLIIGGD   -9.6418  -12.2764   -2.6346    0.1726
 4689 KLIIGGD   -9.6418  -12.2764   -2.6346    0.1726
 4690 KLIIGGD   -9.6418  -12.2764   -2.6346    0.1726
 4691 KLIIGGD   -9.6418  -12.2764   -2.6346    0.1726
 4692 KLIIGGD   -9.6418  -12.2764   -2.6346    0.1726
 4693 KLIIGGD   -9.6418  -12.2764   -2.6346    0.1726
 4694 KLIIGGD   -9.6418  -12.2764   -2.6346    0.1726
 4695 KLIIGGD   -9.6418  -12.2764   -2.6346    0.1726
 4696 KLIIGGD   -9.6418  -12.2764   -2.6346    0.1726
 4697 KLIIGGD   -9.6418  -12.2764   -2.6346    0.1726
 4698 KLILGGD   -8.4802  -12.9045   -4.4243    0.1726
 4699 KLILGGD   -8.4802  -12.9045   -4.4243    0.1726
 4700 KLILGGD   -8.4802  -12.9045   -4.4243    0.1726
 4701 KLMVGGD   -6.3871  -11.7648   -5.3777    0.1726
 4702 KLMMGGD   -4.0464   -9.4187   -5.3723    0.1726
 4703 KLMLGGD   -3.9398   -9.7330   -5.7931    0.1726
 4704 KLMLGGD   -3.9398   -9.7330   -5.7931    0.1726
 4705 KLMLGGD   -3.9398   -9.7330   -5.7931    0.1726
 4706 KLMLGGD   -3.9398   -9.7330   -5.7931    0.1726
 4707 KLILGGD   -5.8872  -10.3115   -4.4243    0.1726
 4708 KLIWGGD   -6.8179   -8.3670   -1.5491    0.1726
 4709 KLIWGGD   -6.8179   -8.3670   -1.5491    0.1726
 4710 KLIIGGD   -7.9689  -10.6034   -2.6346    0.1726
 4711 KLIIGGE   -8.0022  -10.9539   -2.9517    0.1726
 4712 KLIIGGE   -8.0022  -10.9539   -2.9517    0.1726
 4713 KLIIGGE   -8.0022  -10.9539   -2.9517    0.1726
 4714 KLIIGGD   -8.7535  -11.3880   -2.6346    0.1726
 4715 KLIIGGD   -8.7535  -11.3880   -2.6346    0.1726
 4716 KLIIGGD   -9.2602  -11.8948   -2.6346    0.1726
 4717 KLIIGGD   -9.2602  -11.8948   -2.6346    0.1726
 4718 KLIVGGD   -8.6688  -12.6777   -4.0089    0.1726
 4719 KLIVGGD   -8.6688  -12.6777   -4.0089    0.1726
 4720 KLIVGGD   -8.6688  -12.6777   -4.0089    0.1726
 4721 KLIVGGD   -8.6688  -12.6777   -4.0089    0.1726
 4722 KLIVGGD   -8.6688  -12.6777   -4.0089    0.1726
 4723 KLIVGGD   -8.6688  -12.6777   -4.0089    0.1726
 4724 KLIIGGD   -9.3019  -11.9364   -2.6346    0.1726
 4725 KLVIGGD   -6.5952  -10.6040   -4.0089    0.1726
 4726 KLVIGGD   -6.5952  -10.6040   -4.0089    0.1726
 4727 KLVIGGD   -6.5724  -10.5813   -4.0089    0.1726
 4728 KLIVGGD   -6.7780  -10.7869   -4.0089    0.1726
 4729 KLLVGGD   -6.6979  -12.4965   -5.7986    0.1726
 4730 KLLVGGD   -6.6979  -12.4965   -5.7986    0.1726
 4731 KLLVGGD   -6.6979  -12.4965   -5.7986    0.1726
 4732 KLLIGGD   -7.4170  -11.8413   -4.4243    0.1726
 4733 KLLIGGD   -7.4170  -11.8413   -4.4243    0.1726
 4734 KLLIGGD   -4.0602   -8.4845   -4.4243    0.1726
 4735 GLLIGKD   -5.1738   -9.5980   -4.4243    0.1726
 4736 ALLIGDK   -5.6671  -10.1903   -4.5231    0.1726
 4737 ALLIGDD   -6.1140  -11.1300   -5.0160    0.1726
 4738 ALVIGDD   -5.3315   -9.9321   -4.6006    0.1726
 4739 ALVIGEE   -5.7162  -10.9511   -5.2349    0.1726
 4740 ALVVGEE   -5.2522  -11.8613   -6.6091    0.1726
 4741 ELLVGEA   -2.9859   -9.7877   -6.8017    0.1726
 4742 ELIVGAE   -4.6721   -9.6841   -5.0120    0.1726
 4743 ELIVGAE   -6.0048  -11.0168   -5.0120    0.1606
 4744 GLMVEAE   -0.5399   -6.9208   -6.3809    0.1606
 4745 LLVMEAE   -1.8640   -7.4832   -5.6191    0.1606
 4746 LLVMEAE   -1.8640   -7.4832   -5.6191    0.1606
 4747 MLVMEAE   -4.8774   -8.0757   -3.1983    0.1606
 4748 MLVMEAE   -4.8774   -8.0757   -3.1983    0.1606
 4749 ILVMEGE   -4.0326   -6.7546   -2.7220    0.1606
 4750 ILVMGEE   -7.9550  -10.7885   -2.8334    0.1606
 4751 ILVMGDE   -8.1739  -10.6902   -2.5163    0.1606
 4752 ILMVGED   -7.3644   -9.8807   -2.5163    0.1606
 4753 ILMVGED   -7.3644   -9.8807   -2.5163    0.1606
 4754 ILMVGED   -7.3644   -9.8807   -2.5163    0.1606
 4755 ILMVGDE   -7.1388   -9.6551   -2.5163    0.1606
 4756 ILMVGEE   -7.6512  -10.4847   -2.8334    0.1606
 4757 ILMVGEE   -7.6512  -10.4847   -2.8334    0.1606
 4758 ILMVGEE   -7.6512  -10.4847   -2.8334    0.1606
 4759 ILMVGEE   -7.6512  -10.4847   -2.8334    0.1606
 4760 ILMVGKE   -5.8869   -7.9103   -2.0234    0.1606
 4761 ILMVGKD   -6.0990   -7.8053   -1.7063    0.1606
 4762 ILMVGKD   -6.0990   -7.8053   -1.7063    0.1606
 4763 ILMVGKD   -6.0990   -7.8053   -1.7063    0.1606
 4764 ILVKGDM   -6.3521   -7.8355   -1.4834    0.1606
 4765 ILVMGDK   -6.9760   -8.6823   -1.7063    0.1606
 4766 ILVMGDK   -6.9760   -8.6823   -1.7063    0.1606
 4767 KLVIGDM   -7.4661   -8.9496   -1.4834    0.1606
 4768 KLMVGDI   -7.1599   -8.6434   -1.4834    0.1606
 4769 KLMIGDV   -7.7348   -9.2182   -1.4834    0.1606
 4770 RLMIGDM   -4.1492   -9.0712   -4.9220    0.1606
 4771 KLMIGDM   -5.5080   -7.0660   -1.5580    0.1606
 4772 KLMIGDM   -5.5080   -7.0660   -1.5580    0.1606
 4773 MLKIGDM   -4.8609   -6.3074   -1.4466    0.1606
 4774 MLKIGDV   -5.5036   -6.8756   -1.3720    0.1606
 4775 MLKIGDV   -5.5036   -6.8756   -1.3720    0.1606
 4776 MLKIGDV   -5.5036   -6.8756   -1.3720    0.1606
 4777 MLKIGDV   -5.5036   -6.8756   -1.3720    0.1606
 4778 MLKIGDV   -5.5036   -6.8756   -1.3720    0.1606
 4779 MLKVGDF   -4.6459   -5.7137   -1.0677    0.1606
 4780 VLEVGLD   -5.8254   -9.1625   -3.3371    0.1606
 4781 VLEVGMD   -6.6127   -9.2890   -2.6763    0.1606
 4782 VLKVGME   -6.6886   -8.8720   -2.1834    0.1606
 4783 VLKVGEW   -6.4547   -9.4238   -2.9691    0.1606
 4784 MLKVGEW   -6.4009   -9.4446   -3.0437    0.1606
 4785 MLDVGEM   -3.4948   -6.1657   -2.6709    0.1606
 4786 MLMKGVD   -5.7482   -7.7205   -1.9723    0.1606
 4787 MLMKGVE   -5.7446   -8.0340   -2.2894    0.1606
 4788 MLKMGVE   -6.0249   -8.2029   -2.1780    0.1606
 4789 MLKMGVE   -6.0249   -8.2029   -2.1780    0.1606
 4790 MLEMGVD   -5.8235   -8.4944   -2.6709    0.1606
 4791 MLEMGVE   -5.2616   -8.2496   -2.9880    0.1606
 4792 MLVDGME   -6.3658   -9.1481   -2.7823    0.1606
 4793 MLVMGDE   -7.0913  -10.0965   -3.0051    0.1606
 4794 MLMVGEE   -6.7298  -10.0521   -3.3223    0.1606
 4795 MLMVGEE   -6.6923  -10.0146   -3.3223    0.1606
 4796 MLVEGDM   -5.5014   -8.2837   -2.7823    0.1606
 4797 MLVEGEM   -6.3188   -9.4182   -3.0994    0.1606
 4798 MLEVGME   -5.0867   -8.0747   -2.9880    0.1606
 4799 MLMVGDE   -8.2261  -11.2313   -3.0051    0.1606
 4800 MLMVGDE   -8.2261  -11.2313   -3.0051    0.1606
 4801 MLMVGDE   -8.2261  -11.2313   -3.0051    0.1606
 4802 MLIVGDE  -10.3168  -12.8331   -2.5163    0.1606
 4803 MLIVGDE  -10.2723  -12.7886   -2.5163    0.1606
 4804 MLIVGDD  -10.0485  -12.2477   -2.1991    0.1606
 4805 MLVVGDD   -9.4125  -12.1059   -2.6934    0.1606
 4806 MLVVGED   -9.0174  -12.0280   -3.0106    0.1606
 4807 MLVVGED   -9.0174  -12.0280   -3.0106    0.1606
 4808 KLVVGEM   -7.7920  -10.0868   -2.2949    0.1606
 4809 KLMVGVE   -5.1055   -7.4003   -2.2949    0.1606
 4810 MLKVGVE   -5.9652   -8.1486   -2.1834    0.1606
 4811 MLKVGVE   -5.9652   -8.1486   -2.1834    0.1606
 4812 MLKVGVE   -5.9652   -8.1486   -2.1834    0.1606
 4813 KLLVGVE   -8.6374  -11.5931   -2.9557    0.1606
 4814 KLLVGVE   -8.6374  -11.5931   -2.9557    0.1606
 4815 KLLVGVE   -8.6374  -11.5931   -2.9557    0.1606
 4816 KLLVGVD   -8.1835  -10.8220   -2.6386    0.1606
 4817 KLLVGDV   -7.2988   -9.9374   -2.6386    0.1606
 4818 LLKVGEV   -6.1094   -8.9536   -2.8443    0.1606
 4819 KLLVGEM   -7.3181  -10.3484   -3.0303    0.1606
 4820 ILLVGED   -6.7764  -12.2735   -5.4971    0.1606
 4821 ILMVGEE   -8.9702  -11.8036   -2.8334    0.1606
 4822 ILLVGEE   -6.3055  -12.1198   -5.8143    0.1606
 4823 ILEVGEL   -4.4331   -9.9131   -5.4800    0.1606
 4824 ALELGEV   -1.6070   -8.2973   -6.6903    0.1606
 4825 VLVLGEE   -7.1475  -11.1361   -3.9886    0.1606
 4826 VLVLGED   -6.9722  -10.6436   -3.6714    0.1606
 4827 KLVLGEV   -6.9374   -9.8931   -2.9557    0.1606
 4828 KLVVGEL   -6.6642   -9.6199   -2.9557    0.1606
 4829 KLVVGEL   -8.0777  -11.0334   -2.9557    0.1606
 4830 KLVVGEL   -8.0777  -11.0334   -2.9557    0.1606
 4831 DLVVGKL   -7.0159   -9.6544   -2.6386    0.1606
 4832 DLVVGKF   -8.0466   -9.1512   -1.1046    0.1606
 4833 VLVDGDF   -6.2855   -7.8829   -1.5974    0.1606
 4834 MLEVGDF   -7.4143   -9.2920   -1.8777    0.1606
 4835 MLKVGDV   -9.8865  -11.7528   -1.8663    0.1606
 4836 MLKVGDV   -9.8865  -11.7528   -1.8663    0.1606
 4837 MLKVGDI   -9.8650  -11.2370   -1.3720    0.1606
 4838 MLKVGDI   -9.8650  -11.2370   -1.3720    0.1606
 4839 MLKVGDI   -9.8650  -11.2370   -1.3720    0.1606
 4840 MLKVGDI   -9.8650  -11.2370   -1.3720    0.1606
 4841 MLKVGDI   -9.8650  -11.2370   -1.3720    0.1606
 4842 MLKVGDM   -9.2159  -11.0768   -1.8609    0.1606
 4843 MLKVGMD   -8.4606  -10.3214   -1.8609    0.1606
 4844 MLKVGDM   -9.0203  -10.8811   -1.8609    0.1606
 4845 MLEMGDV   -5.3809   -8.0518   -2.6709    0.1606
 4846 MLEMGKV   -4.5757   -6.7537   -2.1780    0.1606
 4847 MLEMGKY   -3.7468   -6.7456   -2.9989    0.1606
 4848 MLEMGKF   -5.2893   -6.7487   -1.4594    0.1606
 4849 MLKMGEF   -6.8348   -8.2943   -1.4594    0.1606
 4850 MLKMGEF   -6.8348   -8.2943   -1.4594    0.1606
 4851 MLKMGEF   -6.8348   -8.2943   -1.4594    0.1606
 4852 MLKMGEI   -6.0148   -7.7785   -1.7637    0.1606
 4853 MLKMGEI   -6.0148   -7.7785   -1.7637    0.1606
 4854 MLKMGEI   -6.0148   -7.7785   -1.7637    0.1606
 4855 MLKMGEI   -6.0148   -7.7785   -1.7637    0.1606
 4856 MLKMGEI   -6.0148   -7.7785   -1.7637    0.1606
 4857 MLKMGEI   -6.0148   -7.7785   -1.7637    0.1606
 4858 MLKMGEI   -6.0148   -7.7785   -1.7637    0.1606
 4859 MLEMGKM   -3.2192   -5.3918   -2.1726    0.1606
 4860 MLEKGMM   -3.7167   -6.1121   -2.3954    0.1606
 4861 MLEKGMM   -2.9051   -5.3006   -2.3954    0.1606
 4862 MLDMGVD   -3.3762   -5.7299   -2.3537    0.1606
 4863 FLMDGVD   -5.1203   -6.7923   -1.6720    0.1606
 4864 FLMDGVD   -5.1203   -6.7923   -1.6720    0.1606
 4865 MLVEGVD   -7.8395  -10.6272   -2.7877    0.1606
 4866 MLVEGVD   -7.8395  -10.6272   -2.7877    0.1606
 4867 MLVEGVD   -7.8395  -10.6272   -2.7877    0.1606
 4868 MLVEGVD   -7.8395  -10.6272   -2.7877    0.1606
 4869 MLVEGVD   -8.3414  -11.1291   -2.7877    0.1606
 4870 MLVDGVK   -6.5196   -8.4973   -1.9777    0.1606
 4871 MLVKGVD   -6.5892   -8.5669   -1.9777    0.1606
 4872 MLVEGVD   -8.2464  -11.0341   -2.7877    0.1606
 4873 MLVEGVD   -8.2464  -11.0341   -2.7877    0.1606
 4874 MLVEGLD   -5.5822   -9.1053   -3.5231    0.1606
 4875 MLVDGMD   -6.6118   -9.0770   -2.4651    0.1606
 4876 MLVDGVE   -7.2121   -9.9998   -2.7877    0.1606
 4877 MLVDGVE   -7.2121   -9.9998   -2.7877    0.1606
 4878 MLVDGVK   -6.6895   -8.6672   -1.9777    0.1606
 4879 MLVDGVK   -6.6895   -8.6672   -1.9777    0.1606
 4880 MLVKGVD   -5.7381   -7.7158   -1.9777    0.1606
 4881 MLIEGVD   -7.3488   -9.6423   -2.2934    0.1606
 4882 MLIEGVD   -7.3488   -9.6423   -2.2934    0.1606
 4883 MLIEGVD   -7.3488   -9.6423   -2.2934    0.1606
 4884 MLLEGVD   -7.5062  -11.0293   -3.5231    0.1606
 4885 MLLEGVD   -7.5062  -11.0293   -3.5231    0.1606
 4886 MLLDGVE   -6.0241   -9.5472   -3.5231    0.1606
 4887 MLLEGDV   -6.8741  -10.3972   -3.5231    0.1606
 4888 MLLVGDE   -6.8291  -10.5751   -3.7460    0.1606
 4889 MLLVGDE   -6.8291  -10.5751   -3.7460    0.1606
 4890 MLLVGDE   -6.8291  -10.5751   -3.7460    0.1606
 4891 MLLVGDE   -6.8291  -10.5751   -3.7460    0.1606
 4892 MLLVGDD   -7.8019  -11.2307   -3.4289    0.1606
 4893 MLLVGDD   -7.8019  -11.2307   -3.4289    0.1606
 4894 MLLVGDD   -7.8019  -11.2307   -3.4289    0.1606
 4895 MLLDGVD   -7.6999  -10.9059   -3.2060    0.1606
 4896 MLLDGVD   -7.6999  -10.9059   -3.2060    0.1606
 4897 MLIDGVD   -6.9274   -8.9037   -1.9763    0.1606
 4898 MLIKGVD   -6.1501   -7.6335   -1.4834    0.1606
 4899 MLVKGVD   -7.1203   -9.0980   -1.9777    0.1606
 4900 MLVKGVD   -7.1203   -9.0980   -1.9777    0.1606
 4901 MLVKGVD   -7.1203   -9.0980   -1.9777    0.1606
 4902 MLVKGVD   -7.1203   -9.0980   -1.9777    0.1606
 4903 MLVDGVD   -8.1597  -10.6303   -2.4706    0.1606
 4904 MLDVGVD   -8.3668  -10.7259   -2.3591    0.1606
 4905 MLDIGVD   -8.6868  -10.5517   -1.8649    0.1606
 4906 MLDVGVD   -8.3670  -10.7262   -2.3591    0.1606
 4907 MLVVGDD   -9.0109  -11.7043   -2.6934    0.1606
 4908 MLVVGDE   -7.7476  -10.7582   -3.0106    0.1606
 4909 MLVEGEV   -7.6009  -10.7058   -3.1049    0.1606
 4910 MLVEGEV   -7.6009  -10.7058   -3.1049    0.1606
 4911 MLVVGEE   -7.6001  -10.9278   -3.3277    0.1606
 4912 MLVEGVE   -7.5058  -10.6106   -3.1049    0.1606
 4913 MLLEGEV   -5.5577   -9.3980   -3.8403    0.1606
 4914 MLLEGEV   -5.5577   -9.3980   -3.8403    0.1606
 4915 MLLEGVE   -6.4195  -10.2598   -3.8403    0.1606
 4916 MLLEGVD   -7.2987  -10.8219   -3.5231    0.1606
 4917 MLLVGED   -7.2839  -11.0299   -3.7460    0.1606
 4918 ALLVGEE   -3.2139  -10.2385   -7.0246    0.1606
 4919 ALLVGDD   -4.5404  -10.9307   -6.3903    0.1606
 4920 DLLVGDA   -0.5829   -6.7503   -6.1674    0.1606
 4921 ELLVGEI   -2.3413   -7.9327   -5.5914    0.1606
 4922 ELLVGEG   -1.5743   -8.3886   -6.8143    0.1606
 4923 ELLVGEG   -1.5743   -8.3886   -6.8143    0.1606
 4924 KLLVGEG   -4.6719  -10.6762   -6.0043    0.1606
 4925 KLLVGEG   -4.6719  -10.6762   -6.0043    0.1606
 4926 KLVVGEG   -4.5224  -10.1113   -5.5889    0.1606
 4927 KLVVGEG   -4.5224  -10.1113   -5.5889    0.1606
 4928 GLEVGVK   -4.6871  -10.0531   -5.3660    0.1606
 4929 DLGIGVK   -5.2000   -8.8746   -3.6746    0.1606
 4930 DLGIGVK   -5.2000   -8.8746   -3.6746    0.1606
 4931 DLGIGVK   -5.2000   -8.8746   -3.6746    0.1606
 4932 DLGIGVK   -5.2000   -8.8746   -3.6746    0.1606
 4933 DLMGGVK   -4.3182   -9.5845   -5.2663    0.1606
 4934 DLMGGKV   -3.7031   -8.9694   -5.2663    0.1606
 4935 DLMGGKI   -4.7260   -8.6180   -3.8920    0.1606
 4936 MLEGGKI   -3.1774   -7.3865   -4.2091    0.1606
 4937 MLEGGKI   -3.1774   -7.3865   -4.2091    0.1606
 4938 MLEGGEI   -0.9588   -5.9779   -5.0191    0.1606
 4939 MLKGGIE   -4.7803   -8.9894   -4.2091    0.1606
 4940 MLKGGEI   -6.5547  -10.7639   -4.2091    0.1606
 4941 MLKGGEI   -6.5547  -10.7639   -4.2091    0.1606
 4942 MLKGGEI   -6.5547  -10.7639   -4.2091    0.1606
 4943 MLKGGEI   -6.5547  -10.7639   -4.2091    0.1606
 4944 MLKGGEI   -6.3215  -10.5306   -4.2091    0.1942
 4945 MLKGGEI   -6.3215  -10.5306   -4.2091    0.1942
 4946 MLKGGEI   -6.3215  -10.5306   -4.2091    0.1942
 4947 MLKGGEI   -6.3215  -10.5306   -4.2091    0.1942
 4948 MLKGGEI   -6.3215  -10.5306   -4.2091    0.1942
 4949 MLKGGEW   -6.0964   -9.2201   -3.1237    0.1942
 4950 MLKGGEW   -6.0964   -9.2201   -3.1237    0.1942
 4951 KLMGGEW   -3.0337   -6.1574   -3.1237    0.1942
 4952 KLFGGEW   -2.9093   -4.4398   -1.5306    0.1942
 4953 ELGFGEW   -1.3762   -3.4939   -2.1177    0.1942
 4954 KLGFGEW   -3.1743   -4.4820   -1.3077    0.1942
 4955 KLGFGDW   -3.4231   -4.4136   -0.9906    0.1942
 4956 KLGIGDW   -5.0524   -6.2673   -1.2149    0.1942
 4957 KLGIGDW   -5.0524   -6.2673   -1.2149    0.1942
 4958 KLGIGDW   -5.0524   -6.2673   -1.2149    0.1942
 4959 KLGIGDW   -4.9004   -6.1153   -1.2149    0.1942
 4960 KLGIGDW   -4.9004   -6.1153   -1.2149    0.1942
 4961 KLGIGDW   -4.9004   -6.1153   -1.2149    0.1942
 4962 GLGKGEW   -0.3348   -6.5297   -6.1949    0.1942
 4963 GLGKGEW   -0.3348   -6.5297   -6.1949    0.1942
 4964 GLGWGDK   -1.9540   -7.9431   -5.9891    0.1942
 4965 GLGWGDK   -1.9540   -7.9431   -5.9891    0.1942
 4966 GLGWGDD   -1.5999   -8.0819   -6.4820    0.1942
 4967 GLGWGDE   -1.8995   -8.6987   -6.7991    0.1942
 4968 GLGWGDE   -1.8995   -8.6987   -6.7991    0.1942
 4969 GLGWGDK   -1.9668   -7.9559   -5.9891    0.1942
 4970 GLGVGDD    0.0348   -8.9069   -8.9417    0.1942
 4971 GLGIGDE   -2.2422  -10.1268   -7.8846    0.1942
 4972 GLGIGDD   -2.0330   -9.6005   -7.5674    0.1942
 4973 GLGFGDD   -0.8482   -8.1914   -7.3431    0.1942
 4974 GLGFGDD   -0.8482   -8.1914   -7.3431    0.1942
 4975 GLGFGDD   -0.8482   -8.1914   -7.3431    0.1942
 4976 GLGFGDE   -1.0487   -8.7089   -7.6603    0.1942
 4977 GLGFGDK   -1.1048   -7.9551   -6.8503    0.1942
 4978 GLGFGEK   -0.1646   -7.3320   -7.1674    0.1942
 4979 GLGFGEE   -0.0524   -8.0298   -7.9774    0.1942
 4980 ELGFGGK   -0.4030   -7.5704   -7.1674    0.1942
 4981 ELGLGGK    0.2722   -8.9092   -9.1814    0.1942
 4982 KLGFGGD   -1.2858   -8.1361   -6.8503    0.1942
 4983 KLGFGGD   -1.2858   -8.1361   -6.8503    0.1942
 4984 KLGFGGE   -0.4913   -7.6587   -7.1674    0.1942
 4985 KLLGGGD   -0.8630   -9.9502   -9.0871    0.1942
 4986 KLVGGGD   -1.2156   -9.8874   -8.6717    0.1942
 4987 KLVGGGD   -1.2156   -9.8874   -8.6717    0.1942
 4988 ELFGGGK   -0.6191   -8.0094   -7.3903    0.1942
 4989 ELLGGLK    0.7292   -5.6905   -6.4197    0.1942
 4990 ELLGGLD    2.1458   -4.7668   -6.9126    0.1942
 4991 DLLGGLD    0.8649   -5.7305   -6.5954    0.1942
 4992 DLMGGLD    0.5757   -5.5989   -6.1746    0.1942
 4993 DLMGGLK   -0.8031   -6.4848   -5.6817    0.1942
 4994 DLMGGLK   -0.8031   -6.4848   -5.6817    0.1942
 4995 DLMGGLK   -0.8031   -6.4848   -5.6817    0.1942
 4996 DLMGGLE    1.3137   -5.1780   -6.4917    0.1942
 4997 DLMGGLE    1.3137   -5.1780   -6.4917    0.1942
 4998 DLLGGMD   -0.2063   -6.3808   -6.1746    0.1942
 4999 DLLGGMD   -0.2063   -6.3808   -6.1746    0.1942
 5000 MLLGGDE   -2.2729   -8.9875   -6.7146    0.1942
 5001 MLMGGDD   -3.1509   -9.1275   -5.9766    0.1942
 5002 MLMGGDD   -3.1509   -9.1275   -5.9766    0.1942
 5003 MLMGGDK   -1.8695   -7.3532   -5.4837    0.1942
 5004 MLFGGDK   -1.8150   -5.7055   -3.8906    0.1942
 5005 KLFGGMD   -0.0681   -3.7358   -3.6677    0.1942
 5006 DLGFGMK   -0.6070   -4.0519   -3.4449    0.1942
 5007 MLVGGDK   -1.0542   -6.5434   -5.4891    0.1942
 5008 ILGVGDE   -3.6959   -8.4034   -4.7074    0.1942
 5009 ILGWGDE   -4.5609   -6.8086   -2.2477    0.1942
 5010 ILGVGDD   -4.4303   -8.8206   -4.3903    0.1942
 5011 ILGMGDD   -4.3609   -8.7457   -4.3849    0.1942
 5012 ILGIGDE   -6.1849   -9.5180   -3.3331    0.1942
 5013 ILGIGDE   -6.1849   -9.5180   -3.3331    0.1942
 5014 ILGIGDD   -5.7868   -8.8028   -3.0160    0.1942
 5015 ILGIGEK   -5.3598   -8.2000   -2.8403    0.1942
 5016 ILGIGEK   -5.3598   -8.2000   -2.8403    0.1942
 5017 ILGIGED   -6.3977   -9.7308   -3.3331    0.1942
 5018 ILGIGEE   -6.3415   -9.9918   -3.6503    0.1942
 5019 LLGIGEE   -5.0911  -10.5311   -5.4400    0.1942
 5020 LLGIGEE   -5.0911  -10.5311   -5.4400    0.1942
 5021 ILGLGEE   -4.8711  -10.3111   -5.4400    0.1942
 5022 ILGLGEK   -4.1430   -8.7730   -4.6300    0.1942
 5023 VLGLGDE   -3.2808   -9.7779   -6.4971    0.1942
 5024 VLGVGDD   -3.7256   -9.4902   -5.7646    0.1942
 5025 VLVVGEE   -7.3035  -10.6366   -3.3331    0.1942
 5026 VLVVGED   -7.8855  -10.9015   -3.0160    0.1942
 5027 VLVVGDK   -7.5624   -9.7684   -2.2060    0.1942
 5028 VLLVGDD   -8.8609  -12.2152   -3.3543    0.1942
 5029 VLVLGED   -7.7341  -11.4056   -3.6714    0.1942
 5030 VLALGDK   -2.8922   -8.7897   -5.8974    0.1942
 5031 KLILGVD   -5.1169   -9.5811   -4.4643    0.1942
 5032 KLLLGVE   -4.1005  -10.1117   -6.0111    0.1942
 5033 KLMLGVE   -7.9190  -10.9493   -3.0303    0.1942
 5034 KLMVGAE   -4.0275   -9.5983   -5.5709    0.1942
 5035 KLLVGEG   -3.4559   -9.4602   -6.0043    0.1942
 5036 GLKVGDF   -4.0498   -7.5001   -3.4503    0.1942
 5037 GLKVGDM   -5.2308  -10.2742   -5.0434    0.1942
 5038 GLKMGDV   -2.9506   -7.9940   -5.0434    0.1942
 5039 GLKMGDV   -2.9506   -7.9940   -5.0434    0.1942
 5040 GLVMGDK   -3.2842   -8.6619   -5.3777    0.1942
 5041 GLIDGMK   -4.1152   -7.8958   -3.7806    0.1942
 5042 GLIDGMD   -3.6969   -7.9704   -4.2734    0.1942
 5043 MLIEGGD   -4.6294   -9.4428   -4.8134    0.1942
 5044 MLIEGGK   -4.3016   -8.6222   -4.3206    0.1942
 5045 MLIEGGK   -4.3727   -8.6933   -4.3206    0.1942
 5046 MLIEGGE   -5.1484  -10.2790   -5.1306    0.1942
 5047 MLIKGGE   -6.1295  -10.4501   -4.3206    0.1942
 5048 MLIKGGE   -5.9888  -10.3094   -4.3206    0.1942
 5049 ILMKGGD   -4.3878   -8.3912   -4.0034    0.1942
 5050 ILMKGGD   -4.3878   -8.3912   -4.0034    0.1942
 5051 DLMKGGI   -2.6844   -6.5764   -3.8920    0.1942
 5052 DLMKGGW   -3.7106   -6.5171   -2.8066    0.1942
 5053 DLMKGGW   -3.7106   -6.5171   -2.8066    0.1942
 5054 KLMDGGW   -3.2509   -6.0575   -2.8066    0.1942
 5055 KLMEGGW   -4.1029   -7.2266   -3.1237    0.1942
 5056 WLMEGGK   -2.9253   -6.1604   -3.2351    0.1942
 5057 WLMDGGK   -2.0950   -5.0130   -2.9180    0.1942
 5058 WLMKGGD   -1.9768   -4.8948   -2.9180    0.1942
 5059 WLKMGGD   -4.5924   -7.3990   -2.8066    0.1942
 5060 WLDMGGD   -3.7140   -7.0135   -3.2994    0.1942
 5061 WLDLGGK   -2.2316   -5.4590   -3.2274    0.1942
 5062 KLDLGGW   -4.0730   -7.1890   -3.1160    0.1942
 5063 KLDLGGW   -4.0730   -7.1890   -3.1160    0.1942
 5064 KLELGGW   -4.0410   -7.4742   -3.4331    0.1942
 5065 KLEFGGW   -3.8614   -5.2806   -1.4191    0.1942
 5066 KLEFGGW   -3.8614   -5.2806   -1.4191    0.1942
 5067 KLEFGGW   -3.8614   -5.2806   -1.4191    0.1942
 5068 KLDFGGW   -4.0450   -5.1470   -1.1020    0.1942
 5069 KLDFGGW   -4.0450   -5.1470   -1.1020    0.1942
 5070 KLDLGGW   -2.5048   -5.6208   -3.1160    0.1942
 5071 KLDLGGW   -2.5048   -5.6208   -3.1160    0.1942
 5072 KLDLGGW   -2.5048   -5.6208   -3.1160    0.1942
 5073 KLDLGGW   -2.5048   -5.6208   -3.1160    0.1942
 5074 GLELGKF   -1.1671   -5.3500   -4.1829    0.1942
 5075 GLELGKF   -1.1671   -5.3500   -4.1829    0.1942
 5076 GLELGDF   -2.3948   -7.0705   -4.6757    0.1942
 5077 GLEIGEW   -2.6315   -4.9735   -2.3420    0.1942
 5078 GLIKGEW   -5.7139   -7.3574   -1.6434    0.1942
 5079 GLIKGEW   -5.7139   -7.3574   -1.6434    0.1942
 5080 GLIKGEW   -5.7139   -7.3574   -1.6434    0.1942
 5081 GLIKGEW   -5.7139   -7.3574   -1.6434    0.1942
 5082 GLIKGEW   -5.7139   -7.3574   -1.6434    0.1942
 5083 GLEIGDW   -5.0641   -7.0890   -2.0249    0.1942
 5084 GLKIGDW   -4.5676   -5.7824   -1.2149    0.1942
 5085 GLKIGDW   -4.5676   -5.7824   -1.2149    0.1942
 5086 GLEIGDW   -5.1313   -7.1562   -2.0249    0.1942
 5087 GLEIGDW   -5.1313   -7.1562   -2.0249    0.1942
 5088 GLKIGDW   -4.4911   -5.7059   -1.2149    0.1942
 5089 WLDIGKG   -2.4104   -3.7367   -1.3263    0.1942
 5090 WLKIGDG   -4.4437   -5.7700   -1.3263    0.1942
 5091 WLIKGDG   -4.9364   -6.3741   -1.4377    0.1942
 5092 WLIDGEG   -3.3258   -5.5735   -2.2477    0.1942
 5093 WLIEGDG   -5.1676   -7.4154   -2.2477    0.1942
 5094 WLIKGDG   -4.7230   -6.1608   -1.4377    0.1942
 5095 WLIKGDG   -4.7230   -6.1608   -1.4377    0.1942
 5096 GLIKGDW   -5.7262   -7.0525   -1.3263    0.1942
 5097 DLIEGGW   -4.7614   -7.0091   -2.2477    0.1942
 5098 DLIEGGW   -4.7614   -7.0091   -2.2477    0.1942
 5099 ELIEGGW   -4.8898   -7.4547   -2.5649    0.1942
 5100 ILKEGGW   -7.6979   -9.5642   -1.8663    0.1942
 5101 ILKEGAW   -6.1229   -9.4566   -3.3337    0.1942
 5102 ILEKGAI   -5.9816   -8.9208   -2.9391    0.1942
 5103 ILEKGGI   -5.7619   -8.7136   -2.9517    0.1942
 5104 ILEKGGI   -5.7619   -8.7136   -2.9517    0.1942
 5105 ILEKGGI   -5.7619   -8.7136   -2.9517    0.1942
 5106 GLEKGII   -4.2133   -7.0536   -2.8403    0.1942
 5107 GLDKGII   -1.9798   -4.5030   -2.5231    0.1942
 5108 ILEKGGI   -4.6022   -7.5539   -2.9517    0.1942
 5109 ILIKGGE   -5.0537   -8.0054   -2.9517    0.1942
 5110 ILIEGGE   -5.1553   -8.9170   -3.7617    0.1942
 5111 ILIEGGE   -5.1553   -8.9170   -3.7617    0.1942
 5112 ILIKGGD   -5.8522   -8.4868   -2.6346    0.1942
 5113 KLIIGGD   -7.4884  -10.1230   -2.6346    0.1942
 5114 KLIIGGD   -7.4884  -10.1230   -2.6346    0.1942
 5115 KLIIGGD   -7.4884  -10.1230   -2.6346    0.1942
 5116 KLIIGGE   -6.8484   -9.8001   -2.9517    0.1942
 5117 KLIIGGE   -6.8484   -9.8001   -2.9517    0.1942
 5118 KLIIGGE   -6.8484   -9.8001   -2.9517    0.1942
 5119 KLIIGGE   -6.8484   -9.8001   -2.9517    0.1942
 5120 KLIIGGE   -6.8484   -9.8001   -2.9517    0.1942
 5121 KLIIGGE   -6.8484   -9.8001   -2.9517    0.1942
 5122 KLIIGGE   -6.8484   -9.8001   -2.9517    0.1942
 5123 KLIIGGD   -8.0060  -10.6406   -2.6346    0.1942
 5124 KLIIGGD   -8.0166  -10.6511   -2.6346    0.1942
 5125 KLIIGGD   -8.0166  -10.6511   -2.6346    0.1942
 5126 KLIIGGD   -8.0166  -10.6511   -2.6346    0.1942
 5127 RLIIGGD   -4.3056  -10.3042   -5.9986    0.1942
 5128 RLIIGGD   -4.3056  -10.3042   -5.9986    0.1942
 5129 KLIIGGD   -8.1951  -10.8296   -2.6346    0.1942
 5130 KLLIGGD   -6.5000  -10.9243   -4.4243    0.1942
 5131 KLIIGGD   -7.6296  -10.2642   -2.6346    0.1942
 5132 KLIIGGD   -7.6296  -10.2642   -2.6346    0.1942
 5133 KLLIGGD   -6.4798  -10.9041   -4.4243    0.1942
 5134 KLLLGGD   -5.7491  -11.9631   -6.2140    0.1942
 5135 KLLLGGD   -5.7491  -11.9631   -6.2140    0.1942
 5136 KLLLGGD   -5.7491  -11.9631   -6.2140    0.1942
 5137 KLLLGGD   -5.7491  -11.9631   -6.2140    0.1942
 5138 KLLLGGD   -5.7491  -11.9631   -6.2140    0.1942
 5139 KLLLGGD   -5.7491  -11.9631   -6.2140    0.1942
 5140 KLILGGD   -8.3271  -12.7514   -4.4243    0.1942
 5141 KLILGGD   -8.3271  -12.7514   -4.4243    0.1942
 5142 KLIVGGD   -9.2294  -13.2382   -4.0089    0.1942
 5143 KLIVGGD   -9.2294  -13.2382   -4.0089    0.1942
 5144 KLIVGGD   -9.2294  -13.2382   -4.0089    0.1942
 5145 KLIVGGD   -9.2294  -13.2382   -4.0089    0.1942
 5146 KLVIGGD   -7.5348  -11.5436   -4.0089    0.1942
 5147 KLVIGGD   -7.3833  -11.3922   -4.0089    0.1943
 5148 KLVIGDG   -4.0237   -7.9211   -3.8974    0.1943
 5149 KLVIGDV   -6.5637   -7.9725   -1.4089    0.1943
 5150 KLVIGDV   -6.5637   -7.9725   -1.4089    0.1943
 5151 KLIVGDM   -5.6611   -7.1445   -1.4834    0.1943
 5152 RLVIGDM   -3.0376   -7.8851   -4.8474    0.1943
 5153 RLIVGDM   -3.4028   -8.2503   -4.8474    0.1943
 5154 RLIVGDM   -3.4028   -8.2503   -4.8474    0.1943
 5155 GLVIDDM   -2.8234   -4.9111   -2.0877    0.1943
 5156 ALIVGDD   -6.1098  -10.7103   -4.6006    0.1943
 5157 MLIVGDE   -6.6198   -9.1361   -2.5163    0.1943
 5158 MLIVGDE   -6.6198   -9.1361   -2.5163    0.1943
 5159 ALIVGED   -5.9590  -10.8767   -4.9177    0.1943
 5160 MLIVGEE   -6.3614   -9.1948   -2.8334    0.1943
 5161 ELIVGEM   -5.5117   -8.1223   -2.6106    0.1943
 5162 KLIVGME   -7.3619   -9.1625   -1.8006    0.1943
 5163 KLIVGMD   -7.1038   -8.5873   -1.4834    0.1943
 5164 KLIVGDV   -8.4034   -9.8122   -1.4089    0.1943
 5165 KLVVGEI   -8.2637   -9.9897   -1.7260    0.1943
 5166 VLKVGDI   -7.3428   -8.6403   -1.2974    0.1943
 5167 VLKVGDM   -7.4075   -9.2738   -1.8663    0.1943
 5168 VLKVGDV   -7.7664   -9.6381   -1.8717    0.1943
 5169 ALKVGDV   -4.3143   -9.4620   -5.1477    0.1943
 5170 ALVKGDF   -5.3116   -8.9722   -3.6606    0.1943
 5171 DLVKGAF   -4.7813   -8.4419   -3.6606    0.1943
 5172 DLVKGAW   -5.7022   -8.5017   -2.7994    0.1943
 5173 DLVKGAW   -5.7022   -8.5017   -2.7994    0.1943
 5174 DLIKGAI   -5.8879   -8.3985   -2.5106    0.1943
 5175 DLIKGGW   -6.5500   -7.9877   -1.4377    0.1943
 5176 DLIKGGW   -6.5500   -7.9877   -1.4377    0.1943
 5177 DLIKGGI   -5.4097   -7.9328   -2.5231    0.1943
 5178 DLIKGGI   -5.4097   -7.9328   -2.5231    0.1943
 5179 DLIKGGI   -5.4097   -7.9328   -2.5231    0.1943
 5180 DLIKGGI   -5.4097   -7.9328   -2.5231    0.1943
 5181 ALIKGDI   -5.3541   -7.8646   -2.5106    0.1943
 5182 ALIKGDI   -5.6597   -8.1703   -2.5106    0.1943
 5183 ALIKGDI   -5.6474   -8.1580   -2.5106    0.1943
 5184 ALIKGDF   -5.6880   -7.9743   -2.2863    0.1943
 5185 ALVKGDF   -5.0950   -8.7556   -3.6606    0.1943
 5186 DLVKGAF   -5.3922   -9.0528   -3.6606    0.1943
 5187 DLVKGVF   -6.1952   -7.2998   -1.1046    0.1943
 5188 DLVKGVF   -6.1952   -7.2998   -1.1046    0.1943
 5189 DLVKGGW   -5.7211   -8.5331   -2.8120    0.1943
 5190 KLVGGEW   -5.2755   -8.4047   -3.1291    0.1943
 5191 KLGVGDW   -4.0736   -6.6628   -2.5891    0.1943
 5192 KLVGGDW   -4.6670   -7.4790   -2.8120    0.1943
 5193 VLKGGDI   -6.0748   -9.9723   -3.8974    0.1943
 5194 VLKGGEV   -4.5641  -10.1530   -5.5889    0.1943
 5195 VLKGGEV   -4.5641  -10.1530   -5.5889    0.1943
 5196 KLVGGEV   -2.6461   -8.2350   -5.5889    0.1943
 5197 KLIGGEI   -5.1663   -8.0066   -2.8403    0.1943
 5198 KLIGGEI   -5.1663   -8.0066   -2.8403    0.1943
 5199 ELIGGEI   -2.7261   -6.3764   -3.6503    0.1943
 5200 ELIGGMK   -4.9369   -9.1460   -4.2091    0.1943
 5201 KLIGGME   -4.2507   -8.4598   -4.2091    0.1943
 5202 KLIGGME   -4.2507   -8.4598   -4.2091    0.1943
 5203 KLIGGME   -4.2507   -8.4598   -4.2091    0.1943
 5204 KLIGGMD   -5.3086   -9.2006   -3.8920    0.1943
 5205 DLIGGME   -2.6992   -7.4012   -4.7020    0.1943
 5206 MLIGGDE   -6.3630  -11.2878   -4.9249    0.1943
 5207 MLIGGEE   -6.1461  -11.3881   -5.2420    0.1943
 5208 FLLGGEE   -3.1432   -8.5818   -5.4386    0.1943
 5209 FLGGMKE    2.2703   -1.8259   -4.0963    0.1943
 5210 FLKGMIE   -1.7304   -5.0524   -3.3220    0.1943
 5211 FLKGMIE   -1.7304   -5.0524   -3.3220    0.1943
 5212 ILKGMEG   -1.6825   -5.7802   -4.0977    0.1943
 5213 ILKGMEG   -1.6825   -5.7802   -4.0977    0.1943
 5214 KLIGMEG   -3.0030   -7.1007   -4.0977    0.1943
 5215 KLMGGEM   -2.9823   -8.5603   -5.5780    0.1943
 5216 MLKGMEM   -2.7292   -4.9017   -2.1726    0.1943
 5217 KLMGMEM   -2.7216   -4.8941   -2.1726    0.1943
 5218 KLIGMEM   -4.0247   -5.7884   -1.7637    0.1943
 5219 KLLGMEM   -2.3763   -5.3697   -2.9934    0.1943
 5220 KLLGMEM   -2.3763   -5.3697   -2.9934    0.1943
 5221 KLLGMEM   -2.3763   -5.3697   -2.9934    0.1943
 5222 KLLGMEM   -2.3763   -5.3697   -2.9934    0.1943
 5223 KLMGMEL   -1.5713   -4.5647   -2.9934    0.1943
 5224 KLMGMEL   -3.0980   -6.0914   -2.9934    0.1943
 5225 KLMGMEL   -3.0980   -6.0914   -2.9934    0.1943
 5226 KLMGMEM   -3.2195   -5.3921   -2.1726    0.1943
 5227 KLIGMDM   -3.8143   -5.2609   -1.4466    0.1943
 5228 KLIGGDI   -6.2534   -8.7765   -2.5231    0.1943
 5229 KLIGGDL   -4.7729   -9.0857   -4.3129    0.1943
 5230 KLIGGDL   -4.7729   -9.0857   -4.3129    0.1943
 5231 KLLGGDI   -3.3459   -7.6587   -4.3129    0.1943
 5232 KLIGGDI   -4.9708   -7.4939   -2.5231    0.1943
 5233 KLIGGEI   -6.3377   -9.1780   -2.8403    0.1943
 5234 KLIGGEM   -5.6728   -9.8820   -4.2091    0.1943
 5235 KLIGGEY   -3.4322   -8.4676   -5.0354    0.1943
 5236 KLIGGEI   -6.8972   -9.7375   -2.8403    0.1943
 5237 KLIGGEI   -6.8972   -9.7375   -2.8403    0.1943
 5238 KLIGGEI   -6.8972   -9.7375   -2.8403    0.1943
 5239 KLIGGEI   -6.8972   -9.7375   -2.8403    0.1943
 5240 KLIGGEI   -6.8972   -9.7375   -2.8403    0.1943
 5241 KLIGGEV   -6.3815  -10.5961   -4.2146    0.1943
 5242 KLFGGEI   -5.7615   -8.3775   -2.6160    0.1943
 5243 KLFGGEI   -5.7615   -8.3775   -2.6160    0.1943
 5244 KLFGGEI   -5.7615   -8.3775   -2.6160    0.1943
 5245 KLIGGEI   -7.2014  -10.0417   -2.8403    0.1943
 5246 KLIGGEV   -6.0599  -10.2745   -4.2146    0.1943
 5247 KLIGGEV   -6.0599  -10.2745   -4.2146    0.1943
 5248 KLLGGEV   -4.3392  -10.3435   -6.0043    0.1943
 5249 KLLGMEV   -5.1157   -8.0345   -2.9189    0.1943
 5250 KLLGMEV   -5.1157   -8.0345   -2.9189    0.1943
 5251 KLFGMEV   -4.5698   -5.9547   -1.3849    0.1943
 5252 KLFGMEM   -4.2675   -5.7269   -1.4594    0.1943
 5253 KLFGMEM   -4.2675   -5.7269   -1.4594    0.1943
 5254 KLIGMEM   -6.4138   -8.1775   -1.7637    0.1943
 5255 KLIGMEM   -6.4138   -8.1775   -1.7637    0.1943
 5256 KLIGMDV   -5.3342   -6.7062   -1.3720    0.1943
 5257 KLIGMEV   -6.8275   -8.5167   -1.6891    0.1943
 5258 KLIGMEV   -6.8275   -8.5167   -1.6891    0.1943
 5259 KLIGMEV   -6.8275   -8.5167   -1.6891    0.1943
 5260 ELIGMEV   -4.1535   -6.6526   -2.4991    0.1943
 5261 MLIGEEV   -5.9977   -8.7197   -2.7220    0.1943
 5262 MLIGDEV   -5.8592   -8.2641   -2.4049    0.1943
 5263 MLIGDEV   -5.8592   -8.2641   -2.4049    0.1943
 5264 MLIGDEV   -5.8592   -8.2641   -2.4049    0.1943
 5265 MLIGDDV   -6.1887   -8.2764   -2.0877    0.1943
 5266 MLIGDKV   -5.7890   -7.3839   -1.5949    0.1943
 5267 MLIGDKV   -5.7890   -7.3839   -1.5949    0.1943
 5268 MLIGEKV   -5.8361   -7.7481   -1.9120    0.1943
 5269 MLIGEKM   -5.3697   -7.3563   -1.9866    0.1943
 5270 MLIGEKA   -2.9369   -7.2449   -4.3080    0.1943
 5271 MLIGEKA   -2.9369   -7.2449   -4.3080    0.1943
 5272 MLIGEKA   -2.9369   -7.2449   -4.3080    0.1943
 5273 MLMGEKA   -1.1060   -6.7828   -5.6769    0.1943
 5274 FLMGEKM   -2.6616   -4.3439   -1.6823    0.1943
 5275 MLMGEKM   -4.4764   -6.8718   -2.3954    0.1943
 5276 MLMGEKM   -4.4764   -6.8718   -2.3954    0.1943
 5277 MLIGEKM   -5.5726   -7.5592   -1.9866    0.1943
 5278 MLIGEKM   -5.5726   -7.5592   -1.9866    0.1943
 5279 MLIGEMK   -4.5098   -6.3850   -1.8751    0.1943
 5280 MLMGEIK   -3.6099   -5.4850   -1.8751    0.1943
 5281 MLMGEIK   -3.5268   -5.4019   -1.8751    0.1943
 5282 MLIGEMK   -5.0782   -6.9533   -1.8751    0.1943
 5283 MLVGEMK   -4.7977   -7.0871   -2.2894    0.1943
 5284 MLVGEMK   -4.7977   -7.0871   -2.2894    0.1943
 5285 MLVGEMK   -4.7977   -7.0871   -2.2894    0.1943
 5286 MLVGDME   -3.3091   -6.0914   -2.7823    0.1943
 5287 MLVGMDE   -3.7801   -6.6738   -2.8937    0.1943
 5288 MLLGMDE   -3.2401   -6.9492   -3.7091    0.1943
 5289 MLLGMDE   -3.2401   -6.9492   -3.7091    0.1943
 5290 MLLGMDK   -3.8376   -6.7367   -2.8991    0.1943
 5291 MLVGMDE   -3.5464   -6.4401   -2.8937    0.1943
 5292 MLVGMDE   -3.5464   -6.4401   -2.8937    0.1943
 5293 ILVGGDE   -1.3557   -6.2860   -4.9303    0.1943
 5294 YLVGGDE    2.4410   -4.6844   -7.1254    0.1943
 5295 ILVGGDE   -1.4531   -6.3833   -4.9303    0.1943
 5296 ILVGGEE   -2.5733   -7.8207   -5.2474    0.1943
 5297 ILVGGEE   -3.4711   -8.7186   -5.2474    0.1943
 5298 ILVGGED   -4.3777   -9.3080   -4.9303    0.1943
 5299 ILVGGED   -4.9816   -9.9119   -4.9303    0.1943
 5300 ILVGGED   -4.8302   -9.7605   -4.9303    0.1943
 5301 ILVGGKD   -4.7531   -8.8734   -4.1203    0.1943
 5302 KLVGGID   -4.7516   -8.6490   -3.8974    0.1943
 5303 KLIGGVD   -7.0830  -10.9804   -3.8974    0.1943
 5304 KLIGGVD   -7.0830  -10.9804   -3.8974    0.1943
 5305 KLMGGID   -5.5122   -9.4042   -3.8920    0.1943
 5306 KLMGGID   -5.5122   -9.4042   -3.8920    0.1943
 5307 KLMGGID   -5.5122   -9.4042   -3.8920    0.1943
 5308 KLGMGID   -4.3516   -8.0207   -3.6691    0.1943
 5309 KLGIGMD   -5.7082   -9.3773   -3.6691    0.1943
 5310 KLGIGMD   -5.7082   -9.3773   -3.6691    0.1943
 5311 KLGIGLD   -4.4900   -8.5800   -4.0900    0.1943
 5312 KLGIGLD   -4.4900   -8.5800   -4.0900    0.1943
 5313 KLGIGID   -6.3410   -8.6413   -2.3003    0.1943
 5314 KLGIGMD   -5.4950   -9.1642   -3.6691    0.1943
 5315 KLGIGID   -6.0806   -8.3808   -2.3003    0.1943
 5316 KLGFGID   -5.0494   -7.1254   -2.0760    0.1943
 5317 KLGFGVD   -4.8641   -8.3144   -3.4503    0.1943
 5318 KLGFGVD   -4.8641   -8.3144   -3.4503    0.1943
 5319 KLGFGVD   -4.8641   -8.3144   -3.4503    0.1943
 5320 KLGMMVD   -4.8808   -6.8530   -1.9723    0.1943
 5321 KLGIMVD   -6.1696   -7.6530   -1.4834    0.1943
 5322 KLGIMVD   -6.1696   -7.6530   -1.4834    0.1943
 5323 KLGIMVE   -5.5836   -7.3842   -1.8006    0.1943
 5324 KLGIGVD   -6.3575  -10.0321   -3.6746    0.1943
 5325 KLGIGVD   -6.3575  -10.0321   -3.6746    0.1943
 5326 KLGIGVD   -6.3575  -10.0321   -3.6746    0.1943
 5327 KLIGGVD   -7.1377  -11.0352   -3.8974    0.1943
 5328 KLGIGVD   -6.3887  -10.0633   -3.6746    0.1943
 5329 KLGIGVE   -5.7524   -9.7442   -3.9917    0.1943
 5330 KLGIGVD   -6.3855  -10.0600   -3.6746    0.1943
 5331 KLGFGVD   -4.7088   -8.1591   -3.4503    0.1943
 5332 KLGFGVD   -4.7088   -8.1591   -3.4503    0.1943
 5333 KLGFMVD   -4.1757   -5.3548   -1.1791    0.1943
 5334 KLGFMVD   -4.1757   -5.3548   -1.1791    0.1943
 5335 KLGLMVD   -4.0299   -6.7430   -2.7131    0.1943
 5336 KLGLMVD   -4.0299   -6.7430   -2.7131    0.1943
 5337 KLGLMVD   -4.0299   -6.7430   -2.7131    0.1943
 5338 KLGMMVD   -4.7099   -6.6821   -1.9723    0.1943
 5339 KLAVMVD   -5.2978   -7.4858   -2.1880    0.1943
 5340 KLAVMMD   -4.5310   -6.7136   -2.1826    0.1943
 5341 KLAVMME   -3.8362   -6.3359   -2.4997    0.1943
 5342 MLVKMAE   -0.6452   -3.0335   -2.3883    0.1943
 5343 MLEVMAE   -1.2726   -4.4709   -3.1983    0.1943
 5344 VLMEMAE   -0.5947   -3.7930   -3.1983    0.1943
 5345 ILMEEMA    1.2777   -3.2978   -4.5754    0.1943
 5346 MLIKEMA    1.4180   -2.3474   -3.7654    0.1943
 5347 MLIVEMK    0.0710   -5.2670   -5.3380    0.1943
 5348 MLMVDMD    0.4863   -3.2762   -3.7626    0.1943
 5349 MLMVDMD   -4.8592   -8.6218   -3.7626    0.2132
 5350 MLMVDMD   -4.8592   -8.6218   -3.7626    0.2132
 5351 GLMVDMD   -5.0922   -7.5573   -2.4651    0.2132
 5352 VLIMDGD   -6.2776   -8.3653   -2.0877    0.2132
 5353 VLIMDGD   -6.2776   -8.3653   -2.0877    0.2132
 5354 MLIVEGD  -11.0301  -13.4350   -2.4049    0.2132
 5355 MLIVEGD  -11.0301  -13.4350   -2.4049    0.2132
 5356 MLIVEGD  -11.0301  -13.4350   -2.4049    0.2132
 5357 MLIVDGD  -10.1734  -12.2611   -2.0877    0.2132
 5358 MLIVEGD  -11.1022  -13.5071   -2.4049    0.2132
 5359 MLIVEGD  -11.1022  -13.5071   -2.4049    0.2132
 5360 MLIVEGD  -11.1022  -13.5071   -2.4049    0.2132
 5361 MLIVDGD  -10.1448  -12.2325   -2.0877    0.2132
 5362 FLVVDGD   -8.2033   -9.9121   -1.7089    0.2132
 5363 MLVVDGE   -9.8222  -12.7214   -2.8991    0.2132
 5364 MLVVDGE   -9.8222  -12.7214   -2.8991    0.2132
 5365 MLVVDGE   -9.8222  -12.7214   -2.8991    0.2132
 5366 MLVVEGE  -10.7187  -13.9350   -3.2163    0.2132
 5367 MLVVEGE  -10.7187  -13.9350   -3.2163    0.2132
 5368 MLVVEGE  -10.3417  -13.5580   -3.2163    0.2132
 5369 MLVVDGE   -9.2743  -12.1735   -2.8991    0.2132
 5370 MLVVDGE   -9.2743  -12.1735   -2.8991    0.2132
 5371 MLVVDGK   -9.1484  -11.2375   -2.0891    0.2132
 5372 KLLVDGM   -8.8736  -11.5868   -2.7131    0.2132
 5373 KLLVEGM   -9.6330  -12.6632   -3.0303    0.2132
 5374 KLIVEGM   -9.4409  -11.2414   -1.8006    0.2132
 5375 KLIVEGM   -9.4409  -11.2414   -1.8006    0.2132
 5376 KLIVDGA   -6.8513  -10.7362   -3.8849    0.2132
 5377 KLIVDGV   -9.4157  -10.8245   -1.4089    0.2132
 5378 KLIVDGV   -9.4157  -10.8245   -1.4089    0.2132
 5379 KLIVVGD   -8.6945  -10.2148   -1.5203    0.2132
 5380 ELIVVGK   -8.8263  -10.6637   -1.8374    0.2132
 5381 VLIVEGK   -9.5128  -11.3502   -1.8374    0.2132
 5382 KLVVDGV   -8.4718  -10.4549   -1.9831    0.2132
 5383 VLKVDGV   -7.1169   -8.9886   -1.8717    0.2132
 5384 ILVKDGM   -6.6048   -8.1997   -1.5949    0.2132
 5385 KLVIDGM   -9.4292  -10.9127   -1.4834    0.2132
 5386 KLIVDGM  -10.5337  -12.0171   -1.4834    0.2132
 5387 KLIVDGY   -9.5567  -10.9864   -1.4297    0.2132
 5388 KLIVDGG   -8.6720  -12.6809   -4.0089    0.2132
 5389 KLIVEGY  -10.4290  -12.1758   -1.7469    0.2132
 5390 KLIVEGY  -10.4290  -12.1758   -1.7469    0.2132
 5391 KLIVEGI   -9.6840  -13.2358   -3.5517    0.2132
 5392 KLIVEGI   -9.6840  -13.2358   -3.5517    0.2132
 5393 KLIVEGV  -12.3790  -14.1050   -1.7260    0.2132
 5394 KLVIEGV  -11.6154  -13.3414   -1.7260    0.2132
 5395 KLVIEGV  -11.6154  -13.3414   -1.7260    0.2132
 5396 KLVIEGV  -11.6154  -13.3414   -1.7260    0.2132
 5397 KLVIEGV  -11.6154  -13.3414   -1.7260    0.2132
 5398 KLVIEGV  -11.6154  -13.3414   -1.7260    0.2132
 5399 KLIVEGV  -12.6843  -14.4103   -1.7260    0.2132
 5400 KLIVEGV  -12.6843  -14.4103   -1.7260    0.2132
 5401 KLIVEGV  -12.6843  -14.4103   -1.7260    0.2132
 5402 KLIVEGV  -12.6843  -14.4103   -1.7260    0.2132
 5403 KLIVVGE  -11.4543  -13.2917   -1.8374    0.2132
 5404 KLIVVGD  -11.7619  -13.2822   -1.5203    0.2132
 5405 KLIGVGD   -6.8761  -10.6621   -3.7860    0.2132
 5406 KLIMMGD   -9.7130  -11.3824   -1.6694    0.2132
 5407 KLIMMGD   -9.7130  -11.3824   -1.6694    0.2132
 5408 KLIMVGD  -10.5283  -12.1232   -1.5949    0.2132
 5409 KLIMVGD  -10.5283  -12.1232   -1.5949    0.2132
 5410 KLIMMGD   -9.7117  -11.3811   -1.6694    0.2132
 5411 KLIMIGD   -8.2293  -11.6498   -3.4206    0.2132
 5412 KLIMMGD   -9.7104  -11.3798   -1.6694    0.2132
 5413 KLIMDGM  -10.0274  -11.5854   -1.5580    0.2132
 5414 KLIVDGM  -11.6520  -13.1354   -1.4834    0.2132
 5415 KLIVDGM  -11.6520  -13.1354   -1.4834    0.2132
 5416 KLMVDGL   -9.5119  -12.2251   -2.7131    0.2132
 5417 KLMVDGM  -10.3480  -12.3203   -1.9723    0.2132
 5418 KLIVDGM  -11.3276  -12.8110   -1.4834    0.2132
 5419 KLIVDGM  -11.3276  -12.8110   -1.4834    0.2132
 5420 KLIVEGM  -12.0811  -13.8817   -1.8006    0.2132
 5421 KLIVVGD  -12.2992  -13.8194   -1.5203    0.2132
 5422 KLIVVGD  -12.2992  -13.8194   -1.5203    0.2132
 5423 KLIVVGD  -12.2992  -13.8194   -1.5203    0.2132
 5424 KLIVIGD  -10.0377  -13.3837   -3.3460    0.2132
 5425 KLMVIGE   -8.7150  -10.6270   -1.9120    0.2132
 5426 KLVMIGE  -10.4462  -12.3582   -1.9120    0.2132
 5427 KLVMIGE  -10.4462  -12.3582   -1.9120    0.2132
 5428 KLVMIGE  -10.4462  -12.3582   -1.9120    0.2132
 5429 KLVIMGE  -10.0733  -11.9853   -1.9120    0.2132
 5430 KLVIYGD   -9.9230  -11.4641   -1.5411    0.2132
 5431 KLVMIGE  -10.1678  -12.0798   -1.9120    0.2132
 5432 KLVVIGE  -11.0213  -12.8587   -1.8374    0.2132
 5433 KLVVIGE  -11.0213  -12.8587   -1.8374    0.2132
 5434 KLVIEGV  -11.2062  -12.9322   -1.7260    0.2132
 5435 KLVVIGE  -10.6449  -12.4823   -1.8374    0.2132
 5436 KLVVIGE  -10.6449  -12.4823   -1.8374    0.2132
 5437 KLVVVGE  -10.5965  -13.0082   -2.4117    0.2132
 5438 KLVVVGE  -10.5965  -13.0082   -2.4117    0.2132
 5439 KLVEVGL   -9.5888  -12.4331   -2.8443    0.2132
 5440 KLVVEGV  -12.3201  -14.6204   -2.3003    0.2132
 5441 KLVMVGE  -10.1934  -12.5997   -2.4063    0.2132
 5442 KLVVVGE  -11.1934  -13.6052   -2.4117    0.2132
 5443 KLVVDGV  -11.3520  -13.3351   -1.9831    0.2132
 5444 KLVVDGV  -11.3520  -13.3351   -1.9831    0.2132
 5445 KLLVEGV  -11.5712  -14.5269   -2.9557    0.2132
 5446 KLVVEGL  -11.7747  -14.7304   -2.9557    0.2132
 5447 KLLVEGV  -11.5463  -14.5020   -2.9557    0.2132
 5448 KLLVEGV  -11.5463  -14.5020   -2.9557    0.2132
 5449 KLLVEGV  -11.5463  -14.5020   -2.9557    0.2132
 5450 KLLVEGV  -11.5463  -14.5020   -2.9557    0.2132
 5451 KLVVEGV  -12.3217  -14.6220   -2.3003    0.2132
 5452 KLVVEGV  -12.3217  -14.6220   -2.3003    0.2132
 5453 KLVVEGV  -12.3217  -14.6220   -2.3003    0.2132
 5454 KLVVVGD  -11.6145  -13.7090   -2.0946    0.2132
 5455 KLVVVGD  -11.6145  -13.7090   -2.0946    0.2132
 5456 KLVVFGD  -11.6953  -12.9113   -1.2160    0.2132
 5457 KLVVMGD  -11.0644  -13.1536   -2.0891    0.2132
 5458 GLVVEKM   -8.3981  -10.8044   -2.4063    0.2132
 5459 GLVVEMD   -9.1545  -11.9422   -2.7877    0.2132
 5460 GLVVEDM   -9.4817  -12.3808   -2.8991    0.2132
 5461 GLVVKDM   -5.9952   -8.0843   -2.0891    0.2132
 5462 GLVVKDM   -5.9952   -8.0843   -2.0891    0.2132
 5463 GLVMKDI   -4.7567   -6.3516   -1.5949    0.2132
 5464 GLVKMDI   -8.0635   -9.4355   -1.3720    0.2132
 5465 GLVKIDV   -9.1832  -10.4806   -1.2974    0.2132
 5466 GLVKIDV   -9.1832  -10.4806   -1.2974    0.2132
 5467 GLVKVDV   -9.0297  -10.9014   -1.8717    0.2132
 5468 GLVVVDK   -9.9552  -12.1612   -2.2060    0.2132
 5469 GLVVVEK   -9.6248  -12.1479   -2.5231    0.2132
 5470 GLVVEMK   -9.7928  -12.0877   -2.2949    0.2132
 5471 GLVIEMD   -8.7442  -11.0376   -2.2934    0.2132
 5472 GLEIVME   -5.6851   -8.2956   -2.6106    0.2132
 5473 GLEIMVD   -5.0021   -7.2956   -2.2934    0.2132
 5474 GLIDMVE   -5.0665   -7.3599   -2.2934    0.2132
 5475 GLIDMVE   -5.0665   -7.3599   -2.2934    0.2132
 5476 GLIDVVD   -6.3632   -8.2649   -1.9017    0.2132
 5477 GLLEVKV   -5.2812   -8.1255   -2.8443    0.2132
 5478 GLLVVKD   -5.9348   -8.7962   -2.8614    0.2132
 5479 GLLVVED   -7.4512  -11.1226   -3.6714    0.2132
 5480 GLLVVER   -3.6086  -10.1512   -6.5426    0.2132
 5481 GLVLEVR   -2.0700   -8.3897   -6.3197    0.2132
 5482 GLLVEVE   -7.6171  -11.3828   -3.7657    0.2132
 5483 GLLVEVE   -7.6171  -11.3828   -3.7657    0.2132
 5484 GLVVELK   -7.8449  -10.8006   -2.9557    0.2132
 5485 GLVVELK   -7.8449  -10.8006   -2.9557    0.2132
 5486 GLLVDVE   -9.0766  -12.5252   -3.4486    0.2132
 5487 GLLVDVE   -9.0766  -12.5252   -3.4486    0.2132
 5488 GLLVDVE   -9.0766  -12.5252   -3.4486    0.2132
 5489 GLLVDVK   -8.2302  -10.8688   -2.6386    0.2132
 5490 DLLVGVE   -4.3318   -7.7804   -3.4486    0.2132
 5491 DLLVDGV   -5.1803   -8.3117   -3.1314    0.2132
 5492 DLLVGVD   -6.0876   -9.2190   -3.1314    0.2132
 5493 DLLVGVD   -6.0876   -9.2190   -3.1314    0.2132
 5494 RLLVGVD   -3.9851   -9.9876   -6.0026    0.2132
 5495 DLLVGVD   -5.8409   -8.9723   -3.1314    0.2132
 5496 GLLVEVK   -8.6567  -11.6124   -2.9557    0.2132
 5497 GLLVEVE   -9.3683  -13.1340   -3.7657    0.2132
 5498 GLLVEVK   -9.2057  -12.1614   -2.9557    0.2132
 5499 GLLVEVE   -9.3576  -13.1233   -3.7657    0.2132
 5500 GLVLEVE   -8.3767  -12.1424   -3.7657    0.2132
 5501 GLLVDVE   -7.5440  -10.9926   -3.4486    0.2132
 5502 GLLVDVE   -7.5440  -10.9926   -3.4486    0.2132
 5503 ALVVDVD   -7.8375  -10.4123   -2.5749    0.2132
 5504 ALVVDVD   -7.8375  -10.4123   -2.5749    0.2132
 5505 ALVVVED   -8.4296  -11.5445   -3.1149    0.2132
 5506 ALVVDVE   -8.7584  -11.6504   -2.8920    0.2132
 5507 ALVVEVD   -9.3777  -12.2697   -2.8920    0.2132
 5508 ALVMEVD   -7.7902  -10.6768   -2.8866    0.2132
 5509 ALVVEMD   -9.4852  -12.3718   -2.8866    0.2132
 5510 MLVVEMD   -8.8004  -12.8055   -4.0051    0.2132
 5511 MLVVEMD   -8.8004  -12.8055   -4.0051    0.2132
 5512 MLVVEMD   -8.8004  -12.8055   -4.0051    0.2132
 5513 MLVVEDM   -8.6735  -12.7901   -4.1166    0.2132
 5514 MLVVEDM   -8.6735  -12.7901   -4.1166    0.2132
 5515 MLVIEDM   -5.3046  -11.2469   -5.9423    0.2132
 5516 MLVIEDM   -5.3046  -11.2469   -5.9423    0.2132
 5517 MLVIEDA   -7.2636  -11.4473   -4.1837    0.2132
 5518 MLVIEAD   -7.3546  -11.4269   -4.0723    0.2132
 5519 VLMLEAD   -5.3946  -10.6966   -5.3020    0.2132
 5520 ALMLEVD   -5.6709  -10.9729   -5.3020    0.2132
 5521 ALMLEVD   -5.6709  -10.9729   -5.3020    0.2132
 5522 ALALEVE   -5.0566  -11.9572   -6.9006    0.2132
 5523 VLVLEAE   -8.2926  -13.8372   -5.5446    0.2132
 5524 VLVVEAE  -10.2897  -13.4988   -3.2091    0.2132
 5525 VLVVEAE  -10.2897  -13.4988   -3.2091    0.2132
 5526 VLVVEAD  -10.0287  -12.9207   -2.8920    0.2132
 5527 VLVVEAD  -10.7854  -13.6774   -2.8920    0.2132
 5528 VLVVEMD   -9.2437  -13.1743   -3.9306    0.2132
 5529 ALVVMED   -7.8554  -10.9648   -3.1094    0.2132
 5530 ALVVFED   -7.1191  -11.0354   -3.9163    0.2132
 5531 ALVVFED   -7.1191  -11.0354   -3.9163    0.2132
 5532 ALVVFEE   -7.3823  -11.6157   -4.2334    0.2132
 5533 ALVVFDE   -8.5528  -12.4691   -3.9163    0.2132
 5534 ALVAFEE   -5.4290  -10.5384   -5.1094    0.2132
 5535 ALVAFEE   -5.4290  -10.5384   -5.1094    0.2132
 5536 ALVAFEE   -5.3833  -10.4928   -5.1094    0.2132
 5537 ALVDFEA   -3.7041   -8.1621   -4.4580    0.2132
 5538 ALVDFEM   -4.0856   -7.7422   -3.6566    0.2132
 5539 ELVDVAV   -5.1568   -8.0488   -2.8920    0.2132
 5540 DLADVVV   -3.9388   -6.5137   -2.5749    0.2132
 5541 VLVAVDD   -7.9692  -10.7669   -2.7977    0.2132
 5542 VLVDVAD   -6.8405   -9.4153   -2.5749    0.2132
 5543 VLVGVDD   -6.3793   -8.9667   -2.5874    0.2132
 5544 GLLDVDV   -5.3296   -8.3496   -3.0200    0.2132
 5545 VLVDGDV   -5.1998   -7.6758   -2.4760    0.2132
 5546 VLVVGDE   -8.5133  -11.5293   -3.0160    0.2132
 5547 ILVVGDE   -8.2680  -10.7097   -2.4417    0.2132
 5548 GLVVWDE   -7.0226  -10.8189   -3.7963    0.2132
 5549 GLVVEDF   -8.8854  -10.9114   -2.0260    0.2132
 5550 GLVVEDF   -8.7273  -10.7533   -2.0260    0.2462
 5551 GLVVEDF   -8.7273  -10.7533   -2.0260    0.2462
 5552 GLVVEDF   -8.7273  -10.7533   -2.0260    0.2462
 5553 GLVVEMD   -9.0259  -11.8136   -2.7877    0.2462
 5554 GLIVEMD   -9.2699  -11.5633   -2.2934    0.2462
 5555 GLIVEMD   -9.2699  -11.5633   -2.2934    0.2462
 5556 GLIVGED   -4.9375   -9.7563   -4.8189    0.2462
 5557 GLIVGED   -4.9375   -9.7563   -4.8189    0.2462
 5558 GLVLGED   -2.4960   -9.1046   -6.6086    0.2462
 5559 GLVLEEG   -2.7012   -9.6269   -6.9257    0.2462
 5560 GLLVEEG   -3.5858  -10.5115   -6.9257    0.2462
 5561 GLIVGEE   -4.3650   -9.5010   -5.1360    0.2462
 5562 GLIVEGK   -5.2462   -9.4608   -4.2146    0.2462
 5563 YLIVEGK   -6.5843   -8.4426   -1.8583    0.2462
 5564 YLLVEGK   -5.5656   -9.2136   -3.6480    0.2462
 5565 YLLVEGK   -5.5656   -9.2136   -3.6480    0.2462
 5566 YLVVDGK   -5.4334   -8.3488   -2.9154    0.2462
 5567 YLIVDGK   -6.3701   -7.9113   -1.5411    0.2462
 5568 YLIVDGD   -6.3189   -8.3529   -2.0340    0.2462
 5569 YLVIDGD   -5.3537   -7.3877   -2.0340    0.2462
 5570 YLIVDGD   -6.3173   -8.3513   -2.0340    0.2462
 5571 YLIVDGD   -6.3173   -8.3513   -2.0340    0.2462
 5572 MLVVDGD   -9.3057  -11.8877   -2.5820    0.2462
 5573 MLIVDGD   -9.3584  -11.4461   -2.0877    0.2462
 5574 MLIVDGD   -9.3584  -11.4461   -2.0877    0.2462
 5575 MLVIDGD   -8.3736  -10.4613   -2.0877    0.2462
 5576 MLVIDGD   -8.3736  -10.4613   -2.0877    0.2462
 5577 MLVIDGD   -8.1343  -10.2220   -2.0877    0.2462
 5578 MLVIDGD   -8.1343  -10.2220   -2.0877    0.2462
 5579 YLVIDGD   -6.6138   -8.6478   -2.0340    0.2462
 5580 YLVIEGD   -6.9539   -9.3051   -2.3511    0.2462
 5581 VLVIGDD   -5.8606   -7.9852   -2.1246    0.2462
 5582 MLMIDGD   -2.8470   -5.0093   -2.1623    0.2462
 5583 MLVMEGD   -5.5255   -8.4192   -2.8937    0.2462
 5584 MLVIEGD   -5.2491   -7.6540   -2.4049    0.2462
 5585 GLVMIED   -3.7610   -6.2773   -2.5163    0.2462
 5586 GLVIDDM   -5.9632   -8.0509   -2.0877    0.2462
 5587 GLVIDDF   -4.3930   -7.9276   -3.5346    0.2462
 5588 GLVIDDF   -4.3930   -7.9276   -3.5346    0.2462
 5589 GLVIVDE   -7.3415   -9.7833   -2.4417    0.2462
 5590 GLVIVDD   -7.6445   -9.7691   -2.1246    0.2462
 5591 GLVIVDD   -7.6445   -9.7691   -2.1246    0.2462
 5592 GLVIVDK   -7.3173   -8.9491   -1.6317    0.2462
 5593 GLIVVDE   -8.3536  -10.7953   -2.4417    0.2462
 5594 GLIVVDE   -8.3220  -10.7637   -2.4417    0.2462
 5595 GLIVVDE   -8.3220  -10.7637   -2.4417    0.2462
 5596 GLLVEEV   -6.3203  -10.1975   -3.8771    0.2462
 5597 GLLVEEV   -6.3203  -10.1975   -3.8771    0.2462
 5598 GLLVVED   -7.5380  -11.2094   -3.6714    0.2462
 5599 GLLEVVD   -6.5411   -9.9897   -3.4486    0.2462
 5600 GLLEFVE   -3.6654   -8.9525   -5.2871    0.2462
 5601 GLLEAGE    1.7728   -8.2060   -9.9789    0.2462
 5602 ALLEFGE   -2.5986   -7.8018   -5.2031    0.2462
 5603 VLLEEGI   -2.2109   -7.9138   -5.7029    0.2462
 5604 VLMEEGF   -5.2462   -7.6639   -2.4177    0.2462
 5605 ELMVDGF   -5.2865   -7.2757   -1.9891    0.2462
 5606 KLMVDGF   -6.0239   -7.2031   -1.1791    0.2462
 5607 KLMVDGF   -6.0239   -7.2031   -1.1791    0.2462
 5608 KLMVEGF   -6.0746   -7.5709   -1.4963    0.2462
 5609 KLMVEGF   -6.0746   -7.5709   -1.4963    0.2462
 5610 KLMVEGF   -6.0746   -7.5709   -1.4963    0.2462
 5611 RLMVEGF   -5.6327  -10.4930   -4.8603    0.2462
 5612 FLMVEGK   -6.4841   -8.0918   -1.6077    0.2462
 5613 ILMVDGK   -7.0184   -8.6132   -1.5949    0.2462
 5614 ILMKDGV   -4.5735   -6.1684   -1.5949    0.2462
 5615 KLIVDGM  -10.3486  -11.8321   -1.4834    0.2462
 5616 KLMVDGI   -9.3707  -10.8542   -1.4834    0.2462
 5617 KLMVDGI   -9.3707  -10.8542   -1.4834    0.2462
 5618 KLMVDGI   -9.3707  -10.8542   -1.4834    0.2462
 5619 KLVVEGI  -10.7529  -12.4789   -1.7260    0.2462
 5620 KLVVEGV  -10.8110  -13.1113   -2.3003    0.2462
 5621 KLVVDAV  -10.7220  -12.8040   -2.0820    0.2462
 5622 KLVVVAD  -10.8150  -13.0084   -2.1934    0.2462
 5623 KLVVVAD  -10.8150  -13.0084   -2.1934    0.2462
 5624 KLVVVAD  -10.8150  -13.0084   -2.1934    0.2462
 5625 KLVVVAD  -10.8150  -13.0084   -2.1934    0.2462
 5626 KLVVVAD  -10.8150  -13.0084   -2.1934    0.2462
 5627 KLVVVDA  -10.6346  -12.7166   -2.0820    0.2462
 5628 KLVVADV  -10.8602  -12.9422   -2.0820    0.2462
 5629 KLVVADV  -10.8338  -12.9158   -2.0820    0.2462
 5630 KLVVADV  -10.8338  -12.9158   -2.0820    0.2462
 5631 KLVVADV  -10.8338  -12.9158   -2.0820    0.2462
 5632 KLVVGDV  -10.2930  -12.2762   -1.9831    0.2462
 5633 KLVVADV  -10.8338  -12.9158   -2.0820    0.2462
 5634 KLVVADF   -7.9066  -10.7900   -2.8834    0.2462
 5635 KLVVADF   -7.9066  -10.7900   -2.8834    0.2462
 5636 KLVVADF   -7.9066  -10.7900   -2.8834    0.2462
 5637 KLVVADF   -7.9066  -10.7900   -2.8834    0.2462
 5638 KLVVAEF   -7.3150  -10.5156   -3.2006    0.2462
 5639 KLVVGEF   -8.4815   -9.9032   -1.4217    0.2462
 5640 KLVVGEF   -8.4815   -9.9032   -1.4217    0.2462
 5641 KLVVGEF   -8.5210   -9.9428   -1.4217    0.2462
 5642 KLVVDGF   -9.2868  -10.3914   -1.1046    0.2462
 5643 KLVVDGV  -10.4890  -12.4721   -1.9831    0.2462
 5644 KLVIEGV   -9.6140  -11.3400   -1.7260    0.2462
 5645 KLIVEGV  -10.4013  -12.1273   -1.7260    0.2462
 5646 KLVIEGV   -9.7359  -11.4619   -1.7260    0.2462
 5647 KLVIEGM   -9.5833  -11.3839   -1.8006    0.2462
 5648 KLMIDGV   -8.4518   -9.9352   -1.4834    0.2462
 5649 KLMIDGV   -8.4518   -9.9352   -1.4834    0.2462
 5650 KLMIDGV   -8.4518   -9.9352   -1.4834    0.2462
 5651 KLMVDGI   -9.3395  -10.8229   -1.4834    0.2462
 5652 KLMVDGI   -9.3395  -10.8229   -1.4834    0.2462
 5653 KLIVDGM  -10.2312  -11.7146   -1.4834    0.2462
 5654 KLVVMGD   -9.0613  -11.1504   -2.0891    0.2462
 5655 KLVMDGM   -9.0481  -11.0204   -1.9723    0.2462
 5656 KLVFEGM   -6.8006   -8.2969   -1.4963    0.2462
 5657 KLVFMGE   -5.4495   -7.0572   -1.6077    0.2462
 5658 KLVFAGE   -3.8667   -7.9558   -4.0891    0.2462
 5659 KLVAFGE   -6.3813  -10.4704   -4.0891    0.2462
 5660 VLGKFAE   -3.3979   -7.3756   -3.9777    0.2462
 5661 VLGKFAD   -3.7764   -7.4369   -3.6606    0.2462
 5662 VLGKDAW   -3.9941   -6.9049   -2.9109    0.2462
 5663 DLGKVAW   -1.8975   -4.6969   -2.7994    0.2462
 5664 DLGKVGW   -1.7986   -4.3877   -2.5891    0.2462
 5665 VLGKWDM   -3.1230   -5.8496   -2.7266    0.2462
 5666 MLGVWDK   -3.8404   -6.7898   -2.9494    0.2462
 5667 MLGVMDD   -4.6765   -7.2531   -2.5766    0.2462
 5668 MLGVMDK   -3.9354   -6.0191   -2.0837    0.2462
 5669 MLGVFDD   -5.9905   -7.7739   -1.7834    0.2462
 5670 GLVVFDD   -7.2519   -9.0722   -1.8203    0.2462
 5671 GLVVFDD   -7.2519   -9.0722   -1.8203    0.2462
 5672 GLVVFDD   -7.2519   -9.0722   -1.8203    0.2462
 5673 GLVVDDF   -7.1666   -8.8755   -1.7089    0.2462
 5674 GLVVDDF   -7.1666   -8.8755   -1.7089    0.2462
 5675 GLVVEDF   -7.5778   -9.6038   -2.0260    0.2462
 5676 GLVVEDF   -7.5778   -9.6038   -2.0260    0.2462
 5677 GLVVDDF   -7.1116   -8.8205   -1.7089    0.2462
 5678 GLVVFDD   -7.7451   -9.5654   -1.8203    0.2462
 5679 GLGVFDK   -2.8223   -6.4955   -3.6731    0.2462
 5680 ILDGFGK   -1.9238   -4.1112   -2.1874    0.2462
 5681 FLDGIGD   -2.7451   -5.4254   -2.6803    0.2462
 5682 FLKGVGD   -6.7388  -10.3005   -3.5617    0.2462
 5683 FLKGVGD   -6.7388  -10.3005   -3.5617    0.2462
 5684 FLKGFGD   -7.4611   -9.4243   -1.9631    0.2462
 5685 FLKGWGD   -6.4842   -7.5862   -1.1020    0.2462
 5686 FLKGWGD   -6.4842   -7.5862   -1.1020    0.2462
 5687 WLKGFGD   -8.3835   -9.4855   -1.1020    0.2462
 5688 WLKGFGD   -8.3835   -9.4855   -1.1020    0.2462
 5689 WLKGFGD   -8.3835   -9.4855   -1.1020    0.2462
 5690 WLKGFGD   -8.3835   -9.4855   -1.1020    0.2462
 5691 WLKGFGD   -8.3835   -9.4855   -1.1020    0.2462
 5692 WLKGFGD   -8.3835   -9.4855   -1.1020    0.2462
 5693 WLKGFGD   -8.3835   -9.4855   -1.1020    0.2462
 5694 WLKGFGD   -8.3835   -9.4855   -1.1020    0.2462
 5695 WLKGFGD   -8.3835   -9.4855   -1.1020    0.2462
 5696 KLVGFGD   -5.2104   -8.7721   -3.5617    0.2462
 5697 KLVGFGE   -4.4247   -8.3036   -3.8789    0.2462
 5698 KLVGFIE   -3.4806   -6.7280   -3.2474    0.2462
 5699 KLVGFEI   -2.6235   -5.7595   -3.1360    0.2462
 5700 ILVGFEK   -3.7428   -7.1017   -3.3589    0.2462
 5701 VLIGMEE   -5.8680   -8.5900   -2.7220    0.2462
 5702 VLIGMED   -6.1115   -8.5164   -2.4049    0.2462
 5703 ILVGMED   -6.3290   -8.7339   -2.4049    0.2462
 5704 ILMGVED   -7.1269   -9.5318   -2.4049    0.2462
 5705 ILMGVED   -7.1269   -9.5318   -2.4049    0.2462
 5706 ILMGVEE   -6.8657   -9.5877   -2.7220    0.2462
 5707 ILMGVEE   -6.8657   -9.5877   -2.7220    0.2462
 5708 ILMGVED   -6.9876   -9.3924   -2.4049    0.2462
 5709 ILMGVEE   -6.7742   -9.4962   -2.7220    0.2462
 5710 MLIGEVE   -8.1583  -10.7689   -2.6106    0.2462
 5711 MLIGEVE   -8.1583  -10.7689   -2.6106    0.2462
 5712 MLIGEVE   -8.1583  -10.7689   -2.6106    0.2462
 5713 MLIGEVE   -8.1583  -10.7689   -2.6106    0.2462
 5714 MLLGEVE   -7.5417  -11.3820   -3.8403    0.2462
 5715 MLLGEVE   -7.5417  -11.3820   -3.8403    0.2462
 5716 MLLGEVE   -7.5417  -11.3820   -3.8403    0.2462
 5717 MLFGEVE   -7.0297   -9.3360   -2.3063    0.2462
 5718 MLFGEDV   -4.4958   -6.5964   -2.1006    0.2462
 5719 MLFGDEV   -3.9390   -6.0396   -2.1006    0.2462
 5720 MLVGDKF   -5.1010   -6.3916   -1.2906    0.2462
 5721 MLVGDKF   -5.1010   -6.3916   -1.2906    0.2462
 5722 MLVGDKL   -4.7828   -7.6073   -2.8246    0.2462
 5723 KLMGVDL   -6.1836   -8.7853   -2.6017    0.2462
 5724 KLMGVEL   -5.8717   -8.7905   -2.9189    0.2462
 5725 KLMGVEL   -5.8717   -8.7905   -2.9189    0.2462
 5726 KLMGEVL   -6.5597   -9.5899   -3.0303    0.2462
 5727 KLMGDVL   -6.0031   -8.7162   -2.7131    0.2462
 5728 KLMGDVL   -6.0031   -8.7162   -2.7131    0.2462
 5729 KLMGDVW   -5.9325   -8.7705   -2.8380    0.2462
 5730 RLMGMDY    3.7693   -2.2764   -6.0457    0.2462
 5731 RLMGIDY    1.5967   -3.0802   -4.6769    0.2462
 5732 DLDGIMY    1.4023   -0.5149   -1.9171    0.2462
 5733 DLKGIMY   -0.6091   -2.0334   -1.4243    0.2462
 5734 DLKGVMI   -3.1935   -4.6769   -1.4834    0.2462
 5735 DLIGVME   -4.2202   -6.5136   -2.2934    0.2462
 5736 MLIGVKD   -5.6540   -7.2489   -1.5949    0.2462
 5737 ILMGDVD   -4.9059   -6.8822   -1.9763    0.2462
 5738 ILMGDVD   -4.9059   -6.8822   -1.9763    0.2462
 5739 ILMGDVD   -4.9059   -6.8822   -1.9763    0.2462
 5740 VLIGEVE   -5.5494   -8.0854   -2.5360    0.2462
 5741 VLIGEVE   -5.5494   -8.0854   -2.5360    0.2462
 5742 VLIGEGE   -4.7631   -9.7877   -5.0246    0.2462
 5743 ILIGEAD   -6.9120  -10.2326   -3.3206    0.2462
 5744 ILIGDAE   -6.1935   -9.5140   -3.3206    0.2462
 5745 LLIGADE   -2.9529   -8.1746   -5.2217    0.2462
 5746 LLIGDDA   -2.8195   -7.7241   -4.9046    0.2462
 5747 LLIGDKA   -2.9236   -7.3353   -4.4117    0.2462
 5748 LLIGDAD   -4.5661   -9.3592   -4.7931    0.2462
 5749 ALGIELD   -2.8191   -7.8180   -4.9989    0.2462
 5750 ALGIELD   -2.8191   -7.8180   -4.9989    0.2462
 5751 ILGIELD   -0.1389   -7.1274   -6.9886    0.2462
 5752 ILGIELD   -1.3591   -8.3477   -6.9886    0.2219
 5753 ILGIEDL   -2.0609   -9.1609   -7.1000    0.2219
 5754 ILGVDDL   -3.5577   -8.5148   -4.9571    0.2219
 5755 ILVGDDL   -3.6544   -8.7230   -5.0686    0.2219
 5756 VLGLDDV   -4.6724   -7.8038   -3.1314    0.2219
 5757 LLGVDDV   -4.4592   -7.5907   -3.1314    0.2219
 5758 VLGLDDV   -4.6909   -7.8223   -3.1314    0.2219
 5759 VLGIDDV   -5.5851   -7.4868   -1.9017    0.2219
 5760 DLGIEVV   -3.6785   -5.7860   -2.1074    0.2219
 5761 DLGVVEV   -2.3264   -5.0082   -2.6817    0.2219
 5762 VLVLEGE   -6.1608  -10.0379   -3.8771    0.2219
 5763 VLVLEGE   -6.1608  -10.0379   -3.8771    0.2219
 5764 VLVVDGE   -5.9137   -8.8182   -2.9046    0.2219
 5765 VLVLDGE   -5.7855   -9.3455   -3.5600    0.2219
 5766 LLVVEGD   -6.6053  -10.1653   -3.5600    0.2219
 5767 WLVVEGK   -4.3378   -7.5298   -3.1920    0.2219
 5768 WLVVEGE   -3.9543   -7.9563   -4.0020    0.2219
 5769 WLEKVGY   -0.6974   -3.1988   -2.5014    0.2219
 5770 WLEKVGM   -1.3100   -4.4651   -3.1551    0.2219
 5771 WLEKAGM   -0.9159   -4.0271   -3.1111    0.2219
 5772 WLEKAGM   -0.9159   -4.0271   -3.1111    0.2219
 5773 WLAKEGM   -0.2230   -3.4456   -3.2226    0.2219
 5774 WLMEEGY    2.6683   -0.8291   -3.4974    0.2219
 5775 WLDMMGE    1.1037   -2.6189   -3.7226    0.2219
 5776 MLDFMGE   -2.6144   -4.6781   -2.0637    0.2219
 5777 MLDMMGE   -2.2796   -5.0564   -2.7769    0.2219
 5778 MLDFMGE   -2.6319   -4.6956   -2.0637    0.2219
 5779 MLEMFGE   -3.4185   -5.7993   -2.3809    0.2219
 5780 MLEFMGE   -2.9833   -5.3641   -2.3809    0.2219
 5781 MLMFEGE   -5.1487   -7.6410   -2.4923    0.2219
 5782 MLMFEGK   -4.4962   -6.1785   -1.6823    0.2219
 5783 MLMFEGK   -4.4962   -6.1785   -1.6823    0.2219
 5784 MLVKEGF   -4.0472   -5.6549   -1.6077    0.2219
 5785 MLKEVGI   -1.1578   -2.9584   -1.8006    0.2219
 5786 FLKEVGI    1.7148   -1.5326   -3.2474    0.2219
 5787 VLEKVGI   -4.1692   -5.8952   -1.7260    0.2219
 5788 GLEKIIV    1.2138   -2.4493   -3.6631    0.2219
 5789 GLEKYII   -1.2465   -4.3305   -3.0840    0.2219
 5790 GLEKVII   -1.8854   -5.5485   -3.6631    0.2219
 5791 GLEKVII   -1.8854   -5.5485   -3.6631    0.2219
 5792 GLEKVLI   -0.4582   -5.3511   -4.8929    0.2219
 5793 GLEKVLY   -1.5295   -5.1775   -3.6480    0.2219
 5794 GLVKELY   -0.6538   -4.3018   -3.6480    0.2219
 5795 GLKVELY   -1.6707   -5.0959   -3.4251    0.2219
 5796 GLKVELY   -1.6707   -5.0959   -3.4251    0.2219
 5797 GLKVEIY   -4.5901   -6.2256   -1.6354    0.2219
 5798 GLKVEIY   -4.5901   -6.2256   -1.6354    0.2219
 5799 GLDVYIE   -4.2382   -6.4779   -2.2397    0.2219
 5800 GLEIYVE   -3.9450   -6.5019   -2.5569    0.2219
 5801 GLIEYVE   -3.9850   -6.5419   -2.5569    0.2219
 5802 GLIVYKE   -4.6273   -6.5970   -1.9697    0.2219
 5803 GLIVYKE   -4.6273   -6.5970   -1.9697    0.2219
 5804 GLIKMVE   -3.8016   -5.6022   -1.8006    0.2219
 5805 GLIKDVM   -4.4346   -6.0295   -1.5949    0.2219
 5806 GLIMDVD   -5.9790   -7.9553   -1.9763    0.2219
 5807 GLMIDVD   -5.9614   -7.9376   -1.9763    0.2219
 5808 GLMIDDV   -4.7517   -6.8394   -2.0877    0.2219
 5809 GLVIDDM   -6.0462   -8.1339   -2.0877    0.2219
 5810 GLVIDEM   -5.5775   -7.9824   -2.4049    0.2219
 5811 GLVIDEM   -5.5775   -7.9824   -2.4049    0.2219
 5812 GLIVDEM   -6.6526   -9.0574   -2.4049    0.2219
 5813 GLIVDEG   -4.8578   -9.6767   -4.8189    0.2219
 5814 GLIVDDL   -4.7786   -9.8472   -5.0686    0.2219
 5815 GLLIDDA   -3.7445   -8.6491   -4.9046    0.2219
 5816 ALVIDGE   -4.5547   -9.3610   -4.8063    0.2219
 5817 MLVIDGE   -7.2266   -9.6315   -2.4049    0.2219
 5818 MLVIDGD   -6.8638   -8.9516   -2.0877    0.2219
 5819 MLVIDGD   -6.8638   -8.9516   -2.0877    0.2219
 5820 MLVIDGD   -6.8638   -8.9516   -2.0877    0.2219
 5821 MLVIDGD   -6.8638   -8.9516   -2.0877    0.2219
 5822 MLVIDGD   -8.1071  -10.1948   -2.0877    0.2219
 5823 MLVIEGD   -8.9643  -11.3692   -2.4049    0.2219
 5824 MLVIEGD   -8.9643  -11.3692   -2.4049    0.2219
 5825 MLVIEGD   -8.9643  -11.3692   -2.4049    0.2219
 5826 ILVMEGE   -6.1549   -8.8769   -2.7220    0.2219
 5827 WLMVEGE   -3.3211   -7.3977   -4.0766    0.2219
 5828 VLMVEGE   -6.8054  -10.0217   -3.2163    0.2219
 5829 VLMVEGE   -6.8054  -10.0217   -3.2163    0.2219
 5830 MLMVEGE   -7.5661  -10.7770   -3.2109    0.2219
 5831 MLIVEGK   -7.6838   -9.5958   -1.9120    0.2219
 5832 MLIVEGK   -7.6838   -9.5958   -1.9120    0.2219
 5833 MLIVEGK   -7.6838   -9.5958   -1.9120    0.2219
 5834 MLVVEGK   -7.2421   -9.6484   -2.4063    0.2219
 5835 MLVVEGK   -7.2421   -9.6484   -2.4063    0.2219
 5836 MLVKEGV   -8.0937  -10.5000   -2.4063    0.2219
 5837 MLVKEGM   -6.9483   -9.3491   -2.4009    0.2219
 5838 MLVKEGY   -6.9478  -10.1750   -3.2271    0.2219
 5839 MLVKDGL   -6.2204   -9.0450   -2.8246    0.2219
 5840 MLVKDGL   -6.2204   -9.0450   -2.8246    0.2219
 5841 MLVKEGL   -6.6131   -9.7548   -3.1417    0.2219
 5842 MLVKEGF   -8.3105   -9.9182   -1.6077    0.2219
 5843 MLKVDGF   -9.0912  -10.1589   -1.0677    0.2219
 5844 MLKVEGF   -9.4450  -10.8299   -1.3849    0.2219
 5845 MLKVEGF   -9.4450  -10.8299   -1.3849    0.2219
 5846 KLIVEGM   -9.8211  -11.6217   -1.8006    0.2219
 5847 KLIEVGM   -7.6873   -9.3765   -1.6891    0.2219
 5848 KLIEVGM   -7.6873   -9.3765   -1.6891    0.2219
 5849 KLIEVGM   -7.6873   -9.3765   -1.6891    0.2219
 5850 KLIEYGM   -7.7317   -9.3617   -1.6300    0.2219
 5851 KLIEYGM   -7.7317   -9.3617   -1.6300    0.2219
 5852 MLIEYGE   -7.1652   -9.7166   -2.5514    0.2219
 5853 MLIEYGE   -7.1231   -9.6745   -2.5514    0.2219
 5854 MLIVEGD   -9.2381  -11.6429   -2.4049    0.2219
 5855 MLVVEGD   -9.5172  -12.4164   -2.8991    0.2219
 5856 GLVVEMD   -8.4172  -11.2050   -2.7877    0.2219
 5857 GLVIEME   -7.2663   -9.8769   -2.6106    0.2219
 5858 GLVIDMK   -6.4283   -7.9118   -1.4834    0.2219
 5859 GLVIMDE   -6.3774   -8.8937   -2.5163    0.2219
 5860 GLVLEDV   -6.4941  -10.0541   -3.5600    0.2219
 5861 GLVLEDV   -6.4955  -10.0555   -3.5600    0.2219
 5862 GLVLEVD   -6.2575   -9.7060   -3.4486    0.2219
 5863 GLVIEVK   -6.8985   -8.6245   -1.7260    0.2219
 5864 GLVIEVK   -6.8985   -8.6245   -1.7260    0.2219
 5865 GLVIEVK   -6.8985   -8.6245   -1.7260    0.2219
 5866 GLVVEDI   -7.3490   -9.6793   -2.3303    0.2219
 5867 GLVVEDI   -7.3490   -9.6793   -2.3303    0.2219
 5868 GLVVEDI   -7.3490   -9.6793   -2.3303    0.2219
 5869 GLVVEDF   -8.1704  -10.1964   -2.0260    0.2219
 5870 GLVVEDF   -8.1704  -10.1964   -2.0260    0.2219
 5871 GLGVDEF   -2.7988   -7.1706   -4.3717    0.2219
 5872 GLGVDEW   -3.9507   -7.4612   -3.5106    0.2219
 5873 GLGVEDW   -4.2675   -7.7781   -3.5106    0.2219
 5874 GLGVEDW   -4.2675   -7.7781   -3.5106    0.2219
 5875 GLGWEDV   -3.3686   -6.8792   -3.5106    0.2219
 5876 GLGIDEW   -3.6565   -5.7928   -2.1363    0.2219
 5877 GLGIWEE   -2.9015   -5.4664   -2.5649    0.2219
 5878 GLGIEEF   -3.1517   -6.4663   -3.3146    0.2219
 5879 GLGIEEF   -3.1517   -6.4663   -3.3146    0.2219
 5880 GLGIEEF   -3.1517   -6.4663   -3.3146    0.2219
 5881 ELGIEGL   -1.3907   -6.6078   -5.2171    0.2219
 5882 ELGIEGV   -2.3404   -7.1421   -4.8017    0.2219
 5883 DLGIEVV   -4.2748   -6.3823   -2.1074    0.2219
 5884 DLGIVKV   -1.7586   -3.0560   -1.2974    0.2219
 5885 DLIGVVK   -6.8754   -8.2842   -1.4089    0.2219
 5886 DLVGIVK   -4.6158   -6.0247   -1.4089    0.2219
 5887 DLIGVMK   -4.6068   -6.0902   -1.4834    0.2219
 5888 DLIGVMK   -4.6068   -6.0902   -1.4834    0.2219
 5889 DLVGIKG   -0.7196   -4.5056   -3.7860    0.2219
 5890 KLVGIDM   -5.7392   -7.1112   -1.3720    0.2219
 5891 DLKGIVM   -5.0377   -6.5212   -1.4834    0.2219
 5892 MLKGFVD   -7.0623   -8.2415   -1.1791    0.2219
 5893 MLKGDVF   -6.2634   -7.4426   -1.1791    0.2219
 5894 DLMGFVK   -5.3463   -6.5255   -1.1791    0.2219
 5895 DLMGVVK   -5.2100   -7.1877   -1.9777    0.2219
 5896 DLMGVVK   -5.2100   -7.1877   -1.9777    0.2219
 5897 DLIGMVK   -5.6214   -7.1048   -1.4834    0.2219
 5898 ELMGIVK   -4.2311   -6.0317   -1.8006    0.2219
 5899 KLMGIEV   -3.9671   -5.6562   -1.6891    0.2219
 5900 MLKGEIV   -4.4583   -6.2589   -1.8006    0.2219
 5901 MLIGEVK   -4.4909   -6.2915   -1.8006    0.2219
 5902 MLKGEVI   -6.2406   -8.0411   -1.8006    0.2219
 5903 MLKGEVI   -7.9995   -9.8001   -1.8006    0.2219
 5904 MLKGDVI   -7.7329   -9.2163   -1.4834    0.2219
 5905 MLKGDVV   -7.6271   -9.6048   -1.9777    0.2219
 5906 MLKGEVV   -7.9366  -10.2315   -2.2949    0.2219
 5907 MLKGEVV   -7.9366  -10.2315   -2.2949    0.2219
 5908 MLKGEVV   -7.9366  -10.2315   -2.2949    0.2219
 5909 MLKGEIV   -3.0399   -4.8405   -1.8006    0.2219
 5910 MLVGEKV   -5.5093   -7.9156   -2.4063    0.2219
 5911 MLKGEVV   -8.8848  -11.1796   -2.2949    0.2219
 5912 ELKGMVV   -4.8823   -7.1772   -2.2949    0.2219
 5913 ELKGMVV   -4.9417   -7.2366   -2.2949    0.2219
 5914 ELKGVVV   -5.3270   -7.6272   -2.3003    0.2219
 5915 KLVGVLE   -1.4637   -4.4194   -2.9557    0.2219
 5916 KLMGYIE   -2.6113   -4.3527   -1.7414    0.2219
 5917 KLVGYEI   -3.4778   -5.1132   -1.6354    0.2219
 5918 KLVGYIE   -0.8409   -2.5878   -1.7469    0.2219
 5919 FLVGEDY   -3.1500   -5.2769   -2.1269    0.2219
 5920 MLVGEDY   -3.8477   -7.5677   -3.7200    0.2219
 5921 MLVGYED   -4.9898   -8.7098   -3.7200    0.2219
 5922 MLVGYEE   -4.5978   -8.6349   -4.0371    0.2219
 5923 MLGVEEY   -3.0957   -7.0214   -3.9257    0.2219
 5924 MLVGDEV   -5.8861   -8.7853   -2.8991    0.2219
 5925 MLMGDEV   -5.9569   -8.8506   -2.8937    0.2219
 5926 MLMGDEV   -5.9569   -8.8506   -2.8937    0.2219
 5927 MLMGEDV   -7.1567  -10.0504   -2.8937    0.2219
 5928 MLVGEDV   -7.3060  -10.2052   -2.8991    0.2219
 5929 MLLGEDV   -7.1621  -10.7967   -3.6346    0.2219
 5930 LLLGEKV   -1.6968   -7.8194   -6.1226    0.2219
 5931 LLLGEDV   -2.6653   -9.2807   -6.6154    0.2219
 5932 LLLGVEE   -0.8015   -7.7341   -6.9326    0.2219
 5933 LLKGMEF   -1.7231   -6.1634   -4.4403    0.2219
 5934 LLKGMEF   -1.7231   -6.1634   -4.4403    0.2219
 5935 LLKGDML    2.1347   -3.6339   -5.7686    0.2219
 5936 LLKGDML    2.1347   -3.6339   -5.7686    0.2219
 5937 LLKGDMF    2.0329   -2.2017   -4.2346    0.2219
 5938 ALGKEVF   -0.0061   -4.0953   -4.0891    0.2219
 5939 KLGFEVA   -2.1688   -6.0351   -3.8663    0.2219
 5940 KLGFEVM   -2.6473   -4.0322   -1.3849    0.2219
 5941 KLGFVME   -2.0151   -3.5113   -1.4963    0.2219
 5942 ELGVVKM   -4.1989   -6.3824   -2.1834    0.2219
 5943 DLGKFVM   -2.3949   -3.5740   -1.1791    0.2219
 5944 KLMGFDV   -6.5346   -7.6023   -1.0677    0.2219
 5945 MLKGFDV   -8.7519   -9.8196   -1.0677    0.2219
 5946 MLKGFDV   -8.7519   -9.8196   -1.0677    0.2219
 5947 MLKGMVD   -7.3502   -9.3225   -1.9723    0.2219
 5948 MLKGMVE   -7.2851   -9.5746   -2.2894    0.2219
 5949 MLKGMVE   -7.2851   -9.5746   -2.2894    0.2219
 5950 MLKGMVE   -7.2851   -9.5746   -2.2894    0.2219
 5951 MLKGMVE   -7.2851   -9.5746   -2.2894    0.2219
 5952 MLKGMEV   -8.5984  -10.7764   -2.1780    0.2219
 5953 MLKGMEV   -8.5984  -10.7764   -2.1780    0.2219
 5954 MLKGVEF   -9.0880  -10.4729   -1.3849    0.2219
 5955 MLKGVEF  -10.6017  -11.9866   -1.3849    0.2057
 5956 MLKGVEF  -10.6017  -11.9866   -1.3849    0.2057
 5957 GLKGVEF   -6.2302   -9.9976   -3.7674    0.2057
 5958 GLKGFEI   -5.9696   -8.3627   -2.3931    0.2057
 5959 GLKGIEF   -7.0257   -9.4189   -2.3931    0.2057
 5960 GLKGIEF   -7.0257   -9.4189   -2.3931    0.2057
 5961 GLKGIDF   -6.6112   -8.6872   -2.0760    0.2057
 5962 GLKGIEF   -7.3708   -9.7639   -2.3931    0.2057
 5963 GLKGIEF   -7.3708   -9.7639   -2.3931    0.2057
 5964 GLKGIEF   -7.3708   -9.7639   -2.3931    0.2057
 5965 GLKGIEF   -7.3708   -9.7639   -2.3931    0.2057
 5966 GLKGIEM   -5.9936   -9.9799   -3.9863    0.2057
 5967 GLKGWDI   -4.3291   -5.5440   -1.2149    0.2057
 5968 WLIGDKG   -7.2634   -8.8125   -1.5491    0.2057
 5969 WLIGDKG   -7.2634   -8.8125   -1.5491    0.2057
 5970 DLIGVKG   -6.6399  -10.4259   -3.7860    0.2057
 5971 DLIGWKG   -6.2774   -7.6037   -1.3263    0.2057
 5972 ELIGWKG   -7.2362   -8.8797   -1.6434    0.2057
 5973 WLIGEKG   -7.4978   -9.3641   -1.8663    0.2057
 5974 ELIGWKG   -7.2811   -8.9245   -1.6434    0.2057
 5975 ELIGWKG   -7.2811   -8.9245   -1.6434    0.2057
 5976 ELIGGKI   -7.3856  -10.2259   -2.8403    0.2057
 5977 ELIGGKF   -6.8413   -9.4573   -2.6160    0.2057
 5978 ELMGGKF   -4.6768   -8.6616   -3.9849    0.2057
 5979 ELVGWKG   -5.3029   -8.3206   -3.0177    0.2057
 5980 ELVGWKM   -5.2172   -8.2609   -3.0437    0.2057
 5981 ELVGFKM   -8.3333   -9.7182   -1.3849    0.2057
 5982 ELVGFKM   -8.3333   -9.7182   -1.3849    0.2057
 5983 MLEGFKV   -7.4777   -8.8625   -1.3849    0.2057
 5984 MLEGFKV   -7.4779   -8.8628   -1.3849    0.2057
 5985 MLEGFKV   -7.4779   -8.8628   -1.3849    0.2057
 5986 MLEGFKV   -7.4779   -8.8628   -1.3849    0.2057
 5987 MLKGFEY   -5.2880   -6.6937   -1.4057    0.2057
 5988 MLKGFEY   -5.3477   -6.7534   -1.4057    0.2057
 5989 MLKGFEY   -5.3477   -6.7534   -1.4057    0.2057
 5990 MLKGFEY   -5.3477   -6.7534   -1.4057    0.2057
 5991 MLKGWEY   -3.0839   -5.5485   -2.4646    0.2057
 5992 MLKGFEY   -5.4203   -6.8261   -1.4057    0.2057
 5993 MLKGFEY   -5.4203   -6.8261   -1.4057    0.2057
 5994 MLKGYEF   -5.2219   -6.6276   -1.4057    0.2057
 5995 MLKGVEF   -6.6343   -8.0192   -1.3849    0.2057
 5996 MLKGVEI   -8.0277   -9.7169   -1.6891    0.2057
 5997 MLKGVEI   -8.0277   -9.7169   -1.6891    0.2057
 5998 MLKGVEI   -8.0277   -9.7169   -1.6891    0.2057
 5999 MLKGIEI   -5.0838   -8.5986   -3.5149    0.2057
 6000 LLKGVEI   -3.9949   -8.6649   -4.6700    0.2057
 6001 ELLGVKV   -5.7793   -8.6236   -2.8443    0.2057
 6002 KLLGVEV   -7.2302  -10.0745   -2.8443    0.2057
 6003 KLLGVEV   -7.2302  -10.0745   -2.8443    0.2057
 6004 KLLGVEV   -7.2302  -10.0745   -2.8443    0.2057
 6005 KLLGVEM   -6.5917   -9.5106   -2.9189    0.2057
 6006 MLGIEVD   -7.2319   -9.4139   -2.1820    0.2057
 6007 MLGIDVD   -6.7264   -8.5912   -1.8649    0.2057
 6008 MLGIDVE   -6.9908   -9.1728   -2.1820    0.2057
 6009 MLGIEVE   -7.5630  -10.0622   -2.4991    0.2057
 6010 MLGIVDE   -7.6793  -10.0842   -2.4049    0.2057
 6011 MLGLVDE   -6.0542   -9.6888   -3.6346    0.2057
 6012 VLELMGE   -1.6141   -5.4544   -3.8403    0.2057
 6013 VLGLEKM   -2.4853   -5.5156   -3.0303    0.2057
 6014 VLGLEKM   -1.2283   -4.2586   -3.0303    0.2057
 6015 VLGLEEF   -1.9835   -7.2707   -5.2871    0.2057
 6016 VLGLEEF   -1.9835   -7.2707   -5.2871    0.2057
 6017 VLGLIEE   -2.2131   -7.9159   -5.7029    0.2057
 6018 VLELAGE   -0.6505   -7.4523   -6.8017    0.2057
 6019 GLKLFVE   -1.2917   -5.7689   -4.4771    0.2057
 6020 GLKLMEM   -2.4615   -5.4549   -2.9934    0.2057
 6021 ELMLMGK   -3.9456   -7.1619   -3.2163    0.2057
 6022 VLMLDGK   -4.3059   -7.1305   -2.8246    0.2057
 6023 LLMDVGE   -2.6149   -6.1381   -3.5231    0.2057
 6024 LLVDMGD   -4.0278   -7.2338   -3.2060    0.2057
 6025 ILMKVGD   -3.9374   -5.4208   -1.4834    0.2057
 6026 ILLVDGD   -5.5071  -10.5757   -5.0686    0.2057
 6027 ILIGDGD   -6.8364   -9.8524   -3.0160    0.2057
 6028 ILIGEGD   -7.1812  -10.5143   -3.3331    0.2057
 6029 ILMGDGE   -5.7526  -10.4546   -4.7020    0.2057
 6030 ILIGDDG   -6.1758   -9.3032   -3.1274    0.2057
 6031 ILIGGDD   -6.1993   -9.4382   -3.2389    0.2057
 6032 MLIGGDD   -5.1480   -9.7557   -4.6077    0.2057
 6033 VLIGGDD   -5.1649   -9.7780   -4.6131    0.2057
 6034 ILIGGDD   -5.7563   -8.9951   -3.2389    0.2057
 6035 ILIGAKD   -5.5909   -8.2129   -2.6220    0.2057
 6036 ILIGAKD   -5.5909   -8.2129   -2.6220    0.2057
 6037 ILIGFKD   -2.4251   -7.2925   -4.8674    0.2057
 6038 YLVGFED   -4.6411   -6.7680   -2.1269    0.2057
 6039 YLVGFED   -4.6411   -6.7680   -2.1269    0.2057
 6040 FLVGFED   -4.1127   -7.6601   -3.5474    0.2057
 6041 DLVGDFF   -2.6588   -5.7777   -3.1189    0.2057
 6042 KLVGEFF   -2.9618   -5.9049   -2.9431    0.2057
 6043 VLKGEFF   -3.5994   -6.5426   -2.9431    0.2057
 6044 GLKGEFF   -4.1636   -6.4439   -2.2803    0.2057
 6045 GLKGDFF   -4.2414   -6.2045   -1.9631    0.2057
 6046 GLKGFDF   -3.8803   -5.7320   -1.8517    0.2057
 6047 GLKGFDF   -3.8803   -5.7320   -1.8517    0.2057
 6048 GLKGFDF   -3.8803   -5.7320   -1.8517    0.2057
 6049 DLKGFGF   -1.7240   -3.5758   -1.8517    0.2057
 6050 DLKGWGF   -1.3360   -2.3266   -0.9906    0.2057
 6051 DLFGWGK   -5.2429   -6.3449   -1.1020    0.2057
 6052 KLWGFGD   -7.3887   -8.4907   -1.1020    0.2057
 6053 WLKGDGF   -4.9608   -6.0628   -1.1020    0.2057
 6054 WLKGFGE   -5.4359   -6.8551   -1.4191    0.2057
 6055 MLKGFGE   -4.3986   -8.2720   -3.8734    0.2057
 6056 ILKGMGE   -2.9485   -7.0462   -4.0977    0.2057
 6057 ILGMEEY   -2.8707   -5.4221   -2.5514    0.2057
 6058 ILGMEEY   -2.8707   -5.4221   -2.5514    0.2057
 6059 MLGIYEE   -5.2862   -7.9490   -2.6629    0.2057
 6060 MLGIYDE   -5.8897   -8.2354   -2.3457    0.2057
 6061 ILGMYDE   -5.7986   -8.1443   -2.3457    0.2057
 6062 ILGMFDE   -4.8759   -8.8021   -3.9263    0.2057
 6063 ALGMVDE   -3.5471   -9.7223   -6.1751    0.2057
 6064 GLLGIDE   -3.0060   -8.1288   -5.1229    0.2057
 6065 VLLGGDE   -0.4920   -7.2120   -6.7200    0.2057
 6066 VLMGGED   -3.0363   -9.3354   -6.2991    0.2057
 6067 MLVGYEE   -5.0968   -9.1340   -4.0371    0.2057
 6068 MLIGYDD   -6.2605   -8.2891   -2.0286    0.2057
 6069 MLIGYDK   -6.7253   -8.2610   -1.5357    0.2057
 6070 MLKGYDI   -7.3900   -8.7029   -1.3129    0.2057
 6071 MLKGYDI   -7.3900   -8.7029   -1.3129    0.2057
 6072 MLKGYDI   -7.3900   -8.7029   -1.3129    0.2057
 6073 MLKGYDI   -7.3900   -8.7029   -1.3129    0.2057
 6074 MLKGYDI   -7.3900   -8.7029   -1.3129    0.2057
 6075 MLKGYDI   -7.3900   -8.7029   -1.3129    0.2057
 6076 MLKGMDI   -7.5082   -8.9548   -1.4466    0.2057
 6077 MLKGYDI   -7.5253   -8.8382   -1.3129    0.2057
 6078 MLKGYDI   -7.5253   -8.8382   -1.3129    0.2057
 6079 MLKGYDM   -8.0995  -10.7812   -2.6817    0.2057
 6080 MLKGWDG   -7.0091   -9.7043   -2.6951    0.2057
 6081 MLKGWEY   -6.7189   -9.1835   -2.4646    0.2057
 6082 MLKGFEY   -8.4062   -9.8119   -1.4057    0.2057
 6083 MLRGFDY   -3.4231   -7.8757   -4.4526    0.2057
 6084 MLRGFDI   -3.4059   -9.6633   -6.2574    0.2057
 6085 MLRGYDI   -5.0712   -9.7480   -4.6769    0.2057
 6086 MLRGYDI   -5.0712   -9.7480   -4.6769    0.2057
 6087 MLKGYDI   -7.5717   -8.8845   -1.3129    0.2057
 6088 MLKGYDW   -5.5753   -7.7227   -2.1474    0.2057
 6089 MLKGYDW   -5.5753   -7.7227   -2.1474    0.2057
 6090 MLKGVEW   -6.5668   -9.6105   -3.0437    0.2057
 6091 MLKGVEW   -6.5668   -9.6105   -3.0437    0.2057
 6092 MLKGMEW   -6.2941   -9.4123   -3.1183    0.2057
 6093 MLKGMEM   -8.6179  -10.7905   -2.1726    0.2057
 6094 MLKGMEM   -8.6179  -10.7905   -2.1726    0.2057
 6095 MLKGMDI   -7.4116   -8.8582   -1.4466    0.2057
 6096 MLKGMEI   -8.5787  -10.3425   -1.7637    0.2057
 6097 MLKGMEI   -8.5787  -10.3425   -1.7637    0.2057
 6098 MLKGMEI   -8.5787  -10.3425   -1.7637    0.2057
 6099 MLKGMEI   -8.5787  -10.3425   -1.7637    0.2057
 6100 MLKGMEI   -8.5787  -10.3425   -1.7637    0.2057
 6101 MLKGMEV   -8.5442  -10.7222   -2.1780    0.2057
 6102 MLKGMEM   -8.5323  -10.7049   -2.1726    0.2057
 6103 MLKGYEM   -7.4039  -10.4028   -2.9989    0.2057
 6104 MLKGIEM   -6.9128   -8.6765   -1.7637    0.2057
 6105 MLKGMEI   -8.1908   -9.9545   -1.7637    0.2057
 6106 MLKGMEI   -8.1908   -9.9545   -1.7637    0.2057
 6107 MLKGEVI   -7.9881   -9.7887   -1.8006    0.2057
 6108 MLKGEVM   -9.7151  -12.0045   -2.2894    0.2057
 6109 MLKGVEM   -9.1179  -11.2959   -2.1780    0.2057
 6110 MLKGVEM   -9.1179  -11.2959   -2.1780    0.2057
 6111 MLKGVEV   -9.4767  -11.6601   -2.1834    0.2057
 6112 LLKGVDM   -7.0863   -9.6881   -2.6017    0.2057
 6113 LLKGVDI   -4.8969   -9.2497   -4.3529    0.2057
 6114 KLYGVDI   -4.7162   -6.0345   -1.3183    0.2057
 6115 KLVGYDI   -6.8584   -8.1767   -1.3183    0.2057
 6116 ILVGYDK   -4.3034   -5.8446   -1.5411    0.2057
 6117 ILVGYKD   -5.4414   -6.9826   -1.5411    0.2057
 6118 MLIGYKD   -6.6225   -8.1582   -1.5357    0.2057
 6119 MLIGYKE   -6.3195   -8.1724   -1.8529    0.2057
 6120 MLKGYIE   -9.3074  -11.0489   -1.7414    0.2057
 6121 MLKGYIE   -9.3074  -11.0489   -1.7414    0.2057
 6122 MLKGEIY   -8.2480   -9.9894   -1.7414    0.2057
 6123 MLKGEIY   -8.2480   -9.9894   -1.7414    0.2057
 6124 MLKGEIW   -6.4202  -11.4010   -4.9809    0.2057
 6125 MLKGEIW   -6.4202  -11.4010   -4.9809    0.2057
 6126 MLKGEIF   -7.1142  -10.4362   -3.3220    0.2057
 6127 MLKGEIG   -7.4196  -11.5174   -4.0977    0.2057
 6128 MLKGEIM   -9.6795  -11.5546   -1.8751    0.2057
 6129 MLKGIEM   -9.0758  -10.8395   -1.7637    0.2057
 6130 MLKGMDM   -8.7465  -10.6020   -1.8554    0.2057
 6131 DLKGMMM   -5.5834   -7.5503   -1.9669    0.2057
 6132 MLKGDMM   -8.2204  -10.1872   -1.9669    0.2057
 6133 KLMGDMM   -6.0679   -8.0347   -1.9669    0.2057
 6134 KLMGDMM   -6.0679   -8.0347   -1.9669    0.2057
 6135 KLVGDMM   -6.3207   -8.2930   -1.9723    0.2057
 6136 MLMGDMK   -6.6157   -8.5826   -1.9669    0.2057
 6137 MLMGEMK   -7.3082   -9.5922   -2.2840    0.2057
 6138 MLMGEMK   -7.3082   -9.5922   -2.2840    0.2057
 6139 MLKGEMM   -8.7284  -11.0124   -2.2840    0.2057
 6140 MLKGMEM   -8.0420  -10.2146   -2.1726    0.2057
 6141 MLKGMME   -7.4967   -9.7807   -2.2840    0.2057
 6142 MLKGMEM   -8.4631  -10.6357   -2.1726    0.2057
 6143 MLKGFDM   -8.3059   -9.4482   -1.1423    0.2057
 6144 MLKGFDM   -8.3059   -9.4482   -1.1423    0.2057
 6145 MLKGFDM   -8.3059   -9.4482   -1.1423    0.2057
 6146 MLKGFDY   -6.6959   -7.7845   -1.0886    0.2057
 6147 MLKGFDV   -8.9839  -10.0517   -1.0677    0.2057
 6148 MLKGFEV  -10.1993  -11.5842   -1.3849    0.2057
 6149 MLKGFVE   -9.0303  -10.5266   -1.4963    0.2057
 6150 MLKGFME   -7.8835   -9.4543   -1.5709    0.2057
 6151 MLKGFDV   -9.2724  -10.3401   -1.0677    0.2057
 6152 MLKGFDV   -9.2724  -10.3401   -1.0677    0.2057
 6153 MLKGVEF   -9.0589  -10.4438   -1.3849    0.2057
 6154 GLKGVEI   -6.4410  -10.4327   -3.9917    0.2057
 6155 GLKGEVI   -5.9175  -10.0206   -4.1031    0.2057
 6156 GLKGEVI   -6.6782  -10.7813   -4.1031    0.2057
 6157 GLKGEVI   -6.2024  -10.3055   -4.1031    0.1951
 6158 GLKGEVI   -6.2024  -10.3055   -4.1031    0.1951
 6159 GLKGEVM   -4.7083  -10.1803   -5.4720    0.1951
 6160 GLMGDIK   -5.1876   -8.9681   -3.7806    0.1951
 6161 GLMGDIE   -5.3422   -9.9328   -4.5906    0.1951
 6162 GLIGEMD   -7.5895  -12.1801   -4.5906    0.1951
 6163 GLIGDME   -6.8969  -11.4875   -4.5906    0.1951
 6164 GLIGDWE   -6.5627   -8.6990   -2.1363    0.1951
 6165 GLIGDWK   -6.1765   -7.5028   -1.3263    0.1951
 6166 GLWGDKI   -4.6610   -6.0988   -1.4377    0.1951
 6167 GLIGDDW   -6.7387   -8.6692   -1.9306    0.1951
 6168 GLVGEEW   -5.9131   -9.8523   -3.9391    0.1951
 6169 GLVGEEW   -5.9131   -9.8523   -3.9391    0.1951
 6170 GLVGEWE   -5.2155   -9.0432   -3.8277    0.1951
 6171 GLVGEWK   -4.5226   -7.5403   -3.0177    0.1951
 6172 GLYGEVK   -1.9865   -8.2847   -6.2983    0.1951
 6173 GLFGDVK   -4.3471   -7.9088   -3.5617    0.1951
 6174 GLVGFDK   -5.1145   -8.7876   -3.6731    0.1951
 6175 GLVGFDK   -5.1179   -8.7911   -3.6731    0.1951
 6176 GLVGFKE   -5.8900   -9.8803   -3.9903    0.1951
 6177 GLVGFKD   -5.6286   -9.3018   -3.6731    0.1951
 6178 GLVGDDF   -5.5517   -9.7177   -4.1660    0.1951
 6179 GLVGEDI   -4.8451   -9.5526   -4.7074    0.1951
 6180 GLVGEDI   -4.8451   -9.5526   -4.7074    0.1951
 6181 GLVGDEM   -3.0421   -9.1183   -6.0763    0.1951
 6182 GLVGMED   -3.7788   -9.8551   -6.0763    0.1951
 6183 GLLGEMD   -4.4613  -10.8416   -6.3803    0.1951
 6184 GLLGMEK   -4.0913  -10.0902   -5.9989    0.1951
 6185 GLLGMEK   -4.0913  -10.0902   -5.9989    0.1951
 6186 ELIGMGK   -3.7673   -7.8650   -4.0977    0.1951
 6187 WLEGMGK   -4.6778   -7.6901   -3.0123    0.1951
 6188 WLEGMGE   -2.8090   -6.6313   -3.8223    0.1951
 6189 WLEGMGE   -2.8090   -6.6313   -3.8223    0.1951
 6190 WLEGMGD   -3.2675   -6.7726   -3.5051    0.1951
 6191 KLEGMGW   -3.1432   -6.0441   -2.9009    0.1951
 6192 KLEGMGW   -3.1432   -6.0441   -2.9009    0.1951
 6193 DLEGMGW   -1.5577   -4.9514   -3.3937    0.1951
 6194 DLEGMGF   -0.3882   -4.6431   -4.2549    0.1951
 6195 MLKGEGF   -5.9653   -9.8387   -3.8734    0.1951
 6196 MLKGEGL   -5.5904  -11.4779   -5.8874    0.1951
 6197 VLLGEGE   -5.3624  -12.1767   -6.8143    0.1951
 6198 VLLGEME   -6.1407   -9.9809   -3.8403    0.1951
 6199 VLLGEME   -5.4820   -9.3223   -3.8403    0.1951
 6200 VLMGELE   -6.2879  -10.1281   -3.8403    0.1951
 6201 VLMGELE   -6.2879  -10.1281   -3.8403    0.1951
 6202 VLMGELD   -6.1495   -9.6727   -3.5231    0.1951
 6203 LLVGEMD   -5.8964   -9.4195   -3.5231    0.1951
 6204 DLVGEML   -2.3250   -5.8482   -3.5231    0.1951
 6205 MLVGEDW   -5.4349   -9.1943   -3.7594    0.1951
 6206 MLVGEDW   -6.1094   -9.8689   -3.7594    0.1951
 6207 MLMGDDW   -5.6663   -9.1832   -3.5169    0.1951
 6208 MLVGDEW   -6.3131  -10.0726   -3.7594    0.1951
 6209 MLVGEEW   -6.5210  -10.5976   -4.0766    0.1951
 6210 MLMGEEW   -5.8457   -9.9969   -4.1511    0.1951
 6211 MLMGWEE   -4.6712   -8.8224   -4.1511    0.1951
 6212 MLMGWEE   -4.6712   -8.8224   -4.1511    0.1951
 6213 MLMGWED   -5.3702   -9.2042   -3.8340    0.1951
 6214 MLDGWKM   -4.5078   -7.3089   -2.8011    0.1951
 6215 MLDGWKY   -3.6266   -5.7740   -2.1474    0.1951
 6216 MLDGWKY   -3.6266   -5.7740   -2.1474    0.1951
 6217 MLDGWKA   -4.4115   -7.0941   -2.6826    0.1951
 6218 MLDGGKW   -3.7019   -6.5085   -2.8066    0.1951
 6219 MLKGWDG   -7.7647  -10.4598   -2.6951    0.1951
 6220 MLKGGEW   -7.6778  -10.8015   -3.1237    0.1951
 6221 MLKGWEG   -7.3789  -10.3912   -3.0123    0.1951
 6222 MLKGWEG   -7.3789  -10.3912   -3.0123    0.1951
 6223 MLKGWEV   -7.8947  -10.9384   -3.0437    0.1951
 6224 MLKGWEV   -7.8947  -10.9384   -3.0437    0.1951
 6225 MLEGWEV   -3.9607   -7.8144   -3.8537    0.1951
 6226 MLEGWVD   -5.6035   -9.2515   -3.6480    0.1951
 6227 MLEGEVW   -5.2720   -9.2372   -3.9651    0.1951
 6228 MLEGEVV   -7.4868  -10.5917   -3.1049    0.1951
 6229 MLEGEVV   -7.4868  -10.5917   -3.1049    0.1951
 6230 MLEGEVV   -7.4868  -10.5917   -3.1049    0.1951
 6231 MLEGEVV   -7.4868  -10.5917   -3.1049    0.1951
 6232 MLVGEIE   -9.4822  -12.0928   -2.6106    0.1951
 6233 MLIGEVE  -10.9828  -13.5934   -2.6106    0.1951
 6234 MLIGEVE  -10.9828  -13.5934   -2.6106    0.1951
 6235 MLGIEGE   -5.6164  -10.5241   -4.9077    0.1951
 6236 MLGLEGE   -4.4756  -11.1730   -6.6974    0.1951
 6237 GLGLEIE   -2.4697   -7.6869   -5.2171    0.1951
 6238 GLGEEII   -2.0644   -5.7147   -3.6503    0.1951
 6239 GLGEEII   -2.0644   -5.7147   -3.6503    0.1951
 6240 GLGEELF   -1.6070   -6.8227   -5.2157    0.1951
 6241 LLGFEGE   -4.4231   -9.5274   -5.1043    0.1951
 6242 FLGFEGE   -4.7296   -7.8199   -3.0903    0.1951
 6243 FLGVEGE   -4.6235   -9.3123   -4.6889    0.1951
 6244 FLVADGE   -4.2982   -8.8802   -4.5820    0.1951
 6245 ILVADGE   -4.4298   -9.2361   -4.8063    0.1951
 6246 ILVAEGD   -4.4633   -9.2696   -4.8063    0.1951
 6247 LLVAEGD   -3.9295  -10.5255   -6.5960    0.1951
 6248 LLEADGV   -1.0150   -7.3881   -6.3731    0.1951
 6249 LLLEDGV   -3.3152   -9.9307   -6.6154    0.1951
 6250 ALLEDVV   -4.9429  -10.2818   -5.3389    0.1951
 6251 ALLEDAW   -2.7191   -9.5543   -6.8351    0.1951
 6252 ALIEDAW   -2.7962   -8.4016   -5.6054    0.1951
 6253 ALIEEAL   -4.5251  -10.3228   -5.7977    0.1951
 6254 ALIEEAW   -3.2652   -9.1878   -5.9226    0.1951
 6255 ALIEEAW   -3.2652   -9.1878   -5.9226    0.1951
 6256 ALIEEAW   -3.2652   -9.1878   -5.9226    0.1951
 6257 ALVEEAW   -5.3943   -9.5312   -4.1369    0.1951
 6258 ALVKWGE   -5.6723   -8.7889   -3.1166    0.1951
 6259 ALVKWGE   -5.9220   -9.0386   -3.1166    0.1951
 6260 ALVGWKE   -6.0589   -9.2869   -3.2280    0.1951
 6261 ALVGKEY    1.2439   -5.2646   -6.5086    0.1951
 6262 GLVADEY   -0.6196   -7.6211   -7.0014    0.1951
 6263 GLVDWEY   -3.1012   -5.9840   -2.8829    0.1951
 6264 GLVEWDY   -5.4953   -8.3782   -2.8829    0.1951
 6265 GLVKIDY   -6.3915   -7.7098   -1.3183    0.1951
 6266 GLIKMDY   -8.0979   -9.4108   -1.3129    0.1951
 6267 GLIKMDY   -8.0979   -9.4108   -1.3129    0.1951
 6268 GLIKYDM   -7.6929   -9.0058   -1.3129    0.1951
 6269 GLIKYDV   -7.7756   -9.0938   -1.3183    0.1951
 6270 GLVKYDF   -6.2401   -7.3341   -1.0940    0.1951
 6271 GLVKYDM   -6.4169   -9.1041   -2.6871    0.1951
 6272 GLVKYDM   -6.4169   -9.1041   -2.6871    0.1951
 6273 GLMKYDV   -4.9024   -7.5896   -2.6871    0.1951
 6274 GLMKYEF   -3.5567   -4.9624   -1.4057    0.1951
 6275 GLMKMEF   -4.0081   -5.4675   -1.4594    0.1951
 6276 GLVKMEM   -6.8832   -9.0612   -2.1780    0.1951
 6277 GLMKMVE   -6.1972   -8.4867   -2.2894    0.1951
 6278 GLMKEVF   -6.3389   -7.9466   -1.6077    0.1951
 6279 GLMKFVE   -6.5267   -8.0230   -1.4963    0.1951
 6280 GLMDFVE   -4.3006   -6.2898   -1.9891    0.1951
 6281 GLMEFVE   -4.1291   -6.4354   -2.3063    0.1951
 6282 GLMDFVK   -4.0767   -5.2558   -1.1791    0.1951
 6283 GLELFVK   -3.1098   -7.5870   -4.4771    0.1951
 6284 GLVLFEE   -2.8219   -8.3319   -5.5100    0.1951
 6285 GLVLWEE   -0.9697   -8.1385   -7.1689    0.1951
 6286 GLVLVDE   -3.0479   -6.7193   -3.6714    0.1951
 6287 GLVDMLK   -4.6734   -7.3865   -2.7131    0.1951
 6288 ALVMDIK   -4.3982   -7.6605   -3.2623    0.1951
 6289 ALVMDIK   -4.3982   -7.6605   -3.2623    0.1951
 6290 ALVADIK   -6.4485  -10.4322   -3.9837    0.1951
 6291 ALVADKI   -6.1736  -10.2687   -4.0951    0.1951
 6292 ALVADIE   -6.8168  -11.6105   -4.7937    0.1951
 6293 VLIADAD   -5.6525  -10.1290   -4.4766    0.1951
 6294 VLIADAE   -5.9613  -10.7551   -4.7937    0.1951
 6295 VLIADAE   -5.9613  -10.7551   -4.7937    0.1951
 6296 LLIADAE   -5.7957  -11.1648   -5.3691    0.1951
 6297 VLIADAD   -5.6911  -10.1677   -4.4766    0.1951
 6298 ALAVDID   -6.5955  -11.0720   -4.4766    0.1951
 6299 ALILDDA   -4.9944  -10.1578   -5.1634    0.1951
 6300 ALIFEDA   -5.8097   -9.7563   -3.9466    0.1951
 6301 ALIVEDA   -8.2108  -13.1159   -4.9051    0.1951
 6302 ALIVEDA   -8.2108  -13.1159   -4.9051    0.1951
 6303 ALLVDDA   -6.2193  -12.5970   -6.3777    0.1951
 6304 GLLVDAD   -6.3113  -12.4787   -6.1674    0.1951
 6305 GLLVADK   -6.5554  -12.4529   -5.8974    0.1951
 6306 GLLVFDE   -7.2472  -12.4400   -5.1929    0.1951
 6307 GLLVWDK   -5.9232  -11.9650   -6.0417    0.1951
 6308 GLLVMDD   -9.2028  -12.6316   -3.4289    0.1951
 6309 GLLVYDD   -8.6276  -12.5628   -3.9351    0.1951
 6310 GLLVYDD   -8.6276  -12.5628   -3.9351    0.1951
 6311 GLLVYDD   -8.6276  -12.5628   -3.9351    0.1951
 6312 GLLVYED   -8.7000  -12.9523   -4.2523    0.1951
 6313 GLLVYDD   -8.6241  -12.5593   -3.9351    0.1951
 6314 GLLVYED   -8.6435  -12.8958   -4.2523    0.1951
 6315 GLLVYEK   -7.2482  -11.0076   -3.7594    0.1951
 6316 GLLVYEK   -7.2482  -11.0076   -3.7594    0.1951
 6317 ELLVYGK   -7.2055  -10.8535   -3.6480    0.1951
 6318 ELIVYGK   -7.7385   -9.5968   -1.8583    0.1951
 6319 KLIVYGE   -8.3189  -10.1772   -1.8583    0.1951
 6320 KLIVYGD   -8.2232   -9.7643   -1.5411    0.1951
 6321 KLIVYGD   -8.2232   -9.7643   -1.5411    0.1951
 6322 KLIVYGD   -8.2232   -9.7643   -1.5411    0.1951
 6323 KLLVYGD   -7.5583  -10.8891   -3.3309    0.1951
 6324 KLLVDGY   -7.4300  -10.6494   -3.2194    0.1951
 6325 KLLVYGD   -8.1096  -11.4404   -3.3309    0.1951
 6326 KLLVYGD   -8.1096  -11.4404   -3.3309    0.1951
 6327 KLLVYGD   -8.1096  -11.4404   -3.3309    0.1951
 6328 KLVVYGD   -7.7892  -10.7046   -2.9154    0.1951
 6329 DLVVYGK   -5.5012   -8.4166   -2.9154    0.1951
 6330 GLVVYDK   -6.9048   -9.9316   -3.0269    0.1951
 6331 GLVVYEK   -6.3424   -9.6864   -3.3440    0.1951
 6332 ELVVFGK   -9.3012  -10.8343   -1.5331    0.1951
 6333 ELVVFGK   -9.3012  -10.8343   -1.5331    0.1951
 6334 ELVVFGK   -9.3012  -10.8343   -1.5331    0.1951
 6335 ELVVFGK   -9.3012  -10.8343   -1.5331    0.1951
 6336 ELVVFGK   -9.3012  -10.8343   -1.5331    0.1951
 6337 ELIVFGK   -7.0200  -10.3788   -3.3589    0.1951
 6338 ELIVFGK   -7.0200  -10.3788   -3.3589    0.1951
 6339 ELIVFGK   -7.2337  -10.5926   -3.3589    0.1951
 6340 ELIVFGK   -7.2337  -10.5926   -3.3589    0.1951
 6341 ELIKFGV   -5.1796   -8.3156   -3.1360    0.1951
 6342 ELDIFGV   -2.3622   -5.9911   -3.6289    0.1951
 6343 GLDAEFI    4.0206    1.0357   -2.9849    0.1951
 6344 ALDGMDI   -0.3912   -4.6520   -4.2609    0.1951
 6345 ALFGDDM   -4.5003   -8.7597   -4.2594    0.1951
 6346 ALLGDEM   -3.7535  -10.3441   -6.5906    0.1951
 6347 ALMGMED   -4.1656  -10.3353   -6.1697    0.1951
 6348 ALMGYED   -2.9270   -9.9230   -6.9960    0.1951
 6349 ALMGDEY   -2.8240   -9.8200   -6.9960    0.1951
 6350 ALMGDDL   -3.4928   -9.7662   -6.2734    0.1951
 6351 GLWGDDI   -4.6566   -6.5872   -1.9306    0.1951
 6352 GLDGIRW    0.2491   -4.3297   -4.5789    0.1951
 6353 GLDGIRF    1.1271   -4.3129   -5.4400    0.1951
 6354 GLGDIEF    0.2985   -2.5875   -2.8860    0.1951
 6355 GLVEFEM   -4.9925   -7.1874   -2.1949    0.1951
 6356 GLVMFEE   -4.2648   -6.7939   -2.5291    0.1951
 6357 GLGVWEE   -4.4738   -8.4130   -3.9391    0.1951
 6358 GLGVWEE   -6.2053  -10.1445   -3.9391    0.1552
 6359 GLGVWEE   -6.2053  -10.1445   -3.9391    0.1552
 6360 GLEVWGE   -6.3769  -10.2046   -3.8277    0.1552
 6361 GLGLWEE   -5.5673   -9.9219   -4.3546    0.1552
 6362 GLGLWEE   -5.5673   -9.9219   -4.3546    0.1552
 6363 GLGLWDK   -5.6522   -8.8797   -3.2274    0.1552
 6364 GLGLWDD   -5.8960   -9.6163   -3.7203    0.1552
 6365 GLGLWDE   -5.6622   -9.6996   -4.0374    0.1552
 6366 GLALWDE   -4.9079  -10.0756   -5.1677    0.1552
 6367 GLALWDK   -4.8977   -9.2555   -4.3577    0.1552
 6368 GLALWED   -3.3044   -8.4721   -5.1677    0.1552
 6369 GLALWEK   -3.0893   -7.7641   -4.6749    0.1552
 6370 GLLAWDK   -5.0718   -9.4296   -4.3577    0.1552
 6371 GLLAWEK   -4.8005   -9.4754   -4.6749    0.1552
 6372 GLWAWDK   -3.5863   -8.0689   -4.4826    0.1552
 6373 GLVAWDD   -7.7427  -11.2579   -3.5151    0.1552
 6374 MLVDDAG   -3.2992   -9.1572   -5.8580    0.1552
 6375 MLVAEVD   -8.6438  -11.5304   -2.8866    0.1552
 6376 MLVDDVA   -6.1749   -8.8558   -2.6809    0.1552
 6377 VLVAVDD   -5.9861   -8.7838   -2.7977    0.1552
 6378 ALVVVDD   -8.3365  -11.1342   -2.7977    0.1552
 6379 GLVVVDD   -8.7664  -11.4653   -2.6989    0.1552
 6380 GLVVVDD   -8.7664  -11.4653   -2.6989    0.1552
 6381 GLVVVED   -8.7797  -11.7957   -3.0160    0.1552
 6382 GLVEVVD   -7.0955   -9.8886   -2.7931    0.1552
 6383 GLVEVDI   -7.2216   -9.3291   -2.1074    0.1552
 6384 GLVDVDI   -7.4730   -9.2632   -1.7903    0.1552
 6385 GLVDVKI   -7.7878   -9.0852   -1.2974    0.1552
 6386 GLVDVIK   -6.3942   -7.8031   -1.4089    0.1552
 6387 GLVDVLK   -5.9064   -8.5450   -2.6386    0.1552
 6388 GLVDVKL   -6.5574   -9.0846   -2.5271    0.1552
 6389 GLVDMDL   -6.2159   -9.3105   -3.0946    0.1552
 6390 GLLMVDD   -6.9599  -10.3888   -3.4289    0.1552
 6391 GLLDVDV   -6.4107   -9.4307   -3.0200    0.1552
 6392 GLLDVDM   -6.1537   -9.2483   -3.0946    0.1552
 6393 GLLVMDK   -7.3629  -10.2989   -2.9360    0.1552
 6394 GLLMMDD   -6.3418   -9.8452   -3.5034    0.1552
 6395 GLLMMDD   -6.3418   -9.8452   -3.5034    0.1552
 6396 GLLMMDD   -6.3418   -9.8452   -3.5034    0.1552
 6397 GLLMAED   -3.4586  -10.1606   -6.7020    0.1552
 6398 GLLDMEM   -5.1750   -8.6613   -3.4863    0.1552
 6399 GLLDMEY   -4.1792   -8.0917   -3.9126    0.1552
 6400 KLMFDGY   -6.3818   -7.5818   -1.2000    0.1552
 6401 MLKFDGY   -6.0413   -7.1299   -1.0886    0.1552
 6402 MLKDYGF   -5.2038   -6.4038   -1.2000    0.1552
 6403 MLKEYGF   -5.5294   -7.0465   -1.5171    0.1552
 6404 MLKEYGF   -5.5294   -7.0465   -1.5171    0.1552
 6405 MLKDYGF   -5.4645   -6.6645   -1.2000    0.1552
 6406 ALKDFGM   -2.9081   -6.5633   -3.6551    0.1552
 6407 GLKDWGM   -4.0111   -6.7062   -2.6951    0.1552
 6408 GLKDWGM   -4.0111   -6.7062   -2.6951    0.1552
 6409 GLKDWGM   -4.2721   -6.9672   -2.6951    0.1552
 6410 GLKDWGM   -4.2721   -6.9672   -2.6951    0.1552
 6411 GLEDWGL   -1.2363   -5.1623   -3.9260    0.1552
 6412 GLEGWDI   -4.4048   -6.4296   -2.0249    0.1552
 6413 GLIGWDE   -7.8883  -10.1360   -2.2477    0.1552
 6414 GLIGWDE   -7.8883  -10.1360   -2.2477    0.1552
 6415 GLIGWDK   -7.8926   -9.3303   -1.4377    0.1552
 6416 GLIGWDK   -7.8926   -9.3303   -1.4377    0.1552
 6417 GLIGWDE   -7.4353   -9.6830   -2.2477    0.1552
 6418 GLIGEEW   -6.7311   -9.2959   -2.5649    0.1552
 6419 GLIGEEW   -6.7311   -9.2959   -2.5649    0.1552
 6420 ELIGEGW   -6.4493   -8.9027   -2.4534    0.1552
 6421 WLIGEGE   -7.0491   -9.6140   -2.5649    0.1552
 6422 WLIGEGD   -6.9670   -9.2147   -2.2477    0.1552
 6423 WLIGEGD   -6.9670   -9.2147   -2.2477    0.1552
 6424 WLIGEGD   -6.9670   -9.2147   -2.2477    0.1552
 6425 VLIGEGD   -5.5090  -10.2164   -4.7074    0.1552
 6426 ILWGEGD   -5.9047   -8.1524   -2.2477    0.1552
 6427 ILWGDGE   -5.8083   -8.0560   -2.2477    0.1552
 6428 ELWGDGI   -3.8345   -5.9707   -2.1363    0.1552
 6429 ELGWDGI   -4.0441   -6.0690   -2.0249    0.1552
 6430 ELGWDGI   -4.0441   -6.0690   -2.0249    0.1552
 6431 KLGWDGV   -3.7454   -6.3345   -2.5891    0.1552
 6432 KLEFGGW   -1.9811   -3.4002   -1.4191    0.1552
 6433 KLGFEGW   -3.5256   -4.8333   -1.3077    0.1552
 6434 KLGFEGW   -3.5256   -4.8333   -1.3077    0.1552
 6435 DLGGFEW    1.9962    0.0842   -1.9120    0.1552
 6436 WLGFEGD   -5.3542   -7.2662   -1.9120    0.1552
 6437 WLGFEGD   -5.3542   -7.2662   -1.9120    0.1552
 6438 WLFGEGD   -5.9537   -7.9771   -2.0234    0.1552
 6439 WLFGEGD   -5.9537   -7.9771   -2.0234    0.1552
 6440 WLFGEGE   -5.8917   -8.2323   -2.3406    0.1552
 6441 FLEGEGW   -3.6938   -5.9229   -2.2291    0.1552
 6442 VLRGWGE   -3.2156   -9.5974   -6.3817    0.1552
 6443 VLRGEGW   -4.9999  -11.3816   -6.3817    0.1552
 6444 VLRGEGW   -4.9999  -11.3816   -6.3817    0.1552
 6445 VLKGEGW   -7.6879  -10.7056   -3.0177    0.1552
 6446 VLKGEGW   -7.6879  -10.7056   -3.0177    0.1552
 6447 VLKGWGD   -6.2838   -8.9843   -2.7006    0.1552
 6448 KLMGWGD   -6.8617   -9.5569   -2.6951    0.1552
 6449 KLMGWGD   -6.8617   -9.5569   -2.6951    0.1552
 6450 KLMGWGD   -6.8617   -9.5569   -2.6951    0.1552
 6451 KLVGWGD   -7.3363  -10.0368   -2.7006    0.1552
 6452 KLVGWGD   -7.3363  -10.0368   -2.7006    0.1552
 6453 KLVGWGD   -6.7121   -9.4126   -2.7006    0.1552
 6454 KLVGWGD   -6.7121   -9.4126   -2.7006    0.1552
 6455 KLVGWGD   -6.7121   -9.4126   -2.7006    0.1552
 6456 KLVGWGD   -6.7121   -9.4126   -2.7006    0.1552
 6457 KLVGFGD   -6.4444  -10.0061   -3.5617    0.1552
 6458 KLFGFGD   -6.2909   -8.2541   -1.9631    0.1552
 6459 KLFGFGD   -6.2909   -8.2541   -1.9631    0.1552
 6460 FLKGFGD   -5.3146   -7.2777   -1.9631    0.1552
 6461 FLKGDGF   -4.9349   -6.8981   -1.9631    0.1552
 6462 FLKGDGF   -4.9349   -6.8981   -1.9631    0.1552
 6463 FLKGDGF   -4.9349   -6.8981   -1.9631    0.1552
 6464 FLKGEGV   -6.0791   -9.9580   -3.8789    0.1552
 6465 FLKGVGD   -4.9249   -8.4866   -3.5617    0.1552
 6466 MLKGVGD   -5.0217  -10.1766   -5.1549    0.1552
 6467 MLKGVGD   -5.0217  -10.1766   -5.1549    0.1552
 6468 MLKGVGD   -5.0217  -10.1766   -5.1549    0.1552
 6469 MLKGVGD   -5.5917  -10.7466   -5.1549    0.1552
 6470 MLKGFGD   -6.5911  -10.1474   -3.5563    0.1552
 6471 MLKGWGD   -7.6852  -10.3803   -2.6951    0.1552
 6472 FLDGWGD   -5.2075   -6.8024   -1.5949    0.1552
 6473 FLEGWGD   -6.3958   -8.3078   -1.9120    0.1552
 6474 FLGDWGD   -5.4032   -6.9980   -1.5949    0.1552
 6475 FLGDWGD   -5.4032   -6.9980   -1.5949    0.1552
 6476 FLGDWGD   -5.4032   -6.9980   -1.5949    0.1552
 6477 FLGKWGE   -6.2475   -7.6667   -1.4191    0.1552
 6478 FLGKWGE   -6.2475   -7.6667   -1.4191    0.1552
 6479 FLGKWGE   -6.2475   -7.6667   -1.4191    0.1552
 6480 FLGKWGD   -6.7244   -7.8264   -1.1020    0.1552
 6481 FLGEWGK   -4.2611   -5.6803   -1.4191    0.1552
 6482 FLGEWGD   -5.7412   -7.6532   -1.9120    0.1552
 6483 FLGDWGD   -5.3888   -6.9837   -1.5949    0.1552
 6484 FLGWDGD   -6.3249   -7.9197   -1.5949    0.1552
 6485 FLGDWGD   -5.8776   -7.4724   -1.5949    0.1552
 6486 FLGEWGD   -6.2701   -8.1821   -1.9120    0.1552
 6487 FLEGWGD   -6.7237   -8.6357   -1.9120    0.1552
 6488 KLFGWGD   -8.9185  -10.0205   -1.1020    0.1552
 6489 KLWGFGD   -8.9956  -10.0976   -1.1020    0.1552
 6490 KLWGFGD   -8.9956  -10.0976   -1.1020    0.1552
 6491 KLWGFGD   -8.9956  -10.0976   -1.1020    0.1552
 6492 KLWGFGD   -8.9956  -10.0976   -1.1020    0.1552
 6493 KLIGFGD   -8.6749  -10.8623   -2.1874    0.1552
 6494 KLVGFGD   -7.3307  -10.8924   -3.5617    0.1552
 6495 KLFGFGD   -7.0953   -9.0585   -1.9631    0.1552
 6496 KLFGIGD   -3.6508   -5.8382   -2.1874    0.1552
 6497 KLFGIGD   -3.6508   -5.8382   -2.1874    0.1552
 6498 KLIGWGD  -10.1388  -11.4651   -1.3263    0.1552
 6499 KLIGWGD  -10.1388  -11.4651   -1.3263    0.1552
 6500 KLIGWGD  -10.1388  -11.4651   -1.3263    0.1552
 6501 KLIGWGD  -10.1388  -11.4651   -1.3263    0.1552
 6502 KLIGWGD  -10.2870  -11.6132   -1.3263    0.1552
 6503 KLIGWGD  -10.2870  -11.6132   -1.3263    0.1552
 6504 KLIGWGE   -8.8314  -10.4748   -1.6434    0.1552
 6505 KLIGWGE   -8.8314  -10.4748   -1.6434    0.1552
 6506 KLIGWGD  -10.2468  -11.5731   -1.3263    0.1552
 6507 KLIGWGE   -8.8404  -10.4838   -1.6434    0.1552
 6508 KLIGWGD  -10.2093  -11.5355   -1.3263    0.1552
 6509 KLIGWGD  -10.2093  -11.5355   -1.3263    0.1552
 6510 KLIGWGD  -10.2093  -11.5355   -1.3263    0.1552
 6511 KLIGWGD  -10.2093  -11.5355   -1.3263    0.1552
 6512 KLVGWGD   -8.6717  -11.3723   -2.7006    0.1552
 6513 KLVGWGD   -8.6717  -11.3723   -2.7006    0.1552
 6514 KLVGWGD   -8.6717  -11.3723   -2.7006    0.1552
 6515 KLMGDGW   -5.4354   -8.1306   -2.6951    0.1552
 6516 KLMGDGL   -2.4127   -7.9830   -5.5703    0.1552
 6517 KLGMELG   -2.3395   -8.1155   -5.7760    0.1552
 6518 KLGMEAL   -2.8817   -8.7565   -5.8749    0.1552
 6519 ALGLEMK   -1.2428   -7.1177   -5.8749    0.1552
 6520 LLGLEAK   -1.5304   -7.8262   -6.2957    0.1552
 6521 ALMGELK   -3.5599   -9.5462   -5.9863    0.1552
 6522 YLDGMLK   -0.7179   -3.9319   -3.2140    0.1552
 6523 KLMGELA   -4.3722  -10.3585   -5.9863    0.1552
 6524 KLMGEVA   -5.6362  -11.2070   -5.5709    0.1552
 6525 KLMGDVM   -6.4571   -8.4294   -1.9723    0.1552
 6526 KLFGDVV   -8.6190   -9.7236   -1.1046    0.1552
 6527 KLFGDVV   -8.6190   -9.7236   -1.1046    0.1552
 6528 FLKGDVV   -6.5818   -7.6864   -1.1046    0.1552
 6529 FLKGDVV   -6.5818   -7.6864   -1.1046    0.1552
 6530 FLKGVDV   -6.5083   -7.5014   -0.9931    0.1552
 6531 FLKGVEV   -7.1909   -8.5011   -1.3103    0.1552
 6532 KLWGVEV   -5.6335   -8.6027   -2.9691    0.1552
 6533 KLWGVEV   -5.6335   -8.6027   -2.9691    0.1552
 6534 KLVGVEV   -6.9286   -9.1175   -2.1889    0.1552
 6535 KLGVEVV   -6.7109   -8.8998   -2.1889    0.1552
 6536 KLVFEGV   -5.1556   -6.5774   -1.4217    0.1552
 6537 KLVVEGF   -6.2160   -7.6377   -1.4217    0.1552
 6538 VLVKFGE   -7.2597   -8.6814   -1.4217    0.1552
 6539 VLVGEKF   -7.2457   -8.7788   -1.5331    0.1552
 6540 DLKGVVF   -5.6367   -6.7412   -1.1046    0.1552
 6541 GLVGDFK   -4.2086   -7.7703   -3.5617    0.1552
 6542 KLVGDGF   -4.6170   -8.1787   -3.5617    0.1552
 6543 FLVGDGD   -6.0580  -10.2240   -4.1660    0.1552
 6544 FLVGDGD   -6.0580  -10.2240   -4.1660    0.1552
 6545 WLVGDGD   -6.3488   -9.6536   -3.3049    0.1552
 6546 WLVGDGD   -6.3488   -9.6536   -3.3049    0.1552
 6547 WLVGDGD   -6.3488   -9.6536   -3.3049    0.1552
 6548 YLVGDGD   -3.6194  -10.2048   -6.5854    0.1552
 6549 GLVGDDV   -2.9300   -8.6946   -5.7646    0.1552
 6550 GLVGDDM   -3.3320   -9.0912   -5.7591    0.1552
 6551 GLLGDDL   -2.8283   -9.4237   -6.5954    0.1552
 6552 GLGIDLD   -4.6308   -9.2137   -4.5829    0.1552
 6553 GLGIELD   -5.4037  -10.3037   -4.9000    0.1552
 6554 LLGIEGD   -5.1041  -10.1155   -5.0114    0.1552
 6555 LLMIEGD   -4.5996  -10.0599   -5.4603    0.1552
 6556 LLEIMGK   -4.1970   -9.0530   -4.8560    0.1552
 6557 ILELMGK   -3.6377   -8.4937   -4.8560    0.1552
 6558 ALDKMGL   -2.1594   -7.8285   -5.6691    0.1552
 6559 ALDKMGL   -2.1594   -7.8285   -5.6691    0.1552
 6560 ALDKMGL   -0.8345   -6.5037   -5.6691    0.1568
 6561 GLEKMGF   -2.4137   -6.2871   -3.8734    0.1568
 6562 GLEKFGV   -3.8393   -7.7181   -3.8789    0.1568
 6563 GLEKVGF   -4.9931   -8.8719   -3.8789    0.1568
 6564 ALEKVGF   -4.8159   -8.7936   -3.9777    0.1568
 6565 ALEKVAF   -4.7651   -8.9531   -4.1880    0.1568
 6566 ALKVEVF   -5.3504   -8.4395   -3.0891    0.1568
 6567 ALKVDVF   -5.0261   -7.7981   -2.7720    0.1568
 6568 ALDMKVM   -3.6522   -5.6119   -1.9597    0.1568
 6569 ALDIVMK   -3.3462   -6.6085   -3.2623    0.1568
 6570 DLMIDAV   -1.1953   -4.9505   -3.7551    0.1568
 6571 DLMVEAI   -3.3387   -7.4110   -4.0723    0.1568
 6572 ELMVAKI   -2.7964   -6.3759   -3.5794    0.1568
 6573 ALEVMKI   -2.3416   -5.8096   -3.4680    0.1568
 6574 ALEVMKI   -2.3416   -5.8096   -3.4680    0.1568
 6575 KLIVMAE   -4.8713   -8.5622   -3.6909    0.1568
 6576 KLMVMAE   -6.2905   -8.7902   -2.4997    0.1568
 6577 KLMVMAE   -6.2905   -8.7902   -2.4997    0.1568
 6578 KLAWMGE   -4.3491   -7.5716   -3.2226    0.1568
 6579 KLAWMGE   -4.3491   -7.5716   -3.2226    0.1568
 6580 KLWAMGE   -4.2545   -7.4771   -3.2226    0.1568
 6581 KLIAMGE   -4.8529   -9.1609   -4.3080    0.1568
 6582 KLIAEGM   -4.1357   -8.3323   -4.1966    0.1568
 6583 KLIIEGM   -3.8167   -7.4430   -3.6263    0.1568
 6584 ELIIEGM   -2.5134   -6.9497   -4.4363    0.1568
 6585 KLIVEGG   -7.1914  -11.5174   -4.3260    0.1568
 6586 KLIVEGI   -7.6484  -11.2001   -3.5517    0.1568
 6587 KLVLEGI   -5.8410  -10.6224   -4.7814    0.1568
 6588 KLVLEGV   -8.3107  -11.2665   -2.9557    0.1568
 6589 KLVLEGV   -8.3107  -11.2665   -2.9557    0.1568
 6590 KLVLEGV   -8.3107  -11.2665   -2.9557    0.1568
 6591 KLVVEGL   -8.0392  -10.9949   -2.9557    0.1568
 6592 KLVVEGM   -9.9977  -12.2925   -2.2949    0.1568
 6593 KLVVMGE   -9.7546  -12.1609   -2.4063    0.1568
 6594 KLVVMGE   -9.7546  -12.1609   -2.4063    0.1568
 6595 FLKVMGE   -6.8359   -8.3322   -1.4963    0.1568
 6596 ELKVMGF   -6.1261   -7.5110   -1.3849    0.1568
 6597 KLDVMGF   -5.6127   -6.6804   -1.0677    0.1568
 6598 KLDVMGF   -5.6127   -6.6804   -1.0677    0.1568
 6599 KLDVMGF   -5.4956   -6.5634   -1.0677    0.1568
 6600 VLEKMGF   -4.8531   -6.3494   -1.4963    0.1568
 6601 VLEFMGK   -4.6319   -6.1281   -1.4963    0.1568
 6602 VLDFMGD   -4.7709   -6.4429   -1.6720    0.1568
 6603 VLDFMGK   -5.0184   -6.1976   -1.1791    0.1568
 6604 VLEFMGK   -6.1231   -7.6194   -1.4963    0.1568
 6605 GLEFMVK   -6.2586   -7.7549   -1.4963    0.1568
 6606 GLEFMVK   -6.2586   -7.7549   -1.4963    0.1568
 6607 GLMFEVD   -6.2181   -8.2073   -1.9891    0.1568
 6608 GLMFEVD   -6.2181   -8.2073   -1.9891    0.1568
 6609 MLGMEVD   -7.2338   -9.9047   -2.6709    0.1568
 6610 MLGMDVD   -6.2168   -8.5706   -2.3537    0.1568
 6611 MLGMDID   -4.6989   -6.6383   -1.9394    0.1568
 6612 MLGMDID   -4.6989   -6.6383   -1.9394    0.1568
 6613 ALGMDIK   -2.5932   -6.3613   -3.7680    0.1568
 6614 ALGMEIE   -3.2291   -8.1242   -4.8951    0.1568
 6615 ALGMEID   -3.3189   -7.8969   -4.5780    0.1568
 6616 ILGWEAD   -6.5635  -10.1672   -3.6037    0.1568
 6617 ILGWDAE   -5.8758   -9.4795   -3.6037    0.1568
 6618 ILGWDGE   -6.9678   -9.1040   -2.1363    0.1568
 6619 ILGWEGD   -7.4189   -9.5552   -2.1363    0.1568
 6620 ILGWEGD   -7.4189   -9.5552   -2.1363    0.1568
 6621 ILGWEGD   -7.4189   -9.5552   -2.1363    0.1568
 6622 ILGWEGD   -7.4189   -9.5552   -2.1363    0.1568
 6623 WLGIEGD   -6.5447   -8.6810   -2.1363    0.1568
 6624 WLGIEGD   -6.5447   -8.6810   -2.1363    0.1568
 6625 WLGIEGD   -6.5447   -8.6810   -2.1363    0.1568
 6626 WLGIDGE   -6.0758   -8.2121   -2.1363    0.1568
 6627 WLGIDGD   -6.2479   -8.0671   -1.8191    0.1568
 6628 WLGIDGD   -6.2479   -8.0671   -1.8191    0.1568
 6629 WLGIEGD   -6.8204   -8.9566   -2.1363    0.1568
 6630 FLGVEGD   -3.4503   -7.8220   -4.3717    0.1568
 6631 WLGLEGD   -5.6219   -9.5479   -3.9260    0.1568
 6632 WLIGEGE   -6.5612   -9.1261   -2.5649    0.1568
 6633 WLIGEGE   -6.5612   -9.1261   -2.5649    0.1568
 6634 VLIGEGE   -3.5425   -8.5670   -5.0246    0.1568
 6635 ILGWEGE   -6.1795   -8.6329   -2.4534    0.1568
 6636 ILWGEGE   -6.4134   -8.9782   -2.5649    0.1568
 6637 ILWGEGD   -7.2287   -9.4764   -2.2477    0.1568
 6638 MLGWEGD   -4.8073   -8.3124   -3.5051    0.1568
 6639 ILGWEGD   -6.9754   -9.1117   -2.1363    0.1568
 6640 ILGWDGE   -6.0113   -8.1475   -2.1363    0.1568
 6641 LLGWDGE   -4.6114   -8.5374   -3.9260    0.1568
 6642 LLDGDGW   -1.2004   -4.8092   -3.6089    0.1568
 6643 LLWGKGD   -3.9977   -7.2251   -3.2274    0.1568
 6644 MLWGKGE   -3.1586   -6.2823   -3.1237    0.1568
 6645 WLWGEGD   -5.5636   -8.9659   -3.4023    0.1568
 6646 WLWGEGD   -5.5636   -8.9659   -3.4023    0.1568
 6647 WLWGEGD   -5.5636   -8.9659   -3.4023    0.1568
 6648 VLWGEGD   -5.7436   -9.3656   -3.6220    0.1568
 6649 LLWGEGD   -5.0742   -9.1117   -4.0374    0.1568
 6650 WLIGEGD   -8.7190  -10.9667   -2.2477    0.1568
 6651 WLIGEGD   -8.7190  -10.9667   -2.2477    0.1568
 6652 WLIGEGK   -5.7424   -7.4972   -1.7549    0.1568
 6653 WLFGEGK   -5.7103   -7.2409   -1.5306    0.1568
 6654 WLFGEGK   -5.7103   -7.2409   -1.5306    0.1568
 6655 WLFGEGD   -8.2511  -10.2746   -2.0234    0.1568
 6656 WLFGEGD   -8.2511  -10.2746   -2.0234    0.1568
 6657 WLFGEGD   -8.2511  -10.2746   -2.0234    0.1568
 6658 WLGFDGD   -4.7904   -6.3852   -1.5949    0.1568
 6659 WLGFDGD   -4.7904   -6.3852   -1.5949    0.1568
 6660 WLGVDGD   -4.9689   -8.1623   -3.1934    0.1568
 6661 WLIVDGD   -3.8214   -9.0149   -5.1934    0.1568
 6662 ILIVDGE   -5.5814   -9.7374   -4.1560    0.1568
 6663 VLIMEGD   -6.2750   -8.6799   -2.4049    0.1568
 6664 MLVVEGK   -9.3002  -11.7064   -2.4063    0.1568
 6665 ILKVEGM   -7.8288   -9.5180   -1.6891    0.1568
 6666 MLKVEGM   -6.7872   -8.9652   -2.1780    0.1568
 6667 MLKVEGV   -6.8550   -9.0384   -2.1834    0.1568
 6668 VLMVEGD   -8.5409  -11.4400   -2.8991    0.1568
 6669 VLMVEGD   -8.5409  -11.4400   -2.8991    0.1568
 6670 MLVVEGD  -10.5810  -13.4802   -2.8991    0.1568
 6671 MLIVDGD   -9.8132  -11.9009   -2.0877    0.1568
 6672 MLIVDGD   -9.8132  -11.9009   -2.0877    0.1568
 6673 MLVVDGD   -9.5493  -12.1313   -2.5820    0.1568
 6674 MLVVEGD  -10.7515  -13.6507   -2.8991    0.1568
 6675 MLVVEGD  -10.7515  -13.6507   -2.8991    0.1568
 6676 MLVVEGD  -10.7515  -13.6507   -2.8991    0.1568
 6677 MLVVDGD   -9.5824  -12.1644   -2.5820    0.1568
 6678 ILVVEGD  -10.2482  -12.5785   -2.3303    0.1568
 6679 ILVVEGD  -10.2482  -12.5785   -2.3303    0.1568
 6680 VLIVEGE  -10.3349  -12.9823   -2.6474    0.1568
 6681 VLIVEGE  -10.3349  -12.9823   -2.6474    0.1568
 6682 RLLVVGE   -2.6490   -9.0802   -6.4311    0.1568
 6683 RLLVVGE   -2.6490   -9.0802   -6.4311    0.1568
 6684 DLLVVGR   -4.2746  -10.3886   -6.1140    0.1568
 6685 DLLVVGD   -6.7249   -9.9677   -3.2429    0.1568
 6686 DLLVVGE   -6.6016  -10.1616   -3.5600    0.1568
 6687 DLLVEGV   -6.5160   -9.9645   -3.4486    0.1568
 6688 DLVEMGV   -4.3056   -6.9819   -2.6763    0.1568
 6689 MLIEVGD   -7.7463  -10.0397   -2.2934    0.1568
 6690 MLIEVGE   -6.5235   -9.1341   -2.6106    0.1568
 6691 ILMDVGE   -4.0282   -6.3216   -2.2934    0.1568
 6692 ELIKVGM   -5.6722   -7.3613   -1.6891    0.1568
 6693 ELIMVGK   -6.5874   -8.4994   -1.9120    0.1568
 6694 ELIMVGK   -6.5874   -8.4994   -1.9120    0.1568
 6695 VLIMEGE   -7.9564  -10.6784   -2.7220    0.1568
 6696 VLIMEGE   -7.9564  -10.6784   -2.7220    0.1568
 6697 VLIMEGD   -8.8152  -11.2201   -2.4049    0.1568
 6698 VLIMEGD   -8.8152  -11.2201   -2.4049    0.1568
 6699 ILMVEGD   -9.2945  -11.6994   -2.4049    0.1568
 6700 ILMVEGD   -9.2945  -11.6994   -2.4049    0.1568
 6701 ILMVEGD   -9.2945  -11.6994   -2.4049    0.1568
 6702 ILMVDGE   -8.1631  -10.5680   -2.4049    0.1568
 6703 GLVIDGE   -5.4861  -10.1935   -4.7074    0.1568
 6704 ALVIDAD   -6.2750  -10.7516   -4.4766    0.1568
 6705 ILVADAE   -5.4216  -10.2153   -4.7937    0.1568
 6706 ALVADID   -4.6883   -9.1648   -4.4766    0.1568
 6707 ALLGEID   -4.0553   -9.1656   -5.1103    0.1568
 6708 ALLAEID   -4.7713  -10.1404   -5.3691    0.1568
 6709 ALFAEMD   -3.6802   -8.2442   -4.5640    0.1568
 6710 MLFAEDA   -5.3354  -10.0108   -4.6754    0.1568
 6711 MLFAADE   -3.6194   -8.4063   -4.7869    0.1568
 6712 MLIAAKE   -2.8159   -7.3342   -4.5183    0.1568
 6713 MLIAAED   -4.9812   -9.9923   -5.0111    0.1568
 6714 MLIAVED   -5.6763   -9.9715   -4.2951    0.1568
 6715 MLVAVDD   -8.5190  -11.3113   -2.7923    0.1568
 6716 MLVAMKD   -8.4399  -10.7339   -2.2940    0.1568
 6717 MLVADDV   -7.3341  -10.0149   -2.6809    0.1568
 6718 KLVAMDV   -8.5953  -10.6719   -2.0766    0.1568
 6719 MLVAVDK   -7.7366  -10.0360   -2.2994    0.1568
 6720 MLIAKDV   -5.8310   -9.2047   -3.3737    0.1568
 6721 MLIAEVD   -8.1610  -12.2332   -4.0723    0.1568
 6722 MLIAEVE   -8.2948  -12.6843   -4.3894    0.1568
 6723 MLVAEEI   -8.0560  -12.5568   -4.5009    0.1568
 6724 MLVIEEA   -5.6816  -10.1824   -4.5009    0.1568
 6725 MLAIEEV   -5.7392  -10.2401   -4.5009    0.1568
 6726 MLVAEEI   -7.5230  -12.0238   -4.5009    0.1568
 6727 MLVAEEI   -7.5230  -12.0238   -4.5009    0.1568
 6728 MLVAEEI   -7.4801  -11.9810   -4.5009    0.1568
 6729 MLVAEEI   -7.4801  -11.9810   -4.5009    0.1568
 6730 MLVAEEI   -7.4801  -11.9810   -4.5009    0.1568
 6731 MLVAEEI   -7.4801  -11.9810   -4.5009    0.1568
 6732 MLVAEVE   -9.8399  -13.0436   -3.2037    0.1568
 6733 MLVVEEA  -10.8841  -14.1992   -3.3151    0.1568
 6734 MLVVEEA  -10.8841  -14.1992   -3.3151    0.1568
 6735 MLVVEEA  -10.8841  -14.1992   -3.3151    0.1568
 6736 MLVVEEG  -10.6002  -13.9279   -3.3277    0.1568
 6737 MLVVEEG  -10.6002  -13.9279   -3.3277    0.1568
 6738 MLVVEDG  -10.6604  -13.6710   -3.0106    0.1568
 6739 MLVVEDG  -10.6604  -13.6710   -3.0106    0.1568
 6740 MLVVDDA  -10.1348  -12.8156   -2.6809    0.1568
 6741 MLVVDAD  -10.5387  -13.1081   -2.5694    0.1568
 6742 MLVVDGE  -10.1307  -13.0298   -2.8991    0.1568
 6743 MLVVDGD   -9.9353  -12.5173   -2.5820    0.1568
 6744 MLVVDGD   -9.9353  -12.5173   -2.5820    0.1568
 6745 MLVGDEV   -8.4686  -11.3677   -2.8991    0.1568
 6746 MLVGEKV   -9.4841  -11.8903   -2.4063    0.1568
 6747 MLIGEKV  -10.4755  -12.3875   -1.9120    0.1568
 6748 MLIGEKV  -10.4755  -12.3875   -1.9120    0.1568
 6749 MLIGEKV  -10.4755  -12.3875   -1.9120    0.1568
 6750 MLVGEKI   -9.7284  -11.6404   -1.9120    0.1568
 6751 MLKGEIV   -9.7150  -11.5155   -1.8006    0.1568
 6752 MLKGEIV   -9.4692  -11.2698   -1.8006    0.1568
 6753 MLKGEVV  -10.7293  -13.0242   -2.2949    0.1568
 6754 MLKGEVM   -9.6041  -11.8935   -2.2894    0.1568
 6755 MLKGMVE   -9.8951  -12.1845   -2.2894    0.1568
 6756 MLKGMEV  -10.9313  -13.1093   -2.1780    0.1568
 6757 MLKGMEV  -10.9313  -13.1093   -2.1780    0.1568
 6758 MLKGMEV  -10.9313  -13.1093   -2.1780    0.1568
 6759 MLKGVEM   -8.9198  -11.0978   -2.1780    0.1568
 6760 MLKGEVI  -10.4589  -12.2594   -1.8006    0.1568
 6761 MLKGEVV  -10.4712  -12.7661   -2.2949    0.1568
 6762 MLKGEVV  -10.4712  -12.7661   -2.2949    0.1568
 6763 MLVGEVK   -9.3042  -11.5990   -2.2949    0.1568
 6764 MLVGEVK   -9.3042  -11.5990   -2.2949    0.1568
 6765 MLVGEVK   -9.3042  -11.5990   -2.2949    0.1568
 6766 MLIGEVK  -10.1762  -11.9768   -1.8006    0.1568
 6767 MLIGEVK  -10.1762  -11.9768   -1.8006    0.1568
 6768 MLIGEVK   -9.3276  -11.1282   -1.8006    0.2055
 6769 MLIGEMK   -8.4300  -10.3051   -1.8751    0.2055
 6770 MLIGEMK   -8.4300  -10.3051   -1.8751    0.2055
 6771 KLMGEMA   -4.1320   -9.6975   -5.5654    0.2055
 6772 KLMGEMY   -4.4825   -7.5928   -3.1103    0.2055
 6773 KLMGYME   -3.9637   -7.0740   -3.1103    0.2055
 6774 MLKGFME   -5.5608   -7.1317   -1.5709    0.2055
 6775 ALKGFME   -3.9026   -7.8749   -3.9723    0.2055
 6776 ALKGEMF   -5.4186   -9.3909   -3.9723    0.2055
 6777 ALKGDFF   -5.1014   -7.1634   -2.0620    0.2055
 6778 ALKGFDF   -5.2149   -7.1655   -1.9506    0.2055
 6779 ALKGFEF   -5.8136   -8.0813   -2.2677    0.2055
 6780 ALKGFEF   -5.8136   -8.0813   -2.2677    0.2055
 6781 ALKGFEF   -5.8136   -8.0813   -2.2677    0.2055
 6782 ALKGEFF   -5.8231   -8.2023   -2.3791    0.2055
 6783 GLKGDFF   -4.3854   -6.3486   -1.9631    0.2055
 6784 GLEGDFF   -2.1675   -4.9406   -2.7731    0.2055
 6785 ALFGDEF   -3.9216   -6.9050   -2.9834    0.2055
 6786 ALFGEFK   -4.0178   -6.3970   -2.3791    0.2055
 6787 FLAGEFK   -3.2083   -5.5874   -2.3791    0.2055
 6788 FLGAEFK   -3.0555   -5.3232   -2.2677    0.2055
 6789 FLGFADK   -3.0025   -5.1759   -2.1734    0.2055
 6790 ALGKFVE   -2.1362   -6.1139   -3.9777    0.2055
 6791 ALGEFVK   -1.8163   -5.7940   -3.9777    0.2055
 6792 MLGDFKV   -2.0857   -3.1534   -1.0677    0.2055
 6793 MLDGFEV   -1.7627   -3.6404   -1.8777    0.2055
 6794 GLKGWEV   -5.1218   -8.0281   -2.9063    0.2055
 6795 GLFGWDK   -5.5576   -6.7710   -1.2134    0.2055
 6796 GLIGFKD   -6.7324   -9.0312   -2.2989    0.2055
 6797 GLIGIKD   -7.2474   -9.7706   -2.5231    0.2055
 6798 GLIGIED   -7.1473  -10.4805   -3.3331    0.2055
 6799 GLIGEVE   -7.2180  -12.1311   -4.9131    0.2055
 6800 GLIGEVE   -7.2180  -12.1311   -4.9131    0.2055
 6801 GLIGEVE   -7.2180  -12.1311   -4.9131    0.2055
 6802 GLIGEME   -7.6687  -12.5765   -4.9077    0.2055
 6803 GLIGEMD   -7.8489  -12.4394   -4.5906    0.2055
 6804 GLIGEMD   -7.8495  -12.4401   -4.5906    0.2055
 6805 GLIGEVK   -7.5425  -11.6456   -4.1031    0.2055
 6806 KLIGEGG   -4.3164  -11.8196   -7.5031    0.2055
 6807 KLIGEGM   -5.5881   -9.6859   -4.0977    0.2055
 6808 KLIGDGF   -6.0775   -8.2649   -2.1874    0.2055
 6809 KLIGFGD   -7.6268   -9.8142   -2.1874    0.2055
 6810 KLIGVGD   -7.1268  -10.9128   -3.7860    0.2055
 6811 KLIGVGD   -7.1268  -10.9128   -3.7860    0.2055
 6812 KLIGVGD   -7.1268  -10.9128   -3.7860    0.2055
 6813 KLIGVGD   -7.1268  -10.9128   -3.7860    0.2055
 6814 ILKGVGD   -6.8964  -10.6824   -3.7860    0.2055
 6815 KLIGYGD   -5.3097   -9.9166   -4.6069    0.2055
 6816 KLIGWGD   -7.9519   -9.2782   -1.3263    0.2055
 6817 KLIGWGD   -7.9519   -9.2782   -1.3263    0.2055
 6818 KLWGIGD   -8.6954  -10.0217   -1.3263    0.2055
 6819 KLIGIGD   -8.5192  -10.9309   -2.4117    0.2055
 6820 KLIGIGD   -8.5192  -10.9309   -2.4117    0.2055
 6821 GLIGIKD   -7.4897  -10.0128   -2.5231    0.2055
 6822 GLIGVKD   -6.8147  -10.7122   -3.8974    0.2055
 6823 GLIGIKE   -7.4265  -10.2668   -2.8403    0.2055
 6824 GLIGVEE   -6.2550  -11.2795   -5.0246    0.2055
 6825 GLIGDVE   -6.7469  -11.3429   -4.5960    0.2055
 6826 GLIGDVE   -6.7469  -11.3429   -4.5960    0.2055
 6827 GLIGDDV   -5.7546  -10.1448   -4.3903    0.2055
 6828 ELIGDGV   -2.1359   -6.7319   -4.5960    0.2055
 6829 DLIGEGI   -4.9808   -8.2025   -3.2217    0.2055
 6830 GLIGEDM   -6.7471  -11.4491   -4.7020    0.2055
 6831 GLIGEDM   -6.7471  -11.4491   -4.7020    0.2055
 6832 GLVGEKI   -5.3437   -9.5583   -4.2146    0.2055
 6833 FLVGEKI   -5.7369   -9.0957   -3.3589    0.2055
 6834 KLEGVGI   -3.1024   -7.0942   -3.9917    0.2055
 6835 KLFGEGV   -5.8000   -9.6788   -3.8789    0.2055
 6836 LLKGEGV   -4.5228  -10.4157   -5.8929    0.2055
 6837 FLKGEGV   -5.5538   -9.4327   -3.8789    0.2055
 6838 LLKGEGV   -4.4712  -10.3641   -5.8929    0.2055
 6839 LLKGEGV   -4.4712  -10.3641   -5.8929    0.2055
 6840 LLVGEGK   -4.0580  -10.0623   -6.0043    0.2055
 6841 WLVGEGK   -3.9178   -7.0469   -3.1291    0.2055
 6842 WLVGEGE   -4.6996   -8.6388   -3.9391    0.2055
 6843 WLVGEGE   -4.6996   -8.6388   -3.9391    0.2055
 6844 MLVGEGE   -3.6448  -10.0383   -6.3934    0.2055
 6845 VLLGEGR   -1.2855  -10.6538   -9.3683    0.2055
 6846 LLVGRGE    2.8733   -6.4950   -9.3683    0.2055
 6847 LLVGKGE   -1.7441   -7.7484   -6.0043    0.2055
 6848 ILGVEGK   -5.2707   -9.3739   -4.1031    0.2055
 6849 GLGVEIE   -4.2028   -9.0045   -4.8017    0.2055
 6850 GLGMEIE   -3.3811   -8.1774   -4.7963    0.2055
 6851 GLGMDIE   -2.6449   -7.1240   -4.4791    0.2055
 6852 MLGIDME   -4.8578   -7.1144   -2.2566    0.2055
 6853 MLGIDME   -4.2528   -6.5094   -2.2566    0.2055
 6854 MLGMDIE   -4.4098   -6.6664   -2.2566    0.2055
 6855 MLGMDIE   -4.4098   -6.6664   -2.2566    0.2055
 6856 MLGMDIK   -3.9227   -5.3693   -1.4466    0.2055
 6857 MLMGDIK   -6.1528   -7.7108   -1.5580    0.2055
 6858 MLIGDME   -6.7001   -9.0681   -2.3680    0.2055
 6859 MLIGEMD   -8.6411  -11.0091   -2.3680    0.2055
 6860 MLIGEMD   -8.6411  -11.0091   -2.3680    0.2055
 6861 MLIGEMD   -8.6411  -11.0091   -2.3680    0.2055
 6862 MLIGEMD   -8.6411  -11.0091   -2.3680    0.2055
 6863 MLIGEMD   -8.6411  -11.0091   -2.3680    0.2055
 6864 MLIGEMD   -8.6411  -11.0091   -2.3680    0.2055
 6865 MLIGEMD   -8.6411  -11.0091   -2.3680    0.2055
 6866 MLIGEME   -8.1688  -10.8539   -2.6851    0.2055
 6867 MLVGDMD   -6.9029   -9.3681   -2.4651    0.2055
 6868 MLVGDMD   -6.9029   -9.3681   -2.4651    0.2055
 6869 MLVGDME   -7.0245   -9.8068   -2.7823    0.2055
 6870 MLVGDMD   -6.9491   -9.4143   -2.4651    0.2055
 6871 MLVGDVD   -6.8449   -9.3155   -2.4706    0.2055
 6872 MLGFDVD   -5.2406   -6.8012   -1.5606    0.2055
 6873 MLGIDVD   -4.7999   -6.6648   -1.8649    0.2055
 6874 MLGIDVD   -4.7999   -6.6648   -1.8649    0.2055
 6875 MLGIDVD   -4.7999   -6.6648   -1.8649    0.2055
 6876 MLGIDVD   -4.7999   -6.6648   -1.8649    0.2055
 6877 MLGIEVD   -6.1674   -8.3494   -2.1820    0.2055
 6878 MLGIEVE   -5.7435   -8.2426   -2.4991    0.2055
 6879 MLGIEVE   -5.7435   -8.2426   -2.4991    0.2055
 6880 MLGIEVD   -6.3044   -8.4864   -2.1820    0.2055
 6881 MLGVEID   -8.0176  -10.1996   -2.1820    0.2055
 6882 MLGVEID   -8.0176  -10.1996   -2.1820    0.2055
 6883 ALGVEID   -5.9229  -10.5063   -4.5834    0.2055
 6884 ALGDVIE   -2.6899   -7.3847   -4.6949    0.2055
 6885 ALGDVVE   -2.3130   -8.3821   -6.0691    0.2055
 6886 VLDAEGV   -1.6311   -7.5888   -5.9577    0.2055
 6887 ILADEGV   -1.6481   -6.4544   -4.8063    0.2055
 6888 ALIEDGI   -5.0601   -8.4921   -3.4320    0.2055
 6889 GLIEDGF   -4.8407   -7.9496   -3.1089    0.2055
 6890 GLGIDDF   -3.9294   -6.6097   -2.6803    0.2055
 6891 GLGIDDF   -3.9294   -6.6097   -2.6803    0.2055
 6892 GLEGIEF   -3.2268   -6.4299   -3.2031    0.2055
 6893 DLEGIGF   -0.8128   -3.6988   -2.8860    0.2055
 6894 DLFGGIE   -1.2683   -4.3772   -3.1089    0.2055
 6895 DLIGFME   -1.6538   -5.4686   -3.8149    0.2055
 6896 KLIGFVE   -4.3585   -7.6060   -3.2474    0.2055
 6897 KLIGFVD   -4.5987   -7.5289   -2.9303    0.2055
 6898 FLIGEVE   -5.6595   -9.7170   -4.0574    0.2055
 6899 FLIGEEV   -5.8048   -9.9737   -4.1689    0.2055
 6900 MLIGEEV   -9.7209  -12.4429   -2.7220    0.2055
 6901 MLIGEEV   -9.7209  -12.4429   -2.7220    0.2055
 6902 MLIGEEV   -9.7209  -12.4429   -2.7220    0.2055
 6903 MLIGEEV   -9.7209  -12.4429   -2.7220    0.2055
 6904 MLIGEKV  -10.1754  -12.0874   -1.9120    0.2055
 6905 MLIGEKV  -10.1754  -12.0874   -1.9120    0.2055
 6906 MLIGEKV  -10.1754  -12.0874   -1.9120    0.2055
 6907 MLIGEKV  -10.1754  -12.0874   -1.9120    0.2055
 6908 MLIGEVK   -9.6307  -11.4312   -1.8006    0.2055
 6909 MLVGEKI   -9.5988  -11.5108   -1.9120    0.2055
 6910 MLIGEKV  -10.6499  -12.5619   -1.9120    0.2055
 6911 MLIGEKV  -10.6499  -12.5619   -1.9120    0.2055
 6912 MLKGEIV   -9.0204  -10.8210   -1.8006    0.2055
 6913 MLKGEVV  -10.8477  -13.1426   -2.2949    0.2055
 6914 MLKGEVV  -10.8477  -13.1426   -2.2949    0.2055
 6915 MLKGEVV  -10.8477  -13.1426   -2.2949    0.2055
 6916 MLKGFVE   -9.2412  -10.7375   -1.4963    0.2055
 6917 MLKGFDV   -9.1548  -10.2225   -1.0677    0.2055
 6918 MLVGFDK   -6.9070   -8.1975   -1.2906    0.2055
 6919 MLVGFDD   -8.2142   -9.9976   -1.7834    0.2055
 6920 MLVGFKD   -7.7198   -9.0103   -1.2906    0.2055
 6921 MLMGFDD   -7.4676   -9.3256   -1.8580    0.2055
 6922 DLMGFMD   -5.3995   -7.1461   -1.7466    0.2055
 6923 DLMGFMD   -5.3995   -7.1461   -1.7466    0.2055
 6924 DLMGDMF   -5.0673   -6.8139   -1.7466    0.2055
 6925 DLMGDMM   -4.5933   -7.0530   -2.4597    0.2055
 6926 KLMGVID   -1.3427   -2.8261   -1.4834    0.2055
 6927 ELMGVDI   -2.1225   -4.3045   -2.1820    0.2055
 6928 MLDGVDI   -3.1911   -5.0559   -1.8649    0.2055
 6929 MLRGVDI   -3.2655   -8.0015   -4.7360    0.2055
 6930 MLRGVDI   -3.2655   -8.0015   -4.7360    0.2055
 6931 MLRGVDV   -3.6174   -8.8477   -5.2303    0.2055
 6932 MLDGVDV   -3.5819   -5.9411   -2.3591    0.2055
 6933 MLVGDVE   -7.6942  -10.4819   -2.7877    0.2055
 6934 MLVGDVE   -7.6942  -10.4819   -2.7877    0.2055
 6935 MLIGDVE   -6.5391   -8.8325   -2.2934    0.2055
 6936 MLGVDID   -5.6645   -7.5294   -1.8649    0.2055
 6937 MLGVDDV   -6.6418   -9.1124   -2.4706    0.2055
 6938 MLGVDVD   -7.4907   -9.8499   -2.3591    0.2055
 6939 MLGVDVD   -7.4907   -9.8499   -2.3591    0.2055
 6940 MLGYDID   -4.2900   -6.0958   -1.8057    0.2055
 6941 MLGYDIE   -3.5561   -5.6790   -2.1229    0.2055
 6942 MLGYIDK   -2.1575   -3.6932   -1.5357    0.2055
 6943 MLGMFDK   -3.9829   -5.3481   -1.3651    0.2055
 6944 MLGMFDK   -3.9829   -5.3481   -1.3651    0.2055
 6945 MLGMFDE   -4.7617   -6.9369   -2.1751    0.2055
 6946 MLGMDDF   -3.5737   -5.3203   -1.7466    0.2055
 6947 MLGMDDM   -3.9815   -6.4412   -2.4597    0.2055
 6948 MLGIDDM   -4.3058   -6.3566   -2.0509    0.2055
 6949 MLGMDDI   -4.8644   -6.9153   -2.0509    0.2055
 6950 MLGMEDI   -5.8646   -8.2326   -2.3680    0.2055
 6951 MLGMEDI   -5.8646   -8.2326   -2.3680    0.2055
 6952 MLGMEDI   -5.8646   -8.2326   -2.3680    0.2055
 6953 MLGMEDI   -5.8646   -8.2326   -2.3680    0.2055
 6954 MLGMEDI   -5.8646   -8.2326   -2.3680    0.2055
 6955 MLGMEEI   -4.6865   -7.3716   -2.6851    0.2055
 6956 MLGMEDI   -5.9425   -8.3105   -2.3680    0.2055
 6957 MLGMEDI   -5.6918   -8.0598   -2.3680    0.2055
 6958 MLGMEDI   -5.6918   -8.0598   -2.3680    0.2055
 6959 ALGVEID   -3.8986   -8.4820   -4.5834    0.2055
 6960 MLGVEIE   -3.4192   -5.9184   -2.4991    0.2055
 6961 ILGLEAE   -4.8849  -10.2009   -5.3160    0.2055
 6962 ILGLEAE   -4.8849  -10.2009   -5.3160    0.2055
 6963 ALGLEIE   -4.5049   -9.8209   -5.3160    0.2055
 6964 ALGLEEM   -3.2032   -9.9994   -6.7963    0.2055
 6965 ALGLEEL   -2.4421   -9.6593   -7.2171    0.2055
 6966 ALGVEEL   -3.4350  -10.2367   -6.8017    0.2055
 6967 ALGLEEM   -3.2493  -10.0456   -6.7963    0.2055
 6968 ALGLEEF   -4.7094   -9.9126   -5.2031    0.2055
 6969 ALGLEEF   -4.7094   -9.9126   -5.2031    0.2055
 6970 ALGLEEF   -4.7094   -9.9126   -5.2031    0.2055
 6971 ALGLDEF   -3.7026   -8.5886   -4.8860    0.2055
 6972 ALGLDEF   -3.4666   -8.3526   -4.8860    0.1863
 6973 ALGLDEF   -3.4666   -8.3526   -4.8860    0.1863
 6974 ALGLDEM   -2.2774   -8.7565   -6.4791    0.1863
 6975 ALGIEDM   -4.9421   -9.6316   -4.6894    0.1863
 6976 ALGIEDY   -3.8575   -9.3732   -5.5157    0.1863
 6977 ALGIEDY   -3.8575   -9.3732   -5.5157    0.1863
 6978 YLGIEID   -1.1465   -4.5005   -3.3540    0.1863
 6979 VLGIEAE   -5.8784  -10.7789   -4.9006    0.1863
 6980 VLGIAEE   -5.3565  -10.4799   -5.1234    0.1863
 6981 VLGIFEE   -4.5738   -8.7427   -4.1689    0.1863
 6982 VLGIFEK   -3.7428   -7.1016   -3.3589    0.1863
 6983 ALGIIEE   -4.4162   -8.1653   -3.7491    0.1863
 6984 ALGIIEE   -4.4162   -8.1653   -3.7491    0.1863
 6985 ALGIEIE   -4.8351   -8.3613   -3.5263    0.1863
 6986 ALGIEIE   -4.8351   -8.3613   -3.5263    0.1863
 6987 GLGIEIE   -4.0682   -7.4956   -3.4274    0.1863
 6988 GLGIEIE   -4.0682   -7.4956   -3.4274    0.1863
 6989 GLGIIEE   -5.8898   -9.5400   -3.6503    0.1863
 6990 GLGIIEE   -5.8898   -9.5400   -3.6503    0.1863
 6991 GLGIIEE   -5.8898   -9.5400   -3.6503    0.1863
 6992 GLGIIEE   -5.8898   -9.5400   -3.6503    0.1863
 6993 GLGIIEE   -5.8898   -9.5400   -3.6503    0.1863
 6994 GLGIIEE   -5.8898   -9.5400   -3.6503    0.1863
 6995 GLGIIEK   -5.9205   -8.7608   -2.8403    0.1863
 6996 GLGIIDK   -6.7293   -9.2524   -2.5231    0.1863
 6997 GLGIFDK   -6.3689   -8.6678   -2.2989    0.1863
 6998 GLGVFDE   -4.6648   -9.1479   -4.4831    0.1863
 6999 GLGEFVE   -2.6831   -7.3720   -4.6889    0.1863
 7000 GLGEFVE   -2.6831   -7.3720   -4.6889    0.1863
 7001 GLKVVGE   -1.8776   -7.3550   -5.4774    0.1863
 7002 KLGVMGD   -4.2312   -9.3860   -5.1549    0.1863
 7003 KLGVMGD   -4.2312   -9.3860   -5.1549    0.1863
 7004 KLMVMDG   -6.5840   -8.6677   -2.0837    0.1863
 7005 KLMVMDG   -6.5840   -8.6677   -2.0837    0.1863
 7006 GLMVMDK   -6.6275   -8.8227   -2.1951    0.1863
 7007 GLMVMED   -6.7242   -9.7294   -3.0051    0.1863
 7008 GLMVMED   -6.7242   -9.7294   -3.0051    0.1863
 7009 GLMVMKD   -3.1077   -5.3028   -2.1951    0.1863
 7010 GLMVMDK   -7.0436   -9.2387   -2.1951    0.1863
 7011 GLMVMDE   -7.0855  -10.0906   -3.0051    0.1863
 7012 GLMVMDE   -7.0855  -10.0906   -3.0051    0.1863
 7013 GLLVVDE   -7.5865  -11.2579   -3.6714    0.1863
 7014 GLLVVDE   -7.5865  -11.2579   -3.6714    0.1863
 7015 GLLVVDE   -7.5865  -11.2579   -3.6714    0.1863
 7016 GLLVVDE   -7.5865  -11.2579   -3.6714    0.1863
 7017 GLLVVDE   -7.5865  -11.2579   -3.6714    0.1863
 7018 GLLVVDE   -7.5865  -11.2579   -3.6714    0.1863
 7019 GLLVVDE   -7.5865  -11.2579   -3.6714    0.1863
 7020 GLLVVDE   -7.5865  -11.2579   -3.6714    0.1863
 7021 GLLVVDE   -7.5583  -11.2297   -3.6714    0.1863
 7022 GLLVVEK   -6.6992   -9.8778   -3.1786    0.1863
 7023 GLLVVDE   -6.9496  -10.6210   -3.6714    0.1863
 7024 GLIVVDK   -7.2057   -8.8374   -1.6317    0.1863
 7025 GLIVMDK   -7.8837   -9.5899   -1.7063    0.1863
 7026 GLMVDIK   -6.9563   -8.4397   -1.4834    0.1863
 7027 GLMVDIK   -6.9563   -8.4397   -1.4834    0.1863
 7028 GLLVDIE   -5.8145  -11.0888   -5.2743    0.1863
 7029 GLLVEID   -5.8781  -11.1524   -5.2743    0.1863
 7030 GLLVEID   -5.8781  -11.1524   -5.2743    0.1863
 7031 GLLVEDI   -5.1327  -10.5185   -5.3857    0.1863
 7032 GLLVEDI   -5.1327  -10.5185   -5.3857    0.1863
 7033 GLIVEID   -6.6088  -10.6534   -4.0446    0.1863
 7034 GLVIDID   -5.4345   -9.1620   -3.7274    0.1863
 7035 GLVMDID   -6.8572   -8.8334   -1.9763    0.1863
 7036 GLVMIDK   -6.8598   -8.5661   -1.7063    0.1863
 7037 GLVVFDK   -8.0545   -9.3819   -1.3274    0.1863
 7038 GLVVFDK   -8.0545   -9.3819   -1.3274    0.1863
 7039 GLVMVDK   -7.2435   -9.4441   -2.2006    0.1863
 7040 GLVKMDV   -7.5944   -9.4606   -1.8663    0.1863
 7041 GLVKMDI   -7.4832   -8.8552   -1.3720    0.1863
 7042 GLVKMDY   -6.0821   -8.7692   -2.6871    0.1863
 7043 GLVKMDY   -6.0821   -8.7692   -2.6871    0.1863
 7044 GLVKMDY   -6.0821   -8.7692   -2.6871    0.1863
 7045 GLVKMEY   -4.8775   -7.8818   -3.0043    0.1863
 7046 GLMVDEY   -5.9405   -9.6605   -3.7200    0.1863
 7047 GLMVDEY   -5.9405   -9.6605   -3.7200    0.1863
 7048 GLMVDEY   -5.9405   -9.6605   -3.7200    0.1863
 7049 GLMVDEY   -5.9405   -9.6605   -3.7200    0.1863
 7050 GLMVDDF   -8.6616  -10.4450   -1.7834    0.1863
 7051 GLMVEDM   -8.6470  -11.5407   -2.8937    0.1863
 7052 GLVVEDM   -8.8649  -11.7640   -2.8991    0.1863
 7053 GLVMEDV   -8.1460  -11.0452   -2.8991    0.1863
 7054 GLIVEDY   -7.1193   -9.4704   -2.3511    0.1863
 7055 GLIVEDY   -7.1193   -9.4704   -2.3511    0.1863
 7056 GLEVYKL   -4.0099   -7.4350   -3.4251    0.1863
 7057 GLLVMDE   -8.1158  -11.8618   -3.7460    0.1863
 7058 GLLVMDD   -7.9467  -11.3756   -3.4289    0.1863
 7059 GLLVMDD   -7.9467  -11.3756   -3.4289    0.1863
 7060 GLLVMED   -8.2426  -11.9886   -3.7460    0.1863
 7061 GLVVMDE   -7.8950  -10.9056   -3.0106    0.1863
 7062 GLVVMEE   -7.2203  -10.5480   -3.3277    0.1863
 7063 GLVVMEE   -8.6969  -12.0246   -3.3277    0.1863
 7064 GLVMEME   -5.9612   -9.0606   -3.0994    0.1863
 7065 GLVMELE   -6.0224   -9.8626   -3.8403    0.1863
 7066 LLVMEGE   -5.8105   -9.7622   -3.9517    0.1863
 7067 LLVMEGE   -5.8105   -9.7622   -3.9517    0.1863
 7068 LLVMEGE   -5.8105   -9.7622   -3.9517    0.1863
 7069 MLVLKGE   -4.1467   -7.2885   -3.1417    0.1863
 7070 KLVLEGM   -7.6029  -10.6332   -3.0303    0.1863
 7071 KLLVDGM   -7.8210  -10.5341   -2.7131    0.1863
 7072 KLWVMGD   -5.8231   -8.7725   -2.9494    0.1863
 7073 KLWVMGD   -5.8231   -8.7725   -2.9494    0.1863
 7074 KLVVMGD   -6.4333   -8.5225   -2.0891    0.1863
 7075 VLKVDGV   -6.7067   -8.5784   -1.8717    0.1863
 7076 VLKVDGV   -6.7067   -8.5784   -1.8717    0.1863
 7077 KLVVDGV   -8.0253  -10.0085   -1.9831    0.1863
 7078 VLVKDGM   -8.1735  -10.2626   -2.0891    0.1863
 7079 LLVVDGK   -7.0410   -9.7910   -2.7500    0.1863
 7080 VLLVDGK   -7.7470  -10.4970   -2.7500    0.1863
 7081 VLVLDGK   -7.3017  -10.0517   -2.7500    0.1863
 7082 VLVVDGE   -8.4765  -11.3811   -2.9046    0.1863
 7083 MLVVDGE   -9.1087  -12.0078   -2.8991    0.1863
 7084 MLVVDGE   -9.1087  -12.0078   -2.8991    0.1863
 7085 MLVVEGE   -9.8398  -13.0561   -3.2163    0.1863
 7086 MLVVEGE   -9.8398  -13.0561   -3.2163    0.1863
 7087 MLIVEGE  -10.2137  -12.9357   -2.7220    0.1863
 7088 VLIVEGE   -9.4899  -12.1373   -2.6474    0.1863
 7089 MLLMEGD   -5.9266   -9.6357   -3.7091    0.1863
 7090 GLLMEGD   -1.8510   -8.3427   -6.4917    0.1863
 7091 YLMLEGD   -3.7895   -7.9249   -4.1354    0.1863
 7092 YLMLEGD   -3.7895   -7.9249   -4.1354    0.1863
 7093 YLLVEGD   -6.9219  -11.0628   -4.1409    0.1863
 7094 VLLVEDG   -8.9215  -12.5930   -3.6714    0.1863
 7095 VLLVEEG   -8.8483  -12.8368   -3.9886    0.1863
 7096 VLLVEDG   -9.1007  -12.7721   -3.6714    0.1863
 7097 VLLVGDE   -8.7176  -12.3890   -3.6714    0.1863
 7098 VLLVGDE   -8.7176  -12.3890   -3.6714    0.1863
 7099 VLLVGEE   -8.0150  -12.0036   -3.9886    0.1863
 7100 VLLVGEE   -8.0150  -12.0036   -3.9886    0.1863
 7101 VLGIEDV   -7.4929   -9.7117   -2.2189    0.1863
 7102 KLGIDVV   -6.5231   -7.8205   -1.2974    0.1863
 7103 KLGIDVV   -6.5231   -7.8205   -1.2974    0.1863
 7104 KLGIDVV   -6.5231   -7.8205   -1.2974    0.1863
 7105 KLGIDVV   -6.5231   -7.8205   -1.2974    0.1863
 7106 KLGIEVV   -6.5250   -8.1396   -1.6146    0.1863
 7107 KLGIEVV   -6.5250   -8.1396   -1.6146    0.1863
 7108 DLGIEVV   -4.9273   -7.0347   -2.1074    0.1863
 7109 DLGIEVV   -4.9273   -7.0347   -2.1074    0.1863
 7110 DLVVIGK   -2.7921   -4.3124   -1.5203    0.1863
 7111 DLLVVGK   -4.8146   -7.5646   -2.7500    0.1863
 7112 VLLVDGK   -7.6792  -10.4292   -2.7500    0.1863
 7113 MLLVDGK   -7.0734   -9.8980   -2.8246    0.1863
 7114 MLLVDGE   -7.2248  -10.8594   -3.6346    0.1863
 7115 ALLVDGE   -4.6447  -11.2407   -6.5960    0.1863
 7116 ALLVDGD   -5.1986  -11.4775   -6.2789    0.1863
 7117 ALLVDGE   -5.5234  -12.1194   -6.5960    0.1863
 7118 ALIVEGE   -6.2078  -11.3313   -5.1234    0.1863
 7119 ALIVEGE   -6.2078  -11.3313   -5.1234    0.1863
 7120 ALIVEGE   -6.2078  -11.3313   -5.1234    0.1863
 7121 VLIVEGE   -7.1703   -9.8178   -2.6474    0.1863
 7122 ALIVEGE   -6.2078  -11.3313   -5.1234    0.1863
 7123 VLIVEGE   -7.1703   -9.8178   -2.6474    0.1863
 7124 VLLVEGK   -8.7140  -11.7812   -3.0671    0.1863
 7125 VLLVAEK   -5.9533  -10.9107   -4.9574    0.1863
 7126 KLLVAEV   -5.9739  -10.7085   -4.7346    0.1863
 7127 KLLVAEV   -5.9739  -10.7085   -4.7346    0.1863
 7128 KLLVVEA   -4.7058   -9.4403   -4.7346    0.1863
 7129 ALLVVEK   -4.6222   -9.5796   -4.9574    0.1863
 7130 ALLVDVD   -8.7166  -13.6269   -4.9103    0.1863
 7131 DLLVDVA   -5.5093  -10.4196   -4.9103    0.1863
 7132 DLLVEVA   -5.5100  -10.7375   -5.2274    0.1863
 7133 DLLVVVD   -2.6073   -9.3130   -6.7057    0.1863
 7134 MLLVKVD   -2.0544   -8.2304   -6.1760    0.1863
 7135 KLLVMVD   -2.1973   -8.4847   -6.2874    0.1863
 7136 KLGVMVD   -3.7957   -5.7735   -1.9777    0.1863
 7137 KLGVMVD   -3.7957   -5.7735   -1.9777    0.1863
 7138 KLMVGDV   -5.3186   -7.2963   -1.9777    0.1863
 7139 KLMVDGV   -5.4441   -7.4218   -1.9777    0.1863
 7140 KLVVEGV   -5.7967   -8.0970   -2.3003    0.1863
 7141 KLVVEMG   -5.6893   -7.9842   -2.2949    0.1863
 7142 KLVVEVG   -6.5550   -8.8552   -2.3003    0.1863
 7143 KLVVEVV   -5.8933   -9.2564   -3.3631    0.1863
 7144 KLGVEVV   -6.8092   -8.9981   -2.1889    0.1863
 7145 KLVVDVG   -6.5513   -8.5344   -1.9831    0.1863
 7146 KLVVEGV   -5.8207   -8.1209   -2.3003    0.1863
 7147 KLGVEGV   -2.3379   -7.7039   -5.3660    0.1863
 7148 GLVVEDV   -7.2760  -10.1805   -2.9046    0.1863
 7149 GLVVEVD   -7.0821   -9.8752   -2.7931    0.1863
 7150 GLLAEDV   -4.5007  -11.0967   -6.5960    0.1863
 7151 KLLADGL   -2.7292   -8.8192   -6.0900    0.1863
 7152 LLLDAGE   -2.2984   -9.1984   -6.9000    0.1863
 7153 DLIIAGD   -4.2929   -7.4078   -3.1149    0.1863
 7154 ELDIAGI   -2.6060   -5.8151   -3.2091    0.1863
 7155 VLDVEGI   -6.7351   -8.8426   -2.1074    0.1863
 7156 GLEFDVI   -3.4144   -7.0433   -3.6289    0.1863
 7157 GLEFDVI   -3.4144   -7.0433   -3.6289    0.1863
 7158 KLGFIGD   -4.0868   -6.2742   -2.1874    0.1863
 7159 KLGFFGE   -4.0861   -6.3664   -2.2803    0.1863
 7160 KLGFFGD   -4.1666   -6.1298   -1.9631    0.1863
 7161 KLIFFGD   -3.1641   -7.7272   -4.5631    0.1863
 7162 KLIIAGD   -7.5408  -10.1628   -2.6220    0.1863
 7163 KLIIGAD   -7.2599   -9.7705   -2.5106    0.1863
 7164 KLIIGAD   -7.2599   -9.7705   -2.5106    0.1863
 7165 KLIFAGE   -6.5960   -9.3108   -2.7149    0.1863
 7166 KLIIGGE   -6.9433   -9.8950   -2.9517    0.1863
 7167 KLIIGGE   -6.9433   -9.8950   -2.9517    0.1863
 7168 KLIIGGD   -6.9316   -9.5661   -2.6346    0.1863
 7169 KLIIGDG   -6.5968   -9.1199   -2.5231    0.1863
 7170 KLVIYDG   -7.4645   -9.0057   -1.5411    0.1863
 7171 KLVIGDY   -6.5662   -7.9959   -1.4297    0.1863
 7172 KLIVADL   -2.6982   -8.9413   -6.2431    0.1863
 7173 KLIVADL   -2.2680   -8.5111   -6.2431    0.2096
 7174 ELIVADL    0.8785   -6.1746   -7.0531    0.2096
 7175 DLVIAEL    2.2641   -4.7890   -7.0531    0.2096
 7176 ELVIEAM   -4.5685   -8.9579   -4.3894    0.2096
 7177 ILVEEAM   -5.8423  -10.3432   -4.5009    0.2096
 7178 MLVKAEM   -6.2107   -8.4876   -2.2769    0.2096
 7179 MLMVAEK   -7.7782  -10.3894   -2.6111    0.2096
 7180 MLMVAEK   -7.7611  -10.3723   -2.6111    0.2096
 7181 MLMVEEM   -7.4555  -11.9638   -4.5083    0.2096
 7182 ALMVEEM   -7.4157  -10.7254   -3.3097    0.2096
 7183 MLAVEEV   -8.0019  -11.3171   -3.3151    0.2096
 7184 MLAVEVE   -9.7211  -12.9248   -3.2037    0.2096
 7185 MLVVEAK  -10.2799  -12.6736   -2.3937    0.2096
 7186 MLVVEAK  -10.2799  -12.6736   -2.3937    0.2096
 7187 ILVVEAK   -8.6418  -12.1466   -3.5049    0.2096
 7188 ILVVEAD   -9.4626  -13.4603   -3.9977    0.2096
 7189 ILVVDAE   -9.0548  -13.0525   -3.9977    0.2096
 7190 VLIVADK   -7.7114  -11.1220   -3.4106    0.2096
 7191 VLIVADE   -7.8940  -12.1146   -4.2206    0.2096
 7192 ELIVDAV   -5.2943   -9.2920   -3.9977    0.2096
 7193 KLIVADV   -7.8794  -11.0671   -3.1877    0.2096
 7194 KLIVADV   -7.8794  -11.0671   -3.1877    0.2096
 7195 KLIVADV   -7.8794  -11.0671   -3.1877    0.2096
 7196 KLIVADV   -7.8794  -11.0671   -3.1877    0.2096
 7197 KLMVADI   -7.1255  -10.3877   -3.2623    0.2096
 7198 KLLVADV   -7.7171  -12.1345   -4.4174    0.2096
 7199 KLLVADV   -7.7171  -12.1345   -4.4174    0.2096
 7200 KLLVADV   -7.7171  -12.1345   -4.4174    0.2096
 7201 KLMVADV   -8.6291  -10.7056   -2.0766    0.2096
 7202 KLVVDAM   -7.9005   -9.9771   -2.0766    0.2096
 7203 KLVVDAM   -7.4599   -9.5365   -2.0766    0.2096
 7204 KLVVDAM   -7.4599   -9.5365   -2.0766    0.2096
 7205 KLVMDAM   -5.0030   -7.0741   -2.0711    0.2096
 7206 KLVVDAM   -7.3116   -9.3882   -2.0766    0.2096
 7207 DLVVMAK   -9.7797  -11.9677   -2.1880    0.2096
 7208 MLVVADK   -8.9592  -11.2586   -2.2994    0.2096
 7209 MLVVADK   -8.9592  -11.2586   -2.2994    0.2096
 7210 MLKVDAV   -8.2440  -10.2091   -1.9651    0.2096
 7211 MLKVDAV   -8.2440  -10.2091   -1.9651    0.2096
 7212 MLKVMAD   -9.7616  -11.8327   -2.0711    0.2096
 7213 KLMVMDA   -9.7584  -11.8295   -2.0711    0.2096
 7214 KLIVMDA   -9.1228  -12.3851   -3.2623    0.2096
 7215 ALIVMDK   -8.8429  -12.3281   -3.4851    0.2096
 7216 MLIKMDA   -5.9579   -9.1833   -3.2254    0.2096
 7217 KLIVVDA   -8.3115  -11.4992   -3.1877    0.2096
 7218 KLVMVAE   -7.6188  -10.1239   -2.5051    0.2096
 7219 KLVEVAW   -2.9151   -7.7745   -4.8594    0.2096
 7220 ALAVEDW   -5.1178   -8.9375   -3.8197    0.2096
 7221 ALVADDW   -4.1581   -7.6607   -3.5026    0.2096
 7222 ALVAEDI   -6.1133  -11.0185   -4.9051    0.2096
 7223 ALAVEDI   -5.9514  -10.8566   -4.9051    0.2096
 7224 ALVAEEW   -5.5948   -9.7317   -4.1369    0.2096
 7225 ALEAVEW   -4.1775   -8.0915   -3.9140    0.2096
 7226 ALVEAEW   -4.2829   -8.1969   -3.9140    0.2096
 7227 ALVAEEW   -5.8135   -9.9504   -4.1369    0.2096
 7228 ALAIEEF   -4.6430   -8.9067   -4.2637    0.2096
 7229 ALAIEDF   -4.2998   -8.2464   -3.9466    0.2096
 7230 DLFIEAG   -2.4133   -5.5096   -3.0963    0.2096
 7231 GLAIFDE   -4.3881   -7.7072   -3.3191    0.2096
 7232 GLAIEEF   -4.5815   -8.1064   -3.5249    0.2096
 7233 GLAIFKE   -4.2064   -7.0327   -2.8263    0.2096
 7234 KLAFFGE   -4.8876   -7.3782   -2.4906    0.2096
 7235 KLAFVGE   -4.8134   -8.9025   -4.0891    0.2096
 7236 KLAVVGE   -5.3229  -11.0106   -5.6877    0.2096
 7237 KLVADGV   -4.5023   -9.7615   -5.2591    0.2096
 7238 KLVADIF   -3.7570   -8.4662   -4.7091    0.2096
 7239 KLVMGID   -7.2510   -8.7344   -1.4834    0.2096
 7240 KLVMGIE   -6.4595   -8.2601   -1.8006    0.2096
 7241 KLVMGIE   -6.4595   -8.2601   -1.8006    0.2096
 7242 KLMVEIG   -8.0816   -9.8821   -1.8006    0.2096
 7243 KLMVEIG   -8.0816   -9.8821   -1.8006    0.2096
 7244 GLVKEVM   -6.2622   -8.6685   -2.4063    0.2096
 7245 GLDVEVM   -5.7319   -8.4082   -2.6763    0.2096
 7246 GLVDVIE   -6.5219   -8.7407   -2.2189    0.2096
 7247 GLVDVIE   -6.4770   -8.6959   -2.2189    0.2096
 7248 GLDVVIE   -7.0879   -9.3068   -2.2189    0.2096
 7249 GLDVIVD   -5.2035   -7.1053   -1.9017    0.2096
 7250 GLDVDVI   -6.5776   -8.3679   -1.7903    0.2096
 7251 GLKVDVI   -7.3510   -8.6485   -1.2974    0.2096
 7252 GLVMDDI   -7.3150   -9.4027   -2.0877    0.2096
 7253 GLVLDDV   -8.6696  -11.9124   -3.2429    0.2096
 7254 GLVLDDY   -7.5539  -11.3776   -3.8237    0.2096
 7255 GLVLDDY   -7.5539  -11.3776   -3.8237    0.2096
 7256 GLVLEDY   -8.1154  -12.2562   -4.1409    0.2096
 7257 GLLVEDM   -8.7028  -12.3373   -3.6346    0.2096
 7258 GLLVYDE   -7.3626  -11.6149   -4.2523    0.2096
 7259 GLLVYDE   -7.3626  -11.6149   -4.2523    0.2096
 7260 GLLVYED   -7.0877  -11.3400   -4.2523    0.2096
 7261 GLLVYDD   -7.1711  -11.1063   -3.9351    0.2096
 7262 GLLVDMD   -8.8244  -12.0304   -3.2060    0.2096
 7263 GLLVEMK   -8.8704  -11.9007   -3.0303    0.2096
 7264 GLLVEMK   -8.8704  -11.9007   -3.0303    0.2096
 7265 GLLVEVK   -9.5962  -12.5519   -2.9557    0.2096
 7266 GLVVEVD   -9.0441  -11.8372   -2.7931    0.2096
 7267 GLVLDVE   -8.4143  -11.8629   -3.4486    0.2096
 7268 GLVLVDE   -9.3142  -12.9856   -3.6714    0.2096
 7269 GLVLVDE   -9.3142  -12.9856   -3.6714    0.2096
 7270 GLVLVDK   -9.3177  -12.1791   -2.8614    0.2096
 7271 GLVLVDK   -9.3177  -12.1791   -2.8614    0.2096
 7272 GLVLVDK   -9.3177  -12.1791   -2.8614    0.2096
 7273 GLVLVEK   -9.0000  -12.1786   -3.1786    0.2096
 7274 GLVVVEK   -9.0855  -11.6087   -2.5231    0.2096
 7275 GLVVVEK   -9.0855  -11.6087   -2.5231    0.2096
 7276 GLVVVEK   -9.0855  -11.6087   -2.5231    0.2096
 7277 GLEVVMK   -8.0258  -10.3207   -2.2949    0.2096
 7278 GLKVVEM   -8.0966  -10.2800   -2.1834    0.2096
 7279 GLKVVEI   -8.3058   -9.9204   -1.6146    0.2096
 7280 GLKEVVI   -6.5024   -8.3399   -1.8374    0.2096
 7281 GLIVEVK   -8.1587   -9.8847   -1.7260    0.2096
 7282 GLVIDVK   -7.5284   -8.9372   -1.4089    0.2096
 7283 GLVLVDK   -8.6755  -11.5370   -2.8614    0.2096
 7284 KLVLVDG   -8.7040  -11.4540   -2.7500    0.2096
 7285 KLVVVDV   -8.1047  -11.1507   -3.0460    0.2096
 7286 KLVVVDV   -8.1047  -11.1507   -3.0460    0.2096
 7287 KLVVAEV   -7.9608  -10.3600   -2.3991    0.2096
 7288 KLAVMDV   -8.0669  -10.1435   -2.0766    0.2096
 7289 DLAMMKF   -2.5655   -5.5981   -3.0326    0.2096
 7290 KLAMMDF   -4.0692   -7.1018   -3.0326    0.2096
 7291 DLAMMKV   -4.5261   -6.5972   -2.0711    0.2096
 7292 MLAMDKV   -6.0975   -8.2801   -2.1826    0.2096
 7293 MLAKDMV   -6.0846   -8.2672   -2.1826    0.2096
 7294 MLKADVM   -5.2270   -7.1868   -1.9597    0.2096
 7295 MLKADMV   -6.2404   -8.2002   -1.9597    0.2096
 7296 KLMADMV   -5.9155   -7.9866   -2.0711    0.2096
 7297 KLMADVM   -6.3944   -8.4655   -2.0711    0.2096
 7298 KLLGDVM   -5.5510   -8.2641   -2.7131    0.2096
 7299 KLLGDVM   -6.1627   -8.8758   -2.7131    0.2096
 7300 MLVGDLK   -6.7597   -9.4728   -2.7131    0.2096
 7301 MLVGDLE   -7.3485  -10.8716   -3.5231    0.2096
 7302 MLVGDLK   -6.7648   -9.4779   -2.7131    0.2096
 7303 MLLGDKV   -6.1684   -8.9929   -2.8246    0.2096
 7304 MLLGDKV   -7.4623  -10.2869   -2.8246    0.2096
 7305 MLLGYDD   -5.3213   -9.1396   -3.8183    0.2096
 7306 MLLGDEY   -4.0976   -8.2330   -4.1354    0.2096
 7307 MLLGDDY   -3.6823   -7.5006   -3.8183    0.2096
 7308 MLLGEEM   -6.7704  -10.7967   -4.0263    0.2096
 7309 KLLGEMM   -6.8013   -9.9061   -3.1049    0.2096
 7310 KLLGEMM   -6.8013   -9.9061   -3.1049    0.2096
 7311 KLLGEMM   -6.8013   -9.9061   -3.1049    0.2096
 7312 KLLGEMM   -6.8013   -9.9061   -3.1049    0.2096
 7313 KLMGEMM   -7.1798   -9.4638   -2.2840    0.2096
 7314 KLMGEMV   -7.9506  -10.2400   -2.2894    0.2096
 7315 KLIGEMV   -9.0502  -10.8508   -1.8006    0.2096
 7316 KLIGEMV   -9.0502  -10.8508   -1.8006    0.2096
 7317 KLIGEMV   -9.0502  -10.8508   -1.8006    0.2096
 7318 MLIGEKV   -7.2777   -9.1897   -1.9120    0.2096
 7319 MLIGDKI   -5.0082   -8.4288   -3.4206    0.2096
 7320 MLMGDKM   -5.3114   -7.3897   -2.0783    0.2096
 7321 MLKGEMM   -7.5159   -9.7999   -2.2840    0.2096
 7322 MLKGMEM   -8.5036  -10.6762   -2.1726    0.2096
 7323 MLKGFEM   -7.8245   -9.2839   -1.4594    0.2096
 7324 MLKGFDM   -7.3103   -8.4526   -1.1423    0.2096
 7325 MLKGFDM   -7.3103   -8.4526   -1.1423    0.2096
 7326 MLKGVDM   -7.3060   -9.1669   -1.8609    0.2096
 7327 MLKGVDM   -7.3060   -9.1669   -1.8609    0.2096
 7328 MLKGMDV   -9.4538  -11.3147   -1.8609    0.2096
 7329 MLKGMDV   -9.4538  -11.3147   -1.8609    0.2096
 7330 MLKGMDV   -9.4538  -11.3147   -1.8609    0.2096
 7331 MLKGMDV   -9.4538  -11.3147   -1.8609    0.2096
 7332 MLKGMDV   -9.4538  -11.3147   -1.8609    0.2096
 7333 MLKGMDV   -9.4538  -11.3147   -1.8609    0.2096
 7334 MLKGMDV   -9.4538  -11.3147   -1.8609    0.2096
 7335 MLKGMDV   -9.4490  -11.3099   -1.8609    0.2096
 7336 MLKGVDY   -5.4685   -8.1557   -2.6871    0.2096
 7337 MLKGMDF   -7.8005   -8.9428   -1.1423    0.2096
 7338 MLRGFDM   -6.7733  -11.2796   -4.5063    0.2096
 7339 MLRGFDM   -6.7733  -11.2796   -4.5063    0.2096
 7340 MLEGMEF   -2.8210   -5.0904   -2.2694    0.2096
 7341 MLEGEIM   -4.0932   -6.7783   -2.6851    0.2096
 7342 MLMGEEI   -6.5203   -9.3168   -2.7966    0.2096
 7343 MLMGEEI   -6.5203   -9.3168   -2.7966    0.2096
 7344 MLMGEEI   -6.5203   -9.3168   -2.7966    0.2096
 7345 MLMGEEI   -6.5203   -9.3168   -2.7966    0.2096
 7346 MLMGDVE   -6.5543   -9.3366   -2.7823    0.2096
 7347 MLVGEVD   -9.5359  -12.3236   -2.7877    0.2096
 7348 MLGVVED   -6.6044   -9.5036   -2.8991    0.2096
 7349 MLGVMDD   -7.9111  -10.4877   -2.5766    0.2096
 7350 MLVVDDM   -5.9052   -9.7046   -3.7994    0.2096
 7351 MLVADKM   -6.5362   -8.7187   -2.1826    0.2096
 7352 MLKAEVM  -10.1870  -12.4639   -2.2769    0.2096
 7353 MLKAEVM  -10.1870  -12.4639   -2.2769    0.2096
 7354 MLKAEVM  -10.1870  -12.4639   -2.2769    0.2096
 7355 MLVAMKE   -7.7429  -10.3540   -2.6111    0.2096
 7356 MLVAMEE   -7.6554  -11.0766   -3.4211    0.2096
 7357 MLAVEEM   -7.5023  -10.8120   -3.3097    0.2096
 7358 MLVGEEM   -6.5526   -9.7635   -3.2109    0.2096
 7359 MLVGEMK   -6.2549   -8.5443   -2.2894    0.2096
 7360 MLVGEKM   -7.0229   -9.4238   -2.4009    0.2096
 7361 MLVGEKM   -7.0229   -9.4238   -2.4009    0.2096
 7362 MLVGEKM   -7.7320  -10.1329   -2.4009    0.2096
 7363 MLVGEKI   -8.1820  -10.0940   -1.9120    0.2096
 7364 MLKGEVI   -9.3967  -11.1973   -1.8006    0.2096
 7365 MLIGEVK  -10.1019  -11.9025   -1.8006    0.2096
 7366 ELIGMVK   -9.4296  -11.2302   -1.8006    0.2096
 7367 MLIGEVE   -9.2813  -11.8919   -2.6106    0.2096
 7368 MLIGEVD   -9.3237  -11.6171   -2.2934    0.2096
 7369 MLIGEVD   -9.3237  -11.6171   -2.2934    0.2096
 7370 DLIGDVM   -6.5268   -8.5031   -1.9763    0.2096
 7371 DLIGVKM   -8.6397  -10.0117   -1.3720    0.2096
 7372 MLIGDKV   -9.6213  -11.2161   -1.5949    0.2096
 7373 MLKGEIL   -5.8571  -10.7131   -4.8560    0.2096
 7374 MLKGEIL   -5.8571  -10.7131   -4.8560    0.2096
 7375 MLKGEIL   -5.8571  -10.7131   -4.8560    0.2096
 7376 MLKGEIL   -5.5307  -10.3867   -4.8560    0.2057
 7377 MLKGDLI   -5.7119  -10.2508   -4.5389    0.2057
 7378 MLKGDLM   -6.7675   -9.5553   -2.7877    0.2057
 7379 MLKGELM   -6.9927  -10.0976   -3.1049    0.2057
 7380 MLKGELM   -6.9927  -10.0976   -3.1049    0.2057
 7381 MLMGELK   -7.9166  -11.0214   -3.1049    0.2057
 7382 MLVGELK   -7.9807  -11.0110   -3.0303    0.2057
 7383 MLKGEVV   -9.2732  -11.5680   -2.2949    0.2057
 7384 MLKGEVI   -9.3735  -11.1741   -1.8006    0.2057
 7385 MLIGEKV   -9.6811  -11.5931   -1.9120    0.2057
 7386 MLIGEKV   -9.6811  -11.5931   -1.9120    0.2057
 7387 MLIGEDV   -8.0558  -10.4607   -2.4049    0.2057
 7388 MLIGEDV   -8.0558  -10.4607   -2.4049    0.2057
 7389 MLIGEDI   -5.9072  -10.1378   -4.2306    0.2057
 7390 ALIGEDI   -5.5921   -9.0241   -3.4320    0.2057
 7391 ALIGEKI   -5.1221   -8.0612   -2.9391    0.2057
 7392 ALIGEKI   -5.1221   -8.0612   -2.9391    0.2057
 7393 ALIGEKW   -4.4321   -7.7658   -3.3337    0.2057
 7394 ALKGEIW   -5.2496   -8.4719   -3.2223    0.2057
 7395 GLKGWIE   -5.9349   -7.5783   -1.6434    0.2057
 7396 GLKGWIE   -5.9349   -7.5783   -1.6434    0.2057
 7397 GLKGIIE   -5.6026   -8.3315   -2.7289    0.2057
 7398 GLKGEIM   -5.8353   -9.9330   -4.0977    0.2057
 7399 GLKGEIF   -7.1273   -9.6319   -2.5046    0.2057
 7400 GLKGEIL   -5.4320   -9.9506   -4.5186    0.2057
 7401 GLKGEIY   -4.7460   -9.6700   -4.9240    0.2057
 7402 GLVGEIK   -5.7342   -9.8374   -4.1031    0.2057
 7403 GLVGEIK   -5.7342   -9.8374   -4.1031    0.2057
 7404 KLIGEVG   -3.9647   -8.0678   -4.1031    0.2057
 7405 VLKGEGM   -4.3101   -9.7821   -5.4720    0.2057
 7406 VLKGEGM   -4.3101   -9.7821   -5.4720    0.2057
 7407 VLKGFGE   -5.3279   -9.2067   -3.8789    0.2057
 7408 GLEGFVE   -2.8551   -7.5440   -4.6889    0.2057
 7409 ALEGFVE   -2.9137   -7.7014   -4.7877    0.2057
 7410 ALEGFVE   -2.9137   -7.7014   -4.7877    0.2057
 7411 VLEGFIE   -2.8400   -6.8975   -4.0574    0.2057
 7412 VLVGEIE   -8.4901  -11.0261   -2.5360    0.2057
 7413 VLVGEIE   -8.4901  -11.0261   -2.5360    0.2057
 7414 VLVGDIK   -7.3935   -8.8024   -1.4089    0.2057
 7415 VLVGEID   -8.8515  -11.0704   -2.2189    0.2057
 7416 VLIGDVD   -8.1179  -10.0196   -1.9017    0.2057
 7417 VLVGELE   -7.3398  -11.1055   -3.7657    0.2057
 7418 LLVGEVE   -6.3884  -10.1541   -3.7657    0.2057
 7419 LLVGEVE   -6.3884  -10.1541   -3.7657    0.2057
 7420 LLGVEVE   -5.7336   -9.3879   -3.6543    0.2057
 7421 LLGVEVE   -5.7336   -9.3879   -3.6543    0.2057
 7422 LLGVEVE   -5.7336   -9.3879   -3.6543    0.2057
 7423 LLGVEVE   -5.7336   -9.3879   -3.6543    0.2057
 7424 LLGVEVE   -5.7336   -9.3879   -3.6543    0.2057
 7425 MLGVEVE   -7.4090  -10.4025   -2.9934    0.2057
 7426 MLGVEVE   -7.4090  -10.4025   -2.9934    0.2057
 7427 MLGWEVE   -5.6988   -9.5525   -3.8537    0.2057
 7428 MLGWDVE   -4.9309   -8.4675   -3.5366    0.2057
 7429 MLGFEVD   -6.6111   -8.4888   -1.8777    0.2057
 7430 FLGVDVD   -6.3764   -7.8624   -1.4860    0.2057
 7431 FLVGDMD   -6.6127   -8.2847   -1.6720    0.2057
 7432 FLVGDMD   -6.6127   -8.2847   -1.6720    0.2057
 7433 FLVGEMD   -7.6240   -9.6131   -1.9891    0.2057
 7434 FLVGEMD   -7.6240   -9.6131   -1.9891    0.2057
 7435 MLMGDVD   -6.9228   -9.3880   -2.4651    0.2057
 7436 MLMGDVD   -6.9228   -9.3880   -2.4651    0.2057
 7437 MLMGVDD   -4.8846   -7.4612   -2.5766    0.2057
 7438 MLGMVDD   -3.6766   -6.2531   -2.5766    0.2057
 7439 MLGMFDD   -4.6580   -6.5160   -1.8580    0.2057
 7440 MLGMFDD   -4.6580   -6.5160   -1.8580    0.2057
 7441 MLMGFDD   -6.2862   -8.1442   -1.8580    0.2057
 7442 FLMGMDD   -5.7798   -7.6378   -1.8580    0.2057
 7443 FLVGMDE   -4.7334   -6.8340   -2.1006    0.2057
 7444 FLVGDME   -4.9654   -6.9546   -1.9891    0.2057
 7445 FLVGDMD   -6.3765   -8.0485   -1.6720    0.2057
 7446 FLVGDVD   -7.7466   -9.3440   -1.5974    0.2057
 7447 FLIGDDV   -5.2114   -8.7460   -3.5346    0.2057
 7448 FLVGEDV   -7.4602   -9.4862   -2.0260    0.2057
 7449 FLGVEDV   -6.4437   -8.3583   -1.9146    0.2057
 7450 FLGVEDV   -6.4437   -8.3583   -1.9146    0.2057
 7451 FLGVDDV   -5.7370   -7.3344   -1.5974    0.2057
 7452 FLGVDDV   -5.7370   -7.3344   -1.5974    0.2057
 7453 FLGVDEV   -5.0263   -6.9408   -1.9146    0.2057
 7454 FLGVEDV   -5.6978   -7.6123   -1.9146    0.2057
 7455 FLVGDVD   -7.9473   -9.5447   -1.5974    0.2057
 7456 FLVGDVE   -6.6704   -8.5850   -1.9146    0.2057
 7457 FLVGDEV   -6.6099   -8.6359   -2.0260    0.2057
 7458 FLVGEEV   -7.1363   -9.4794   -2.3431    0.2057
 7459 FLVGEEV   -7.1363   -9.4794   -2.3431    0.2057
 7460 FLVGDEV   -6.4564   -8.4824   -2.0260    0.2057
 7461 FLMGDEV   -6.3478   -8.4484   -2.1006    0.2057
 7462 FLMGDVD   -7.6160   -9.2880   -1.6720    0.2057
 7463 FLMGDVD   -7.6160   -9.2880   -1.6720    0.2057
 7464 FLMGDVD   -7.6160   -9.2880   -1.6720    0.2057
 7465 MLFGDVD   -7.0062   -8.6782   -1.6720    0.2057
 7466 MLFGDVD   -7.0062   -8.6782   -1.6720    0.2057
 7467 MLFGDVD   -7.0062   -8.6782   -1.6720    0.2057
 7468 MLFGDVD   -7.0062   -8.6782   -1.6720    0.2057
 7469 MLLGEVD   -6.7998  -10.3229   -3.5231    0.2057
 7470 MLLGEVD   -6.7998  -10.3229   -3.5231    0.2057
 7471 MLMGEVD   -8.4451  -11.2274   -2.7823    0.2057
 7472 MLMGEVD   -8.4451  -11.2274   -2.7823    0.2057
 7473 MLMGEVD   -8.4451  -11.2274   -2.7823    0.2057
 7474 MLMGDVD   -7.5464  -10.0116   -2.4651    0.2057
 7475 MLMGEVD   -8.6607  -11.4430   -2.7823    0.2057
 7476 MLMGEDV   -6.7116   -9.6053   -2.8937    0.2057
 7477 MLMGEDV   -6.7116   -9.6053   -2.8937    0.2057
 7478 MLMGEDI   -5.0641   -7.5435   -2.4794    0.2057
 7479 MLMGEEI   -4.3490   -7.1456   -2.7966    0.2057
 7480 MLEGEMI   -2.7731   -5.4583   -2.6851    0.2057
 7481 MLEGEIM    0.0202   -2.6650   -2.6851    0.2057
 7482 MLEGEMA   -1.4220   -7.7975   -6.3754    0.2057
 7483 MLEGEMA   -0.7530   -7.1284   -6.3754    0.2057
 7484 MLAGELD   -2.5672   -9.0464   -6.4791    0.2057
 7485 MLAGELD   -2.5672   -9.0464   -6.4791    0.2057
 7486 ALMGELD   -4.6710  -11.1501   -6.4791    0.2057
 7487 ALMGDDL   -1.9889   -8.2623   -6.2734    0.2057
 7488 ALIGDKL   -6.2896  -10.7013   -4.4117    0.2057
 7489 ALIGDKL   -6.2896  -10.7013   -4.4117    0.2057
 7490 ALIGDKL   -6.2896  -10.7013   -4.4117    0.2057
 7491 ALLGDDI   -4.7175   -9.6220   -4.9046    0.2057
 7492 ELGLDAI   -1.3540   -6.3528   -4.9989    0.2057
 7493 ELGLDAI   -1.3540   -6.3528   -4.9989    0.2057
 7494 ILGLDAK   -3.2337   -7.4226   -4.1889    0.2057
 7495 ILGLEAE   -4.0229   -9.3389   -5.3160    0.2057
 7496 ILIGEAK   -6.7810   -9.6087   -2.8277    0.2057
 7497 ILIGEAK   -6.7810   -9.6087   -2.8277    0.2057
 7498 MLIGEIK   -5.7915   -9.4178   -3.6263    0.2057
 7499 MLIGEID   -5.4627   -9.5818   -4.1191    0.2057
 7500 MLIGEID   -5.4627   -9.5818   -4.1191    0.2057
 7501 MLIGEID   -5.4627   -9.5818   -4.1191    0.2057
 7502 MLIGDID   -4.3139   -8.1159   -3.8020    0.2057
 7503 MLIGDDL   -4.6896   -9.8327   -5.1431    0.2057
 7504 MLIGDDM   -7.1834   -9.3457   -2.1623    0.2057
 7505 MLLGDDM   -5.7057   -9.0977   -3.3920    0.2057
 7506 MLLGDDM   -5.7057   -9.0977   -3.3920    0.2057
 7507 MLVGDDM   -6.6977   -9.2743   -2.5766    0.2057
 7508 MLVGDMD   -7.1587   -9.6238   -2.4651    0.2057
 7509 FLVGDMD   -6.7894   -8.4614   -1.6720    0.2057
 7510 ALVGDMD   -4.5276  -10.2741   -5.7466    0.2057
 7511 GLVGDMD   -4.0605   -9.7082   -5.6477    0.2057
 7512 MLVGDGD   -2.2450   -8.0042   -5.7591    0.2057
 7513 WLVGDGD   -5.7350   -9.0398   -3.3049    0.2057
 7514 WLVGDGD   -5.7350   -9.0398   -3.3049    0.2057
 7515 WLVGDGD   -5.7350   -9.0398   -3.3049    0.2057
 7516 WLVGDGD   -5.7350   -9.0398   -3.3049    0.2057
 7517 WLVGEGD   -7.0533  -10.6753   -3.6220    0.2057
 7518 WLIGDGD   -5.1061   -7.0366   -1.9306    0.2057
 7519 WLIGDGD   -5.1061   -7.0366   -1.9306    0.2057
 7520 WLVGDGD   -5.8302   -9.1350   -3.3049    0.2057
 7521 WLVGEGD   -7.0085  -10.6305   -3.6220    0.2057
 7522 WLVGDGD   -5.7416   -9.0465   -3.3049    0.2057
 7523 WLVGDGD   -5.7416   -9.0465   -3.3049    0.2057
 7524 FLVGDGD   -5.1197   -9.2857   -4.1660    0.2057
 7525 FLFGDGD   -6.5602   -9.1276   -2.5674    0.2057
 7526 FLFGDGD   -6.5602   -9.1276   -2.5674    0.2057
 7527 MLFGDGD   -5.8169   -9.9775   -4.1606    0.2057
 7528 MLWGDGD   -5.7538   -9.0532   -3.2994    0.2057
 7529 MLWGDGD   -5.7538   -9.0532   -3.2994    0.2057
 7530 MLWGEGD   -6.5316  -10.1482   -3.6166    0.2057
 7531 MLWGEGD   -6.5316  -10.1482   -3.6166    0.2057
 7532 MLWGEGK   -5.4900   -8.6137   -3.1237    0.2057
 7533 MLWGEGE   -5.0363   -8.9700   -3.9337    0.2057
 7534 MLWGEGK   -5.4478   -8.5715   -3.1237    0.2057
 7535 MLGKWGE   -2.2865   -5.2988   -3.0123    0.2057
 7536 WLEGFGK   -1.5054   -2.9246   -1.4191    0.2057
 7537 WLKGFGE   -3.4048   -4.8239   -1.4191    0.2057
 7538 WLKGFGE   -3.4048   -4.8239   -1.4191    0.2057
 7539 FLKGFGE   -0.7413   -3.0216   -2.2803    0.2057
 7540 KLFGFGE   -4.5839   -6.8642   -2.2803    0.2057
 7541 MLKGFGE   -4.2754   -8.1488   -3.8734    0.2057
 7542 MLKGFGE   -4.2754   -8.1488   -3.8734    0.2057
 7543 KLMGIGD   -4.3212   -8.1018   -3.7806    0.2057
 7544 KLMGIGD   -4.3212   -8.1018   -3.7806    0.2057
 7545 KLMGIGD   -4.3212   -8.1018   -3.7806    0.2057
 7546 KLVGVGD   -4.5850   -9.7453   -5.1603    0.2057
 7547 KLVGVGD   -4.5850   -9.7453   -5.1603    0.2057
 7548 KLGLVGD   -2.9821   -8.5578   -5.5757    0.2057
 7549 KLGIVGD   -3.2102   -6.9962   -3.7860    0.2057
 7550 KLGWDGV   -5.9279   -8.5171   -2.5891    0.2057
 7551 KLGWDGV   -5.9279   -8.5171   -2.5891    0.2057
 7552 KLGWDGV   -5.9279   -8.5171   -2.5891    0.2057
 7553 KLWGEGV   -7.4439  -10.4616   -3.0177    0.2057
 7554 WLKGEGV   -7.9268  -10.9446   -3.0177    0.2057
 7555 KLWGEGV   -7.9525  -10.9702   -3.0177    0.2057
 7556 KLWGEGV   -7.9563  -10.9740   -3.0177    0.2057
 7557 KLFGEGV   -7.9516  -11.8305   -3.8789    0.2057
 7558 KLFGWGE   -8.2873   -9.7065   -1.4191    0.2057
 7559 KLFGWGE   -8.2873   -9.7065   -1.4191    0.2057
 7560 KLFGWGE   -8.2873   -9.7065   -1.4191    0.2057
 7561 KLVGWGE   -6.7631   -9.7808   -3.0177    0.2057
 7562 WLVGEGK   -7.0561  -10.1852   -3.1291    0.2057
 7563 WLVGDGK   -6.5337   -9.3457   -2.8120    0.2057
 7564 WLVGDGK   -6.5337   -9.3457   -2.8120    0.2057
 7565 KLVGDGW   -5.4737   -8.1743   -2.7006    0.2057
 7566 KLVGWGD   -6.0291   -8.7297   -2.7006    0.2057
 7567 KLVGWGD   -6.0291   -8.7297   -2.7006    0.2057
 7568 KLLGWGD   -5.8432   -8.9592   -3.1160    0.2057
 7569 KLLGWGD   -5.8432   -8.9592   -3.1160    0.2057
 7570 KLGIDGW   -4.5632   -5.7781   -1.2149    0.2057
 7571 KLGIDGW   -4.5632   -5.7781   -1.2149    0.2057
 7572 KLGIWGD   -4.8256   -6.1518   -1.3263    0.2057
 7573 KLGVWGD   -5.1065   -7.8071   -2.7006    0.2057
 7574 KLGVWGD   -5.1065   -7.8071   -2.7006    0.2057
 7575 KLGVWGD   -5.1065   -7.8071   -2.7006    0.2057
 7576 KLGVWGE   -4.9751   -7.9928   -3.0177    0.2057
 7577 KLGVWGE   -7.1053  -10.1231   -3.0177    0.2269
 7578 KLGVWDG   -5.4837   -8.1843   -2.7006    0.2269
 7579 KLAVWDG   -5.6618   -8.5727   -2.9109    0.2269
 7580 KLAVWDG   -5.6618   -8.5727   -2.9109    0.2269
 7581 KLVAWGD   -7.4472  -10.3580   -2.9109    0.2269
 7582 KLFAWGD   -6.7054   -9.4177   -2.7123    0.2269
 7583 KLFAWGE   -6.4663   -9.4957   -3.0294    0.2269
 7584 KLWAFGD   -5.7532   -8.4655   -2.7123    0.2269
 7585 KLWAFGD   -5.7532   -8.4655   -2.7123    0.2269
 7586 KLWAFGD   -5.7532   -8.4655   -2.7123    0.2269
 7587 KLAFWGD   -6.0182   -8.7305   -2.7123    0.2269
 7588 KLAFFGD   -6.5585   -8.7319   -2.1734    0.2269
 7589 KLALFGD   -6.1948  -10.3822   -4.1874    0.2269
 7590 KLALFGD   -6.1948  -10.3822   -4.1874    0.2269
 7591 KLALFGE   -6.1553  -10.6599   -4.5046    0.2269
 7592 KLALFGE   -6.1553  -10.6599   -4.5046    0.2269
 7593 KLALFGE   -6.1553  -10.6599   -4.5046    0.2269
 7594 KLALFGE   -6.1553  -10.6599   -4.5046    0.2269
 7595 KLAFFGE   -6.3457   -8.8363   -2.4906    0.2269
 7596 KLAFFGE   -6.3457   -8.8363   -2.4906    0.2269
 7597 KLAMIGE   -3.4393   -7.7473   -4.3080    0.2269
 7598 FLKAIGE   -4.8083   -7.4117   -2.6034    0.2269
 7599 KLIAEGF   -5.4612   -8.0646   -2.6034    0.2269
 7600 KLIADGF   -5.4328   -7.7191   -2.2863    0.2269
 7601 KLLVDGF   -6.1788  -10.3388   -4.1600    0.2269
 7602 KLLVEGV   -9.3631  -12.3189   -2.9557    0.2269
 7603 KLIVEGV   -9.6717  -11.3977   -1.7260    0.2269
 7604 KLIVEGV   -9.6717  -11.3977   -1.7260    0.2269
 7605 KLVVEGV   -8.8733  -11.1736   -2.3003    0.2269
 7606 KLVVEGV   -8.8733  -11.1736   -2.3003    0.2269
 7607 VLVVEGE   -7.8334  -11.0551   -3.2217    0.2269
 7608 VLVVEGK   -8.2744  -10.6861   -2.4117    0.2269
 7609 VLVVDGK   -8.5135  -10.6080   -2.0946    0.2269
 7610 KLVVGDV   -6.7086   -8.6918   -1.9831    0.2269
 7611 KLVVEGV   -7.1666   -9.4669   -2.3003    0.2269
 7612 KLVLEGV   -5.2206   -8.1763   -2.9557    0.2269
 7613 FLVKEGV   -7.9695   -9.5026   -1.5331    0.2269
 7614 FLVKEGV   -7.9695   -9.5026   -1.5331    0.2269
 7615 VLVKEGF   -6.1701   -7.7032   -1.5331    0.2269
 7616 FLKVEGV   -7.0056   -8.3159   -1.3103    0.2269
 7617 FLKVEGV   -7.8701   -9.1804   -1.3103    0.2269
 7618 FLKVEGV   -7.8701   -9.1804   -1.3103    0.2269
 7619 FLKVEGV   -7.8701   -9.1804   -1.3103    0.2269
 7620 FLKVEGV   -8.0001   -9.3104   -1.3103    0.2269
 7621 KLFVEGV   -8.0927   -9.5144   -1.4217    0.2269
 7622 KLVVEGV   -9.7314  -12.0317   -2.3003    0.2269
 7623 KLVVEGV   -9.7314  -12.0317   -2.3003    0.2269
 7624 KLVVEGV   -9.7314  -12.0317   -2.3003    0.2269
 7625 KLVVEGV   -9.7314  -12.0317   -2.3003    0.2269
 7626 KLVVEGV   -9.7314  -12.0317   -2.3003    0.2269
 7627 KLVVEGV   -9.7314  -12.0317   -2.3003    0.2269
 7628 VLEVEGV   -7.0789  -10.0777   -2.9989    0.2269
 7629 VLGVDEL   -5.4324   -8.8810   -3.4486    0.2269
 7630 VLGLDDV   -6.3828   -9.5142   -3.1314    0.2269
 7631 MLGLDDV   -6.1558   -9.3618   -3.2060    0.2269
 7632 MLGLEDV   -6.7434  -10.2665   -3.5231    0.2269
 7633 MLGLEDV   -6.7434  -10.2665   -3.5231    0.2269
 7634 MLGLEDV   -6.7434  -10.2665   -3.5231    0.2269
 7635 VLLGEDV   -7.3867  -10.9467   -3.5600    0.2269
 7636 VLLGEDV   -7.3867  -10.9467   -3.5600    0.2269
 7637 VLLGEDV   -7.3867  -10.9467   -3.5600    0.2269
 7638 VLLGVDD   -5.9155   -9.1584   -3.2429    0.2269
 7639 VLGLIDD   -3.5168   -8.5853   -5.0686    0.2269
 7640 VLGVIDD   -6.2201   -8.2332   -2.0131    0.2269
 7641 VLGVMDD   -7.6524  -10.2344   -2.5820    0.2269
 7642 VLGVFDD   -7.8563   -9.5652   -1.7089    0.2269
 7643 VLGVFDD   -7.8563   -9.5652   -1.7089    0.2269
 7644 VLGVYDE   -5.7641   -9.4895   -3.7254    0.2269
 7645 VLVGMDE   -7.3473  -10.2464   -2.8991    0.2269
 7646 VLMGIDE   -6.4601   -8.8649   -2.4049    0.2269
 7647 ILVGMDE   -7.7079  -10.1128   -2.4049    0.2269
 7648 ILVGDMD   -7.5182   -9.4945   -1.9763    0.2269
 7649 ILIGDEM   -6.7470  -10.9776   -4.2306    0.2269
 7650 ILLGDEM   -4.5702  -10.0305   -5.4603    0.2269
 7651 ILLGDEM   -4.5702  -10.0305   -5.4603    0.2269
 7652 MLMGDEW   -4.2200   -8.0540   -3.8340    0.2269
 7653 VLEGDMI   -4.3698   -6.6632   -2.2934    0.2269
 7654 ILEGDGV   -3.1181   -7.7141   -4.5960    0.2269
 7655 ILEGDGV   -3.1181   -7.7141   -4.5960    0.2269
 7656 ILDGDGV   -2.2935   -6.5724   -4.2789    0.2269
 7657 VLGYDEI   -3.5122   -5.7519   -2.2397    0.2269
 7658 ILGFEDV   -2.6888   -6.4290   -3.7403    0.2269
 7659 ILGFVDK   -0.7693   -3.8110   -3.0417    0.2269
 7660 ILGFVDK   -0.7417   -3.7834   -3.0417    0.2269
 7661 VLGFFKD   -1.6748   -4.4122   -2.7374    0.2269
 7662 VLGFFEK   -3.4009   -6.4554   -3.0546    0.2269
 7663 VLGFAEK   -2.4386   -6.5278   -4.0891    0.2269
 7664 ELGFVVK   -3.8178   -5.2395   -1.4217    0.2269
 7665 KLGFEVM   -3.4443   -4.8292   -1.3849    0.2269
 7666 KLGFEGM   -0.6744   -4.4364   -3.7620    0.2269
 7667 KLGFMME   -2.6311   -4.2020   -1.5709    0.2269
 7668 KLMVDMG   -4.3550   -6.3273   -1.9723    0.2269
 7669 KLMVDVG   -6.1971   -8.1749   -1.9777    0.2269
 7670 KLMVDGI   -4.9315   -6.4150   -1.4834    0.2269
 7671 ELMVEGV   -6.9135  -10.0184   -3.1049    0.2269
 7672 ELMVDGV   -6.9056   -9.6934   -2.7877    0.2269
 7673 GLVVDEV   -6.5043   -9.4089   -2.9046    0.2269
 7674 GLLVDEV   -7.0952  -10.6552   -3.5600    0.2269
 7675 GLLVDVE   -8.0724  -11.5210   -3.4486    0.2269
 7676 GLVVDVE   -7.9342  -10.7273   -2.7931    0.2269
 7677 GLVVDVK   -8.1160  -10.0991   -1.9831    0.2269
 7678 GLVVDVK   -8.1160  -10.0991   -1.9831    0.2269
 7679 GLMVDVK   -9.2776  -11.2553   -1.9777    0.2269
 7680 GLMVDVD   -9.7445  -12.2150   -2.4706    0.2269
 7681 GLMVEVD   -9.4118  -12.1995   -2.7877    0.2269
 7682 GLMVEVD   -9.4118  -12.1995   -2.7877    0.2269
 7683 GLMVVDE   -7.1697  -10.1803   -3.0106    0.2269
 7684 GLMVWDD   -7.3631  -10.9168   -3.5537    0.2269
 7685 GLMVIDD   -9.5808  -11.7799   -2.1991    0.2269
 7686 GLDMIVD   -5.3017   -7.2780   -1.9763    0.2269
 7687 GLMIDVD   -7.7481   -9.7244   -1.9763    0.2269
 7688 GLMIDVD   -7.7481   -9.7244   -1.9763    0.2269
 7689 GLMIDVD   -7.7274   -9.7037   -1.9763    0.2269
 7690 GLMLEVD   -6.7393  -10.2625   -3.5231    0.2269
 7691 GLMLEVK   -6.3562   -9.3865   -3.0303    0.2269
 7692 GLMVELD   -6.6893  -10.2125   -3.5231    0.2269
 7693 GLMVDLE   -6.5176  -10.0407   -3.5231    0.2269
 7694 GLVVDLE   -7.1138  -10.5624   -3.4486    0.2269
 7695 GLVVDLE   -7.1138  -10.5624   -3.4486    0.2269
 7696 GLLVDVD   -8.4227  -11.5541   -3.1314    0.2269
 7697 GLLVDKY   -6.5365   -9.8674   -3.3309    0.2269
 7698 GLLVDKY   -6.6195   -9.9504   -3.3309    0.2269
 7699 GLLVYKE   -6.1360   -9.8954   -3.7594    0.2269
 7700 GLLVYKD   -6.2735   -9.7158   -3.4423    0.2269
 7701 GLLVDKY   -6.2866   -9.6174   -3.3309    0.2269
 7702 MLLVDKY   -3.4486   -9.1569   -5.7083    0.2269
 7703 MLLVEAE   -4.0201   -9.6392   -5.6191    0.2269
 7704 MLLVELE   -0.3623  -10.7209  -10.3586    0.2269
 7705 MLLVEGE   -6.3585  -10.3102   -3.9517    0.2269
 7706 MLLVDGE   -5.8315   -9.4661   -3.6346    0.2269
 7707 ELLVDGM   -6.3638   -9.8869   -3.5231    0.2269
 7708 KLLVDGM   -7.3146  -10.0278   -2.7131    0.2269
 7709 KLVVDGM   -7.0602   -9.0379   -1.9777    0.2269
 7710 KLIVDGV   -8.2570   -9.6659   -1.4089    0.2269
 7711 KLIVEGV   -8.3911  -10.1171   -1.7260    0.2269
 7712 KLIVEGV   -8.3911  -10.1171   -1.7260    0.2269
 7713 KLIVEGM   -7.8246   -9.6251   -1.8006    0.2269
 7714 MLIKEGV   -8.9774  -10.8894   -1.9120    0.2269
 7715 MLVVEGK   -7.9681  -10.3744   -2.4063    0.2269
 7716 MLVVEGD  -10.0813  -12.9804   -2.8991    0.2269
 7717 MLVMEGD   -8.5723  -11.4660   -2.8937    0.2269
 7718 MLMDEGV   -5.4993   -8.3930   -2.8937    0.2269
 7719 MLMDEGV   -5.4993   -8.3930   -2.8937    0.2269
 7720 MLMKEGI   -6.2122   -8.1988   -1.9866    0.2269
 7721 VLMKDGI   -4.8004   -6.3952   -1.5949    0.2269
 7722 KLMVDGL   -4.1296   -6.8427   -2.7131    0.2269
 7723 KLMLDGM   -3.9697   -6.7574   -2.7877    0.2269
 7724 KLMVDGM   -6.1609   -8.1331   -1.9723    0.2269
 7725 KLMVDGM   -6.1609   -8.1331   -1.9723    0.2269
 7726 MLKVDGL   -9.2259  -11.8276   -2.6017    0.2269
 7727 MLKVDGL   -9.2259  -11.8276   -2.6017    0.2269
 7728 MLKVDGL   -9.2259  -11.8276   -2.6017    0.2269
 7729 MLLVDGK   -9.2094  -12.0340   -2.8246    0.2269
 7730 VLIVDGK   -8.8719  -10.3922   -1.5203    0.2269
 7731 ALIVDGK   -6.1367  -10.1330   -3.9963    0.2269
 7732 KLIVDGV   -9.3176  -10.7265   -1.4089    0.2269
 7733 KLVIDGV   -8.3448   -9.7537   -1.4089    0.2269
 7734 KLIVDGV   -9.4418  -10.8507   -1.4089    0.2269
 7735 KLIVDGV   -9.4418  -10.8507   -1.4089    0.2269
 7736 KLIVEGV   -9.5418  -11.2678   -1.7260    0.2269
 7737 KLIVEGV   -9.5418  -11.2678   -1.7260    0.2269
 7738 KLVVEGV   -9.0395  -11.3398   -2.3003    0.2269
 7739 KLLVEGV   -9.5077  -12.4634   -2.9557    0.2269
 7740 KLLVEGV   -9.5077  -12.4634   -2.9557    0.2269
 7741 KLLVEGV   -9.5077  -12.4634   -2.9557    0.2269
 7742 KLLVEGV   -9.5077  -12.4634   -2.9557    0.2269
 7743 KLVVEGV   -9.0547  -11.3549   -2.3003    0.2269
 7744 KLVVEGL   -8.1194  -11.0751   -2.9557    0.2269
 7745 KLVVEGL   -8.1194  -11.0751   -2.9557    0.2269
 7746 KLLVEGV   -9.5198  -12.4755   -2.9557    0.2269
 7747 KLLVEGV   -9.5198  -12.4755   -2.9557    0.2269
 7748 KLLVDGI   -7.4892  -11.9535   -4.4643    0.2269
 7749 KLLVDGI   -6.6685  -11.1328   -4.4643    0.2269
 7750 KLLVDGM   -7.8768  -10.5899   -2.7131    0.2269
 7751 DLIVVGD   -5.6661   -7.6792   -2.0131    0.2269
 7752 ELVVIGK   -9.1322  -10.9696   -1.8374    0.2269
 7753 DLKVIGV   -6.6229   -7.9203   -1.2974    0.2269
 7754 DLVVIGK   -7.4057   -8.9260   -1.5203    0.2269
 7755 DLMVIGK   -7.5554   -9.1502   -1.5949    0.2269
 7756 DLVVIGK   -7.4594   -8.9797   -1.5203    0.2269
 7757 DLVVIGR   -5.4762  -10.3604   -4.8843    0.2269
 7758 ALIVDMR   -1.8137   -8.4399   -6.6263    0.2269
 7759 ALVADIK   -4.0529   -8.0367   -3.9837    0.2269
 7760 ALVAEFE   -4.2203   -9.1069   -4.8866    0.2269
 7761 ALVADFD   -4.4059   -8.6582   -4.2523    0.2269
 7762 ALAVDFD   -4.9759   -9.2282   -4.2523    0.2269
 7763 ALAVEFD   -5.4556  -10.0250   -4.5694    0.2269
 7764 ALDVEFA   -3.0328   -7.4908   -4.4580    0.2269
 7765 ALAVEFD   -5.4235   -9.9929   -4.5694    0.2269
 7766 ALAVEFE   -5.1760  -10.0625   -4.8866    0.2269
 7767 ALAVIEE   -5.6067  -10.9404   -5.3337    0.2269
 7768 ALVAIDE   -4.6346   -9.6511   -5.0166    0.2269
 7769 ALALIDK   -4.1629   -8.9449   -4.7820    0.2269
 7770 ALLAIDE   -4.3711   -9.9631   -5.5920    0.2269
 7771 KLALIAE   -2.1653   -7.1530   -4.9877    0.2269
 7772 KLALIVE   -0.7688   -7.4405   -6.6717    0.2269
 7773 KLAYIVE   -2.2504   -5.2875   -3.0371    0.2269
 7774 DLAGIVD   -1.9471   -6.3248   -4.3777    0.2269
 7775 DLAGEFI   -1.2981   -4.3944   -3.0963    0.2269
 7776 KLAGEII   -3.4471   -6.2748   -2.8277    0.2269
 7777 KLAGEVI   -3.7314   -7.9334   -4.2020    0.2269
 7778 KLAGEVI   -3.6412   -7.8432   -4.2020    0.2264
 7779 KLGVEIM   -5.1704   -6.8596   -1.6891    0.2264
 7780 KLGVMID   -5.3090   -6.7924   -1.4834    0.2264
 7781 DLGVMKI   -4.9689   -6.3409   -1.3720    0.2264
 7782 DLGVMIK   -5.2689   -6.7523   -1.4834    0.2264
 7783 DLGVMIK   -5.2689   -6.7523   -1.4834    0.2264
 7784 DLGVMKI   -5.8934   -7.2654   -1.3720    0.2264
 7785 DLGIMKM   -6.5468   -7.9933   -1.4466    0.2264
 7786 DLGIMKM   -6.5468   -7.9933   -1.4466    0.2264
 7787 DLGIMKM   -6.5468   -7.9933   -1.4466    0.2264
 7788 DLGIMDM   -4.8280   -6.7674   -1.9394    0.2264
 7789 DLGIMMK   -5.2576   -6.8156   -1.5580    0.2264
 7790 DLGIMMK   -5.2576   -6.8156   -1.5580    0.2264
 7791 DLGMMIK   -5.0542   -6.6122   -1.5580    0.2264
 7792 DLGMFVK   -5.6845   -6.8636   -1.1791    0.2264
 7793 DLGYFVK   -5.2479   -6.4533   -1.2054    0.2264
 7794 DLGYWVK   -4.2635   -6.4478   -2.1843    0.2264
 7795 DLGYWVD   -2.4556   -5.1328   -2.6771    0.2264
 7796 DLGYWVK   -4.1509   -6.3352   -2.1843    0.2264
 7797 DLGYWVK   -4.1509   -6.3352   -2.1843    0.2264
 7798 DLGMWVK   -5.2544   -8.0924   -2.8380    0.2264
 7799 ELGYWVK   -1.8465   -4.3480   -2.5014    0.2264
 7800 KLGYWVK    5.0694    2.0980   -2.9714    0.2264
 7801 DLGYFVK   -4.6293   -5.8347   -1.2054    0.2264
 7802 ELGYFVK   -2.5558   -4.0784   -1.5226    0.2264
 7803 ELGYFVK   -2.5558   -4.0784   -1.5226    0.2264
 7804 ELGIFVK   -2.7229   -5.9703   -3.2474    0.2264
 7805 ELGIIVK   -0.1802   -3.7319   -3.5517    0.2264
 7806 ILGEWAK   -3.0499   -6.2722   -3.2223    0.2264
 7807 ILGEFAK   -3.3903   -5.9938   -2.6034    0.2264
 7808 ILAGFDK   -2.9932   -5.3909   -2.3977    0.2264
 7809 ILAGFDD   -3.0195   -5.9101   -2.8906    0.2264
 7810 ILGAFDD   -3.2233   -6.1139   -2.8906    0.2264
 7811 GLIAFDD   -3.4456   -6.4476   -3.0020    0.2264
 7812 GLIAEFD   -6.5325   -9.6287   -3.0963    0.2264
 7813 GLIAEFD   -6.5325   -9.6287   -3.0963    0.2264
 7814 GLIAEFD   -6.5325   -9.6287   -3.0963    0.2264
 7815 GLIAEFD   -6.5325   -9.6287   -3.0963    0.2264
 7816 GLIAEFE   -7.2924  -10.7058   -3.4134    0.2264
 7817 GLIGEFD   -6.6396   -9.6370   -2.9974    0.2264
 7818 GLIGEVK   -6.4014  -10.5045   -4.1031    0.2264
 7819 GLIGEVK   -7.0248  -11.1279   -4.1031    0.2264
 7820 KLIGEVG   -7.5662  -11.6694   -4.1031    0.2264
 7821 KLIGEVA   -7.6103  -11.8123   -4.2020    0.2264
 7822 KLIGEVA   -7.6103  -11.8123   -4.2020    0.2264
 7823 KLIGEVF   -6.6982   -9.9456   -3.2474    0.2264
 7824 KLIGEVF   -6.6982   -9.9456   -3.2474    0.2264
 7825 KLVGEIF   -6.1551   -9.4025   -3.2474    0.2264
 7826 KLVGEIF   -6.1551   -9.4025   -3.2474    0.2264
 7827 KLIGEVG   -8.3079  -12.4110   -4.1031    0.2264
 7828 KLIGEVA   -8.3549  -12.5569   -4.2020    0.2264
 7829 KLIGEVG   -8.3079  -12.4110   -4.1031    0.2264
 7830 KLIGEVG   -8.3079  -12.4110   -4.1031    0.2264
 7831 KLIGEVG   -8.3079  -12.4110   -4.1031    0.2264
 7832 KLIGEVG   -8.3079  -12.4110   -4.1031    0.2264
 7833 KLIGEVA   -8.3549  -12.5569   -4.2020    0.2264
 7834 KLIGEVA   -8.3549  -12.5569   -4.2020    0.2264
 7835 MLIGDVK   -8.7077  -10.1911   -1.4834    0.2264
 7836 MLIGDVD  -10.2931  -12.2694   -1.9763    0.2264
 7837 MLIGDVD  -10.2931  -12.2694   -1.9763    0.2264
 7838 MLVGDMD   -8.7328  -11.1979   -2.4651    0.2264
 7839 MLMGEVD  -10.8556  -13.6379   -2.7823    0.2264
 7840 MLGMEDV   -7.7899  -10.5722   -2.7823    0.2264
 7841 MLGVEDI   -8.1625  -10.4559   -2.2934    0.2264
 7842 MLGVDEI   -6.9288   -9.2223   -2.2934    0.2264
 7843 DLMVIGE   -1.3544   -3.7593   -2.4049    0.2264
 7844 DLMVIGE   -1.6726   -4.0775   -2.4049    0.2264
 7845 VLDIDGM   -5.2941   -7.1590   -1.8649    0.2264
 7846 VLGFDDM   -5.8102   -7.4822   -1.6720    0.2264
 7847 VLGFDDM   -5.8102   -7.4822   -1.6720    0.2264
 7848 MLGFDDM   -4.0374   -5.7840   -1.7466    0.2264
 7849 VLGVDDM   -4.0835   -6.5541   -2.4706    0.2264
 7850 MLGMDDM   -4.5092   -6.9689   -2.4597    0.2264
 7851 ILGMDDM   -4.2004   -6.2512   -2.0509    0.2264
 7852 MLGIMED   -5.7795   -8.2589   -2.4794    0.2264
 7853 MLGIMED   -5.7795   -8.2589   -2.4794    0.2264
 7854 MLGIMDD   -6.0243   -8.1865   -2.1623    0.2264
 7855 MLGIMDE   -4.9119   -7.3913   -2.4794    0.2264
 7856 MLGIMDE   -4.9119   -7.3913   -2.4794    0.2264
 7857 MLGDMIE   -2.3549   -4.7229   -2.3680    0.2264
 7858 DLGMMIR   -2.0284   -6.9504   -4.9220    0.2264
 7859 DLGMMIR   -2.0284   -6.9504   -4.9220    0.2264
 7860 DLGIMMR   -1.8308   -6.7528   -4.9220    0.2264
 7861 MLGIDME   -6.1889   -8.4455   -2.2566    0.2264
 7862 MLGLMDE   -5.4593   -9.1684   -3.7091    0.2264
 7863 MLMGMDE   -6.7645   -9.6528   -2.8883    0.2264
 7864 MLMGMDK   -6.3560   -8.4343   -2.0783    0.2264
 7865 MLMGMDE   -6.8579   -9.7461   -2.8883    0.2264
 7866 MLMGEDM   -7.2351  -10.1234   -2.8883    0.2264
 7867 MLMGEDM   -7.2351  -10.1234   -2.8883    0.2264
 7868 MLMGEDV   -8.0177  -10.9114   -2.8937    0.2264
 7869 MLFGEDM   -6.7172   -8.8923   -2.1751    0.2264
 7870 MLEGMDF   -3.2532   -5.2055   -1.9523    0.2264
 7871 ELMGMDV   -4.6821   -7.3529   -2.6709    0.2264
 7872 KLGMMDV   -4.6784   -6.5392   -1.8609    0.2264
 7873 KLIGMDM   -3.4249   -4.8714   -1.4466    0.2264
 7874 KLIGMDM   -3.4249   -4.8714   -1.4466    0.2264
 7875 MLLGEDM   -5.6833   -9.3925   -3.7091    0.2264
 7876 MLMGEVK   -7.7362  -10.0256   -2.2894    0.2264
 7877 MLMGEVK   -7.7362  -10.0256   -2.2894    0.2264
 7878 MLFGEVK   -7.8270   -9.3233   -1.4963    0.2264
 7879 MLIGEVD  -10.0783  -12.3717   -2.2934    0.2264
 7880 MLIGEVD  -10.0783  -12.3717   -2.2934    0.2264
 7881 MLIGEVD  -10.0783  -12.3717   -2.2934    0.2264
 7882 MLIGEVD  -10.0783  -12.3717   -2.2934    0.2264
 7883 MLFGEVD   -9.4412  -11.4303   -1.9891    0.2264
 7884 FLMGEVD   -8.4682  -10.4574   -1.9891    0.2264
 7885 FLVGDVE   -6.8918   -8.8063   -1.9146    0.2264
 7886 FLVGDVE   -6.8918   -8.8063   -1.9146    0.2264
 7887 FLVGDVD   -8.2387   -9.8361   -1.5974    0.2264
 7888 FLVGEVD   -9.2559  -11.1705   -1.9146    0.2264
 7889 FLGVEVD   -8.2171  -10.0203   -1.8031    0.2264
 7890 FLVVEGD   -6.5273   -8.5533   -2.0260    0.2264
 7891 VLIVEGD   -8.9613  -11.2916   -2.3303    0.2264
 7892 VLIVEGD   -8.9613  -11.2916   -2.3303    0.2264
 7893 VLIVEGD   -9.1028  -11.4331   -2.3303    0.2264
 7894 VLIVEGD   -8.6502  -10.9804   -2.3303    0.2264
 7895 VLIVEGD   -8.6502  -10.9804   -2.3303    0.2264
 7896 ILIVEGE   -6.3472  -10.8203   -4.4731    0.2264
 7897 VLIVEGE   -8.4162  -11.0636   -2.6474    0.2264
 7898 VLIVEGD   -8.6384  -10.9687   -2.3303    0.2264
 7899 ILVVDGD   -7.2851   -9.2982   -2.0131    0.2264
 7900 ILVVDGD   -7.2851   -9.2982   -2.0131    0.2264
 7901 MLVIEGD   -7.9979  -10.4028   -2.4049    0.2264
 7902 MLVIEGD   -7.9979  -10.4028   -2.4049    0.2264
 7903 VLMIEGD   -8.1511  -10.5560   -2.4049    0.2264
 7904 ALIIDGD   -7.1729  -10.2877   -3.1149    0.2264
 7905 ALIIDGD   -7.1729  -10.2877   -3.1149    0.2264
 7906 MLIIDGD   -7.3248  -11.2383   -3.9134    0.2264
 7907 MLIIDGD   -7.3248  -11.2383   -3.9134    0.2264
 7908 MLIIDGD   -7.3248  -11.2383   -3.9134    0.2264
 7909 ALIIDGD   -7.1729  -10.2877   -3.1149    0.2264
 7910 ALIIEGK   -8.0609  -11.0000   -2.9391    0.2264
 7911 GLIIEGK   -7.8821  -10.7224   -2.8403    0.2264
 7912 GLIIEGK   -7.8821  -10.7224   -2.8403    0.2264
 7913 GLIIEGK   -7.8821  -10.7224   -2.8403    0.2264
 7914 YLIIDGK   -7.8618  -10.6287   -2.7669    0.2264
 7915 GLIIDGK   -7.3622   -9.8854   -2.5231    0.2264
 7916 GLIIDGK   -7.3622   -9.8854   -2.5231    0.2264
 7917 ALIIDGK   -7.4510  -10.0730   -2.6220    0.2264
 7918 KLIIDGA   -7.8993  -10.4098   -2.5106    0.2264
 7919 KLIIDGA   -7.8993  -10.4098   -2.5106    0.2264
 7920 KLIVAGD   -8.1672  -12.1635   -3.9963    0.2264
 7921 KLIVAGD   -8.1672  -12.1635   -3.9963    0.2264
 7922 DLIIAGK   -4.9958   -7.6178   -2.6220    0.2264
 7923 DLIIAGK   -4.9958   -7.6178   -2.6220    0.2264
 7924 KLIIAGE   -7.5121  -10.4513   -2.9391    0.2264
 7925 KLILAGE   -6.8106  -11.5395   -4.7289    0.2264
 7926 KLILEGM   -5.2994  -10.1554   -4.8560    0.2264
 7927 ILKLEGM   -1.2535   -5.9981   -4.7446    0.2264
 7928 VLEMEGL   -3.8395   -7.5684   -3.7289    0.2264
 7929 MLLMEGE   -4.2198   -8.2461   -4.0263    0.2264
 7930 MLMLEGE   -4.5660   -8.5923   -4.0263    0.2264
 7931 LLMMEGE   -4.1707   -8.1969   -4.0263    0.2264
 7932 ELMEAGM    1.8756   -4.3884   -6.2640    0.2264
 7933 ELMMAGE    1.9166   -4.5702   -6.4869    0.2264
 7934 KLMMYGE   -1.6730   -4.8947   -3.2217    0.2264
 7935 KLVMYGD   -3.2907   -6.2007   -2.9100    0.2264
 7936 KLVYWGD   -5.2019   -7.4977   -2.2957    0.2264
 7937 KLVWYGD   -4.8015   -7.0972   -2.2957    0.2264
 7938 KLVYWGD   -5.4003   -7.6961   -2.2957    0.2264
 7939 KLVYWGD   -5.4003   -7.6961   -2.2957    0.2264
 7940 KLVYEGW   -5.4322   -7.9336   -2.5014    0.2264
 7941 KLVVEGW   -8.0036  -11.0842   -3.0806    0.2264
 7942 KLVVDGW   -7.5876  -10.3510   -2.7634    0.2264
 7943 KLVVEGW   -8.3128  -11.3934   -3.0806    0.2264
 7944 KLVVEGW   -8.3128  -11.3934   -3.0806    0.2264
 7945 KLVVEGW   -8.3128  -11.3934   -3.0806    0.2264
 7946 KLGVEGW   -6.5675   -9.4738   -2.9063    0.2264
 7947 KLGWEGV   -6.6092   -9.5154   -2.9063    0.2264
 7948 KLGWEGV   -6.6092   -9.5154   -2.9063    0.2264
 7949 KLGWEGV   -6.6092   -9.5154   -2.9063    0.2264
 7950 KLGVEGV   -4.7990  -10.1650   -5.3660    0.2264
 7951 KLGVEGV   -4.7990  -10.1650   -5.3660    0.2264
 7952 KLGVEGV   -4.7990  -10.1650   -5.3660    0.2264
 7953 GLVVEVD   -7.7496  -10.5427   -2.7931    0.2264
 7954 GLVVEVE   -8.9593  -12.0695   -3.1103    0.2264
 7955 GLVVEFE   -8.3954  -10.6271   -2.2317    0.2264
 7956 VLVVEGE   -8.9059  -12.1276   -3.2217    0.2264
 7957 VLVIEGK   -7.9255   -9.7629   -1.8374    0.2264
 7958 GLIVEVD   -8.2632  -10.4821   -2.2189    0.2264
 7959 ILVVEGD  -10.0894  -12.4197   -2.3303    0.2264
 7960 ILVVEGD  -10.0894  -12.4197   -2.3303    0.2264
 7961 LLVVEGE   -9.4523  -13.3294   -3.8771    0.2264
 7962 VLVVEGE   -9.8767  -13.0984   -3.2217    0.2264
 7963 VLVVEGE   -9.8767  -13.0984   -3.2217    0.2264
 7964 ILVVEGD  -10.7094  -13.0397   -2.3303    0.2264
 7965 GLVVDME   -9.5417  -12.3294   -2.7877    0.2264
 7966 GLVVDME   -9.5417  -12.3294   -2.7877    0.2264
 7967 GLVVDMK   -9.5790  -11.5567   -1.9777    0.2264
 7968 MLVVDGK   -9.5553  -11.6445   -2.0891    0.2264
 7969 VLVVEGD  -10.4223  -13.3269   -2.9046    0.2264
 7970 MLVVEVD   -8.4669  -12.3975   -3.9306    0.2264
 7971 MLVVEDV   -8.2758  -12.3178   -4.0420    0.2264
 7972 MLIVEDV   -6.1128  -11.9805   -5.8677    0.2264
 7973 MLVIEEV   -5.0223  -11.2071   -6.1849    0.2264
 7974 MLIVEVD   -6.0348  -11.7911   -5.7563    0.2264
 7975 GLVIEDV   -8.8495  -11.1798   -2.3303    0.2264
 7976 GLVVEDI   -9.7268  -12.0571   -2.3303    0.2264
 7977 GLVVEDM   -9.3672  -12.2663   -2.8991    0.2264
 7978 GLVIEDM   -8.4820  -10.8868   -2.4049    0.2264
 7979 GLVLEDM   -7.9295  -11.5641   -3.6346    0.2264
 7980 GLVLDEM   -6.0458   -9.6804   -3.6346    0.2264
 7981 GLVLEDM   -8.1610  -11.7956   -3.6346    0.2264
 7982 GLVLEDM   -7.6362  -11.2708   -3.6346    0.2263
 7983 GLVLMDE   -7.3360  -11.0820   -3.7460    0.2263
 7984 GLVMFDD   -7.1089   -9.0037   -1.8949    0.2263
 7985 GLVEFDM   -5.6068   -7.4846   -1.8777    0.2263
 7986 GLVDFDM   -6.7264   -8.2870   -1.5606    0.2263
 7987 MLVDFGD   -8.4418  -10.1138   -1.6720    0.2263
 7988 MLVKFGD   -6.6409   -7.8200   -1.1791    0.2263
 7989 KLVMFGD   -8.9862  -10.2768   -1.2906    0.2263
 7990 KLVMFGD   -8.9862  -10.2768   -1.2906    0.2263
 7991 KLVMFGD   -8.9862  -10.2768   -1.2906    0.2263
 7992 KLVMFGD   -8.9862  -10.2768   -1.2906    0.2263
 7993 KLVMFGD   -8.9862  -10.2768   -1.2906    0.2263
 7994 KLVMFGD   -8.9862  -10.2768   -1.2906    0.2263
 7995 KLVMFGD   -8.9862  -10.2768   -1.2906    0.2263
 7996 KLVMFGD   -8.9862  -10.2768   -1.2906    0.2263
 7997 KLVMFGD   -8.9862  -10.2768   -1.2906    0.2263
 7998 KLVMFGD   -8.9862  -10.2768   -1.2906    0.2263
 7999 KLVLFGD   -6.6670  -10.9385   -4.2714    0.2263
 8000 KLVLWGD   -4.5652  -10.4955   -5.9303    0.2263
 8001 KLILGGE   -4.5418   -9.2832   -4.7414    0.2263
 8002 KLILFGE   -3.4082   -9.8225   -6.4143    0.2263
 8003 KLILAGE   -5.3826  -10.1115   -4.7289    0.2263
 8004 KLILAGE   -5.7914  -10.5202   -4.7289    0.2263
 8005 KLILAGE   -5.7914  -10.5202   -4.7289    0.2263
 8006 KLILAGE   -5.7914  -10.5202   -4.7289    0.2263
 8007 KLEFAGI   -4.2512   -6.7432   -2.4920    0.2263
 8008 KLEFAGI   -4.2512   -6.7432   -2.4920    0.2263
 8009 KLIAFGE   -6.6640   -9.3788   -2.7149    0.2263
 8010 KLFAEGI   -7.3480   -9.9514   -2.6034    0.2263
 8011 KLIAEGF   -6.4957   -9.0991   -2.6034    0.2263
 8012 ILKAEGF   -6.6508   -9.1428   -2.4920    0.2263
 8013 FLKAEGW   -6.7311   -9.5377   -2.8066    0.2263
 8014 FLKAEGW   -6.7311   -9.5377   -2.8066    0.2263
 8015 FLKADGF   -5.3412   -7.2917   -1.9506    0.2263
 8016 ILKADGF   -5.9125   -8.0873   -2.1749    0.2263
 8017 KLFAEGI   -6.3617   -8.9651   -2.6034    0.2263
 8018 KLIAEGF   -6.4681   -9.0715   -2.6034    0.2263
 8019 KLAEWGF   -1.9088   -4.7154   -2.8066    0.2263
 8020 KLAEWGF   -1.9088   -4.7154   -2.8066    0.2263
 8021 KLAEWGF   -2.3367   -5.1433   -2.8066    0.2263
 8022 KLAEWGF   -2.3367   -5.1433   -2.8066    0.2263
 8023 KLAFWGE   -4.3742   -7.4037   -3.0294    0.2263
 8024 ELEFWGA   -1.2761   -4.8927   -3.6166    0.2263
 8025 KLAEWGM   -3.9955   -6.9952   -2.9997    0.2263
 8026 KLAGWDM   -4.1829   -6.8655   -2.6826    0.2263
 8027 KLAGWDV   -4.4229   -7.1109   -2.6880    0.2263
 8028 KLGGVEV   -0.5539   -6.0313   -5.4774    0.2263
 8029 KLGGVEV   -0.5539   -6.0313   -5.4774    0.2263
 8030 KLGGVEV   -0.5539   -6.0313   -5.4774    0.2263
 8031 KLGWAEV   -0.3465   -3.3516   -3.0051    0.2263
 8032 KLGVAEG    0.7885   -7.9649   -8.7534    0.2263
 8033 KLGVGEG    1.4326   -7.2220   -8.6546    0.2263
 8034 KLIGYEV    3.3336    1.6982   -1.6354    0.2263
 8035 ELIGYDV   -2.7617   -4.8900   -2.1283    0.2263
 8036 ELVGFDV   -5.0562   -6.8593   -1.8031    0.2263
 8037 DLVGFKV   -7.2589   -8.2520   -0.9931    0.2263
 8038 DLVGVKF   -6.9324   -7.9256   -0.9931    0.2263
 8039 DLVGVKF   -6.9324   -7.9256   -0.9931    0.2263
 8040 KLVGFDV   -6.4914   -7.4845   -0.9931    0.2263
 8041 FLKGVDV   -5.2160   -6.2091   -0.9931    0.2263
 8042 FLKGVDV   -5.2160   -6.2091   -0.9931    0.2263
 8043 KLVGDFV   -3.6694   -4.7740   -1.1046    0.2263
 8044 VLKGEFV   -8.2180   -9.6398   -1.4217    0.2263
 8045 KLFGEVV   -9.2897  -10.7114   -1.4217    0.2263
 8046 KLFGEVV   -9.2897  -10.7114   -1.4217    0.2263
 8047 MLLGEVD   -8.5378  -12.0609   -3.5231    0.2263
 8048 MLIGEVD   -9.7812  -12.0747   -2.2934    0.2263
 8049 VLMGEVD   -9.0986  -11.8863   -2.7877    0.2263
 8050 VLMGEVD   -9.0386  -11.8263   -2.7877    0.2263
 8051 VLMGEVD   -9.0386  -11.8263   -2.7877    0.2263
 8052 MLVGEVD   -9.4936  -12.2814   -2.7877    0.2263
 8053 MLVGEVD   -9.4936  -12.2814   -2.7877    0.2263
 8054 MLVGEVE   -9.0811  -12.1859   -3.1049    0.2263
 8055 MLMGEVE   -9.3200  -12.4194   -3.0994    0.2263
 8056 MLMGEVE   -9.3200  -12.4194   -3.0994    0.2263
 8057 MLFGEVE   -9.1676  -11.4739   -2.3063    0.2263
 8058 FLMGDVE   -7.5037   -9.4928   -1.9891    0.2263
 8059 MLFGDVE   -7.9635   -9.9526   -1.9891    0.2263
 8060 MLFGDVE   -7.9635   -9.9526   -1.9891    0.2263
 8061 MLFGEVD   -9.4937  -11.4828   -1.9891    0.2263
 8062 ILLGEVD   -6.2387  -11.5129   -5.2743    0.2263
 8063 ILMGEVD   -9.0709  -11.3644   -2.2934    0.2263
 8064 ILMGEVD   -9.0709  -11.3644   -2.2934    0.2263
 8065 ILMGDVD   -8.1702  -10.1465   -1.9763    0.2263
 8066 YLMGDID   -4.8038   -6.7209   -1.9171    0.2263
 8067 YLIGDME   -4.3413   -6.5756   -2.2343    0.2263
 8068 YLIGDMD   -5.7168   -7.6339   -1.9171    0.2263
 8069 YLIGDMD   -5.7168   -7.6339   -1.9171    0.2263
 8070 MLIGEMD   -7.8516  -10.2196   -2.3680    0.2263
 8071 MLIGEMD   -7.8516  -10.2196   -2.3680    0.2263
 8072 MLIGEMD   -7.8516  -10.2196   -2.3680    0.2263
 8073 MLMGEID   -8.0237  -10.3917   -2.3680    0.2263
 8074 MLIGEMD   -7.4025   -9.7705   -2.3680    0.2263
 8075 MLIGEVD   -8.7847  -11.0781   -2.2934    0.2263
 8076 MLIGDVK   -5.9316   -7.4150   -1.4834    0.2263
 8077 MLIGEVK   -6.6574   -8.4580   -1.8006    0.2263
 8078 MLMGEVD   -9.1413  -11.9236   -2.7823    0.2263
 8079 MLMGEVD   -9.1413  -11.9236   -2.7823    0.2263
 8080 MLVGEVD   -8.8522  -11.6399   -2.7877    0.2263
 8081 FLVGEVD   -8.7699  -10.6845   -1.9146    0.2263
 8082 FLVGEDV   -7.5054   -9.5314   -2.0260    0.2263
 8083 FLVGEDV   -7.5054   -9.5314   -2.0260    0.2263
 8084 FLVGDDV   -6.6921   -8.4010   -1.7089    0.2263
 8085 FLDGDVV   -4.5706   -6.1680   -1.5974    0.2263
 8086 FLKGDVV   -9.4922  -10.5968   -1.1046    0.2263
 8087 FLKGYVD   -8.5117   -9.7171   -1.2054    0.2263
 8088 FLKGVDV   -7.7201   -8.7132   -0.9931    0.2263
 8089 FLKGVEV   -8.9077  -10.2180   -1.3103    0.2263
 8090 FLKGFEV   -7.6318  -10.4635   -2.8317    0.2263
 8091 GLKGFEV   -7.2794  -11.0468   -3.7674    0.2263
 8092 GLKGFEV   -7.2794  -11.0468   -3.7674    0.2263
 8093 GLKGFEF   -8.1475  -10.3164   -2.1689    0.2263
 8094 GLKGFEW   -8.9100  -10.2177   -1.3077    0.2263
 8095 GLKGFDW   -8.5458   -9.5364   -0.9906    0.2263
 8096 GLKGFDW   -8.5458   -9.5364   -0.9906    0.2263
 8097 GLKGWDW   -6.8351   -9.2046   -2.3694    0.2263
 8098 GLKGWDY   -5.8781   -9.2881   -3.4100    0.2263
 8099 GLKGWEL   -7.0473  -10.3691   -3.3217    0.2263
 8100 GLKGWEL   -7.0473  -10.3691   -3.3217    0.2263
 8101 GLKGWEM   -7.0819   -9.9827   -2.9009    0.2263
 8102 GLKGWEM   -7.0819   -9.9827   -2.9009    0.2263
 8103 GLKGWDM   -7.1748   -9.7585   -2.5837    0.2263
 8104 GLKGIDM   -6.6459  -10.3150   -3.6691    0.2263
 8105 GLKGIEM   -6.6143  -10.6006   -3.9863    0.2263
 8106 GLKGIEM   -6.6143  -10.6006   -3.9863    0.2263
 8107 GLKGIEI   -7.7391  -10.3566   -2.6174    0.2263
 8108 GLKGIEI   -7.7391  -10.3566   -2.6174    0.2263
 8109 GLKGIEI   -7.7391  -10.3566   -2.6174    0.2263
 8110 GLKGIEI   -7.7377  -10.3551   -2.6174    0.2263
 8111 GLKGIDW   -8.7128   -9.9276   -1.2149    0.2263
 8112 GLKGIEW   -8.7151  -10.2471   -1.5320    0.2263
 8113 GLKGIEW   -8.7151  -10.2471   -1.5320    0.2263
 8114 GLKGEVW   -8.1774  -11.1951   -3.0177    0.2263
 8115 GLKGEIW   -8.4010  -10.0445   -1.6434    0.2263
 8116 GLKGEII   -7.3172  -10.0460   -2.7289    0.2263
 8117 GLKGIEI   -7.5355  -10.1529   -2.6174    0.2263
 8118 GLKGIEY   -5.5546  -10.3672   -4.8126    0.2263
 8119 GLKGIDY   -5.4865   -9.9820   -4.4954    0.2263
 8120 GLKGIEY   -5.4688  -10.2813   -4.8126    0.2263
 8121 GLKGYEY   -2.9342   -9.9419   -7.0077    0.2263
 8122 GLKGYEY   -2.9342   -9.9419   -7.0077    0.2263
 8123 GLKGAEW   -4.3538  -10.5361   -6.1823    0.2263
 8124 GLKGVEW   -7.2371  -10.1434   -2.9063    0.2263
 8125 GLKGVEW   -7.2371  -10.1434   -2.9063    0.2263
 8126 GLKGWEV   -7.3321  -10.2384   -2.9063    0.2263
 8127 GLKGWEF   -8.2148   -9.5225   -1.3077    0.2263
 8128 GLKGIEW   -8.9691  -10.5011   -1.5320    0.2263
 8129 GLKGIEF   -7.7871  -10.1803   -2.3931    0.2263
 8130 GLKGIEW   -8.0282   -9.5602   -1.5320    0.2263
 8131 GLKGFDW   -7.9389   -8.9295   -0.9906    0.2263
 8132 GLKGFDW   -7.9389   -8.9295   -0.9906    0.2263
 8133 DLKGFGW   -5.5843   -6.5748   -0.9906    0.2263
 8134 DLKGWGF   -4.6765   -5.6671   -0.9906    0.2263
 8135 DLKGVGF   -4.1959   -7.6462   -3.4503    0.2263
 8136 DLFGVGK   -3.2953   -6.8570   -3.5617    0.2263
 8137 ELKGVGF   -5.3844   -9.1518   -3.7674    0.2263
 8138 ELKGFGV   -5.6292   -9.3966   -3.7674    0.2263
 8139 ELKGIGL   -4.1188   -8.5259   -4.4071    0.2263
 8140 ELKGIGL   -4.4018   -8.8089   -4.4071    0.2263
 8141 ILKGEGL   -6.4061  -10.9247   -4.5186    0.2263
 8142 ILKGEGI   -7.5612  -10.2900   -2.7289    0.2263
 8143 KLIGEGI   -8.1043  -10.8332   -2.7289    0.2263
 8144 KLIGEGI   -8.1043  -10.8332   -2.7289    0.2263
 8145 KLIGEGW   -8.9569  -10.6003   -1.6434    0.2263
 8146 KLIGWGE   -7.1747   -8.8181   -1.6434    0.2263
 8147 ELIGWGD   -5.9254   -8.0617   -2.1363    0.2263
 8148 DLIGWGD   -5.1818   -7.0009   -1.8191    0.2263
 8149 DLIGWGE   -5.0173   -7.1536   -2.1363    0.2263
 8150 WLIGDGE   -8.4468  -10.6946   -2.2477    0.2263
 8151 ILIGDGK   -6.9908   -9.5140   -2.5231    0.2263
 8152 ILIGDGD   -6.9950  -10.0110   -3.0160    0.2263
 8153 VLIGDGE   -6.2376  -10.9450   -4.7074    0.2263
 8154 VLIGDGE   -6.2376  -10.9450   -4.7074    0.2263
 8155 ILVGDAD   -6.3874  -10.7651   -4.3777    0.2263
 8156 ILGVEAD   -6.3249  -10.9083   -4.5834    0.2263
 8157 LLGVEAD   -4.5750  -10.9481   -6.3731    0.2263
 8158 LLGVEVD   -7.2982  -10.6354   -3.3371    0.2263
 8159 LLGVEVD   -7.2982  -10.6354   -3.3371    0.2263
 8160 LLGVEVD   -7.2982  -10.6354   -3.3371    0.2263
 8161 FLGVEVD   -7.9888   -9.7920   -1.8031    0.2263
 8162 ILGVEVD   -5.7770   -7.8844   -2.1074    0.2263
 8163 VLGVEIE   -6.1703   -8.5949   -2.4246    0.2263
 8164 VLGVEIE   -6.1703   -8.5949   -2.4246    0.2263
 8165 MLGVEIR   -0.7392   -5.7923   -5.0531    0.2263
 8166 MLGKEIV   -2.3687   -4.2807   -1.9120    0.2263
 8167 YLGKEIV   -2.6544   -4.5127   -1.8583    0.2263
 8168 YLGKEIV   -2.6544   -4.5127   -1.8583    0.2263
 8169 KLGIEVV   -5.9382   -7.5528   -1.6146    0.2263
 8170 KLGIDVV   -5.5889   -6.8863   -1.2974    0.2263
 8171 KLGVIVD   -5.3105   -6.7193   -1.4089    0.2263
 8172 KLGVWVD   -5.7120   -8.4755   -2.7634    0.2263
 8173 KLGVYMD   -4.5816   -7.3802   -2.7986    0.2263
 8174 KLVGVVE   -6.3566   -8.6569   -2.3003    0.2263
 8175 KLVGVVE   -6.3566   -8.6569   -2.3003    0.2263
 8176 KLYGVVE   -4.3857   -7.5069   -3.1211    0.2263
 8177 KLMGVVE   -6.8739   -9.1687   -2.2949    0.2263
 8178 KLMGEVV   -8.3372  -10.6321   -2.2949    0.2263
 8179 KLMGEVV   -8.4381  -10.7329   -2.2949    0.2263
 8180 KLFGEVV   -8.8760  -10.2978   -1.4217    0.2263
 8181 KLFGEVV   -8.8760  -10.2978   -1.4217    0.2263
 8182 KLVGEVV   -8.6978  -10.9981   -2.3003    0.2263
 8183 KLVGVVE   -7.0884   -9.3887   -2.3003    0.2263
 8184 KLVGVVE   -9.0072  -11.3075   -2.3003    0.1780
 8185 VLVGVKD   -8.4385  -10.5331   -2.0946    0.1780
 8186 VLVGVKD   -8.4385  -10.5331   -2.0946    0.1780
 8187 KLVGVVD   -9.1701  -11.1533   -1.9831    0.1780
 8188 KLVGVVD   -9.1701  -11.1533   -1.9831    0.1780
 8189 KLVGVVD   -9.1701  -11.1533   -1.9831    0.1780
 8190 KLVGFMD   -8.6565   -9.8356   -1.1791    0.1780
 8191 KLVGVMD   -9.2488  -11.2265   -1.9777    0.1780
 8192 KLMGVVD   -8.2628  -10.2406   -1.9777    0.1780
 8193 KLFGVDV   -5.6700   -6.6631   -0.9931    0.1780
 8194 KLVGDVV   -6.7959   -8.7791   -1.9831    0.1780
 8195 KLVDGVV   -5.3829   -7.3661   -1.9831    0.1780
 8196 KLVVGDV   -6.7791   -8.7623   -1.9831    0.1780
 8197 KLIAGDV   -3.8538   -7.7387   -3.8849    0.1780
 8198 VLIAGDK   -4.3817   -8.4894   -4.1077    0.1780
 8199 GLKAIEI   -8.3544  -11.0707   -2.7163    0.1780
 8200 GLKAIEI   -8.3544  -11.0707   -2.7163    0.1780
 8201 GLKAIEI   -8.3544  -11.0707   -2.7163    0.1780
 8202 GLKAIDI   -8.7383  -11.1375   -2.3991    0.1780
 8203 GLKAIDI   -8.7383  -11.1375   -2.3991    0.1780
 8204 GLKAIDI   -8.7383  -11.1375   -2.3991    0.1780
 8205 GLKAIDI   -8.7383  -11.1375   -2.3991    0.1780
 8206 GLKAIDV   -7.7267  -11.5001   -3.7734    0.1780
 8207 GLKAIDF   -8.7241  -10.8990   -2.1749    0.1780
 8208 GLKAIDV   -7.7189  -11.4923   -3.7734    0.1780
 8209 GLKAIDV   -7.7189  -11.4923   -3.7734    0.1780
 8210 GLKAIDI   -8.4892  -10.8884   -2.3991    0.1780
 8211 GLKAIEI   -8.1615  -10.8778   -2.7163    0.1780
 8212 GLKAIEI   -7.9470  -10.6633   -2.7163    0.1780
 8213 GLKAIEI   -7.9470  -10.6633   -2.7163    0.1780
 8214 GLKAIEI   -7.9470  -10.6633   -2.7163    0.1780
 8215 GLKAIEI   -7.9470  -10.6633   -2.7163    0.1780
 8216 GLKAIEI   -7.9995  -10.7158   -2.7163    0.1780
 8217 GLKAIEI   -7.9995  -10.7158   -2.7163    0.1780
 8218 GLKAIEF   -8.1920  -10.6840   -2.4920    0.1780
 8219 GLKAIDM   -7.5777  -11.3457   -3.7680    0.1780
 8220 GLKAIDM   -7.6056  -11.3736   -3.7680    0.1780
 8221 GLKAIDI   -8.4744  -10.8736   -2.3991    0.1780
 8222 GLKAIDI   -8.4744  -10.8736   -2.3991    0.1780
 8223 GLKAIDI   -8.4744  -10.8736   -2.3991    0.1780
 8224 GLKGIDI   -7.4727   -9.7730   -2.3003    0.1780
 8225 GLKGIEI   -6.7901   -9.4075   -2.6174    0.1780
 8226 GLKGIEI   -7.2128   -9.8302   -2.6174    0.1780
 8227 GLKGIDI   -7.4700   -9.7703   -2.3003    0.1780
 8228 GLIGIDK   -7.2488   -9.7719   -2.5231    0.1780
 8229 GLIGEIK   -6.8949   -9.6238   -2.7289    0.1780
 8230 MLMGEID   -7.6695  -10.0375   -2.3680    0.1780
 8231 MLMGELE   -5.8547   -9.7696   -3.9149    0.1780
 8232 MLKGELM   -7.7402  -10.8450   -3.1049    0.1780
 8233 MLKGELM   -7.7402  -10.8450   -3.1049    0.1780
 8234 MLKGELM   -7.7402  -10.8450   -3.1049    0.1780
 8235 MLKGEVM   -8.5872  -10.8766   -2.2894    0.1780
 8236 MLKGVDV   -9.7631  -11.6294   -1.8663    0.1780
 8237 MLKGVDW   -8.5832  -11.3098   -2.7266    0.1780
 8238 GLKGFDW   -7.7841   -8.7747   -0.9906    0.1780
 8239 ALKGYDW   -5.6052   -9.1141   -3.5089    0.1780
 8240 ALKGYDW   -5.6052   -9.1141   -3.5089    0.1780
 8241 ALKGYDV   -3.9700   -9.9386   -5.9686    0.1780
 8242 ALKGYVE   -4.6059  -11.0030   -6.3971    0.1780
 8243 ALKGVVE   -7.3323  -12.9086   -5.5763    0.1780
 8244 ALKGVVD   -7.4122  -12.6714   -5.2591    0.1780
 8245 ALKGVVE   -7.4341  -13.0104   -5.5763    0.1780
 8246 GLKGVME   -5.7665  -11.2385   -5.4720    0.1780
 8247 ALKGVME   -6.2617  -11.8325   -5.5709    0.1780
 8248 ALKGVIE   -7.8219  -12.0239   -4.2020    0.1780
 8249 ALKGVIE   -7.8219  -12.0239   -4.2020    0.1780
 8250 ALKGVIE   -7.8219  -12.0239   -4.2020    0.1780
 8251 ALKGVIE   -7.8219  -12.0239   -4.2020    0.1780
 8252 ALKGVIE   -7.8219  -12.0239   -4.2020    0.1780
 8253 ALKGVIE   -7.8219  -12.0239   -4.2020    0.1780
 8254 ALKGVIE   -7.8219  -12.0239   -4.2020    0.1780
 8255 ALKGVIE   -7.8219  -12.0239   -4.2020    0.1780
 8256 ALKGVIE   -7.8219  -12.0239   -4.2020    0.1780
 8257 ALKGVIE   -7.8219  -12.0239   -4.2020    0.1780
 8258 ALKGIIE   -8.5041  -11.3319   -2.8277    0.1780
 8259 ALKGIIE   -8.5205  -11.3482   -2.8277    0.1780
 8260 ALKGIIE   -8.5205  -11.3482   -2.8277    0.1780
 8261 ALKGIIE   -8.5205  -11.3482   -2.8277    0.1780
 8262 ALKGIIE   -8.5205  -11.3482   -2.8277    0.1780
 8263 ALKGYIE   -5.1469  -10.1698   -5.0229    0.1780
 8264 ALKGYIE   -5.1469  -10.1698   -5.0229    0.1780
 8265 ALKGMID   -5.2981   -9.1775   -3.8794    0.1780
 8266 MLKGAID   -6.7655  -10.6449   -3.8794    0.1780
 8267 MLKGAID   -6.7655  -10.6449   -3.8794    0.1780
 8268 MLKGAID   -6.7655  -10.6449   -3.8794    0.1780
 8269 MLKGMDI   -6.5101   -7.9567   -1.4466    0.1780
 8270 MLKGMID   -8.6476  -10.2056   -1.5580    0.1780
 8271 MLKGMIE   -6.9118   -8.7869   -1.8751    0.1780
 8272 MLKGMIE   -6.9118   -8.7869   -1.8751    0.1780
 8273 MLKGEIV  -10.6799  -12.4805   -1.8006    0.1780
 8274 MLKGEIV  -10.6799  -12.4805   -1.8006    0.1780
 8275 MLKGVID  -10.5795  -12.0630   -1.4834    0.1780
 8276 MLKGVID  -10.5795  -12.0630   -1.4834    0.1780
 8277 MLKGVID  -10.5795  -12.0630   -1.4834    0.1780
 8278 MLKGMID   -8.5616  -10.1196   -1.5580    0.1780
 8279 MLKGMIE   -6.9764   -8.8515   -1.8751    0.1780
 8280 MLKGMIE   -6.9764   -8.8515   -1.8751    0.1780
 8281 MLKGMEI   -6.9321   -8.6959   -1.7637    0.1780
 8282 MLKGEMF   -7.5857   -9.1566   -1.5709    0.1780
 8283 MLKGMEF   -8.9950  -10.4545   -1.4594    0.1780
 8284 MLKGMEF   -8.9950  -10.4545   -1.4594    0.1780
 8285 MLKGEMF   -7.0575   -8.6284   -1.5709    0.1780
 8286 MLKGEAF   -6.2618  -10.2341   -3.9723    0.1780
 8287 MLKGEVF   -9.6978  -11.1941   -1.4963    0.1780
 8288 MLKGEVF   -9.6978  -11.1941   -1.4963    0.1780
 8289 MLKGMDF   -7.9495   -9.0917   -1.1423    0.1780
 8290 MLKGMVD   -9.8934  -11.8656   -1.9723    0.1780
 8291 MLKGMVD   -9.8934  -11.8656   -1.9723    0.1780
 8292 MLVGMKD   -8.7178  -10.8015   -2.0837    0.1780
 8293 MLVGFDE   -6.4050   -8.5055   -2.1006    0.1780
 8294 MLKGFEV   -8.2665   -9.6514   -1.3849    0.1780
 8295 MLKGFEV   -8.2665   -9.6514   -1.3849    0.1780
 8296 MLDGFKV   -7.0213   -8.0890   -1.0677    0.1780
 8297 MLFGDDV   -6.3786   -8.1621   -1.7834    0.1780
 8298 MLGFEDV   -7.4038   -9.3929   -1.9891    0.1780
 8299 MLGFEDV   -7.4038   -9.3929   -1.9891    0.1780
 8300 MLGVEDV   -7.8983  -10.6861   -2.7877    0.1780
 8301 MLGVEVD   -8.9956  -11.6719   -2.6763    0.1780
 8302 MLGIEID   -7.0902  -11.0979   -4.0077    0.1780
 8303 MLGIELD   -6.4966  -11.7340   -5.2374    0.1780
 8304 MLGIDVE   -7.2325   -9.4145   -2.1820    0.1780
 8305 MLGIDVE   -7.2325   -9.4145   -2.1820    0.1780
 8306 MLGIDVE   -7.2325   -9.4145   -2.1820    0.1780
 8307 MLGLEVD   -8.1025  -11.5143   -3.4117    0.1780
 8308 MLGLEVD   -8.1025  -11.5143   -3.4117    0.1780
 8309 MLGLEVD   -8.1025  -11.5143   -3.4117    0.1780
 8310 MLGLEVD   -8.1025  -11.5143   -3.4117    0.1780
 8311 MLGIEVD   -9.7747  -11.9567   -2.1820    0.1780
 8312 MLGIEVD   -9.7747  -11.9567   -2.1820    0.1780
 8313 MLGIEID   -7.3584  -11.3661   -4.0077    0.1780
 8314 MLGIEID   -7.3584  -11.3661   -4.0077    0.1780
 8315 MLGMEIE   -6.7940   -9.3677   -2.5737    0.1780
 8316 MLGMEIE   -6.7940   -9.3677   -2.5737    0.1780
 8317 MLGMDIE   -5.5743   -7.8309   -2.2566    0.1780
 8318 MLGMDVD   -7.1998   -9.5536   -2.3537    0.1780
 8319 MLGDMVD   -5.4181   -7.8832   -2.4651    0.1780
 8320 MLGDVID   -6.4855   -8.4618   -1.9763    0.1780
 8321 MLGEVID   -6.8696   -9.1630   -2.2934    0.1780
 8322 FLGEVVD   -5.7013   -7.6158   -1.9146    0.1780
 8323 ALEGVVD   -4.0692  -10.1383   -6.0691    0.1780
 8324 ALKGVVD   -5.4765  -10.7357   -5.2591    0.1780
 8325 ALKGVVD   -5.4765  -10.7357   -5.2591    0.1780
 8326 ALIGVKD   -4.8198   -8.8161   -3.9963    0.1780
 8327 ALIGVKD   -4.8198   -8.8161   -3.9963    0.1780
 8328 KLIGVAD   -8.7592  -12.6440   -3.8849    0.1780
 8329 KLIGVAD   -8.7592  -12.6440   -3.8849    0.1780
 8330 KLIGVDA   -7.3236  -11.0970   -3.7734    0.1780
 8331 KLGIVDA   -6.0553   -9.8288   -3.7734    0.1780
 8332 KLGIVDA   -6.0553   -9.8288   -3.7734    0.1780
 8333 KLGIVDA   -6.0553   -9.8288   -3.7734    0.1780
 8334 KLGIVDA   -6.0858   -9.8592   -3.7734    0.1780
 8335 KLGIVEY   -6.7861   -8.4216   -1.6354    0.1780
 8336 KLGIYVE   -5.5868   -7.3336   -1.7469    0.1780
 8337 KLGIEVY   -4.9927   -6.6281   -1.6354    0.1780
 8338 KLGIYEV   -6.2617   -7.8971   -1.6354    0.1780
 8339 KLGIVEV   -7.6536   -9.2682   -1.6146    0.1780
 8340 KLGIVEY   -5.9704   -7.6058   -1.6354    0.1780
 8341 KLGIVEY   -5.9704   -7.6058   -1.6354    0.1780
 8342 KLGIVEY   -5.9704   -7.6058   -1.6354    0.1780
 8343 KLGIVEY   -6.7882   -8.4236   -1.6354    0.1780
 8344 KLGIAEL   -5.2576   -9.7636   -4.5060    0.1780
 8345 KLGIMEL   -4.2203   -8.9648   -4.7446    0.1780
 8346 KLGIMEL   -4.2308   -8.9754   -4.7446    0.1780
 8347 KLGIMEL   -4.2308   -8.9754   -4.7446    0.1780
 8348 KLIGMEL   -5.6825  -10.4271   -4.7446    0.1780
 8349 KLIGEGW   -8.5140  -10.1574   -1.6434    0.1780
 8350 KLIGGEW   -7.5111   -9.2660   -1.7549    0.1780
 8351 KLIGGEW   -7.5111   -9.2660   -1.7549    0.1780
 8352 KLIGGEW   -7.5111   -9.2660   -1.7549    0.1780
 8353 KLIGAEW   -6.8639   -9.9748   -3.1109    0.1780
 8354 KLIGEAW   -7.6363  -10.8585   -3.2223    0.1780
 8355 ILKGEGW   -8.0027   -9.6461   -1.6434    0.1780
 8356 ILKGEGW   -8.0027   -9.6461   -1.6434    0.1780
 8357 ILKGEGW   -8.0027   -9.6461   -1.6434    0.1780
 8358 ILKGEGW   -8.0027   -9.6461   -1.6434    0.1780
 8359 MLKGEGW   -8.9036  -11.9159   -3.0123    0.1780
 8360 LLKGEGW   -7.6131  -11.0462   -3.4331    0.1780
 8361 LLKGEGW   -7.6131  -11.0462   -3.4331    0.1780
 8362 LLKGEGW   -7.6131  -11.0462   -3.4331    0.1780
 8363 FLKGEGV   -6.6936  -10.5725   -3.8789    0.1780
 8364 LLKGEGV   -6.0405  -11.9333   -5.8929    0.1780
 8365 KLVGEGV   -6.3106  -11.7880   -5.4774    0.1780
 8366 KLVGVLE   -8.1342  -11.0899   -2.9557    0.1780
 8367 KLVGELI   -5.9463  -10.7277   -4.7814    0.1780
 8368 KLGGELI   -3.2585   -7.8885   -4.6300    0.1780
 8369 KLVGEGI   -7.2412  -11.3444   -4.1031    0.1780
 8370 KLMGEGI   -7.1756  -11.2734   -4.0977    0.1780
 8371 KLFGEGI   -8.8996  -11.4042   -2.5046    0.1780
 8372 KLFGEGI   -8.8996  -11.4042   -2.5046    0.1780
 8373 KLFGEGI   -8.8996  -11.4042   -2.5046    0.1780
 8374 KLFGEGI   -8.8996  -11.4042   -2.5046    0.1780
 8375 KLFGEGI   -8.8996  -11.4042   -2.5046    0.1780
 8376 KLFGEGI   -8.8996  -11.4042   -2.5046    0.1780
 8377 KLFGEGI   -8.8996  -11.4042   -2.5046    0.1780
 8378 ILFGEGK   -7.2918   -9.9078   -2.6160    0.1780
 8379 ILFGEGK   -7.2918   -9.9078   -2.6160    0.1780
 8380 WLFGEGK   -7.8118   -9.3423   -1.5306    0.1780
 8381 WLIGEGK   -7.4327   -9.1876   -1.7549    0.1780
 8382 WLIGEGK   -7.4327   -9.1876   -1.7549    0.1780
 8383 ILIGEGK   -6.8962   -9.7365   -2.8403    0.1780
 8384 ILIGEGK   -6.8962   -9.7365   -2.8403    0.1780
 8385 ILIGEGK   -6.7649   -9.6052   -2.8403    0.1556
 8386 ILIGEGK   -6.7649   -9.6052   -2.8403    0.1556
 8387 ILWGEGE   -8.3330  -10.8979   -2.5649    0.1556
 8388 ILWGEGE   -8.3330  -10.8979   -2.5649    0.1556
 8389 ILWGEGD   -8.6234  -10.8711   -2.2477    0.1556
 8390 ILWGEGE   -8.4002  -10.9650   -2.5649    0.1556
 8391 ILWGEGE   -8.4002  -10.9650   -2.5649    0.1556
 8392 ILWGEGE   -8.4002  -10.9650   -2.5649    0.1556
 8393 ILWGEGE   -8.4002  -10.9650   -2.5649    0.1556
 8394 ILWGEGE   -8.4002  -10.9650   -2.5649    0.1556
 8395 ILWGEGE   -8.4002  -10.9650   -2.5649    0.1556
 8396 VLWGEGE   -7.1006  -11.0398   -3.9391    0.1556
 8397 VLWGEGE   -7.1006  -11.0398   -3.9391    0.1556
 8398 VLWGEGE   -7.1006  -11.0398   -3.9391    0.1556
 8399 VLWGEGE   -7.1006  -11.0398   -3.9391    0.1556
 8400 VLWGEGD   -7.3790  -11.0010   -3.6220    0.1556
 8401 VLWGEGD   -7.3790  -11.0010   -3.6220    0.1556
 8402 MLWGEGK   -7.0590  -10.1827   -3.1237    0.1556
 8403 MLWGEGK   -7.0590  -10.1827   -3.1237    0.1556
 8404 VLWGEGE   -5.7173   -9.6565   -3.9391    0.1556
 8405 VLWGEGE   -5.7173   -9.6565   -3.9391    0.1556
 8406 MLWGEGE   -7.0491  -10.9828   -3.9337    0.1556
 8407 MLWGEGD   -7.8687  -11.4852   -3.6166    0.1556
 8408 MLWGEGK   -6.7829   -9.9066   -3.1237    0.1556
 8409 MLWGEGK   -6.7829   -9.9066   -3.1237    0.1556
 8410 FLWGEGE   -5.3287   -7.6693   -2.3406    0.1556
 8411 LLWGDGE   -4.0562   -8.0936   -4.0374    0.1556
 8412 LLWGEGD   -6.1809  -10.2184   -4.0374    0.1556
 8413 LLWGEGD   -6.1809  -10.2184   -4.0374    0.1556
 8414 ILMGEGD   -6.8148  -11.5168   -4.7020    0.1556
 8415 ILMGDGE   -6.1388  -10.8408   -4.7020    0.1556
 8416 ILKGDGM   -6.8432  -10.6237   -3.7806    0.1556
 8417 VLKGDGM   -5.5910  -10.7459   -5.1549    0.1556
 8418 VLKGDGM   -5.5910  -10.7459   -5.1549    0.1556
 8419 VLKGDGF   -6.7358  -10.2975   -3.5617    0.1556
 8420 VLKGDGF   -6.7358  -10.2975   -3.5617    0.1556
 8421 VLKGDGF   -6.7358  -10.2975   -3.5617    0.1556
 8422 VLKGGDF   -5.6660   -9.3392   -3.6731    0.1556
 8423 ILKGVEF   -5.9372   -9.0732   -3.1360    0.1556
 8424 GLKGVEF   -4.9189   -8.6864   -3.7674    0.1556
 8425 GLKGVEF   -4.9189   -8.6864   -3.7674    0.1556
 8426 GLKGVEI   -5.7318   -9.7236   -3.9917    0.1556
 8427 GLKGVEW   -6.2080   -9.1142   -2.9063    0.1556
 8428 GLKGVEW   -6.2080   -9.1142   -2.9063    0.1556
 8429 VLKGMEW   -6.7053   -9.7490   -3.0437    0.1556
 8430 MLKGVEW   -7.8207  -10.8644   -3.0437    0.1556
 8431 MLKGVEW   -7.8207  -10.8644   -3.0437    0.1556
 8432 MLKGVEW   -7.8207  -10.8644   -3.0437    0.1556
 8433 MLKGVEW   -7.8207  -10.8644   -3.0437    0.1556
 8434 MLKGVDF  -11.2577  -12.3255   -1.0677    0.1556
 8435 MLKGVDF  -11.2577  -12.3255   -1.0677    0.1556
 8436 MLKGVDF  -11.2577  -12.3255   -1.0677    0.1556
 8437 MLKGVEF  -10.3022  -11.6870   -1.3849    0.1556
 8438 MLKGVEF  -10.3022  -11.6870   -1.3849    0.1556
 8439 MLKGVDF  -11.2074  -12.2751   -1.0677    0.1556
 8440 MLKGMDV   -9.6786  -11.5395   -1.8609    0.1556
 8441 MLKGVDV  -10.5406  -12.4069   -1.8663    0.1556
 8442 ILKGVDV   -6.5706   -7.8680   -1.2974    0.1556
 8443 KLVGIDV   -6.4646   -7.7620   -1.2974    0.1556
 8444 ILVGEDV   -5.2615   -7.5918   -2.3303    0.1556
 8445 FLMGEDV   -9.3989  -11.4994   -2.1006    0.1556
 8446 FLMGEVD   -9.9919  -11.9811   -1.9891    0.1556
 8447 MLMGVED   -9.3491  -12.2429   -2.8937    0.1556
 8448 MLMGVDD   -9.3508  -11.9274   -2.5766    0.1556
 8449 MLVGMDD   -8.6316  -11.2082   -2.5766    0.1556
 8450 MLIGMKD   -8.4958  -10.1652   -1.6694    0.1556
 8451 MLIGMED   -9.2323  -11.7117   -2.4794    0.1556
 8452 MLIGMED   -9.2323  -11.7117   -2.4794    0.1556
 8453 MLIGMED   -9.1406  -11.6201   -2.4794    0.1556
 8454 MLIGEMD   -8.6934  -11.0614   -2.3680    0.1556
 8455 MLIGEMD   -8.6934  -11.0614   -2.3680    0.1556
 8456 MLIGEMD   -8.6934  -11.0614   -2.3680    0.1556
 8457 MLIGDME   -6.2811   -8.6491   -2.3680    0.1556
 8458 MLMGDAE   -3.5066   -9.5649   -6.0583    0.1556
 8459 MLVGDAD   -5.0240  -10.7706   -5.7466    0.1556
 8460 VLFGDAD   -4.7655   -8.9189   -4.1534    0.1556
 8461 VLFGDAK   -4.0305   -7.6911   -3.6606    0.1556
 8462 VLFGDAK   -4.0305   -7.6911   -3.6606    0.1556
 8463 VLGFDAD   -4.5972   -8.6392   -4.0420    0.1556
 8464 VLGFDAD   -4.6065   -8.6485   -4.0420    0.1556
 8465 VLGWDAD   -5.8969   -9.0777   -3.1809    0.1556
 8466 VLWGDAK   -6.1472   -8.9466   -2.7994    0.1556
 8467 ILWGDAK   -5.4724   -8.3775   -2.9051    0.1556
 8468 ILWGDAK   -5.4724   -8.3775   -2.9051    0.1556
 8469 ILKGDAW   -5.4542   -8.3593   -2.9051    0.1556
 8470 MLKGAEW   -6.6827   -9.6824   -2.9997    0.1556
 8471 MLKGADW   -6.0415   -8.7240   -2.6826    0.1556
 8472 MLKGDAW   -6.2889   -9.0829   -2.7940    0.1556
 8473 MLKGDAW   -6.2889   -9.0829   -2.7940    0.1556
 8474 MLAGDKW   -5.3210   -8.2265   -2.9054    0.1556
 8475 MLAGDKW   -5.3210   -8.2265   -2.9054    0.1556
 8476 MLAGDKW   -5.3210   -8.2265   -2.9054    0.1556
 8477 MLDGAKW   -5.3927   -8.0753   -2.6826    0.1556
 8478 MLAGDKW   -5.5177   -8.4232   -2.9054    0.1556
 8479 MLAGDKW   -5.5177   -8.4232   -2.9054    0.1556
 8480 MLAGEKW   -6.2019   -9.4244   -3.2226    0.1556
 8481 MLAGEEW   -5.7152   -9.7478   -4.0326    0.1556
 8482 MLAGEEW   -5.7152   -9.7478   -4.0326    0.1556
 8483 MLAGDEW   -4.7800   -8.4954   -3.7154    0.1556
 8484 MLWGEDA   -5.4735   -9.1890   -3.7154    0.1556
 8485 DLWGEVA   -5.3627   -8.9721   -3.6094    0.1556
 8486 ALWGEVD   -7.5009  -11.1104   -3.6094    0.1556
 8487 YLVGEVD   -6.8859  -10.4999   -3.6140    0.1556
 8488 ALVGEVK   -5.1808  -10.7571   -5.5763    0.1556
 8489 ALLGEMK   -4.0773  -10.0636   -5.9863    0.1556
 8490 ALLGELK   -4.2533  -10.6604   -6.4071    0.1556
 8491 ALLGELK   -4.2533  -10.6604   -6.4071    0.1556
 8492 ALWGELK   -4.4524   -8.9044   -4.4520    0.1556
 8493 ALWGELK   -4.9596   -9.4116   -4.4520    0.1556
 8494 ALWGEIK   -5.4265   -8.6488   -3.2223    0.1556
 8495 ALKGEIL   -6.0543  -10.6718   -4.6174    0.1556
 8496 ALKGEIL   -7.3860  -12.0034   -4.6174    0.1556
 8497 ALKGEIL   -7.3860  -12.0034   -4.6174    0.1556
 8498 ALKGEIL   -7.3860  -12.0034   -4.6174    0.1556
 8499 ALKGEIL   -7.3860  -12.0034   -4.6174    0.1556
 8500 ALKGEII   -8.7378  -11.5655   -2.8277    0.1556
 8501 ALKGIID   -7.8249  -10.3355   -2.5106    0.1556
 8502 ALKGIIE   -8.3164  -11.1441   -2.8277    0.1556
 8503 ALKGIIE   -8.3164  -11.1441   -2.8277    0.1556
 8504 ALKGFID   -8.2209  -10.5072   -2.2863    0.1556
 8505 ALKGFID   -8.2209  -10.5072   -2.2863    0.1556
 8506 ALKGFID   -8.2209  -10.5072   -2.2863    0.1556
 8507 ALKGDIF   -7.6084   -9.8947   -2.2863    0.1556
 8508 ALKGFID   -8.2382  -10.5245   -2.2863    0.1556
 8509 ALKGDIW   -6.5238   -9.4289   -2.9051    0.1556
 8510 ALKGDIW   -6.5238   -9.4289   -2.9051    0.1556
 8511 ALKGDIW   -6.5238   -9.4289   -2.9051    0.1556
 8512 ALKGDIW   -6.5238   -9.4289   -2.9051    0.1556
 8513 ALLGDKW   -4.3924   -8.6387   -4.2463    0.1556
 8514 KLLGDAV   -4.1453   -9.8198   -5.6746    0.1556
 8515 KLLGADI   -5.5080   -9.6968   -4.1889    0.1556
 8516 KLFGADW   -4.7572   -7.2467   -2.4894    0.1556
 8517 KLMGADW   -6.5847   -9.2672   -2.6826    0.1556
 8518 KLMGADL   -4.5735  -10.1312   -5.5577    0.1556
 8519 KLMGADL   -4.7126  -10.2704   -5.5577    0.1556
 8520 MLKGADL   -5.6038  -11.1616   -5.5577    0.1556
 8521 MLKGMDF   -8.5483   -9.6906   -1.1423    0.1556
 8522 MLKGYDI   -9.1390  -10.4519   -1.3129    0.1556
 8523 MLKGIDV   -8.1911   -9.5631   -1.3720    0.1556
 8524 MLKGYDV   -8.0959  -10.7831   -2.6871    0.1556
 8525 MLKGADV   -6.2020  -11.3443   -5.1423    0.1556
 8526 MLKGADW   -7.9562  -10.6387   -2.6826    0.1556
 8527 MLKGMDW   -8.4089  -11.2100   -2.8011    0.1556
 8528 MLKGMDW   -8.4089  -11.2100   -2.8011    0.1556
 8529 MLKGMDW   -8.4089  -11.2100   -2.8011    0.1556
 8530 KLMGMDW   -6.8089   -9.6101   -2.8011    0.1556
 8531 KLMGMDM   -8.6375  -10.4930   -1.8554    0.1556
 8532 KLMGMEM   -8.8922  -11.0647   -2.1726    0.1556
 8533 KLMGFEA   -5.8070   -9.6679   -3.8609    0.1556
 8534 MLKGFEA   -7.0035  -10.8644   -3.8609    0.1556
 8535 ALKGFEM   -6.1836  -10.0444   -3.8609    0.1556
 8536 ALKGFEM   -6.1836  -10.0444   -3.8609    0.1556
 8537 ALKGFEV   -6.2281  -10.0944   -3.8663    0.1556
 8538 LLKGFEV   -4.6120   -8.9777   -4.3657    0.1556
 8539 MLKGFEV   -9.6303  -11.0151   -1.3849    0.1556
 8540 MLKGFEY   -9.1733  -10.5790   -1.4057    0.1556
 8541 MLKGMDY   -7.9473  -10.6290   -2.6817    0.1556
 8542 MLKGMDV   -9.2743  -11.1351   -1.8609    0.1556
 8543 MLKGMDF   -7.7937   -8.9360   -1.1423    0.1556
 8544 MLKGYDF   -6.6914   -7.7799   -1.0886    0.1556
 8545 MLKGYDM   -7.2806   -9.9623   -2.6817    0.1556
 8546 MLKGYEM   -8.6319  -11.6307   -2.9989    0.1556
 8547 MLKGVEM  -10.8911  -13.0691   -2.1780    0.1556
 8548 MLKGFEV  -10.4052  -11.7901   -1.3849    0.1556
 8549 MLKGFEV  -10.4052  -11.7901   -1.3849    0.1556
 8550 MLKGVEF  -11.1846  -12.5695   -1.3849    0.1556
 8551 MLKGVEF  -11.1846  -12.5695   -1.3849    0.1556
 8552 MLKGEVF  -10.0207  -11.5170   -1.4963    0.1556
 8553 DLMGEVF   -7.7501   -9.7392   -1.9891    0.1556
 8554 VLFGEDM   -6.6302   -8.7308   -2.1006    0.1556
 8555 MLGMEDV   -8.4872  -11.2695   -2.7823    0.1556
 8556 ILGMEDV   -7.8788  -10.1722   -2.2934    0.1556
 8557 ILGMEDV   -7.8788  -10.1722   -2.2934    0.1556
 8558 MLGIEEV   -9.5715  -12.1820   -2.6106    0.1556
 8559 MLGIEEV   -9.5715  -12.1820   -2.6106    0.1556
 8560 MLGVEEM   -8.7426  -11.8420   -3.0994    0.1556
 8561 MLGMEVE   -9.1655  -12.1535   -2.9880    0.1556
 8562 MLVGEVE  -10.8975  -14.0023   -3.1049    0.1556
 8563 MLMGEVK  -10.3067  -12.5961   -2.2894    0.1556
 8564 MLMGEVE  -10.9766  -14.0760   -3.0994    0.1556
 8565 MLGMEVE   -9.6343  -12.6223   -2.9880    0.1556
 8566 MLGMEVE   -9.6343  -12.6223   -2.9880    0.1556
 8567 MLGMEVE   -9.6343  -12.6223   -2.9880    0.1556
 8568 MLGMVEE   -8.3430  -11.5538   -3.2109    0.1556
 8569 MLGMEEY   -5.8686   -9.7889   -3.9203    0.1556
 8570 MLGMDME   -7.1317   -9.7972   -2.6654    0.1556
 8571 MLGMDME   -7.1317   -9.7972   -2.6654    0.1556
 8572 MLGMDVE   -8.8581  -11.5289   -2.6709    0.1556
 8573 MLGMDVD   -8.6167  -10.9704   -2.3537    0.1556
 8574 MLGMVDD   -7.9560  -10.5326   -2.5766    0.1556
 8575 MLMGDDV   -8.5271  -11.1037   -2.5766    0.1556
 8576 MLMGVKE   -7.3119   -9.7127   -2.4009    0.1556
 8577 MLIGVKE   -7.3939   -9.3059   -1.9120    0.1556
 8578 MLIGVDE  -10.2980  -12.7029   -2.4049    0.1556
 8579 MLIGVEK  -10.2565  -12.1685   -1.9120    0.1556
 8580 MLKGVEI  -10.4588  -12.1480   -1.6891    0.1556
 8581 MLKGVEI  -10.4588  -12.1480   -1.6891    0.1556
 8582 MLIGVEK  -10.0283  -11.9403   -1.9120    0.1556
 8583 MLIGVED  -10.5782  -12.9831   -2.4049    0.1556
 8584 MLIGVED  -10.5749  -12.9798   -2.4049    0.1556
 8585 MLIGDVE   -9.8508  -12.1443   -2.2934    0.1556
 8586 MLIGDVE   -9.5760  -11.8695   -2.2934    0.1370
 8587 MLVGDIE   -8.4212  -10.7146   -2.2934    0.1370
 8588 MLLGEVE   -7.8358  -11.6761   -3.8403    0.1370
 8589 MLLGEVE   -7.8358  -11.6761   -3.8403    0.1370
 8590 MLLGEVE   -7.8358  -11.6761   -3.8403    0.1370
 8591 MLLGEVE   -7.8358  -11.6761   -3.8403    0.1370
 8592 MLLGEVE   -9.0069  -12.8471   -3.8403    0.1370
 8593 MLLGEVD   -8.7057  -12.2289   -3.5231    0.1370
 8594 MLLGEVD   -8.7057  -12.2289   -3.5231    0.1370
 8595 MLLGEVK   -8.5114  -11.5417   -3.0303    0.1370
 8596 MLLGEVK   -8.5114  -11.5417   -3.0303    0.1370
 8597 MLKGEVI  -10.8403  -12.6409   -1.8006    0.1370
 8598 MLKGEVM  -10.8234  -13.1128   -2.2894    0.1370
 8599 MLKGDVW   -8.5257  -11.3637   -2.8380    0.1370
 8600 MLKGDVW   -8.5257  -11.3637   -2.8380    0.1370
 8601 MLKGVDW   -8.8058  -11.5324   -2.7266    0.1370
 8602 MLKGVDW   -8.8058  -11.5324   -2.7266    0.1370
 8603 MLKGEVW   -8.8814  -12.0366   -3.1551    0.1370
 8604 MLKGEVW   -8.8814  -12.0366   -3.1551    0.1370
 8605 MLKGEVM  -10.1258  -12.4153   -2.2894    0.1370
 8606 MLKGEVM  -10.1258  -12.4153   -2.2894    0.1370
 8607 MLKGEVM  -10.1258  -12.4153   -2.2894    0.1370
 8608 MLKGDVM   -9.1170  -11.0893   -1.9723    0.1370
 8609 MLKGDVI   -9.1229  -10.6063   -1.4834    0.1370
 8610 MLKGDVW   -8.1703  -11.0083   -2.8380    0.1370
 8611 MLKGVDY   -7.6928  -10.3799   -2.6871    0.1370
 8612 MLKGVDY   -7.6928  -10.3799   -2.6871    0.1370
 8613 MLKGVEY   -8.6173  -11.6216   -3.0043    0.1370
 8614 MLKGVEV  -11.1153  -13.2988   -2.1834    0.1370
 8615 MLKGIEV  -11.0177  -12.7069   -1.6891    0.1370
 8616 MLKGVEI  -11.0008  -12.6899   -1.6891    0.1370
 8617 MLKGVEI  -11.0008  -12.6899   -1.6891    0.1370
 8618 MLKGVEV  -11.1224  -13.3058   -2.1834    0.1370
 8619 FLKGVEV  -10.8706  -12.1809   -1.3103    0.1370
 8620 FLKGVEV  -10.8706  -12.1809   -1.3103    0.1370
 8621 FLKGVEV  -10.8706  -12.1809   -1.3103    0.1370
 8622 FLKGVEV  -10.8706  -12.1809   -1.3103    0.1370
 8623 KLFGVDV   -8.6037   -9.5968   -0.9931    0.1370
 8624 KLFGVDV   -8.6037   -9.5968   -0.9931    0.1370
 8625 KLMGFDV   -8.6198   -9.6875   -1.0677    0.1370
 8626 KLMGVDF   -8.3592   -9.4269   -1.0677    0.1370
 8627 KLMGMDV   -8.9445  -10.8053   -1.8609    0.1370
 8628 MLKGMDV  -10.3574  -12.2183   -1.8609    0.1370
 8629 MLKGMDF  -10.7509  -11.8932   -1.1423    0.1370
 8630 MLKGMDF  -10.7509  -11.8932   -1.1423    0.1370
 8631 MLKGMDF  -10.7509  -11.8932   -1.1423    0.1370
 8632 MLKGYDF   -9.3476  -10.4362   -1.0886    0.1370
 8633 MLKGAEF   -7.8592  -11.7201   -3.8609    0.1370
 8634 MLKGEAF   -7.9665  -11.9388   -3.9723    0.1370
 8635 MLKGAEF   -7.7961  -11.6569   -3.8609    0.1370
 8636 MLKGAEF   -7.7961  -11.6569   -3.8609    0.1370
 8637 MLKGEVF   -8.4856   -9.9819   -1.4963    0.1370
 8638 MLKGDVF   -7.8926   -9.0718   -1.1791    0.1370
 8639 MLKGDVF   -7.8926   -9.0718   -1.1791    0.1370
 8640 MLKGDMF   -8.1410   -9.3948   -1.2537    0.1370
 8641 MLKGEMF   -8.8400  -10.4109   -1.5709    0.1370
 8642 MLKGEMF   -8.8400  -10.4109   -1.5709    0.1370
 8643 MLKGEMF   -8.8400  -10.4109   -1.5709    0.1370
 8644 MLKGMEF  -10.6021  -12.0616   -1.4594    0.1370
 8645 MLKGMEF  -10.6021  -12.0616   -1.4594    0.1370
 8646 MLKGMEF  -10.6021  -12.0616   -1.4594    0.1370
 8647 MLKGMEF  -10.6021  -12.0616   -1.4594    0.1370
 8648 MLKGEVF   -8.4596   -9.9559   -1.4963    0.1370
 8649 MLKGEVF   -8.4596   -9.9559   -1.4963    0.1370
 8650 MLKGEVF   -8.4596   -9.9559   -1.4963    0.1370
 8651 MLGKEVF   -7.0819   -8.6896   -1.6077    0.1370
 8652 MLGKEMF   -6.7116   -8.3939   -1.6823    0.1370
 8653 MLGKEMF   -6.7116   -8.3939   -1.6823    0.1370
 8654 MLGDEMF   -4.9439   -7.1191   -2.1751    0.1370
 8655 MLGDEVW   -4.6435   -8.4029   -3.7594    0.1370
 8656 MLGKEVL   -6.9129  -10.0546   -3.1417    0.1370
 8657 MLGLEEV   -7.8642  -11.7045   -3.8403    0.1370
 8658 MLGLEEV   -7.8642  -11.7045   -3.8403    0.1370
 8659 MLGLEVD   -8.7548  -12.1665   -3.4117    0.1370
 8660 MLGVEVD   -9.5310  -12.2073   -2.6763    0.1370
 8661 MLGIEGE   -6.3671  -11.2748   -4.9077    0.1370
 8662 ILGIEAE   -6.6817  -10.2080   -3.5263    0.1370
 8663 ILGIMEE   -5.6052  -10.1530   -4.5477    0.1370
 8664 ILGIMEK   -5.4172   -9.1549   -3.7377    0.1370
 8665 MLGIMEK   -6.8669   -8.8535   -1.9866    0.1370
 8666 MLGIMEK   -6.8669   -8.8535   -1.9866    0.1370
 8667 MLGIMDE   -7.8940  -10.3734   -2.4794    0.1370
 8668 MLGIMED   -8.2004  -10.6798   -2.4794    0.1370
 8669 MLGIMED   -8.2004  -10.6798   -2.4794    0.1370
 8670 KLGIMMD   -7.2473   -8.8053   -1.5580    0.1370
 8671 KLGMMID   -7.5396   -9.0976   -1.5580    0.1370
 8672 KLGMMIE   -6.7983   -8.6734   -1.8751    0.1370
 8673 KLGMMIE   -6.7983   -8.6734   -1.8751    0.1370
 8674 KLGMMIE   -6.7983   -8.6734   -1.8751    0.1370
 8675 KLGMMIE   -6.7983   -8.6734   -1.8751    0.1370
 8676 KLGMMID   -7.5327   -9.0907   -1.5580    0.1370
 8677 KLGVMID   -7.6555   -9.1389   -1.4834    0.1370
 8678 KLGVMID   -7.6555   -9.1389   -1.4834    0.1370
 8679 KLGVMID   -7.6555   -9.1389   -1.4834    0.1370
 8680 KLGVMID   -7.6555   -9.1389   -1.4834    0.1370
 8681 KLGVYID   -5.6910   -7.1207   -1.4297    0.1370
 8682 KLGVFVD   -7.0547   -8.1593   -1.1046    0.1370
 8683 KLGVFVD   -7.0547   -8.1593   -1.1046    0.1370
 8684 KLGFVVD   -6.9343   -8.0389   -1.1046    0.1370
 8685 KLGIMVD   -8.6212  -10.1046   -1.4834    0.1370
 8686 KLGVMMD   -7.0490   -9.0213   -1.9723    0.1370
 8687 DLVGMMK   -4.4163   -6.3886   -1.9723    0.1370
 8688 ELMGVID   -5.0374   -7.3308   -2.2934    0.1370
 8689 ELMGVMK   -6.2362   -8.5257   -2.2894    0.1370
 8690 KLMGVME   -8.1627  -10.4522   -2.2894    0.1370
 8691 VLMGGDK   -1.1697   -6.6589   -5.4891    0.1370
 8692 LLMGGDE   -0.9383   -7.6529   -6.7146    0.1370
 8693 FLMGEGD   -6.0497  -10.5274   -4.4777    0.1370
 8694 FLMGEGD   -6.0497  -10.5274   -4.4777    0.1370
 8695 FLVGEGD   -6.8390  -11.3222   -4.4831    0.1370
 8696 FLVGEGD   -6.8390  -11.3222   -4.4831    0.1370
 8697 FLVGDGD   -6.1403  -10.3063   -4.1660    0.1370
 8698 FLIGDGD   -7.6942  -10.4860   -2.7917    0.1370
 8699 FLIGDGD   -7.6942  -10.4860   -2.7917    0.1370
 8700 LLIGDGD   -6.3868  -11.1925   -4.8057    0.1370
 8701 MLIGDGD   -7.1899  -11.5748   -4.3849    0.1370
 8702 MLIGDGD   -7.1899  -11.5748   -4.3849    0.1370
 8703 WLIGDGD   -8.5197  -10.4502   -1.9306    0.1370
 8704 WLIGDGD   -8.5197  -10.4502   -1.9306    0.1370
 8705 WLIGDGE   -7.1565   -9.4042   -2.2477    0.1370
 8706 WLIGDGE   -7.1565   -9.4042   -2.2477    0.1370
 8707 WLIGDGE   -7.1565   -9.4042   -2.2477    0.1370
 8708 WLIGDGE   -7.1565   -9.4042   -2.2477    0.1370
 8709 WLIGDGE   -7.1565   -9.4042   -2.2477    0.1370
 8710 WLIGEGE   -8.0119  -10.5768   -2.5649    0.1370
 8711 WLIGEGE   -8.0119  -10.5768   -2.5649    0.1370
 8712 WLIGEGD   -8.9636  -11.2113   -2.2477    0.1370
 8713 WLGIEGD   -7.8798  -10.0161   -2.1363    0.1370
 8714 WLIGEGD   -8.9766  -11.2243   -2.2477    0.1370
 8715 WLIGEGD   -8.9766  -11.2243   -2.2477    0.1370
 8716 WLIGEGD   -8.9766  -11.2243   -2.2477    0.1370
 8717 WLIGEGD   -8.9766  -11.2243   -2.2477    0.1370
 8718 WLIGEGD   -8.9766  -11.2243   -2.2477    0.1370
 8719 WLIGEGD   -8.9766  -11.2243   -2.2477    0.1370
 8720 WLIGEGD   -8.9766  -11.2243   -2.2477    0.1370
 8721 WLIGEGE   -7.9899  -10.5547   -2.5649    0.1370
 8722 WLIGEGE   -7.9899  -10.5547   -2.5649    0.1370
 8723 WLIGEGE   -7.9899  -10.5547   -2.5649    0.1370
 8724 WLIGEGE   -7.9899  -10.5547   -2.5649    0.1370
 8725 WLIGEGE   -7.9899  -10.5547   -2.5649    0.1370
 8726 WLIGEGE   -7.9899  -10.5547   -2.5649    0.1370
 8727 WLIGEGE   -7.9899  -10.5547   -2.5649    0.1370
 8728 WLIGEGE   -7.9899  -10.5547   -2.5649    0.1370
 8729 ILIGEGE   -6.6226  -10.2729   -3.6503    0.1370
 8730 ILIGEGE   -6.6226  -10.2729   -3.6503    0.1370
 8731 ILMGDGE   -5.4851  -10.1871   -4.7020    0.1370
 8732 ILMGDGE   -5.4851  -10.1871   -4.7020    0.1370
 8733 ILMGDGE   -5.4851  -10.1871   -4.7020    0.1370
 8734 ILGMDGE   -4.8633   -9.4539   -4.5906    0.1370
 8735 ILGFDGE   -5.2274   -8.2248   -2.9974    0.1370
 8736 ILGFDGE   -5.2274   -8.2248   -2.9974    0.1370
 8737 MLIGDGE   -6.3974  -11.0994   -4.7020    0.1370
 8738 MLIGEGD   -7.7381  -12.4401   -4.7020    0.1370
 8739 FLIGEGD   -8.9759  -12.0848   -3.1089    0.1370
 8740 FLIGEGD   -8.9759  -12.0848   -3.1089    0.1370
 8741 FLIGEGD   -8.9759  -12.0848   -3.1089    0.1370
 8742 WLIGEGD   -8.5161  -10.7639   -2.2477    0.1370
 8743 ILWGEGD   -8.4950  -10.7427   -2.2477    0.1370
 8744 ILWGEGD   -8.4481  -10.6958   -2.2477    0.1370
 8745 ILWGEGD   -8.4481  -10.6958   -2.2477    0.1370
 8746 ILIGEGD   -8.7046  -12.0378   -3.3331    0.1370
 8747 MLIGEGD   -8.3132  -13.0152   -4.7020    0.1370
 8748 MLIGEGD   -8.3132  -13.0152   -4.7020    0.1370
 8749 MLIGEGE   -6.1786  -11.1977   -5.0191    0.1370
 8750 MLIGEGE   -6.1786  -11.1977   -5.0191    0.1370
 8751 MLIGDGE   -5.4144  -10.1164   -4.7020    0.1370
 8752 WLIGEGD   -9.8331  -12.0809   -2.2477    0.1370
 8753 WLIGEGD   -9.8331  -12.0809   -2.2477    0.1370
 8754 WLIGEGD   -9.8331  -12.0809   -2.2477    0.1370
 8755 WLIGEGD   -9.8331  -12.0809   -2.2477    0.1370
 8756 WLIGEGD   -9.8331  -12.0809   -2.2477    0.1370
 8757 WLIGEGD   -9.8331  -12.0809   -2.2477    0.1370
 8758 WLIGEGD   -9.8331  -12.0809   -2.2477    0.1370
 8759 FLIGEGD   -9.1471  -12.2559   -3.1089    0.1370
 8760 FLIGEGD   -9.1471  -12.2559   -3.1089    0.1370
 8761 FLIGEGD   -9.1471  -12.2559   -3.1089    0.1370
 8762 ILIGEGE   -8.0876  -11.7379   -3.6503    0.1370
 8763 ILGIEAE   -7.1566  -10.6829   -3.5263    0.1370
 8764 ILGIEAE   -7.1566  -10.6829   -3.5263    0.1370
 8765 ILGLEAE   -5.7567  -11.0727   -5.3160    0.1370
 8766 ILGLDAE   -5.0861  -10.0849   -4.9989    0.1370
 8767 KLGMIAE   -4.9913   -9.1879   -4.1966    0.1370
 8768 KLGMEGI   -4.0934   -8.0796   -3.9863    0.1370
 8769 KLGIGME   -4.3565   -8.3428   -3.9863    0.1370
 8770 KLGIFGE   -5.8352   -8.3398   -2.5046    0.1370
 8771 KLGIVGE   -5.7095   -9.8127   -4.1031    0.1370
 8772 KLGIVEL   -4.1416   -8.8116   -4.6700    0.1370
 8773 KLGIMDL   -4.3913   -8.8187   -4.4274    0.1370
 8774 KLGIADL   -4.1748   -8.3636   -4.1889    0.1370
 8775 ILGKADL   -2.0950   -6.2838   -4.1889    0.1370
 8776 KLGIADM   -4.2194   -7.9874   -3.7680    0.1370
 8777 KLGIMDM   -7.5095   -8.9561   -1.4466    0.1370
 8778 KLGIMDM   -7.5095   -8.9561   -1.4466    0.1370
 8779 KLGLMDM   -6.2818   -8.9581   -2.6763    0.1370
 8780 KLLVMDG   -5.8892   -8.7138   -2.8246    0.1370
 8781 MLLVKDG   -3.2103   -6.1463   -2.9360    0.1370
 8782 KLLVEMG   -5.7301   -8.7603   -3.0303    0.1370
 8783 MLLVDDG   -7.7169  -11.1458   -3.4289    0.1370
 8784 MLLVDGD   -7.5351  -10.8525   -3.3174    0.1370
 8785 MLLVEGD   -7.8652  -11.4997   -3.6346    0.1370
 8786 MLMVEGK   -7.6712  -10.0721   -2.4009    0.1370
 8787 MLMVEGK   -6.3923   -8.7932   -2.4009    0.1537
 8788 MLLVEGE   -8.9113  -12.8630   -3.9517    0.1537
 8789 MLLVEGE   -8.9113  -12.8630   -3.9517    0.1537
 8790 MLLVDGE   -7.6603  -11.2948   -3.6346    0.1537
 8791 MLLVDGE   -7.6603  -11.2948   -3.6346    0.1537
 8792 MLLVEGE   -8.3746  -12.3263   -3.9517    0.1537
 8793 MLLVEGE   -8.3746  -12.3263   -3.9517    0.1537
 8794 MLLVEGE   -8.3746  -12.3263   -3.9517    0.1537
 8795 MLLVEGE   -8.3746  -12.3263   -3.9517    0.1537
 8796 MLVVEGE   -8.3732  -11.5894   -3.2163    0.1537
 8797 MLVVEGE   -8.3732  -11.5894   -3.2163    0.1537
 8798 MLVVEGK   -7.6609  -10.0672   -2.4063    0.1537
 8799 MLVVEGE   -7.8861  -11.1024   -3.2163    0.1537
 8800 MLVVEGE   -7.8861  -11.1024   -3.2163    0.1537
 8801 MLVVEGE   -7.8861  -11.1024   -3.2163    0.1537
 8802 MLLVEGE   -8.1457  -12.0974   -3.9517    0.1537
 8803 MLLVEGD   -8.3796  -12.0142   -3.6346    0.1537
 8804 MLLVEGE   -8.1441  -12.0958   -3.9517    0.1537
 8805 MLLVEGE   -8.1441  -12.0958   -3.9517    0.1537
 8806 MLLVEGE   -8.1441  -12.0958   -3.9517    0.1537
 8807 MLIVEGE   -8.8187  -11.5407   -2.7220    0.1537
 8808 MLIVEGE   -8.8419  -11.5639   -2.7220    0.1537
 8809 MLIVEGE   -8.8419  -11.5639   -2.7220    0.1537
 8810 MLIVDGE   -8.1337  -10.5386   -2.4049    0.1537
 8811 MLIVKGE   -3.9873   -5.8993   -1.9120    0.1537
 8812 MLIVKGD   -4.2774   -5.8722   -1.5949    0.1537
 8813 MLIVKGD   -4.2774   -5.8722   -1.5949    0.1537
 8814 MLIVKGD   -4.2774   -5.8722   -1.5949    0.1537
 8815 MLIVKGD   -4.2774   -5.8722   -1.5949    0.1537
 8816 MLIVKGD   -4.2774   -5.8722   -1.5949    0.1537
 8817 FLIVKGD   -0.5545   -3.5962   -3.0417    0.1537
 8818 GLIVKGD   -1.1642   -5.0616   -3.8974    0.1537
 8819 GLIVKGD   -1.1642   -5.0616   -3.8974    0.1537
 8820 GLIVKGD   -1.1642   -5.0616   -3.8974    0.1537
 8821 GLIVKGE   -0.6760   -4.8906   -4.2146    0.1537
 8822 KLIVEGL   -3.9084   -8.6898   -4.7814    0.1537
 8823 KLVVEGF   -6.9479   -8.3696   -1.4217    0.1537
 8824 KLVVFGD   -8.3986   -9.6146   -1.2160    0.1537
 8825 KLVVFGD   -8.3986   -9.6146   -1.2160    0.1537
 8826 KLVVDGM   -5.6705   -7.6482   -1.9777    0.1537
 8827 KLIVDGM   -5.6202   -7.1036   -1.4834    0.1537
 8828 KLIVDGM   -5.6202   -7.1036   -1.4834    0.1537
 8829 MLIVDGK   -7.6739   -9.2687   -1.5949    0.1537
 8830 MLVIDGK   -6.8275   -8.4224   -1.5949    0.1537
 8831 MLVIEGK   -7.6875   -9.5995   -1.9120    0.1537
 8832 MLVMEGK   -8.2490  -10.6498   -2.4009    0.1537
 8833 MLVMEGD   -8.4656  -11.3594   -2.8937    0.1537
 8834 MLVMEGD   -8.4656  -11.3594   -2.8937    0.1537
 8835 MLVMDGE   -7.2536  -10.1473   -2.8937    0.1537
 8836 MLVMDGE   -7.2536  -10.1473   -2.8937    0.1537
 8837 MLVMDGE   -7.2536  -10.1473   -2.8937    0.1537
 8838 MLIMEGD   -8.3853  -10.8648   -2.4794    0.1537
 8839 MLIMDGD   -7.6465   -9.8087   -2.1623    0.1537
 8840 MLIMDGD   -7.6465   -9.8087   -2.1623    0.1537
 8841 MLIMEGD   -8.3413  -10.8207   -2.4794    0.1537
 8842 MLIMEGD   -8.3413  -10.8207   -2.4794    0.1537
 8843 MLIMEGD   -8.3080  -10.7874   -2.4794    0.1537
 8844 MLIMEGD   -8.3080  -10.7874   -2.4794    0.1537
 8845 MLVMDGE   -7.3594  -10.2531   -2.8937    0.1537
 8846 MLVMEGE   -7.9943  -11.2051   -3.2109    0.1537
 8847 MLIMEGE   -7.8572  -10.6538   -2.7966    0.1537
 8848 MLIMEGK   -7.6059   -9.5925   -1.9866    0.1537
 8849 KLVMEGM   -7.4094   -9.6989   -2.2894    0.1537
 8850 KLVMEGM   -7.4094   -9.6989   -2.2894    0.1537
 8851 KLMVDGM   -7.4746   -9.4468   -1.9723    0.1537
 8852 KLMVDGM   -7.4746   -9.4468   -1.9723    0.1537
 8853 KLMVDGV   -8.0354  -10.0131   -1.9777    0.1537
 8854 KLMVDGV   -8.0354  -10.0131   -1.9777    0.1537
 8855 KLMVDGV   -8.0336  -10.0113   -1.9777    0.1537
 8856 KLMVEGV   -8.9369  -11.2318   -2.2949    0.1537
 8857 KLIVEGV   -9.8633  -11.5893   -1.7260    0.1537
 8858 KLIVEGV   -9.8633  -11.5893   -1.7260    0.1537
 8859 KLIVEGV   -9.8633  -11.5893   -1.7260    0.1537
 8860 KLIVEGV   -9.8633  -11.5893   -1.7260    0.1537
 8861 KLVVEGI   -9.1862  -10.9122   -1.7260    0.1537
 8862 KLVVEGI   -9.1862  -10.9122   -1.7260    0.1537
 8863 ILVVEKG   -7.1813   -9.1302   -1.9489    0.1537
 8864 ILVVEKG   -7.7673   -9.7162   -1.9489    0.1537
 8865 ILVVEDA   -7.4132  -11.5223   -4.1091    0.1537
 8866 ILGVEDY   -5.0894   -7.3291   -2.2397    0.1537
 8867 GLIVDEY   -4.3120   -6.6631   -2.3511    0.1537
 8868 GLIVDEF   -4.3514   -8.2032   -3.8517    0.1537
 8869 GLVVDIE   -5.9865   -8.2054   -2.2189    0.1537
 8870 GLVIDVK   -5.7675   -7.1763   -1.4089    0.1537
 8871 GLVIDVE   -6.2039   -8.4227   -2.2189    0.1537
 8872 GLIVDVE   -7.3004   -9.5192   -2.2189    0.1537
 8873 GLIKEVV   -5.7649   -7.6024   -1.8374    0.1537
 8874 GLVKEVV   -5.1840   -7.5957   -2.4117    0.1537
 8875 VLVGDDF   -5.2611   -6.9699   -1.7089    0.1537
 8876 VLVGDDV   -4.6833   -7.2708   -2.5874    0.1537
 8877 VLMGDDV   -5.6387   -8.2207   -2.5820    0.1537
 8878 VLMGDDV   -5.6387   -8.2207   -2.5820    0.1537
 8879 MLVGDEL   -5.4259   -9.0605   -3.6346    0.1537
 8880 MLVGDEW   -4.9444   -8.7038   -3.7594    0.1537
 8881 MLVGDEW   -4.9444   -8.7038   -3.7594    0.1537
 8882 MLVGEDW   -6.4934  -10.2528   -3.7594    0.1537
 8883 MLVGDDF   -7.3067   -9.0901   -1.7834    0.1537
 8884 MLVGDEI   -6.6635   -9.0684   -2.4049    0.1537
 8885 MLIGDEV   -6.5524   -8.9572   -2.4049    0.1537
 8886 MLMGDDV   -6.8323   -9.4089   -2.5766    0.1537
 8887 MLMGDDW   -6.0434   -9.5602   -3.5169    0.1537
 8888 MLMGDDW   -6.0434   -9.5602   -3.5169    0.1537
 8889 MLMGDDW   -6.0434   -9.5602   -3.5169    0.1537
 8890 MLMGDDM   -6.4298   -9.0009   -2.5711    0.1537
 8891 MLMGDDM   -6.4130   -8.9842   -2.5711    0.1537
 8892 MLLGDDM   -6.3049   -9.6969   -3.3920    0.1537
 8893 MLVGDDL   -5.7203   -9.0377   -3.3174    0.1537
 8894 MLIGDDV   -7.6190   -9.7067   -2.0877    0.1537
 8895 MLIGEDL   -5.5381  -10.9984   -5.4603    0.1537
 8896 MLIGELD   -4.2942   -9.6430   -5.3489    0.1537
 8897 MLVGEDL   -7.0695  -10.7040   -3.6346    0.1537
 8898 MLVGEDI   -8.0268  -10.4316   -2.4049    0.1537
 8899 MLMGEDI   -7.9176  -10.3971   -2.4794    0.1537
 8900 MLVGEDF   -7.9651  -10.0656   -2.1006    0.1537
 8901 MLVGEDV   -7.7088  -10.6080   -2.8991    0.1537
 8902 MLVGEEV   -7.0892  -10.3055   -3.2163    0.1537
 8903 MLMGEEV   -7.2176  -10.4284   -3.2109    0.1537
 8904 MLMGEEV   -7.2176  -10.4284   -3.2109    0.1537
 8905 MLMGDEF   -6.8720   -9.0471   -2.1751    0.1537
 8906 MLYGEDW   -3.9188   -7.0991   -3.1803    0.1537
 8907 MLYGEDW   -3.9188   -7.0991   -3.1803    0.1537
 8908 MLYGEDW   -3.9188   -7.0991   -3.1803    0.1537
 8909 MLIGEDW   -4.5283  -10.1134   -5.5851    0.1537
 8910 MLIGDDM   -6.7416   -8.9039   -2.1623    0.1537
 8911 MLIGDMD   -7.1252   -9.1761   -2.0509    0.1537
 8912 MLIGEDM   -8.5774  -11.0568   -2.4794    0.1537
 8913 MLLGEDM   -7.6889  -11.3981   -3.7091    0.1537
 8914 MLLGEDM   -7.6889  -11.3981   -3.7091    0.1537
 8915 MLLGEDM   -7.6889  -11.3981   -3.7091    0.1537
 8916 MLLGDDM   -6.3749   -9.7669   -3.3920    0.1537
 8917 MLIGDDM   -7.0738   -9.2361   -2.1623    0.1537
 8918 MLIGDDM   -7.0738   -9.2361   -2.1623    0.1537
 8919 MLIGDMD   -7.0335   -9.0844   -2.0509    0.1537
 8920 FLMGEMD   -6.2257   -8.2894   -2.0637    0.1537
 8921 FLMGEMD   -6.2257   -8.2894   -2.0637    0.1537
 8922 FLMGEMD   -6.1368   -8.2005   -2.0637    0.1537
 8923 FLMGEVD   -6.8761   -8.8653   -1.9891    0.1537
 8924 FLMGDVD   -5.6949   -7.3669   -1.6720    0.1537
 8925 FLMGEVD   -6.9379   -8.9270   -1.9891    0.1537
 8926 FLMGEVD   -6.9379   -8.9270   -1.9891    0.1537
 8927 MLFGEVD   -7.6620   -9.6511   -1.9891    0.1537
 8928 MLVGEVD   -8.3031  -11.0909   -2.7877    0.1537
 8929 MLIGEVD   -9.1293  -11.4227   -2.2934    0.1537
 8930 MLIGEVD   -9.1293  -11.4227   -2.2934    0.1537
 8931 MLFGEVD   -7.9275   -9.9166   -1.9891    0.1537
 8932 FLMGEVD   -8.2023  -10.1915   -1.9891    0.1537
 8933 FLMGEVD   -8.2023  -10.1915   -1.9891    0.1537
 8934 FLMGEVD   -8.2023  -10.1915   -1.9891    0.1537
 8935 FLMGEVD   -8.2023  -10.1915   -1.9891    0.1537
 8936 MLFGEVD   -7.7532   -9.7424   -1.9891    0.1537
 8937 MLLGDVD   -6.7365   -9.9425   -3.2060    0.1537
 8938 MLLGDDV   -5.3011   -8.6185   -3.3174    0.1537
 8939 ELMGDLV   -3.7002   -7.2234   -3.5231    0.1537
 8940 DLMGDLV   -3.4496   -6.6556   -3.2060    0.1537
 8941 DLMGDLV   -3.4496   -6.6556   -3.2060    0.1537
 8942 DLMGDLV   -3.4496   -6.6556   -3.2060    0.1537
 8943 DLMGELY   -2.4174   -6.4414   -4.0240    0.1537
 8944 DLMGELY   -2.4174   -6.4414   -4.0240    0.1537
 8945 MLLGEDY   -4.6748   -8.8103   -4.1354    0.1537
 8946 MLLGEEL   -4.1947  -11.2019   -7.0071    0.1537
 8947 MLLGEVD   -4.0724   -7.5956   -3.5231    0.1537
 8948 MLVGEFK   -7.1414   -8.6377   -1.4963    0.1537
 8949 MLVGEFK   -7.1414   -8.6377   -1.4963    0.1537
 8950 MLVGEIK   -7.0876   -8.8881   -1.8006    0.1537
 8951 MLMGEIK   -7.3557   -9.2309   -1.8751    0.1537
 8952 MLMGDIE   -6.5492   -8.9172   -2.3680    0.1537
 8953 MLMGDID   -7.0272   -9.0781   -2.0509    0.1537
 8954 GLFGDID   -4.0081   -6.6883   -2.6803    0.1537
 8955 GLIGDLD   -4.4147   -9.1090   -4.6943    0.1537
 8956 GLIGFDD   -5.4982   -8.2899   -2.7917    0.1537
 8957 GLIGFED   -5.4581   -8.5670   -3.1089    0.1537
 8958 GLIGFED   -5.4581   -8.5670   -3.1089    0.1537
 8959 GLLGFKD   -2.2891   -6.3776   -4.0886    0.1537
 8960 KLLGFGD   -3.5392   -7.5163   -3.9771    0.1537
 8961 KLLGGFD   -3.1524   -7.2410   -4.0886    0.1537
 8962 KLLGGMD   -3.0814   -8.7631   -5.6817    0.1537
 8963 KLLGGMD   -3.0814   -8.7631   -5.6817    0.1537
 8964 KLMGGMD   -2.3431   -7.6040   -5.2609    0.1537
 8965 KLMGMMD   -5.8397   -7.8066   -1.9669    0.1537
 8966 KLMGMMD   -5.8397   -7.8066   -1.9669    0.1537
 8967 KLMGMDM   -2.3170   -4.1724   -1.8554    0.1537
 8968 KLMGMEA   -1.5863   -7.0403   -5.4540    0.1537
 8969 KLWGMEA   -1.9454   -4.9451   -2.9997    0.1537
 8970 KLWGEMA   -2.2191   -5.3302   -3.1111    0.1537
 8971 KLWGEMA   -2.2191   -5.3302   -3.1111    0.1537
 8972 KLWGEVA   -3.2181   -6.3347   -3.1166    0.1537
 8973 KLWGEVA   -3.2181   -6.3347   -3.1166    0.1537
 8974 WLKGEAV   -3.6443   -6.7608   -3.1166    0.1537
 8975 WLRGEAV   -0.9208   -7.4014   -6.4806    0.1537
 8976 WLRGEAV   -0.9208   -7.4014   -6.4806    0.1537
 8977 VLEGEAW   -1.4249   -5.3515   -3.9266    0.1537
 8978 VLRGEAW   -2.3392   -8.8198   -6.4806    0.1537
 8979 RLVGEAW    1.8010   -4.6796   -6.4806    0.1537
 8980 WLVGEAK    0.2706   -2.8460   -3.1166    0.1537
 8981 WLVGAKE   -0.9622   -4.1902   -3.2280    0.1537
 8982 WLVGMEE   -1.8693   -5.9458   -4.0766    0.1537
 8983 WLVGYED   -1.0535   -4.1592   -3.1057    0.1537
 8984 WLVGYEE   -1.7826   -5.2054   -3.4229    0.1537
 8985 WLVGYEE   -1.7826   -5.2054   -3.4229    0.1537
 8986 WLVGEEY   -1.4397   -4.8626   -3.4229    0.1537
 8987 ELVGYWE   -0.4335   -3.7449   -3.3114    0.1537
 8988 WLVGYED   -1.3993   -4.5050   -3.1057    0.1537
 8989 WLVGYED   -4.9544   -8.0601   -3.1057    0.1712
 8990 WLVGVED   -4.5666   -8.2514   -3.6849    0.1712
 8991 MLMGVDE   -7.2082  -10.1019   -2.8937    0.1712
 8992 MLIGMEE   -9.5401  -12.3367   -2.7966    0.1712
 8993 MLVGMDE   -9.7103  -12.6040   -2.8937    0.1712
 8994 MLFGMEE   -6.6450   -9.1373   -2.4923    0.1712
 8995 MLLGMEE   -8.0823  -12.1086   -4.0263    0.1712
 8996 MLLGMEE   -8.0823  -12.1086   -4.0263    0.1712
 8997 MLIGMEK   -8.2619  -10.2485   -1.9866    0.1712
 8998 MLIGMKE   -9.2397  -11.2262   -1.9866    0.1712
 8999 MLIGMKE   -9.2397  -11.2262   -1.9866    0.1712
 9000 MLIGVEE   -8.5359  -11.2579   -2.7220    0.1712
 9001 MLVGEEY   -6.2144  -10.2515   -4.0371    0.1712
 9002 MLVGWEE   -7.3541  -11.4307   -4.0766    0.1712
 9003 MLVGYEE   -7.0144  -11.0515   -4.0371    0.1712
 9004 MLVGYEE   -7.0144  -11.0515   -4.0371    0.1712
 9005 MLVGYRE   -4.0851  -10.6762   -6.5911    0.1712
 9006 MLVGYKE   -7.1418  -10.3689   -3.2271    0.1712
 9007 MLKGYEV   -6.7283   -9.7326   -3.0043    0.1712
 9008 MLKGVEV   -8.0919  -10.2753   -2.1834    0.1712
 9009 MLEGVVK   -6.0572   -8.3521   -2.2949    0.1712
 9010 MLGEVVE   -6.0475   -9.1524   -3.1049    0.1712
 9011 MLGKVVE   -5.9686   -8.2634   -2.2949    0.1712
 9012 MLGKELV   -5.9556   -9.0973   -3.1417    0.1712
 9013 MLGKVLD   -4.9439   -7.6570   -2.7131    0.1712
 9014 MLGLVED   -4.6102   -8.2447   -3.6346    0.1712
 9015 MLGFVDE   -6.7637   -8.8643   -2.1006    0.1712
 9016 MLGFVED   -6.3817   -8.4823   -2.1006    0.1712
 9017 MLGYVDD   -4.2201   -7.6230   -3.4029    0.1712
 9018 MLGIVDD   -6.9581   -9.0458   -2.0877    0.1712
 9019 MLGVDID   -8.3988  -10.2637   -1.8649    0.1712
 9020 MLGVDIE   -7.9427  -10.1247   -2.1820    0.1712
 9021 MLVGDVE   -9.3777  -12.1654   -2.7877    0.1712
 9022 MLVGDVE   -9.3777  -12.1654   -2.7877    0.1712
 9023 MLKGDVV  -10.5529  -12.5306   -1.9777    0.1712
 9024 MLKGVVD  -10.7637  -12.7414   -1.9777    0.1712
 9025 MLKGVVD  -10.7637  -12.7414   -1.9777    0.1712
 9026 MLVGVKD   -8.5598  -10.6489   -2.0891    0.1712
 9027 MLIGVKD   -8.7543  -10.3491   -1.5949    0.1712
 9028 MLVGIKD   -8.1458   -9.7407   -1.5949    0.1712
 9029 MLVGIDK   -6.7979   -8.3928   -1.5949    0.1712
 9030 MLVGIDK   -6.7979   -8.3928   -1.5949    0.1712
 9031 MLKGVDI   -8.8726  -10.2446   -1.3720    0.1712
 9032 MLKGVDW   -8.1100  -10.8365   -2.7266    0.1712
 9033 MLKGMDW   -8.4376  -11.2387   -2.8011    0.1712
 9034 MLKGMEV  -10.7769  -12.9549   -2.1780    0.1712
 9035 MLVGMEK   -7.1078   -9.5086   -2.4009    0.1712
 9036 MLMGEVE   -9.6460  -12.7454   -3.0994    0.1712
 9037 MLMGEVE   -9.6724  -12.7718   -3.0994    0.1712
 9038 MLIGEVE  -11.0732  -13.6838   -2.6106    0.1712
 9039 MLIGEVK  -10.0108  -11.8113   -1.8006    0.1712
 9040 MLIGEVK  -10.0108  -11.8113   -1.8006    0.1712
 9041 MLIGKVE   -8.0190   -9.8196   -1.8006    0.1712
 9042 MLIGEVK  -10.0634  -11.8640   -1.8006    0.1712
 9043 MLIGEVK  -10.0634  -11.8640   -1.8006    0.1712
 9044 MLIGEVK  -10.0634  -11.8640   -1.8006    0.1712
 9045 MLVGEIE   -9.7516  -12.3622   -2.6106    0.1712
 9046 FLVGEIE   -5.3239   -9.3813   -4.0574    0.1712
 9047 FLIGEVE   -6.8227  -10.8801   -4.0574    0.1712
 9048 MLIGEVE   -9.6621  -12.2726   -2.6106    0.1712
 9049 MLIGEVD  -10.2406  -12.5341   -2.2934    0.1712
 9050 MLIGDVD   -9.2104  -11.1867   -1.9763    0.1712
 9051 MLIGDVD   -9.2104  -11.1867   -1.9763    0.1712
 9052 MLIGEVD  -10.1878  -12.4812   -2.2934    0.1712
 9053 MLIGEVD  -10.1878  -12.4812   -2.2934    0.1712
 9054 MLVGEVE   -8.1587  -11.2635   -3.1049    0.1712
 9055 MLVGEVE   -8.1587  -11.2635   -3.1049    0.1712
 9056 MLVGELE   -6.8647  -10.7050   -3.8403    0.1712
 9057 MLVGELD   -8.0615  -11.5846   -3.5231    0.1712
 9058 MLVGELD   -8.0615  -11.5846   -3.5231    0.1712
 9059 MLVGELD   -8.0615  -11.5846   -3.5231    0.1712
 9060 MLFGEVE   -7.7022  -10.0085   -2.3063    0.1712
 9061 MLFGEVE   -7.7022  -10.0085   -2.3063    0.1712
 9062 MLVGEVE   -8.0668  -11.1717   -3.1049    0.1712
 9063 MLVGEVE   -8.0668  -11.1717   -3.1049    0.1712
 9064 MLIGEVE   -8.9369  -11.5475   -2.6106    0.1712
 9065 MLIGEVK   -8.6418  -10.4423   -1.8006    0.1712
 9066 MLIGEVE   -8.9018  -11.5123   -2.6106    0.1712
 9067 MLIGEVE   -8.9018  -11.5123   -2.6106    0.1712
 9068 MLIGEVE   -8.9018  -11.5123   -2.6106    0.1712
 9069 MLIGEVE   -8.9018  -11.5123   -2.6106    0.1712
 9070 MLIGEMD   -9.3337  -11.7017   -2.3680    0.1712
 9071 MLGIEMD   -5.6146   -7.8712   -2.2566    0.1712
 9072 MLGMEEI   -4.5593   -7.2444   -2.6851    0.1712
 9073 MLGMEYE   -0.3130   -4.1218   -3.8089    0.1712
 9074 MLGYEVE   -4.6256   -8.4399   -3.8143    0.1712
 9075 MLGEEVY   -2.0414   -6.0785   -4.0371    0.1712
 9076 MLGKWVE   -2.9761   -6.1312   -3.1551    0.1712
 9077 KLIGWVD   -4.5097   -9.0988   -4.5891    0.1712
 9078 KLIGWVE   -4.3345   -9.2408   -4.9063    0.1712
 9079 KLIGMVE   -8.2802  -10.0808   -1.8006    0.1712
 9080 KLIGMVE   -8.2802  -10.0808   -1.8006    0.1712
 9081 ELIGEAW   -4.3641   -8.3964   -4.0323    0.1712
 9082 ELIGEGW   -5.3619   -7.8154   -2.4534    0.1712
 9083 ELIGEGW   -5.6822   -8.1357   -2.4534    0.1712
 9084 KLIGDGW   -7.5458   -8.8720   -1.3263    0.1712
 9085 KLLGDGW   -6.6079   -9.7239   -3.1160    0.1712
 9086 KLLGEGW   -7.9018  -11.3349   -3.4331    0.1712
 9087 KLLGEGW   -7.9018  -11.3349   -3.4331    0.1712
 9088 KLLGEGW   -7.9018  -11.3349   -3.4331    0.1712
 9089 KLLGEGW   -7.9018  -11.3349   -3.4331    0.1712
 9090 KLLGEGW   -7.9018  -11.3349   -3.4331    0.1712
 9091 ELLGEGW   -5.2326   -9.4758   -4.2431    0.1712
 9092 ELLGEGW   -5.2326   -9.4758   -4.2431    0.1712
 9093 KLLGEGW   -6.4064   -9.8395   -3.4331    0.1712
 9094 KLLGEGW   -6.4064   -9.8395   -3.4331    0.1712
 9095 KLLGEGW   -6.4064   -9.8395   -3.4331    0.1712
 9096 KLLGEGF   -6.2251  -10.5194   -4.2943    0.1712
 9097 RLLGEGM   -2.2515  -11.5029   -9.2514    0.1712
 9098 MLLGEGR   -2.3466  -11.7095   -9.3629    0.1712
 9099 MLLGEGE   -5.3997  -12.2086   -6.8089    0.1712
 9100 MLLGEGE   -5.3997  -12.2086   -6.8089    0.1712
 9101 MLWGEGE   -6.3934  -10.3271   -3.9337    0.1712
 9102 MLWGEGE   -6.3934  -10.3271   -3.9337    0.1712
 9103 MLWGDGE   -5.3401   -8.9567   -3.6166    0.1712
 9104 MLWGDGD   -6.2829   -9.5824   -3.2994    0.1712
 9105 MLWGDGK   -5.8038   -8.6103   -2.8066    0.1712
 9106 KLWGMGD   -8.4797  -11.1749   -2.6951    0.1712
 9107 KLFGDGF   -5.0649   -7.0280   -1.9631    0.1712
 9108 KLFGEGF   -5.4350   -7.7152   -2.2803    0.1712
 9109 KLFGFGE   -6.2072   -8.4875   -2.2803    0.1712
 9110 KLIGFGE   -8.1298  -10.6344   -2.5046    0.1712
 9111 KLIGFGE   -8.1298  -10.6344   -2.5046    0.1712
 9112 KLIGEGF   -7.3648   -9.8694   -2.5046    0.1712
 9113 KLIGEGF   -7.3648   -9.8694   -2.5046    0.1712
 9114 KLIGEGF   -7.3648   -9.8694   -2.5046    0.1712
 9115 KLIGEGF   -7.3648   -9.8694   -2.5046    0.1712
 9116 KLIGEGF   -7.3648   -9.8694   -2.5046    0.1712
 9117 KLIGMGE   -7.6379  -11.7357   -4.0977    0.1712
 9118 KLIGMGD   -9.1928  -12.9733   -3.7806    0.1712
 9119 KLIGMGD   -9.1928  -12.9733   -3.7806    0.1712
 9120 KLIGMGD   -9.1928  -12.9733   -3.7806    0.1712
 9121 KLIGMGD   -9.1928  -12.9733   -3.7806    0.1712
 9122 KLIGFGD   -9.7977  -11.9851   -2.1874    0.1712
 9123 KLIGFGE   -8.1369  -10.6415   -2.5046    0.1712
 9124 KLIGEGW   -8.6888  -10.3323   -1.6434    0.1712
 9125 KLGWEGI   -5.7148   -7.2468   -1.5320    0.1712
 9126 KLGWEGI   -5.7148   -7.2468   -1.5320    0.1712
 9127 KLGWEGI   -5.7148   -7.2468   -1.5320    0.1712
 9128 KLGWIGE   -4.5905   -6.2340   -1.6434    0.1712
 9129 KLGWEGI   -5.9820   -7.5140   -1.5320    0.1712
 9130 KLGMWGE   -5.4473   -8.4596   -3.0123    0.1712
 9131 KLGMWGE   -5.4473   -8.4596   -3.0123    0.1712
 9132 KLGMEGW   -5.1094   -8.0103   -2.9009    0.1712
 9133 KLMGEGW   -6.7086   -9.7208   -3.0123    0.1712
 9134 KLMGEGW   -6.7086   -9.7208   -3.0123    0.1712
 9135 KLLGEGI   -3.3650   -7.8836   -4.5186    0.1712
 9136 KLLGMEI   -0.7893   -5.5339   -4.7446    0.1712
 9137 KLLGMEI   -0.7893   -5.5339   -4.7446    0.1712
 9138 LLKGMDI   -0.2427   -4.6701   -4.4274    0.1712
 9139 KLEGMFL    1.7657   -2.7860   -4.5517    0.1712
 9140 ALDGFKL   -1.3237   -5.2883   -3.9646    0.1712
 9141 ALDGVKY   -1.3504   -7.3190   -5.9686    0.1712
 9142 DLAGVKI   -3.3935   -7.1670   -3.7734    0.1712
 9143 ALDGVKV   -2.7958   -7.9436   -5.1477    0.1712
 9144 ALDGVKW   -4.5796   -7.2676   -2.6880    0.1712
 9145 ALEGIKW   -4.4460   -7.5568   -3.1109    0.1712
 9146 ALEGIKW   -4.4460   -7.5568   -3.1109    0.1712
 9147 ALEGVKW   -5.9943   -8.9994   -3.0051    0.1712
 9148 ALKGVEW   -5.1477   -8.1529   -3.0051    0.1712
 9149 ALKGVEW   -5.1477   -8.1529   -3.0051    0.1712
 9150 ALVGKEW   -2.9646   -6.1926   -3.2280    0.1712
 9151 ALVGKEI   -2.4523   -6.7658   -4.3134    0.1712
 9152 ELLGEAW   -4.3910   -9.6530   -5.2620    0.1712
 9153 ELLGEAW   -4.3910   -9.6530   -5.2620    0.1712
 9154 ILWGEAE   -5.8327   -9.8650   -4.0323    0.1712
 9155 ILIGEAE   -8.0032  -11.6410   -3.6377    0.1712
 9156 ILIGEAE   -8.0032  -11.6410   -3.6377    0.1712
 9157 ILIGEEA   -7.1298  -10.8789   -3.7491    0.1712
 9158 ILIGGEE   -6.4394  -10.3125   -3.8731    0.1712
 9159 ILIGGEE   -6.4394  -10.3125   -3.8731    0.1712
 9160 ILIGVEE   -6.6580  -11.1312   -4.4731    0.1712
 9161 ILIGEKV   -7.2659  -10.9291   -3.6631    0.1712
 9162 ILIGEKG   -7.6859  -10.6376   -2.9517    0.1712
 9163 ILIGEKG   -7.6859  -10.6376   -2.9517    0.1712
 9164 ILIGEDG   -7.6259  -11.0704   -3.4446    0.1712
 9165 ILEGWDG   -5.0441   -7.1803   -2.1363    0.1712
 9166 ILKGWDG   -8.7733  -10.0995   -1.3263    0.1712
 9167 VLKGWDG   -7.0957   -9.7963   -2.7006    0.1712
 9168 VLKGWDG   -7.0957   -9.7963   -2.7006    0.1712
 9169 VLKGVDM   -8.3770  -10.2433   -1.8663    0.1712
 9170 MLKGVDV   -8.3856  -10.2519   -1.8663    0.1712
 9171 VLKGVDL   -7.3044   -9.8316   -2.5271    0.1712
 9172 VLKGVDL   -7.3044   -9.8316   -2.5271    0.1712
 9173 VLKGVDL   -7.3044   -9.8316   -2.5271    0.1712
 9174 VLLGVDK   -5.2026   -7.9526   -2.7500    0.1712
 9175 MLLGVKD   -5.3148   -8.1393   -2.8246    0.1712
 9176 MLMGVDD   -5.4823   -8.0589   -2.5766    0.1712
 9177 FLMGDVD   -4.3656   -6.0376   -1.6720    0.1712
 9178 FLYGDVD   -4.0053   -5.7036   -1.6983    0.1712
 9179 FLVGVDD   -6.5085   -8.2173   -1.7089    0.1712
 9180 FLVGVDD   -6.0893   -7.7982   -1.7089    0.1712
 9181 FLVGVDD   -6.0893   -7.7982   -1.7089    0.1712
 9182 YLLGVDD   -4.0063   -7.8301   -3.8237    0.1712
 9183 YLLGDDV   -3.2908   -7.1146   -3.8237    0.1712
 9184 MLLGVDD   -7.5982  -10.9157   -3.3174    0.1712
 9185 MLLGVED   -7.5316  -11.1662   -3.6346    0.1712
 9186 MLVGEVD  -11.0161  -13.8038   -2.7877    0.1712
 9187 MLVGEVD  -11.0161  -13.8038   -2.7877    0.1712
 9188 MLVGEVD  -11.0161  -13.8038   -2.7877    0.1712
 9189 MLVGEVD  -11.0161  -13.8038   -2.7877    0.1712
 9190 MLVGEVD  -10.0908  -12.8785   -2.7877    0.0945
 9191 MLVGEVD  -10.0908  -12.8785   -2.7877    0.0945
 9192 MLVGEVD  -10.0908  -12.8785   -2.7877    0.0945
 9193 MLVGEVD  -10.0908  -12.8785   -2.7877    0.0945
 9194 MLVGEVD  -10.0908  -12.8785   -2.7877    0.0945
 9195 MLVGEVD  -10.0908  -12.8785   -2.7877    0.0945
 9196 MLVGEVD  -10.0908  -12.8785   -2.7877    0.0945
 9197 MLMGEFD   -8.8962  -10.9599   -2.0637    0.0945
 9198 MLMGEFD   -8.8962  -10.9599   -2.0637    0.0945
 9199 MLMGFED   -7.7373   -9.9124   -2.1751    0.0945
 9200 MLMGFEE   -6.1306   -8.6229   -2.4923    0.0945
 9201 MLMGFED   -7.3749   -9.5500   -2.1751    0.0945
 9202 MLMGIED   -5.8435   -8.3230   -2.4794    0.0945
 9203 MLMGIED   -5.8435   -8.3230   -2.4794    0.0945
 9204 MLMGIED   -5.8435   -8.3230   -2.4794    0.0945
 9205 MLMGEKW   -3.6461   -6.9872   -3.3411    0.0945
 9206 MLKGEMF   -8.8008  -10.3717   -1.5709    0.0945
 9207 MLKGEMF   -8.5408  -10.1116   -1.5709    0.0945
 9208 MLKGEMF   -8.5408  -10.1116   -1.5709    0.0945
 9209 MLKGMEF   -8.3490   -9.8085   -1.4594    0.0945
 9210 MLKGMEF   -8.3490   -9.8085   -1.4594    0.0945
 9211 MLKGMEF   -8.3490   -9.8085   -1.4594    0.0945
 9212 MLKGEMM   -8.6045  -10.8885   -2.2840    0.0945
 9213 MLKGEMM   -8.6045  -10.8885   -2.2840    0.0945
 9214 MLKGEMM   -8.8119  -11.0959   -2.2840    0.0945
 9215 MLKGEIM   -6.8128   -8.6880   -1.8751    0.0945
 9216 MLKGEIM   -6.8128   -8.6880   -1.8751    0.0945
 9217 MLMGELK   -7.5950  -10.6998   -3.1049    0.0945
 9218 MLIGEMK   -9.3293  -11.2045   -1.8751    0.0945
 9219 MLIGEMK   -9.3293  -11.2045   -1.8751    0.0945
 9220 MLIGEMK   -9.3293  -11.2045   -1.8751    0.0945
 9221 MLIGEMK   -9.3304  -11.2056   -1.8751    0.0945
 9222 MLIGEKV   -9.4958  -11.4078   -1.9120    0.0945
 9223 MLKGEIV   -8.1574   -9.9580   -1.8006    0.0945
 9224 MLKGEIM   -7.5205   -9.3957   -1.8751    0.0945
 9225 MLMGEIK   -6.8957   -8.7708   -1.8751    0.0945
 9226 MLMGDEI   -6.5669   -9.0463   -2.4794    0.0945
 9227 MLFGEEV   -7.4189   -9.8366   -2.4177    0.0945
 9228 MLFGEEV   -7.4189   -9.8366   -2.4177    0.0945
 9229 MLFGEEV   -7.4189   -9.8366   -2.4177    0.0945
 9230 MLMGVKE   -6.4780   -8.8788   -2.4009    0.0945
 9231 ELMGFKV   -6.1488   -7.5336   -1.3849    0.0945
 9232 KLMGFEV   -7.5929   -8.9777   -1.3849    0.0945
 9233 KLMGVEY   -4.6133   -7.6176   -3.0043    0.0945
 9234 KLMGAEW   -6.2925   -9.2922   -2.9997    0.0945
 9235 KLMGAEW   -6.2925   -9.2922   -2.9997    0.0945
 9236 KLMGAEW   -6.2925   -9.2922   -2.9997    0.0945
 9237 KLMGAEW   -6.2925   -9.2922   -2.9997    0.0945
 9238 KLMGAEW   -6.2925   -9.2922   -2.9997    0.0945
 9239 KLMGAEW   -6.2925   -9.2922   -2.9997    0.0945
 9240 KLMGAEW   -6.2925   -9.2922   -2.9997    0.0945
 9241 KLMGVEW   -5.7612   -8.8049   -3.0437    0.0945
 9242 KLMGVEW   -5.7645   -8.8082   -3.0437    0.0945
 9243 KLMGVEW   -5.8128   -8.8566   -3.0437    0.0945
 9244 MLKGVEA   -4.2640   -9.7234   -5.4594    0.0945
 9245 KLMGVEV   -8.5362  -10.7196   -2.1834    0.0945
 9246 MLKGVEV   -8.6831  -10.8665   -2.1834    0.0945
 9247 MLKGMEV   -9.1153  -11.2933   -2.1780    0.0945
 9248 MLKGMEI   -8.9493  -10.7130   -1.7637    0.0945
 9249 MLKGAEF   -7.1320  -10.9929   -3.8609    0.0945
 9250 MLKGAEF   -7.1320  -10.9929   -3.8609    0.0945
 9251 MLKGAEF   -7.1320  -10.9929   -3.8609    0.0945
 9252 MLKGAEF   -7.1320  -10.9929   -3.8609    0.0945
 9253 MLKGAEF   -7.1320  -10.9929   -3.8609    0.0945
 9254 MLKGAEF   -7.1320  -10.9929   -3.8609    0.0945
 9255 MLKGAEF   -7.1320  -10.9929   -3.8609    0.0945
 9256 MLKGAEF   -7.1320  -10.9929   -3.8609    0.0945
 9257 MLKGMEF   -9.4771  -10.9365   -1.4594    0.0945
 9258 MLKGFEY   -6.8671   -8.2728   -1.4057    0.0945
 9259 MLKGFEF   -7.3019  -10.2082   -2.9063    0.0945
 9260 MLKGVEF   -9.2272  -10.6120   -1.3849    0.0945
 9261 MLKGVEF   -9.2272  -10.6120   -1.3849    0.0945
 9262 MLEGEVF   -7.8351  -10.1414   -2.3063    0.0945
 9263 MLMGEVE   -9.1922  -12.2917   -3.0994    0.0945
 9264 MLGMEVE   -6.6501   -9.6381   -2.9880    0.0945
 9265 MLGLEVE   -6.9026  -10.6315   -3.7289    0.0945
 9266 MLGLEVE   -6.9026  -10.6315   -3.7289    0.0945
 9267 MLGLEVE   -6.9026  -10.6315   -3.7289    0.0945
 9268 MLGLEVE   -6.9026  -10.6315   -3.7289    0.0945
 9269 MLGLDVD   -7.5166  -10.6112   -3.0946    0.0945
 9270 MLGIVED   -5.4569   -7.8618   -2.4049    0.0945
 9271 MLGFEEV   -7.0517   -9.3580   -2.3063    0.0945
 9272 MLGFEEV   -7.0517   -9.3580   -2.3063    0.0945
 9273 MLGFEDV   -6.1468   -8.1359   -1.9891    0.0945
 9274 MLGFEDV   -6.1468   -8.1359   -1.9891    0.0945
 9275 GLMDFDY   -3.2089   -4.7903   -1.5814    0.0945
 9276 GLMDFEY   -3.8131   -5.7117   -1.8986    0.0945
 9277 GLVDFEY   -4.7556   -6.6596   -1.9040    0.0945
 9278 GLMDYEF   -3.7117   -5.6102   -1.8986    0.0945
 9279 GLMYFED   -6.0086   -8.2415   -2.2329    0.0945
 9280 GLMYFDD   -6.1280   -8.0438   -1.9157    0.0945
 9281 GLMYFDD   -6.1280   -8.0438   -1.9157    0.0945
 9282 GLMYFDD   -6.1280   -8.0438   -1.9157    0.0945
 9283 GLMFYDD   -6.8261   -8.7418   -1.9157    0.0945
 9284 GLMYFDD   -7.0578   -8.9735   -1.9157    0.0945
 9285 GLMYFDD   -7.0578   -8.9735   -1.9157    0.0945
 9286 GLMYFDE   -6.7382   -8.9711   -2.2329    0.0945
 9287 GLMFYDE   -6.0212   -8.2541   -2.2329    0.0945
 9288 GLMFYDD   -6.6777   -8.5934   -1.9157    0.0945
 9289 GLMFIDE   -3.5809   -7.6186   -4.0377    0.0945
 9290 GLMFFED   -5.1381   -8.8716   -3.7334    0.0945
 9291 GLMFFEE   -4.8709   -8.9215   -4.0506    0.0945
 9292 GLMFFEE   -4.8709   -8.9215   -4.0506    0.0945
 9293 GLMFEEG   -4.9035   -9.8098   -4.9063    0.0945
 9294 GLMYEEG   -2.2506   -9.5764   -7.3257    0.0945
 9295 GLMYEEG   -2.2506   -9.5764   -7.3257    0.0945
 9296 GLMYEEI   -6.1805   -8.8434   -2.6629    0.0945
 9297 GLMYEEI   -6.1805   -8.8434   -2.6629    0.0945
 9298 GLMYEKI   -3.1027   -4.9555   -1.8529    0.0945
 9299 GLMYEIK   -5.6884   -7.4298   -1.7414    0.0945
 9300 GLMYDIK   -5.0676   -6.4919   -1.4243    0.0945
 9301 GLMYEVK   -7.2931  -10.4088   -3.1157    0.0945
 9302 GLMYEVD   -7.7255  -11.3340   -3.6086    0.0945
 9303 GLMYEVD   -7.7255  -11.3340   -3.6086    0.0945
 9304 GLMYVED   -5.5071   -9.3385   -3.8314    0.0945
 9305 GLMYVEK   -4.9606   -8.2992   -3.3386    0.0945
 9306 GLMYEVE   -6.5695  -10.4952   -3.9257    0.0945
 9307 GLMYDVD   -6.8441  -10.1355   -3.2914    0.0945
 9308 GLMMDVE   -4.8945   -7.6768   -2.7823    0.0945
 9309 GLMFDVE   -7.6213   -9.6104   -1.9891    0.0945
 9310 GLVFDFE   -4.8055   -8.2415   -3.4360    0.0945
 9311 GLVFDGE   -6.0398  -10.5229   -4.4831    0.0945
 9312 GLVFDGE   -6.0398  -10.5229   -4.4831    0.0945
 9313 GLIFADE   -5.7999   -9.1190   -3.3191    0.0945
 9314 GLVFADE   -5.1837   -9.8771   -4.6934    0.0945
 9315 GLVFEDY   -6.9899   -9.1168   -2.1269    0.0945
 9316 YLVFEGE   -6.6231   -9.0671   -2.4440    0.0945
 9317 YLVFEGE   -6.6231   -9.0671   -2.4440    0.0945
 9318 YLVFDGE   -5.9609   -8.0877   -2.1269    0.0945
 9319 YLVFEGD   -7.1228   -9.2497   -2.1269    0.0945
 9320 ELVFYGK   -7.1299   -8.7639   -1.6340    0.0945
 9321 ELVFMGK   -7.6971   -9.3049   -1.6077    0.0945
 9322 GLVFEGK   -5.1935   -9.1838   -3.9903    0.0945
 9323 ILVFEGK   -6.0093   -9.3682   -3.3589    0.0945
 9324 ILVFEGE   -6.2799  -10.4488   -4.1689    0.0945
 9325 MLVFEGE   -8.2140  -10.6317   -2.4177    0.0945
 9326 MLVFDGE   -8.0555  -10.1561   -2.1006    0.0945
 9327 MLVFDGE   -8.0555  -10.1561   -2.1006    0.0945
 9328 ELVFDGM   -5.7087   -7.6978   -1.9891    0.0945
 9329 MLVFEGD   -9.9424  -12.0430   -2.1006    0.0945
 9330 MLVFEGD   -9.9424  -12.0430   -2.1006    0.0945
 9331 MLVFEGD   -9.9424  -12.0430   -2.1006    0.0945
 9332 MLVFEGD   -9.9424  -12.0430   -2.1006    0.0945
 9333 MLVFEGD   -9.9424  -12.0430   -2.1006    0.0945
 9334 MLVFEGD   -9.9424  -12.0430   -2.1006    0.0945
 9335 MLVFEGD   -9.9424  -12.0430   -2.1006    0.0945
 9336 MLVFEGD   -9.9424  -12.0430   -2.1006    0.0945
 9337 MLMFEGD   -8.9958  -11.1710   -2.1751    0.0945
 9338 MLVFEGD   -9.9507  -12.0513   -2.1006    0.0945
 9339 MLVLDGD   -7.5329  -10.8503   -3.3174    0.0945
 9340 MLVLDGD   -7.5329  -10.8503   -3.3174    0.0945
 9341 GLVLDVD   -7.1167  -10.2482   -3.1314    0.0945
 9342 GLVLEVD   -7.6902  -11.1387   -3.4486    0.0945
 9343 GLVLDVD   -7.3016  -10.4330   -3.1314    0.0945
 9344 GLVADVD   -4.6260  -10.3780   -5.7520    0.0945
 9345 GLVADIK   -4.8958   -8.7807   -3.8849    0.0945
 9346 GLVADFK   -5.1616   -8.8222   -3.6606    0.0945
 9347 GLLADFK   -5.4203   -9.4963   -4.0760    0.0945
 9348 GLLDVFD   -4.3365   -8.9894   -4.6529    0.0945
 9349 GLVDVFD   -7.6611   -9.2585   -1.5974    0.0945
 9350 GLVDVFD   -7.6611   -9.2585   -1.5974    0.0945
 9351 GLVDVFD   -7.6611   -9.2585   -1.5974    0.0945
 9352 GLVDDFV   -6.6367   -8.3456   -1.7089    0.0945
 9353 FLVDDGV   -7.8997   -9.6086   -1.7089    0.0945
 9354 FLVDEGV   -8.2365  -10.2625   -2.0260    0.0945
 9355 FLVDEGV   -8.2365  -10.2625   -2.0260    0.0945
 9356 FLVEDGV   -8.0346  -10.0606   -2.0260    0.0945
 9357 FLVDDGV   -7.6139   -9.3228   -1.7089    0.0945
 9358 FLVDDGV   -7.6139   -9.3228   -1.7089    0.0945
 9359 MLVDVGD   -6.9704   -9.4409   -2.4706    0.0945
 9360 ILVDVGD   -6.6912   -8.5929   -1.9017    0.0945
 9361 ILVDEGV   -7.4057   -9.7360   -2.3303    0.0945
 9362 GLIDEVG   -4.5168   -9.2242   -4.7074    0.0945
 9363 GLIGEDV   -6.0145  -10.7219   -4.7074    0.0945
 9364 GLILEDV   -6.4129  -11.7986   -5.3857    0.0945
 9365 GLIMEDA   -5.8995  -10.7003   -4.8009    0.0945
 9366 GLIMEDA   -5.8995  -10.7003   -4.8009    0.0945
 9367 GLIMEDA   -5.8995  -10.7003   -4.8009    0.0945
 9368 GLIMMDD   -6.8919   -9.1657   -2.2737    0.0945
 9369 GLIMMDD   -6.8919   -9.1657   -2.2737    0.0945
 9370 GLIMMDD   -6.8919   -9.1657   -2.2737    0.0945
 9371 GLIMMDD   -6.9811   -9.2548   -2.2737    0.0945
 9372 GLIMADD   -5.8023  -10.3974   -4.5951    0.0945
 9373 GLIMVDD   -8.1251  -10.3243   -2.1991    0.0945
 9374 GLIMDVD   -7.3771   -9.3534   -1.9763    0.0945
 9375 GLIGVED   -4.2765   -8.9840   -4.7074    0.0945
 9376 GLMGVDE   -5.0082  -11.0845   -6.0763    0.0945
 9377 GLMGIDK   -4.5096   -8.4016   -3.8920    0.0945
 9378 GLKGIDM   -3.3914   -7.0605   -3.6691    0.0945
 9379 GLKGIDM   -3.3914   -7.0605   -3.6691    0.0945
 9380 GLKGFDM   -4.7933   -8.2382   -3.4449    0.0945
 9381 GLKGFDM   -4.7933   -8.2382   -3.4449    0.0945
 9382 GLRGFDW   -3.9396   -8.2942   -4.3546    0.0945
 9383 GLRGFDW   -3.9396   -8.2942   -4.3546    0.0945
 9384 GLRGFDW   -3.9396   -8.2942   -4.3546    0.0945
 9385 GLRGFDW   -3.9396   -8.2942   -4.3546    0.0945
 9386 GLRGFDW   -3.9396   -8.2942   -4.3546    0.0945
 9387 GLDGFDW   -3.5847   -5.0681   -1.4834    0.0945
 9388 GLDGDVW   -2.9871   -6.1805   -3.1934    0.0945
 9389 GLVGDDW   -6.3203   -9.6252   -3.3049    0.0945
 9390 GLVGDEW   -5.6245   -9.2465   -3.6220    0.0945
 9391 GLVGDEW   -5.9681   -9.5901   -3.6220    0.1170
 9392 GLVGWED   -5.6824   -9.3044   -3.6220    0.1170
 9393 DLVGWGD   -3.1845   -6.3779   -3.1934    0.1170
 9394 YLGVWDD   -4.6567   -7.4453   -2.7886    0.1170
 9395 YLGVWDD   -4.6567   -7.4453   -2.7886    0.1170
 9396 YLVGWDE   -4.6865   -7.7922   -3.1057    0.1170
 9397 YLVGWDE   -4.6865   -7.7922   -3.1057    0.1170
 9398 FLVGWDE   -3.4566   -8.6629   -5.2063    0.1170
 9399 FLVGADE   -5.6028  -10.1848   -4.5820    0.1170
 9400 GLVGDFK   -5.3960   -8.9577   -3.5617    0.1170
 9401 GLVGDMD   -6.2611  -11.9088   -5.6477    0.1170
 9402 GLVGDMK   -5.6942  -10.8491   -5.1549    0.1170
 9403 GLVGDMK   -5.6942  -10.8491   -5.1549    0.1170
 9404 GLVGDKW   -6.9788   -9.7908   -2.8120    0.1170
 9405 ALVGDKW   -7.5222  -10.4330   -2.9109    0.1170
 9406 DLVGAKW   -7.2158   -9.9038   -2.6880    0.1170
 9407 DLVGAKW   -7.2158   -9.9038   -2.6880    0.1170
 9408 DLIGAKW   -7.6472  -10.4409   -2.7937    0.1170
 9409 DLIGAKF   -6.3896   -8.5645   -2.1749    0.1170
 9410 KLIGWDA   -5.3586   -8.1523   -2.7937    0.1170
 9411 YLKGWDA   -3.7346   -7.2435   -3.5089    0.1170
 9412 WLKGYAD   -3.4074   -7.0277   -3.6203    0.1170
 9413 WLKGYAD   -3.4074   -7.0277   -3.6203    0.1170
 9414 WLKGYAD   -3.4074   -7.0277   -3.6203    0.1170
 9415 WLKGYAD   -3.1765   -6.7968   -3.6203    0.1170
 9416 MLKGYEM   -4.7664   -7.7652   -2.9989    0.1170
 9417 MLKGLEM   -4.2589   -7.2524   -2.9934    0.1170
 9418 MLKGVEM   -7.3221   -9.5001   -2.1780    0.1170
 9419 MLKGVDV   -9.2293  -11.0955   -1.8663    0.1170
 9420 MLKGVDV   -9.2293  -11.0955   -1.8663    0.1170
 9421 MLKGVDV   -9.2293  -11.0955   -1.8663    0.1170
 9422 MLKGVDV   -9.1839  -11.0502   -1.8663    0.1170
 9423 MLKGMDV   -9.7694  -11.6303   -1.8609    0.1170
 9424 MLKGMDV   -9.7694  -11.6303   -1.8609    0.1170
 9425 MLKGIDV   -7.6561   -9.0281   -1.3720    0.1170
 9426 VLKGIDV   -7.2055   -8.5029   -1.2974    0.1170
 9427 VLKGVDM   -8.4128  -10.2791   -1.8663    0.1170
 9428 VLKGVDM   -8.4128  -10.2791   -1.8663    0.1170
 9429 VLKGMDV   -9.3975  -11.2638   -1.8663    0.1170
 9430 VLKGVDM   -8.8435  -10.7098   -1.8663    0.1170
 9431 VLKGFEM   -8.5646   -9.9494   -1.3849    0.1170
 9432 VLKGMDM   -8.9863  -10.8472   -1.8609    0.1170
 9433 VLKGMDV   -9.4025  -11.2688   -1.8663    0.1170
 9434 VLKGMDV   -9.4025  -11.2688   -1.8663    0.1170
 9435 MLKGVDV   -8.4262  -10.2925   -1.8663    0.1170
 9436 MLKGVDV   -8.4262  -10.2925   -1.8663    0.1170
 9437 MLKGVDV   -8.4262  -10.2925   -1.8663    0.1170
 9438 MLKGVVD   -7.8446   -9.8223   -1.9777    0.1170
 9439 MLKGVVE   -8.2122  -10.5070   -2.2949    0.1170
 9440 MLVGVEK   -6.8614   -9.2676   -2.4063    0.1170
 9441 MLVGFEK   -6.3777   -7.9854   -1.6077    0.1170
 9442 MLEGFVD   -5.0861   -7.0753   -1.9891    0.1170
 9443 FLVGMED   -6.2339   -8.3344   -2.1006    0.1170
 9444 FLMGVDE   -5.2714   -7.3720   -2.1006    0.1170
 9445 FLMGVDE   -5.2714   -7.3720   -2.1006    0.1170
 9446 FLVGMDD   -8.0371   -9.8205   -1.7834    0.1170
 9447 FLVGMED   -7.9622  -10.0627   -2.1006    0.1170
 9448 FLVGMKD   -8.1520   -9.4425   -1.2906    0.1170
 9449 MLVGFDD   -7.3705   -9.1540   -1.7834    0.1170
 9450 MLVGFDD   -6.8815   -8.6649   -1.7834    0.1170
 9451 ALVFVDD   -4.3250   -7.9242   -3.5991    0.1170
 9452 ALVFVDD   -4.3250   -7.9242   -3.5991    0.1170
 9453 ALDFVDV   -2.9547   -6.2195   -3.2649    0.1170
 9454 ALKFVEV   -3.4085   -6.4977   -3.0891    0.1170
 9455 ALKFVEG   -2.5542   -6.5319   -3.9777    0.1170
 9456 GLVFEAK   -6.8914  -10.8691   -3.9777    0.1170
 9457 FLVAEDA   -5.3232  -10.0040   -4.6809    0.1170
 9458 FLIAEDA   -5.6724   -9.6190   -3.9466    0.1170
 9459 ALIAEDF   -6.3132  -10.2598   -3.9466    0.1170
 9460 ALFADDW   -2.5258   -7.5098   -4.9840    0.1170
 9461 ALFAFDD   -4.4077   -7.8442   -3.4366    0.1170
 9462 ALLAVDD   -4.8608  -11.3500   -6.4891    0.1170
 9463 ALLAFEE   -4.8521  -10.4569   -5.6049    0.1170
 9464 ALIAVEE   -5.8838  -11.2175   -5.3337    0.1170
 9465 ALIAVED   -6.1350  -11.1516   -5.0166    0.1170
 9466 ALIADEW   -3.6275   -9.2329   -5.6054    0.1170
 9467 ALIAEEW   -4.4951  -10.4176   -5.9226    0.1170
 9468 ALIAIEE   -2.9773   -7.6567   -4.6794    0.1170
 9469 ALIEIAE   -4.2092   -8.6658   -4.4566    0.1170
 9470 KLIEFAA   -5.8098   -9.1521   -3.3423    0.1170
 9471 KLIEMAA   -6.3997  -10.6951   -4.2954    0.1170
 9472 KLIDMAA   -4.4336   -8.4119   -3.9783    0.1170
 9473 KLMDVAA   -3.3927   -8.7453   -5.3526    0.1170
 9474 KLMAVID   -5.7705   -9.1442   -3.3737    0.1170
 9475 KLIAVMD   -6.2235   -9.5972   -3.3737    0.1170
 9476 KLIAVMD   -6.2235   -9.5972   -3.3737    0.1170
 9477 KLIADMV   -5.7707   -9.0330   -3.2623    0.1170
 9478 KLVGDMI   -6.2807   -7.7641   -1.4834    0.1170
 9479 KLVGDMI   -6.2807   -7.7641   -1.4834    0.1170
 9480 KLAGDMI   -1.8137   -5.6931   -3.8794    0.1170
 9481 KLIGDAW   -7.3256  -10.2307   -2.9051    0.1170
 9482 KLVGDGY   -2.5872   -8.5683   -5.9811    0.1170
 9483 KLMGEAY   -3.4404   -9.8321   -6.3917    0.1170
 9484 KLFGEAF   -5.4377   -7.8169   -2.3791    0.1170
 9485 GLGEKMW    2.8522   -0.2715   -3.1237    0.1170
 9486 ELGKMGW   -2.6954   -5.5962   -2.9009    0.1170
 9487 MLGKEGW   -2.8582   -5.9819   -3.1237    0.1170
 9488 MLGWEGK   -3.0061   -6.0183   -3.0123    0.1170
 9489 MLIGEGK   -3.8288   -8.0379   -4.2091    0.1170
 9490 VLIGEGK   -6.4359  -10.6505   -4.2146    0.1170
 9491 VLIGEMK   -6.9718   -8.7723   -1.8006    0.1170
 9492 VLMGEIK   -6.9317   -8.7323   -1.8006    0.1170
 9493 VLFGEID   -5.3980   -9.1383   -3.7403    0.1170
 9494 VLFGEAD   -5.5004   -9.9709   -4.4706    0.1170
 9495 FLVGEAD   -7.1983  -11.6689   -4.4706    0.1170
 9496 FLVGEAD   -7.1983  -11.6689   -4.4706    0.1170
 9497 FLVGEMD   -8.1215  -10.1107   -1.9891    0.1170
 9498 FLMGEVD   -9.0167  -11.0059   -1.9891    0.1170
 9499 FLMGDVD   -8.0483   -9.7203   -1.6720    0.1170
 9500 MLFGDVD   -8.3297  -10.0017   -1.6720    0.1170
 9501 FLMGDVD   -7.2121   -8.8841   -1.6720    0.1170
 9502 FLMGDVE   -6.9408   -8.9300   -1.9891    0.1170
 9503 MLFGDVD   -7.9246   -9.5966   -1.6720    0.1170
 9504 MLLGVDD   -6.4488   -9.7663   -3.3174    0.1170
 9505 MLLGDVD   -7.3813  -10.5873   -3.2060    0.1170
 9506 MLVGDVD   -8.3261  -10.7967   -2.4706    0.1170
 9507 MLVGDVD   -8.3261  -10.7967   -2.4706    0.1170
 9508 MLVGELD   -8.1395  -11.6627   -3.5231    0.1170
 9509 MLVGELD   -8.1395  -11.6627   -3.5231    0.1170
 9510 MLVGELD   -8.1395  -11.6627   -3.5231    0.1170
 9511 MLVGEID   -7.7429  -10.0363   -2.2934    0.1170
 9512 MLVGEID   -7.7429  -10.0363   -2.2934    0.1170
 9513 MLVGDID   -6.4764   -8.4527   -1.9763    0.1170
 9514 MLGVDID   -5.7182   -7.5830   -1.8649    0.1170
 9515 MLGVDID   -5.7182   -7.5830   -1.8649    0.1170
 9516 GLGVKID   -3.2149   -6.8895   -3.6746    0.1170
 9517 KLGIMVD   -5.9726   -7.4561   -1.4834    0.1170
 9518 KLGIMVD   -5.9726   -7.4561   -1.4834    0.1170
 9519 KLGIMVD   -5.9726   -7.4561   -1.4834    0.1170
 9520 KLGIMDV   -4.8890   -6.2610   -1.3720    0.1170
 9521 KLGVMVD   -7.2853   -9.2630   -1.9777    0.1170
 9522 KLVGMVD   -7.3596   -9.3373   -1.9777    0.1170
 9523 KLGVEVM   -5.1558   -7.3392   -2.1834    0.1170
 9524 MLGVEVD   -8.3355  -11.0118   -2.6763    0.1170
 9525 MLVGEVE   -8.6230  -11.7279   -3.1049    0.1170
 9526 MLVGEVK   -7.9539  -10.2488   -2.2949    0.1170
 9527 MLVGDMK   -5.6115   -7.5838   -1.9723    0.1170
 9528 MLVGDDV   -6.7939   -9.3759   -2.5820    0.1170
 9529 MLVGEDV   -7.9668  -10.8659   -2.8991    0.1170
 9530 MLVGEVE   -8.7840  -11.8889   -3.1049    0.1170
 9531 MLFGDVE   -6.8752   -8.8644   -1.9891    0.1170
 9532 VLFGEME   -5.5958   -7.9021   -2.3063    0.1170
 9533 VLFGEMD   -6.7945   -8.7837   -1.9891    0.1170
 9534 VLFGEME   -6.6039   -8.9102   -2.3063    0.1170
 9535 VLFGEME   -6.6039   -8.9102   -2.3063    0.1170
 9536 ILFGEME   -6.4952  -10.6272   -4.1320    0.1170
 9537 MLFGEME   -8.3062  -10.6870   -2.3809    0.1170
 9538 MLFGEME   -8.3062  -10.6870   -2.3809    0.1170
 9539 MLFGEME   -8.3062  -10.6870   -2.3809    0.1170
 9540 MLFGEME   -8.3062  -10.6870   -2.3809    0.1170
 9541 MLFGEME   -8.3062  -10.6870   -2.3809    0.1170
 9542 MLFGEME   -8.3062  -10.6870   -2.3809    0.1170
 9543 MLFGEMK   -7.9073   -9.4781   -1.5709    0.1170
 9544 MLFGEME   -8.1143  -10.4951   -2.3809    0.1170
 9545 MLFGEME   -8.1143  -10.4951   -2.3809    0.1170
 9546 MLFGEME   -8.1143  -10.4951   -2.3809    0.1170
 9547 MLFGEMD   -8.6205  -10.6842   -2.0637    0.1170
 9548 MLFGEMD   -8.6205  -10.6842   -2.0637    0.1170
 9549 MLFGEMD   -8.6205  -10.6842   -2.0637    0.1170
 9550 MLVGEMD   -8.1777  -10.9600   -2.7823    0.1170
 9551 LLVGDMD   -4.9994   -8.2054   -3.2060    0.1170
 9552 LLVGDDM   -4.6353   -7.9527   -3.3174    0.1170
 9553 LLVGDVD   -5.9987   -9.1301   -3.1314    0.1170
 9554 LLVGEVD   -7.4864  -10.9350   -3.4486    0.1170
 9555 LLVGEVD   -7.4864  -10.9350   -3.4486    0.1170
 9556 YLLGEVD   -5.0660   -9.0955   -4.0294    0.1170
 9557 LLYGEVD   -4.9468   -8.9762   -4.0294    0.1170
 9558 LLYGEVD   -4.9468   -8.9762   -4.0294    0.1170
 9559 LLYGEVD   -4.9468   -8.9762   -4.0294    0.1170
 9560 LLIGEVD   -5.7151  -10.9894   -5.2743    0.1170
 9561 LLIGEVD   -5.7151  -10.9894   -5.2743    0.1170
 9562 LLVGEID   -4.7009   -9.9752   -5.2743    0.1170
 9563 LLVGEVK   -6.8152   -9.7709   -2.9557    0.1170
 9564 VLVGELK   -6.9409   -9.8966   -2.9557    0.1170
 9565 VLVGDLK   -6.1542   -8.7928   -2.6386    0.1170
 9566 VLVGEKL   -6.8973   -9.9644   -3.0671    0.1170
 9567 VLVGEKV   -7.8111  -10.2228   -2.4117    0.1170
 9568 VLEGMEM   -4.1394   -7.1274   -2.9880    0.1170
 9569 KLMGVVE   -8.4647  -10.7595   -2.2949    0.1170
 9570 KLMGYVD   -6.3890   -9.1876   -2.7986    0.1170
 9571 KLMGLVD   -6.3565   -9.0696   -2.7131    0.1170
 9572 KLMGLVD   -6.3565   -9.0696   -2.7131    0.1170
 9573 KLMGVVD   -9.3279  -11.3056   -1.9777    0.1170
 9574 KLVGMVD   -8.7222  -10.7000   -1.9777    0.1170
 9575 KLVGMVD   -8.7222  -10.7000   -1.9777    0.1170
 9576 KLVGMVD   -8.7222  -10.7000   -1.9777    0.1170
 9577 KLVGFMD   -8.3317   -9.5109   -1.1791    0.1170
 9578 KLVGFMD   -8.3317   -9.5109   -1.1791    0.1170
 9579 KLVGFMD   -8.3317   -9.5109   -1.1791    0.1170
 9580 KLVGFMD   -8.3317   -9.5109   -1.1791    0.1170
 9581 KLVGFMD   -8.3317   -9.5109   -1.1791    0.1170
 9582 KLVGFMD   -8.3317   -9.5109   -1.1791    0.1170
 9583 KLVGFMD   -8.3317   -9.5109   -1.1791    0.1170
 9584 KLVGFMD   -8.3317   -9.5109   -1.1791    0.1170
 9585 KLVGVMD   -8.8676  -10.8454   -1.9777    0.1170
 9586 ELVGVMK   -5.6997   -7.9946   -2.2949    0.1170
 9587 DLVGIIK   -4.4625   -7.6970   -3.2346    0.1170
 9588 DLIGVIE   -4.1564   -8.2009   -4.0446    0.1170
 9589 DLIGRIV    0.6827   -5.9159   -6.5986    0.1170
 9590 DLIGRAI    0.3684   -5.5062   -5.8746    0.1170
 9591 ILIGAKD   -7.0555   -9.6775   -2.6220    0.1170
 9592 ILIGAKD   -7.2046   -9.8266   -2.6220    0.0985
 9593 ILIGYKD   -5.3013   -8.0681   -2.7669    0.0985
 9594 ILIGYDE   -4.6786   -8.2555   -3.5769    0.0985
 9595 ILIGAKE   -6.3307   -9.2698   -2.9391    0.0985
 9596 ILIGAKE   -6.3307   -9.2698   -2.9391    0.0985
 9597 ILIGAKE   -6.3307   -9.2698   -2.9391    0.0985
 9598 ILIGAEE   -7.2919  -11.0411   -3.7491    0.0985
 9599 ILIGADE   -6.7325  -10.1645   -3.4320    0.0985
 9600 VLIGYDE   -5.6888   -8.0400   -2.3511    0.0985
 9601 VLIGFEK   -4.1420   -7.5008   -3.3589    0.0985
 9602 MLKGVEI   -8.9428  -10.6319   -1.6891    0.0985
 9603 VLKGVEA   -4.7558  -10.2207   -5.4649    0.0985
 9604 VLKGVEF   -6.9016   -8.2119   -1.3103    0.0985
 9605 VLKGMEY   -7.1144  -10.1187   -3.0043    0.0985
 9606 ALKGWEM   -3.3233   -6.3230   -2.9997    0.0985
 9607 ALKGFEW   -6.3682   -9.1747   -2.8066    0.0985
 9608 ALKGFEW   -6.2997   -9.1063   -2.8066    0.0985
 9609 ALKGFEW   -6.2997   -9.1063   -2.8066    0.0985
 9610 ALKGFEW   -6.2997   -9.1063   -2.8066    0.0985
 9611 ALKGFMD   -5.4931   -9.1482   -3.6551    0.0985
 9612 ALKGFMD   -5.4931   -9.1482   -3.6551    0.0985
 9613 ALKGFDI   -7.1998   -9.3746   -2.1749    0.0985
 9614 ALKGFDI   -7.1998   -9.3746   -2.1749    0.0985
 9615 ALKGFDI   -7.1998   -9.3746   -2.1749    0.0985
 9616 ALKGFDF   -6.7962   -8.7467   -1.9506    0.0985
 9617 GLKGVDF   -5.8130   -9.2633   -3.4503    0.0985
 9618 LLKGFDG   -4.0794   -8.0565   -3.9771    0.0985
 9619 LLKGFEG   -4.8358   -9.1301   -4.2943    0.0985
 9620 MLKGFDI   -6.3859   -9.2794   -2.8934    0.0985
 9621 MLEGFDF   -2.9373   -6.3364   -3.3991    0.0985
 9622 MLKGADF   -7.5684  -11.1121   -3.5437    0.0985
 9623 FLKGGEM   -5.1141   -9.0989   -3.9849    0.0985
 9624 FLKGGEM   -5.1141   -9.0989   -3.9849    0.0985
 9625 FLDGGKF   -1.5149   -3.5895   -2.0746    0.0985
 9626 FLDGGKF   -1.5149   -3.5895   -2.0746    0.0985
 9627 FLKGGDF   -4.1741   -6.2486   -2.0746    0.0985
 9628 FLKGYDM   -5.7433   -6.8318   -1.0886    0.0985
 9629 FLKGYDM   -5.7433   -6.8318   -1.0886    0.0985
 9630 FLKGVDM   -6.8545   -7.9222   -1.0677    0.0985
 9631 FLKGVDM   -6.8545   -7.9222   -1.0677    0.0985
 9632 FLKGYDM   -6.1844   -7.2730   -1.0886    0.0985
 9633 FLKGYEM   -7.3102   -8.7160   -1.4057    0.0985
 9634 FLKGYEM   -7.3102   -8.7160   -1.4057    0.0985
 9635 FLKGVDM   -6.9246   -7.9923   -1.0677    0.0985
 9636 FLKGVDV   -7.0615   -8.0546   -0.9931    0.0985
 9637 FLKGADI   -6.2947   -8.4695   -2.1749    0.0985
 9638 FLKGAEI   -7.4727   -9.9647   -2.4920    0.0985
 9639 FLKGAEI   -7.4727   -9.9647   -2.4920    0.0985
 9640 MLKGAEI   -7.4941  -11.5793   -4.0851    0.0985
 9641 MLKGAEM   -6.2356  -11.6896   -5.4540    0.0985
 9642 MLKGMEM   -8.3959  -10.5685   -2.1726    0.0985
 9643 MLKGYEI   -7.9947   -9.6247   -1.6300    0.0985
 9644 MLKGYEL   -6.1544   -9.5741   -3.4197    0.0985
 9645 MLKGYEL   -6.1544   -9.5741   -3.4197    0.0985
 9646 MLKGYEL   -6.1544   -9.5741   -3.4197    0.0985
 9647 MLKGGEL   -4.8379  -10.8367   -5.9989    0.0985
 9648 MLKGGEL   -4.8379  -10.8367   -5.9989    0.0985
 9649 LLMGEGE   -4.3284  -11.1372   -6.8089    0.0985
 9650 LLMGEGE   -4.3284  -11.1372   -6.8089    0.0985
 9651 MLMGEGE   -5.7602  -12.1482   -6.3880    0.0985
 9652 ELKGFGM   -2.9193   -6.6813   -3.7620    0.0985
 9653 DLKGVGL   -2.4609   -7.9252   -5.4643    0.0985
 9654 DLKGVGI   -4.8415   -8.5161   -3.6746    0.0985
 9655 GLKGVDI   -7.1681  -10.8427   -3.6746    0.0985
 9656 GLKGFEI   -7.6600  -10.0531   -2.3931    0.0985
 9657 GLKGFEI   -7.6600  -10.0531   -2.3931    0.0985
 9658 GLKGFEI   -7.6600  -10.0531   -2.3931    0.0985
 9659 GLKGFDM   -5.5792   -9.0240   -3.4449    0.0985
 9660 GLKGFDY   -4.6462   -8.9173   -4.2711    0.0985
 9661 GLKGFDY   -4.6462   -8.9173   -4.2711    0.0985
 9662 GLKGFDW   -7.5595   -8.5501   -0.9906    0.0985
 9663 GLKGFDL   -5.3678   -9.2335   -3.8657    0.0985
 9664 GLKGFDV   -6.1922   -9.6425   -3.4503    0.0985
 9665 GLVGMDK   -4.9067  -10.1729   -5.2663    0.0985
 9666 GLVGMDD   -5.1524  -10.9115   -5.7591    0.0985
 9667 GLVGMED   -5.0287  -11.1049   -6.0763    0.0985
 9668 GLVGMED   -5.0287  -11.1049   -6.0763    0.0985
 9669 GLVGMED   -5.0476  -11.1239   -6.0763    0.0985
 9670 GLVGMKD   -4.9034  -10.1697   -5.2663    0.0985
 9671 MLVGGKD   -5.2313  -10.7204   -5.4891    0.0985
 9672 MLVGGKD   -5.5237  -11.0128   -5.4891    0.0985
 9673 MLKGGVD   -7.1439  -12.4102   -5.2663    0.0985
 9674 MLKGDVY   -8.1693  -10.9679   -2.7986    0.0985
 9675 MLKGDVY   -8.1693  -10.9679   -2.7986    0.0985
 9676 MLKGDVV   -9.4044  -11.3821   -1.9777    0.0985
 9677 MLKGDVV   -9.4044  -11.3821   -1.9777    0.0985
 9678 MLKGEVV   -9.7747  -12.0695   -2.2949    0.0985
 9679 MLKGEVV   -9.7747  -12.0695   -2.2949    0.0985
 9680 MLKGEVV   -9.7747  -12.0695   -2.2949    0.0985
 9681 MLKGEVF  -10.4190  -11.9153   -1.4963    0.0985
 9682 MLKGEVF  -10.4190  -11.9153   -1.4963    0.0985
 9683 MLKGEVF  -10.4190  -11.9153   -1.4963    0.0985
 9684 YLKGVEF   -7.0047   -8.4159   -1.4111    0.0985
 9685 YLKGVEF   -7.0047   -8.4159   -1.4111    0.0985
 9686 FLKGVEF   -6.8975   -9.7293   -2.8317    0.0985
 9687 FLKGVEF   -6.8975   -9.7293   -2.8317    0.0985
 9688 GLKGVEF   -6.5694  -10.3368   -3.7674    0.0985
 9689 YLKGVEF   -7.1876   -8.5987   -1.4111    0.0985
 9690 FLKGVEV   -8.6739   -9.9842   -1.3103    0.0985
 9691 FLKGVEV   -8.6739   -9.9842   -1.3103    0.0985
 9692 FLKGVEV   -8.6112   -9.9215   -1.3103    0.0985
 9693 FLKGEVV   -9.3855  -10.8073   -1.4217    0.0985
 9694 KLFGEVV   -7.9131   -9.3349   -1.4217    0.0985
 9695 KLFGDVV   -7.2039   -8.3084   -1.1046    0.0985
 9696 KLFGDVV   -7.2039   -8.3084   -1.1046    0.0985
 9697 KLFGDVV   -7.2039   -8.3084   -1.1046    0.0985
 9698 FLKGDVV   -8.2215   -9.3261   -1.1046    0.0985
 9699 FLKGDVG   -5.3248   -8.8865   -3.5617    0.0985
 9700 KLFGDVG   -4.7306   -8.2923   -3.5617    0.0985
 9701 KLWGDVG   -6.5203   -9.2209   -2.7006    0.0985
 9702 KLIGDGV   -5.0874   -8.8734   -3.7860    0.0985
 9703 KLIGDGI   -5.9547   -8.3664   -2.4117    0.0985
 9704 KLIGDIG   -7.1022   -9.5139   -2.4117    0.0985
 9705 KLLGDIG   -5.4540   -9.6554   -4.2014    0.0985
 9706 KLLGDIG   -5.4540   -9.6554   -4.2014    0.0985
 9707 KLLGDIG   -5.4540   -9.6554   -4.2014    0.0985
 9708 GLLGDIK   -5.4732   -9.6746   -4.2014    0.0985
 9709 MLKGDVL   -8.2749  -10.9881   -2.7131    0.0985
 9710 MLKGEVI  -10.2429  -12.0435   -1.8006    0.0985
 9711 MLKGEVI  -10.2429  -12.0435   -1.8006    0.0985
 9712 MLKGDVI   -9.8876  -11.3710   -1.4834    0.0985
 9713 MLKGDVV   -9.5729  -11.5506   -1.9777    0.0985
 9714 MLKGDVV   -9.5729  -11.5506   -1.9777    0.0985
 9715 MLKGDVV   -9.5729  -11.5506   -1.9777    0.0985
 9716 MLKGMEV   -8.9440  -11.1220   -2.1780    0.0985
 9717 FLKGMEA   -6.1074   -9.9683   -3.8609    0.0985
 9718 FLKGMEA   -6.1074   -9.9683   -3.8609    0.0985
 9719 FLKGMEW   -4.0326   -8.5977   -4.5651    0.0985
 9720 FLKGMEF   -5.0476   -7.9539   -2.9063    0.0985
 9721 FLKGIEM   -4.4340   -7.6446   -3.2106    0.0985
 9722 MLKGEIF   -7.8079  -11.1299   -3.3220    0.0985
 9723 MLKGEIF   -7.8079  -11.1299   -3.3220    0.0985
 9724 MLKGEVF  -11.8869  -13.3832   -1.4963    0.0985
 9725 MLKGEVF  -11.8869  -13.3832   -1.4963    0.0985
 9726 MLKGEVF  -11.8869  -13.3832   -1.4963    0.0985
 9727 MLKGEVF  -11.8869  -13.3832   -1.4963    0.0985
 9728 MLKGEVF  -11.8869  -13.3832   -1.4963    0.0985
 9729 MLKGEVF  -11.8869  -13.3832   -1.4963    0.0985
 9730 MLKGEVF  -11.8869  -13.3832   -1.4963    0.0985
 9731 MLKGEVF  -11.8869  -13.3832   -1.4963    0.0985
 9732 MLKGVEF  -10.2597  -11.6446   -1.3849    0.0985
 9733 MLKGVEF  -10.2597  -11.6446   -1.3849    0.0985
 9734 MLKGYEF   -9.6549  -11.0606   -1.4057    0.0985
 9735 MLKGFEF   -8.3714  -11.2776   -2.9063    0.0985
 9736 MLKGAEF   -8.6413  -12.5022   -3.8609    0.0985
 9737 LLKGEAW   -6.2604  -10.7124   -4.4520    0.0985
 9738 VLKGEAW   -7.5058  -10.6223   -3.1166    0.0985
 9739 VLKGEAW   -7.5058  -10.6223   -3.1166    0.0985
 9740 VLKGEAW   -7.5058  -10.6223   -3.1166    0.0985
 9741 MLKGEAI   -8.1802  -12.3768   -4.1966    0.0985
 9742 MLKGAEI   -8.7199  -12.8051   -4.0851    0.0985
 9743 MLKGAEW   -8.8669  -11.8666   -2.9997    0.0985
 9744 MLKGMEW   -7.3588  -10.4771   -3.1183    0.0985
 9745 MLKGMEV   -8.9509  -11.1289   -2.1780    0.0985
 9746 MLKGMEV   -8.9509  -11.1289   -2.1780    0.0985
 9747 MLKGAVD   -5.8493  -11.1030   -5.2537    0.0985
 9748 ALKGDMM   -4.5261   -9.7744   -5.2483    0.0985
 9749 ALKGDMF   -5.5960   -9.2511   -3.6551    0.0985
 9750 ALKGEVF   -8.1445  -12.1222   -3.9777    0.0985
 9751 ALKGEVF   -8.1445  -12.1222   -3.9777    0.0985
 9752 ALKGEVF   -8.1445  -12.1222   -3.9777    0.0985
 9753 ALKGEVF   -8.1445  -12.1222   -3.9777    0.0985
 9754 ALKGEVI   -8.4884  -12.6904   -4.2020    0.0985
 9755 ALKGEVI   -8.4884  -12.6904   -4.2020    0.0985
 9756 ALKGEVI   -8.4884  -12.6904   -4.2020    0.0985
 9757 ALKGEVI   -8.4884  -12.6904   -4.2020    0.0985
 9758 MLKGEVI  -11.1991  -12.9997   -1.8006    0.0985
 9759 MLKGEVI  -11.1991  -12.9997   -1.8006    0.0985
 9760 MLKGEVI  -11.1991  -12.9997   -1.8006    0.0985
 9761 MLKGEVI  -11.1991  -12.9997   -1.8006    0.0985
 9762 MLKGDVI  -10.4750  -11.9584   -1.4834    0.0985
 9763 MLKGDVF   -8.9678  -10.1470   -1.1791    0.0985
 9764 MLKGDVF   -8.9678  -10.1470   -1.1791    0.0985
 9765 MLWGDVK   -7.3180  -10.1560   -2.8380    0.0985
 9766 MLWGDVD   -6.9976  -10.3285   -3.3309    0.0985
 9767 MLVGDLD   -7.2902  -10.4962   -3.2060    0.0985
 9768 MLVGDLD   -7.2902  -10.4962   -3.2060    0.0985
 9769 MLVGDLK   -7.6155  -10.3286   -2.7131    0.0985
 9770 MLKGDVL   -9.4765  -12.1896   -2.7131    0.0985
 9771 MLKGDVV  -10.5315  -12.5092   -1.9777    0.0985
 9772 MLKGEVV  -11.1648  -13.4596   -2.2949    0.0985
 9773 MLKGEVV  -11.1648  -13.4596   -2.2949    0.0985
 9774 MLKGEVV  -11.1648  -13.4596   -2.2949    0.0985
 9775 MLKGEVV  -11.1648  -13.4596   -2.2949    0.0985
 9776 MLKGEVV  -11.1648  -13.4596   -2.2949    0.0985
 9777 MLKGEVV  -11.1648  -13.4596   -2.2949    0.0985
 9778 MLKGDVV  -10.5410  -12.5187   -1.9777    0.0985
 9779 MLKGDVL   -9.8736  -12.5868   -2.7131    0.0985
 9780 MLKGDVL   -9.3440  -12.0571   -2.7131    0.0985
 9781 MLKGDVL   -9.3440  -12.0571   -2.7131    0.0985
 9782 MLKGDVL   -9.3440  -12.0571   -2.7131    0.0985
 9783 MLKGDVL   -9.3440  -12.0571   -2.7131    0.0985
 9784 MLKGEVL  -10.1378  -13.1681   -3.0303    0.0985
 9785 MLKGEVL  -10.1378  -13.1681   -3.0303    0.0985
 9786 MLKGEVL  -10.2229  -13.2532   -3.0303    0.0985
 9787 MLKGEVI  -10.9611  -12.7616   -1.8006    0.0985
 9788 MLKGEVI  -10.9611  -12.7616   -1.8006    0.0985
 9789 MLKGEVI  -10.9611  -12.7616   -1.8006    0.0985
 9790 MLKGEVV  -11.1780  -13.4728   -2.2949    0.0985
 9791 MLKGEVV  -11.1780  -13.4728   -2.2949    0.0985
 9792 MLKGMVE   -9.3134  -11.6028   -2.2894    0.0985
 9793 MLKGMVE   -9.3134  -11.6028   -2.2894    0.0985
 9794 MLKGMVE   -9.3134  -11.6028   -2.2894    0.0985
 9795 MLKGMVE   -9.3134  -11.6028   -2.2894    0.0985
 9796 MLKGMVE   -9.3134  -11.6028   -2.2894    0.0985
 9797 MLKGMVE   -9.3134  -11.6028   -2.2894    0.0985
 9798 MLKGMVE   -9.3134  -11.6028   -2.2894    0.0985
 9799 MLKGIVE   -8.7453  -10.5459   -1.8006    0.0985
 9800 MLKGIVE   -7.1785   -8.9791   -1.8006    0.0914
 9801 MLKGIVD   -8.3707   -9.8541   -1.4834    0.0914
 9802 MLKGIVD   -8.3707   -9.8541   -1.4834    0.0914
 9803 MLKGIVD   -8.3707   -9.8541   -1.4834    0.0914
 9804 MLKGIVD   -8.3707   -9.8541   -1.4834    0.0914
 9805 MLKGIVD   -8.3707   -9.8541   -1.4834    0.0914
 9806 MLKGMVD   -8.0477  -10.0200   -1.9723    0.0914
 9807 ILKGMDV   -6.1773   -7.5493   -1.3720    0.0914
 9808 ILMGVEK   -6.7808   -8.6928   -1.9120    0.0914
 9809 ELVGVKI   -7.6386   -9.2531   -1.6146    0.0914
 9810 ELLGVKG   -3.6308   -9.5237   -5.8929    0.0914
 9811 ELVGVKY   -6.5923   -9.6020   -3.0097    0.0914
 9812 ELVGIKY   -6.4232   -8.0587   -1.6354    0.0914
 9813 ELMGIKY   -6.5544   -8.1844   -1.6300    0.0914
 9814 DLMGIKY   -5.2529   -6.5657   -1.3129    0.0914
 9815 KLIGMDV   -7.2286   -8.6006   -1.3720    0.0914
 9816 ILKGMDV   -9.5636  -10.9356   -1.3720    0.0914
 9817 ILKGMDV   -9.5636  -10.9356   -1.3720    0.0914
 9818 ILKGMDM   -9.4869  -10.9335   -1.4466    0.0914
 9819 MLKGMDI  -10.1867  -11.6333   -1.4466    0.0914
 9820 MLKGMDI  -10.1867  -11.6333   -1.4466    0.0914
 9821 MLKGVDI   -9.8591  -11.2311   -1.3720    0.0914
 9822 MLKGVDI   -9.8591  -11.2311   -1.3720    0.0914
 9823 ILKGYDI   -8.2226  -10.7666   -2.5440    0.0914
 9824 ILKGMDI   -8.8229  -12.0206   -3.1977    0.0914
 9825 ILKGADI   -9.1165  -11.5156   -2.3991    0.0914
 9826 ILKGADI   -9.1165  -11.5156   -2.3991    0.0914
 9827 VLKGADI   -7.4033  -11.1768   -3.7734    0.0914
 9828 VLKGADI   -7.4033  -11.1768   -3.7734    0.0914
 9829 VLKGADI   -7.4033  -11.1768   -3.7734    0.0914
 9830 VLKGADI   -7.4028  -11.1763   -3.7734    0.0914
 9831 ILKGMEV  -10.0739  -11.7630   -1.6891    0.0914
 9832 MLKGIEV  -10.1396  -11.8288   -1.6891    0.0914
 9833 MLKGIVE   -9.1662  -10.9667   -1.8006    0.0914
 9834 MLKGVVE  -10.1865  -12.4813   -2.2949    0.0914
 9835 MLKGMVD   -9.7439  -11.7162   -1.9723    0.0914
 9836 MLKGMVD   -9.7439  -11.7162   -1.9723    0.0914
 9837 MLKGMVD   -9.7454  -11.7177   -1.9723    0.0914
 9838 MLKGMVD   -9.7454  -11.7177   -1.9723    0.0914
 9839 MLKGMVE   -9.8886  -12.1780   -2.2894    0.0914
 9840 MLKGEVF  -10.7146  -12.2109   -1.4963    0.0914
 9841 MLKGDVW   -8.7967  -11.6347   -2.8380    0.0914
 9842 MLKGDVW   -8.7967  -11.6347   -2.8380    0.0914
 9843 MLKGEVA   -6.8088  -12.3797   -5.5709    0.0914
 9844 MLKGEVM  -10.4959  -12.7853   -2.2894    0.0914
 9845 MLVGDDM   -8.1183  -10.6949   -2.5766    0.0914
 9846 MLMGDMD   -8.1867  -10.6464   -2.4597    0.0914
 9847 MLMGDLD   -7.8196  -11.1001   -3.2806    0.0914
 9848 LLMGDMD   -6.2420   -9.5226   -3.2806    0.0914
 9849 MLMGDMD   -7.8220  -10.2817   -2.4597    0.0914
 9850 MLMGDMD   -7.8220  -10.2817   -2.4597    0.0914
 9851 MLMGDMD   -7.8220  -10.2817   -2.4597    0.0914
 9852 MLIGDMD   -7.5860   -9.6368   -2.0509    0.0914
 9853 MLIGEMD   -8.4144  -10.7824   -2.3680    0.0914
 9854 MLIGMEE   -6.7346   -9.5312   -2.7966    0.0914
 9855 MLEGMVE   -5.7750   -8.8745   -3.0994    0.0914
 9856 MLMGEVE   -8.3896  -11.4890   -3.0994    0.0914
 9857 MLMGEVE   -8.3896  -11.4890   -3.0994    0.0914
 9858 MLMGDVE   -7.8079  -10.5901   -2.7823    0.0914
 9859 MLIGDME   -6.8935   -9.2615   -2.3680    0.0914
 9860 MLIGDME   -6.8935   -9.2615   -2.3680    0.0914
 9861 MLIGEMD   -8.7177  -11.0857   -2.3680    0.0914
 9862 MLIGEMD   -8.7177  -11.0857   -2.3680    0.0914
 9863 MLIGEMD   -8.7177  -11.0857   -2.3680    0.0914
 9864 MLIGEVD   -9.6314  -11.9249   -2.2934    0.0914
 9865 MLIGEVD   -9.6314  -11.9249   -2.2934    0.0914
 9866 MLIGEVD   -9.6314  -11.9249   -2.2934    0.0914
 9867 MLGIEVD   -8.6111  -10.7931   -2.1820    0.0914
 9868 MLGIEVD   -8.6111  -10.7931   -2.1820    0.0914
 9869 MLGIEVK   -6.9340   -8.6232   -1.6891    0.0914
 9870 MLGIEVK   -6.9340   -8.6232   -1.6891    0.0914
 9871 MLGIDMK   -4.6899   -6.1365   -1.4466    0.0914
 9872 DLGMMIR   -3.0156   -7.9376   -4.9220    0.0914
 9873 DLGMMIR   -3.0156   -7.9376   -4.9220    0.0914
 9874 RLGMMIE   -2.6299   -7.8691   -5.2391    0.0914
 9875 RLGMMME   -1.3357   -6.9837   -5.6480    0.0914
 9876 RLGMIME   -1.3425   -6.5817   -5.2391    0.0914
 9877 RLGLIGE    0.7890   -7.0936   -7.8826    0.0914
 9878 RLGWIGE   -2.0624   -7.0698   -5.0074    0.0914
 9879 RLGWIGE   -1.9766   -6.9841   -5.0074    0.0914
 9880 RLGWVGE   -0.9755   -7.3572   -6.3817    0.0914
 9881 RLGWEGV   -0.2884   -6.5586   -6.2703    0.0914
 9882 KLGWEGF   -6.0526   -7.3603   -1.3077    0.0914
 9883 KLGWFGE   -6.0934   -7.5126   -1.4191    0.0914
 9884 KLGFEGW   -7.3613   -8.6690   -1.3077    0.0914
 9885 KLGFEGW   -7.3613   -8.6690   -1.3077    0.0914
 9886 MLGKDGW   -6.2358   -9.0424   -2.8066    0.0914
 9887 MLGKDGW   -6.2358   -9.0424   -2.8066    0.0914
 9888 MLGKDGW   -6.2358   -9.0424   -2.8066    0.0914
 9889 MLGKDGW   -6.2358   -9.0424   -2.8066    0.0914
 9890 MLGKDGW   -6.2358   -9.0424   -2.8066    0.0914
 9891 MLGKDGW   -6.2358   -9.0424   -2.8066    0.0914
 9892 MLGKEGW   -7.1309  -10.2546   -3.1237    0.0914
 9893 MLGKEGW   -7.1309  -10.2546   -3.1237    0.0914
 9894 MLGKEGW   -7.1309  -10.2546   -3.1237    0.0914
 9895 MLGKEGW   -7.1309  -10.2546   -3.1237    0.0914
 9896 MLGKEGW   -7.1309  -10.2546   -3.1237    0.0914
 9897 MLGKEGW   -7.1309  -10.2546   -3.1237    0.0914
 9898 MLGKDGW   -6.2662   -9.0728   -2.8066    0.0914
 9899 MLGKEGW   -7.1180  -10.2417   -3.1237    0.0914
 9900 MLGKEGW   -7.1180  -10.2417   -3.1237    0.0914
 9901 MLGKEGW   -7.1180  -10.2417   -3.1237    0.0914
 9902 MLGKEGW   -7.1180  -10.2417   -3.1237    0.0914
 9903 MLGKEGW   -7.1180  -10.2417   -3.1237    0.0914
 9904 MLGKEGW   -7.1180  -10.2417   -3.1237    0.0914
 9905 MLGKEGW   -7.1180  -10.2417   -3.1237    0.0914
 9906 MLGKEGW   -7.1180  -10.2417   -3.1237    0.0914
 9907 MLGKEGW   -7.1180  -10.2417   -3.1237    0.0914
 9908 MLGKEGW   -7.1180  -10.2417   -3.1237    0.0914
 9909 MLGKEGW   -7.1180  -10.2417   -3.1237    0.0914
 9910 MLGKEGW   -7.1180  -10.2417   -3.1237    0.0914
 9911 MLKGEGW   -9.5024  -12.5147   -3.0123    0.0914
 9912 MLKGEGW   -9.5024  -12.5147   -3.0123    0.0914
 9913 MLKGEGW   -9.5024  -12.5147   -3.0123    0.0914
 9914 MLKGEGW   -9.5024  -12.5147   -3.0123    0.0914
 9915 MLKGEGW   -9.5024  -12.5147   -3.0123    0.0914
 9916 MLKGDGW   -8.9259  -11.6211   -2.6951    0.0914
 9917 MLKGDGW   -8.9259  -11.6211   -2.6951    0.0914
 9918 MLKGDGW   -8.9259  -11.6211   -2.6951    0.0914
 9919 MLKGDGW   -8.9259  -11.6211   -2.6951    0.0914
 9920 MLKGEGW   -9.6069  -12.6192   -3.0123    0.0914
 9921 MLKGEGW   -9.6069  -12.6192   -3.0123    0.0914
 9922 ILKGEGW   -8.5437  -10.1871   -1.6434    0.0914
 9923 ILKGEGW   -8.5437  -10.1871   -1.6434    0.0914
 9924 ILKGEGW   -8.5437  -10.1871   -1.6434    0.0914
 9925 KLIGDGW   -8.3687   -9.6949   -1.3263    0.0914
 9926 KLIGEGW   -9.2201  -10.8635   -1.6434    0.0914
 9927 KLIGDGW   -8.4196   -9.7459   -1.3263    0.0914
 9928 KLIGDGW   -8.4196   -9.7459   -1.3263    0.0914
 9929 KLIGDGW   -8.4196   -9.7459   -1.3263    0.0914
 9930 KLIGDGW   -8.4196   -9.7459   -1.3263    0.0914
 9931 KLIGDGW   -8.4196   -9.7459   -1.3263    0.0914
 9932 KLIGDGW   -8.4196   -9.7459   -1.3263    0.0914
 9933 KLIGEGW   -9.1667  -10.8101   -1.6434    0.0914
 9934 KLIGEGW   -9.1667  -10.8101   -1.6434    0.0914
 9935 KLIGEGW   -9.1667  -10.8101   -1.6434    0.0914
 9936 KLIGEGW   -9.1667  -10.8101   -1.6434    0.0914
 9937 KLIGEGW   -9.1667  -10.8101   -1.6434    0.0914
 9938 KLIGEGW   -9.1667  -10.8101   -1.6434    0.0914
 9939 ILKGEGW   -9.0737  -10.7172   -1.6434    0.0914
 9940 ILKGEGW   -9.0737  -10.7172   -1.6434    0.0914
 9941 ILKGEGW   -9.0737  -10.7172   -1.6434    0.0914
 9942 ILKGEGM   -7.4221  -11.5198   -4.0977    0.0914
 9943 VLKGEGI   -7.4032  -11.5063   -4.1031    0.0914
 9944 ILKGEGI   -8.4936  -11.2224   -2.7289    0.0914
 9945 ILKGEGI   -8.4936  -11.2224   -2.7289    0.0914
 9946 ILKGEGW   -9.3440  -10.9874   -1.6434    0.0914
 9947 ILKGEGW   -9.3440  -10.9874   -1.6434    0.0914
 9948 ILKGDGI   -8.7067  -11.1184   -2.4117    0.0914
 9949 ILKGDGI   -8.7067  -11.1184   -2.4117    0.0914
 9950 ILKGDGV   -7.1934  -10.9794   -3.7860    0.0914
 9951 ILKGDGV   -7.1934  -10.9794   -3.7860    0.0914
 9952 LLKGEGV   -6.5156  -12.4085   -5.8929    0.0914
 9953 FLKGEGW   -7.9291   -9.3482   -1.4191    0.0914
 9954 WLKGFGE   -5.6849   -7.1041   -1.4191    0.0914
 9955 WLKGFGE   -5.6849   -7.1041   -1.4191    0.0914
 9956 KLWGMGE   -5.9288   -8.9411   -3.0123    0.0914
 9957 KLWGMGD   -8.2389  -10.9341   -2.6951    0.0914
 9958 KLMGWGD   -6.6105   -9.3057   -2.6951    0.0914
 9959 KLMGWGD   -6.6105   -9.3057   -2.6951    0.0914
 9960 KLMGMGD   -6.7666  -11.9160   -5.1494    0.0914
 9961 KLIGMMD   -9.5622  -11.1202   -1.5580    0.0914
 9962 KLIGYME   -7.5494   -9.2908   -1.7414    0.0914
 9963 KLIGYEV   -8.1759   -9.8114   -1.6354    0.0914
 9964 KLIGYEV   -8.1759   -9.8114   -1.6354    0.0914
 9965 KLIGYDV   -8.0271   -9.3454   -1.3183    0.0914
 9966 KLMGMDV   -7.7041   -9.5650   -1.8609    0.0914
 9967 KLMGMVD   -9.1526  -11.1249   -1.9723    0.0914
 9968 KLMGMVE   -8.3430  -10.6324   -2.2894    0.0914
 9969 KLMGIVE   -7.5063   -9.3068   -1.8006    0.0914
 9970 KLMGIVE   -7.2776   -9.0782   -1.8006    0.0914
 9971 KLYGMFE   -7.2895   -8.8066   -1.5171    0.0914
 9972 KLYGMFE   -7.2895   -8.8066   -1.5171    0.0914
 9973 KLAGFFE   -4.9237   -7.3028   -2.3791    0.0914
 9974 KLVGFFE   -6.2474   -9.1906   -2.9431    0.0914
 9975 KLFGEVF   -5.4425   -8.3857   -2.9431    0.0914
 9976 FLKGEVV   -7.8422   -9.2639   -1.4217    0.0914
 9977 DLFGEVV   -5.8230   -7.7375   -1.9146    0.0914
 9978 KLFGVEV   -8.2447   -9.5550   -1.3103    0.0914
 9979 FLKGVEV   -7.9400   -9.2503   -1.3103    0.0914
 9980 FLKGVEV   -7.9400   -9.2503   -1.3103    0.0914
 9981 FLKGVEV   -7.9400   -9.2503   -1.3103    0.0914
 9982 MLKGEVV   -8.9606  -11.2555   -2.2949    0.0914
 9983 MLKGEVV   -8.9606  -11.2555   -2.2949    0.0914
 9984 MLKGEVV   -8.9606  -11.2555   -2.2949    0.0914
 9985 MLKGEVV   -8.9606  -11.2555   -2.2949    0.0914
 9986 MLKGEVM   -8.0881  -10.3775   -2.2894    0.0914
 9987 MLMGDVK   -7.7263   -9.6986   -1.9723    0.0914
 9988 MLMGDLK   -6.7262   -9.5139   -2.7877    0.0914
 9989 MLMGELK   -7.5881  -10.6930   -3.1049    0.0914
 9990 MLMGELD   -9.0850  -12.6827   -3.5977    0.0914
 9991 KLMGYLD   -6.4772   -9.6912   -3.2140    0.0914
 9992 KLVGYLD   -6.6290   -9.8484   -3.2194    0.0914
 9993 KLVGYLD   -6.6290   -9.8484   -3.2194    0.0914
 9994 KLVGYLD   -6.6290   -9.8484   -3.2194    0.0914
 9995 KLLGVVD   -8.5009  -11.1394   -2.6386    0.0914
 9996 KLLGVVD   -8.5009  -11.1394   -2.6386    0.0914
 9997 KLLGVVD   -8.5009  -11.1394   -2.6386    0.0914
 9998 KLVGVLD   -8.2732  -10.9118   -2.6386    0.0914
 9999 KLVGVLD   -8.2732  -10.9118   -2.6386    0.0914
10000 DLLGVVD   -6.0213   -9.1528   -3.1314    0.0914
