    0 AKYVFMK   14.8519   13.1813   -1.6706    0.0000
    1 ADYVFMK    2.7776    1.8942   -0.8834    0.0000
    2 ADVVFIE   -3.2189   -5.6826   -2.4637    0.0000
    3 AKDVVVI   -8.6955   -9.0992   -0.4037    0.0000
    4 AEVVDIV   -6.8836   -7.8744   -0.9909    0.0000
    5 AVVEVID   -8.1302   -9.2325   -1.1023    0.0000
    6 AVVDIVE   -9.1665  -10.2688   -1.1023    0.0000
    7 AVIVVDE  -10.1254  -11.4505   -1.3251    0.0000
    8 AVVIVDE  -10.3383  -11.6634   -1.3251    0.0000
    9 AVVIVEE  -10.0267  -11.6689   -1.6423    0.0000
   10 AMIVEEV  -10.8700  -12.3954   -1.5254    0.0000
   11 AMIVEEV  -10.8700  -12.3954   -1.5254    0.0000
   12 AMIVEDV  -11.3587  -12.5670   -1.2083    0.0000
   13 AMIVEDV  -11.3587  -12.5670   -1.2083    0.0000
   14 AMIVEDM  -11.3697  -12.5726   -1.2029    0.0000
   15 AMIVDDM  -10.7077  -11.5934   -0.8857    0.0000
   16 AMIVDDM  -10.6586  -11.5443   -0.8857    0.0000
   17 AMIVDDM  -10.6586  -11.5443   -0.8857    0.0000
   18 AMIVDMD  -10.6947  -11.4690   -0.7743    0.0000
   19 AMIVDMD  -10.6947  -11.4690   -0.7743    0.0000
   20 AMIVDMD  -10.6947  -11.4690   -0.7743    0.0000
   21 AMIVDVD  -10.5307  -11.3104   -0.7797    0.0000
   22 AMVVDID   -9.9502  -10.7299   -0.7797    0.0000
   23 AMVVEVD   -8.6184  -11.0895   -2.4711    0.0000
   24 AMVVDVD   -7.8577  -10.0117   -2.1540    0.0000
   25 AMVVDDV   -7.3761   -9.6415   -2.2654    0.0000
   26 AMVVDDV   -7.3761   -9.6415   -2.2654    0.0000
   27 AMVVDDM   -7.3855   -9.6455   -2.2600    0.0000
   28 AWVVDDM   -7.4914   -9.6572   -2.1657    0.0000
   29 AWVVEDM   -9.3286  -11.8114   -2.4829    0.0000
   30 AWVVEDM   -9.3286  -11.8114   -2.4829    0.0000
   31 AFVVDEM   -6.5416   -7.5256   -0.9840    0.0000
   32 AMVVDKM   -7.7249   -9.4920   -1.7671    0.0000
   33 AMIVDEM   -9.8150  -11.0179   -1.2029    0.0000
   34 AMMVDEI   -9.4667  -10.6695   -1.2029    0.0000
   35 GMMVDEI   -8.8125   -9.9165   -1.1040    0.0000
   36 GMIVDME   -8.9478   -9.9403   -0.9926    0.0000
   37 GMIVDEM   -9.0151  -10.1191   -1.1040    0.0000
   38 GMIVDEM   -9.0151  -10.1191   -1.1040    0.0000
   39 AMIVDGE   -6.2462  -10.6316   -4.3854    0.0000
   40 DLEIVGA   -1.8465   -6.4299   -4.5834    0.0000
   41 DIALVGK   -4.1690   -8.1653   -3.9963    0.0000
   42 VIFADGD   -7.8988  -10.3740   -2.4751    0.0000
   43 IIFADGD   -9.0534  -10.1542   -1.1009    0.0000
   44 IIIADGD   -7.7098   -9.0350   -1.3251    0.0000
   45 IVWADGD   -9.2444  -10.8584   -1.6140    0.0000
   46 IVWAEGD   -9.8137  -11.7448   -1.9311    0.0000
   47 IVWADGE   -9.4427  -11.3739   -1.9311    0.0000
   48 IVWADGD   -9.6382  -11.2522   -1.6140    0.0000
   49 IVWADGD   -9.6382  -11.2522   -1.6140    0.0000
   50 IVIADGD   -7.3757  -10.0751   -2.6994    0.0000
   51 VIIADGD   -6.9623   -9.6617   -2.6994    0.0000
   52 VIIVEGE  -10.2960  -11.7137   -1.4177    0.0000
   53 VIIVEGE  -10.2960  -11.7137   -1.4177    0.0000
   54 VIIVEGE  -10.2960  -11.7137   -1.4177    0.0000
   55 VIVVEGE  -10.4587  -11.8907   -1.4320    0.0000
   56 VILVEGE   -9.9942  -12.6416   -2.6474    0.0000
   57 IVLVEGE  -10.1867  -12.8342   -2.6474    0.0000
   58 IVLVEGE  -10.1867  -12.8342   -2.6474    0.0000
   59 IVLVEGE  -10.1867  -12.8342   -2.6474    0.0000
   60 VILVEGD  -10.3209  -12.6512   -2.3303    0.0000
   61 VLIVEGD  -10.6994  -13.0297   -2.3303    0.0000
   62 VLLVEGD  -10.0957  -13.6557   -3.5600    0.0000
   63 VLLVDGD   -9.3292  -12.5720   -3.2429    0.0000
   64 MLLVDGD   -9.5386  -12.8560   -3.3174    0.0000
   65 MLLVDGD   -9.5386  -12.8560   -3.3174    0.0000
   66 MLLVDGD   -9.5386  -12.8560   -3.3174    0.0000
   67 MLVADGD   -4.9061  -10.7641   -5.8580    0.0000
   68 MLAIDGD   -4.6553   -9.1390   -4.4837    0.0000
   69 ILAMDGD   -4.9408   -9.4245   -4.4837    0.0000
   70 IAMLDGD   -5.1248   -9.6085   -4.4837    0.0000
   71 VGMLDAD   -3.6072   -9.2423   -5.6351    0.0000
   72 VVMLDAE   -8.8342  -11.7208   -2.8866    0.0000
   73 VVMLKAD   -7.6810   -9.7576   -2.0766    0.0000
   74 VVMVKAD   -8.0764   -9.7376   -1.6611    0.0000
   75 VMVVKAD   -7.0507   -8.7119   -1.6611    0.0000
   76 VIVVKAD   -9.5008   -9.7931   -0.2923    0.0000
   77 VLVVAEE   -8.6807  -12.1127   -3.4320    0.0000
   78 VLVVAEE   -8.6807  -12.1127   -3.4320    0.0000
   79 VMVLADE   -7.2860  -10.3954   -3.1094    0.0000
   80 VMVLEMD   -3.8867   -7.8918   -4.0051    0.0000
   81 VMVLEMD   -3.8867   -7.8918   -4.0051    0.0000
   82 MMVLAEE   -5.4922   -8.9134   -3.4211    0.0000
   83 MMVLAED   -6.1215   -9.2255   -3.1040    0.0000
   84 MMVLADE   -6.6889   -9.7929   -3.1040    0.0000
   85 MMVLDAE   -5.1306   -8.0118   -2.8811    0.0000
   86 MMVLDAE   -5.1306   -8.0118   -2.8811    0.0000
   87 VLVMDAD   -6.2515   -8.8209   -2.5694    0.0000
   88 VIVMDAD   -7.0706   -7.8503   -0.7797    0.0000
   89 IVVMDAD   -7.8901   -8.6698   -0.7797    0.0000
   90 IVVMDAK   -6.0595   -6.3464   -0.2869    0.0000
   91 IVVYDAK   -4.5105   -5.6236   -1.1131    0.0000
   92 VIDYVAK   -2.5335   -3.6467   -1.1131    0.0000
   93 DIKYVAV   -2.0511   -3.1642   -1.1131    0.0000
   94 DIAYKVF   -2.2842   -3.3588   -1.0746    0.0000
   95 DMAYEVF   -1.5573   -3.2507   -1.6934    0.0000
   96 VMVEFAD   -3.7112   -4.5837   -0.8726    0.0000
   97 VMDVFAE   -4.8490   -5.7216   -0.8726    0.0000
   98 VMDVFAE   -4.8490   -5.7216   -0.8726    0.0000
   99 VMAVFDE   -6.2498   -7.3452   -1.0954    0.0000
  100 VMAVFEE   -6.2583   -7.6709   -1.4126    0.0000
  101 VMAVFEE   -6.2583   -7.6709   -1.4126    0.0000
  102 VMAVFEE   -6.2583   -7.6709   -1.4126    0.0000
  103 VEMVFAE   -7.7235   -8.9132   -1.1897    0.0000
  104 VEVFVAE   -6.2809   -7.4761   -1.1951    0.0000
  105 VDMFVAK   -5.7711   -5.8337   -0.0626    0.0000
  106 MDMFMAK   -6.6103   -6.6621   -0.0517    0.0000
  107 MDMFMAK   -6.6103   -6.6621   -0.0517    0.0000
  108 MDMVMAK   -7.3687   -9.0190   -1.6503    0.0000
  109 MDMVMAK   -7.3687   -9.0190   -1.6503    0.0000
  110 MDMFMAK   -5.9731   -6.0248   -0.0517    0.0000
  111 ADMFMMK   -3.3545   -3.4063   -0.0517    0.0000
  112 AMMVDMK   -5.4773   -7.1276   -1.6503    0.0000
  113 AFMVDMK   -5.4301   -5.4872   -0.0571    0.0000
  114 AFMVDMK   -5.4301   -5.4872   -0.0571    0.0000
  115 AKMVEMI   -7.4396   -7.9267   -0.4871    0.0000
  116 GKMVEMF   -7.1891   -7.4645   -0.2754    0.0000
  117 GKMVEMF   -7.1891   -7.4645   -0.2754    0.0000
  118 GKMVEMI   -7.7293   -8.2290   -0.4997    0.0000
  119 GKIVEMM   -7.7936   -8.2934   -0.4997    0.0000
  120 GKIVDMM   -8.2847   -8.4673   -0.1826    0.0000
  121 GKIVDMM   -8.2847   -8.4673   -0.1826    0.0000
  122 GKIVDMM   -8.2847   -8.4673   -0.1826    0.0000
  123 GRIVDMM   -4.6113   -8.1578   -3.5466    0.0000
  124 GKIMDMY   -4.9751   -5.9785   -1.0034    0.0000
  125 GKIMEMI   -6.5036   -7.1490   -0.6454    0.0000
  126 GKIMEMI   -6.5036   -7.1490   -0.6454    0.0000
  127 GKIMEVF   -7.4829   -7.7495   -0.2666    0.0000
  128 GKVMDVF   -8.3520   -8.3157    0.0363    0.0000
  129 GKVVDMF  -10.9689  -10.9326    0.0363    0.0000
  130 GKVVDMF  -10.9689  -10.9326    0.0363    0.0000
  131 MKVVDGF  -11.4352  -11.2875    0.1477    0.0000
  132 MKVVEGI  -11.1732  -11.5669   -0.3937    0.0000
  133 GVKVEMI   -8.0381   -8.4318   -0.3937    0.0000
  134 GVIVEMK   -8.9798   -9.4850   -0.5051    0.0000
  135 GKIVEMV   -9.8525  -10.3576   -0.5051    0.0000
  136 GDIVKMV   -9.5906   -9.7786   -0.1880    0.0000
  137 MDIIEGV   -8.5219   -9.4742   -0.9523    0.0000
  138 MDIIEGV   -8.5219   -9.4742   -0.9523    0.0000
  139 MIIIEGD   -9.1490  -12.1499   -3.0009    0.0000
  140 FMIEAGD   -6.8380   -9.5134   -2.6754    0.0000
  141 MFIEAGD   -9.3343  -12.0098   -2.6754    0.0000
  142 MFIEAGD   -9.3343  -12.0098   -2.6754    0.0000
  143 MFIEAGD   -9.3343  -12.0098   -2.6754    0.0000
  144 MFIEAGD   -9.3343  -12.0098   -2.6754    0.0000
  145 FFIEAGD   -7.9245   -9.0068   -1.0823    0.0000
  146 FFIEAGE   -6.8845   -8.2840   -1.3994    0.0000
  147 FFIEAGE   -6.8845   -8.2840   -1.3994    0.0000
  148 MFIEAGE   -7.7572  -10.7498   -2.9926    0.0000
  149 MFIKAGD   -9.5112  -11.3767   -1.8654    0.0000
  150 MFIKAGD   -9.5112  -11.3767   -1.8654    0.0000
  151 MAIKFGD   -8.5209  -10.3863   -1.8654    0.0000
  152 WAIKFGD   -7.9454   -9.3166   -1.3711    0.0000
  153 WAIKFGD   -7.9454   -9.3166   -1.3711    0.0000
  154 WMAKFGD   -4.9626   -5.7426   -0.7800    0.0000
  155 WMKAFGE   -6.7624   -7.8596   -1.0971    0.0000
  156 WMKAFGD   -8.0064   -8.7864   -0.7800    0.0000
  157 WMKAFGD   -8.0064   -8.7864   -0.7800    0.0000
  158 WMKAFGD   -8.0064   -8.7864   -0.7800    0.0000
  159 WMKAFGD   -8.0064   -8.7864   -0.7800    0.0000
  160 WMKAFGD   -8.0064   -8.7864   -0.7800    0.0000
  161 WMKAFGD   -8.0064   -8.7864   -0.7800    0.0000
  162 WMKAFGD   -8.0064   -8.7864   -0.7800    0.0000
  163 WMKAFGD   -8.0064   -8.7864   -0.7800    0.0000
  164 WIKAFGD   -8.1923   -9.5634   -1.3711    0.0000
  165 MIKAFGD   -8.0944   -9.9598   -1.8654    0.0000
  166 MIKAFGD   -8.0944   -9.9598   -1.8654    0.0000
  167 KIMAFGD   -7.3460   -9.3229   -1.9769    0.0000
  168 KIVAWGD   -8.4943   -9.6155   -1.1211    0.0000
  169 KIVAWGD   -8.4943   -9.6155   -1.1211    0.0000
  170 KIVAWGD   -8.4943   -9.6155   -1.1211    0.0000
  171 KIVAWGD   -8.4943   -9.6155   -1.1211    0.0000
  172 KIIAWGD   -8.3256  -10.1125   -1.7869    0.0000
  173 KIIAWGD   -9.0714  -10.8583   -1.7869    0.0000
  174 KIIAWGE   -7.3668   -9.4708   -2.1040    0.0000
  175 KIIAMGD   -9.4902  -11.6913   -2.2011    0.0000
  176 KIIAFGD  -10.4545  -11.0625   -0.6080    0.0000
  177 KILAFGD   -8.0870  -10.4847   -2.3977    0.0000
  178 KLIAFGD   -8.6256  -11.0233   -2.3977    0.0000
  179 KLIAFGD   -8.6256  -11.0233   -2.3977    0.0000
  180 KLLAFGD   -7.4531  -11.6405   -4.1874    0.0000
  181 KLLAFGD   -7.4531  -11.6405   -4.1874    0.0000
  182 KIFAFGD   -9.5781   -9.9618   -0.3837    0.0000
  183 KILAFGD   -8.5842  -10.9819   -2.3977    0.0000
  184 KILGFGD   -7.8727  -10.0602   -2.1874    0.0000
  185 LIKGFGD   -8.4098  -10.5972   -2.1874    0.0000
  186 WIKGFGD  -10.0236   -9.6159    0.4077    0.0000
  187 WIKGFGD  -10.0236   -9.6159    0.4077    0.0000
  188 WIKGFGD  -10.0236   -9.6159    0.4077    0.0000
  189 KIIGFGD  -11.3173  -11.7150   -0.3977    0.0000
  190 KIIGFGD  -11.3173  -11.7150   -0.3977    0.0000
  191 KIIGFGD  -11.3173  -11.7150   -0.3977    0.0000
  192 IVKGFGD   -8.2982  -10.0702   -1.7720    0.0000
  193 FVKGFGD   -6.7799   -8.3276   -1.5477    0.0000
  194 VVKGFGD   -7.1270  -10.2733   -3.1463    0.0000
  195 VVKGMGD   -7.0451  -11.7845   -4.7394    0.0000
  196 MVKGDGM   -5.1750   -9.9090   -4.7340    0.0000
  197 VMKGDGM   -4.5885   -9.3225   -4.7340    0.0000
  198 VMKGEGI   -7.1089  -10.7911   -3.6823    0.0000
  199 IKVGEGM   -7.5415  -11.1123   -3.5709    0.0000
  200 IKVGEMM   -9.4256   -9.8139   -0.3883    0.0000
  201 IKVGDMM   -9.1808   -9.2519   -0.0711    0.0000
  202 IKVGDGL   -6.9969  -10.6715   -3.6746    0.0000
  203 FKVGEGI   -9.2185  -11.1962   -1.9777    0.0000
  204 FKGMEGI   -8.9079  -10.8802   -1.9723    0.0000
  205 FKGMEGI   -8.9186  -10.8909   -1.9723    0.0000
  206 FKGFDGI   -7.7838   -7.8458   -0.0620    0.0000
  207 FKGDFGI   -4.5684   -4.6304   -0.0620    0.0000
  208 FKFGDGI  -10.1157  -10.1777   -0.0620    0.0000
  209 FKFGDGI  -10.1157  -10.1777   -0.0620    0.0000
  210 FKWGDGI  -10.1240   -9.6048    0.5191    0.0000
  211 FKWGDGI  -10.1240   -9.6048    0.5191    0.0000
  212 FKWGDGI  -10.1240   -9.6048    0.5191    0.0000
  213 FKWGDGI  -10.0301   -9.5110    0.5191    0.0000
  214 FKWGDGI  -10.0301   -9.5110    0.5191    0.0000
  215 FKWGDGI  -10.0301   -9.5110    0.5191    0.0000
  216 FKWGEGI  -10.6867  -10.4847    0.2020    0.0000
  217 FKWGDGI  -10.0861   -9.5670    0.5191    0.0000
  218 FKWGDGI  -10.0861   -9.5670    0.5191    0.0000
  219 FKWGDGI  -10.0861   -9.5670    0.5191    0.0000
  220 FKWGEGI  -10.8450  -10.6430    0.2020    0.0000
  221 FKWGEGI  -10.8450  -10.6430    0.2020    0.0000
  222 FKWGEGI  -10.8450  -10.6430    0.2020    0.0000
  223 FKWGEGF  -10.1147   -9.6084    0.5063    0.0000
  224 FKWGEGF  -10.1147   -9.6084    0.5063    0.0000
  225 FKWGEGF  -10.1147   -9.6084    0.5063    0.0000
  226 FKWGDGF   -9.3568   -8.5334    0.8234    0.0000
  227 FKWGEGF   -9.5579   -9.0516    0.5063    0.0000
  228 FKWGEGF   -9.5579   -9.0516    0.5063    0.0000
  229 FKWGEGF   -9.5579   -9.0516    0.5063    0.0000
  230 FKWGEGF   -9.5579   -9.0516    0.5063    0.0000
  231 FKWGEGF   -9.5579   -9.0516    0.5063    0.0000
  232 FKWGEGF   -9.5579   -9.0516    0.5063    0.0000
  233 FKWGDGF   -9.3991   -8.5756    0.8234    0.0000
  234 WKWGDGV  -10.0063   -9.7203    0.2860    0.0000
  235 WKWGDGV  -10.0063   -9.7203    0.2860    0.0000
  236 WKWGDGV  -10.0063   -9.7203    0.2860    0.0000
  237 WKVGDGW   -9.5341   -9.2481    0.2860    0.0000
  238 FKMGDGW   -9.7281  -10.2978   -0.5697    0.0000
  239 FKMGDGW   -9.7281  -10.2978   -0.5697    0.0000
  240 YKWGDGW   -8.4412   -8.9761   -0.5349    0.0000
  241 WFKGWGD   -6.9737   -7.9206   -0.9469    0.0000
  242 WFKGWGD   -6.9737   -7.9206   -0.9469    0.0000
  243 WFKGYGE   -7.3795   -9.2041   -1.8246    0.0000
  244 WMKGWGE   -7.3603   -7.4975   -0.1371    0.0000
  245 WEKGWGM   -3.3266   -3.4637   -0.1371    0.0000
  246 WEKGWGM   -3.3266   -3.4637   -0.1371    0.0000
  247 WDKGWGM   -3.4589   -3.2789    0.1800    0.0000
  248 WMKGWGD   -7.4935   -7.3135    0.1800    0.0000
  249 WMKGWGD   -7.4935   -7.3135    0.1800    0.0000
  250 WMKGWGD   -7.4935   -7.3135    0.1800    0.0000
  251 MWKGWGE   -8.1309   -8.2680   -0.1371    0.0000
  252 MWKGWGD   -8.5040   -8.3240    0.1800    0.0000
  253 MWKGWGD   -8.5040   -8.3240    0.1800    0.0000
  254 MWKGDGW   -7.0502   -6.8702    0.1800    0.0000
  255 MWKGDGW   -7.0502   -6.8702    0.1800    0.0000
  256 MWKGDGW   -7.0502   -6.8702    0.1800    0.0000
  257 FWKGDGM   -5.6376   -6.3187   -0.6811    0.0000
  258 EWKGFGM   -5.2653   -6.1522   -0.8869    0.0000
  259 EWMGFGK   -5.1886   -6.1869   -0.9983    0.0000
  260 EWVGMMK   -4.8984   -5.0727   -0.1743    0.0000
  261 EMVGWMK   -6.5965   -6.7708   -0.1743    0.0000
  262 EMVGWMK   -6.5965   -6.7708   -0.1743    0.0000
  263 MEGVWLK   -2.4753   -5.6305   -3.1551    0.0000
  264 GEGVWLK   -1.4616   -4.5907   -3.1291    0.0000
  265 VDGLWGK   -2.3401   -5.0407   -2.7006    0.0000
  266 VWGLEGK   -2.1403   -5.1580   -3.0177    0.0000
  267 VWGVEGK   -2.9137   -5.5160   -2.6023    0.0000
  268 VKGWEGW   -9.7346   -9.7657   -0.0311    0.0000
  269 VKGWEGW   -9.7346   -9.7657   -0.0311    0.0000
  270 VKGWEGW   -9.7346   -9.7657   -0.0311    0.0000
  271 VKGWEGW   -9.7346   -9.7657   -0.0311    0.0000
  272 VKGWEGW   -9.7346   -9.7657   -0.0311    0.0000
  273 VKWGEGW  -10.2089  -10.2401   -0.0311    0.0000
  274 VKWGEGW  -10.2089  -10.2401   -0.0311    0.0000
  275 VKWGEGW  -10.2089  -10.2401   -0.0311    0.0000
  276 VKWGDGW   -9.8197   -9.5337    0.2860    0.0000
  277 VKWGDGW   -9.8197   -9.5337    0.2860    0.0000
  278 VKWGDGW   -9.8197   -9.5337    0.2860    0.0000
  279 VWKGDGW   -9.7275   -9.5529    0.1746    0.0000
  280 WWKGDGV   -6.1261   -5.9516    0.1746    0.0000
  281 MWKGDGV   -8.7973  -11.0771   -2.2797    0.0000
  282 MWKGDGV   -8.7973  -11.0771   -2.2797    0.0000
  283 MWKGDGV   -8.7973  -11.0771   -2.2797    0.0000
  284 VWKGDGM   -8.0691  -10.3488   -2.2797    0.0000
  285 VWKGDGW   -9.6549   -9.4804    0.1746    0.0000
  286 VWKGDGW   -9.6549   -9.4804    0.1746    0.0000
  287 VWKGDGW   -9.6549   -9.4804    0.1746    0.0000
  288 VWKGDGI   -9.4583  -10.3692   -0.9109    0.0000
  289 VWKGDGI   -9.4583  -10.3692   -0.9109    0.0000
  290 MWKGDGI   -9.1426  -10.0480   -0.9054    0.0000
  291 MWKGDGI   -9.1426  -10.0480   -0.9054    0.0000
  292 MWKGEGI   -8.7642   -9.9868   -1.2226    0.0000
  293 MWKGEGI   -8.7642   -9.9868   -1.2226    0.0000
  294 MWKGEGI   -8.7642   -9.9868   -1.2226    0.0000
  295 MWKGEGI   -8.7642   -9.9868   -1.2226    0.0000
  296 MWKGEGI   -8.7642   -9.9868   -1.2226    0.0000
  297 MWKGEGI   -8.7642   -9.9868   -1.2226    0.0000
  298 MWKGEGI   -8.7642   -9.9868   -1.2226    0.0000
  299 IWKGEGM   -7.8106   -9.0331   -1.2226    0.0000
  300 IWKGDGM   -7.1913   -8.0967   -0.9054    0.0000
  301 IKWGDGM   -7.0424   -7.8364   -0.7940    0.0000
  302 IKMGDGW   -5.9831   -6.7771   -0.7940    0.0000
  303 VKMGDGW   -5.6418   -7.8101   -2.1683    0.0000
  304 MKIGDGW   -7.5689   -8.3629   -0.7940    0.0000
  305 MKIGDGW   -7.5689   -8.3629   -0.7940    0.0000
  306 IKGLEGW   -6.0749   -7.6069   -1.5320    0.0000
  307 LKGIEGW   -6.5431   -8.0751   -1.5320    0.0000
  308 LKGMEGW   -4.3692   -7.2701   -2.9009    0.0000
  309 LKGMEGW   -4.3692   -7.2701   -2.9009    0.0000
  310 LKGMEGW   -4.3692   -7.2701   -2.9009    0.0000
  311 IKGFEGW   -6.3271   -6.1251    0.2020    0.0000
  312 IKGFEGW   -6.3271   -6.1251    0.2020    0.0000
  313 IKGFEGW   -6.3271   -6.1251    0.2020    0.0000
  314 MKGFEGW   -6.1897   -7.0766   -0.8869    0.0000
  315 MKGFEGW   -6.1897   -7.0766   -0.8869    0.0000
  316 MKGFEGF   -5.9308   -7.6788   -1.7480    0.0000
  317 MKGFDGF   -6.9659   -8.3968   -1.4309    0.0000
  318 IKGVDAF   -7.2164   -8.9759   -1.7594    0.0000
  319 IKGVDAF   -7.2164   -8.9759   -1.7594    0.0000
  320 IKGIDAF   -8.8515   -9.2367   -0.3851    0.0000
  321 IKGIDAF   -8.8515   -9.2367   -0.3851    0.0000
  322 IKGIDAF   -8.8515   -9.2367   -0.3851    0.0000
  323 IKGIDAI   -9.1354   -9.7448   -0.6094    0.0000
  324 IKGIADI   -8.4555   -9.0649   -0.6094    0.0000
  325 IKGIAEI   -7.8692   -8.7957   -0.9266    0.0000
  326 IKGIAEI   -7.8138   -8.7403   -0.9266    0.0000
  327 IKGIAEI   -7.8138   -8.7403   -0.9266    0.0000
  328 IKGIEAI   -8.1658   -9.0924   -0.9266    0.0000
  329 IKGIEAI   -8.1658   -9.0924   -0.9266    0.0000
  330 IKGIEAI   -8.3252   -9.2518   -0.9266    0.0000
  331 KIGIDAI   -8.1644   -8.7738   -0.6094    0.0000
  332 KIGIEAI   -9.2496  -10.1762   -0.9266    0.0000
  333 KIGIDAI   -8.5669   -9.1764   -0.6094    0.0000
  334 KIGIDGI   -8.3386   -8.8491   -0.5106    0.0000
  335 KIGIDGI   -8.3386   -8.8491   -0.5106    0.0000
  336 KLGIDAI   -7.9186  -10.3177   -2.3991    0.0000
  337 KVGILDI   -6.5887   -9.7118   -3.1231    0.0000
  338 KVGIIDI   -5.6943   -7.5877   -1.8934    0.0000
  339 EIGVIEI   -1.7617   -4.7823   -3.0206    0.0000
  340 EVIVEGI   -7.8477   -9.1540   -1.3063    0.0000
  341 DMGIEVI   -7.4510   -8.4033   -0.9523    0.0000
  342 DMGIDVI   -5.8268   -6.4620   -0.6351    0.0000
  343 DMGIDVI   -6.0528   -6.6879   -0.6351    0.0000
  344 DMIGEVI   -8.9653  -10.0291   -1.0637    0.0000
  345 KMIGEIV   -7.3977   -7.9686   -0.5709    0.0000
  346 KMVGEIM   -6.5773   -7.0770   -0.4997    0.0000
  347 VMKGEAW   -7.4190  -10.1147   -2.6957    0.0000
  348 KMVGEAW   -8.1375  -10.8332   -2.6957    0.0000
  349 KMWGEAW   -9.1017  -10.6977   -1.5960    0.0000
  350 KMWGEAW   -9.1017  -10.6977   -1.5960    0.0000
  351 KFMGAEW   -6.4411   -7.4268   -0.9857    0.0000
  352 KFMGAEW   -6.4411   -7.4268   -0.9857    0.0000
  353 KAMGFEW   -7.3928   -8.3785   -0.9857    0.0000
  354 KAMGFEW   -7.3928   -8.3785   -0.9857    0.0000
  355 KMMGVEW   -8.0211   -8.0839   -0.0629    0.0000
  356 MMKGVEW   -8.8574   -8.9202   -0.0629    0.0000
  357 MVKGMDW   -8.6841   -8.4298    0.2543    0.0000
  358 MVEGMDW   -6.1461   -6.7018   -0.5557    0.0000
  359 MVDGMDW   -5.2492   -5.4878   -0.2386    0.0000
  360 MVDGMKW   -6.5728   -6.3185    0.2543    0.0000
  361 VVDKMGW   -8.0520   -7.8346    0.2174    0.0000
  362 VVDKYGW   -6.2913   -6.2202    0.0711    0.0000
  363 VVDKYGW   -6.2913   -6.2202    0.0711    0.0000
  364 VIDKYGI   -7.5194   -7.1594    0.3600    0.0000
  365 VIDKYGI   -7.5194   -7.1594    0.3600    0.0000
  366 VIDKYGF   -8.1221   -7.5378    0.5843    0.0000
  367 VIDKYGF   -8.1221   -7.5378    0.5843    0.0000
  368 VIDKFGY   -9.0628   -8.4785    0.5843    0.0000
  369 GIEFVDY   -5.7944   -5.9087   -0.1143    0.0000
  370 GEIFVDY   -6.1407   -6.3664   -0.2257    0.0000
  371 GEIFMDY   -5.8593   -6.0796   -0.2203    0.0000
  372 GEIFMDY   -5.8593   -6.0796   -0.2203    0.0000
  373 GEIFMDV   -6.0397   -6.7992   -0.7594    0.0000
  374 GEIFMDY   -6.0288   -6.2490   -0.2203    0.0000
  375 GEIFMDY   -6.0288   -6.2490   -0.2203    0.0000
  376 GEIFMDY   -6.0288   -6.2490   -0.2203    0.0000
  377 GEIYMDF   -5.7834   -6.0037   -0.2203    0.0000
  378 GEVYMDF   -3.7226   -5.3171   -1.5946    0.0000
  379 GEVDMYF   -1.7340   -3.3286   -1.5946    0.0000
  380 GEVDFYF   -2.0059   -2.0073   -0.0014    0.0000
  381 GEVDFYF   -3.1110   -3.1125   -0.0014    0.0000
  382 GEVDWMV   -5.0305   -5.6231   -0.5926    0.0000
  383 GMVEWEV   -6.4334   -7.2317   -0.7983    0.0000
  384 GMVEWEY   -6.9821   -7.9212   -0.9391    0.0000
  385 GMVEWEY   -6.9821   -7.9212   -0.9391    0.0000
  386 GMVEWEY   -6.9821   -7.9212   -0.9391    0.0000
  387 GMVEWDY   -7.4806   -8.1026   -0.6220    0.0000
  388 GMVEWDY   -7.4806   -8.1026   -0.6220    0.0000
  389 GMVDWDY   -6.9463   -7.2511   -0.3049    0.0000
  390 GMVDWEY   -6.4226   -7.0446   -0.6220    0.0000
  391 GMVDWEV   -7.2847   -7.7658   -0.4811    0.0000
  392 GMVDWVK   -7.0241   -6.8067    0.2174    0.0000
  393 GVVMWDK   -6.6875   -6.6930   -0.0054    0.0000
  394 GDVMVDW   -6.5659   -6.8414   -0.2754    0.0000
  395 GDMVVDF   -8.4711   -8.9277   -0.4566    0.0000
  396 GDMVVKF   -7.4240   -7.3877    0.0363    0.0000
  397 GMKVVDF  -10.9880  -10.8403    0.1477    0.0000
  398 GVKVMDF  -10.3521  -10.2044    0.1477    0.0000
  399 GVKVIDF  -10.4691  -10.2325    0.2366    0.0000
  400 GIVVIDK  -12.0006  -12.4026   -0.4020    0.0000
  401 GIVVIDK  -12.0006  -12.4026   -0.4020    0.0000
  402 GIVVIDK  -12.0006  -12.4026   -0.4020    0.0000
  403 GIVVIDK  -12.0006  -12.4026   -0.4020    0.0000
  404 GIVVIDD  -12.0323  -12.9272   -0.8949    0.0000
  405 GIVVEDM  -10.8358  -11.9453   -1.1094    0.0000
  406 GIVVDDM  -10.0565  -10.8488   -0.7923    0.0000
  407 DIVVKGI   -7.5759   -7.7550   -0.1791    0.0000
  408 IIVVKGD   -9.0701   -9.3607   -0.2906    0.0000
  409 IVVVDGE  -11.0285  -12.1434   -1.1149    0.0000
  410 FIVVEGD   -9.1062   -9.9025   -0.7963    0.0000
  411 FVIVEGD   -9.5161  -10.3124   -0.7963    0.0000
  412 FIMVEGD   -9.0730   -9.9439   -0.8709    0.0000
  413 FIMVEGD   -9.0730   -9.9439   -0.8709    0.0000
  414 IILVEGD   -7.8131  -11.9691   -4.1560    0.0000
  415 LIIVEGD   -8.1792  -12.3352   -4.1560    0.0000
  416 IILVEGD   -7.5837  -11.7397   -4.1560    0.0000
  417 GVIIEDL   -4.9429   -9.0989   -4.1560    0.0000
  418 GVIVDDM   -9.0477   -9.8400   -0.7923    0.0000
  419 GVIVMED   -9.8461  -11.0669   -1.2209    0.0000
  420 GVKVMEI   -8.4417   -8.8354   -0.3937    0.0000
  421 GIKVMEI   -7.6011   -8.0605   -0.4594    0.0000
  422 GIKVMEI   -8.2527   -8.7121   -0.4594    0.0000
  423 GIKVMEI   -8.2527   -8.7121   -0.4594    0.0000
  424 GIKVMEI   -8.2527   -8.7121   -0.4594    0.0000
  425 GIKVYEI   -8.2095   -8.0552    0.1543    0.0000
  426 GIKVYEI   -8.2095   -8.0552    0.1543    0.0000
  427 GVKIYDI   -7.8787   -7.4073    0.4714    0.0000
  428 GIDVLID   -4.6219   -8.3493   -3.7274    0.0000
  429 GIDVVID   -7.6658   -8.3378   -0.6720    0.0000
  430 GIDVVID   -7.6658   -8.3378   -0.6720    0.0000
  431 GIDIVVD   -8.1205   -8.7925   -0.6720    0.0000
  432 GVILVDD  -10.5914  -12.7160   -2.1246    0.0000
  433 GVILVDD  -10.5914  -12.7160   -2.1246    0.0000
  434 GVILVDE  -10.4382  -12.8799   -2.4417    0.0000
  435 GVIVLDD   -9.7876  -11.9121   -2.1246    0.0000
  436 GVIVLDD   -9.3746  -11.4992   -2.1246    0.0000
  437 GVIVIDD  -10.2419  -11.1367   -0.8949    0.0000
  438 GVMVFDD   -8.2474   -8.9268   -0.6794    0.0000
  439 GVMVFDD   -8.2474   -8.9268   -0.6794    0.0000
  440 GVVVFDD   -9.9489  -10.6337   -0.6849    0.0000
  441 GVVVFDD   -9.9489  -10.6337   -0.6849    0.0000
  442 GIVVFDD   -9.9777  -10.5682   -0.5906    0.0000
  443 GIVVFDK  -10.1994  -10.2971   -0.0977    0.0000
  444 GKVVFDI   -8.0766   -7.9515    0.1251    0.0000
  445 GKVVFDM   -8.2434   -8.2071    0.0363    0.0000
  446 GKVVFDV   -8.6016   -8.5707    0.0309    0.0000
  447 GKVVFVD   -8.3017   -8.3823   -0.0806    0.0000
  448 GKVVWVD   -8.1204   -7.9398    0.1806    0.0000
  449 GKVVWVE   -8.0955   -8.2320   -0.1366    0.0000
  450 GKVVWVE   -8.0955   -8.2320   -0.1366    0.0000
  451 VVKVWGE   -8.9347   -8.9599   -0.0251    0.0000
  452 VVKVWGE   -8.9347   -8.9599   -0.0251    0.0000
  453 VVKVEGW   -8.3374   -8.2511    0.0863    0.0000
  454 VKVVEGW  -10.8054  -10.7191    0.0863    0.0000
  455 VKVWEGV   -9.3973   -9.3110    0.0863    0.0000
  456 MKVWEGV   -9.6944   -9.6827    0.0117    0.0000
  457 FKVIEGV  -10.3590  -10.4396   -0.0806    0.0000
  458 FKVLEGV  -10.6094  -11.9197   -1.3103    0.0000
  459 VKVLEGF  -10.0836  -11.3939   -1.3103    0.0000
  460 VKVLEGI  -10.3054  -11.9199   -1.6146    0.0000
  461 LKVVEGI  -10.1740  -11.7885   -1.6146    0.0000
  462 LKVVEGF   -8.5989   -9.9092   -1.3103    0.0000
  463 LKVVDGF   -8.4251   -9.4182   -0.9931    0.0000
  464 VKVLDIA   -6.1789   -9.2552   -3.0763    0.0000
  465 VKMMEIA   -5.0764   -5.5635   -0.4871    0.0000
  466 VKMMEIA   -5.0764   -5.5635   -0.4871    0.0000
  467 MKVIEMA   -7.5154   -8.0026   -0.4871    0.0000
  468 MKIVMEA   -8.1875   -8.6747   -0.4871    0.0000
  469 MKIVEMA  -10.2277  -10.7148   -0.4871    0.0000
  470 MKVVEAM  -10.2926  -12.1541   -1.8614    0.0000
  471 MKAVDVM   -9.6330  -11.1773   -1.5443    0.0000
  472 MKLVDVM   -8.6821  -11.7658   -3.0837    0.0000
  473 MKMVDVM  -10.3672  -10.4700   -0.1029    0.0000
  474 MKMVDVM  -10.3672  -10.4700   -0.1029    0.0000
  475 MKMVDVM  -10.3672  -10.4700   -0.1029    0.0000
  476 MKMVDVM  -10.3672  -10.4700   -0.1029    0.0000
  477 MKMVDVM  -10.3672  -10.4700   -0.1029    0.0000
  478 MKVLDVM   -9.7038  -12.7875   -3.0837    0.0000
  479 MKMLDGM   -8.9209  -10.7763   -1.8554    0.0000
  480 MKMLDGL   -8.1116  -10.7879   -2.6763    0.0000
  481 MKMLDGL   -8.1116  -10.7879   -2.6763    0.0000
  482 LKVLDGL   -4.5807  -10.1632   -5.5826    0.0000
  483 KLVLDGG   -5.8124  -11.6110   -5.7986    0.0000
  484 KLVLGGD   -6.0310  -11.8296   -5.7986    0.0000
  485 KLVIFGD   -6.3833   -9.4250   -3.0417    0.0000
  486 KLVIAGD   -5.9889   -9.9851   -3.9963    0.0000
  487 KLVIAGD   -5.9889   -9.9851   -3.9963    0.0000
  488 KILIAGD   -7.2308   -9.8528   -2.6220    0.0000
  489 KILIAGE   -7.3709  -10.3100   -2.9391    0.0000
  490 MKLEAGF   -7.1544  -10.9038   -3.7494    0.0000
  491 MKLEAGV   -5.7893  -11.1373   -5.3480    0.0000
  492 MKLYEGI   -8.6838  -10.3138   -1.6300    0.0000
  493 MDVYEGI   -4.0858   -5.7932   -1.7074    0.0000
  494 DDVLMGI   -3.4021   -5.4899   -2.0877    0.0000
  495 IDVLYGD   -5.4262   -7.3488   -1.9226    0.0000
  496 IDLVYGK   -5.1880   -6.6177   -1.4297    0.0000
  497 IELVYGK   -5.0584   -6.8052   -1.7469    0.0000
  498 IVLDYGK   -4.5911   -6.0209   -1.4297    0.0000
  499 IVLDYGD   -5.2034   -7.1260   -1.9226    0.0000
  500 FDLVMGD   -3.4133   -5.0853   -1.6720    0.0000
  501 FDLVMGD   -3.9289   -5.6009   -1.6720    0.0587
  502 YDLVMGD   -2.0261   -5.3175   -3.2914    0.0587
  503 KYVLMGD   -5.5087   -8.4187   -2.9100    0.0587
  504 KMVLYGE   -1.3111   -4.5382   -3.2271    0.0587
  505 KLMMYGD   -1.1916   -4.0962   -2.9046    0.0587
  506 KIMMYGD   -4.6023   -5.7172   -1.1149    0.0587
  507 KILIYGD   -5.4554   -8.2223   -2.7669    0.0587
  508 KILMVGD   -4.6858   -6.2807   -1.5949    0.0587
  509 KWMMVGD   -7.5679   -7.5365    0.0314    0.0587
  510 KWMMDGV   -6.5821   -6.4393    0.1429    0.0587
  511 MWKMEGV   -8.2755   -8.3384   -0.0629    0.0587
  512 MIKMEGV   -7.7464   -8.1347   -0.3883    0.0587
  513 MMKIDGF   -7.9544   -7.8670    0.0874    0.0587
  514 MMKIDGI   -9.2683   -9.4852   -0.2169    0.0587
  515 MMKIEGI   -8.1461   -8.6801   -0.5340    0.0587
  516 IMKIEGM   -7.8914   -8.4254   -0.5340    0.0587
  517 IMKIEGM   -7.8914   -8.4254   -0.5340    0.0587
  518 IKMIEGM   -9.8075  -10.3415   -0.5340    0.0587
  519 IKMIEGM   -9.0980   -9.6320   -0.5340    0.0587
  520 IKMIEGM   -9.0980   -9.6320   -0.5340    0.0587
  521 IKMIEGM  -10.0227  -10.5567   -0.5340    0.0587
  522 IKVIEGV  -10.8359  -11.2208   -0.3849    0.0587
  523 IKVMEAV  -11.4280  -11.9205   -0.4926    0.0587
  524 IKVMEAW   -8.0697  -11.6626   -3.5929    0.0587
  525 IKVAEAW   -8.6553  -10.4896   -1.8343    0.0587
  526 IKLAEAI   -6.8735  -10.4087   -3.5351    0.0587
  527 IKIAEGI   -9.3267  -10.2533   -0.9266    0.0587
  528 IKIAEGI   -9.4574  -10.3840   -0.9266    0.0587
  529 IKIMEGV  -10.1333  -10.5928   -0.4594    0.0587
  530 IKIMEGV  -10.1333  -10.5928   -0.4594    0.0587
  531 IKMIDGV  -10.8776  -11.0199   -0.1423    0.0587
  532 MKMIDGV  -12.1806  -12.2517   -0.0711    0.0587
  533 IKVMDGM  -10.4106  -10.4817   -0.0711    0.0587
  534 LMIMDGK   -7.6245   -9.2939   -1.6694    0.0587
  535 LVIMDGE   -6.9060   -9.3108   -2.4049    0.0587
  536 LIVMEGE   -7.8011  -10.5231   -2.7220    0.0587
  537 LIVMEGE   -7.8011  -10.5231   -2.7220    0.0587
  538 GIVIEGE   -6.3703   -9.6052   -3.2349    0.0587
  539 GIVIEEG   -6.3549   -9.7012   -3.3463    0.0587
  540 GIIVEEG   -6.5873   -9.9336   -3.3463    0.0587
  541 GIIVEGE   -7.7501  -10.9850   -3.2349    0.0587
  542 GIIVEGE   -7.7501  -10.9850   -3.2349    0.0587
  543 GIMVDGD   -6.9014  -10.8708   -3.9694    0.0587
  544 VMIVDGD   -9.0643   -9.8566   -0.7923    0.0587
  545 MMIVEGD  -12.2957  -13.3997   -1.1040    0.0587
  546 MLIVEGD  -11.7234  -14.1282   -2.4049    0.0587
  547 MMIVDGD  -11.6866  -12.4735   -0.7869    0.0587
  548 MIIVDGD  -10.5185  -11.3765   -0.8580    0.0587
  549 MLIVDGD  -10.7590  -12.8467   -2.0877    0.0587
  550 MVIMDGK   -7.9260   -8.2200   -0.2940    0.0587
  551 MVIMDGK   -7.9260   -8.2200   -0.2940    0.0587
  552 MVIMDGK   -7.9260   -8.2200   -0.2940    0.0587
  553 MMIVDGK   -9.4669   -9.7609   -0.2940    0.0587
  554 MVIVDGK   -9.5150   -9.8145   -0.2994    0.0587
  555 MVIVDGD  -11.4945  -12.2868   -0.7923    0.0587
  556 FVLVDGD   -8.6364  -10.3453   -1.7089    0.0587
  557 ILVVDGD   -9.8234  -11.8366   -2.0131    0.0587
  558 LLVVDGD   -8.9768  -12.2197   -3.2429    0.0587
  559 ILVVDGD   -9.8333  -11.8464   -2.0131    0.0587
  560 MWVDVGD   -8.9246   -9.2000   -0.2754    0.0587
  561 MWVVDGD   -9.8763  -10.2631   -0.3869    0.0587
  562 VMVWEGD   -7.3637   -8.0677   -0.7040    0.0587
  563 DMVWEGV   -4.7610   -5.3536   -0.5926    0.0587
  564 KMVWDGV   -6.1199   -5.9025    0.2174    0.0587
  565 VKVWDGV   -7.6447   -7.2412    0.4034    0.0587
  566 IKVWDGV   -5.8466   -7.2689   -1.4223    0.0587
  567 VKIVDGY  -11.2848  -12.1877   -0.9029    0.0587
  568 VKIVDGY  -11.2848  -12.1877   -0.9029    0.0587
  569 VKIVDGY  -11.2848  -12.1877   -0.9029    0.0587
  570 VKIVEGF  -11.6719  -11.7525   -0.0806    0.0587
  571 VKIVEGI  -11.8939  -12.2787   -0.3849    0.0587
  572 VKIVEGV  -11.7732  -12.1723   -0.3991    0.0587
  573 VKIVDGV  -12.7756  -12.8576   -0.0820    0.0587
  574 VKIVGDV   -9.2434   -9.3254   -0.0820    0.0587
  575 KVIVGDI   -8.5559   -8.7350   -0.1791    0.0587
  576 KVIVGDI   -8.5559   -8.7350   -0.1791    0.0587
  577 KVIVGDV   -9.6984   -9.8918   -0.1934    0.0587
  578 KVIVGDV   -9.6984   -9.8918   -0.1934    0.0587
  579 KLIVGDV   -8.7698  -10.1787   -1.4089    0.0587
  580 KVIVGDL   -8.3721   -9.7809   -1.4089    0.0587
  581 KVIVGDL   -8.3721   -9.7809   -1.4089    0.0587
  582 KIVVGDL   -9.4556  -10.8644   -1.4089    0.0587
  583 KIVVGDL   -9.4556  -10.8644   -1.4089    0.0587
  584 KIVVGDL   -9.4556  -10.8644   -1.4089    0.0587
  585 KIVVGDL   -9.4556  -10.8644   -1.4089    0.0587
  586 KIVVGDL   -9.4556  -10.8644   -1.4089    0.0587
  587 KIVVGEL  -10.7597  -12.4856   -1.7260    0.0587
  588 KIVVGEL  -10.7597  -12.4856   -1.7260    0.0587
  589 KIVMGEL   -7.9633   -9.7639   -1.8006    0.0587
  590 KLVMGEI   -7.0779   -8.8785   -1.8006    0.0587
  591 KLVMGEI   -7.0779   -8.8785   -1.8006    0.0587
  592 KIVMGEL   -7.7752   -9.5757   -1.8006    0.0587
  593 KIMVGEV  -11.9078  -12.4129   -0.5051    0.0587
  594 KIMVGDV  -12.4341  -12.6221   -0.1880    0.0587
  595 KIMVGDV  -12.4341  -12.6221   -0.1880    0.0587
  596 KIMVGVD  -12.2638  -12.4518   -0.1880    0.0587
  597 KIMDGVV   -8.1770   -8.3650   -0.1880    0.0587
  598 KIMDGVV   -8.1770   -8.3650   -0.1880    0.0587
  599 KIMVGDV  -11.6152  -11.8032   -0.1880    0.0587
  600 KIMVGDV  -11.6152  -11.8032   -0.1880    0.0587
  601 KIMVGDV  -11.6152  -11.8032   -0.1880    0.0587
  602 KIVVGMD   -9.6358   -9.8238   -0.1880    0.0587
  603 KIVVGMD   -9.6358   -9.8238   -0.1880    0.0587
  604 KIMVGAD   -9.2018  -12.6658   -3.4640    0.0587
  605 MIKVGAD   -8.7136  -12.0661   -3.3526    0.0587
  606 MIKVGAE   -7.6372  -11.3069   -3.6697    0.0587
  607 MIKEGAV   -7.4177  -11.3103   -3.8926    0.0587
  608 MIKEGAW   -8.7856  -10.2184   -1.4329    0.0587
  609 KIMEGAW   -5.8225   -7.1439   -1.3214    0.0587
  610 MIKEGAW   -7.5409   -8.9737   -1.4329    0.0587
  611 MIKEGAW   -7.5409   -8.9737   -1.4329    0.0587
  612 MIKEGAI   -6.5960   -9.1143   -2.5183    0.0587
  613 IIKEGAI   -8.1744   -9.3239   -1.1494    0.0587
  614 IIKEGAI   -8.1744   -9.3239   -1.1494    0.0587
  615 IIIEGAK   -8.2657   -9.3037   -1.0380    0.0587
  616 IIIEGAK   -8.2657   -9.3037   -1.0380    0.0587
  617 IIIEGAE   -8.9592  -10.8072   -1.8480    0.0587
  618 IIIEGGE   -8.4142  -10.3862   -1.9720    0.0587
  619 IEIIGGE   -7.8085   -9.6691   -1.8606    0.0587
  620 IEIIGGK   -7.9533   -9.0039   -1.0506    0.0587
  621 DIIIGAK   -9.0738   -9.7946   -0.7209    0.0587
  622 DIIIGAK   -9.1442   -9.8651   -0.7209    0.0587
  623 DIIIGAK   -9.1442   -9.8651   -0.7209    0.0587
  624 DIIKGAI   -7.9497   -8.6706   -0.7209    0.0587
  625 DKIIGAI   -8.1086   -8.9409   -0.8323    0.0587
  626 DIIIGAK   -8.3657   -9.0866   -0.7209    0.0587
  627 DIKIGAI   -7.8324   -8.4418   -0.6094    0.0587
  628 DIEIGAI   -6.1187   -7.5381   -1.4194    0.0587
  629 DIEVGAI   -5.2553   -8.0490   -2.7937    0.0587
  630 KIDVGAI   -5.8584   -7.8421   -1.9837    0.0587
  631 KWAVGDI   -6.7300   -7.7398   -1.0097    0.0587
  632 KWADGVI   -3.6396   -4.6493   -1.0097    0.0587
  633 DWAKGIV   -4.9868   -5.9965   -1.0097    0.0587
  634 DWAKGIV   -4.9868   -5.9965   -1.0097    0.0587
  635 KWADGIV   -3.0347   -4.0444   -1.0097    0.0587
  636 DWAIGVK   -6.2077   -7.2174   -1.0097    0.0587
  637 KWAIGMD   -5.3139   -6.3182   -1.0043    0.0587
  638 EWIAGDM   -4.6042   -6.4184   -1.8143    0.0587
  639 KWIAGEM   -6.1971   -7.5185   -1.3214    0.0587
  640 KWIEGAM   -3.9659   -5.2873   -1.3214    0.0587
  641 KFIAGEM   -8.1258  -10.3084   -2.1826    0.0587
  642 KFIAGEM   -8.1258  -10.3084   -2.1826    0.0587
  643 KFIAGEM   -8.1258  -10.3084   -2.1826    0.0587
  644 KFIAGEY   -5.3558   -8.3646   -3.0089    0.0587
  645 KFIAGEY   -5.3558   -8.3646   -3.0089    0.0587
  646 KFIAGEW   -7.7868   -9.4751   -1.6883    0.0587
  647 KFIAGEW   -7.7868   -9.4751   -1.6883    0.0587
  648 KFIGGEW   -8.6143   -8.6352   -0.0209    0.0587
  649 KFIGGEW   -8.6143   -8.6352   -0.0209    0.0587
  650 KFIGGEW   -8.6143   -8.6352   -0.0209    0.0587
  651 KFIGGME   -7.5247   -9.7199   -2.1951    0.0587
  652 KFIGGME   -7.5247   -9.7199   -2.1951    0.0587
  653 EGIGWMK   -2.3647   -3.5873   -1.2226    0.0587
  654 EGVGWMD   -1.7004   -4.7901   -3.0897    0.0587
  655 MGVGWED   -5.0375   -8.1273   -3.0897    0.0587
  656 MGVGWEE   -4.5740   -7.9808   -3.4069    0.0587
  657 MGVGWED   -5.0447   -8.1344   -3.0897    0.0587
  658 MGVGWED   -5.0447   -8.1344   -3.0897    0.0587
  659 MGVGWED   -5.0447   -8.1344   -3.0897    0.0587
  660 MGVGWED   -5.0447   -8.1344   -3.0897    0.0587
  661 MGVGWDD   -5.0845   -7.8571   -2.7726    0.0587
  662 MGVGWDE   -4.3630   -7.4528   -3.0897    0.0587
  663 MGVGWDE   -4.3630   -7.4528   -3.0897    0.0587
  664 MWGGDVE   -4.9513   -8.1525   -3.2011    0.0587
  665 MWGGEVD   -6.2245   -9.4257   -3.2011    0.0587
  666 MWGGEFD   -5.6191   -7.2217   -1.6026    0.0587
  667 MWGGEWD   -6.7956   -7.5370   -0.7414    0.0587
  668 MWGGEFK   -3.9505   -5.0602   -1.1097    0.0587
  669 MWGGFEK   -4.1472   -5.3684   -1.2211    0.0587
  670 MWGGFDR   -0.3657   -4.6337   -4.2680    0.0587
  671 MWGGREF   -2.1029   -6.6880   -4.5851    0.0587
  672 MWGGRDF   -2.1518   -6.4198   -4.2680    0.0587
  673 MWGGRFD   -1.7139   -5.8705   -4.1566    0.0587
  674 FWGGDMD   -4.3645   -5.6499   -1.2854    0.0587
  675 MWGGDFD   -7.6368   -8.9223   -1.2854    0.0587
  676 MWGGDVD   -7.9621  -10.8461   -2.8840    0.0587
  677 KGGWMVD   -7.3064   -9.8089   -2.5026    0.0587
  678 KGGWMVD   -7.3064   -9.8089   -2.5026    0.0587
  679 KGGWMVD   -7.3064   -9.8089   -2.5026    0.0587
  680 KGGWMID   -8.2119   -9.3402   -1.1283    0.0587
  681 KGGWMID   -8.2119   -9.3402   -1.1283    0.0587
  682 KGGWMID   -8.2119   -9.3402   -1.1283    0.0587
  683 KGGWMID   -8.2119   -9.3402   -1.1283    0.0587
  684 KGGWMID   -8.2119   -9.3402   -1.1283    0.0587
  685 KGGWMID   -8.2119   -9.3402   -1.1283    0.0587
  686 KGGWMID   -8.2119   -9.3402   -1.1283    0.0587
  687 KGGWMFD   -6.9614   -7.8654   -0.9040    0.0587
  688 KGGWMFD   -6.9614   -7.8654   -0.9040    0.0587
  689 KGGWMFD   -6.9614   -7.8654   -0.9040    0.0587
  690 KGGMDFW   -3.3411   -4.1337   -0.7926    0.0587
  691 KGGMDFW   -3.3411   -4.1337   -0.7926    0.0587
  692 KGGWDFW   -3.2339   -4.2922   -1.0583    0.0587
  693 KGGIWFD   -4.1868   -4.0020    0.1849    0.0587
  694 KGGIWFD   -4.1868   -4.0020    0.1849    0.0587
  695 KGGFWID   -3.6539   -3.4691    0.1849    0.0587
  696 KGGIWID   -4.7404   -4.8598   -0.1194    0.0587
  697 KGGFWID   -3.8571   -3.6722    0.1849    0.0587
  698 KGGFWID   -3.8571   -3.6722    0.1849    0.0587
  699 KGGFWID   -3.8571   -3.6722    0.1849    0.0587
  700 KGGFMVE   -4.3491   -8.0300   -3.6809    0.0587
  701 KGGFMVE   -4.3491   -8.0300   -3.6809    0.0587
  702 KGGLLME    0.3280   -5.7823   -6.1103    0.0587
  703 KGGFMLE   -2.4180   -6.5142   -4.0963    0.0587
  704 IGGFMDE   -3.5925   -6.3919   -2.7994    0.0587
  705 IGGFMDE   -4.8250   -7.6244   -2.7994    0.0653
  706 IGGFMDE   -4.8250   -7.6244   -2.7994    0.0653
  707 IGGFMDE   -4.8250   -7.6244   -2.7994    0.0653
  708 LGGMFDE   -4.4281   -9.0172   -4.5891    0.0653
  709 LGGMFDE   -4.4281   -9.0172   -4.5891    0.0653
  710 LGGMWDD   -4.7431   -8.1540   -3.4109    0.0653
  711 LGGMFDK   -3.4655   -7.2447   -3.7791    0.0653
  712 LGGLFDK   -3.7340   -7.9340   -4.2000    0.0653
  713 KGGLFDM   -3.8472   -7.5149   -3.6677    0.0653
  714 KGAMFDM   -4.2771   -7.5114   -3.2343    0.0653
  715 KGAIFDM   -5.4656   -7.3310   -1.8654    0.0653
  716 KGAIFDM   -5.4656   -7.3310   -1.8654    0.0653
  717 KGVIMDM   -8.1086   -8.2912   -0.1826    0.0653
  718 MGKIMDM   -8.4603   -8.5260   -0.0657    0.0653
  719 MGKIMDM   -8.4603   -8.5260   -0.0657    0.0653
  720 MGKIMDM   -8.4603   -8.5260   -0.0657    0.0653
  721 MGKIMDM   -8.4603   -8.5260   -0.0657    0.0653
  722 MGKIFDM   -9.4207   -9.3333    0.0874    0.0653
  723 MGKIFDM   -9.4207   -9.3333    0.0874    0.0653
  724 IGDIFKA   -5.0733   -5.4585   -0.3851    0.0653
  725 IFKAGDI  -10.8633  -11.2484   -0.3851    0.0653
  726 ILKAGDI   -8.1446  -10.5437   -2.3991    0.0653
  727 ILKAGDI   -8.1446  -10.5437   -2.3991    0.0653
  728 ILKAGEI   -6.7115   -9.4277   -2.7163    0.0653
  729 ILKAGEI   -6.7115   -9.4277   -2.7163    0.0653
  730 IGKELAI   -4.6171   -7.5562   -2.9391    0.0653
  731 MLKEGAI   -6.5949  -10.9029   -4.3080    0.0653
  732 MKEFGAI   -6.1411   -8.3237   -2.1826    0.0653
  733 VFEKGAI   -5.3834   -7.6828   -2.2994    0.0653
  734 VFDAGKI   -3.9108   -5.6702   -1.7594    0.0653
  735 KWAEGVI   -3.3110   -4.6379   -1.3269    0.0653
  736 AWKIGVD   -2.6648   -3.5630   -0.8983    0.0653
  737 AWKIGDV   -2.8694   -3.7677   -0.8983    0.0653
  738 AWKVGDI   -4.6513   -5.5496   -0.8983    0.0653
  739 DVKAGII   -1.6567   -3.6404   -1.9837    0.0653
  740 DVIAGIK   -6.1152   -8.2104   -2.0951    0.0653
  741 DVIAGIK   -6.1152   -8.2104   -2.0951    0.0653
  742 DVIAGID   -4.9516   -7.5396   -2.5880    0.0653
  743 IVIAGDD   -6.4995   -9.3104   -2.8109    0.0653
  744 IVIAGDD   -6.4995   -9.3104   -2.8109    0.0653
  745 IVIAGDD   -6.4995   -9.3104   -2.8109    0.0653
  746 VIIAGDD   -7.0278   -9.8386   -2.8109    0.0653
  747 VIIAGDD   -7.0278   -9.8386   -2.8109    0.0653
  748 IMIAGDD   -6.3065   -9.1119   -2.8054    0.0653
  749 IMIADDG   -4.2644   -7.0698   -2.8054    0.0653
  750 IAIADDM   -4.2606   -7.0535   -2.7929    0.0653
  751 IAMADDI   -4.9217   -7.7145   -2.7929    0.0653
  752 VAMAKID   -3.5773   -7.1401   -3.5629    0.0653
  753 VKMAAID   -3.8885   -7.4514   -3.5629    0.0653
  754 DKMAAII   -3.4711   -5.8825   -2.4114    0.0653
  755 AEIADVI   -3.6229   -6.5155   -2.8926    0.0653
  756 AMIADVE   -5.5652   -9.9380   -4.3729    0.0653
  757 AMIAEVE   -6.3924  -11.0824   -4.6900    0.0653
  758 ALVAEIE   -6.8224  -11.9333   -5.1109    0.0653
  759 ALALEIE   -5.3729  -11.0592   -5.6863    0.0653
  760 GFMADIE   -4.4289   -7.1043   -2.6754    0.0653
  761 GFMAEIK   -5.2262   -7.4087   -2.1826    0.0653
  762 IFMAEGE   -5.3340   -8.4380   -3.1040    0.0653
  763 GIMAEID   -5.9890   -8.8887   -2.8997    0.0653
  764 GMMAEID   -5.1038   -9.3723   -4.2686    0.0653
  765 GMEAMID   -1.9771   -6.2457   -4.2686    0.0653
  766 GEMAMID   -2.6453   -7.0253   -4.3800    0.0653
  767 GEMAMIE   -2.2880   -6.9852   -4.6971    0.0653
  768 EGMAMIE    0.0579   -4.6393   -4.6971    0.0653
  769 EAMAIVK   -3.3299   -7.3213   -3.9914    0.0653
  770 EAMAKVI   -4.6201   -8.5001   -3.8800    0.0653
  771 EYKAVMI   -5.5304   -6.9553   -1.4249    0.0653
  772 EYKAVMI   -5.5304   -6.9553   -1.4249    0.0653
  773 EYKAVMI   -5.5304   -6.9553   -1.4249    0.0653
  774 EIKAVMV   -6.8800   -7.4840   -0.6040    0.0653
  775 EVKAVMI   -7.4755   -8.0795   -0.6040    0.0653
  776 EVKAIMV   -6.6836   -7.2876   -0.6040    0.0653
  777 EVKAIMM   -6.6705   -7.2691   -0.5986    0.0653
  778 DVKAWMM   -4.3717   -6.0077   -1.6360    0.0653
  779 DVKAWAM   -4.0092   -6.4866   -2.4774    0.0653
  780 DVKAWMM   -4.8614   -6.4974   -1.6360    0.0653
  781 DVKAFVM   -5.3285   -5.3911   -0.0626    0.0653
  782 MVVADKF   -7.9083   -8.0823   -0.1740    0.0653
  783 IMVDAKY   -4.9540   -5.9503   -0.9963    0.0653
  784 MIVADDY   -7.0506   -8.7626   -1.7120    0.0653
  785 MVAIDDY   -6.7022   -8.4142   -1.7120    0.0653
  786 MVVIYDD   -8.8092  -10.8366   -2.0274    0.0653
  787 MVVIYDD   -8.8092  -10.8366   -2.0274    0.0653
  788 GVVIMDD  -10.6782  -11.5820   -0.9037    0.0653
  789 GVVIMDK  -10.4678  -10.8787   -0.4109    0.0653
  790 KVVIGDM  -10.6554  -10.8434   -0.1880    0.0653
  791 KVVIYEM   -9.1906  -10.8195   -1.6289    0.0653
  792 KVVIADM  -10.9468  -11.2337   -0.2869    0.0653
  793 AVVIDKF   -8.0998   -9.8649   -1.7651    0.0653
  794 AVVMEDI  -10.6680  -11.8763   -1.2083    0.0653
  795 AVVMKDI  -10.3142  -10.7125   -0.3983    0.0653
  796 AEVMVDI   -9.7401  -10.7256   -0.9854    0.0653
  797 AEVVMEI   -9.1059  -10.4085   -1.3026    0.0653
  798 ADVIMEV   -6.0544   -7.0398   -0.9854    0.0653
  799 MIVDAVD   -7.9981   -8.7778   -0.7797    0.0653
  800 MIDVADV   -7.5425   -8.2108   -0.6683    0.0653
  801 MIDVADM   -6.0893   -6.7522   -0.6629    0.0653
  802 MIKVADM   -9.7640   -9.9340   -0.1700    0.0653
  803 MIDVADV   -7.9459   -8.6142   -0.6683    0.0653
  804 MVEIADV   -8.4414   -9.4268   -0.9854    0.0653
  805 MIEMADV   -5.7315   -6.7115   -0.9800    0.0653
  806 MLKVADV  -10.7845  -12.7496   -1.9651    0.0653
  807 MLKVADV  -10.7845  -12.7496   -1.9651    0.0653
  808 MLIVADK   -7.0533  -10.5384   -3.4851    0.0653
  809 MKVVADL  -10.6712  -12.6364   -1.9651    0.0653
  810 MKVVADL  -10.6712  -12.6364   -1.9651    0.0653
  811 MKVLADV  -10.7911  -12.7562   -1.9651    0.0653
  812 MKVLADV  -10.7911  -12.7562   -1.9651    0.0653
  813 MLKVADV  -11.0035  -12.9686   -1.9651    0.0653
  814 MIKVADV  -11.4076  -11.5831   -0.1754    0.0653
  815 MIKVADV  -11.4076  -11.5831   -0.1754    0.0653
  816 MIKVADV  -11.4585  -11.6339   -0.1754    0.0653
  817 AIKVMDV   -9.6406   -9.8160   -0.1754    0.0653
  818 GVKVVDI  -10.6400  -10.7220   -0.0820    0.0653
  819 GVKVVDI  -10.6400  -10.7220   -0.0820    0.0653
  820 GVKVIDF  -11.3818  -11.1452    0.2366    0.0653
  821 GVKVVDI  -11.4270  -11.5090   -0.0820    0.0653
  822 GMKVFDV  -10.4781  -10.3304    0.1477    0.0653
  823 GMKVFDV  -10.4781  -10.3304    0.1477    0.0653
  824 GMKVFDV  -10.4781  -10.3304    0.1477    0.0653
  825 GMKVVEV  -10.3130  -12.0810   -1.7680    0.0653
  826 GVKVVEV   -9.9774  -11.7508   -1.7734    0.0653
  827 GFKVVVD  -10.5626  -10.5317    0.0309    0.0653
  828 GFEVVVD   -7.8719   -8.6510   -0.7791    0.0653
  829 GIEVVVK   -8.6176   -9.1281   -0.5106    0.0653
  830 GKEVVVI  -10.8765  -11.6099   -0.7334    0.0653
  831 GKEVVVI  -10.8765  -11.6099   -0.7334    0.0653
  832 VKEVVGI  -10.7937  -11.3043   -0.5106    0.0653
  833 IKEVVGV  -10.5508  -11.0614   -0.5106    0.0653
  834 IKEVMGV   -9.9123  -10.4174   -0.5051    0.0653
  835 IKEVMAV   -9.9226  -10.6381   -0.7154    0.0653
  836 IKEVAMV   -7.8371   -8.5525   -0.7154    0.0653
  837 IKEVVMA   -8.3444   -9.0598   -0.7154    0.0653
  838 AKEMVVI   -8.2371   -8.9526   -0.7154    0.0653
  839 VKEMVAI   -8.0454   -8.7608   -0.7154    0.0653
  840 VKEMVAI   -8.0454   -8.7608   -0.7154    0.0653
  841 IKEMVAV   -8.6218   -9.3372   -0.7154    0.0653
  842 VKEMVAI   -8.5634   -9.2789   -0.7154    0.0653
  843 VKEMVAI   -8.5634   -9.2789   -0.7154    0.0653
  844 VKEMVAV   -7.5389   -9.6286   -2.0897    0.0653
  845 VKEMVAI   -8.5065   -9.2219   -0.7154    0.0653
  846 IKEMVAV   -8.6362   -9.3517   -0.7154    0.0653
  847 IMEMVAK   -6.4519   -7.0505   -0.5986    0.0653
  848 MVEMVAD   -6.3906   -8.8563   -2.4657    0.0653
  849 MMEVLAD   -6.9363   -9.8175   -2.8811    0.0653
  850 MEMVLAD   -5.4690   -8.3501   -2.8811    0.0653
  851 VEMVLAK   -4.0729   -6.4666   -2.3937    0.0653
  852 VKMVEAL   -6.8031   -9.0853   -2.2823    0.0653
  853 VKMVEAI   -8.5313   -9.0239   -0.4926    0.0653
  854 DIMVVAK   -8.3723   -8.7706   -0.3983    0.0653
  855 DIMVKAV   -6.0450   -6.3318   -0.2869    0.0653
  856 DKAMIVV   -7.3824   -7.8921   -0.5097    0.0653
  857 DEAMIVV   -5.6500   -6.9697   -1.3197    0.0653
  858 DIAMEVV   -5.7081   -6.8050   -1.0969    0.0653
  859 DVAMEVF   -6.9857   -7.8583   -0.8726    0.0653
  860 DDAMMVF   -3.0664   -3.8392   -0.7729    0.0653
  861 ADVDMVF   -4.4786   -4.9226   -0.4440    0.0653
  862 AEVDFVM   -5.3902   -6.1514   -0.7611    0.0653
  863 DKVAFVM   -5.6408   -5.9262   -0.2854    0.0653
  864 DEVAFVM   -5.3323   -6.4277   -1.0954    0.0653
  865 VEVMFAD   -5.2848   -6.1573   -0.8726    0.0653
  866 VMVDFAD   -6.3414   -6.8968   -0.5554    0.0653
  867 MVVDFAD   -8.6340   -9.1894   -0.5554    0.0653
  868 MVVKFAE   -7.2330   -7.6127   -0.3797    0.0653
  869 MKVAVEF   -9.6823   -9.9506   -0.2683    0.0653
  870 MKVAVDF   -9.6812   -9.6324    0.0489    0.0653
  871 MKVAVDV   -9.9551  -11.5048   -1.5497    0.0653
  872 MKVVDAM   -9.3738  -10.9181   -1.5443    0.0653
  873 LKVADVM   -7.3260   -9.2911   -1.9651    0.0653
  874 LKVADMV   -7.6701   -9.6352   -1.9651    0.0653
  875 LKVADVV   -8.2114  -10.1819   -1.9706    0.0653
  876 LKVADIG   -4.5903   -8.3638   -3.7734    0.0653
  877 LKIADIG   -5.6480   -8.0472   -2.3991    0.0653
  878 KIIADIG   -6.2051   -6.9259   -0.7209    0.0653
  879 KIIADIG   -6.2051   -6.9259   -0.7209    0.0653
  880 KLIADGI   -5.8026   -8.3132   -2.5106    0.0653
  881 KLIAMDI   -4.1170   -9.2050   -5.0880    0.0653
  882 KLIAMEI   -3.8229   -9.2281   -5.4051    0.0653
  883 KLIADGI   -6.3931   -8.9037   -2.5106    0.0653
  884 KILADIG   -5.7674   -8.2780   -2.5106    0.0653
  885 KILDAIG   -3.4928   -6.0034   -2.5106    0.0653
  886 DILDAGI   -3.2089   -6.1009   -2.8920    0.0653
  887 IILMDGE   -4.2461   -8.4767   -4.2306    0.0653
  888 IILAEGE   -5.9963   -9.7454   -3.7491    0.0653
  889 IIWADGE   -6.4215   -9.0183   -2.5969    0.0653
  890 GIWADGE   -3.1082   -8.2165   -5.1083    0.0653
  891 IIWADGE   -6.4293   -9.0261   -2.5969    0.0653
  892 IMWADGD   -7.6770   -9.2855   -1.6086    0.0653
  893 IMWADGK   -6.7489   -7.8646   -1.1157    0.0653
  894 LVWADGK   -5.9395   -8.8503   -2.9109    0.0653
  895 MVWADGK   -6.5955   -9.0855   -2.4900    0.0653
  896 MVWAEGE   -6.1668   -9.7839   -3.6171    0.0653
  897 EVWAMGE   -5.0533   -8.6704   -3.6171    0.0653
  898 KVWAMGE   -7.3421  -10.1492   -2.8071    0.0653
  899 KVWAFGE   -7.5794   -8.7934   -1.2140    0.0653
  900 KVWAFGE   -7.5794   -8.7934   -1.2140    0.0653
  901 KVWAFGE   -7.5794   -8.7934   -1.2140    0.0653
  902 KIWAFGE   -7.5650   -9.3647   -1.7997    0.0653
  903 KIFAFGE   -7.7203   -8.4212   -0.7009    0.0653
  904 KIFAFGE   -7.7203   -8.4212   -0.7009    0.0653
  905 EFIAFGK   -5.0160   -5.7168   -0.7009    0.0653
  906 EFIAFGK   -4.9141   -5.6149   -0.7009    0.0815
  907 EFIAFGK   -4.9141   -5.6149   -0.7009    0.0815
  908 EFIAFGD   -3.4700   -4.6637   -1.1937    0.0815
  909 EIKAIGF   -7.6199   -8.3222   -0.7023    0.0815
  910 EIKAIGF   -7.6199   -8.3222   -0.7023    0.0815
  911 IIKADGW   -7.5419   -9.1059   -1.5640    0.0815
  912 VIKADGW   -8.3482   -9.2465   -0.8983    0.0815
  913 VKIADGW   -9.2139  -10.1122   -0.8983    0.0815
  914 VKAGDIW   -6.6375   -7.5358   -0.8983    0.0815
  915 VKIGDAF   -8.7532  -10.5127   -1.7594    0.0815
  916 IKVGDAF   -8.6500  -10.4094   -1.7594    0.0815
  917 IKFGDAV   -9.3039  -11.0634   -1.7594    0.0815
  918 IEFGKAI   -8.2826   -8.9849   -0.7023    0.0815
  919 IEFGKAI   -8.2826   -8.9849   -0.7023    0.0815
  920 IEFGKAI   -8.2826   -8.9849   -0.7023    0.0815
  921 IEFGKAI   -8.2826   -8.9849   -0.7023    0.0815
  922 IEFGKAI   -8.2826   -8.9849   -0.7023    0.0815
  923 IEFGKAI   -8.3964   -9.0986   -0.7023    0.0815
  924 IEFGKAI   -8.3964   -9.0986   -0.7023    0.0815
  925 IEFGKAI   -8.3964   -9.0986   -0.7023    0.0815
  926 LELGKAI   -4.2276   -8.7336   -4.5060    0.0815
  927 LELGKAW   -4.6701   -9.0107   -4.3406    0.0815
  928 LEYGKAW   -2.7676   -6.5936   -3.8260    0.0815
  929 LEIGKAW   -4.0824   -7.1933   -3.1109    0.0815
  930 LEIGKAV   -3.6946   -7.7851   -4.0906    0.0815
  931 LEVGKMI   -7.2402   -8.9294   -1.6891    0.0815
  932 LEIGKMV   -6.4604   -8.1495   -1.6891    0.0815
  933 MKIGELV   -6.3971   -8.0863   -1.6891    0.0815
  934 MKMGELV   -6.5773   -8.7553   -2.1780    0.0815
  935 MKMGEVV   -6.6140   -8.3765   -1.7626    0.0815
  936 MKMGEVV   -6.6140   -8.3765   -1.7626    0.0815
  937 MKGMEVF   -6.7322   -6.8962   -0.1640    0.0815
  938 MKGMEVF   -6.7322   -6.8962   -0.1640    0.0815
  939 FKGMEVM   -6.9757   -7.1397   -0.1640    0.0815
  940 FKGMEVM   -6.9757   -7.1397   -0.1640    0.0815
  941 MKGMEVF   -8.6517   -8.8157   -0.1640    0.0815
  942 MKGMEVF   -8.6517   -8.8157   -0.1640    0.0815
  943 MKGMEVF   -8.6517   -8.8157   -0.1640    0.0815
  944 MKGMEVF   -8.6517   -8.8157   -0.1640    0.0815
  945 MKGMEVF   -8.6517   -8.8157   -0.1640    0.0815
  946 MKGMEVF   -8.6517   -8.8157   -0.1640    0.0815
  947 MKGMEVF   -8.6517   -8.8157   -0.1640    0.0815
  948 MKMGEVF   -9.7154   -9.8794   -0.1640    0.0815
  949 MKIGEVM  -10.1829  -10.5712   -0.3883    0.0815
  950 MEKGIVM   -8.2414   -8.8526   -0.6111    0.0815
  951 MDKGIVM   -8.2033   -8.4973   -0.2940    0.0815
  952 MEKGIVM   -8.5162   -9.1273   -0.6111    0.0815
  953 MEKGIVM   -8.5162   -9.1273   -0.6111    0.0815
  954 MEIGKMM   -8.2141   -8.5970   -0.3829    0.0815
  955 MEIGMKM   -8.5619   -8.8333   -0.2714    0.0815
  956 MEIGMKM   -8.5619   -8.8333   -0.2714    0.0815
  957 MEIGKMM   -9.0987   -9.4816   -0.3829    0.0815
  958 MMIGKEM   -7.8577   -8.4635   -0.6057    0.0815
  959 MEIGKMM  -10.0543  -10.4372   -0.3829    0.0815
  960 MEGIKMM   -6.2424   -6.6253   -0.3829    0.0815
  961 MEGIKMM   -6.2424   -6.6253   -0.3829    0.0815
  962 MEGIKMM   -6.2424   -6.6253   -0.3829    0.0815
  963 MEGIKMM   -6.2424   -6.6253   -0.3829    0.0815
  964 MEGIKMM   -6.2424   -6.6253   -0.3829    0.0815
  965 MEGIKMM   -6.3703   -6.7531   -0.3829    0.0815
  966 MEGMKMM   -5.2972   -7.0489   -1.7517    0.0815
  967 MEGVKMM   -6.2918   -8.0490   -1.7571    0.0815
  968 MEGIMKM   -5.7590   -6.1419   -0.3829    0.0815
  969 MDGIMKM   -5.7829   -5.8486   -0.0657    0.0815
  970 MDGLMEM   -3.4290   -6.0944   -2.6654    0.0815
  971 MDGLLEM   -2.7722   -6.2585   -3.4863    0.0815
  972 MDGLKLM   -3.7181   -6.3944   -2.6763    0.0815
  973 MDMADLG    2.2466   -3.3831   -5.6297    0.0815
  974 MDDAMLL   -0.1119   -5.2827   -5.1709    0.0815
  975 FDRGMGL    0.7473   -6.1729   -6.9203    0.0815
  976 MDLGRGF   -1.5048   -8.3136   -6.8089    0.0815
  977 IDLGKGF   -4.9768   -7.0528   -2.0760    0.0815
  978 IELGKGF   -5.9601   -8.3533   -2.3931    0.0815
  979 AELGKIM   -3.1200   -7.2052   -4.0851    0.0815
  980 AELGKIM   -3.1200   -7.2052   -4.0851    0.0815
  981 AEVGKLY   -2.2442   -8.5299   -6.2857    0.0815
  982 AELGKVW   -5.1062   -8.1113   -3.0051    0.0815
  983 AEIGKVF   -4.9042   -6.9808   -2.0766    0.0815
  984 KIEGAIF   -3.4653   -4.2790   -0.8137    0.0815
  985 IKEGAIF   -3.0079   -3.9331   -0.9251    0.0815
  986 IEKGAIF   -2.5995   -3.5246   -0.9251    0.0815
  987 KIIGAEW   -5.4706   -7.3518   -1.8811    0.0815
  988 KIWGAGE   -1.3658   -5.8698   -4.5040    0.0815
  989 AIWGGKE   -1.1635   -6.0018   -4.8383    0.0815
  990 LEWGGKI   -1.1366   -2.7800   -1.6434    0.0815
  991 IEWGGEI    0.1132   -0.9106   -1.0237    0.0815
  992 EIWGGEF   -4.3928   -5.2236   -0.8309    0.0815
  993 EIWGGEF   -4.3928   -5.2236   -0.8309    0.0815
  994 EIWGGEF   -4.3928   -5.2236   -0.8309    0.0815
  995 EKWGGIF   -3.9364   -4.0687   -0.1323    0.0815
  996 KEWGGIF   -4.6733   -4.8056   -0.1323    0.0815
  997 KEWGGIF   -4.6733   -4.8056   -0.1323    0.0815
  998 KEWGGII   -5.0666   -5.5032   -0.4366    0.0815
  999 KEWGGII   -5.6487   -6.0853   -0.4366    0.0815
 1000 KEWGGII   -5.6487   -6.0853   -0.4366    0.0815
 1001 KWDGGII   -4.3499   -4.3579   -0.0080    0.0815
 1002 KVIGGDI   -6.5151   -8.6229   -2.1077    0.0815
 1003 KVIGGDI   -6.5151   -8.6229   -2.1077    0.0815
 1004 KMIGGDI   -6.7026   -8.8049   -2.1023    0.0815
 1005 KMIGFDI   -4.1237   -5.7874   -1.6637    0.0815
 1006 MFIGDDV   -5.8083   -6.3620   -0.5537    0.0815
 1007 MFVGKDI   -8.0506   -8.1114   -0.0609    0.0815
 1008 MVVGKDI   -8.2410   -8.5404   -0.2994    0.0815
 1009 MVVGKDW   -7.7185   -7.6125    0.1060    0.0815
 1010 MDGVKVI   -8.1086   -8.1852   -0.0766    0.0815
 1011 MDGVKVI   -8.1086   -8.1852   -0.0766    0.0815
 1012 MDVVKGW   -7.3946   -7.0657    0.3289    0.0815
 1013 WVKVDGM   -5.6832   -5.3544    0.3289    0.0815
 1014 VVMVDGK   -6.3280   -8.0017   -1.6737    0.0815
 1015 IIKVEGM   -8.6632   -9.1226   -0.4594    0.0815
 1016 MIIVDGK   -9.0841   -9.4493   -0.3651    0.0815
 1017 MIIVEGK   -9.7218  -10.4041   -0.6823    0.0815
 1018 MIVIEGD   -9.5057  -10.6809   -1.1751    0.0815
 1019 MIVIEGE   -9.6036  -11.0959   -1.4923    0.0815
 1020 IVMIEGE   -7.8555   -9.3478   -1.4923    0.0815
 1021 IIMVEEG   -7.0105   -8.6142   -1.6037    0.0815
 1022 IEMVGKI   -6.1720   -6.6314   -0.4594    0.0815
 1023 IEMVGKI   -6.1720   -6.6314   -0.4594    0.0815
 1024 IEMVGDI   -7.7266   -8.6788   -0.9523    0.0815
 1025 IKMVGDI  -10.1316  -10.2738   -0.1423    0.0815
 1026 VKMVGDF  -10.2297  -10.0820    0.1477    0.0815
 1027 VKMVGDF  -10.2297  -10.0820    0.1477    0.0815
 1028 VKMVGDF  -10.2297  -10.0820    0.1477    0.0815
 1029 VKMVGDF  -10.2297  -10.0820    0.1477    0.0815
 1030 VKMVGDF  -10.2036  -10.0559    0.1477    0.0815
 1031 VEMVGDF   -7.3095   -7.9717   -0.6623    0.0815
 1032 EIMVGDF   -7.6770   -8.4364   -0.7594    0.0815
 1033 EIMVGKF   -9.4043   -9.6709   -0.2666    0.0815
 1034 EIMVGKV   -9.6866  -10.1917   -0.5051    0.0815
 1035 EIMVGKM   -9.3715   -9.8712   -0.4997    0.0815
 1036 EIMVGKM   -9.3715   -9.8712   -0.4997    0.0815
 1037 EIMVGKL   -7.9903   -9.7908   -1.8006    0.0815
 1038 EVMVGKL   -6.9716   -9.2664   -2.2949    0.0815
 1039 ELMVGKV   -7.1595   -9.4544   -2.2949    0.0815
 1040 EVMVGKL   -7.0764   -9.3712   -2.2949    0.0815
 1041 EMMVGKL   -6.8888   -9.1782   -2.2894    0.0815
 1042 MMEVGKL   -5.3184   -7.4964   -2.1780    0.0815
 1043 MMEVGKM   -4.7665   -6.5237   -1.7571    0.0815
 1044 MMELGKM   -3.1158   -5.2884   -2.1726    0.0815
 1045 MVEVGKM   -5.6511   -7.4136   -1.7626    0.0815
 1046 MYEVGKL   -1.2328   -4.2370   -3.0043    0.0815
 1047 MYEVGKL   -1.2328   -4.2370   -3.0043    0.0815
 1048 MYEVGDL   -0.3208   -3.8180   -3.4971    0.0815
 1049 MVLVGDE   -8.4868  -11.4973   -3.0106    0.0815
 1050 MVLVGDE   -8.4868  -11.4973   -3.0106    0.0815
 1051 MILVGDK   -9.9694  -11.6757   -1.7063    0.0815
 1052 MMLVGDK   -8.4557  -10.6509   -2.1951    0.0815
 1053 MMLVGEK   -8.7635  -11.2758   -2.5123    0.0815
 1054 MILVGEK  -10.2431  -12.2665   -2.0234    0.0815
 1055 MLIVGED  -10.5838  -13.1000   -2.5163    0.0815
 1056 MLIVGED  -10.5838  -13.1000   -2.5163    0.0815
 1057 MLIVGDD   -9.6673  -11.8665   -2.1991    0.0815
 1058 MLIVGDD   -9.6673  -11.8665   -2.1991    0.0815
 1059 MLIVGDD   -9.6673  -11.8665   -2.1991    0.0815
 1060 MILVGDD  -10.2089  -12.4080   -2.1991    0.0815
 1061 DIVVGMD   -8.8323   -9.5131   -0.6809    0.0815
 1062 KIVVGMD  -11.0580  -11.2460   -0.1880    0.0815
 1063 KIVVGMD  -11.0580  -11.2460   -0.1880    0.0815
 1064 KIVVGVD  -10.8325  -11.0259   -0.1934    0.0815
 1065 KIVVGVD  -10.8325  -11.0259   -0.1934    0.0815
 1066 EVIVGVD   -6.7888   -7.7922   -1.0034    0.0815
 1067 EIMVGLK   -8.1062   -9.9068   -1.8006    0.0815
 1068 EIMVGLK   -8.1062   -9.9068   -1.8006    0.0815
 1069 EIMVGIK   -8.2027   -8.7736   -0.5709    0.0815
 1070 EIMVGMK   -8.1472   -8.6469   -0.4997    0.0815
 1071 MIEVGKW   -6.6637   -8.4777   -1.8140    0.0815
 1072 MIEVGKW   -6.6637   -8.4777   -1.8140    0.0815
 1073 EIMVGKF   -8.0085   -8.2750   -0.2666    0.0815
 1074 EIMVGKF   -8.0085   -8.2750   -0.2666    0.0815
 1075 MIEVGKF   -8.1608   -8.3159   -0.1551    0.0815
 1076 MIEVGKF   -8.1608   -8.3159   -0.1551    0.0815
 1077 MIEVGKI   -8.0035   -8.4629   -0.4594    0.0815
 1078 MIRVGDI   -6.7827  -10.2890   -3.5063    0.0815
 1079 MIEIGDV   -7.6548   -8.6070   -0.9523    0.0815
 1080 MIEIGDY   -6.7226   -7.0957   -0.3731    0.0815
 1081 MIEIGDY   -6.7226   -7.0957   -0.3731    0.0815
 1082 MIEIGDY   -6.7226   -7.0957   -0.3731    0.0815
 1083 MIEIGDM   -7.3669   -8.3938   -1.0269    0.0815
 1084 FIMIGDK   -3.7943   -5.7923   -1.9980    0.0815
 1085 FIIKGDM   -4.9231   -6.6982   -1.7751    0.0815
 1086 VMIKGDF   -6.9283   -6.8777    0.0506    0.0815
 1087 VIMKGDY   -6.2075   -7.2163   -1.0089    0.0815
 1088 KMIVGDY   -8.9582   -9.9670   -1.0089    0.0815
 1089 KIIVGEY  -11.4266  -11.3837    0.0429    0.0815
 1090 KIIVGEY  -11.4266  -11.3837    0.0429    0.0815
 1091 KIIVGEY  -11.4266  -11.3837    0.0429    0.0815
 1092 KIIVGEV  -11.3382  -11.8344   -0.4963    0.0815
 1093 VKIIGEV   -9.3163   -9.7011   -0.3849    0.0815
 1094 IKVIGVD   -9.1206   -9.1883   -0.0677    0.0815
 1095 IKVIGVD   -9.1206   -9.1883   -0.0677    0.0815
 1096 MKVIGVD  -11.6984  -11.7750   -0.0766    0.0815
 1097 MKVWGVD   -8.8242   -8.4953    0.3289    0.0815
 1098 MKVWGEV   -8.1737   -8.1620    0.0117    0.0815
 1099 MVKWGEV   -7.0094   -6.9977    0.0117    0.0815
 1100 MVKWGEL   -2.4790   -5.5227   -3.0437    0.0815
 1101 MVKFGEL   -1.8143   -3.1992   -1.3849    0.0815
 1102 MKIYGEF   -3.9839   -3.5999    0.3840    0.0815
 1103 MKIYGEF   -3.9839   -3.5999    0.3840    0.0815
 1104 MKIYGEF   -3.9839   -3.5999    0.3840    0.0815
 1105 MKIYGEV   -5.7848   -6.9994   -1.2146    0.0815
 1106 MKIIGEV  -10.9192  -11.3786   -0.4594    0.0815
 1107 MKIIGEV  -10.9192  -11.3786   -0.4594    0.0815
 1108 MKIIGEV  -10.9329  -11.3924   -0.4594    0.1292
 1109 MKIIGDV   -9.7523   -9.8946   -0.1423    0.1292
 1110 MVIIGEK   -7.3773   -8.1710   -0.7937    0.1292
 1111 MVIVGEK   -8.0730   -8.8010   -0.7280    0.1292
 1112 MVIVGEK   -8.0730   -8.8010   -0.7280    0.1292
 1113 MVIVGED  -10.4430  -11.6638   -1.2209    0.1292
 1114 MIVVGDD  -12.0493  -12.9530   -0.9037    0.1292
 1115 MIVVGED  -12.3033  -13.5242   -1.2209    0.1292
 1116 MIVVGKD  -11.0578  -11.4686   -0.4109    0.1292
 1117 MIVVGKD  -11.0578  -11.4686   -0.4109    0.1292
 1118 MKIVGID  -10.7864  -10.9287   -0.1423    0.1292
 1119 MKIVGID  -10.7864  -10.9287   -0.1423    0.1292
 1120 MIKVGID   -9.4290   -9.5713   -0.1423    0.1292
 1121 KIMVGID  -10.9414  -11.1951   -0.2537    0.1292
 1122 KIMVGID  -10.9414  -11.1951   -0.2537    0.1292
 1123 KIVVGDI   -8.7825   -8.9617   -0.1791    0.1292
 1124 KIVVGDI   -8.7825   -8.9617   -0.1791    0.1292
 1125 KIVVGDV  -11.1956  -11.3890   -0.1934    0.1292
 1126 KVIVGDV  -10.7226  -10.9160   -0.1934    0.1292
 1127 KVIIGDV   -9.7945   -9.9736   -0.1791    0.1292
 1128 KVIIGDY   -8.5340   -8.1740    0.3600    0.1292
 1129 KVIIGDY   -8.5340   -8.1740    0.3600    0.1292
 1130 KVIIGEY   -6.9571   -6.9142    0.0429    0.1292
 1131 KVIIGEY   -6.9571   -6.9142    0.0429    0.1292
 1132 KVIIGDY   -8.2208   -7.8608    0.3600    0.1292
 1133 KYIIGDV   -7.5256   -7.1656    0.3600    0.1292
 1134 KLIIGDG   -7.7012  -10.2243   -2.5231    0.1292
 1135 KLIIGEG   -6.3868   -9.2271   -2.8403    0.1292
 1136 KLIIGEG   -6.3868   -9.2271   -2.8403    0.1292
 1137 KLIIGDG   -7.6954  -10.2185   -2.5231    0.1292
 1138 KLIIGDG   -7.6954  -10.2185   -2.5231    0.1292
 1139 KLIIGDA   -7.6033  -10.1139   -2.5106    0.1292
 1140 AVIIGKD   -4.3813   -6.6993   -2.3180    0.1292
 1141 AVIIGDE   -7.0867  -10.2147   -3.1280    0.1292
 1142 AIVIGDK   -8.8972  -11.2152   -2.3180    0.1292
 1143 AIVIGEK   -8.5843  -11.2195   -2.6351    0.1292
 1144 AIVIGEK   -8.3896  -11.0247   -2.6351    0.1292
 1145 AVIIGEE   -7.8092  -11.2544   -3.4451    0.1292
 1146 AIVIGEE   -8.6066  -12.0517   -3.4451    0.1292
 1147 AIVIGEE   -8.6066  -12.0517   -3.4451    0.1292
 1148 AIEIGDV   -5.9393   -8.7330   -2.7937    0.1292
 1149 AIIKGDV   -8.6261  -10.7213   -2.0951    0.1292
 1150 AIIKGDV   -8.6261  -10.7213   -2.0951    0.1292
 1151 AIIKGDM   -8.6173  -10.7070   -2.0897    0.1292
 1152 AWIKGDM   -7.3633   -8.3676   -1.0043    0.1292
 1153 AIFKGDV   -5.6911   -7.5620   -1.8709    0.1292
 1154 AIIKGDF   -9.1371   -9.6337   -0.4966    0.1292
 1155 AIVKGDF   -7.1092   -8.9801   -1.8709    0.1292
 1156 AMVKGDF   -6.0258   -9.2655   -3.2397    0.1292
 1157 AFVKGDM   -6.5577   -9.7974   -3.2397    0.1292
 1158 GFLKGDM   -3.7424   -7.2987   -3.5563    0.1292
 1159 GFMKGDL   -3.7659   -7.3222   -3.5563    0.1292
 1160 DLIKGGF   -5.2957   -7.5945   -2.2989    0.1292
 1161 DLIKGGF   -5.2957   -7.5945   -2.2989    0.1292
 1162 DLIKGGF   -5.2957   -7.5945   -2.2989    0.1292
 1163 ILKDGGF   -5.3095   -7.7198   -2.4103    0.1292
 1164 IWKDGGF   -6.0697   -5.8848    0.1849    0.1292
 1165 IWKDGGF   -6.0697   -5.8848    0.1849    0.1292
 1166 IWKDGGM   -5.4774   -6.6057   -1.1283    0.1292
 1167 MWKEGGW   -6.6237   -6.9837   -0.3600    0.1292
 1168 MWKEGGW   -6.6237   -6.9837   -0.3600    0.1292
 1169 MFKEGGV   -5.8463   -9.5271   -3.6809    0.1292
 1170 MFKEGGV   -5.8463   -9.5271   -3.6809    0.1292
 1171 MFKEGGV   -5.8463   -9.5271   -3.6809    0.1292
 1172 MFKEGGV   -5.8463   -9.5271   -3.6809    0.1292
 1173 MFKEGGV   -5.8463   -9.5271   -3.6809    0.1292
 1174 MFKEGGV   -5.8463   -9.5271   -3.6809    0.1292
 1175 MFKIGGE   -9.1695  -11.3646   -2.1951    0.1292
 1176 MFKIGGE   -9.1695  -11.3646   -2.1951    0.1292
 1177 IFKIGGE  -10.0383  -10.8646   -0.8263    0.1292
 1178 EMKIGGI   -7.0830   -9.3910   -2.3080    0.1292
 1179 EIKMGGI   -6.3328   -8.6408   -2.3080    0.1292
 1180 EIKMGGI   -6.3328   -8.6408   -2.3080    0.1292
 1181 EWEFGGI   -2.3571   -3.0765   -0.7194    0.1292
 1182 EDWFGGI   -2.7298   -3.3550   -0.6251    0.1292
 1183 KDWFGGI   -2.7362   -2.5513    0.1849    0.1292
 1184 DKWFGGI   -1.0691   -0.8843    0.1849    0.1292
 1185 DKLYGGI    2.8226   -2.0071   -4.8297    0.1292
 1186 DYKLGGI    1.9984   -2.6084   -4.6069    0.1292
 1187 DILKGGI   -5.2857   -7.8089   -2.5231    0.1292
 1188 DILKGGI   -5.2857   -7.8089   -2.5231    0.1292
 1189 LDIKGGI   -6.1398   -8.5515   -2.4117    0.1292
 1190 FEIKGGI   -6.8517   -7.5665   -0.7149    0.1292
 1191 EFIKGGI   -9.8268  -10.6531   -0.8263    0.1292
 1192 EIIKGGI  -10.4297  -11.4803   -1.0506    0.1292
 1193 EIIKGGI  -10.4297  -11.4803   -1.0506    0.1292
 1194 KIIIGGE  -10.9852  -12.1472   -1.1620    0.1292
 1195 KIIIGGE  -10.9852  -12.1472   -1.1620    0.1292
 1196 KIIIGGE  -10.9852  -12.1472   -1.1620    0.1292
 1197 KIIIGGE  -10.9852  -12.1472   -1.1620    0.1292
 1198 KIIIGGE  -10.9852  -12.1472   -1.1620    0.1292
 1199 KIIIGGE  -10.9852  -12.1472   -1.1620    0.1292
 1200 KIIIGGE  -12.9184  -14.0804   -1.1620    0.1292
 1201 KIIIGGD  -13.2026  -14.0474   -0.8449    0.1292
 1202 KIIIGGE  -11.9007  -13.0627   -1.1620    0.1292
 1203 KIMIGGE   -9.2319  -11.7628   -2.5309    0.1292
 1204 KIMIGGD  -10.2534  -12.4671   -2.2137    0.1292
 1205 KIMIGGD  -10.2534  -12.4671   -2.2137    0.1292
 1206 KILIGGD  -10.2726  -12.9071   -2.6346    0.1292
 1207 KWLIGGD   -9.5336  -11.0828   -1.5491    0.1292
 1208 KWILGGD   -9.9784  -11.5276   -1.5491    0.1292
 1209 KWIVGGD   -9.5781  -10.7118   -1.1337    0.1292
 1210 KWIVGGD   -9.5781  -10.7118   -1.1337    0.1292
 1211 KWFVGGD   -9.6518  -10.5613   -0.9094    0.1292
 1212 KVFVGGD   -9.0371  -12.4062   -3.3691    0.1292
 1213 KVFVGGD   -9.0371  -12.4062   -3.3691    0.1292
 1214 KWFVGGD  -11.6909  -12.6003   -0.9094    0.1292
 1215 KFFVGGD   -8.9843  -10.7548   -1.7706    0.1292
 1216 KFFVGGD   -8.9843  -10.7548   -1.7706    0.1292
 1217 KFLVGGD   -7.0663  -10.8509   -3.7846    0.1292
 1218 KFLVGGD   -7.0663  -10.8509   -3.7846    0.1292
 1219 KFVVGGD   -7.3020  -10.6711   -3.3691    0.1292
 1220 KVVVGGD   -7.2805  -12.2482   -4.9677    0.1292
 1221 VVKVGFE   -6.6707   -6.8455   -0.1749    0.1292
 1222 GVKVGFE   -4.0551   -7.4071   -3.3520    0.1292
 1223 KVMVGFE   -9.4255   -9.7063   -0.2809    0.1292
 1224 KMVVGFE   -9.6665   -9.9473   -0.2809    0.1292
 1225 KVMVGFE   -8.4349   -8.7157   -0.2809    0.1292
 1226 KVFVGME   -9.0231   -9.3039   -0.2809    0.1292
 1227 KVFVGVE  -10.8765  -11.1627   -0.2863    0.1292
 1228 KVFMGVD  -10.4320  -10.3957    0.0363    0.1292
 1229 KVFVGMD   -9.7026   -9.6663    0.0363    0.1292
 1230 KVFVGID   -9.6828   -9.5577    0.1251    0.1292
 1231 KVFVGID   -9.6828   -9.5577    0.1251    0.1292
 1232 KVVVGID   -9.4784   -9.6718   -0.1934    0.1292
 1233 KVVVGMD   -8.0125   -9.5748   -1.5623    0.1292
 1234 KIVVGMD  -10.3105  -10.4985   -0.1880    0.1292
 1235 KIVVGMD  -10.3105  -10.4985   -0.1880    0.1292
 1236 KIVVGME  -10.4317  -10.9368   -0.5051    0.1292
 1237 KIVVGIE  -10.6721  -11.1684   -0.4963    0.1292
 1238 KIVMGID  -11.3878  -11.6415   -0.2537    0.1292
 1239 KIVMGIE  -11.5338  -12.1047   -0.5709    0.1292
 1240 KIVMGEI  -10.6317  -11.2026   -0.5709    0.1292
 1241 KIVMGEI  -10.6317  -11.2026   -0.5709    0.1292
 1242 EIVMGKV   -8.7384   -9.2436   -0.5051    0.1292
 1243 EIVVGKV   -8.5156   -9.0262   -0.5106    0.1292
 1244 EIVVGKV   -8.5156   -9.0262   -0.5106    0.1292
 1245 EWVVGKV   -7.2667   -7.2919   -0.0251    0.1292
 1246 EWVVGKV   -7.2667   -7.2919   -0.0251    0.1292
 1247 LEKVGVV   -5.8933   -8.1935   -2.3003    0.1292
 1248 FEKVGGV   -3.7856   -7.3605   -3.5749    0.1292
 1249 MVKVGGE   -5.4623  -10.6303   -5.1680    0.1292
 1250 MVDIGGE   -4.2344   -8.5210   -4.2866    0.1292
 1251 MVEWGGE   -6.5651  -10.0834   -3.5183    0.1292
 1252 MVEWGGE   -6.5651  -10.0834   -3.5183    0.1292
 1253 MFEWGGD   -5.5004   -7.1030   -1.6026    0.1292
 1254 MFEWGGD   -5.5004   -7.1030   -1.6026    0.1292
 1255 MFEWGGD   -5.5004   -7.1030   -1.6026    0.1292
 1256 MWEFGGD   -5.3117   -6.9143   -1.6026    0.1292
 1257 MWEFGGE   -5.5840   -7.5037   -1.9197    0.1292
 1258 MWDLGGE   -5.2693   -8.8859   -3.6166    0.1292
 1259 MWDLGGE   -5.2693   -8.8859   -3.6166    0.1292
 1260 MIDLGGE   -5.2136   -9.9156   -4.7020    0.1292
 1261 MIDLGGE   -5.2136   -9.9156   -4.7020    0.1292
 1262 MVELGGD   -3.1334   -9.2097   -6.0763    0.1292
 1263 MIDLGGE   -5.2801   -9.9821   -4.7020    0.1292
 1264 IWDLGGE   -5.8082   -8.0559   -2.2477    0.1292
 1265 IWDLGAE   -4.6956   -8.2993   -3.6037    0.1292
 1266 IWDFGAE   -3.6462   -5.7159   -2.0697    0.1292
 1267 KWAFGDI   -3.8417   -5.2129   -1.3711    0.1292
 1268 KWAFGDI   -3.8417   -5.2129   -1.3711    0.1292
 1269 KWAIGDI   -4.2482   -5.9236   -1.6754    0.1292
 1270 KWAIGEM   -5.3410   -6.6624   -1.3214    0.1292
 1271 KWAMGIE   -4.5588   -5.8802   -1.3214    0.1292
 1272 KWGMGIE   -3.8842   -4.9954   -1.1111    0.1292
 1273 KWGMGIE   -3.8842   -4.9954   -1.1111    0.1292
 1274 KIGMGEW   -6.1705   -7.2816   -1.1111    0.1292
 1275 KIGMGEW   -6.1705   -7.2816   -1.1111    0.1292
 1276 IEGIGDW   -4.5860   -5.1811   -0.5951    0.1292
 1277 IEGIGDW   -4.5860   -5.1811   -0.5951    0.1292
 1278 LEGIGDW   -4.7420   -6.7669   -2.0249    0.1292
 1279 IWGLGEE   -5.2580   -7.8229   -2.5649    0.1292
 1280 IWGLGDE   -5.9368   -8.1845   -2.2477    0.1292
 1281 LWGLGDE   -5.4121   -9.4495   -4.0374    0.1292
 1282 LWGLGED   -5.0635   -9.1010   -4.0374    0.1292
 1283 LWGLGED   -5.0635   -9.1010   -4.0374    0.1292
 1284 LWGLGED   -5.0635   -9.1010   -4.0374    0.1292
 1285 LWGLGDE   -5.5276   -9.5651   -4.0374    0.1292
 1286 LWGLGDE   -5.5276   -9.5651   -4.0374    0.1292
 1287 VWGLGDE   -5.6016   -9.2236   -3.6220    0.1292
 1288 IWGVGDD   -7.2858   -8.8009   -1.5151    0.1292
 1289 ILGIGDD   -5.1597   -8.1757   -3.0160    0.1292
 1290 IIGLGDD   -5.1293   -8.1453   -3.0160    0.1292
 1291 IIIGGDD   -6.5030   -7.9522   -1.4491    0.1292
 1292 IWMGGKD   -5.0000   -6.2397   -1.2397    0.1292
 1293 IWMGGED   -5.6624   -7.7121   -2.0497    0.1292
 1294 MWMGGDE   -5.5076   -8.9262   -3.4186    0.1292
 1295 MWWGGDE   -6.1611   -7.1254   -0.9643    0.1292
 1296 MWMGGDE   -5.0674   -8.4860   -3.4186    0.1292
 1297 MWFGGDE   -6.7304   -8.5558   -1.8254    0.1292
 1298 MWWGGDE   -6.1455   -7.1098   -0.9643    0.1292
 1299 MWWGGDE   -6.1455   -7.1098   -0.9643    0.1292
 1300 MWWGGED   -6.7484   -7.7127   -0.9643    0.1292
 1301 MWWGGED   -6.7484   -7.7127   -0.9643    0.1292
 1302 MWWGGED   -6.7484   -7.7127   -0.9643    0.1292
 1303 MWIGGEE   -6.3871   -8.7540   -2.3669    0.1292
 1304 MIVGGEE   -6.3696  -11.1962   -4.8266    0.1292
 1305 MWVGGDE   -6.0547   -9.4787   -3.4240    0.1292
 1306 MWMGGDE   -5.7216   -9.1402   -3.4186    0.1292
 1307 MIMGGDE   -6.0967  -10.6007   -4.5040    0.1292
 1308 MIMGGDE   -6.0967  -10.6007   -4.5040    0.1292
 1309 MIMGGDE   -6.2180  -10.7220   -4.5040    0.1445
 1310 MIWGGEE   -9.9207  -12.2875   -2.3669    0.1445
 1311 MMWGGEE   -7.2893  -11.0250   -3.7357    0.1445
 1312 MWWGGEE   -9.4388  -10.7202   -1.2814    0.1445
 1313 MWWGGEE   -9.4388  -10.7202   -1.2814    0.1445
 1314 MWWGGEE   -9.4388  -10.7202   -1.2814    0.1445
 1315 MWWGGDD   -9.4216  -10.0687   -0.6471    0.1445
 1316 MWWGGED   -9.3263  -10.2906   -0.9643    0.1445
 1317 MWWGGED   -9.3263  -10.2906   -0.9643    0.1445
 1318 MWWGGED   -9.3263  -10.2906   -0.9643    0.1445
 1319 MWWGGED   -9.3263  -10.2906   -0.9643    0.1445
 1320 MWWGGEE   -9.5418  -10.8233   -1.2814    0.1445
 1321 MEWGGEW   -8.1459   -9.0931   -0.9471    0.1445
 1322 MKWGGEW   -7.1080   -7.2451   -0.1371    0.1445
 1323 MKWGGEW   -7.1080   -7.2451   -0.1371    0.1445
 1324 MKWGGEW   -7.1080   -7.2451   -0.1371    0.1445
 1325 MGWGKEW   -6.9867   -7.1238   -0.1371    0.1445
 1326 MGWGKEW   -6.9867   -7.1238   -0.1371    0.1445
 1327 MGWGKEW   -6.9867   -7.1238   -0.1371    0.1445
 1328 MGWGKEW   -6.9867   -7.1238   -0.1371    0.1445
 1329 GGWGWDK   -2.5432   -5.7687   -3.2254    0.1445
 1330 GWWGGDD   -4.2832   -8.1129   -3.8297    0.1445
 1331 GWWGGDD   -4.2832   -8.1129   -3.8297    0.1445
 1332 GWWGGDD   -4.2832   -8.1129   -3.8297    0.1445
 1333 GWWGGDD   -4.2832   -8.1129   -3.8297    0.1445
 1334 GWWGGDD   -4.2832   -8.1129   -3.8297    0.1445
 1335 GWWGGDK   -3.8574   -7.1942   -3.3369    0.1445
 1336 GWWGGDK   -3.8574   -7.1942   -3.3369    0.1445
 1337 GWKGGDW   -3.3301   -6.4441   -3.1140    0.1445
 1338 GWKGGDV   -2.4128   -7.9866   -5.5737    0.1445
 1339 GWKGGDW   -3.4427   -6.5567   -3.1140    0.1445
 1340 GVKGGEW   -1.8054   -7.6963   -5.8909    0.1445
 1341 GVKGGEW   -1.8054   -7.6963   -5.8909    0.1445
 1342 GLKGGEW   -1.9378   -8.2441   -6.3063    0.1445
 1343 GWKGGEL   -2.5625   -8.8688   -6.3063    0.1445
 1344 GWKGGEL   -2.5625   -8.8688   -6.3063    0.1445
 1345 GWKGGEL   -2.5625   -8.8688   -6.3063    0.1445
 1346 GLKGGEW   -2.0159   -8.3222   -6.3063    0.1445
 1347 GLKGGEW   -2.0159   -8.3222   -6.3063    0.1445
 1348 GLKGGEW   -2.0159   -8.3222   -6.3063    0.1445
 1349 GLKGGEW   -2.0159   -8.3222   -6.3063    0.1445
 1350 GMKGGEW   -2.4226   -8.3081   -5.8854    0.1445
 1351 GLKGGEW   -2.4398   -8.7460   -6.3063    0.1445
 1352 GLKGGEW   -2.4398   -8.7460   -6.3063    0.1445
 1353 GIKGGEW   -4.3403   -8.8568   -4.5166    0.1445
 1354 GIWGGDE   -5.9205  -11.1528   -5.2323    0.1445
 1355 GIWGGKE   -5.7405  -10.4800   -4.7394    0.1445
 1356 GIWGGDE   -6.0113  -11.2436   -5.2323    0.1445
 1357 GIWGGDE   -6.0113  -11.2436   -5.2323    0.1445
 1358 GIWGGDE   -6.0113  -11.2436   -5.2323    0.1445
 1359 GKWGGDI   -2.9467   -7.1461   -4.1994    0.1445
 1360 GKWGGDI   -2.9467   -7.1461   -4.1994    0.1445
 1361 GKWGGDI   -2.9467   -7.1461   -4.1994    0.1445
 1362 GKWGGDI   -2.9467   -7.1461   -4.1994    0.1445
 1363 GWKGGID   -3.3666   -7.5660   -4.1994    0.1445
 1364 KWGGGID   -1.8841   -6.1949   -4.3109    0.1445
 1365 KWFGGVD   -7.6995   -8.4975   -0.7980    0.1445
 1366 KWVGGVE   -7.2345   -9.9482   -2.7137    0.1445
 1367 KWFGGVE   -7.0796   -8.1947   -1.1151    0.1445
 1368 KWFGGME   -6.2695   -7.3792   -1.1097    0.1445
 1369 KWFGGVE   -7.1355   -8.2507   -1.1151    0.1445
 1370 KWFGGVE   -7.1355   -8.2507   -1.1151    0.1445
 1371 KWFGGLE   -6.5126   -8.0431   -1.5306    0.1445
 1372 KWFGGLD   -7.6584   -8.8719   -1.2134    0.1445
 1373 KWFGGVD   -8.3066   -9.1046   -0.7980    0.1445
 1374 KFVGGVD   -6.9506  -10.2084   -3.2577    0.1445
 1375 DFVGGVK   -5.7329   -8.9906   -3.2577    0.1445
 1376 DGVGFVK   -3.2007   -6.3470   -3.1463    0.1445
 1377 DGVGFVK   -3.2007   -6.3470   -3.1463    0.1445
 1378 DGVGFKI   -4.5465   -6.2071   -1.6606    0.1445
 1379 DGVGFKI   -4.5465   -6.2071   -1.6606    0.1445
 1380 DGVGFKF   -3.1414   -4.5777   -1.4363    0.1445
 1381 KGVGFDF   -4.7670   -6.2033   -1.4363    0.1445
 1382 VGKGFDI   -6.7058   -8.3664   -1.6606    0.1445
 1383 VGKGFEI   -6.4517   -8.4294   -1.9777    0.1445
 1384 VGKGFDW   -6.5667   -7.1419   -0.5751    0.1445
 1385 MGKGFDW   -6.0450   -6.6147   -0.5697    0.1445
 1386 MGKGFDW   -6.0450   -6.6147   -0.5697    0.1445
 1387 KGMGFEW   -5.4832   -6.3700   -0.8869    0.1445
 1388 KFMGGEW   -7.1135   -8.2232   -1.1097    0.1445
 1389 KIMGGEW   -7.5431   -8.8771   -1.3340    0.1445
 1390 KIMGGEL   -5.2241   -9.4332   -4.2091    0.1445
 1391 KIMGGEV   -6.0035   -9.7972   -3.7937    0.1445
 1392 KIMGGEV   -6.0035   -9.7972   -3.7937    0.1445
 1393 KWMGGVE   -6.9287   -9.6369   -2.7083    0.1445
 1394 KWMGGVD   -7.6344  -10.0255   -2.3911    0.1445
 1395 KVGMGVD   -3.9111   -8.5391   -4.6280    0.1445
 1396 KMGVGVD   -4.4548   -9.0828   -4.6280    0.1445
 1397 KMAVGVD   -4.7372   -9.5754   -4.8383    0.1445
 1398 KMAVGVD   -4.7372   -9.5754   -4.8383    0.1445
 1399 KMAVGVD   -4.7372   -9.5754   -4.8383    0.1445
 1400 KWAVGLD   -7.4504  -10.2498   -2.7994    0.1445
 1401 KWALGVD   -7.7943  -10.5937   -2.7994    0.1445
 1402 KWALGVD   -7.7943  -10.5937   -2.7994    0.1445
 1403 KGAVWID   -7.3543   -8.4755   -1.1211    0.1445
 1404 KGAVWID   -7.3543   -8.4755   -1.1211    0.1445
 1405 KGAVWID   -7.3543   -8.4755   -1.1211    0.1445
 1406 KGAVWID   -7.3543   -8.4755   -1.1211    0.1445
 1407 KGAVWID   -7.3543   -8.4755   -1.1211    0.1445
 1408 KGAVWID   -7.3543   -8.4755   -1.1211    0.1445
 1409 KGAVWID   -7.3543   -8.4755   -1.1211    0.1445
 1410 KGAVWID   -7.3543   -8.4755   -1.1211    0.1445
 1411 KGAVWID   -7.3543   -8.4755   -1.1211    0.1445
 1412 KGAIWVD   -8.0953   -9.2164   -1.1211    0.1445
 1413 KGAIWVE   -7.7695   -9.2078   -1.4383    0.1445
 1414 KGVIWAE   -7.7701   -9.2083   -1.4383    0.1445
 1415 KGVIWAE   -7.7701   -9.2083   -1.4383    0.1445
 1416 KGVIWGE   -7.2684   -8.6079   -1.3394    0.1445
 1417 IGFDWGE   -3.0648   -3.3557   -0.2909    0.1445
 1418 IGEKFGW   -5.2168   -5.1263    0.0906    0.1445
 1419 IGEKFGW   -5.2168   -5.1263    0.0906    0.1445
 1420 IGEKFGW   -5.2168   -5.1263    0.0906    0.1445
 1421 IGEKVGW   -2.9248   -4.1528   -1.2280    0.1445
 1422 IGEKWGV   -3.9841   -5.2121   -1.2280    0.1445
 1423 EGIVWGK   -7.0248   -8.3642   -1.3394    0.1445
 1424 EGIVWGK   -7.0248   -8.3642   -1.3394    0.1445
 1425 EGIVWGK   -7.0248   -8.3642   -1.3394    0.1445
 1426 KGIVWGE   -7.6608   -9.0003   -1.3394    0.1445
 1427 KGIVWGE   -7.6608   -9.0003   -1.3394    0.1445
 1428 KGIVWGE   -7.6608   -9.0003   -1.3394    0.1445
 1429 IGKVWGD   -9.0521   -9.9629   -0.9109    0.1445
 1430 WGKVWGD   -9.4561   -9.2815    0.1746    0.1445
 1431 WGKVWGD   -9.4561   -9.2815    0.1746    0.1445
 1432 LGKVWGD   -7.5971  -10.2977   -2.7006    0.1445
 1433 LGKVWGD   -7.5971  -10.2977   -2.7006    0.1445
 1434 LGKVWGD   -7.5971  -10.2977   -2.7006    0.1445
 1435 LGKVWGD   -7.5971  -10.2977   -2.7006    0.1445
 1436 LGKVWGD   -7.5971  -10.2977   -2.7006    0.1445
 1437 LGKVWGD   -7.5971  -10.2977   -2.7006    0.1445
 1438 MGKVWGD   -8.4789  -10.7586   -2.2797    0.1445
 1439 MGKVWGD   -8.4789  -10.7586   -2.2797    0.1445
 1440 WGKVWGD  -10.1787  -10.0041    0.1746    0.1445
 1441 WGKVWGD  -10.1787  -10.0041    0.1746    0.1445
 1442 MGKVWGD   -9.1846  -11.4643   -2.2797    0.1445
 1443 MGKVWGD   -9.1846  -11.4643   -2.2797    0.1445
 1444 MGKVWGD   -9.1846  -11.4643   -2.2797    0.1445
 1445 MGKVWGD   -9.1846  -11.4643   -2.2797    0.1445
 1446 MGKVWGD   -9.1846  -11.4643   -2.2797    0.1445
 1447 KGMVDGW   -6.5555   -8.8353   -2.2797    0.1445
 1448 KGFVDGW   -8.6130   -9.2996   -0.6866    0.1445
 1449 KDFVGGW   -7.4464   -8.3559   -0.9094    0.1445
 1450 KDFIGGW   -6.2457   -6.0608    0.1849    0.1445
 1451 KDIMGGL   -3.3961   -7.3996   -4.0034    0.1445
 1452 KLIMGGE   -7.4143  -11.7349   -4.3206    0.1445
 1453 KILMGGE   -7.8140  -12.1346   -4.3206    0.1445
 1454 KILMGGE   -7.8140  -12.1346   -4.3206    0.1445
 1455 KILMGGE   -7.8140  -12.1346   -4.3206    0.1445
 1456 KILVGGE   -7.5274  -11.8534   -4.3260    0.1445
 1457 KWLVGGE   -6.9605  -10.2011   -3.2406    0.1445
 1458 KWLVGGE   -6.9605  -10.2011   -3.2406    0.1445
 1459 KWLEGGV   -6.1361   -9.2652   -3.1291    0.1445
 1460 KWLEGGV   -6.1361   -9.2652   -3.1291    0.1445
 1461 KWIEGGW   -5.6819   -7.3616   -1.6797    0.1445
 1462 KWIEGGW   -5.6819   -7.3616   -1.6797    0.1445
 1463 EWIKGGW   -4.1101   -5.7899   -1.6797    0.1445
 1464 IVEKGGW   -4.8406   -6.2915   -1.4509    0.1445
 1465 MVEKGGW   -5.0210   -7.8407   -2.8197    0.1445
 1466 KMEVGGF   -5.6801   -9.1381   -3.4580    0.1445
 1467 KMEVGGW   -6.3764   -8.9732   -2.5969    0.1445
 1468 KMEVGGW   -6.3764   -8.9732   -2.5969    0.1445
 1469 KVEFGGW   -4.9716   -5.9753   -1.0037    0.1445
 1470 EVEFGGW   -2.9492   -4.7629   -1.8137    0.1445
 1471 DVDFGGW   -2.1768   -3.3562   -1.1794    0.1445
 1472 EVKFGGW   -1.0950   -2.0987   -1.0037    0.1445
 1473 ELKFGGW   -0.8632   -2.2823   -1.4191    0.1445
 1474 DLKFGGI   -0.0851   -2.2725   -2.1874    0.1445
 1475 DIEFGGL   -2.2236   -5.2210   -2.9974    0.1445
 1476 DIKFGAL   -3.2429   -5.4178   -2.1749    0.1445
 1477 LIKFGAD   -4.2867   -6.4615   -2.1749    0.1445
 1478 ILDFGAD   -3.5693   -6.2370   -2.6677    0.1445
 1479 IWDLGAD   -3.8762   -7.1627   -3.2866    0.1445
 1480 IWDVGAK   -5.6919   -6.5902   -0.8983    0.1445
 1481 IWEVGAK   -6.9244   -8.1399   -1.2154    0.1445
 1482 VMDIGAE   -2.4989   -6.6615   -4.1626    0.1445
 1483 EMKVGGI   -4.3917   -8.0740   -3.6823    0.1445
 1484 EMEVGGI   -3.9417   -8.4340   -4.4923    0.1445
 1485 DFEVGGF   -2.8960   -5.2537   -2.3577    0.1445
 1486 FFEVGAD   -3.8455   -6.1907   -2.3451    0.1445
 1487 LFEVGAD   -5.3550   -9.7141   -4.3591    0.1445
 1488 EFIVGAK   -7.2761   -9.4641   -2.1880    0.1445
 1489 EFVIGAK   -6.7660   -8.9540   -2.1880    0.1445
 1490 EFVIGMK   -5.8637   -6.1302   -0.2666    0.1445
 1491 MMMVGEK   -4.9449   -7.0363   -2.0914    0.1445
 1492 MMVMGEK   -5.2308   -7.3223   -2.0914    0.1445
 1493 MKVMGEV   -7.6026   -9.3652   -1.7626    0.1445
 1494 MKVMGDV   -7.6334   -9.0788   -1.4454    0.1445
 1495 MKVIGDM   -9.7214   -9.7925   -0.0711    0.1445
 1496 MKVIGDM   -9.7214   -9.7925   -0.0711    0.1445
 1497 MVKIGDM  -10.3719  -10.4431   -0.0711    0.1445
 1498 MKVIGDM  -12.2600  -12.3312   -0.0711    0.1445
 1499 MKMVGDI  -11.6882  -11.7594   -0.0711    0.1445
 1500 MKMVGDI  -11.6882  -11.7594   -0.0711    0.1445
 1501 MKIMGDI  -11.4053  -11.6222   -0.2169    0.1445
 1502 MKIMGDI  -11.4053  -11.6222   -0.2169    0.1445
 1503 MKIMGDI  -11.4053  -11.6222   -0.2169    0.1445
 1504 MKIMGDI  -11.4053  -11.6222   -0.2169    0.1445
 1505 MKIMGDI  -11.4053  -11.6222   -0.2169    0.1445
 1506 MKIMGDM  -11.5866  -11.6523   -0.0657    0.1445
 1507 MKIMGDM  -11.5866  -11.6523   -0.0657    0.1445
 1508 MKIMGDM  -11.5866  -11.6523   -0.0657    0.1445
 1509 MGIIKDM   -6.8101   -7.1384   -0.3283    0.1445
 1510 MGIIKDM   -6.8101   -7.1384   -0.3283    0.1445
 1511 MGIIKDM   -7.1241   -7.4524   -0.3283    0.1715
 1512 MGIVEDF   -8.1385   -8.8979   -0.7594    0.1715
 1513 MGIVEDV   -8.1312   -9.1292   -0.9980    0.1715
 1514 MGIVEDV   -8.1312   -9.1292   -0.9980    0.1715
 1515 MGIMEDV   -7.8408   -8.8334   -0.9926    0.1715
 1516 MGIMEDV   -7.8408   -8.8334   -0.9926    0.1715
 1517 MEIVGDV   -8.4076   -9.2942   -0.8866    0.1715
 1518 MEIVGDV   -8.4076   -9.2942   -0.8866    0.1715
 1519 MVIVGDD  -10.0962  -10.9999   -0.9037    0.1715
 1520 MVIVGDD  -10.0962  -10.9999   -0.9037    0.1715
 1521 MVIVGDD   -9.6719  -10.5756   -0.9037    0.1715
 1522 FMIVGDD   -7.5982   -8.2634   -0.6651    0.1715
 1523 FMIVGKD   -6.7146   -6.8869   -0.1723    0.1715
 1524 FYKVGID   -5.9977   -5.3019    0.6957    0.1715
 1525 FYKVGID   -5.9977   -5.3019    0.6957    0.1715
 1526 FYKVGID   -5.9977   -5.3019    0.6957    0.1715
 1527 FYKVGIE   -5.2503   -4.8717    0.3786    0.1715
 1528 FEKVGMY   -5.0601   -6.1618   -1.1017    0.1715
 1529 FIKVGEY   -8.1040   -7.7254    0.3786    0.1715
 1530 FIKVGEY   -8.1040   -7.7254    0.3786    0.1715
 1531 FIKVGDG   -8.6720  -10.4440   -1.7720    0.1715
 1532 FIKVGDG   -8.6720  -10.4440   -1.7720    0.1715
 1533 FIKVGDG   -8.6720  -10.4440   -1.7720    0.1715
 1534 FIKVGDG   -8.6720  -10.4440   -1.7720    0.1715
 1535 WKIVGDG   -8.2582   -9.1690   -0.9109    0.1715
 1536 WKMVGDG   -7.3729   -9.6526   -2.2797    0.1715
 1537 WKMVGDG   -7.3729   -9.6526   -2.2797    0.1715
 1538 WKMVGDG   -7.3729   -9.6526   -2.2797    0.1715
 1539 KWMVGDA   -8.3286  -10.7071   -2.3786    0.1715
 1540 KWMVGDA   -8.3286  -10.7071   -2.3786    0.1715
 1541 KWMVGDA   -8.3286  -10.7071   -2.3786    0.1715
 1542 KWMVGDA   -8.3286  -10.7071   -2.3786    0.1715
 1543 KWMVGEA   -8.3402  -11.0359   -2.6957    0.1715
 1544 KWMVGEA   -8.3402  -11.0359   -2.6957    0.1715
 1545 KWMAGEV   -6.1296   -8.8253   -2.6957    0.1715
 1546 KWAVGEV   -6.1255   -8.8267   -2.7011    0.1715
 1547 KWAVGDV   -5.9509   -8.3349   -2.3840    0.1715
 1548 DWKVGAV   -5.6959   -7.9684   -2.2726    0.1715
 1549 DWKVGAV   -5.6959   -7.9684   -2.2726    0.1715
 1550 DWKVGAV   -6.5537   -8.8263   -2.2726    0.1715
 1551 DWKFGAF   -5.5987   -6.5541   -0.9554    0.1715
 1552 DFKFGAF   -3.6233   -3.5599    0.0634    0.1715
 1553 DFKFGAF   -3.6233   -3.5599    0.0634    0.1715
 1554 DFKFGAF   -3.6233   -3.5599    0.0634    0.1715
 1555 DFKFGAF   -3.6233   -3.5599    0.0634    0.1715
 1556 DFKFGAV   -2.6887   -4.2239   -1.5351    0.1715
 1557 DKLFGAW   -3.6128   -6.3251   -2.7123    0.1715
 1558 LKDFGAW   -3.5436   -6.1445   -2.6009    0.1715
 1559 LKDFGAW   -3.5436   -6.1445   -2.6009    0.1715
 1560 LKDFGAW   -3.5436   -6.1445   -2.6009    0.1715
 1561 FWDFGAK   -1.7928   -2.7483   -0.9554    0.1715
 1562 FWKFGAD   -1.8624   -2.8178   -0.9554    0.1715
 1563 DFKFGAV   -0.3735   -1.9086   -1.5351    0.1715
 1564 DWKFGAV   -2.3966   -3.0706   -0.6740    0.1715
 1565 KWDFGAV   -5.0900   -5.7640   -0.6740    0.1715
 1566 KWEIGAV   -4.8025   -6.0179   -1.2154    0.1715
 1567 KWDIGAV   -5.0765   -5.9748   -0.8983    0.1715
 1568 KWEIGAV   -4.8197   -6.0351   -1.2154    0.1715
 1569 KWEIGAV   -4.8197   -6.0351   -1.2154    0.1715
 1570 KWEIGAV   -4.8197   -6.0351   -1.2154    0.1715
 1571 IWEKGAV   -3.0420   -4.4802   -1.4383    0.1715
 1572 MWEKGAV   -4.5019   -7.3090   -2.8071    0.1715
 1573 MWKEGAM   -2.9465   -5.7482   -2.8017    0.1715
 1574 MMKEGAW   -3.0082   -5.8099   -2.8017    0.1715
 1575 WMKEAGW    0.6402   -0.9558   -1.5960    0.1715
 1576 WMKEAGW    0.6402   -0.9558   -1.5960    0.1715
 1577 WIKEAGW    0.1399   -3.2072   -3.3471    0.1715
 1578 WIKEAGW    0.1399   -3.2072   -3.3471    0.1715
 1579 WIKEAGY   -0.0742   -2.2219   -2.1477    0.1715
 1580 YIKAEGW   -1.4876   -3.5239   -2.0363    0.1715
 1581 EIKAYGW   -0.7195   -2.7558   -2.0363    0.1715
 1582 EIAYKGW   -1.8577   -4.0055   -2.1477    0.1715
 1583 EIAIKGW   -3.7338   -5.7264   -1.9926    0.1715
 1584 EKGFIGW   -4.5337   -4.5545   -0.0209    0.1715
 1585 EKGIIGW   -5.4121   -5.7373   -0.3251    0.1715
 1586 EKGIWGI   -6.9468   -7.2719   -0.3251    0.1715
 1587 EKGVWGI   -5.1665   -6.5060   -1.3394    0.1715
 1588 WKGVEGI   -4.0389   -5.1555   -1.1166    0.1715
 1589 WKGYEGI   -1.0035   -2.9409   -1.9374    0.1715
 1590 WKGYEGW   -4.5157   -5.3677   -0.8520    0.1715
 1591 YWGWEGK   -2.7878   -3.7512   -0.9634    0.1715
 1592 KWGWEGY   -4.7725   -5.6245   -0.8520    0.1715
 1593 KWGWEGY   -4.7725   -5.6245   -0.8520    0.1715
 1594 KWGWEGY   -4.7725   -5.6245   -0.8520    0.1715
 1595 KWGWEGY   -4.7725   -5.6245   -0.8520    0.1715
 1596 KWGWEGF   -4.6485   -5.8011   -1.1526    0.1715
 1597 KWGWEGW   -3.8994   -6.7108   -2.8114    0.1715
 1598 KWGWEGW   -3.8994   -6.7108   -2.8114    0.1715
 1599 KWMGEGW   -6.7772   -6.9143   -0.1371    0.1715
 1600 MEKGLGW   -5.1365   -8.1488   -3.0123    0.1715
 1601 MEKGLGW   -5.1365   -8.1488   -3.0123    0.1715
 1602 MEKGLGW   -5.1365   -8.1488   -3.0123    0.1715
 1603 MEKGWGW   -8.8957   -9.0329   -0.1371    0.1715
 1604 MEKGWGW   -8.8957   -9.0329   -0.1371    0.1715
 1605 MEKGWGW   -8.8957   -9.0329   -0.1371    0.1715
 1606 MEKGWGI   -8.4326   -9.6551   -1.2226    0.1715
 1607 MEKGWGI   -8.4326   -9.6551   -1.2226    0.1715
 1608 MEKGFGI   -7.3481   -9.4318   -2.0837    0.1715
 1609 MFKGEGW   -7.0079   -8.0062   -0.9983    0.1715
 1610 MMKGEGW   -6.7958   -9.3873   -2.5914    0.1715
 1611 MMKGEGW   -6.7958   -9.3873   -2.5914    0.1715
 1612 MMKGEGM   -4.9560  -10.0017   -5.0457    0.1715
 1613 MMKGEGM   -4.9560  -10.0017   -5.0457    0.1715
 1614 MMKGEGM   -4.9560  -10.0017   -5.0457    0.1715
 1615 MFKGEGM   -5.2948   -8.7474   -3.4526    0.1715
 1616 MFKGEGM   -5.2948   -8.7474   -3.4526    0.1715
 1617 MMKGDGF   -7.3084  -10.4439   -3.1354    0.1715
 1618 MMKGDGF   -7.3084  -10.4439   -3.1354    0.1715
 1619 MMKGDGF   -7.3084  -10.4439   -3.1354    0.1715
 1620 MWKGDGM   -5.5246   -7.7989   -2.2743    0.1715
 1621 MWKGDGM   -5.5246   -7.7989   -2.2743    0.1715
 1622 MWKGMGD   -7.2673   -9.5416   -2.2743    0.1715
 1623 MWKGMGE   -7.3886   -9.9800   -2.5914    0.1715
 1624 MWKGMGE   -7.3886   -9.9800   -2.5914    0.1715
 1625 MWKGMGE   -6.9182   -9.5096   -2.5914    0.1715
 1626 VWKGMGE   -5.8789   -8.4758   -2.5969    0.1715
 1627 VWKGMGD   -5.9562   -8.2359   -2.2797    0.1715
 1628 IWKGMGD   -7.2323   -8.1377   -0.9054    0.1715
 1629 IWKGMGD   -7.2323   -8.1377   -0.9054    0.1715
 1630 IWKGMGE   -6.9920   -8.2146   -1.2226    0.1715
 1631 IWKGMGE   -6.9920   -8.2146   -1.2226    0.1715
 1632 IWKGMGE   -6.9920   -8.2146   -1.2226    0.1715
 1633 IWKGMGE   -6.9920   -8.2146   -1.2226    0.1715
 1634 IWKGMGE   -6.9920   -8.2146   -1.2226    0.1715
 1635 GWKGMEI   -6.4455   -7.5567   -1.1111    0.1715
 1636 MWKGGEI   -7.1338   -8.4678   -1.3340    0.1715
 1637 MWKGGDI   -6.8116   -7.8285   -1.0169    0.1715
 1638 MKWGGDI   -6.3810   -7.2864   -0.9054    0.1715
 1639 MKWGGDI   -6.3810   -7.2864   -0.9054    0.1715
 1640 MKWGGDI   -6.3810   -7.2864   -0.9054    0.1715
 1641 MKWGGDI   -6.3810   -7.2864   -0.9054    0.1715
 1642 MKIGGWD   -5.9595   -6.8649   -0.9054    0.1715
 1643 MWKGGID   -6.2974   -7.3143   -1.0169    0.1715
 1644 MWKGGID   -6.2974   -7.3143   -1.0169    0.1715
 1645 MWKGGID   -6.2974   -7.3143   -1.0169    0.1715
 1646 MWKGGWD   -8.3314   -8.2629    0.0686    0.1715
 1647 MWKGGWD   -8.3314   -8.2629    0.0686    0.1715
 1648 MWKGGWE   -8.8375   -9.0861   -0.2486    0.1715
 1649 MWKGGEW   -8.8028   -9.0514   -0.2486    0.1715
 1650 KWMGGEW   -7.2358   -7.4844   -0.2486    0.1715
 1651 MWKGGDW   -7.9237   -7.8552    0.0686    0.1715
 1652 MWKGGDW   -7.9237   -7.8552    0.0686    0.1715
 1653 MWKGGDW   -7.9237   -7.8552    0.0686    0.1715
 1654 MWKGGDW   -7.9237   -7.8552    0.0686    0.1715
 1655 MWKGGDW   -7.9237   -7.8552    0.0686    0.1715
 1656 MWKGGDW   -7.9237   -7.8552    0.0686    0.1715
 1657 MWKGGEW   -7.7233   -7.9718   -0.2486    0.1715
 1658 MWKGGEW   -7.7233   -7.9718   -0.2486    0.1715
 1659 MWKGGDW   -7.9536   -7.8851    0.0686    0.1715
 1660 MWKGGDW   -7.9536   -7.8851    0.0686    0.1715
 1661 MKWGGDW   -8.0841   -7.9041    0.1800    0.1715
 1662 MKWGGDW   -8.0841   -7.9041    0.1800    0.1715
 1663 MKWGGDW   -8.0841   -7.9041    0.1800    0.1715
 1664 MKWGGDW   -8.0841   -7.9041    0.1800    0.1715
 1665 MKWGGDW   -8.0841   -7.9041    0.1800    0.1715
 1666 MKWGGEW   -8.2384   -8.3755   -0.1371    0.1715
 1667 MWKGGEW  -10.8222  -11.0707   -0.2486    0.1715
 1668 MWKGGEW  -10.8222  -11.0707   -0.2486    0.1715
 1669 MWKGGEV   -9.6994  -12.4077   -2.7083    0.1715
 1670 MWKGGEW  -10.9895  -11.2381   -0.2486    0.1715
 1671 KWMGGEW   -7.3277   -7.5763   -0.2486    0.1715
 1672 KWVGGEW   -8.0605   -8.3145   -0.2540    0.1715
 1673 KWVGGDW   -8.4192   -8.3561    0.0631    0.1715
 1674 KWVGGDW   -8.4192   -8.3561    0.0631    0.1715
 1675 KWVGGDV   -7.3052   -9.7018   -2.3966    0.1715
 1676 KVGWGDV   -3.8827   -6.0564   -2.1737    0.1715
 1677 KIGLGEV   -5.0059   -8.9976   -3.9917    0.1715
 1678 KIGLGVE   -5.2552   -9.2469   -3.9917    0.1715
 1679 KIGIGEV   -7.0693   -9.2713   -2.2020    0.1715
 1680 KIGIGEW   -7.3630   -7.4653   -0.1023    0.1715
 1681 KIGIGDW   -7.4038   -7.1889    0.2149    0.1715
 1682 KIGIGDW   -7.4038   -7.1889    0.2149    0.1715
 1683 KIGIGDW   -7.4038   -7.1889    0.2149    0.1715
 1684 KIGMGDW   -6.1050   -6.8990   -0.7940    0.1715
 1685 KIGMGDW   -6.1050   -6.8990   -0.7940    0.1715
 1686 KIGMGDW   -6.1050   -6.8990   -0.7940    0.1715
 1687 KIGVGDW   -6.1648   -6.9642   -0.7994    0.1715
 1688 KIGFGDV   -5.2680   -6.9286   -1.6606    0.1715
 1689 KIGMGDV   -5.4601   -8.7139   -3.2537    0.1715
 1690 KIGLGDV   -5.0192   -8.6937   -3.6746    0.1715
 1691 KIGLGEV   -5.2068   -9.1985   -3.9917    0.1715
 1692 KIGLGEV   -5.2068   -9.1985   -3.9917    0.1715
 1693 KIGLGEV   -5.2068   -9.1985   -3.9917    0.1715
 1694 KIGLGEV   -5.2068   -9.1985   -3.9917    0.1715
 1695 KIGLGEV   -5.2060   -9.1977   -3.9917    0.1715
 1696 KWGLGEV   -6.4463   -9.3526   -2.9063    0.1715
 1697 LWGKGEV   -4.1544   -7.1722   -3.0177    0.1715
 1698 FWGKGEV   -6.1962   -7.1999   -1.0037    0.1715
 1699 FWGKGDI   -5.7915   -5.3837    0.4077    0.1715
 1700 FIGKGDW   -6.7480   -6.3403    0.4077    0.1715
 1701 FKGFGDW   -6.0013   -5.1779    0.8234    0.1715
 1702 FKGFGDW   -6.0013   -5.1779    0.8234    0.1715
 1703 FGGFKDW   -3.9878   -3.3872    0.6006    0.1715
 1704 FGGMKDW   -4.6332   -5.4258   -0.7926    0.1715
 1705 FGGMDDW   -3.0613   -4.3467   -1.2854    0.1715
 1706 FGGMKDW   -4.3469   -5.1395   -0.7926    0.1715
 1707 MGGFKDW   -3.9523   -4.7449   -0.7926    0.1715
 1708 FGGFKDW   -3.0386   -2.4380    0.6006    0.1715
 1709 FGGFKDW   -3.0386   -2.4380    0.6006    0.1715
 1710 FGGFKDV   -1.9252   -3.5844   -1.6591    0.1715
 1711 FGGKFEW   -4.2945   -3.8997    0.3949    0.1715
 1712 FGGKFEW   -4.3595   -3.9647    0.3949    0.1427
 1713 FGGKFEW   -4.3595   -3.9647    0.3949    0.1427
 1714 MGGKWEW   -3.9211   -4.0582   -0.1371    0.1427
 1715 MGGKWEI   -4.5487   -5.7712   -1.2226    0.1427
 1716 MGGKWEI   -4.5487   -5.7712   -1.2226    0.1427
 1717 MGGKWEI   -4.5487   -5.7712   -1.2226    0.1427
 1718 MGGKWEI   -4.5487   -5.7712   -1.2226    0.1427
 1719 MGGKWIE   -3.0652   -4.3992   -1.3340    0.1427
 1720 MGGKWIE   -3.0652   -4.3992   -1.3340    0.1427
 1721 MWGKGIE   -5.8336   -7.0562   -1.2226    0.1427
 1722 MWGIGEK   -7.0515   -8.3855   -1.3340    0.1427
 1723 MWGIGED   -7.9433   -9.7702   -1.8269    0.1427
 1724 MWGVGED   -7.7479  -10.9490   -3.2011    0.1427
 1725 MWGVGKD   -6.7100   -9.1011   -2.3911    0.1427
 1726 MWGVGKD   -6.7100   -9.1011   -2.3911    0.1427
 1727 MWGVGKD   -6.7100   -9.1011   -2.3911    0.1427
 1728 FWGVGKD   -5.9472   -6.7452   -0.7980    0.1427
 1729 FWGDGKV   -4.7259   -5.4124   -0.6866    0.1427
 1730 KWGFGDV   -6.6233   -7.1985   -0.5751    0.1427
 1731 KWGFGVE   -7.2793   -8.1716   -0.8923    0.1427
 1732 KWGFGVD   -8.7179   -9.2930   -0.5751    0.1427
 1733 KWGFGVD   -8.2554   -8.8305   -0.5751    0.1427
 1734 KWGFGVD   -8.2554   -8.8305   -0.5751    0.1427
 1735 KWGFGVD   -8.2554   -8.8305   -0.5751    0.1427
 1736 KWGYGVD   -6.2140   -9.2085   -2.9946    0.1427
 1737 KWGYGVD   -6.0427   -9.0372   -2.9946    0.1427
 1738 KWGYGVD   -6.0427   -9.0372   -2.9946    0.1427
 1739 KWGFGVD   -8.7959   -9.3710   -0.5751    0.1427
 1740 KWGFGVD   -8.7959   -9.3710   -0.5751    0.1427
 1741 KWGFGVD   -8.7959   -9.3710   -0.5751    0.1427
 1742 KWGFGVD   -8.7959   -9.3710   -0.5751    0.1427
 1743 KWGFGVD   -8.7959   -9.3710   -0.5751    0.1427
 1744 KWGFGVD   -8.7959   -9.3710   -0.5751    0.1427
 1745 KWGFGVD   -8.7959   -9.3710   -0.5751    0.1427
 1746 KWGFGVD   -8.7959   -9.3710   -0.5751    0.1427
 1747 KWGFGVD   -8.7959   -9.3710   -0.5751    0.1427
 1748 KWGFGVE   -7.9908   -8.8831   -0.8923    0.1427
 1749 KWGFGVD   -8.8728   -9.4479   -0.5751    0.1427
 1750 KWGFGVD   -8.8728   -9.4479   -0.5751    0.1427
 1751 KWGFGVD   -8.8728   -9.4479   -0.5751    0.1427
 1752 KWGFGVD   -8.8728   -9.4479   -0.5751    0.1427
 1753 KWGFGVD   -8.8728   -9.4479   -0.5751    0.1427
 1754 KWGFGVD   -8.8728   -9.4479   -0.5751    0.1427
 1755 KWGFGLD   -6.2858   -7.2764   -0.9906    0.1427
 1756 KWGFGLD   -6.2858   -7.2764   -0.9906    0.1427
 1757 KWGLGLD   -5.7456   -8.7501   -3.0046    0.1427
 1758 LWGMGKD   -3.3090   -6.1156   -2.8066    0.1427
 1759 LWGMGED   -4.9419   -8.5584   -3.6166    0.1427
 1760 MWGLGEK   -4.4210   -7.5447   -3.1237    0.1427
 1761 MWGKGEW   -6.9007   -7.0379   -0.1371    0.1427
 1762 KWGMGEW   -7.6803   -7.7060   -0.0257    0.1427
 1763 EWGMGKW   -6.6331   -6.6588   -0.0257    0.1427
 1764 EWGMGDW   -5.1902   -5.7088   -0.5186    0.1427
 1765 KWGMGDW   -8.4062   -8.1148    0.2914    0.1427
 1766 KWGMGDW   -8.4062   -8.1148    0.2914    0.1427
 1767 MWGDGDW   -7.6135   -7.9263   -0.3129    0.1427
 1768 MWGKGDW   -8.8204   -8.6404    0.1800    0.1427
 1769 MWGKGDW   -8.8204   -8.6404    0.1800    0.1427
 1770 MWGKGDW   -8.8204   -8.6404    0.1800    0.1427
 1771 MWGKGDW   -8.8204   -8.6404    0.1800    0.1427
 1772 MWGKGDW   -8.8204   -8.6404    0.1800    0.1427
 1773 MWGKGDW   -8.8204   -8.6404    0.1800    0.1427
 1774 MWGKGDW   -8.8204   -8.6404    0.1800    0.1427
 1775 MWGDGDW   -7.6121   -7.9250   -0.3129    0.1427
 1776 MWGKGDW   -8.6979   -8.5179    0.1800    0.1427
 1777 MWGDGDW   -8.2459   -8.5588   -0.3129    0.1427
 1778 MWGDGDW   -8.2459   -8.5588   -0.3129    0.1427
 1779 MWGDGEW   -7.1425   -7.7725   -0.6300    0.1427
 1780 MWGDGKW   -6.8257   -6.6457    0.1800    0.1427
 1781 MWGDGEW   -8.1957   -8.8257   -0.6300    0.1427
 1782 MWGDGEW   -8.3147   -8.9447   -0.6300    0.1427
 1783 MWGDGEW   -8.3147   -8.9447   -0.6300    0.1427
 1784 MWGEGEW   -8.4525   -9.3996   -0.9471    0.1427
 1785 MWGEGDW   -8.3823   -9.0123   -0.6300    0.1427
 1786 MWGEGDW   -8.3823   -9.0123   -0.6300    0.1427
 1787 EWGMGDW   -4.9997   -5.5182   -0.5186    0.1427
 1788 KWGMGDW   -6.8335   -6.5420    0.2914    0.1427
 1789 KWGMGEW   -6.3970   -6.4227   -0.0257    0.1427
 1790 MWGEGEW   -6.2769   -7.2240   -0.9471    0.1427
 1791 MWGKGEW   -6.5632   -6.7003   -0.1371    0.1427
 1792 MWGKGEW   -6.5632   -6.7003   -0.1371    0.1427
 1793 MWGKGEW   -6.5632   -6.7003   -0.1371    0.1427
 1794 MWGDGEW   -6.4701   -7.1001   -0.6300    0.1427
 1795 MWGEGEW   -6.2655   -7.2126   -0.9471    0.1427
 1796 MWGEGEW   -6.3731   -7.3203   -0.9471    0.1427
 1797 MWGDGEW   -6.6842   -7.3142   -0.6300    0.1427
 1798 MWGDGEW   -6.6842   -7.3142   -0.6300    0.1427
 1799 MWGDGEW   -6.6842   -7.3142   -0.6300    0.1427
 1800 MWGDGEW   -6.6842   -7.3142   -0.6300    0.1427
 1801 MWGDGEW   -6.6842   -7.3142   -0.6300    0.1427
 1802 MWGEGEW   -6.6513   -7.5985   -0.9471    0.1427
 1803 MWGKGEW   -7.6767   -7.8138   -0.1371    0.1427
 1804 MWGKGEW   -7.6767   -7.8138   -0.1371    0.1427
 1805 MWGDGEW   -7.1478   -7.7778   -0.6300    0.1427
 1806 MWGDGEW   -7.1478   -7.7778   -0.6300    0.1427
 1807 MWGDGEW   -7.1478   -7.7778   -0.6300    0.1427
 1808 MIGDGEW   -4.7442   -6.4596   -1.7154    0.1427
 1809 MWGKGDW   -8.4119   -8.2319    0.1800    0.1427
 1810 MWGWGDK   -7.7650   -7.6964    0.0686    0.1427
 1811 MWGWGDK   -7.7650   -7.6964    0.0686    0.1427
 1812 MWGWGDK   -7.7650   -7.6964    0.0686    0.1427
 1813 MWGWGDK   -7.7650   -7.6964    0.0686    0.1427
 1814 MWGWGDE   -8.3843   -9.1258   -0.7414    0.1427
 1815 MWGIGDE   -7.7177   -9.5445   -1.8269    0.1427
 1816 MWGIGDD   -8.1416   -9.6514   -1.5097    0.1427
 1817 MWGIGDD   -8.1416   -9.6514   -1.5097    0.1427
 1818 MWGIGED   -8.4766  -10.3035   -1.8269    0.1427
 1819 MWGIGED   -8.4766  -10.3035   -1.8269    0.1427
 1820 MWGIGED   -8.4766  -10.3035   -1.8269    0.1427
 1821 MWGIGEK   -7.1526   -8.4866   -1.3340    0.1427
 1822 MWGIGKE   -7.3128   -8.6468   -1.3340    0.1427
 1823 EWGIGKM   -4.9934   -6.1045   -1.1111    0.1427
 1824 EWGIGKW   -4.5890   -6.0458   -1.4569    0.1427
 1825 DWGVGKW   -6.4537   -6.1677    0.2860    0.1427
 1826 DWGVGKW   -6.4537   -6.1677    0.2860    0.1427
 1827 DWGMGKW   -4.5766   -4.2852    0.2914    0.1427
 1828 DWGYGKW   -3.1034   -3.6383   -0.5349    0.1427
 1829 DWGYGKW   -3.1034   -3.6383   -0.5349    0.1427
 1830 DWGYGKW   -3.4285   -3.9634   -0.5349    0.1427
 1831 MWGYGKD   -3.1375   -6.3495   -3.2120    0.1427
 1832 AWGYGED    0.6128   -6.6906   -7.3034    0.1427
 1833 MWGYGED   -4.1718   -8.1938   -4.0220    0.1427
 1834 MWGFGKD   -7.1319   -7.9245   -0.7926    0.1427
 1835 MFGWGKD   -5.4544   -6.2470   -0.7926    0.1427
 1836 MFGWGDD   -6.0294   -7.3148   -1.2854    0.1427
 1837 MFGWGDD   -6.0294   -7.3148   -1.2854    0.1427
 1838 MWGFGDD   -8.4354   -9.7209   -1.2854    0.1427
 1839 MWGVGDD   -8.4944  -11.3784   -2.8840    0.1427
 1840 MWMVGDD   -7.1546   -7.7274   -0.5729    0.1427
 1841 MWMVGDE   -6.0489   -6.9389   -0.8900    0.1427
 1842 MWMVGDE   -6.0489   -6.9389   -0.8900    0.1427
 1843 MWMVGEE   -6.0631   -7.2702   -1.2071    0.1427
 1844 MWGVGDE   -6.6434   -9.8445   -3.2011    0.1427
 1845 MWGVGDE   -6.6434   -9.8445   -3.2011    0.1427
 1846 MWGVGDE   -6.6434   -9.8445   -3.2011    0.1427
 1847 MWGFGEE   -6.7852   -8.7049   -1.9197    0.1427
 1848 MWGFGED   -7.9014   -9.5040   -1.6026    0.1427
 1849 MWGFGED   -7.9014   -9.5040   -1.6026    0.1427
 1850 MWGFGED   -7.9014   -9.5040   -1.6026    0.1427
 1851 MWGFGED   -7.9014   -9.5040   -1.6026    0.1427
 1852 MWGFGED   -7.9014   -9.5040   -1.6026    0.1427
 1853 MWGFGDD   -7.8743   -9.1597   -1.2854    0.1427
 1854 MWGLGDD   -7.3645  -10.6640   -3.2994    0.1427
 1855 MWGLGDD   -7.3645  -10.6640   -3.2994    0.1427
 1856 MWGMGDD   -7.2441  -10.1227   -2.8786    0.1427
 1857 FWGMGDD   -5.8444   -7.1298   -1.2854    0.1427
 1858 FWGEGVD   -6.0415   -7.5380   -1.4966    0.1427
 1859 MWGDGVD   -6.4726   -9.2451   -2.7726    0.1427
 1860 MWGEGVE   -6.2165   -9.6234   -3.4069    0.1427
 1861 MWGEGVE   -6.2165   -9.6234   -3.4069    0.1427
 1862 MWGEGVK   -4.9325   -7.5294   -2.5969    0.1427
 1863 MWGEGVK   -4.9325   -7.5294   -2.5969    0.1427
 1864 MWGEGVD   -7.3319  -10.4216   -3.0897    0.1427
 1865 MWGEGVD   -7.3319  -10.4216   -3.0897    0.1427
 1866 MWGEGVD   -7.3319  -10.4216   -3.0897    0.1427
 1867 MWGKGVD   -6.2909   -8.5706   -2.2797    0.1427
 1868 MWGDGKV   -3.7813   -6.0610   -2.2797    0.1427
 1869 MWGEGKV   -4.7471   -7.3440   -2.5969    0.1427
 1870 MWGEGVK   -4.3783   -6.9752   -2.5969    0.1427
 1871 EWGKGVM   -2.7790   -5.3758   -2.5969    0.1427
 1872 EWGEGMV   -1.4749   -4.8818   -3.4069    0.1427
 1873 KWGEGMW   -4.5197   -4.6568   -0.1371    0.1427
 1874 KWGEGMW   -5.0027   -5.1398   -0.1371    0.1427
 1875 KWGWGVE   -8.5683   -8.5994   -0.0311    0.1427
 1876 KWGWGVE   -8.5683   -8.5994   -0.0311    0.1427
 1877 KWGWGVE   -8.5683   -8.5994   -0.0311    0.1427
 1878 KWGWGVE   -8.5683   -8.5994   -0.0311    0.1427
 1879 KWGWGVD   -9.1000   -8.8140    0.2860    0.1427
 1880 KWGWGVD   -9.1000   -8.8140    0.2860    0.1427
 1881 KWGWGVD   -9.1000   -8.8140    0.2860    0.1427
 1882 KWGWGVD   -9.1000   -8.8140    0.2860    0.1427
 1883 KWGWGVD   -9.1000   -8.8140    0.2860    0.1427
 1884 KWGWGVD   -9.1000   -8.8140    0.2860    0.1427
 1885 KWGWGVD   -9.1000   -8.8140    0.2860    0.1427
 1886 KWGWGVD   -9.1000   -8.8140    0.2860    0.1427
 1887 KWGWGVD   -9.1000   -8.8140    0.2860    0.1427
 1888 KWGIGVE   -8.5207   -9.6373   -1.1166    0.1427
 1889 KWGEGVI   -4.3465   -5.5745   -1.2280    0.1427
 1890 KFEGGVI   -2.9302   -5.1307   -2.2006    0.1427
 1891 KFEGGVL   -2.8198   -6.8101   -3.9903    0.1427
 1892 KFEGGVM   -1.8144   -5.3838   -3.5694    0.1427
 1893 MWEGGVK   -4.6166   -7.3249   -2.7083    0.1427
 1894 VWFGGED   -3.3160   -5.1468   -1.8309    0.1427
 1895 VWFGGED   -3.3160   -5.1468   -1.8309    0.1427
 1896 VWFGGED   -3.3160   -5.1468   -1.8309    0.1427
 1897 VWFGGDD   -3.6916   -5.2054   -1.5137    0.1427
 1898 WWVGGDD   -6.2838   -6.9364   -0.6526    0.1427
 1899 WWVGGED   -7.3693   -8.3390   -0.9697    0.1427
 1900 WWVGGED   -7.3693   -8.3390   -0.9697    0.1427
 1901 WWVGGED   -7.3693   -8.3390   -0.9697    0.1427
 1902 WWVGGDD   -6.6486   -7.3012   -0.6526    0.1427
 1903 WWFGGED   -4.1498   -6.2409   -2.0911    0.1427
 1904 WWGVGED   -6.7145   -7.4613   -0.7469    0.1427
 1905 KWGWGEV   -7.2676   -7.2987   -0.0311    0.1427
 1906 KWGWGEV   -7.2676   -7.2987   -0.0311    0.1427
 1907 KWGWGEV   -7.2676   -7.2987   -0.0311    0.1427
 1908 KGGIWDV   -5.7824   -6.8047   -1.0223    0.1427
 1909 KGGIWDV   -5.7824   -6.8047   -1.0223    0.1427
 1910 EGGIWDV   -2.6283   -4.4606   -1.8323    0.1427
 1911 KGGIIDV   -5.1025   -7.2102   -2.1077    0.1427
 1912 KMGIIDV   -6.4280   -6.5703   -0.1423    0.1427
 1913 KMGIMDV   -8.5277   -8.5988   -0.0711    0.1427
 1914 KMGIMDV   -8.6350   -8.7061   -0.0711    0.1212
 1915 KMGIMDV   -8.6350   -8.7061   -0.0711    0.1212
 1916 EMGIMDV   -5.6991   -6.5803   -0.8811    0.1212
 1917 EMGIVDV   -5.1227   -6.0092   -0.8866    0.1212
 1918 KMGIVDV   -7.7561   -7.8327   -0.0766    0.1212
 1919 KMGIYDV   -5.2953   -6.1928   -0.8974    0.1212
 1920 KLGMADV   -1.1501   -6.2924   -5.1423    0.1212
 1921 KLGMVEV   -0.3608   -2.5443   -2.1834    0.1212
 1922 KVGMYEL   -1.5927   -4.5970   -3.0043    0.1212
 1923 KMGMYDL   -0.3603   -3.0420   -2.6817    0.1212
 1924 KMGMYEG    0.7105   -5.1615   -5.8720    0.1212
 1925 KWGMYEG    1.3053   -2.1124   -3.4177    0.1212
 1926 KWGMYEG    1.3053   -2.1124   -3.4177    0.1212
 1927 KVGMMEY   -4.4943   -7.0777   -2.5834    0.1212
 1928 KVGMMEV   -7.3318   -9.0944   -1.7626    0.1212
 1929 KVGVMDM   -7.7394   -9.1848   -1.4454    0.1212
 1930 KVGVWDM   -8.5131   -8.1842    0.3289    0.1212
 1931 EVGVWDM   -5.3181   -5.7992   -0.4811    0.1212
 1932 MVGVWEE   -9.2187  -10.2398   -1.0211    0.1212
 1933 MVGVWDD   -9.0729   -9.4598   -0.3869    0.1212
 1934 MVGVWED   -8.8345   -9.5385   -0.7040    0.1212
 1935 MVGVIED   -7.6029   -8.7123   -1.1094    0.1212
 1936 MVGVIED   -7.6083   -8.7178   -1.1094    0.1212
 1937 MVGVDEI   -8.3208   -9.3188   -0.9980    0.1212
 1938 MVGVDEI   -8.3208   -9.3188   -0.9980    0.1212
 1939 KVGIMEV   -8.6048   -8.9985   -0.3937    0.1212
 1940 KMGIVEW   -5.8930   -7.7070   -1.8140    0.1212
 1941 KMGVMEI   -7.1383   -7.5266   -0.3883    0.1212
 1942 KMGEMVI   -6.7024   -7.2021   -0.4997    0.1212
 1943 KMGVMIE   -7.6337   -8.1334   -0.4997    0.1212
 1944 KMGVMWD   -7.2873   -7.1444    0.1429    0.1212
 1945 KMGVMWD   -7.2873   -7.1444    0.1429    0.1212
 1946 KMGVMDI   -6.8013   -6.8724   -0.0711    0.1212
 1947 KMGVMDF   -5.2313   -5.0781    0.1531    0.1212
 1948 KMGVFDM   -6.8667   -6.7136    0.1531    0.1212
 1949 KLGVFMD   -6.5169   -7.6960   -1.1791    0.1212
 1950 KLGVYID   -8.4953   -9.9250   -1.4297    0.1212
 1951 KLGVYID   -8.4953   -9.9250   -1.4297    0.1212
 1952 KVGVYVD   -7.1260   -9.5146   -2.3886    0.1212
 1953 KVGWYVD   -7.0724   -7.0013    0.0711    0.1212
 1954 KVGFYVD   -7.4660   -8.2560   -0.7900    0.1212
 1955 KVGFVDV   -7.6252   -7.4829    0.1423    0.1212
 1956 KVGVVEI   -8.1361   -8.5352   -0.3991    0.1212
 1957 KVGIVDV   -9.3553   -9.4373   -0.0820    0.1212
 1958 KVGIEVV   -8.9253   -9.3245   -0.3991    0.1212
 1959 KIGIEVV   -8.5826   -8.9674   -0.3849    0.1212
 1960 KLGIEVM   -7.0959   -8.7851   -1.6891    0.1212
 1961 KAGFEVM   -2.0633   -5.5087   -3.4454    0.1212
 1962 KAGLEVM   -1.1677   -6.6271   -5.4594    0.1212
 1963 AMGLEVK   -2.2118   -7.6712   -5.4594    0.1212
 1964 YLGLEVK   -1.8011   -5.2262   -3.4251    0.1212
 1965 YLGLEEV   -2.4756   -6.8222   -4.3466    0.1212
 1966 YLGLEEV   -2.4756   -6.8222   -4.3466    0.1212
 1967 YLGLEEV   -2.4756   -6.8222   -4.3466    0.1212
 1968 YLGLEEV   -2.4756   -6.8222   -4.3466    0.1212
 1969 YLLGEVE   -3.6490   -7.9956   -4.3466    0.1212
 1970 YLLGEVE   -3.6490   -7.9956   -4.3466    0.1212
 1971 YLLGEVE   -3.6490   -7.9956   -4.3466    0.1212
 1972 YLLGEVD   -4.8654   -8.8949   -4.0294    0.1212
 1973 YWGFDVD   -3.4107   -4.4424   -1.0317    0.1212
 1974 YWGVDVD   -5.0753   -5.3855   -0.3103    0.1212
 1975 YWVGDVD   -3.7823   -4.2040   -0.4217    0.1212
 1976 YWMGDVD   -4.3116   -4.7279   -0.4163    0.1212
 1977 YFMGEVD   -5.5242   -7.1188   -1.5946    0.1212
 1978 YWMGEVD   -6.9943   -7.7277   -0.7334    0.1212
 1979 YWVGEVD   -7.6764   -8.4153   -0.7389    0.1212
 1980 YWVGEVD   -7.6764   -8.4153   -0.7389    0.1212
 1981 YWVGEVD   -7.6764   -8.4153   -0.7389    0.1212
 1982 MWVGDVD   -7.6787   -7.9541   -0.2754    0.1212
 1983 VWVGDMD   -7.8091   -8.0845   -0.2754    0.1212
 1984 VWVGDME   -7.7583   -8.3509   -0.5926    0.1212
 1985 VDVGWMD   -8.1617   -8.3257   -0.1640    0.1212
 1986 MWVGDMD   -7.8537   -8.2037   -0.3500    0.1212
 1987 MWVGDMD   -7.8537   -8.2037   -0.3500    0.1212
 1988 MDVGFMD   -5.7093   -6.0490   -0.3397    0.1212
 1989 DKVGFMM   -5.2693   -5.3390   -0.0697    0.1212
 1990 EMVGFKM   -7.3014   -7.4654   -0.1640    0.1212
 1991 EMVGFKM   -7.3014   -7.4654   -0.1640    0.1212
 1992 EMVGFKM   -7.3014   -7.4654   -0.1640    0.1212
 1993 EMVGFKM   -7.3014   -7.4654   -0.1640    0.1212
 1994 EMVGFKM   -7.3014   -7.4654   -0.1640    0.1212
 1995 EMVGFKM   -7.3014   -7.4654   -0.1640    0.1212
 1996 EMVGFKM   -7.3014   -7.4654   -0.1640    0.1212
 1997 ELVGFKM   -7.1545   -8.5393   -1.3849    0.1212
 1998 EFVGFKM   -7.4253   -7.2761    0.1491    0.1212
 1999 ELVGFKM   -7.1272   -8.5121   -1.3849    0.1212
 2000 EFVGLKV   -6.9206   -8.2309   -1.3103    0.1212
 2001 DFVGLVD   -4.7832   -6.3806   -1.5974    0.1212
 2002 DFVGLVE   -4.8625   -6.7771   -1.9146    0.1212
 2003 DFVGLVE   -4.8458   -6.7604   -1.9146    0.1212
 2004 VVMGVDE   -4.9195   -7.4033   -2.4837    0.1212
 2005 KVVGMVD   -6.6176   -8.1799   -1.5623    0.1212
 2006 KMWGVAD   -7.0312   -9.4098   -2.3786    0.1212
 2007 MKWGVAD   -9.4023  -11.6695   -2.2671    0.1212
 2008 MKWGVAD   -9.4023  -11.6695   -2.2671    0.1212
 2009 MKWGVAD   -9.4023  -11.6695   -2.2671    0.1212
 2010 MKWGVAD   -9.4023  -11.6695   -2.2671    0.1212
 2011 MKWGVAD   -9.4023  -11.6695   -2.2671    0.1212
 2012 WKWGVAD   -8.6768   -9.7696   -1.0929    0.1212
 2013 WKWGVAD   -8.6768   -9.7696   -1.0929    0.1212
 2014 WKWGVAD   -8.6768   -9.7696   -1.0929    0.1212
 2015 MKWGVAD   -9.4477  -11.7148   -2.2671    0.1212
 2016 MKWGVAD   -9.4477  -11.7148   -2.2671    0.1212
 2017 MKWGMAD   -8.4284  -10.6901   -2.2617    0.1212
 2018 MKWGMAD   -8.4284  -10.6901   -2.2617    0.1212
 2019 VKWGMAD   -6.6240   -8.8911   -2.2671    0.1212
 2020 VKWGMAD   -6.6240   -8.8911   -2.2671    0.1212
 2021 VKWGMAD   -6.6240   -8.8911   -2.2671    0.1212
 2022 WKLGMAD   -5.2287   -7.9113   -2.6826    0.1212
 2023 WKLGMAD   -5.2287   -7.9113   -2.6826    0.1212
 2024 KLWGMAD   -9.1693  -11.9633   -2.7940    0.1212
 2025 KLWGMAD   -9.1693  -11.9633   -2.7940    0.1212
 2026 KLWGMAD   -9.1693  -11.9633   -2.7940    0.1212
 2027 KLWGMGD   -8.4310  -11.1262   -2.6951    0.1212
 2028 KLWGMGD   -8.4310  -11.1262   -2.6951    0.1212
 2029 KLWGMAD   -9.1693  -11.9633   -2.7940    0.1212
 2030 KLWGMAD   -9.1693  -11.9633   -2.7940    0.1212
 2031 KLWGMAD   -9.1693  -11.9633   -2.7940    0.1212
 2032 KLWGMAD   -9.1693  -11.9633   -2.7940    0.1212
 2033 KMWGLAD   -7.2760  -10.0700   -2.7940    0.1212
 2034 KMWGLAD   -7.2760  -10.0700   -2.7940    0.1212
 2035 KMWGLAD   -7.2760  -10.0700   -2.7940    0.1212
 2036 KLWGMAD   -8.7261  -11.5201   -2.7940    0.1212
 2037 KLWGMAD   -8.7261  -11.5201   -2.7940    0.1212
 2038 KLWGMAD   -8.7261  -11.5201   -2.7940    0.1212
 2039 KLWGMAD   -8.7261  -11.5201   -2.7940    0.1212
 2040 MIMGKGE   -2.7190   -6.5073   -3.7883    0.1212
 2041 YIWGKGE   -0.3777   -2.5380   -2.1603    0.1212
 2042 IEWGYGK    0.1774   -1.7601   -1.9374    0.1212
 2043 VEWGWGK   -2.3252   -2.3563   -0.0311    0.1212
 2044 VRWGWGE   -5.1170   -8.5122   -3.3951    0.1212
 2045 VRWGWGE   -5.1170   -8.5122   -3.3951    0.1212
 2046 VRWGWGE   -5.1170   -8.5122   -3.3951    0.1212
 2047 VRWGWGE   -5.1170   -8.5122   -3.3951    0.1212
 2048 VKWGEGW   -9.0943   -9.1255   -0.0311    0.1212
 2049 VKWGEGW   -9.0943   -9.1255   -0.0311    0.1212
 2050 VKWGEGF   -8.0458   -8.9381   -0.8923    0.1212
 2051 FKWGEGV   -6.9898   -7.8821   -0.8923    0.1212
 2052 FKVGEGW   -6.3165   -7.2088   -0.8923    0.1212
 2053 VKFGEGF   -5.9144   -7.6678   -1.7534    0.1212
 2054 VKFGDGF   -5.1964   -6.6327   -1.4363    0.1212
 2055 VRFGDGF   -3.2787   -8.0790   -4.8003    0.1212
 2056 VRFGDGF   -3.2787   -8.0790   -4.8003    0.1212
 2057 MRWGDGW   -4.7611   -7.8337   -3.0726    0.1212
 2058 MRWGDGW   -5.2277   -8.3002   -3.0726    0.1212
 2059 MRWGDGW   -5.2277   -8.3002   -3.0726    0.1212
 2060 WRVGDGW   -4.6781   -7.7561   -3.0780    0.1212
 2061 WRVGDGW   -4.6781   -7.7561   -3.0780    0.1212
 2062 WIDGDGV   -3.1561   -4.5598   -1.4037    0.1212
 2063 VIEGDGV   -3.1316   -7.3122   -4.1806    0.1212
 2064 VIVGELE   -7.5781  -10.1141   -2.5360    0.1212
 2065 LIVGEVE   -8.2134  -10.7494   -2.5360    0.1212
 2066 LIVGEVE   -8.2134  -10.7494   -2.5360    0.1212
 2067 LIVGEVD   -7.7924  -10.0113   -2.2189    0.1212
 2068 LVVGEVD   -7.2892  -10.0823   -2.7931    0.1212
 2069 MVGVVDD   -7.4188   -9.5854   -2.1666    0.1212
 2070 MVVGVDD   -7.7494   -9.9160   -2.1666    0.1212
 2071 MVVGEKV   -8.7697  -10.7606   -1.9909    0.1212
 2072 MKIGEVV   -9.1487   -9.5424   -0.3937    0.1212
 2073 MKIGEVV   -9.4879   -9.8816   -0.3937    0.1212
 2074 MVIGEVK   -7.3560   -7.8612   -0.5051    0.1212
 2075 MKVGDVW  -11.0012  -10.6724    0.3289    0.1212
 2076 MWVGEVK   -8.2166   -8.3163   -0.0997    0.1212
 2077 MEVGWVK   -9.1580   -9.1463    0.0117    0.1212
 2078 MEKGWVV   -9.6258   -9.8369   -0.2111    0.1212
 2079 MEVGWKV   -8.1261   -8.0030    0.1231    0.1212
 2080 MEVGWKV   -8.1261   -8.0030    0.1231    0.1212
 2081 MEVGWDM   -8.2112   -8.6555   -0.4443    0.1212
 2082 MEVGWDM   -8.2112   -8.6555   -0.4443    0.1212
 2083 MEVGWDM   -8.2112   -8.6555   -0.4443    0.1212
 2084 MEVGWDM   -8.2112   -8.6555   -0.4443    0.1212
 2085 MEVGMDM   -6.9341   -9.0727   -2.1386    0.1212
 2086 MELGMDM   -5.5732   -8.1272   -2.5540    0.1212
 2087 MELGMDF   -4.6516   -6.4924   -1.8409    0.1212
 2088 MELGMFD   -6.4438   -8.3961   -1.9523    0.1212
 2089 MELGMFD   -6.4438   -8.3961   -1.9523    0.1212
 2090 MELGMFD   -6.4438   -8.3961   -1.9523    0.1212
 2091 MELGMFD   -6.4438   -8.3961   -1.9523    0.1212
 2092 MELGMFD   -6.4438   -8.3961   -1.9523    0.1212
 2093 MMLGEFD   -7.4998   -9.5635   -2.0637    0.1212
 2094 MEMGLFD   -5.2612   -7.2135   -1.9523    0.1212
 2095 MEVGYFD   -4.6640   -6.1472   -1.4831    0.1212
 2096 MVVGEFK   -7.5365   -7.8174   -0.2809    0.1212
 2097 MVVGEFD  -10.2049  -10.9786   -0.7737    0.1212
 2098 MVVGKFD   -9.8803   -9.8440    0.0363    0.1212
 2099 MVLGKFE   -8.1709   -9.6672   -1.4963    0.1212
 2100 MVLGKFD   -8.3839   -9.5631   -1.1791    0.1212
 2101 MVLGKFD   -8.3839   -9.5631   -1.1791    0.1212
 2102 MVMGEFD   -9.0368   -9.8051   -0.7683    0.1212
 2103 MVVGEFD  -10.2346  -11.0084   -0.7737    0.1212
 2104 MVVGEFD  -10.2346  -11.0084   -0.7737    0.1212
 2105 MVVGEFD  -10.2346  -11.0084   -0.7737    0.1212
 2106 MVVGDFD   -9.4590   -9.9156   -0.4566    0.1212
 2107 MVVGDFD   -9.4590   -9.9156   -0.4566    0.1212
 2108 MVVGFDD  -10.9249  -11.4929   -0.5680    0.1212
 2109 MVVGIDD   -9.5127  -10.3050   -0.7923    0.1212
 2110 MVVGIDE   -9.1676  -10.2771   -1.1094    0.1212
 2111 MMVGVDE   -8.6938  -11.1721   -2.4783    0.1212
 2112 MMVGVKD   -9.3116  -10.9799   -1.6683    0.1212
 2113 KVMGVVD   -5.4605   -7.0228   -1.5623    0.1212
 2114 KMVGVLD   -6.1524   -8.1301   -1.9777    0.1212
 2115 KMVGVLD   -6.0482   -8.0259   -1.9777    0.1777
 2116 RMVGVLD   -4.5261   -9.8678   -5.3417    0.1777
 2117 RVIGMLD   -5.6973  -10.5447   -4.8474    0.1777
 2118 RVIGMLD   -5.6973  -10.5447   -4.8474    0.1777
 2119 RVIGILD   -3.0945   -9.6931   -6.5986    0.1777
 2120 KIVGIGD   -8.5477  -10.5440   -1.9963    0.1777
 2121 KIVGIVD  -10.8348  -11.0139   -0.1791    0.1777
 2122 KIMGVVD  -11.2952  -11.4832   -0.1880    0.1777
 2123 KIMGVVD  -11.2952  -11.4832   -0.1880    0.1777
 2124 KIMGVVD  -11.2952  -11.4832   -0.1880    0.1777
 2125 KIMGVVD  -11.2952  -11.4832   -0.1880    0.1777
 2126 KIMGVMD   -9.9247  -10.1073   -0.1826    0.1777
 2127 KIGMIMD   -8.2203   -8.5486   -0.3283    0.1777
 2128 KMGMIID   -6.7730   -7.1013   -0.3283    0.1777
 2129 KMGMIID   -6.7730   -7.1013   -0.3283    0.1777
 2130 KMGMILE   -5.5389   -7.4140   -1.8751    0.1777
 2131 KMGMIEL   -5.2496   -7.0133   -1.7637    0.1777
 2132 KMGMIEL   -5.2496   -7.0133   -1.7637    0.1777
 2133 KMGMIEF   -6.2625   -6.4922   -0.2297    0.1777
 2134 KYGMIEF   -5.2487   -4.8647    0.3840    0.1777
 2135 KIGMIEF   -6.4442   -8.4250   -1.9809    0.1777
 2136 KIGMIEF   -6.4442   -8.4250   -1.9809    0.1777
 2137 KIGMIEF   -6.4442   -8.4250   -1.9809    0.1777
 2138 KIGMIEV   -9.3917   -9.8512   -0.4594    0.1777
 2139 KIGMIVE   -9.8434  -10.4143   -0.5709    0.1777
 2140 KIGMIVD  -11.0044  -11.2581   -0.2537    0.1777
 2141 KIGMIVD  -11.0044  -11.2581   -0.2537    0.1777
 2142 KIGIMVD  -11.1122  -11.3659   -0.2537    0.1777
 2143 KIGIMVD  -11.1122  -11.3659   -0.2537    0.1777
 2144 KIGIMVD  -11.1122  -11.3659   -0.2537    0.1777
 2145 KIGIYVD  -10.2968   -9.9368    0.3600    0.1777
 2146 KIGIYVD  -10.2968   -9.9368    0.3600    0.1777
 2147 KVGIYID   -8.6333   -8.2733    0.3600    0.1777
 2148 KVGIYID   -8.6333   -8.2733    0.3600    0.1777
 2149 KMGVYID   -6.7804   -7.7892   -1.0089    0.1777
 2150 KMMVGID   -7.2032   -7.3857   -0.1826    0.1777
 2151 KIMVGMD   -9.1723   -9.3549   -0.1826    0.1777
 2152 KVIMGME   -6.9408   -7.4405   -0.4997    0.1777
 2153 EKIMGMV   -5.2154   -5.8266   -0.6111    0.1777
 2154 MKIEGMV   -5.2267   -5.6150   -0.3883    0.1777
 2155 MKIEGVM   -4.3761   -4.7644   -0.3883    0.1777
 2156 MKIMGVE   -7.6055   -7.9938   -0.3883    0.1777
 2157 MKIMGVE   -7.6055   -7.9938   -0.3883    0.1777
 2158 MKIMGVE   -7.6055   -7.9938   -0.3883    0.1777
 2159 MKIMGVE   -7.6055   -7.9938   -0.3883    0.1777
 2160 MKIMGVE   -7.6055   -7.9938   -0.3883    0.1777
 2161 MKIMGVD   -8.6798   -8.7510   -0.0711    0.1777
 2162 MKIMGVD   -8.6798   -8.7510   -0.0711    0.1777
 2163 GKIDMVM   -4.6155   -4.7981   -0.1826    0.1777
 2164 GIKDMVV   -6.4885   -6.7879   -0.2994    0.1777
 2165 GIKDVVV   -6.6631   -6.9680   -0.3049    0.1777
 2166 GIKDLVV   -5.0069   -6.5272   -1.5203    0.1777
 2167 GIKVLVD   -2.3586   -3.7675   -1.4089    0.1777
 2168 GVVKLID   -6.0209   -7.4297   -1.4089    0.1777
 2169 GVVDFIK   -4.8445   -4.7193    0.1251    0.1777
 2170 AIVDFGK   -3.9219   -5.7928   -1.8709    0.1777
 2171 GIIDFAK   -4.9716   -5.4681   -0.4966    0.1777
 2172 GIIAFDK   -7.0848   -7.8043   -0.7194    0.1777
 2173 GIILADE   -7.9519  -11.4953   -3.5434    0.1777
 2174 GGILIDE   -6.5781  -10.1341   -3.5560    0.1777
 2175 GGILIDE   -6.5781  -10.1341   -3.5560    0.1777
 2176 GGIIFDE   -8.7798  -10.3218   -1.5420    0.1777
 2177 GGIIFDE   -8.7798  -10.3218   -1.5420    0.1777
 2178 GGIIFDD   -9.1237  -10.3486   -1.2249    0.1777
 2179 GGIIFDE   -8.7824  -10.3244   -1.5420    0.1777
 2180 GGIIFDE   -8.7824  -10.3244   -1.5420    0.1777
 2181 GGIIFDK   -8.7811   -9.5131   -0.7320    0.1777
 2182 GGIIFDE   -8.8131  -10.3551   -1.5420    0.1777
 2183 GGIIFED   -7.3287   -8.8707   -1.5420    0.1777
 2184 GGIVFED   -6.6472   -9.5635   -2.9163    0.1777
 2185 GFIVGED   -5.5421   -8.3470   -2.8049    0.1777
 2186 EFIVGGD   -4.7516   -7.5565   -2.8049    0.1777
 2187 EFIVGGD   -4.7516   -7.5565   -2.8049    0.1777
 2188 DFIVGAD   -4.3041   -6.6678   -2.3637    0.1777
 2189 MDVFGGD   -3.6494   -7.3946   -3.7451    0.1777
 2190 MEVVGGD   -5.0009  -10.6617   -5.6609    0.1777
 2191 MWEVGGD   -6.0078   -9.2090   -3.2011    0.1777
 2192 MWEVGGD   -5.8376   -9.0387   -3.2011    0.1777
 2193 MLDLGGD   -2.9137   -9.0883   -6.1746    0.1777
 2194 MWLDGGD   -5.4548   -8.8657   -3.4109    0.1777
 2195 MWLDGGD   -5.4548   -8.8657   -3.4109    0.1777
 2196 MWLDGGD   -5.4548   -8.8657   -3.4109    0.1777
 2197 MILDGGE   -4.9155   -9.7290   -4.8134    0.1777
 2198 MLDIGGE   -3.3028   -8.0048   -4.7020    0.1777
 2199 MFEIGGE   -3.5339   -6.5391   -3.0051    0.1777
 2200 MFEIGGE   -3.5339   -6.5391   -3.0051    0.1777
 2201 MFDIGGD   -4.2608   -6.6317   -2.3709    0.1777
 2202 MIDIGGD   -6.7097   -9.3048   -2.5951    0.1777
 2203 MIDIGGD   -6.7097   -9.3048   -2.5951    0.1777
 2204 MIIDGGD   -7.9302  -10.6368   -2.7066    0.1777
 2205 MIIDGGD   -7.9302  -10.6368   -2.7066    0.1777
 2206 MIIKGGD   -9.7242  -11.9380   -2.2137    0.1777
 2207 MIIKGGD   -9.7242  -11.9380   -2.2137    0.1777
 2208 MIIKGGD   -9.7242  -11.9380   -2.2137    0.1777
 2209 IMIDGGK   -5.6941   -7.9079   -2.2137    0.1777
 2210 IILEGGK   -6.3816   -9.3333   -2.9517    0.1777
 2211 IILKGGK   -1.0548   -4.4765   -3.4217    0.1777
 2212 KILIGGE   -7.7258  -10.6775   -2.9517    0.1777
 2213 KILIGGE   -7.7258  -10.6775   -2.9517    0.1777
 2214 KILDGGI   -7.4335   -9.9567   -2.5231    0.1777
 2215 KILMGGD   -7.9998  -12.0033   -4.0034    0.1777
 2216 LKIIGGD   -6.2489   -8.7720   -2.5231    0.1777
 2217 FKIVGGD   -6.5635   -8.4470   -1.8834    0.1777
 2218 IVKVGGD   -7.4819  -10.9639   -3.4820    0.1777
 2219 GKVVGID   -7.7529  -11.1235   -3.3706    0.1777
 2220 GKVVGID   -7.7529  -11.1235   -3.3706    0.1777
 2221 GVKVGFD   -5.3578   -8.3927   -3.0349    0.1777
 2222 GVKVGFE   -5.2011   -8.5531   -3.3520    0.1777
 2223 GVKVGFE   -5.2011   -8.5531   -3.3520    0.1777
 2224 GVKVGDF   -5.7551   -8.7899   -3.0349    0.1777
 2225 GVKVGDF   -5.7551   -8.7899   -3.0349    0.1777
 2226 EVKVGGF   -4.3861   -7.8495   -3.4634    0.1777
 2227 KVDVGGF   -4.1611   -7.3074   -3.1463    0.1777
 2228 IVDKGGF   -5.2875   -7.2823   -1.9949    0.1777
 2229 IVEKGGF   -5.8267   -8.1387   -2.3120    0.1777
 2230 IGEKWGF   -5.1241   -5.0335    0.0906    0.1777
 2231 IGDKWGM   -2.7198   -3.6252   -0.9054    0.1777
 2232 IGDKWGM   -2.7198   -3.6252   -0.9054    0.1777
 2233 IGAKWDM   -3.9242   -4.7056   -0.7814    0.1777
 2234 VGAKWDM   -2.7615   -4.9172   -2.1557    0.1777
 2235 VGKAWDW   -4.9949   -6.0878   -1.0929    0.1777
 2236 VGKAFDW   -7.8463   -8.5203   -0.6740    0.1777
 2237 VGKAFDW   -7.8463   -8.5203   -0.6740    0.1777
 2238 VGKAFDW   -7.8463   -8.5203   -0.6740    0.1777
 2239 VGKAWDF   -8.7759   -9.4499   -0.6740    0.1777
 2240 VGKAFEW   -7.9756   -8.9668   -0.9911    0.1777
 2241 VGKAFEW   -7.9756   -8.9668   -0.9911    0.1777
 2242 VGKAFEW   -7.9756   -8.9668   -0.9911    0.1777
 2243 VGKAFDW   -7.7900   -8.4640   -0.6740    0.1777
 2244 VGKAFDW   -7.7900   -8.4640   -0.6740    0.1777
 2245 IGKAFDI   -9.3010   -9.6861   -0.3851    0.1777
 2246 IGKAFDI   -9.3010   -9.6861   -0.3851    0.1777
 2247 IGKAFDI   -9.3010   -9.6861   -0.3851    0.1777
 2248 IGKAFDI   -9.3010   -9.6861   -0.3851    0.1777
 2249 IGKAFDI   -9.3010   -9.6861   -0.3851    0.1777
 2250 IGKAFDI   -9.3010   -9.6861   -0.3851    0.1777
 2251 IGKAFDI   -9.3010   -9.6861   -0.3851    0.1777
 2252 IGKAMDI   -7.4016   -9.3799   -1.9783    0.1777
 2253 IGKAFDI   -9.3108   -9.6959   -0.3851    0.1777
 2254 IGKAFDI   -9.3108   -9.6959   -0.3851    0.1777
 2255 IGKGFDI   -8.4006   -8.6869   -0.2863    0.1777
 2256 IGKGFDI   -8.4006   -8.6869   -0.2863    0.1777
 2257 MGKGWDI   -7.9388   -8.7328   -0.7940    0.1777
 2258 MWKAGEI  -10.2065  -11.4165   -1.2100    0.1777
 2259 MWKAGEI  -10.2065  -11.4165   -1.2100    0.1777
 2260 MFKAGEI   -8.1820  -10.2532   -2.0711    0.1777
 2261 MMKAGEI   -7.8903  -11.5546   -3.6643    0.1777
 2262 MWKAGEI   -9.5655  -10.7755   -1.2100    0.1777
 2263 MWKAGEI   -9.5655  -10.7755   -1.2100    0.1777
 2264 MLKAGEI   -7.7720  -11.8572   -4.0851    0.1777
 2265 MLKAGEI   -7.7720  -11.8572   -4.0851    0.1777
 2266 MLKAGEI   -7.7720  -11.8572   -4.0851    0.1777
 2267 MYKAGEI   -4.1052   -8.5958   -4.4906    0.1777
 2268 MMKAGEI   -7.9351  -11.5993   -3.6643    0.1777
 2269 MMKAGEI   -7.9351  -11.5993   -3.6643    0.1777
 2270 MMKAGEI   -7.9351  -11.5993   -3.6643    0.1777
 2271 MMKAGEI   -7.9351  -11.5993   -3.6643    0.1777
 2272 MMKAGEL   -5.8020  -11.2560   -5.4540    0.1777
 2273 MMKAGEM   -6.1887  -11.2219   -5.0331    0.1777
 2274 MMKAGEI   -8.2603  -11.9246   -3.6643    0.1777
 2275 MMKAGEI   -8.2603  -11.9246   -3.6643    0.1777
 2276 MFKAGEI   -7.8172   -9.8883   -2.0711    0.1777
 2277 MFKAGDI   -7.3824   -9.1364   -1.7540    0.1777
 2278 MLKAGDI   -7.6517  -11.4197   -3.7680    0.1777
 2279 MWKAGDI   -9.3602  -10.2530   -0.8929    0.1777
 2280 MWKAGDI   -9.3602  -10.2530   -0.8929    0.1777
 2281 MWKAGDI   -9.3602  -10.2530   -0.8929    0.1777
 2282 MIKAGDW   -9.2167  -10.1095   -0.8929    0.1777
 2283 MIKAGDW   -9.2167  -10.1095   -0.8929    0.1777
 2284 MIKAGDW   -9.2167  -10.1095   -0.8929    0.1777
 2285 MIKAGDW   -9.2167  -10.1095   -0.8929    0.1777
 2286 MWKAGEI   -9.7593  -10.9693   -1.2100    0.1777
 2287 MWKAGEL   -7.3323  -10.3321   -2.9997    0.1777
 2288 MWKAGEL   -7.3323  -10.3321   -2.9997    0.1777
 2289 MWKAGEL   -7.3323  -10.3321   -2.9997    0.1777
 2290 MIKAGEL   -7.7457  -11.8308   -4.0851    0.1777
 2291 MIKAGDL   -7.2736  -11.0416   -3.7680    0.1777
 2292 VIKAGEL   -7.6384  -11.7290   -4.0906    0.1777
 2293 IIKAGEL   -9.1030  -11.8193   -2.7163    0.1777
 2294 ILKAGEY   -6.8974  -11.8089   -4.9114    0.1777
 2295 ILKAGEY   -6.8974  -11.8089   -4.9114    0.1777
 2296 ILKAGEG   -4.2601  -11.6392   -7.3791    0.1777
 2297 GLKAGDI   -4.5825  -11.5331   -6.9506    0.1777
 2298 GVKAGDI   -4.5234  -11.0585   -6.5351    0.1777
 2299 GGKAVDI   -2.8891   -9.6471   -6.7580    0.1777
 2300 GGKFVDI   -3.6912   -5.5746   -1.8834    0.1777
 2301 GGIFWDK   -3.5890   -3.5156    0.0734    0.1777
 2302 GGILWDD   -2.6474   -4.8008   -2.1534    0.1777
 2303 GGILWDD   -2.6474   -4.8008   -2.1534    0.1777
 2304 GGLMWDD   -3.1780   -6.7003   -3.5223    0.1777
 2305 GGIMWDD   -3.8908   -5.6234   -1.7326    0.1777
 2306 GGILWKD   -0.5584   -2.2190   -1.6606    0.1777
 2307 GGLIWDE   -4.6542   -7.1248   -2.4706    0.1777
 2308 GMLIVDE   -7.3173   -9.8336   -2.5163    0.1777
 2309 GMLIVDE   -7.3173   -9.8336   -2.5163    0.1777
 2310 GMLIMDE   -6.3004   -8.8913   -2.5909    0.1777
 2311 GMLIMDE   -6.3004   -8.8913   -2.5909    0.1777
 2312 GMILMDE   -7.2504   -9.8413   -2.5909    0.1777
 2313 GMVLMDE   -7.0171  -10.0222   -3.0051    0.1777
 2314 GMLLMDD   -6.5177  -10.0211   -3.5034    0.1777
 2315 GMILMDD   -7.4622   -9.7359   -2.2737    0.1777
 2316 GMILMDD   -7.4622   -9.7359   -2.2737    0.1777
 2317 GMILMDD   -7.4876   -9.7613   -2.2737    0.1788
 2318 GMILMDD   -7.4876   -9.7613   -2.2737    0.1788
 2319 GMVLMDD   -7.2625   -9.9505   -2.6880    0.1788
 2320 GMVFDMK   -7.1314   -7.0897    0.0417    0.1788
 2321 GLVFDMK   -8.0406   -9.2197   -1.1791    0.1788
 2322 GLVFDME   -7.6211   -9.6102   -1.9891    0.1788
 2323 GLVIDME   -7.3217   -9.6151   -2.2934    0.1788
 2324 GLVYDME   -5.8654   -9.4739   -3.6086    0.1788
 2325 GLVYEMK   -6.7089   -9.8247   -3.1157    0.1788
 2326 GLVLEMK   -7.6082  -10.6385   -3.0303    0.1788
 2327 GMVYEMK   -5.4217   -8.1166   -2.6949    0.1788
 2328 GMVYEMD   -5.8049   -8.9927   -3.1877    0.1788
 2329 GMVYEMD   -5.8049   -8.9927   -3.1877    0.1788
 2330 GMVYEMK   -5.4221   -8.1169   -2.6949    0.1788
 2331 GMVYEME   -5.0471   -8.5520   -3.5049    0.1788
 2332 GMVVEME   -8.4511  -11.1351   -2.6840    0.1788
 2333 GMIVEME   -9.1778  -10.4875   -1.3097    0.1788
 2334 GEIVMME   -7.9838   -9.4050   -1.4211    0.1788
 2335 GKVVMMD   -9.4063  -11.0746   -1.6683    0.1788
 2336 GKVVMME   -9.4540  -11.4394   -1.9854    0.1788
 2337 GKVVMMD   -9.4250  -11.0933   -1.6683    0.1788
 2338 GDVVVMK   -8.7188  -10.3926   -1.6737    0.1788
 2339 GDVVVMD   -8.3529  -10.5195   -2.1666    0.1788
 2340 GDIVVVK   -7.5955   -7.9004   -0.3049    0.1788
 2341 GIIVEVD   -8.9993   -9.9885   -0.9891    0.1788
 2342 GIMVDVD   -8.1859   -8.8667   -0.6809    0.1788
 2343 GIMVDVD   -8.1859   -8.8667   -0.6809    0.1788
 2344 GIMVDVD   -8.1859   -8.8668   -0.6809    0.1788
 2345 GMIVDVD   -8.4832   -9.1641   -0.6809    0.1788
 2346 GVVVDMD   -9.0043  -11.0594   -2.0551    0.1788
 2347 GWVVDME   -9.6959  -10.2885   -0.5926    0.1788
 2348 GWMVDVD   -9.6447   -9.9201   -0.2754    0.1788
 2349 GWMVDVK   -9.4398   -9.2223    0.2174    0.1788
 2350 GWMVDVK   -9.4398   -9.2223    0.2174    0.1788
 2351 GWMVDVE   -9.4273  -10.0199   -0.5926    0.1788
 2352 GWMVEVE  -11.1822  -12.0919   -0.9097    0.1788
 2353 GWMVEVE  -11.1822  -12.0919   -0.9097    0.1788
 2354 GWMVEVK  -11.1905  -11.2902   -0.0997    0.1788
 2355 GWMVEVK  -11.1905  -11.2902   -0.0997    0.1788
 2356 GWMVEVE  -10.7424  -11.6521   -0.9097    0.1788
 2357 GWMVEVE  -10.7424  -11.6521   -0.9097    0.1788
 2358 MWVVEGE   -7.7734   -8.7945   -1.0211    0.1788
 2359 VWEMEGV   -6.9341   -7.7324   -0.7983    0.1788
 2360 EFVVEGV   -7.9292   -9.0255   -1.0963    0.1788
 2361 VFIVEGE   -9.5975  -10.7109   -1.1134    0.1788
 2362 VFIVEGD   -9.7651  -10.5614   -0.7963    0.1788
 2363 IVFVEGE   -8.2401   -9.3535   -1.1134    0.1788
 2364 IVFVDGD   -8.4151   -8.8943   -0.4791    0.1788
 2365 FVIVDGD   -9.1652   -9.6443   -0.4791    0.1788
 2366 FIVVDGD   -9.0099   -9.4890   -0.4791    0.1788
 2367 MIVVDGD  -11.5041  -12.2964   -0.7923    0.1788
 2368 MMVVDGD  -10.4468  -12.6079   -2.1611    0.1788
 2369 VMIVEGD   -9.9062  -11.0157   -1.1094    0.1788
 2370 VKILEGM  -10.0000  -11.6892   -1.6891    0.1788
 2371 MEILKGV   -8.7610  -10.4502   -1.6891    0.1788
 2372 MEILDGV   -6.5318   -8.7138   -2.1820    0.1788
 2373 MKILDGV  -10.5922  -11.9642   -1.3720    0.1788
 2374 MKILDGV  -10.5922  -11.9642   -1.3720    0.1788
 2375 MKILDGV  -10.5922  -11.9642   -1.3720    0.1788
 2376 MKIIDGV  -11.2827  -11.4250   -0.1423    0.1788
 2377 MIIKDGV   -9.0201   -9.3853   -0.3651    0.1788
 2378 MIIKEGV  -10.3838  -11.0661   -0.6823    0.1788
 2379 MVIKEGI  -10.6102  -11.2925   -0.6823    0.1788
 2380 MVIKEGM  -10.7244  -11.3356   -0.6111    0.1788
 2381 MVIKEGI  -10.8123  -11.4946   -0.6823    0.1788
 2382 MVIKEGM  -10.2568  -10.8679   -0.6111    0.1788
 2383 MKIVEGM  -11.8179  -12.2062   -0.3883    0.1788
 2384 MKIVEGF  -10.7471  -10.9023   -0.1551    0.1788
 2385 MKIVEGV  -12.6234  -13.0171   -0.3937    0.1788
 2386 MKVIEGL  -10.8066  -12.4957   -1.6891    0.1788
 2387 MKVIEGL  -10.8066  -12.4957   -1.6891    0.1788
 2388 VKGIDML   -6.7263   -8.0983   -1.3720    0.1788
 2389 VRMIDGL   -5.8671  -10.6031   -4.7360    0.1788
 2390 MRMIDGL   -6.5521  -11.3627   -4.8106    0.1788
 2391 MRMIDGY   -5.4313   -9.6873   -4.2560    0.1788
 2392 MRMIDGI   -8.2482  -11.8290   -3.5809    0.1788
 2393 MRIVDGI   -7.7917  -11.2980   -3.5063    0.1788
 2394 MRIVDGI   -7.7917  -11.2980   -3.5063    0.1788
 2395 MKIVDGI  -11.3546  -11.4969   -0.1423    0.1788
 2396 MKVIDGI  -12.0688  -12.2111   -0.1423    0.1788
 2397 MKVIDGI  -12.0688  -12.2111   -0.1423    0.1788
 2398 MKVMDGI  -11.8978  -11.9689   -0.0711    0.1788
 2399 MKIMDGW   -9.9326  -11.5040   -1.5714    0.1788
 2400 MKIMDGW   -9.9326  -11.5040   -1.5714    0.1788
 2401 MKIVDGW  -10.3391  -11.8360   -1.4969    0.1788
 2402 AKIVDGW   -9.6001  -10.4984   -0.8983    0.1788
 2403 AKIVDGW   -9.6001  -10.4984   -0.8983    0.1788
 2404 VKWGDGW   -9.3732   -9.0873    0.2860    0.1788
 2405 VKGWDGW   -9.1187   -8.8327    0.2860    0.1788
 2406 MKGWDGW   -9.4087   -9.1173    0.2914    0.1788
 2407 MKWGDGW   -9.8511   -9.5597    0.2914    0.1788
 2408 MKWGDGW   -9.8511   -9.5597    0.2914    0.1788
 2409 WKWGDGM   -6.1459   -5.8545    0.2914    0.1788
 2410 WKWGDGA   -5.2957   -8.2857   -2.9900    0.1788
 2411 WKWGDGA   -5.2957   -8.2857   -2.9900    0.1788
 2412 WKWGDGA   -5.2957   -8.2857   -2.9900    0.1788
 2413 WKWGDGY   -5.6702   -6.2050   -0.5349    0.1788
 2414 WKWGDGY   -5.6702   -6.2050   -0.5349    0.1788
 2415 WKWGDGM   -5.2848   -4.9934    0.2914    0.1788
 2416 WKWGDGM   -5.2848   -4.9934    0.2914    0.1788
 2417 WKWGDGM   -5.2848   -4.9934    0.2914    0.1788
 2418 WKMGDGW   -8.1047   -7.8133    0.2914    0.1788
 2419 MKWGDGW   -9.7777   -9.4862    0.2914    0.1788
 2420 MKWGDGW   -9.7777   -9.4862    0.2914    0.1788
 2421 MKWGDGW   -9.7777   -9.4862    0.2914    0.1788
 2422 MKWGDGW   -9.7777   -9.4862    0.2914    0.1788
 2423 MDWGDGW   -3.3875   -3.5890   -0.2014    0.1788
 2424 KMWGDGW   -6.5485   -6.3685    0.1800    0.1788
 2425 KMWGDGW   -6.5485   -6.3685    0.1800    0.1788
 2426 KWMGDGW   -6.9157   -6.7357    0.1800    0.1788
 2427 KWMGEGW   -8.7890   -8.9262   -0.1371    0.1788
 2428 KWMGEGW   -8.7890   -8.9262   -0.1371    0.1788
 2429 KWMGEGA   -4.9140  -10.7868   -5.8729    0.1788
 2430 KWMGEGA   -4.9140  -10.7868   -5.8729    0.1788
 2431 KWMGEGW   -9.1471   -9.2843   -0.1371    0.1788
 2432 KWMGEGW   -9.1471   -9.2843   -0.1371    0.1788
 2433 KWMGEGW   -9.1471   -9.2843   -0.1371    0.1788
 2434 KWMGEGW   -9.1471   -9.2843   -0.1371    0.1788
 2435 KWMGEGW   -9.1471   -9.2843   -0.1371    0.1788
 2436 KWMGEGW   -9.1471   -9.2843   -0.1371    0.1788
 2437 KWMGEGW   -9.1471   -9.2843   -0.1371    0.1788
 2438 KWMGEGV   -8.3657  -10.9626   -2.5969    0.1788
 2439 KWVGEGV   -9.2764  -11.8787   -2.6023    0.1788
 2440 KWVGEGV   -9.2764  -11.8787   -2.6023    0.1788
 2441 KWVGDGV   -8.5381  -10.8233   -2.2851    0.1788
 2442 KWVGDGW   -9.3556   -9.1810    0.1746    0.1788
 2443 KWVGEGW   -9.7434   -9.8860   -0.1426    0.1788
 2444 KWVGDGW   -9.6640   -9.4895    0.1746    0.1788
 2445 KWWGDGV  -10.1337   -9.9591    0.1746    0.1788
 2446 KWWGDGV  -10.1337   -9.9591    0.1746    0.1788
 2447 KWIGEGV   -8.9388  -10.1668   -1.2280    0.1788
 2448 MWKGEGV   -8.2051  -10.8020   -2.5969    0.1788
 2449 MWKGEGV   -8.2051  -10.8020   -2.5969    0.1788
 2450 MWKGEGV   -8.2051  -10.8020   -2.5969    0.1788
 2451 MWKGEGV   -8.2051  -10.8020   -2.5969    0.1788
 2452 MWKGDGL   -7.0551   -9.7502   -2.6951    0.1788
 2453 MWKGDGL   -7.0551   -9.7502   -2.6951    0.1788
 2454 WWKGDGL   -5.6724   -8.1533   -2.4809    0.1788
 2455 LIKGWGD   -4.5211   -5.8474   -1.3263    0.1788
 2456 MLKGWGD   -6.1586   -8.8537   -2.6951    0.1788
 2457 WIKGMGD   -6.5300   -7.4354   -0.9054    0.1788
 2458 WLKGFGD   -6.9325   -8.0345   -1.1020    0.1788
 2459 WLKGWGD   -6.1118   -8.5927   -2.4809    0.1788
 2460 LLKGWGD   -5.4972   -8.6132   -3.1160    0.1788
 2461 MLKGWGE   -6.4590   -9.4712   -3.0123    0.1788
 2462 WLKGWGD   -7.4428   -9.9237   -2.4809    0.1788
 2463 MWKGWGD   -7.9216   -7.7416    0.1800    0.1788
 2464 WWKGMGD   -8.4235   -8.2435    0.1800    0.1788
 2465 WWKGMGD   -8.4235   -8.2435    0.1800    0.1788
 2466 WWKGMGD   -8.4235   -8.2435    0.1800    0.1788
 2467 WWKGMGD   -8.4235   -8.2435    0.1800    0.1788
 2468 WWKGMGD   -8.4235   -8.2435    0.1800    0.1788
 2469 IWKGMGD   -6.9417   -7.8471   -0.9054    0.1788
 2470 IWKGMGD   -6.9417   -7.8471   -0.9054    0.1788
 2471 IWKGMGE   -7.1246   -8.3472   -1.2226    0.1788
 2472 WWKGMGD   -7.3763   -7.1963    0.1800    0.1788
 2473 WWKGMGD   -7.3763   -7.1963    0.1800    0.1788
 2474 WWKGMGD   -7.3763   -7.1963    0.1800    0.1788
 2475 WFKGMGD   -6.3783   -7.0594   -0.6811    0.1788
 2476 VFKGWGD   -7.6007   -8.2873   -0.6866    0.1788
 2477 KWVGFGD   -8.7274   -9.4139   -0.6866    0.1788
 2478 KWWGFGE   -7.3132   -8.5772   -1.2640    0.1788
 2479 KWWGVGE   -8.8826   -9.0252   -0.1426    0.1788
 2480 KWWGFGE   -7.5578   -8.8218   -1.2640    0.1788
 2481 KVWGMGD   -8.8578  -11.1375   -2.2797    0.1788
 2482 MVKGWGD   -8.8279  -11.1076   -2.2797    0.1788
 2483 MVKGWGD   -8.8279  -11.1076   -2.2797    0.1788
 2484 MVKGWGD   -8.8279  -11.1076   -2.2797    0.1788
 2485 IIKGWGD  -10.0199   -9.9164    0.1034    0.1788
 2486 IIKGWGE  -10.2566  -10.4703   -0.2137    0.1788
 2487 IIKGWGE  -10.2566  -10.4703   -0.2137    0.1788
 2488 IIKGWGE  -10.2566  -10.4703   -0.2137    0.1788
 2489 EIKGWGL   -7.0764   -8.6084   -1.5320    0.1788
 2490 EIKGWGV   -8.0956   -9.2122   -1.1166    0.1788
 2491 IVKGWGE   -8.9896  -10.2176   -1.2280    0.1788
 2492 KVIGWGD  -10.5499  -11.4608   -0.9109    0.1788
 2493 KIVGWGD  -10.4530  -11.3639   -0.9109    0.1788
 2494 KVVGWGD   -8.9503  -11.2354   -2.2851    0.1788
 2495 KVVGWGD   -8.9503  -11.2354   -2.2851    0.1788
 2496 KIVGWGD  -10.4203  -11.3311   -0.9109    0.1788
 2497 KIVGWGD  -10.4203  -11.3311   -0.9109    0.1788
 2498 KIVGWGD  -10.4203  -11.3311   -0.9109    0.1788
 2499 KVIGWGD  -10.9204  -11.8312   -0.9109    0.1788
 2500 KVIGWGD  -10.9204  -11.8312   -0.9109    0.1788
 2501 KVIGWGD  -10.9204  -11.8312   -0.9109    0.1788
 2502 KVIGWGD  -10.9204  -11.8312   -0.9109    0.1788
 2503 KVIGWGD  -10.9204  -11.8312   -0.9109    0.1788
 2504 KVIGWGD  -10.9204  -11.8312   -0.9109    0.1788
 2505 KWIGVGD   -9.9132  -10.8241   -0.9109    0.1788
 2506 KIIGVGD   -9.7573  -11.7536   -1.9963    0.1788
 2507 KVWGIGD   -9.0017   -9.9126   -0.9109    0.1788
 2508 KVWGIGD   -9.0017   -9.9126   -0.9109    0.1788
 2509 KVWGLGD   -8.6333  -11.3339   -2.7006    0.1788
 2510 KVWGLGE   -7.9348  -10.9526   -3.0177    0.1788
 2511 KVWGLGE   -7.9348  -10.9526   -3.0177    0.1788
 2512 KVWGMGE   -8.4146  -11.0114   -2.5969    0.1788
 2513 KVWGMGE   -8.4146  -11.0114   -2.5969    0.1788
 2514 KVWGMGE   -8.4908  -11.0877   -2.5969    0.1788
 2515 KVMGWGE   -8.0532  -10.6500   -2.5969    0.1788
 2516 MVKGWGE   -7.2900   -9.8868   -2.5969    0.1788
 2517 MWKGVGE   -9.2567  -11.8536   -2.5969    0.1788
 2518 MWKGVGE   -9.1051  -11.7020   -2.5969    0.1690
 2519 MWKGVGE   -9.1051  -11.7020   -2.5969    0.1690
 2520 MWKGVGE   -9.1051  -11.7020   -2.5969    0.1690
 2521 MWKGVGE   -9.1051  -11.7020   -2.5969    0.1690
 2522 MWKGVGE   -9.1051  -11.7020   -2.5969    0.1690
 2523 MWKGVGE   -9.1051  -11.7020   -2.5969    0.1690
 2524 MWKGVGE   -9.1051  -11.7020   -2.5969    0.1690
 2525 MWKGVGE   -9.1051  -11.7020   -2.5969    0.1690
 2526 MWKGVGE   -9.1051  -11.7020   -2.5969    0.1690
 2527 MWKGEGV   -8.8943  -11.4912   -2.5969    0.1690
 2528 KWMGEGV   -8.4909  -11.0877   -2.5969    0.1690
 2529 MWKGVGE   -9.6969  -12.2938   -2.5969    0.1690
 2530 MWKGVGE   -9.6969  -12.2938   -2.5969    0.1690
 2531 MWKGVGE   -9.6969  -12.2938   -2.5969    0.1690
 2532 EKWGVGI   -8.3325   -9.5605   -1.2280    0.1690
 2533 EIWGVGK   -7.1906   -8.4186   -1.2280    0.1690
 2534 EIWGEGV   -5.4738   -7.5118   -2.0380    0.1690
 2535 EWWGDGV   -5.7985   -6.4340   -0.6354    0.1690
 2536 KWWGVGD   -9.7693   -9.5947    0.1746    0.1690
 2537 KWWGVGD   -9.7693   -9.5947    0.1746    0.1690
 2538 KWWGVGD   -9.7693   -9.5947    0.1746    0.1690
 2539 KWWGVGD   -9.7693   -9.5947    0.1746    0.1690
 2540 KWWGVGD   -9.7693   -9.5947    0.1746    0.1690
 2541 KWWGVGD   -9.7693   -9.5947    0.1746    0.1690
 2542 KWWGMGD  -10.5883  -10.4083    0.1800    0.1690
 2543 KWWGMGD  -10.5883  -10.4083    0.1800    0.1690
 2544 KWWGMGD  -10.5883  -10.4083    0.1800    0.1690
 2545 KWWGMGD  -10.5883  -10.4083    0.1800    0.1690
 2546 KWWGMGD  -10.5883  -10.4083    0.1800    0.1690
 2547 KWWGMGD  -10.5883  -10.4083    0.1800    0.1690
 2548 KWWGMGD  -10.5883  -10.4083    0.1800    0.1690
 2549 KWWGMGD  -10.5883  -10.4083    0.1800    0.1690
 2550 KWWGMGE  -10.3049  -10.4421   -0.1371    0.1690
 2551 KWWGMGE  -10.3049  -10.4421   -0.1371    0.1690
 2552 KWWGMGE  -10.3049  -10.4421   -0.1371    0.1690
 2553 KWWGMGE  -10.3049  -10.4421   -0.1371    0.1690
 2554 KWWGMGD  -11.1391  -10.9592    0.1800    0.1690
 2555 KWWGMGD  -11.1391  -10.9592    0.1800    0.1690
 2556 KWWGMGD  -11.1391  -10.9592    0.1800    0.1690
 2557 KWWGMGD  -11.1391  -10.9592    0.1800    0.1690
 2558 KWWGMGD  -11.1391  -10.9592    0.1800    0.1690
 2559 KWWGDGM   -8.4369   -8.2569    0.1800    0.1690
 2560 KWWGDGM   -8.4369   -8.2569    0.1800    0.1690
 2561 KWWGDGM   -8.4369   -8.2569    0.1800    0.1690
 2562 KMWGDGW   -8.9632   -8.7832    0.1800    0.1690
 2563 KMWGDGW   -8.9632   -8.7832    0.1800    0.1690
 2564 KMWGDGW   -8.9632   -8.7832    0.1800    0.1690
 2565 MKWGDGW  -10.3760  -10.0846    0.2914    0.1690
 2566 MKWGDGI  -10.6099  -11.4039   -0.7940    0.1690
 2567 LKWGDGI  -10.1456  -11.3604   -1.2149    0.1690
 2568 LKWGDGI  -10.1456  -11.3604   -1.2149    0.1690
 2569 IKWGDGI  -10.9189  -10.7041    0.2149    0.1690
 2570 VKWGDGI  -10.2479  -11.0473   -0.7994    0.1690
 2571 VKWGDGI  -10.2479  -11.0473   -0.7994    0.1690
 2572 VDKGVGI   -5.2296   -8.6002   -3.3706    0.1690
 2573 KVWGDGI   -8.4512   -9.3621   -0.9109    0.1690
 2574 KMWGDGI   -5.2859   -6.1914   -0.9054    0.1690
 2575 KIWGDGM   -5.3369   -6.2423   -0.9054    0.1690
 2576 KIWGEGM   -5.2561   -6.4787   -1.2226    0.1690
 2577 KIWGEGV   -7.2224   -8.4504   -1.2280    0.1690
 2578 KIWGEGV   -7.2224   -8.4504   -1.2280    0.1690
 2579 KIWGEGV   -7.2224   -8.4504   -1.2280    0.1690
 2580 KVWGEGV   -6.4289   -9.0312   -2.6023    0.1690
 2581 WVKGEGL   -6.5323   -9.5500   -3.0177    0.1690
 2582 WFKGVGE   -7.7398   -8.7435   -1.0037    0.1690
 2583 WFKGVGD   -9.4876  -10.1742   -0.6866    0.1690
 2584 WFKGVGD   -9.4876  -10.1742   -0.6866    0.1690
 2585 MFKGVGD   -7.6998  -10.8406   -3.1409    0.1690
 2586 KFMGVGD   -7.5697  -10.7106   -3.1409    0.1690
 2587 KFMGVGD   -7.5697  -10.7106   -3.1409    0.1690
 2588 KFMGVGD   -7.5697  -10.7106   -3.1409    0.1690
 2589 KFFGVGD   -8.0905   -9.6382   -1.5477    0.1690
 2590 KFFGMGD   -7.1670   -8.7093   -1.5423    0.1690
 2591 KFFGMGD   -7.1670   -8.7093   -1.5423    0.1690
 2592 FIFGKGD   -4.2685   -4.5534   -0.2849    0.1690
 2593 FKFGDGI   -5.5313   -5.5933   -0.0620    0.1690
 2594 FKFGDGI   -5.6507   -5.7127   -0.0620    0.1690
 2595 FKWGDGV   -8.4402   -9.0154   -0.5751    0.1690
 2596 WKFGDGV   -6.4318   -7.0069   -0.5751    0.1690
 2597 WKWGDGW   -6.1821   -8.6764   -2.4943    0.1690
 2598 WKWGDGG   -6.2506   -9.3646   -3.1140    0.1690
 2599 WKWGDGI   -6.5596   -7.6993   -1.1397    0.1690
 2600 LKWGDGI   -6.8329   -8.0477   -1.2149    0.1690
 2601 FKWGDGI   -7.2629   -6.7438    0.5191    0.1690
 2602 VKGWDGF   -5.0774   -5.6525   -0.5751    0.1690
 2603 VKGWDGF   -5.0774   -5.6525   -0.5751    0.1690
 2604 VKFGDGW   -7.4164   -7.9915   -0.5751    0.1690
 2605 VKFGDGF   -6.1940   -7.6303   -1.4363    0.1690
 2606 VKFGDGF   -6.1940   -7.6303   -1.4363    0.1690
 2607 VKFGDGF   -6.1940   -7.6303   -1.4363    0.1690
 2608 VKFGDAF   -6.3470   -7.8821   -1.5351    0.1690
 2609 MKFGDVF   -7.4991   -7.0328    0.4663    0.1690
 2610 MKFGEVF   -6.4487   -6.2996    0.1491    0.1690
 2611 FKMGEFV   -5.0479   -4.8988    0.1491    0.1690
 2612 FKMGEFV   -5.0479   -4.8988    0.1491    0.1690
 2613 FKMGDFV   -7.0868   -6.6205    0.4663    0.1690
 2614 FKMGDVF   -7.3391   -6.8728    0.4663    0.1690
 2615 FKMGDVF   -7.3391   -6.8728    0.4663    0.1690
 2616 FKMGDVF   -7.3391   -6.8728    0.4663    0.1690
 2617 FKVGDVL   -7.9882   -8.9814   -0.9931    0.1690
 2618 FKVGEVI   -6.7157   -6.7962   -0.0806    0.1690
 2619 FKVGDVV   -9.9135   -9.7712    0.1423    0.1690
 2620 MKVGDFV  -10.6079  -10.4602    0.1477    0.1690
 2621 MKVGDFV  -10.6079  -10.4602    0.1477    0.1690
 2622 MKVGDFV  -10.6079  -10.4602    0.1477    0.1690
 2623 MKVGDFV  -10.6079  -10.4602    0.1477    0.1690
 2624 MKGVDFV   -9.6034   -9.4556    0.1477    0.1690
 2625 MKGVDFV   -9.6034   -9.4556    0.1477    0.1690
 2626 MKGVDFV   -9.6034   -9.4556    0.1477    0.1690
 2627 MKMVDLV   -9.9846  -13.0683   -3.0837    0.1690
 2628 MKMVDVL   -9.6098  -12.6936   -3.0837    0.1690
 2629 MKMVDAL   -9.9079  -11.8676   -1.9597    0.1690
 2630 MKVVDLA   -9.9734  -11.9385   -1.9651    0.1690
 2631 MEVVDLA   -6.7382   -9.5133   -2.7751    0.1690
 2632 ARMVDIV   -7.1398  -10.6792   -3.5394    0.1690
 2633 ARMVDIV   -7.1398  -10.6792   -3.5394    0.1690
 2634 MRAVDIV   -8.3195  -11.8589   -3.5394    0.1690
 2635 MRAVDIV   -8.3195  -11.8589   -3.5394    0.1690
 2636 MRAVDIV   -8.3195  -11.8589   -3.5394    0.1690
 2637 MEAIEVV   -7.0280   -8.3306   -1.3026    0.1690
 2638 MEAMELV   -5.6760   -8.7629   -3.0869    0.1690
 2639 MKAMELV   -9.0013  -11.2782   -2.2769    0.1690
 2640 LKAMEMV   -6.5048   -8.7816   -2.2769    0.1690
 2641 MKAMEVM   -9.4446  -11.3006   -1.8560    0.1690
 2642 MKIVEAM  -11.7548  -12.2420   -0.4871    0.1690
 2643 MKIVEAM  -11.6211  -12.1083   -0.4871    0.1690
 2644 MKIVEAV  -13.9185  -14.4111   -0.4926    0.1690
 2645 IKMVEAV  -11.4546  -11.9472   -0.4926    0.1690
 2646 IKVMEAV  -11.5583  -12.0509   -0.4926    0.1690
 2647 IKVMEAV  -11.5583  -12.0509   -0.4926    0.1690
 2648 IKVVEAM  -12.2231  -12.7157   -0.4926    0.1690
 2649 IVVKMAE   -9.8031  -10.4071   -0.6040    0.1690
 2650 EIVKVAM   -9.0525   -9.6565   -0.6040    0.1690
 2651 DIVKVMA   -8.5818   -8.8687   -0.2869    0.1690
 2652 AKVIVMD  -12.1972  -12.4841   -0.2869    0.1690
 2653 AKVIVMD  -12.1972  -12.4841   -0.2869    0.1690
 2654 AKVIVDM  -12.6949  -12.8703   -0.1754    0.1690
 2655 AKVIVEM  -12.0577  -12.5503   -0.4926    0.1690
 2656 AKVIVEM  -12.0577  -12.5503   -0.4926    0.1690
 2657 AKVIVEM  -12.0577  -12.5503   -0.4926    0.1690
 2658 AKVIVME  -12.4391  -13.0431   -0.6040    0.1690
 2659 AKMIVVD  -11.4988  -11.7856   -0.2869    0.1690
 2660 AIVVKMD  -10.1492  -10.4360   -0.2869    0.1690
 2661 AIVKVDM  -10.3026  -10.4780   -0.1754    0.1690
 2662 GIVKMDF   -9.9758   -9.8138    0.1620    0.1690
 2663 GIVKMDL   -8.9668  -10.3388   -1.3720    0.1690
 2664 GIVKMEL   -8.8046  -10.4938   -1.6891    0.1690
 2665 GILEMVE   -6.9034   -9.5140   -2.6106    0.1690
 2666 GILEVVK   -7.1462   -8.8722   -1.7260    0.1690
 2667 AIVEVLK   -6.7037  -10.2085   -3.5049    0.1690
 2668 AIVKVID   -9.4073  -11.3653   -1.9580    0.1690
 2669 AIVKVVD  -11.5476  -11.8399   -0.2923    0.1690
 2670 AIVKVVD  -11.5476  -11.8399   -0.2923    0.1690
 2671 AIVKMVD  -11.6315  -11.9184   -0.2869    0.1690
 2672 AIVKMVD  -11.6315  -11.9184   -0.2869    0.1690
 2673 AIVEMAD   -7.5251  -11.8979   -4.3729    0.1690
 2674 AIVKMDA   -7.5769  -11.0283   -3.4514    0.1690
 2675 AIVKMDA   -7.5769  -11.0283   -3.4514    0.1690
 2676 GIVKMDA   -7.4775  -10.8301   -3.3526    0.1690
 2677 MIVKADA   -5.6574   -9.1088   -3.4514    0.1690
 2678 MIVKVEA   -8.7035   -9.1961   -0.4926    0.1690
 2679 KIVEVVA  -10.7875  -11.3969   -0.6094    0.1690
 2680 KIVEMVG  -11.1429  -11.6481   -0.5051    0.1690
 2681 KIVEMVG  -11.1429  -11.6481   -0.5051    0.1690
 2682 MIVKVEG   -7.8478   -8.3529   -0.5051    0.1690
 2683 GIEKVVG   -5.7371   -9.5363   -3.7991    0.1690
 2684 GIKEVVY   -7.6042   -9.0471   -1.4429    0.1690
 2685 GIVEKVV  -10.1684  -10.7904   -0.6220    0.1690
 2686 AIVEKVV  -10.1120  -10.8329   -0.7209    0.1690
 2687 AIVEKVV  -10.1120  -10.8329   -0.7209    0.1690
 2688 AIKVVVE  -12.0385  -12.6480   -0.6094    0.1690
 2689 AIKVVVE  -12.0385  -12.6480   -0.6094    0.1690
 2690 AVKVVEI  -11.1032  -11.6012   -0.4980    0.1690
 2691 AVKVVEI  -11.1032  -11.6012   -0.4980    0.1690
 2692 AVKEVVI  -10.7472  -11.4681   -0.7209    0.1690
 2693 AVKDVVI   -8.9996   -9.4033   -0.4037    0.1690
 2694 AIVDVKV   -7.9067   -8.0875   -0.1809    0.1690
 2695 AKVDVIV   -9.6665   -9.8473   -0.1809    0.1690
 2696 AVDVKVI   -8.7979   -8.9788   -0.1809    0.1690
 2697 AVEVKVF   -9.6412   -9.9149   -0.2737    0.1690
 2698 AVEVVKI  -10.7087  -11.2067   -0.4980    0.1690
 2699 AKEVVVI  -11.5976  -12.3184   -0.7209    0.1690
 2700 AKEIVVV  -10.0249  -10.7458   -0.7209    0.1690
 2701 AEEIVVV   -5.5133   -7.0442   -1.5309    0.1690
 2702 AIVEVVE   -8.9340  -10.3534   -1.4194    0.1690
 2703 AVVEIVE   -8.6173  -10.0368   -1.4194    0.1690
 2704 AVVVEIE  -10.6148  -12.0342   -1.4194    0.1690
 2705 AVMVEIE  -10.3997  -11.8137   -1.4140    0.1690
 2706 AVMVEIE  -10.3997  -11.8137   -1.4140    0.1690
 2707 GMVVEIK   -8.5396   -9.0448   -0.5051    0.1690
 2708 WMVVEGK   -9.3515   -9.5626   -0.2111    0.1690
 2709 WVVMEGK   -8.7025   -8.9136   -0.2111    0.1690
 2710 WVVMEGK   -8.7648   -8.9760   -0.2111    0.1690
 2711 WKVMEGV  -12.1544  -12.1427    0.0117    0.1690
 2712 WKVMEGV  -12.1544  -12.1427    0.0117    0.1690
 2713 WKVMEGV  -12.1544  -12.1427    0.0117    0.1690
 2714 WKVMEGV  -12.1544  -12.1427    0.0117    0.1690
 2715 WKVMEGV  -12.1544  -12.1427    0.0117    0.1690
 2716 WKVAEGL   -8.0111  -11.0162   -3.0051    0.1690
 2717 WKIIEGV   -8.8218  -12.3869   -3.5651    0.1690
 2718 YKIIEGV  -12.8947  -12.7404    0.1543    0.1690
 2719 YKILEGV  -12.9889  -14.6244   -1.6354    0.1690
 2720 YKILEGV  -12.9771  -14.6125   -1.6354    0.1359
 2721 YKILDGV  -12.0440  -13.3623   -1.3183    0.1359
 2722 YKIIDGV  -12.6471  -12.1757    0.4714    0.1359
 2723 YKILDGV  -12.0299  -13.3482   -1.3183    0.1359
 2724 YKIWDGV  -10.3240  -11.1671   -0.8431    0.1359
 2725 YKIWDGV  -10.3240  -11.1671   -0.8431    0.1359
 2726 YKIWDGV  -10.3240  -11.1671   -0.8431    0.1359
 2727 YKIIDGV  -12.4666  -11.9952    0.4714    0.1359
 2728 YKIIDGV  -12.4666  -11.9952    0.4714    0.1359
 2729 YKIIDGV  -12.4666  -11.9952    0.4714    0.1359
 2730 YKIIDGV  -12.4666  -11.9952    0.4714    0.1359
 2731 YKIIDGV  -12.4666  -11.9952    0.4714    0.1359
 2732 YKIIDGV  -12.4666  -11.9952    0.4714    0.1359
 2733 YKIIDGV  -12.4666  -11.9952    0.4714    0.1359
 2734 YKIIDGV  -12.4666  -11.9952    0.4714    0.1359
 2735 YKIIDGV  -12.4666  -11.9952    0.4714    0.1359
 2736 VKIIDGY  -11.8213  -11.3499    0.4714    0.1359
 2737 VKIIEGY  -11.9723  -11.8180    0.1543    0.1359
 2738 IKVIEGY  -11.5304  -11.3761    0.1543    0.1359
 2739 VKIIEGY  -12.0809  -11.9266    0.1543    0.1359
 2740 VKIIEGY  -12.0809  -11.9266    0.1543    0.1359
 2741 VKIVEGY  -11.8868  -13.1068   -1.2200    0.1359
 2742 VKIVEGV  -12.7627  -13.1619   -0.3991    0.1359
 2743 IKVVVGE  -10.8257  -11.3362   -0.5106    0.1359
 2744 IKVVEGV  -11.4706  -11.8697   -0.3991    0.1359
 2745 VKIVEGM  -11.9994  -12.3931   -0.3937    0.1359
 2746 GKIVEMM   -9.2702   -9.7699   -0.4997    0.1359
 2747 GKIVMEV   -7.8395   -8.3446   -0.5051    0.1359
 2748 GKIVVEV   -9.7592  -10.2698   -0.5106    0.1359
 2749 GKIVVEV   -9.7592  -10.2698   -0.5106    0.1359
 2750 GKVIVEV  -10.1502  -10.6607   -0.5106    0.1359
 2751 GKVIEVM  -11.0381  -11.5432   -0.5051    0.1359
 2752 GKVIEMV  -10.7068  -11.2120   -0.5051    0.1359
 2753 VKIIEGM  -12.2834  -12.7428   -0.4594    0.1359
 2754 VKVIEGM  -11.5506  -11.9443   -0.3937    0.1359
 2755 VKIIEGM  -12.2005  -12.6599   -0.4594    0.1359
 2756 MKIVEGI  -12.8502  -13.3097   -0.4594    0.1359
 2757 VKIVEGM  -12.0798  -12.4735   -0.3937    0.1359
 2758 IKVVDGL  -10.7143  -12.0117   -1.2974    0.1359
 2759 VKVVDGL  -10.2302  -12.1019   -1.8717    0.1359
 2760 VKVVEGL  -10.0265  -12.2154   -2.1889    0.1359
 2761 ELVVVGK   -6.0753   -8.4870   -2.4117    0.1359
 2762 DLVLVGK   -5.7809   -8.5309   -2.7500    0.1359
 2763 DMVVIGK   -6.4808   -6.7802   -0.2994    0.1359
 2764 DGVVIMK   -6.4159   -6.7153   -0.2994    0.1359
 2765 DGIVVME   -4.2301   -5.3395   -1.1094    0.1359
 2766 EGMIVDV   -4.5043   -5.5023   -0.9980    0.1359
 2767 IKMVVGD   -8.6847   -8.8727   -0.1880    0.1359
 2768 IKMVVDG   -8.3123   -8.5003   -0.1880    0.1359
 2769 IKMIVDG   -7.3162   -7.5700   -0.2537    0.1359
 2770 AKIIVDM   -4.8936   -6.8147   -1.9211    0.1359
 2771 AKIIVDM   -4.8936   -6.8147   -1.9211    0.1359
 2772 VKAIAMD   -3.7062   -7.2691   -3.5629    0.1359
 2773 VIAKAMD   -4.6589   -8.2217   -3.5629    0.1359
 2774 VMAKADI   -4.4145   -7.8659   -3.4514    0.1359
 2775 VMAKAEW   -5.1059   -7.7890   -2.6831    0.1359
 2776 MMAKAEW   -4.5073   -7.1850   -2.6777    0.1359
 2777 MMAKAEW   -4.5073   -7.1850   -2.6777    0.1359
 2778 MMAKADW   -5.2050   -7.5655   -2.3606    0.1359
 2779 MAAKMEW   -4.9387   -7.6164   -2.6777    0.1359
 2780 MAAKMEW   -4.9387   -7.6164   -2.6777    0.1359
 2781 MAAKMEW   -4.9387   -7.6164   -2.6777    0.1359
 2782 MAAKMEW   -4.9387   -7.6164   -2.6777    0.1359
 2783 MAMKMEI   -3.7211   -4.2828   -0.5617    0.1359
 2784 MIAMKEM   -6.7338   -7.5184   -0.7846    0.1359
 2785 MEGMKIM   -6.9150   -7.2979   -0.3829    0.1359
 2786 MEIMKGM   -8.0676   -8.4504   -0.3829    0.1359
 2787 MEIMKGM   -8.0676   -8.4504   -0.3829    0.1359
 2788 FKIMMGD   -7.8827   -7.9067   -0.0240    0.1359
 2789 WDIMMGE   -5.0032   -7.4961   -2.4929    0.1359
 2790 WIEMMGK   -3.1420   -5.1420   -2.0000    0.1359
 2791 WMEVMGE   -6.5636   -7.5479   -0.9843    0.1359
 2792 WMEVMGE   -6.5636   -7.5479   -0.9843    0.1359
 2793 WVEVMGE   -7.4887   -8.3984   -0.9097    0.1359
 2794 WVEVMGE   -8.8164   -9.7262   -0.9097    0.1359
 2795 WVEVMGE   -7.7224   -8.6321   -0.9097    0.1359
 2796 WMVVEGE  -10.9811  -12.0022   -1.0211    0.1359
 2797 WMVVDGE  -10.2498  -10.9538   -0.7040    0.1359
 2798 WMVEDGV   -8.7321   -9.4361   -0.7040    0.1359
 2799 WMVDEGV   -7.7082   -8.4122   -0.7040    0.1359
 2800 WMVDEGV   -7.7082   -8.4122   -0.7040    0.1359
 2801 WDMVEGV   -6.0652   -6.5464   -0.4811    0.1359
 2802 WDKVMGV   -8.7166   -8.4992    0.2174    0.1359
 2803 WDKVMGV   -8.7166   -8.4992    0.2174    0.1359
 2804 WVVKVGD  -10.4995  -10.2075    0.2920    0.1359
 2805 WVVKVGD  -10.4995  -10.2075    0.2920    0.1359
 2806 WVVKVGD  -10.4995  -10.2075    0.2920    0.1359
 2807 WVVVEGD  -11.8189  -12.4484   -0.6294    0.1359
 2808 WVVVEGD  -11.8189  -12.4484   -0.6294    0.1359
 2809 WVVVEGD  -11.8189  -12.4484   -0.6294    0.1359
 2810 WVVVEGD  -11.8189  -12.4484   -0.6294    0.1359
 2811 WVVVEGD  -11.8189  -12.4484   -0.6294    0.1359
 2812 WMVVEGD  -11.6577  -12.3617   -0.7040    0.1359
 2813 WMVVEGD  -11.6577  -12.3617   -0.7040    0.1359
 2814 WMVVEGD  -11.6577  -12.3617   -0.7040    0.1359
 2815 WVVVEGD  -11.8070  -12.4364   -0.6294    0.1359
 2816 WVVVEGD  -11.8070  -12.4364   -0.6294    0.1359
 2817 WMVVEGD  -11.6295  -12.3335   -0.7040    0.1359
 2818 WMVMEGE  -10.0984  -11.1941   -1.0957    0.1359
 2819 WVVMEGE  -10.4200  -11.4411   -1.0211    0.1359
 2820 WVMMEGE   -9.2717  -10.3674   -1.0957    0.1359
 2821 WVEMMGE   -8.1272   -9.1115   -0.9843    0.1359
 2822 WEVMMGE   -6.6259   -7.6102   -0.9843    0.1359
 2823 WDVMMGE   -7.7480   -8.4151   -0.6671    0.1359
 2824 WDVMMGE   -7.7480   -8.4151   -0.6671    0.1359
 2825 WEVMMGD   -7.9009   -8.5680   -0.6671    0.1359
 2826 WEVMMGD   -7.9009   -8.5680   -0.6671    0.1359
 2827 WEVMMGD   -7.9009   -8.5680   -0.6671    0.1359
 2828 WVKMMGE   -7.9440   -8.1183   -0.1743    0.1359
 2829 WVKMMGE   -7.9440   -8.1183   -0.1743    0.1359
 2830 WVEMMGE   -7.9489   -8.9331   -0.9843    0.1359
 2831 WVKMMGE   -7.9414   -8.1157   -0.1743    0.1359
 2832 WMKMVGE   -6.8924   -7.0667   -0.1743    0.1359
 2833 WMKMVGE   -6.8924   -7.0667   -0.1743    0.1359
 2834 WMKMVGE   -6.8924   -7.0667   -0.1743    0.1359
 2835 WMKMMGD   -8.7611   -8.6928    0.0683    0.1359
 2836 WMKMMGD   -8.7611   -8.6928    0.0683    0.1359
 2837 WMKMVGD   -7.8979   -7.7551    0.1429    0.1359
 2838 WMVMKGD   -7.3119   -7.2805    0.0314    0.1359
 2839 WKVMMGD   -8.6625   -8.5196    0.1429    0.1359
 2840 WEVMMGD   -9.2030   -9.8701   -0.6671    0.1359
 2841 WMVMEGK   -5.9548   -6.2405   -0.2857    0.1359
 2842 MWVMEGD  -10.6688  -11.4474   -0.7786    0.1359
 2843 MLVMEGD  -10.3562  -13.2499   -2.8937    0.1359
 2844 MLIVEGD  -11.9714  -14.3763   -2.4049    0.1359
 2845 MLIVEGD  -11.9714  -14.3763   -2.4049    0.1359
 2846 GLIVEMK   -8.7376  -10.5382   -1.8006    0.1359
 2847 GLIVEMK   -8.7376  -10.5382   -1.8006    0.1359
 2848 GLMVEVK   -7.2841   -9.5790   -2.2949    0.1359
 2849 GLMVELK   -7.3092  -10.3395   -3.0303    0.1359
 2850 GLMVELE   -7.5645  -11.4048   -3.8403    0.1359
 2851 GLMVELE   -7.5645  -11.4048   -3.8403    0.1359
 2852 GLMVEVE   -8.7172  -11.8221   -3.1049    0.1359
 2853 GLMVEVE   -8.7172  -11.8221   -3.1049    0.1359
 2854 GLMVEVE   -8.7172  -11.8221   -3.1049    0.1359
 2855 GLMVEVE   -8.7172  -11.8221   -3.1049    0.1359
 2856 GLMVEVD   -9.0821  -11.8698   -2.7877    0.1359
 2857 GLLVEVD  -10.1683  -13.6169   -3.4486    0.1359
 2858 GMLVEVD  -10.6695  -13.4572   -2.7877    0.1359
 2859 GMLVEVD  -10.6695  -13.4572   -2.7877    0.1359
 2860 GMLVEVD  -10.6695  -13.4572   -2.7877    0.1359
 2861 GMVVELD   -9.6785  -12.4662   -2.7877    0.1359
 2862 GMVVEFE   -9.4226  -10.5135   -1.0909    0.1359
 2863 GMVVEFE   -9.4226  -10.5135   -1.0909    0.1359
 2864 GMVVEIE   -9.8539  -11.1690   -1.3151    0.1359
 2865 GMVVEID  -10.2094  -11.2074   -0.9980    0.1359
 2866 GMVVEID  -10.2094  -11.2074   -0.9980    0.1359
 2867 GMIVEVD   -9.3088  -10.3068   -0.9980    0.1359
 2868 GMIVEVD   -9.3088  -10.3068   -0.9980    0.1359
 2869 KMIVEVG   -8.6347   -9.1399   -0.5051    0.1359
 2870 KVIVEMG   -6.7426   -7.2477   -0.5051    0.1359
 2871 MVVVKEG   -8.0215  -10.1238   -2.1023    0.1359
 2872 KVVVVEG   -8.0522  -10.0485   -1.9963    0.1359
 2873 KVVVVDG   -9.5836  -11.2627   -1.6791    0.1359
 2874 GKVVVDG   -7.7507  -12.6070   -4.8563    0.1359
 2875 GKVVVDI  -12.2403  -12.4337   -0.1934    0.1359
 2876 AKVDVVI  -10.2263  -10.4072   -0.1809    0.1359
 2877 AKVIVVD  -12.3363  -12.6286   -0.2923    0.1359
 2878 AKVIVVD  -12.3363  -12.6286   -0.2923    0.1359
 2879 AKVVVIE  -12.5716  -13.1810   -0.6094    0.1359
 2880 AKVIVVE  -11.7145  -12.3240   -0.6094    0.1359
 2881 AKVIVVE  -11.7145  -12.3240   -0.6094    0.1359
 2882 AKMVVVD  -11.2773  -12.9384   -1.6611    0.1359
 2883 MKMVVVE  -10.2679  -10.7247   -0.4569    0.1359
 2884 FKMVVVE   -7.3039   -9.2076   -1.9037    0.1359
 2885 FKVVVVE   -7.6401   -9.4692   -1.8291    0.1359
 2886 FKVVVVE   -7.6401   -9.4692   -1.8291    0.1359
 2887 FKVVVVE   -8.8092  -10.6384   -1.8291    0.1359
 2888 FKVVVVE   -8.8092  -10.6384   -1.8291    0.1359
 2889 FKVVVVE   -8.8092  -10.6384   -1.8291    0.1359
 2890 FKVVVGE  -10.6019  -10.8882   -0.2863    0.1359
 2891 VWKVVGE  -11.2717  -11.2969   -0.0251    0.1359
 2892 VWKVVGE  -11.2717  -11.2969   -0.0251    0.1359
 2893 VWKVVGD  -11.2976  -11.0056    0.2920    0.1359
 2894 VWKVVGD  -11.6637  -11.3717    0.2920    0.1359
 2895 KVVVWGD  -11.3245  -11.1439    0.1806    0.1359
 2896 WVVVKGD  -11.3770  -11.1964    0.1806    0.1359
 2897 LVKVVGD  -10.4835  -12.4667   -1.9831    0.1359
 2898 VLKVVGD  -10.6996  -12.6827   -1.9831    0.1359
 2899 VKLVVGD   -9.8927  -11.8759   -1.9831    0.1359
 2900 GKLVVVD  -10.2522  -12.3468   -2.0946    0.1359
 2901 VKVVVVD   -9.1961   -9.1867    0.0094    0.1359
 2902 VVVVVKD   -9.3810   -9.5945   -0.2134    0.1359
 2903 VVVVVEK  -10.1604  -10.6910   -0.5306    0.1359
 2904 VVVVVEE  -10.9210  -12.2616   -1.3406    0.1359
 2905 VVVVVDD  -10.3533  -11.0596   -0.7063    0.1359
 2906 AVVVMDD   -8.7731  -11.1499   -2.3769    0.1359
 2907 AVVVVDD   -8.5305  -10.9128   -2.3823    0.1359
 2908 DEVVVVY   -8.6324   -9.0767   -0.4443    0.1359
 2909 DVVVVEY   -8.6139   -8.8353   -0.2214    0.1359
 2910 DDVVVVY   -8.3526   -8.4797   -0.1271    0.1359
 2911 DDVVYVV   -6.9998   -7.1270   -0.1271    0.1359
 2912 DEVVYVV   -6.5082   -6.9525   -0.4443    0.1359
 2913 KDVVYVV   -6.0369   -5.6712    0.3657    0.1359
 2914 YDVVKVV   -8.5732   -7.8732    0.7000    0.1359
 2915 YDVVKVV   -8.5732   -7.8732    0.7000    0.1359
 2916 YEKVVVV   -7.6326   -7.4726    0.1600    0.1359
 2917 YVKVVVE   -7.7436   -7.4722    0.2714    0.1359
 2918 YEVAMKV   -4.5776   -7.2653   -2.6877    0.1359
 2919 YEVAMKV   -4.5776   -7.2653   -2.6877    0.1359
 2920 YKVAFEV   -5.9912   -7.0858   -1.0946    0.1359
 2921 YKVAFEV   -5.9821   -7.0767   -1.0946    0.1157
 2922 YKVVFEV   -6.6249   -7.7635   -1.1386    0.1157
 2923 GKVVFVE   -9.3373   -9.7350   -0.3977    0.1157
 2924 GKVVEFI   -9.9249  -10.1169   -0.1920    0.1157
 2925 GKVVIID   -9.2625   -9.5531   -0.2906    0.1157
 2926 GKVVIMD   -9.8178  -10.1172   -0.2994    0.1157
 2927 GKVVIMD   -9.8178  -10.1172   -0.2994    0.1157
 2928 GKVVIDM   -9.7871   -9.9751   -0.1880    0.1157
 2929 GKIVVDM   -9.2194   -9.4074   -0.1880    0.1157
 2930 GKIVVDM   -9.2194   -9.4074   -0.1880    0.1157
 2931 GKVVIDY   -8.6776   -9.6919   -1.0143    0.1157
 2932 GKVVIDY   -8.6776   -9.6919   -1.0143    0.1157
 2933 GKVMIDY   -6.7359   -7.7448   -1.0089    0.1157
 2934 GKVMIDY   -6.7359   -7.7448   -1.0089    0.1157
 2935 GKVMIDY   -6.7359   -7.7448   -1.0089    0.1157
 2936 GKVMIDY   -6.7359   -7.7448   -1.0089    0.1157
 2937 GKVMIDF   -7.8679   -7.8174    0.0506    0.1157
 2938 GKVMIDM   -8.1655   -8.3480   -0.1826    0.1157
 2939 GDVMIEM   -3.7219   -4.7145   -0.9926    0.1157
 2940 EDMLIGV   -3.2416   -5.6465   -2.4049    0.1157
 2941 EDVLIGV   -4.9897   -7.3199   -2.3303    0.1157
 2942 EDVLIGV   -4.6725   -7.0028   -2.3303    0.1157
 2943 DDILFGV   -0.8536   -4.3881   -3.5346    0.1157
 2944 DDVLGGI   -0.7889   -5.2906   -4.5017    0.1157
 2945 DLFGDGV   -1.5421   -5.5967   -4.0546    0.1157
 2946 DLVGDGV   -1.6319   -7.2851   -5.6531    0.1157
 2947 KMIGDGW   -8.6630   -9.5684   -0.9054    0.1157
 2948 KFIGDGW  -10.0184   -9.6107    0.4077    0.1157
 2949 KFIGEGW  -11.0592  -10.9686    0.0906    0.1157
 2950 KFIGEGW  -11.0592  -10.9686    0.0906    0.1157
 2951 KFIGEGW  -11.0592  -10.9686    0.0906    0.1157
 2952 KFIGEGW  -11.0592  -10.9686    0.0906    0.1157
 2953 KFIGEGW  -11.0592  -10.9686    0.0906    0.1157
 2954 KFIGEGW  -11.0592  -10.9686    0.0906    0.1157
 2955 KFIGEGW  -11.0592  -10.9686    0.0906    0.1157
 2956 KFIGEGW  -11.0592  -10.9686    0.0906    0.1157
 2957 KFIGEGW  -11.0592  -10.9686    0.0906    0.1157
 2958 KIFGDGW   -7.3838   -6.9760    0.4077    0.1157
 2959 KFFGEGW   -7.4487   -7.0538    0.3949    0.1157
 2960 LKFGDGW   -6.3273   -7.3178   -0.9906    0.1157
 2961 KLFGDGW   -8.1976   -9.2996   -1.1020    0.1157
 2962 MKFGEGW   -8.0295   -8.9164   -0.8869    0.1157
 2963 MKFGEGW   -8.0295   -8.9164   -0.8869    0.1157
 2964 MKMGEGW   -8.0843  -10.5643   -2.4800    0.1157
 2965 MKWGEGM   -7.1963   -9.6763   -2.4800    0.1157
 2966 MKFGEGM   -7.3436  -10.6848   -3.3411    0.1157
 2967 LKFGEGM   -6.6248  -10.3868   -3.7620    0.1157
 2968 LKFGDGM   -7.1740  -10.6189   -3.4449    0.1157
 2969 LKFGEGM   -7.1191  -10.8811   -3.7620    0.1157
 2970 LKFGEGV   -7.6050  -11.3724   -3.7674    0.1157
 2971 LKFGDGV   -7.8956  -11.3459   -3.4503    0.1157
 2972 LKFGEGV   -7.6301  -11.3975   -3.7674    0.1157
 2973 IKFGEGV   -7.9715   -9.9492   -1.9777    0.1157
 2974 MKFGDGV   -8.3319  -11.3613   -3.0294    0.1157
 2975 MKFGEGF  -10.1878  -11.9358   -1.7480    0.1157
 2976 MKFGEGF  -10.1878  -11.9358   -1.7480    0.1157
 2977 MFKGEGF   -7.7037   -9.5632   -1.8594    0.1157
 2978 MFKGEGF   -7.7037   -9.5632   -1.8594    0.1157
 2979 MFKGEGI   -7.4696   -9.5534   -2.0837    0.1157
 2980 MFKGEGI   -7.4696   -9.5534   -2.0837    0.1157
 2981 MFKGEGI   -7.4696   -9.5534   -2.0837    0.1157
 2982 FFKGEGI   -6.0916   -6.5822   -0.4906    0.1157
 2983 FFKGEGI   -6.0916   -6.5822   -0.4906    0.1157
 2984 FFKGEGI   -6.0916   -6.5822   -0.4906    0.1157
 2985 FFKGEGI   -6.0916   -6.5822   -0.4906    0.1157
 2986 FKWGEGI   -5.2354   -5.0334    0.2020    0.1157
 2987 FKMGEGI   -5.5248   -7.4971   -1.9723    0.1157
 2988 MKEGMGI   -2.7852   -6.4620   -3.6769    0.1157
 2989 MEIGMGK   -2.6912   -6.2566   -3.5654    0.1157
 2990 MEIGMGK   -3.0170   -6.5825   -3.5654    0.1157
 2991 EMKGLGW   -3.6644   -6.5652   -2.9009    0.1157
 2992 EIKGLGW   -3.8961   -5.4281   -1.5320    0.1157
 2993 IEKGFGW   -4.5723   -4.4817    0.0906    0.1157
 2994 IEKGFGW   -4.5723   -4.4817    0.0906    0.1157
 2995 IFKGEGW   -5.8031   -5.7125    0.0906    0.1157
 2996 IFKGEGW   -5.8031   -5.7125    0.0906    0.1157
 2997 IFKGEGW   -5.8031   -5.7125    0.0906    0.1157
 2998 IFKGEGW   -5.8031   -5.7125    0.0906    0.1157
 2999 WFKGEGI   -6.0062   -5.9156    0.0906    0.1157
 3000 WFKGEGI   -6.0062   -5.9156    0.0906    0.1157
 3001 FWKGEGI   -5.3754   -5.2848    0.0906    0.1157
 3002 FWKGEGI   -5.3754   -5.2848    0.0906    0.1157
 3003 FWGKEGI   -3.6759   -3.6968   -0.0209    0.1157
 3004 KWGFEGI   -6.0490   -5.8470    0.2020    0.1157
 3005 KWGFEGI   -6.0490   -5.8470    0.2020    0.1157
 3006 KWGFEGI   -6.0490   -5.8470    0.2020    0.1157
 3007 KWGFEGI   -6.0490   -5.8470    0.2020    0.1157
 3008 KWGFEGM   -5.5214   -6.4083   -0.8869    0.1157
 3009 KWGFEGM   -5.5214   -6.4083   -0.8869    0.1157
 3010 KWGFDGM   -4.8507   -5.4204   -0.5697    0.1157
 3011 KMGWFGD   -5.9283   -6.6095   -0.6811    0.1157
 3012 KMGWFGD   -5.9283   -6.6095   -0.6811    0.1157
 3013 KMGWFGD   -5.9283   -6.6095   -0.6811    0.1157
 3014 KMGWFGD   -5.9283   -6.6095   -0.6811    0.1157
 3015 KMGWFGD   -5.9283   -6.6095   -0.6811    0.1157
 3016 KMGFWGD   -4.8881   -5.5693   -0.6811    0.1157
 3017 KMGIFGD   -4.8779   -6.6445   -1.7666    0.1157
 3018 KMGIFGD   -4.8779   -6.6445   -1.7666    0.1157
 3019 KMGIFGD   -4.8779   -6.6445   -1.7666    0.1157
 3020 KMGIFGD   -4.8779   -6.6445   -1.7666    0.1157
 3021 KMGIFGD   -4.8779   -6.6445   -1.7666    0.1157
 3022 KMGIFGD   -4.8779   -6.6445   -1.7666    0.1157
 3023 KLGIFGD   -4.6782   -6.8656   -2.1874    0.1157
 3024 LKIGFGD   -6.1465   -8.2225   -2.0760    0.1157
 3025 LKIGFGD   -6.1465   -8.2225   -2.0760    0.1157
 3026 LKIGFGD   -6.1465   -8.2225   -2.0760    0.1157
 3027 LKIGFGD   -6.1465   -8.2225   -2.0760    0.1157
 3028 WKLGFGD   -6.0510   -7.0415   -0.9906    0.1157
 3029 WKMGFGD   -6.4779   -7.0476   -0.5697    0.1157
 3030 WKMGFGD   -6.4779   -7.0476   -0.5697    0.1157
 3031 WKMGFGD   -6.4779   -7.0476   -0.5697    0.1157
 3032 WKMGYGD   -4.2566   -7.2458   -2.9891    0.1157
 3033 WKMGFGD   -6.9285   -7.4982   -0.5697    0.1157
 3034 WKVGFGD   -6.8400   -7.4152   -0.5751    0.1157
 3035 KFVGFGD   -5.1942   -6.7419   -1.5477    0.1157
 3036 KLVGFGD   -6.9563  -10.5180   -3.5617    0.1157
 3037 KLFGFGD   -6.8605   -8.8237   -1.9631    0.1157
 3038 KLFGFGE   -5.4656   -7.7459   -2.2803    0.1157
 3039 KLFGFGE   -5.4656   -7.7459   -2.2803    0.1157
 3040 KLMGFGD   -6.2820   -9.8383   -3.5563    0.1157
 3041 KLMGFGD   -6.2820   -9.8383   -3.5563    0.1157
 3042 MLKGFGD   -6.0137   -9.5700   -3.5563    0.1157
 3043 MLKGFGD   -6.0137   -9.5700   -3.5563    0.1157
 3044 MLKGFGD   -6.0137   -9.5700   -3.5563    0.1157
 3045 MLKGFGD   -6.0137   -9.5700   -3.5563    0.1157
 3046 MFKGFGE   -5.9699   -7.8294   -1.8594    0.1157
 3047 MFKGFGD   -6.8123   -8.3546   -1.5423    0.1157
 3048 MKFGFGD   -6.5994   -8.0303   -1.4309    0.1157
 3049 MFKGFGD   -5.9683   -7.5106   -1.5423    0.1157
 3050 MFKGFGD   -5.9683   -7.5106   -1.5423    0.1157
 3051 MKFGFGD   -5.9689   -7.3998   -1.4309    0.1157
 3052 FKMGDGF   -3.7241   -5.1549   -1.4309    0.1157
 3053 KMFGDGF   -2.3650   -3.9073   -1.5423    0.1157
 3054 KMWGDGF   -4.6761   -5.3572   -0.6811    0.1157
 3055 KFFGDGW   -6.0422   -5.3302    0.7120    0.1157
 3056 KLFGDGW   -5.0467   -6.1487   -1.1020    0.1157
 3057 KLFGDGW   -5.0467   -6.1487   -1.1020    0.1157
 3058 KLFGDGW   -5.0467   -6.1487   -1.1020    0.1157
 3059 LKFGEGW   -7.3545   -8.6622   -1.3077    0.1157
 3060 LKVGEGF   -5.4015   -9.1689   -3.7674    0.1157
 3061 LKVGDGF   -4.7826   -8.2329   -3.4503    0.1157
 3062 MKIGEGF   -8.7525  -10.7247   -1.9723    0.1157
 3063 VKIGEGL   -7.4271  -11.4188   -3.9917    0.1157
 3064 VKIGEGY   -7.4885  -11.8856   -4.3971    0.1157
 3065 MKWGEGW  -10.4040  -10.4297   -0.0257    0.1157
 3066 MKFGEGW   -8.6701   -9.5570   -0.8869    0.1157
 3067 MKWGEGF   -9.5593  -10.4462   -0.8869    0.1157
 3068 FKWGDGM   -6.5984   -7.1681   -0.5697    0.1157
 3069 VKWGDGM   -7.4889   -9.6572   -2.1683    0.1157
 3070 VKWGEGF   -9.1908  -10.0831   -0.8923    0.1157
 3071 VKWGEGF   -9.1908  -10.0831   -0.8923    0.1157
 3072 VKWGEGI   -9.2239  -10.3405   -1.1166    0.1157
 3073 VKIGEGW   -9.4581  -10.5747   -1.1166    0.1157
 3074 VYKGDGW   -3.6418   -6.7478   -3.1060    0.1157
 3075 VYKGDGW   -3.6418   -6.7478   -3.1060    0.1157
 3076 VEKGYGW   -3.7271   -7.1502   -3.4231    0.1157
 3077 VEKGYGI   -3.1230   -7.6316   -4.5086    0.1157
 3078 VIKGWGE   -9.0706  -10.2986   -1.2280    0.1157
 3079 LIKGWGE   -6.7607   -8.4042   -1.6434    0.1157
 3080 IIKGWGE   -8.5208   -8.7345   -0.2137    0.1157
 3081 IIKGWGD   -9.2426   -9.1392    0.1034    0.1157
 3082 KIIGFGE   -8.8052   -9.5201   -0.7149    0.1157
 3083 KIIGFGE   -8.8052   -9.5201   -0.7149    0.1157
 3084 KIIGFGD   -9.3844   -9.7821   -0.3977    0.1157
 3085 KIIGFGD   -9.3844   -9.7821   -0.3977    0.1157
 3086 KIGWFGD   -8.7162   -8.3085    0.4077    0.1157
 3087 KIWGFGE   -7.8800   -7.7895    0.0906    0.1157
 3088 KIIGFGE   -8.6213   -9.3362   -0.7149    0.1157
 3089 KFIGIGE   -7.4615   -8.1764   -0.7149    0.1157
 3090 KWIGEGI  -10.5410  -10.7547   -0.2137    0.1157
 3091 KWIGEGI  -10.5410  -10.7547   -0.2137    0.1157
 3092 KMMGEGI   -4.6367   -8.3136   -3.6769    0.1157
 3093 KMMGDGI   -3.5943   -6.9540   -3.3597    0.1157
 3094 KIIGDAV   -7.3630   -9.4581   -2.0951    0.1157
 3095 KIIGDMV   -7.6343   -7.8881   -0.2537    0.1157
 3096 KIIGDMV   -7.6343   -7.8881   -0.2537    0.1157
 3097 KIIGDMV   -7.6343   -7.8881   -0.2537    0.1157
 3098 KIMGVMD   -6.9139   -7.0965   -0.1826    0.1157
 3099 KIMGVMD   -7.0459   -7.2284   -0.1826    0.1157
 3100 KIMGVMD   -5.7957   -5.9782   -0.1826    0.1157
 3101 KIMGVMD   -5.7957   -5.9782   -0.1826    0.1157
 3102 GIKGWMD   -5.6402   -6.5456   -0.9054    0.1157
 3103 GIKGDLW   -5.8393   -7.1655   -1.3263    0.1157
 3104 GIKGDMW   -5.9881   -6.8936   -0.9054    0.1157
 3105 MKIGDGW   -9.4757  -10.2697   -0.7940    0.1157
 3106 MKIGDGW   -9.4757  -10.2697   -0.7940    0.1157
 3107 MKFGDGW   -9.7234  -10.2931   -0.5697    0.1157
 3108 MKFGDGW   -9.7234  -10.2931   -0.5697    0.1157
 3109 KMFGDGW   -8.8655   -9.5466   -0.6811    0.1157
 3110 KMFGEGW   -9.3340  -10.3322   -0.9983    0.1157
 3111 MKFGEGW   -9.2766  -10.1635   -0.8869    0.1157
 3112 MKFGEGW   -9.2766  -10.1635   -0.8869    0.1157
 3113 VKFGEGW   -8.7437   -9.6360   -0.8923    0.1157
 3114 IEFGKGW   -8.9281   -8.7261    0.2020    0.1157
 3115 IEFGKGW   -8.9281   -8.7261    0.2020    0.1157
 3116 IEFGKGW   -8.9281   -8.7261    0.2020    0.1157
 3117 IEFGKGW   -8.9281   -8.7261    0.2020    0.1157
 3118 IEFGKGW   -8.9281   -8.7261    0.2020    0.1157
 3119 IEFGKGW   -8.9281   -8.7261    0.2020    0.1157
 3120 IEFGKGW   -8.9281   -8.7261    0.2020    0.1157
 3121 IEFGKGW   -8.9281   -8.7261    0.2020    0.1157
 3122 IEFGKGW   -8.3015   -8.0995    0.2020    0.1142
 3123 IEFGKGW   -8.3015   -8.0995    0.2020    0.1142
 3124 IEKGFGL   -3.9168   -6.4213   -2.5046    0.1142
 3125 EIKGYGM   -2.8999   -7.2916   -4.3917    0.1142
 3126 EIKGYGL   -3.0304   -7.8430   -4.8126    0.1142
 3127 GIKGYEI   -5.6673   -8.6901   -3.0229    0.1142
 3128 GIKGMEI   -7.8465  -10.0431   -2.1966    0.1142
 3129 GIIGMKE   -7.9956  -10.4151   -2.4194    0.1142
 3130 EIMGIKG   -6.5878   -8.8958   -2.3080    0.1142
 3131 MIKGIEG   -9.3485  -11.6565   -2.3080    0.1142
 3132 MIKGIEL   -8.7352  -12.2501   -3.5149    0.1142
 3133 MIKGWEY  -11.0770  -12.3119   -1.2349    0.1142
 3134 MIKGWEY  -11.0178  -12.2527   -1.2349    0.1142
 3135 MIKGYEF  -10.8975  -10.5135    0.3840    0.1142
 3136 MIKGYDF  -10.5537   -9.8526    0.7011    0.1142
 3137 MIKGFDY  -12.4291  -11.7280    0.7011    0.1142
 3138 MIKGFEM  -12.1911  -12.4208   -0.2297    0.1142
 3139 MIKGFEM  -12.1911  -12.4208   -0.2297    0.1142
 3140 KVMGWEM   -8.5489   -8.6117   -0.0629    0.1142
 3141 KMMGWVE   -8.4389   -8.6132   -0.1743    0.1142
 3142 MFKGFVE   -5.7916   -5.7539    0.0377    0.1142
 3143 MFKGFVE   -5.7916   -5.7539    0.0377    0.1142
 3144 MEKGFVF   -3.2334   -3.3071   -0.0737    0.1142
 3145 FKEGFVV   -3.8280   -3.8271    0.0009    0.1142
 3146 FKVGFDV   -3.5001   -2.8478    0.6523    0.1142
 3147 FKIGFVD   -3.2174   -4.5023   -1.2849    0.1142
 3148 MKIGFVD   -5.4469   -5.2849    0.1620    0.1142
 3149 FDIGMGK   -2.5757   -4.2309   -1.6551    0.1142
 3150 FDIGKMG   -5.1966   -6.8517   -1.6551    0.1142
 3151 FDIGKMG   -5.1966   -6.8517   -1.6551    0.1142
 3152 FGIGKME   -2.8853   -4.8576   -1.9723    0.1142
 3153 FEIGDIG   -1.9424   -3.0387   -1.0963    0.1142
 3154 FEIGKIG   -5.6057   -6.2091   -0.6034    0.1142
 3155 FEIGKIG   -5.6057   -6.2091   -0.6034    0.1142
 3156 IKIGEFG   -9.4870  -10.0904   -0.6034    0.1142
 3157 IKIGEFG   -9.4870  -10.0904   -0.6034    0.1142
 3158 IKMGEFG   -7.0179   -8.9902   -1.9723    0.1142
 3159 IKMGEIM   -7.8833   -8.4173   -0.5340    0.1142
 3160 IKMGEIM   -7.8833   -8.4173   -0.5340    0.1142
 3161 MKMGEII  -10.4951  -11.0291   -0.5340    0.1142
 3162 MKMGEII  -10.4951  -11.0291   -0.5340    0.1142
 3163 MKIGEII  -10.1028  -12.3879   -2.2851    0.1142
 3164 IKFGEII   -5.2558   -8.9878   -3.7320    0.1142
 3165 IKFGEII   -5.2558   -8.9878   -3.7320    0.1142
 3166 IKGGEII   -6.9983   -8.0489   -1.0506    0.1142
 3167 IKIGEGI  -10.4985  -11.3262   -0.8277    0.1142
 3168 IKIGEGI  -10.4985  -11.3262   -0.8277    0.1142
 3169 MKIGEGI  -10.0014  -12.1979   -2.1966    0.1142
 3170 MKIGEGI  -10.0014  -12.1979   -2.1966    0.1142
 3171 MKIGEGI  -10.0014  -12.1979   -2.1966    0.1142
 3172 MKWGEGI  -10.1541  -11.2652   -1.1111    0.1142
 3173 MKWGEGI  -10.1541  -11.2652   -1.1111    0.1142
 3174 FKWGEGI   -8.3126   -8.1106    0.2020    0.1142
 3175 EKWGFGI   -7.0765   -6.9859    0.0906    0.1142
 3176 EKWGFGI   -7.0765   -6.9859    0.0906    0.1142
 3177 EKWGFGI   -7.0765   -6.9859    0.0906    0.1142
 3178 EKWGFGI   -7.0765   -6.9859    0.0906    0.1142
 3179 EKWGFGI   -7.0765   -6.9859    0.0906    0.1142
 3180 EKIGFGI   -5.4287   -6.1435   -0.7149    0.1142
 3181 FIKGEGI   -5.3939   -6.1088   -0.7149    0.1142
 3182 VIIGEGK   -4.0746   -6.4995   -2.4249    0.1142
 3183 IKIGEGI   -7.6780   -8.5057   -0.8277    0.1142
 3184 IKIGEGI   -7.6780   -8.5057   -0.8277    0.1142
 3185 IKIGEGI   -7.6780   -8.5057   -0.8277    0.1142
 3186 IKIGEGI   -7.6780   -8.5057   -0.8277    0.1142
 3187 IKIGDGI   -7.9080   -8.4186   -0.5106    0.1142
 3188 IKIGDGI   -7.9080   -8.4186   -0.5106    0.1142
 3189 IKIGDGW   -8.1252   -7.9103    0.2149    0.1142
 3190 KIIGDGV   -7.0672   -9.0635   -1.9963    0.1142
 3191 KIIGDGV   -7.0672   -9.0635   -1.9963    0.1142
 3192 KLVGDGI   -5.0010   -8.7870   -3.7860    0.1142
 3193 LKIGDGV   -5.6411   -9.3156   -3.6746    0.1142
 3194 FKIGDGV   -5.9227   -7.5832   -1.6606    0.1142
 3195 FKFGDGV   -6.1289   -7.5652   -1.4363    0.1142
 3196 FKFGDGV   -6.1289   -7.5652   -1.4363    0.1142
 3197 FKFGDGV   -6.1289   -7.5652   -1.4363    0.1142
 3198 MKFGDGV   -6.7907   -9.8201   -3.0294    0.1142
 3199 MKFGDGV   -6.7907   -9.8201   -3.0294    0.1142
 3200 WKIGDGV   -7.5543   -8.3537   -0.7994    0.1142
 3201 WKIGDGV   -7.5543   -8.3537   -0.7994    0.1142
 3202 LKIGDGM   -5.0856   -8.7547   -3.6691    0.1142
 3203 LKIGDGM   -5.0856   -8.7547   -3.6691    0.1142
 3204 KLIGDGM   -5.8295   -9.6101   -3.7806    0.1142
 3205 KLIGDGF   -6.1892   -8.3767   -2.1874    0.1142
 3206 KLIGEGF   -7.0654   -9.5700   -2.5046    0.1142
 3207 ILKGEGF   -6.0176   -8.5222   -2.5046    0.1142
 3208 IFKGDGL   -6.7839   -8.9713   -2.1874    0.1142
 3209 IMKGDGL   -6.7067  -10.4873   -3.7806    0.1142
 3210 IKWGDGL   -9.9224  -11.1373   -1.2149    0.1142
 3211 IKWGDAM  -10.5286  -11.4214   -0.8929    0.1142
 3212 IKWGDAM  -10.5286  -11.4214   -0.8929    0.1142
 3213 IKWGMAD   -7.9831   -8.8760   -0.8929    0.1142
 3214 KMVGWAE   -5.0135   -7.7092   -2.6957    0.1142
 3215 KMVGWAD   -5.7515   -8.1301   -2.3786    0.1142
 3216 KMVGWAD   -5.7515   -8.1301   -2.3786    0.1142
 3217 KMVGMLD   -7.2545   -9.2268   -1.9723    0.1142
 3218 KMIGMLD   -8.3095   -9.8675   -1.5580    0.1142
 3219 KMIGMLD   -8.3095   -9.8675   -1.5580    0.1142
 3220 KMIGMLD   -8.3095   -9.8675   -1.5580    0.1142
 3221 KMIGMMD   -9.8495  -10.0266   -0.1771    0.1142
 3222 KIMGMMD   -9.2437   -9.4209   -0.1771    0.1142
 3223 KIMGMMD   -9.2437   -9.4209   -0.1771    0.1142
 3224 KIMGMMD   -9.2437   -9.4209   -0.1771    0.1142
 3225 KIGVMAD   -6.7850  -10.2490   -3.4640    0.1142
 3226 KIGVYFD   -7.0998   -6.5155    0.5843    0.1142
 3227 KIGLYVD   -7.6405   -9.0703   -1.4297    0.1142
 3228 IKGLYDV   -5.9480   -7.2663   -1.3183    0.1142
 3229 IKGLYDM   -6.2651   -7.5780   -1.3129    0.1142
 3230 IKGLMDM   -5.8967   -7.3433   -1.4466    0.1142
 3231 IKGVMDM   -7.4201   -7.4913   -0.0711    0.1142
 3232 IMGVKDI   -7.1996   -7.4533   -0.2537    0.1142
 3233 IMGVKDM   -7.2978   -7.4804   -0.1826    0.1142
 3234 KMGVDMI   -4.7546   -4.8257   -0.0711    0.1142
 3235 MMGVKKI   -1.8293   -2.7990   -0.9697    0.1142
 3236 KMGMLEY   -3.0537   -6.0526   -2.9989    0.1142
 3237 KFGYMEM   -3.3623   -4.3472   -0.9849    0.1142
 3238 KFGIMEM   -3.3036   -3.5333   -0.2297    0.1142
 3239 KFGIMEG   -1.6513   -3.7351   -2.0837    0.1142
 3240 KFGLMEF   -0.2928   -3.1991   -2.9063    0.1142
 3241 KFIGMLE   -3.7506   -7.0726   -3.3220    0.1142
 3242 KFVGMME   -5.4029   -5.6783   -0.2754    0.1142
 3243 KWMGVME   -5.8789   -6.0532   -0.1743    0.1142
 3244 KWMGVMD   -7.0901   -6.9472    0.1429    0.1142
 3245 KWMGVMD   -7.0901   -6.9472    0.1429    0.1142
 3246 KMMGVMD   -6.2437   -7.7951   -1.5514    0.1142
 3247 KMMGMVE   -7.2145   -9.0831   -1.8686    0.1142
 3248 KMMGMVE   -7.2145   -9.0831   -1.8686    0.1142
 3249 KMFGEVM   -6.3064   -6.5819   -0.2754    0.1142
 3250 KMFGEVM   -6.3064   -6.5819   -0.2754    0.1142
 3251 KMGVEVW   -8.4008   -8.3891    0.0117    0.1142
 3252 KMGVEVW   -8.4008   -8.3891    0.0117    0.1142
 3253 GKMVEVW  -10.8956  -10.9954   -0.0997    0.1142
 3254 GKMVEVI  -11.7643  -12.2694   -0.5051    0.1142
 3255 MKAVEVI  -12.7178  -13.2103   -0.4926    0.1142
 3256 MKAVEVI  -12.7178  -13.2103   -0.4926    0.1142
 3257 MKAMEVI  -12.2879  -12.7750   -0.4871    0.1142
 3258 MKAMEVI  -12.2879  -12.7750   -0.4871    0.1142
 3259 MKAMEGI   -7.5056  -11.1699   -3.6643    0.1142
 3260 MKGMEII   -8.9613   -9.4953   -0.5340    0.1142
 3261 MKGIEII   -8.2220  -10.5071   -2.2851    0.1142
 3262 MKGAELI   -7.1040  -11.1891   -4.0851    0.1142
 3263 MKGGEMI   -5.8665   -9.6548   -3.7883    0.1142
 3264 MKMGEMI  -12.0112  -12.3941   -0.3829    0.1142
 3265 MKMGEMI  -12.0112  -12.3941   -0.3829    0.1142
 3266 MKMGEMI  -12.0112  -12.3941   -0.3829    0.1142
 3267 MKMGEMI  -12.0112  -12.3941   -0.3829    0.1142
 3268 MKMGDMI  -11.0947  -11.1605   -0.0657    0.1142
 3269 MKMGMDM   -7.4717   -8.7948   -1.3231    0.1142
 3270 MKMGMFD   -8.2112   -8.0526    0.1586    0.1142
 3271 MKMGDFM   -9.4920   -9.3334    0.1586    0.1142
 3272 MKMGDFM   -9.4920   -9.3334    0.1586    0.1142
 3273 MKMGDFM   -9.4920   -9.3334    0.1586    0.1142
 3274 MKMGDFV   -9.6743   -9.5212    0.1531    0.1142
 3275 MKMGDFV   -9.6743   -9.5212    0.1531    0.1142
 3276 MKVGDFM   -9.1962   -9.0430    0.1531    0.1142
 3277 MKVGEFM   -9.8127   -9.9767   -0.1640    0.1142
 3278 MKVGEFM   -9.8127   -9.9767   -0.1640    0.1142
 3279 MKVGDFM   -9.3305   -9.1773    0.1531    0.1142
 3280 MKVGDFM   -9.3305   -9.1773    0.1531    0.1142
 3281 MKVGDFM   -9.3305   -9.1773    0.1531    0.1142
 3282 MLKGEFM   -9.5407  -11.1115   -1.5709    0.1142
 3283 MGKGEFM   -4.5935   -8.0461   -3.4526    0.1142
 3284 FMKGEFM   -7.3649   -7.4018   -0.0369    0.1142
 3285 MFKGEFM  -10.2306  -10.2674   -0.0369    0.1142
 3286 MKFGEFM   -9.5654   -9.4908    0.0746    0.1142
 3287 MKFGEFM   -9.5654   -9.4908    0.0746    0.1142
 3288 MKMGEFM  -11.2155  -11.3741   -0.1586    0.1142
 3289 MKMGEFM  -11.2155  -11.3741   -0.1586    0.1142
 3290 MKMGEFM  -11.2155  -11.3741   -0.1586    0.1142
 3291 MKMGEFM  -11.2155  -11.3741   -0.1586    0.1142
 3292 MKMGEFM  -11.2155  -11.3741   -0.1586    0.1142
 3293 MKMGEFM  -11.2155  -11.3741   -0.1586    0.1142
 3294 MKMGEFM  -11.2155  -11.3741   -0.1586    0.1142
 3295 MKMGEFM  -11.2155  -11.3741   -0.1586    0.1142
 3296 MKMGEFM  -11.2155  -11.3741   -0.1586    0.1142
 3297 MKMGEFM  -11.2155  -11.3741   -0.1586    0.1142
 3298 MKMGEFM  -11.2155  -11.3741   -0.1586    0.1142
 3299 MKMGEFM  -11.2155  -11.3741   -0.1586    0.1142
 3300 MKIGEAM   -8.1682  -11.8325   -3.6643    0.1142
 3301 MKIGDAW   -8.2013   -9.0941   -0.8929    0.1142
 3302 MKIGDAW   -8.2013   -9.0941   -0.8929    0.1142
 3303 MKIGDAW   -8.2013   -9.0941   -0.8929    0.1142
 3304 MKIGDAW   -8.2013   -9.0941   -0.8929    0.1142
 3305 MKIGDGW   -7.6581   -8.4521   -0.7940    0.1142
 3306 MKWGDGI   -7.7423   -8.5363   -0.7940    0.1142
 3307 MKWGDGI   -7.7423   -8.5363   -0.7940    0.1142
 3308 MKIGDGW   -7.1988   -7.9928   -0.7940    0.1142
 3309 KMIGDGW   -7.0528   -7.9582   -0.9054    0.1142
 3310 KIIGDGW   -8.2111   -8.1077    0.1034    0.1142
 3311 EIMGDGW   -4.0271   -5.7426   -1.7154    0.1142
 3312 EIMGDGW   -4.0271   -5.7426   -1.7154    0.1142
 3313 EIMGDGW   -3.9349   -5.6503   -1.7154    0.1142
 3314 EVWGDGL   -3.8192   -7.3297   -3.5106    0.1142
 3315 ELWGEGL   -3.5472   -7.7903   -4.2431    0.1142
 3316 KWVGDGL   -5.5739   -8.2744   -2.7006    0.1142
 3317 VLKGDGL   -4.8181  -10.3939   -5.5757    0.1142
 3318 VVKGDGW   -7.1578   -9.4429   -2.2851    0.1142
 3319 VVKGLDW   -7.7207  -10.3727   -2.6520    0.1142
 3320 VVKGMEW  -11.7678  -11.7561    0.0117    0.1142
 3321 VVKGMEW  -11.7678  -11.7561    0.0117    0.1142
 3322 VVKGFEL   -9.9399  -11.2502   -1.3103    0.1142
 3323 VVKGFEL   -9.5579  -10.8681   -1.3103    0.1779
 3324 VFKGVDF  -10.0411   -9.5003    0.5409    0.1779
 3325 VKFGVDF  -11.3089  -10.6566    0.6523    0.1779
 3326 VKFGVDF  -11.3089  -10.6566    0.6523    0.1779
 3327 VKFGGDF   -7.2408   -8.7885   -1.5477    0.1779
 3328 VKFGVDF  -11.3684  -10.7162    0.6523    0.1779
 3329 VKFGVEF  -11.0636  -10.7285    0.3351    0.1779
 3330 VKFGFEV   -8.0648   -7.7297    0.3351    0.1779
 3331 VKVGVEV   -9.0993  -10.7613   -1.6620    0.1779
 3332 VKVGIEV   -9.4096   -9.6973   -0.2877    0.1779
 3333 KVVGIEF   -6.9240   -7.0046   -0.0806    0.1779
 3334 KVMGIDV   -8.3206   -8.3972   -0.0766    0.1779
 3335 KVMGIDV   -8.3206   -8.3972   -0.0766    0.1779
 3336 KVMGVDI   -8.5082   -8.5848   -0.0766    0.1779
 3337 IMKGVDV   -9.8500   -9.9266   -0.0766    0.1779
 3338 MIKGVDI   -9.0309   -9.1732   -0.1423    0.1779
 3339 VIKGMEI   -7.0652   -7.5246   -0.4594    0.1779
 3340 IVKGIEM   -5.9687   -6.4281   -0.4594    0.1779
 3341 MMKGIEV   -8.4902   -8.8785   -0.3883    0.1779
 3342 MMKGIEV   -8.4902   -8.8785   -0.3883    0.1779
 3343 MMKGIEV   -8.4902   -8.8785   -0.3883    0.1779
 3344 MVKGIEV   -8.8523   -9.2460   -0.3937    0.1779
 3345 MVKGIEV   -8.8523   -9.2460   -0.3937    0.1779
 3346 MVKGFEV   -9.7833   -9.9527   -0.1694    0.1779
 3347 MVKGFEA   -6.1340   -9.5794   -3.4454    0.1779
 3348 VVKGFDA   -6.7170   -9.8508   -3.1337    0.1779
 3349 DVKGFVL   -4.3213   -5.4259   -1.1046    0.1779
 3350 EVKGFVL   -3.4921   -4.9139   -1.4217    0.1779
 3351 EKFGMVL   -2.9235   -4.5312   -1.6077    0.1779
 3352 EKFGMVL   -2.9235   -4.5312   -1.6077    0.1779
 3353 EKVGMLF   -1.5172   -3.1250   -1.6077    0.1779
 3354 FKVGIME   -0.6003   -0.7554   -0.1551    0.1779
 3355 FEVGIKM   -3.1510   -3.1947   -0.0437    0.1779
 3356 MEMGWKV   -8.1355   -8.0870    0.0486    0.1779
 3357 MEMGWKM   -6.0240   -6.0500   -0.0260    0.1779
 3358 MEIGWKM   -5.5397   -7.3168   -1.7771    0.1779
 3359 MDMGWKM   -4.8502   -4.5591    0.2911    0.1779
 3360 MWMGDKM   -6.8036   -6.8467   -0.0431    0.1779
 3361 MWMGDKM   -6.8036   -6.8467   -0.0431    0.1779
 3362 MWMGDMK   -6.4170   -6.3487    0.0683    0.1779
 3363 MKMGDMW   -9.8389   -9.6592    0.1797    0.1779
 3364 MMMGDDW   -7.3797   -7.9157   -0.5360    0.1779
 3365 MMMGWDD   -8.2549   -8.7909   -0.5360    0.1779
 3366 MMMGFKD   -8.3670   -8.4313   -0.0643    0.1779
 3367 MMMGFDK   -6.2269   -6.2912   -0.0643    0.1779
 3368 MMMGFKD   -9.8075   -9.8717   -0.0643    0.1779
 3369 MMMGFKD   -9.8075   -9.8717   -0.0643    0.1779
 3370 MMMGFKE   -8.1019   -8.4834   -0.3814    0.1779
 3371 MMMGFKE   -8.1019   -8.4834   -0.3814    0.1779
 3372 MMMGFKD   -9.7708   -9.8351   -0.0643    0.1779
 3373 MMMGFKD   -9.7708   -9.8351   -0.0643    0.1779
 3374 MMKGFDV   -9.3804   -9.2272    0.1531    0.1779
 3375 MMKGWDV   -9.0713   -8.8170    0.2543    0.1779
 3376 MMVGWKD   -9.5438   -9.5124    0.0314    0.1779
 3377 MMVGWDK   -7.1626   -7.1312    0.0314    0.1779
 3378 MMMGFDK   -6.6015   -6.6658   -0.0643    0.1779
 3379 MMKGFDM   -8.6936   -8.5350    0.1586    0.1779
 3380 MMKGFDM   -8.6936   -8.5350    0.1586    0.1779
 3381 VMKGFEM   -6.9582   -7.1222   -0.1640    0.1779
 3382 VMKGFEM   -6.9582   -7.1222   -0.1640    0.1779
 3383 MMKGFEV   -9.6574   -9.8214   -0.1640    0.1779
 3384 MMKGFEV   -8.8440   -9.0080   -0.1640    0.1779
 3385 MMKGFEM   -8.3832   -8.5418   -0.1586    0.1779
 3386 MLKGFEM   -8.1692   -9.6286   -1.4594    0.1779
 3387 MLKGFEM   -8.8326  -10.2920   -1.4594    0.1779
 3388 MLKGFEM   -8.8326  -10.2920   -1.4594    0.1779
 3389 MLKGFDM   -8.3863   -9.5286   -1.1423    0.1779
 3390 MMKGFDL   -7.4510   -8.5933   -1.1423    0.1779
 3391 MMKGFEV   -9.8231   -9.9871   -0.1640    0.1779
 3392 MMKGFEV   -9.8231   -9.9871   -0.1640    0.1779
 3393 MMKGFEV   -9.8231   -9.9871   -0.1640    0.1779
 3394 MKMGFDV   -9.2891   -9.0245    0.2646    0.1779
 3395 MKMGFDV   -9.2891   -9.0245    0.2646    0.1779
 3396 MKMGFDV   -9.2891   -9.0245    0.2646    0.1779
 3397 MKVGFDM   -9.2163   -8.9517    0.2646    0.1779
 3398 MKVGFMD   -9.5730   -9.4198    0.1531    0.1779
 3399 MKVGFMD   -9.5730   -9.4198    0.1531    0.1779
 3400 MKVGFMD   -9.5730   -9.4198    0.1531    0.1779
 3401 MKVGFMD   -9.5730   -9.4198    0.1531    0.1779
 3402 MKVGFMD   -9.5730   -9.4198    0.1531    0.1779
 3403 MKMGFVD   -9.7066   -9.5534    0.1531    0.1779
 3404 MKWGFAD   -8.3080   -8.9766   -0.6686    0.1779
 3405 KMWGFAD   -7.6551   -8.4351   -0.7800    0.1779
 3406 KMWGFAD   -7.6551   -8.4351   -0.7800    0.1779
 3407 KMWGFAD   -7.6551   -8.4351   -0.7800    0.1779
 3408 MMKGFAD   -7.0887  -10.3230   -3.2343    0.1779
 3409 MMKGFAD   -7.0887  -10.3230   -3.2343    0.1779
 3410 MMKGFVD  -11.0053  -10.9636    0.0417    0.1779
 3411 MMKGFVD  -11.0053  -10.9636    0.0417    0.1779
 3412 MMKGFVD  -11.0053  -10.9636    0.0417    0.1779
 3413 MMKGFVD  -11.0053  -10.9636    0.0417    0.1779
 3414 MMKGFVD  -11.0053  -10.9636    0.0417    0.1779
 3415 MMKGFVD  -11.0053  -10.9636    0.0417    0.1779
 3416 MMKGFVD  -11.0053  -10.9636    0.0417    0.1779
 3417 MMKGFVD  -11.0053  -10.9636    0.0417    0.1779
 3418 MMEGFLD   -5.7144   -7.7782   -2.0637    0.1779
 3419 MLEGFMD   -6.2923   -8.3560   -2.0637    0.1779
 3420 MLFGEMD   -8.3708  -10.4346   -2.0637    0.1779
 3421 MEFGLMD   -3.8321   -5.7844   -1.9523    0.1779
 3422 MMFGLED   -4.6936   -6.8688   -2.1751    0.1779
 3423 MMVGLED   -5.2295   -8.1232   -2.8937    0.1779
 3424 MMIGLDD   -5.6974   -7.8597   -2.1623    0.1779
 3425 MLIGMDD   -5.8862   -8.0485   -2.1623    0.1779
 3426 MLMGIED   -4.4633   -6.9427   -2.4794    0.1779
 3427 MEMGLLD   -2.9154   -6.4017   -3.4863    0.1779
 3428 MKMGMLD   -6.0168   -7.8722   -1.8554    0.1779
 3429 KMMGMLD   -6.7098   -8.6766   -1.9669    0.1779
 3430 MMMGDLD   -6.8324   -9.2921   -2.4597    0.1779
 3431 MMMGDLD   -6.8324   -9.2921   -2.4597    0.1779
 3432 MMMGDID   -7.9920   -8.6620   -0.6700    0.1779
 3433 MMMGEID   -8.5767   -9.5639   -0.9871    0.1779
 3434 MMMGDID   -8.3268   -8.9968   -0.6700    0.1779
 3435 MMMGDID   -8.3268   -8.9968   -0.6700    0.1779
 3436 MMMGDID   -8.3268   -8.9968   -0.6700    0.1779
 3437 MMMGDID   -8.3268   -8.9968   -0.6700    0.1779
 3438 MMVGDID   -8.4568   -9.1323   -0.6754    0.1779
 3439 MMVGEID   -8.6618   -9.6544   -0.9926    0.1779
 3440 MMFGEIE   -6.0544   -7.2056   -1.1511    0.1779
 3441 MEFGMIE   -4.7134   -5.7532   -1.0397    0.1779
 3442 MEFGMIE   -4.7134   -5.7532   -1.0397    0.1779
 3443 MMFGEIE   -6.7235   -7.8746   -1.1511    0.1779
 3444 MMFGEIE   -6.7235   -7.8746   -1.1511    0.1779
 3445 MMFGEIE   -6.7235   -7.8746   -1.1511    0.1779
 3446 MMFGEID   -8.4257   -9.2597   -0.8340    0.1779
 3447 MMFGELD   -8.1674  -10.2311   -2.0637    0.1779
 3448 MMIGELE   -7.7801  -10.4652   -2.6851    0.1779
 3449 MMIGELD   -9.6770  -12.0450   -2.3680    0.1779
 3450 MMIGELD   -9.6770  -12.0450   -2.3680    0.1779
 3451 MMIGELD   -9.6770  -12.0450   -2.3680    0.1779
 3452 MLMGELD   -8.7810  -12.3787   -3.5977    0.1779
 3453 MFMGELD   -8.1229  -10.1866   -2.0637    0.1779
 3454 MMMGELD   -9.2907  -12.0676   -2.7769    0.1779
 3455 MMMGELD   -9.2907  -12.0676   -2.7769    0.1779
 3456 MMFGEMD   -8.8537   -9.6165   -0.7629    0.1779
 3457 MMFGEMD   -8.8537   -9.6165   -0.7629    0.1779
 3458 MMFGEMD   -8.8537   -9.6165   -0.7629    0.1779
 3459 MMFGEMD   -8.8537   -9.6165   -0.7629    0.1779
 3460 MMFGEMD   -8.8537   -9.6165   -0.7629    0.1779
 3461 MMFGEMD   -8.8537   -9.6165   -0.7629    0.1779
 3462 MVFGKMD   -8.5779   -8.5362    0.0417    0.1779
 3463 MVFGKMD   -8.5779   -8.5362    0.0417    0.1779
 3464 MVGFKID   -6.4290   -6.2670    0.1620    0.1779
 3465 MIFGKVD   -8.9097   -8.8592    0.0506    0.1779
 3466 MIFGKVD   -8.9097   -8.8592    0.0506    0.1779
 3467 MIFGKVD   -8.9097   -8.8592    0.0506    0.1779
 3468 MLFGDVD   -6.6132   -8.2852   -1.6720    0.1779
 3469 MDWGLVD   -6.6565   -9.8759   -3.2194    0.1779
 3470 MDWGLVD   -6.6565   -9.8759   -3.2194    0.1779
 3471 MKWGVVD  -14.0628  -13.7339    0.3289    0.1779
 3472 MKWGVVD  -14.0628  -13.7339    0.3289    0.1779
 3473 MKWGVVD  -14.0628  -13.7339    0.3289    0.1779
 3474 MKWGVVD  -14.0628  -13.7339    0.3289    0.1779
 3475 MKWGVVD  -14.0628  -13.7339    0.3289    0.1779
 3476 MKWGVVD  -14.0628  -13.7339    0.3289    0.1779
 3477 MKWGVVD  -14.0628  -13.7339    0.3289    0.1779
 3478 MKWGVVD  -14.0628  -13.7339    0.3289    0.1779
 3479 MKWGVVD  -14.0628  -13.7339    0.3289    0.1779
 3480 MKWGVVD  -14.0628  -13.7339    0.3289    0.1779
 3481 MKWGVVD  -14.0628  -13.7339    0.3289    0.1779
 3482 MKWGVVD  -14.0628  -13.7339    0.3289    0.1779
 3483 MKWGVVE  -12.3003  -12.2886    0.0117    0.1779
 3484 MKWGVVE  -12.3003  -12.2886    0.0117    0.1779
 3485 MKWGVVD  -13.9177  -13.5888    0.3289    0.1779
 3486 MKWGVVD  -13.9177  -13.5888    0.3289    0.1779
 3487 MKWGVVD  -13.9177  -13.5888    0.3289    0.1779
 3488 MKWGVVD  -13.9177  -13.5888    0.3289    0.1779
 3489 MKWGVVD  -13.9177  -13.5888    0.3289    0.1779
 3490 FKWGVVD  -10.2406  -11.3586   -1.1180    0.1779
 3491 FKWGVVD  -10.2406  -11.3586   -1.1180    0.1779
 3492 FKWGVVD  -10.2406  -11.3586   -1.1180    0.1779
 3493 LKWGVVD   -8.9126  -11.5646   -2.6520    0.1779
 3494 KMWGVVD  -12.3695  -12.1520    0.2174    0.1779
 3495 KVWGMVD  -12.5895  -12.3721    0.2174    0.1779
 3496 KVWGMVD  -12.5895  -12.3721    0.2174    0.1779
 3497 KMWGVVE  -11.6807  -11.7804   -0.0997    0.1779
 3498 MKWGVVE  -11.4712  -11.4595    0.0117    0.1779
 3499 MKWGVVE  -11.4712  -11.4595    0.0117    0.1779
 3500 EKWGMVV   -8.3675   -8.5786   -0.2111    0.1779
 3501 DKWGMVV   -8.8060   -8.7000    0.1060    0.1779
 3502 EKWGMVV   -8.3954   -8.6065   -0.2111    0.1779
 3503 EKWGMVV   -8.3954   -8.6065   -0.2111    0.1779
 3504 EWVGMKY   -5.7537   -5.8828   -0.1291    0.1779
 3505 EWVGMKY   -5.7537   -5.8828   -0.1291    0.1779
 3506 EWVGMKY   -5.7537   -5.8828   -0.1291    0.1779
 3507 EMWGVKY   -6.5681   -6.6973   -0.1291    0.1779
 3508 EMWGVKY   -6.5681   -6.6973   -0.1291    0.1779
 3509 EMWGVKY   -6.5681   -6.6973   -0.1291    0.1779
 3510 KMWGVEY   -9.2841   -9.4132   -0.1291    0.1779
 3511 KMWGVEY   -9.2841   -9.4132   -0.1291    0.1779
 3512 KMWGVEY   -9.2841   -9.4132   -0.1291    0.1779
 3513 KMWGVEY   -9.2841   -9.4132   -0.1291    0.1779
 3514 KMWGVEY   -9.2841   -9.4132   -0.1291    0.1779
 3515 KVWGYEV   -9.1749   -9.3095   -0.1346    0.1779
 3516 KVWGYEV   -9.1749   -9.3095   -0.1346    0.1779
 3517 KVWGYEV   -9.1749   -9.3095   -0.1346    0.1779
 3518 KVIGYEV   -8.6737   -9.8937   -1.2200    0.1779
 3519 KVIGYDV   -7.2889   -8.1918   -0.9029    0.1779
 3520 IVKGLDV   -8.4065   -9.7039   -1.2974    0.1779
 3521 GVKGLEV   -6.3279  -11.6939   -5.3660    0.1779
 3522 GIKGVEY   -6.4264  -10.8236   -4.3971    0.1779
 3523 GIKGWEI  -10.4536  -10.5558   -0.1023    0.1779
 3524 GIKGWEI  -10.3493  -10.4516   -0.1023    0.2555
 3525 GIKGWEI  -10.3493  -10.4516   -0.1023    0.2555
 3526 GIKGWEI  -10.3493  -10.4516   -0.1023    0.2555
 3527 GIKGWEI  -10.3493  -10.4516   -0.1023    0.2555
 3528 GIKGWEV  -10.0034  -11.1199   -1.1166    0.2555
 3529 GIKGWEV  -10.0034  -11.1199   -1.1166    0.2555
 3530 GIKGIEV   -8.3842  -10.5862   -2.2020    0.2555
 3531 GIKGIEW   -9.0836   -9.1859   -0.1023    0.2555
 3532 GIKGIEW   -9.0836   -9.1859   -0.1023    0.2555
 3533 GIKGIEW   -9.0836   -9.1859   -0.1023    0.2555
 3534 GFKGIEW   -9.9042   -9.7022    0.2020    0.2555
 3535 GIKGFEW   -9.5606   -9.3586    0.2020    0.2555
 3536 GIKGIEW  -10.2093  -10.3116   -0.1023    0.2555
 3537 GIKGIEW  -10.2093  -10.3116   -0.1023    0.2555
 3538 GIKGIEW  -10.2093  -10.3116   -0.1023    0.2555
 3539 GIKGIEW  -10.2093  -10.3116   -0.1023    0.2555
 3540 GIKGFEW   -9.5469   -9.3449    0.2020    0.2555
 3541 GFKGIEW   -8.8873   -8.6853    0.2020    0.2555
 3542 GFKGIEF   -9.0298   -9.4089   -0.3791    0.2555
 3543 GIKGFIE   -8.2434   -8.9583   -0.7149    0.2555
 3544 GIKGFIE   -8.2434   -8.9583   -0.7149    0.2555
 3545 GIKGFEI   -9.4361  -10.0395   -0.6034    0.2555
 3546 GIKGFEI   -9.4361  -10.0395   -0.6034    0.2555
 3547 GIKGFEI   -9.4361  -10.0395   -0.6034    0.2555
 3548 GIKGFEI   -9.4361  -10.0395   -0.6034    0.2555
 3549 GIKGFEV   -9.0172  -10.9949   -1.9777    0.2555
 3550 GVKGIEV   -8.3388  -11.9151   -3.5763    0.2555
 3551 GIKGVEV   -8.7649  -12.3412   -3.5763    0.2555
 3552 GIKGVEI   -9.7544  -11.9564   -2.2020    0.2555
 3553 GIKGVEI   -9.7544  -11.9564   -2.2020    0.2555
 3554 GIKGVEI   -9.7544  -11.9564   -2.2020    0.2555
 3555 GIKGVEI   -9.7544  -11.9564   -2.2020    0.2555
 3556 GIRGVDI   -6.8643  -12.1132   -5.2489    0.2555
 3557 GIRGIDI   -8.4518  -12.3264   -3.8746    0.2555
 3558 GIKGIDI   -9.7393  -10.2498   -0.5106    0.2555
 3559 GFKGIDI   -9.9926  -10.2789   -0.2863    0.2555
 3560 GFKGIDI   -9.9926  -10.2789   -0.2863    0.2555
 3561 GFKGVDI   -9.0922  -10.7528   -1.6606    0.2555
 3562 DFKGIGV   -7.2515   -8.9121   -1.6606    0.2555
 3563 VFKGIGD   -8.6610  -10.4330   -1.7720    0.2555
 3564 KFVGIGD   -8.2503  -10.0223   -1.7720    0.2555
 3565 EFVGIGD   -6.1401   -8.7221   -2.5820    0.2555
 3566 EFVGVGD   -5.0869   -9.0432   -3.9563    0.2555
 3567 GFVGEVD   -6.4570  -10.4133   -3.9563    0.2555
 3568 VKVGEGF   -6.7963  -10.1483   -3.3520    0.2555
 3569 LKVGEGF   -6.9942  -10.7617   -3.7674    0.2555
 3570 KLVGEGF   -5.9570   -9.8359   -3.8789    0.2555
 3571 KMVGEGF   -5.5844   -9.0424   -3.4580    0.2555
 3572 KMVGEGF   -5.5844   -9.0424   -3.4580    0.2555
 3573 MKVGEGF   -6.8788  -10.2253   -3.3466    0.2555
 3574 MKVGEGW   -7.0666   -9.5520   -2.4854    0.2555
 3575 MKVGEGW   -7.0666   -9.5520   -2.4854    0.2555
 3576 MKWGEGW   -9.1615   -9.1872   -0.0257    0.2555
 3577 MKWGEGW   -9.1615   -9.1872   -0.0257    0.2555
 3578 MKWGEGW   -9.1615   -9.1872   -0.0257    0.2555
 3579 MKWGDGW   -8.5576   -8.2661    0.2914    0.2555
 3580 MKWGEGW   -8.0368   -8.0625   -0.0257    0.2555
 3581 MKWGEGW   -8.0368   -8.0625   -0.0257    0.2555
 3582 KMWGDGW   -9.3197   -9.1397    0.1800    0.2555
 3583 KMWGWGD   -7.4690   -7.2890    0.1800    0.2555
 3584 KMWGWGE   -5.7310   -5.8682   -0.1371    0.2555
 3585 WMWGKGE   -2.2821   -2.5307   -0.2486    0.2555
 3586 WMWGEGD   -5.9816   -6.7230   -0.7414    0.2555
 3587 FMWGEGD   -6.0687   -7.6713   -1.6026    0.2555
 3588 FMWGEGD   -6.0687   -7.6713   -1.6026    0.2555
 3589 WMFGEGD   -6.1253   -7.7279   -1.6026    0.2555
 3590 EMWGEGW   -4.6225   -5.5697   -0.9471    0.2555
 3591 EMWGEGW   -4.6225   -5.5697   -0.9471    0.2555
 3592 EMWGEGW   -4.6225   -5.5697   -0.9471    0.2555
 3593 KMWGEGW   -7.5507   -7.6878   -0.1371    0.2555
 3594 KMWGEGW   -7.5507   -7.6878   -0.1371    0.2555
 3595 KMWGDGW   -7.8740   -7.6940    0.1800    0.2555
 3596 KMWGDGW   -7.8740   -7.6940    0.1800    0.2555
 3597 KMGWDGW   -7.4635   -7.1721    0.2914    0.2555
 3598 EWGWDGM   -4.2495   -4.7681   -0.5186    0.2555
 3599 EWGWDGM   -4.2495   -4.7681   -0.5186    0.2555
 3600 KDGVWGW   -7.1891   -7.1259    0.0631    0.2555
 3601 VDGKWGM   -5.2561   -7.4243   -2.1683    0.2555
 3602 MDGKMGW   -4.9770   -7.1398   -2.1629    0.2555
 3603 MDGWMGK   -4.4553   -6.7296   -2.2743    0.2555
 3604 MDWGMGK   -5.8130   -7.9758   -2.1629    0.2555
 3605 MKWGMGE   -6.9094   -9.3894   -2.4800    0.2555
 3606 KMWGMGE   -8.3562  -10.9476   -2.5914    0.2555
 3607 KMWGMGD   -9.0394  -11.3137   -2.2743    0.2555
 3608 KMWGMGD   -9.0394  -11.3137   -2.2743    0.2555
 3609 KMWGMGD   -9.0394  -11.3137   -2.2743    0.2555
 3610 KMWGMGD   -9.0394  -11.3137   -2.2743    0.2555
 3611 KMWGMGD   -9.0394  -11.3137   -2.2743    0.2555
 3612 KMWGFGD   -8.1481   -8.8293   -0.6811    0.2555
 3613 KMWGFGD   -8.1481   -8.8293   -0.6811    0.2555
 3614 KMWGFGD   -8.1481   -8.8293   -0.6811    0.2555
 3615 KMWGEGF   -6.5734   -7.5717   -0.9983    0.2555
 3616 KEWGMGF   -5.4465   -6.4448   -0.9983    0.2555
 3617 KEWGYGF   -3.1906   -5.0152   -1.8246    0.2555
 3618 KEWGYGF   -3.1906   -5.0152   -1.8246    0.2555
 3619 KEWGYGF   -3.1906   -5.0152   -1.8246    0.2555
 3620 KEWGYGY   -1.1222   -5.3662   -4.2440    0.2555
 3621 KEWGVGY   -3.0339   -6.4571   -3.4231    0.2555
 3622 KEYGVGV    0.2193   -5.6635   -5.8829    0.2555
 3623 KVYGLGE   -2.3011   -8.5994   -6.2983    0.2555
 3624 VKVGEGL   -5.4759  -10.8419   -5.3660    0.2555
 3625 FKVGEGL   -7.7700  -11.5374   -3.7674    0.2555
 3626 FKVGEGF   -8.2748  -10.0282   -1.7534    0.2555
 3627 FKFGEGV  -11.0305  -12.7840   -1.7534    0.2555
 3628 FKFGEGV  -11.0305  -12.7840   -1.7534    0.2555
 3629 WKFGEGV  -11.1750  -12.0673   -0.8923    0.2555
 3630 WKFGEGV  -11.1750  -12.0673   -0.8923    0.2555
 3631 WKFGEGV  -11.1750  -12.0673   -0.8923    0.2555
 3632 WKFGEGF  -10.4580   -9.9517    0.5063    0.2555
 3633 WKFGEGF  -10.4580   -9.9517    0.5063    0.2555
 3634 FKFGEGW  -11.8770  -11.3707    0.5063    0.2555
 3635 FKFGEGW  -11.8770  -11.3707    0.5063    0.2555
 3636 FKGIEGI  -10.0691  -10.6725   -0.6034    0.2555
 3637 FKGIEGI  -10.0691  -10.6725   -0.6034    0.2555
 3638 FKGIDGI   -9.4541   -9.7404   -0.2863    0.2555
 3639 FKGIDGI   -9.4541   -9.7404   -0.2863    0.2555
 3640 FKGIEGI   -9.8496  -10.4530   -0.6034    0.2555
 3641 WKGLEGI   -7.5583   -9.0903   -1.5320    0.2555
 3642 WKGWEGI   -6.3513   -7.8081   -1.4569    0.2555
 3643 WKGWEGI   -6.3513   -7.8081   -1.4569    0.2555
 3644 IKGLEGW   -7.4121   -8.9441   -1.5320    0.2555
 3645 MKGLDGF   -5.5557   -9.0005   -3.4449    0.2555
 3646 KWGFDGF   -5.0344   -4.2110    0.8234    0.2555
 3647 KLGFDGF   -4.8568   -6.7085   -1.8517    0.2555
 3648 KDGFLGF   -3.0938   -5.1683   -2.0746    0.2555
 3649 KEGFLGF   -3.2818   -5.6735   -2.3917    0.2555
 3650 LKGFEGF   -1.5399   -3.7088   -2.1689    0.2555
 3651 FKGFEGL   -0.8186   -2.9874   -2.1689    0.2555
 3652 LKGFEGF   -1.9054   -4.0743   -2.1689    0.2555
 3653 LKGFDGW   -2.8498   -3.8404   -0.9906    0.2555
 3654 LWGFKGD   -2.3642   -3.4662   -1.1020    0.2555
 3655 LLGFKGD   -0.0816   -4.0588   -3.9771    0.2555
 3656 LLGFKGD   -0.0816   -4.0588   -3.9771    0.2555
 3657 LLGLKGD    1.2307   -4.7605   -5.9911    0.2555
 3658 MLGIDGK   -4.4619   -8.2424   -3.7806    0.2555
 3659 GIGLDMK   -2.2729   -5.9420   -3.6691    0.2555
 3660 LIGVDGK   -4.2211   -8.0071   -3.7860    0.2555
 3661 LKGLEGI   -5.7711  -10.1783   -4.4071    0.2555
 3662 LKGMEGI   -5.8385   -9.8248   -3.9863    0.2555
 3663 LKVGEGM   -5.8266  -11.1872   -5.3606    0.2555
 3664 LKMGEGL   -5.9946  -11.7706   -5.7760    0.2555
 3665 MKLGEGI   -7.9623  -11.9486   -3.9863    0.2555
 3666 IKFGEGM   -9.3548  -11.3271   -1.9723    0.2555
 3667 VKFGEGW  -11.1939  -12.0862   -0.8923    0.2555
 3668 VKFGDGW  -10.6768  -11.2519   -0.5751    0.2555
 3669 VKFGDGW  -10.6768  -11.2519   -0.5751    0.2555
 3670 VKFGDGW  -10.6768  -11.2519   -0.5751    0.2555
 3671 VKFGEGW  -11.1667  -12.0589   -0.8923    0.2555
 3672 VKFGEGW  -11.1667  -12.0589   -0.8923    0.2555
 3673 VKFGEGW  -11.1667  -12.0589   -0.8923    0.2555
 3674 VKFGEGW  -11.1667  -12.0589   -0.8923    0.2555
 3675 VKFGEGW  -11.1667  -12.0589   -0.8923    0.2555
 3676 VKFGDGF   -9.8662  -11.3025   -1.4363    0.2555
 3677 VKFGDGF   -9.8662  -11.3025   -1.4363    0.2555
 3678 VKWGDGF   -9.3902   -9.9653   -0.5751    0.2555
 3679 VKWGDGI   -9.5595  -10.3590   -0.7994    0.2555
 3680 VKWGDGI   -9.5595  -10.3590   -0.7994    0.2555
 3681 MKWGDGV   -8.7341  -10.9023   -2.1683    0.2555
 3682 MKVGDGW   -8.1815  -10.3498   -2.1683    0.2555
 3683 MKVGDGW   -8.1815  -10.3498   -2.1683    0.2555
 3684 MKLGDGW   -7.7838  -10.3675   -2.5837    0.2555
 3685 MKLGDGW   -7.7838  -10.3675   -2.5837    0.2555
 3686 MKFGDGW  -10.4876  -11.0573   -0.5697    0.2555
 3687 MKFGDGW  -10.4876  -11.0573   -0.5697    0.2555
 3688 MKFGDGW  -10.4876  -11.0573   -0.5697    0.2555
 3689 MKFGDGW  -10.4876  -11.0573   -0.5697    0.2555
 3690 MKFGDGM   -9.3546  -12.3786   -3.0240    0.2555
 3691 IKGFDGM   -7.1698   -8.8249   -1.6551    0.2555
 3692 IKGIDGM   -8.5232  -10.4026   -1.8794    0.2555
 3693 IKMGDGI   -8.5542  -10.4336   -1.8794    0.2555
 3694 IKMGDGI   -8.5542  -10.4336   -1.8794    0.2555
 3695 IKMGDMI   -8.8481   -9.0650   -0.2169    0.2555
 3696 IKMGMDI   -7.3722   -7.4777   -0.1054    0.2555
 3697 VKIGMDI   -7.9625   -7.9933   -0.0309    0.2555
 3698 VKIGMDI   -7.9625   -7.9933   -0.0309    0.2555
 3699 VKVGMDI   -9.7150   -9.6801    0.0349    0.2555
 3700 VKVGMDI   -9.7150   -9.6801    0.0349    0.2555
 3701 IKVGMDM   -9.6875   -9.6472    0.0403    0.2555
 3702 IKMGMDV   -9.4040   -9.3637    0.0403    0.2555
 3703 IMKGMDV   -8.4828   -8.5539   -0.0711    0.2555
 3704 IMKGVDV  -10.5919  -10.6685   -0.0766    0.2555
 3705 IMKGVDV  -10.5597  -10.6362   -0.0766    0.2555
 3706 DKMGVVI   -7.5835   -7.8830   -0.2994    0.2555
 3707 DIMGVMK   -7.2591   -7.4416   -0.1826    0.2555
 3708 DIMGVMK   -7.2591   -7.4416   -0.1826    0.2555
 3709 MIKGVVD   -8.5133   -8.7013   -0.1880    0.2555
 3710 MEFGKVI   -6.9715   -7.1266   -0.1551    0.2555
 3711 MEFGKVI   -6.9715   -7.1266   -0.1551    0.2555
 3712 MEFGKVI   -6.9715   -7.1266   -0.1551    0.2555
 3713 MEVGKII   -8.5897   -9.0492   -0.4594    0.2555
 3714 MEVGKII   -8.5897   -9.0492   -0.4594    0.2555
 3715 MKVGEII   -8.1627   -8.6221   -0.4594    0.2555
 3716 MKVGEII   -8.1627   -8.6221   -0.4594    0.2555
 3717 MIKGDIV   -8.4464   -8.7001   -0.2537    0.2555
 3718 MYVGEIK   -6.3020   -7.6280   -1.3260    0.2555
 3719 MFVGEDI   -7.0831   -7.9540   -0.8709    0.2555
 3720 AWVGEDI   -6.3308   -8.2620   -1.9311    0.2555
 3721 AWVGEDI   -6.3308   -8.2620   -1.9311    0.2555
 3722 AWVGEDF   -7.0116   -8.7184   -1.7069    0.2555
 3723 AWVGEKF   -9.2625  -10.4765   -1.2140    0.2555
 3724 AWVGEKF   -9.2625  -10.4765   -1.2140    0.2555
 3725 AWVGEKF   -9.2929  -10.5069   -1.2140    0.2547
 3726 AWVGEKF   -9.2929  -10.5069   -1.2140    0.2547
 3727 AWVGEDF   -7.7679   -9.4748   -1.7069    0.2547
 3728 AWVGDDF   -6.5235   -7.9132   -1.3897    0.2547
 3729 AWVGDDL   -4.6210   -8.0247   -3.4037    0.2547
 3730 AVWGDDM   -5.3739   -8.3568   -2.9829    0.2547
 3731 AWWGMED   -6.1946   -8.3948   -2.2003    0.2547
 3732 AWWGMEE   -6.1206   -8.6380   -2.5174    0.2547
 3733 AWWGMEE   -6.1206   -8.6380   -2.5174    0.2547
 3734 AWWGEME   -5.2241   -7.6301   -2.4060    0.2547
 3735 AWWGDAE   -4.7361   -8.7464   -4.0103    0.2547
 3736 AWWGEVD   -8.0240  -10.0383   -2.0143    0.2547
 3737 AWWGDVD   -7.4886   -9.1857   -1.6971    0.2547
 3738 AWWGDVD   -7.4886   -9.1857   -1.6971    0.2547
 3739 AWWGDVD   -7.4886   -9.1857   -1.6971    0.2547
 3740 AWWGDVD   -7.8747   -9.5718   -1.6971    0.2547
 3741 AWWGDVD   -7.8747   -9.5718   -1.6971    0.2547
 3742 AIWGDVD   -7.7833   -9.2858   -1.5026    0.2547
 3743 AIWGDVD   -7.7833   -9.2858   -1.5026    0.2547
 3744 AVWGDID   -8.1877   -9.6903   -1.5026    0.2547
 3745 AMWGEIK   -8.0316   -9.3531   -1.3214    0.2547
 3746 AMWGDIK   -8.1586   -9.1628   -1.0043    0.2547
 3747 ALWGEIK   -6.8540  -10.0763   -3.2223    0.2547
 3748 GLWGEIK   -7.5874   -9.2308   -1.6434    0.2547
 3749 GLWGEIE   -7.3424   -9.7958   -2.4534    0.2547
 3750 GMWGIED   -5.6271   -7.4539   -1.8269    0.2547
 3751 GDWGMMD   -3.5818   -6.3490   -2.7671    0.2547
 3752 GMWGMDD   -3.9706   -6.8492   -2.8786    0.2547
 3753 GMWGMDD   -3.9706   -6.8492   -2.8786    0.2547
 3754 GMWGMDD   -3.9706   -6.8492   -2.8786    0.2547
 3755 GMMGWDD   -1.4670   -4.3455   -2.8786    0.2547
 3756 GMWGLDD   -1.8098   -5.1092   -3.2994    0.2547
 3757 GDWGLKM   -1.0330   -3.6167   -2.5837    0.2547
 3758 GDWGWEM   -4.5015   -5.0201   -0.5186    0.2547
 3759 GWWGDEM   -5.7349   -6.4763   -0.7414    0.2547
 3760 GMWGDEW   -7.1214   -7.8628   -0.7414    0.2547
 3761 GMWGDEW   -7.1214   -7.8628   -0.7414    0.2547
 3762 GMWGDEW   -7.1214   -7.8628   -0.7414    0.2547
 3763 GMWGDEW   -7.1214   -7.8628   -0.7414    0.2547
 3764 GMWGDEI   -6.6475   -8.4744   -1.8269    0.2547
 3765 GMWGDEI   -6.6475   -8.4744   -1.8269    0.2547
 3766 GMWGDID   -8.5739   -9.9722   -1.3983    0.2547
 3767 DMWGGID   -4.6727   -6.1825   -1.5097    0.2547
 3768 DMWGGIE   -4.8973   -6.7241   -1.8269    0.2547
 3769 DMWGGIE   -4.8973   -6.7241   -1.8269    0.2547
 3770 DMWGGIK   -6.3445   -7.3614   -1.0169    0.2547
 3771 VMWGGDD   -5.8337   -8.9405   -3.1069    0.2547
 3772 VIWGGED   -8.2124  -10.2676   -2.0551    0.2547
 3773 VIWGGED   -8.2124  -10.2676   -2.0551    0.2547
 3774 VIWGGED   -8.2124  -10.2676   -2.0551    0.2547
 3775 VIWGGED   -8.2124  -10.2676   -2.0551    0.2547
 3776 VIWGGED   -8.2124  -10.2676   -2.0551    0.2547
 3777 VIWGGEE   -8.0893  -10.4616   -2.3723    0.2547
 3778 VIWGGEE   -8.0893  -10.4616   -2.3723    0.2547
 3779 VIWGGEE   -8.0893  -10.4616   -2.3723    0.2547
 3780 VIWGGDE   -7.2354   -9.2905   -2.0551    0.2547
 3781 VIWGGEE   -7.7313  -10.1036   -2.3723    0.2547
 3782 LIWGGED   -5.8376   -8.3082   -2.4706    0.2547
 3783 LIWGGEK   -6.7980   -8.7757   -1.9777    0.2547
 3784 LIWGGEK   -6.7980   -8.7757   -1.9777    0.2547
 3785 KIWGGEL   -8.6382  -10.3930   -1.7549    0.2547
 3786 KIWGGEI   -9.4005   -9.7257   -0.3251    0.2547
 3787 IIWGGEK   -7.6502   -8.1982   -0.5480    0.2547
 3788 IIWGGED   -8.8548   -9.8957   -1.0409    0.2547
 3789 IKWGGID   -7.8428   -7.7394    0.1034    0.2547
 3790 MKWGGDV   -6.5136   -8.7933   -2.2797    0.2547
 3791 FKFGGDV   -6.6949   -8.2426   -1.5477    0.2547
 3792 VKFGGEF   -7.9441   -9.8090   -1.8649    0.2547
 3793 VKFGGFD   -7.7729   -9.3206   -1.5477    0.2547
 3794 VKFGGID   -7.7696   -9.5416   -1.7720    0.2547
 3795 IKFGGID   -7.1432   -7.5409   -0.3977    0.2547
 3796 DIFGGKI   -8.7845   -9.2936   -0.5091    0.2547
 3797 DIFGGKI   -8.7845   -9.2936   -0.5091    0.2547
 3798 DIFGGKI   -8.7845   -9.2936   -0.5091    0.2547
 3799 DIFGGKI   -8.7845   -9.2936   -0.5091    0.2547
 3800 DIKGGFI   -5.4961   -6.0052   -0.5091    0.2547
 3801 DFKGGFI   -5.3105   -5.5953   -0.2849    0.2547
 3802 DFIGGFK   -5.5801   -5.8650   -0.2849    0.2547
 3803 DFIGGFK   -5.5801   -5.8650   -0.2849    0.2547
 3804 KFIGGFD   -7.8541   -8.1389   -0.2849    0.2547
 3805 KFVGGLD   -6.4693  -10.1425   -3.6731    0.2547
 3806 KFVGGLD   -6.4693  -10.1425   -3.6731    0.2547
 3807 KWMGGLD   -8.0058  -10.8124   -2.8066    0.2547
 3808 KWMGGLD   -8.0058  -10.8124   -2.8066    0.2547
 3809 KWMGGLE   -6.9752  -10.0989   -3.1237    0.2547
 3810 KWMGGLE   -6.9752  -10.0989   -3.1237    0.2547
 3811 KWMGGLE   -6.9752  -10.0989   -3.1237    0.2547
 3812 KWMGGLE   -6.9752  -10.0989   -3.1237    0.2547
 3813 KWMGGLE   -6.9752  -10.0989   -3.1237    0.2547
 3814 KWMGGLE   -6.9752  -10.0989   -3.1237    0.2547
 3815 KWGMGLE   -3.8089   -6.7097   -2.9009    0.2547
 3816 KWGMGFE   -3.3765   -4.2633   -0.8869    0.2547
 3817 KWGFGME   -5.1794   -6.0662   -0.8869    0.2547
 3818 KWGFGME   -5.1794   -6.0662   -0.8869    0.2547
 3819 KWGFGME   -5.1794   -6.0662   -0.8869    0.2547
 3820 KWGFGME   -5.1794   -6.0662   -0.8869    0.2547
 3821 KWGFGFE   -6.1943   -5.6881    0.5063    0.2547
 3822 KWGFGEF   -7.0186   -6.5123    0.5063    0.2547
 3823 KWGFGEI   -6.4061   -6.2041    0.2020    0.2547
 3824 KWGFGEI   -6.4061   -6.2041    0.2020    0.2547
 3825 KWGFGEV   -7.5746   -8.4669   -0.8923    0.2547
 3826 KWGFGEV   -7.5746   -8.4669   -0.8923    0.2547
 3827 KWGFGEV   -7.5746   -8.4669   -0.8923    0.2547
 3828 KFGFGEV   -5.8979   -7.6514   -1.7534    0.2547
 3829 KFGFGEM   -4.1571   -5.9051   -1.7480    0.2547
 3830 KWGFGEM   -5.3728   -6.2596   -0.8869    0.2547
 3831 KWGFGEW   -5.3957   -6.5482   -1.1526    0.2547
 3832 KWGFGDW   -5.8104   -6.6458   -0.8354    0.2547
 3833 KFGFGDW   -7.0614   -6.2379    0.8234    0.2547
 3834 KFGFGDW   -7.0614   -6.2379    0.8234    0.2547
 3835 KFGMGWD   -6.2537   -6.8234   -0.5697    0.2547
 3836 KWGMGWD   -7.4930   -7.2016    0.2914    0.2547
 3837 KWGMGWD   -7.4930   -7.2016    0.2914    0.2547
 3838 KMGIGWD   -5.4756   -6.2696   -0.7940    0.2547
 3839 KIGIGWD   -6.1536   -5.9388    0.2149    0.2547
 3840 KIGIGWD   -6.1536   -5.9388    0.2149    0.2547
 3841 KIGIGVD   -6.1237   -8.0086   -1.8849    0.2547
 3842 KIGIGVD   -6.1237   -8.0086   -1.8849    0.2547
 3843 KIGIGVD   -7.9683   -9.8531   -1.8849    0.2547
 3844 KIGIGVE   -6.7863   -8.9883   -2.2020    0.2547
 3845 KIGIGVE   -6.7863   -8.9883   -2.2020    0.2547
 3846 KIGIGLE   -6.7659   -9.3833   -2.6174    0.2547
 3847 KIGIGDL   -6.1180   -8.4183   -2.3003    0.2547
 3848 KIGIGEL   -5.4036   -8.0210   -2.6174    0.2547
 3849 KIGIGLE   -6.8920   -9.5095   -2.6174    0.2547
 3850 KIGIGLD   -7.9400  -10.2403   -2.3003    0.2547
 3851 DMGIVDL   -1.4777   -3.3426   -1.8649    0.2547
 3852 DMGIVLD   -4.0241   -6.0004   -1.9763    0.2547
 3853 DVGILME   -5.9312   -8.2246   -2.2934    0.2547
 3854 DMGMLVE   -3.6266   -6.4089   -2.7823    0.2547
 3855 MDGLMEV   -3.0484   -5.7192   -2.6709    0.2547
 3856 MDLGVVE   -5.9499   -8.6262   -2.6763    0.2547
 3857 MDMGVVE   -6.0127   -8.2681   -2.2554    0.2547
 3858 MKVGWVE   -5.7725   -5.7608    0.0117    0.2547
 3859 MKVGWVE   -5.7725   -5.7608    0.0117    0.2547
 3860 MKMGWVE   -5.6907   -5.7536   -0.0629    0.2547
 3861 MVGMVKE   -6.5358   -8.5212   -1.9854    0.2547
 3862 MEGIMKV   -7.2557   -7.6440   -0.3883    0.2547
 3863 MMGIEKV   -6.5891   -7.0888   -0.4997    0.2547
 3864 MEGIMKV   -7.5223   -7.9106   -0.3883    0.2547
 3865 MEGIMKV   -7.5223   -7.9106   -0.3883    0.2547
 3866 MEGIMKV   -7.5223   -7.9106   -0.3883    0.2547
 3867 MEGKMIV   -6.4003   -6.9000   -0.4997    0.2547
 3868 MDGVMIK   -5.1428   -5.3253   -0.1826    0.2547
 3869 MDGMMIE   -5.5193   -6.5064   -0.9871    0.2547
 3870 MDGMMID   -6.2464   -6.9164   -0.6700    0.2547
 3871 DDGMMIM   -4.6584   -5.5513   -0.8929    0.2547
 3872 IMGMMDD   -6.6000   -7.3814   -0.7814    0.2547
 3873 IDGMMDM   -6.1413   -6.6999   -0.5586    0.2547
 3874 IDGMMEM   -5.6647   -6.5404   -0.8757    0.2547
 3875 IKGMMDM   -4.6572   -4.7230   -0.0657    0.2547
 3876 IMKGMEI   -1.6281   -2.1621   -0.5340    0.2547
 3877 IKMGMEI   -2.9900   -3.4126   -0.4226    0.2547
 3878 IKMGAEI   -0.9396   -3.1236   -2.1840    0.2547
 3879 IAMGKIE   -2.9502   -5.3570   -2.4069    0.2547
 3880 IAMGKIE   -2.9502   -5.3570   -2.4069    0.2547
 3881 IKIGAIE   -4.9570   -5.8836   -0.9266    0.2547
 3882 IDGIAID   -4.0930   -5.3067   -1.2137    0.2547
 3883 IDGIMAD   -6.6893   -9.2718   -2.5826    0.2547
 3884 IDGVLMD   -3.8685   -5.8448   -1.9763    0.2547
 3885 IKGVLLE   -3.3066   -8.0880   -4.7814    0.2547
 3886 LKGVVLE   -5.9198   -8.8755   -2.9557    0.2547
 3887 LKGLVVE   -6.4801   -9.4358   -2.9557    0.2547
 3888 GKLMVVD   -3.5403   -5.6294   -2.0891    0.2547
 3889 GKDMVIV   -4.5968   -5.0076   -0.4109    0.2547
 3890 KMVIVGD  -10.4668  -10.7662   -0.2994    0.2547
 3891 KMVIVGD  -10.4668  -10.7662   -0.2994    0.2547
 3892 KFVIVGD  -10.2735  -10.2598    0.0137    0.2547
 3893 KFVIVGD  -10.2735  -10.2598    0.0137    0.2547
 3894 KMVVFGD  -11.0820  -11.1572   -0.0751    0.2547
 3895 FMVVDGD   -9.9117  -10.4797   -0.5680    0.2547
 3896 FVVKMGD  -11.6867  -11.6504    0.0363    0.2547
 3897 FVKVMGD  -12.0031  -11.9669    0.0363    0.2547
 3898 FVKVMGD  -12.0031  -11.9669    0.0363    0.2547
 3899 FVKIMGD  -11.6309  -11.5803    0.0506    0.2547
 3900 FIKVMGD  -11.6270  -11.5765    0.0506    0.2547
 3901 FVKVMGD  -12.2177  -12.1814    0.0363    0.2547
 3902 LMKVMGD   -8.5469  -10.5191   -1.9723    0.2547
 3903 FMKVMGD   -9.6504   -9.6087    0.0417    0.2547
 3904 FMKVMGE   -8.8419   -9.1174   -0.2754    0.2547
 3905 FVKVMGE   -9.6229   -9.9038   -0.2809    0.2547
 3906 WVKVMGE  -10.3737  -10.4734   -0.0997    0.2547
 3907 EVKVMGI   -9.4715   -9.8652   -0.3937    0.2547
 3908 EKMVMGA   -1.3781   -6.6395   -5.2614    0.2547
 3909 KMEVMGA   -2.9201   -7.9587   -5.0386    0.2547
 3910 KVIEMGA   -7.3958  -11.0655   -3.6697    0.2547
 3911 KVIEMGA   -7.3958  -11.0655   -3.6697    0.2547
 3912 KVIAFGE   -6.4484   -8.7478   -2.2994    0.2547
 3913 KEIMFGY   -5.1952   -5.0341    0.1611    0.2547
 3914 GEIMFGK   -3.5849   -5.7800   -2.1951    0.2547
 3915 LKIFEGM   -3.9442   -7.1547   -3.2106    0.2547
 3916 LKMFEGI   -4.5986   -7.8091   -3.2106    0.2547
 3917 LMKFEGI   -1.7464   -4.9570   -3.2106    0.2547
 3918 LMKFDGM   -2.9245   -4.0668   -1.1423    0.2547
 3919 LMKFMGD   -4.1152   -5.3689   -1.2537    0.2547
 3920 KMLFMGD   -6.5652   -7.9304   -1.3651    0.2547
 3921 KMLIMGD   -6.6860   -8.3555   -1.6694    0.2547
 3922 KMLIMGD   -6.6860   -8.3555   -1.6694    0.2547
 3923 KMLIMGD   -6.6860   -8.3555   -1.6694    0.2547
 3924 KILVMGD   -6.1257   -7.7206   -1.5949    0.2547
 3925 KIMVLGD   -6.7021   -8.2969   -1.5949    0.2547
 3926 KIMVLGD   -7.2692   -8.8641   -1.5949    0.2767
 3927 KIIVFGD   -9.1984  -11.0104   -1.8120    0.2767
 3928 KIIDMGV   -6.2449   -6.3872   -0.1423    0.2767
 3929 KIIDMGV   -6.2449   -6.3872   -0.1423    0.2767
 3930 MKIDYGV   -5.2326   -6.0186   -0.7860    0.2767
 3931 DKIVYGM   -3.9276   -5.0479   -1.1203    0.2767
 3932 KMIVYGD   -7.5163   -8.6366   -1.1203    0.2767
 3933 KMILYGD   -7.1594   -8.6951   -1.5357    0.2767
 3934 KIIVYGE   -9.3750   -9.4436   -0.0686    0.2767
 3935 KVVIVGE  -10.5177  -11.1397   -0.6220    0.2767
 3936 KVVIVGE  -10.5177  -11.1397   -0.6220    0.2767
 3937 KIMVVGE   -9.8243  -10.4408   -0.6166    0.2767
 3938 MVKIVGE   -9.7585  -10.2636   -0.5051    0.2767
 3939 MVKIVGD  -11.0788  -11.2668   -0.1880    0.2767
 3940 KFMIVGD  -11.1857  -11.2466   -0.0609    0.2767
 3941 KFMIVGD  -11.1857  -11.2466   -0.0609    0.2767
 3942 KFMVVGD  -11.1484  -11.2235   -0.0751    0.2767
 3943 KFVIVGD  -11.2338  -11.2201    0.0137    0.2767
 3944 KFVIVGD  -11.2338  -11.2201    0.0137    0.2767
 3945 KIVIVGD  -11.4982  -11.7887   -0.2906    0.2767
 3946 KVIIVGD  -12.6489  -12.9395   -0.2906    0.2767
 3947 KVIIVGD  -12.6489  -12.9395   -0.2906    0.2767
 3948 KVIIAGD  -10.2124  -12.4190   -2.2066    0.2767
 3949 KVIVAGE   -7.6800  -11.5780   -3.8980    0.2767
 3950 KVIVVGE  -11.4462  -12.0682   -0.6220    0.2767
 3951 KVVIVGE   -9.9361  -10.5581   -0.6220    0.2767
 3952 KIVVEGV  -11.6565  -12.1671   -0.5106    0.2767
 3953 KLVIEGV  -10.3582  -12.0842   -1.7260    0.2767
 3954 KLVIEGV  -10.3582  -12.0842   -1.7260    0.2767
 3955 KLVIEGV  -10.3582  -12.0842   -1.7260    0.2767
 3956 MKVVEGV  -12.5962  -14.3642   -1.7680    0.2767
 3957 MKVVEGV  -12.5962  -14.3642   -1.7680    0.2767
 3958 MKVMEGV  -12.2429  -14.0054   -1.7626    0.2767
 3959 MKVMEGV  -12.2429  -14.0054   -1.7626    0.2767
 3960 MKVMDGI  -11.7059  -11.7770   -0.0711    0.2767
 3961 MKVLDGI  -11.2014  -12.5734   -1.3720    0.2767
 3962 MKILDGV  -12.9572  -14.3292   -1.3720    0.2767
 3963 MKILEGV  -12.5285  -14.2177   -1.6891    0.2767
 3964 MKILEGV  -12.5285  -14.2177   -1.6891    0.2767
 3965 MKILEGV  -12.5285  -14.2177   -1.6891    0.2767
 3966 MKILEGV  -12.5285  -14.2177   -1.6891    0.2767
 3967 MKILDGV  -13.0182  -14.3902   -1.3720    0.2767
 3968 MKILDGV  -13.0182  -14.3902   -1.3720    0.2767
 3969 MKILEGV  -12.4967  -14.1858   -1.6891    0.2767
 3970 VKILEGM  -11.2466  -12.9358   -1.6891    0.2767
 3971 VKILEGM  -10.8551  -12.5443   -1.6891    0.2767
 3972 IKLVEGM  -10.0510  -11.7402   -1.6891    0.2767
 3973 GKLVEIM   -8.9735  -10.7740   -1.8006    0.2767
 3974 GKIVDLM   -7.8233   -9.3067   -1.4834    0.2767
 3975 GKMVDLI   -7.6067   -9.0902   -1.4834    0.2767
 3976 GMMVDLK   -6.6557   -8.6280   -1.9723    0.2767
 3977 MMMVKGD   -6.6662   -8.3290   -1.6629    0.2767
 3978 MMKVYGD   -6.2785   -8.6562   -2.3777    0.2767
 3979 MKMVYGD   -6.7331   -9.1108   -2.3777    0.2767
 3980 EEMVYGM   -2.2932   -5.9095   -3.6163    0.2767
 3981 KDIFYGM   -2.3439   -1.8656    0.4783    0.2767
 3982 KDIIVGM   -6.7089   -7.0741   -0.3651    0.2767
 3983 KDIVIGM   -6.7254   -7.0905   -0.3651    0.2767
 3984 KIIDVGM   -8.5656   -8.7079   -0.1423    0.2767
 3985 KLVDIGM   -7.7838   -9.1558   -1.3720    0.2767
 3986 KLVDIGM   -7.7838   -9.1558   -1.3720    0.2767
 3987 KLVDIGM   -7.7838   -9.1558   -1.3720    0.2767
 3988 KLVDIGM   -7.7838   -9.1558   -1.3720    0.2767
 3989 MKVDIGL   -6.4588   -7.7194   -1.2606    0.2767
 3990 MKVLDGF   -6.5885   -7.6562   -1.0677    0.2767
 3991 KMVVDGF   -9.6213   -9.5851    0.0363    0.2767
 3992 KMVVEGF  -10.1349  -10.4157   -0.2809    0.2767
 3993 KEVVMGI   -6.0987   -6.7153   -0.6166    0.2767
 3994 KEIVMGV   -9.3014   -9.9180   -0.6166    0.2767
 3995 KEIVMGV   -9.4521  -10.0686   -0.6166    0.2767
 3996 KEIVMGV   -9.4521  -10.0686   -0.6166    0.2767
 3997 KVIVLGE  -11.1066  -12.9440   -1.8374    0.2767
 3998 VVIKLGD   -9.9105  -11.3193   -1.4089    0.2767
 3999 VVIKLGD   -9.9105  -11.3193   -1.4089    0.2767
 4000 MVKILGD  -10.4429  -11.9264   -1.4834    0.2767
 4001 MVKILGD  -10.4429  -11.9264   -1.4834    0.2767
 4002 MVKIMGD  -12.1571  -12.3396   -0.1826    0.2767
 4003 MMKIMGD  -10.9844  -11.1616   -0.1771    0.2767
 4004 MMKIMGD  -10.9844  -11.1616   -0.1771    0.2767
 4005 MVKIMGD  -12.3432  -12.5258   -0.1826    0.2767
 4006 MVKIMGD  -12.3432  -12.5258   -0.1826    0.2767
 4007 MVKIMGD  -12.3432  -12.5258   -0.1826    0.2767
 4008 KVMIMGD  -12.2193  -12.5133   -0.2940    0.2767
 4009 KVIMMGD  -11.2699  -11.5639   -0.2940    0.2767
 4010 KIVMMGD  -11.6981  -11.9921   -0.2940    0.2767
 4011 KIVMMGD  -11.6981  -11.9921   -0.2940    0.2767
 4012 KMVIMGD  -12.0140  -12.3080   -0.2940    0.2767
 4013 VMIKMGD   -9.4408   -9.6233   -0.1826    0.2767
 4014 VMIEMGE   -9.0505  -10.3602   -1.3097    0.2767
 4015 MVIEMGE  -10.9260  -12.2358   -1.3097    0.2767
 4016 MIIEMGE  -10.0592  -11.5146   -1.4554    0.2767
 4017 VIIEMGE   -9.7272  -11.1081   -1.3809    0.2767
 4018 VIIEMGE   -9.7272  -11.1081   -1.3809    0.2767
 4019 VIIEMGE   -9.7272  -11.1081   -1.3809    0.2767
 4020 IVIEMGE   -9.9742  -11.3551   -1.3809    0.2767
 4021 IVVEEGL   -7.6104  -10.2579   -2.6474    0.2767
 4022 IVVLDGK   -8.7309  -10.2512   -1.5203    0.2767
 4023 VLIVEGK  -10.4442  -12.2816   -1.8374    0.2767
 4024 GLIVELD   -6.3066  -11.5809   -5.2743    0.2767
 4025 ILLVEGE   -7.2270  -12.9299   -5.7029    0.2767
 4026 ILVLEGE   -6.3504  -12.0532   -5.7029    0.2767
 4027 LWVGEGE   -5.6099   -9.5491   -3.9391    0.2767
 4028 GWVLDGK   -4.4981   -7.3101   -2.8120    0.2767
 4029 GKVMDVW   -9.2864   -9.0690    0.2174    0.2767
 4030 GKVVDMW  -12.4254  -12.2080    0.2174    0.2767
 4031 GKVVDMW  -13.0416  -12.8241    0.2174    0.2767
 4032 GKVVDMW  -13.0416  -12.8241    0.2174    0.2767
 4033 GKVVEMW  -11.6779  -11.7776   -0.0997    0.2767
 4034 GKVVEMW  -11.6779  -11.7776   -0.0997    0.2767
 4035 GKMVEMW   -9.6999   -9.8742   -0.1743    0.2767
 4036 GKMVEMW   -9.6999   -9.8742   -0.1743    0.2767
 4037 GKMVEMW   -9.6999   -9.8742   -0.1743    0.2767
 4038 MKIVEGI  -11.8448  -12.3042   -0.4594    0.2767
 4039 MIKVEGM  -10.6664  -11.0547   -0.3883    0.2767
 4040 MIKIEGM  -10.0072  -10.5412   -0.5340    0.2767
 4041 MIKIEGM  -10.0072  -10.5412   -0.5340    0.2767
 4042 MKMIDGI  -11.7633  -11.9801   -0.2169    0.2767
 4043 MKMIDGM  -11.8809  -11.9466   -0.0657    0.2767
 4044 MKVIDGM  -12.7546  -12.8258   -0.0711    0.2767
 4045 MKVIDGM  -12.7546  -12.8258   -0.0711    0.2767
 4046 MKVIDGF  -13.1702  -13.0082    0.1620    0.2767
 4047 MKVIDGF  -13.1702  -13.0082    0.1620    0.2767
 4048 KMVIDGI  -10.6132  -10.8669   -0.2537    0.2767
 4049 KMVMEGL   -7.8978  -10.1872   -2.2894    0.2767
 4050 KMVMDGV   -9.4267  -10.9836   -1.5569    0.2767
 4051 KMVMDGV   -9.4267  -10.9836   -1.5569    0.2767
 4052 KMVMDGV   -9.4267  -10.9836   -1.5569    0.2767
 4053 KMIMDGV  -10.5095  -10.6920   -0.1826    0.2767
 4054 MKIMDGV  -11.1065  -11.1776   -0.0711    0.2767
 4055 FKIMDGV  -10.5375  -10.3755    0.1620    0.2767
 4056 FKVMDGV  -10.9436  -10.7959    0.1477    0.2767
 4057 FKVMDGV  -10.9436  -10.7959    0.1477    0.2767
 4058 FKMVDGV  -11.2691  -11.1214    0.1477    0.2767
 4059 FMKVDGV  -10.4508  -10.3031    0.1477    0.2767
 4060 FMKVDGV  -10.4508  -10.3031    0.1477    0.2767
 4061 WMKVDGV  -10.0870   -9.7581    0.3289    0.2767
 4062 WMKVDGV  -10.0870   -9.7581    0.3289    0.2767
 4063 FMKVDGV   -8.7382   -8.5905    0.1477    0.2767
 4064 FMKVDGV   -8.7382   -8.5905    0.1477    0.2767
 4065 IFKVDGV   -8.3486   -8.1121    0.2366    0.2767
 4066 AFKVDAV   -4.9048   -8.1374   -3.2326    0.2767
 4067 AMKVDAV   -5.2796  -10.1053   -4.8257    0.2767
 4068 KVMVDAV  -10.4025  -12.0636   -1.6611    0.2767
 4069 KVMVDAV  -10.4025  -12.0636   -1.6611    0.2767
 4070 VKMVDAV  -10.1481  -11.6978   -1.5497    0.2767
 4071 VVKVDAM  -10.3442  -11.8939   -1.5497    0.2767
 4072 VKIVDAM  -12.9465  -13.1219   -0.1754    0.2767
 4073 VKMVDAI  -13.4526  -13.6280   -0.1754    0.2767
 4074 VKMVDGI  -13.1565  -13.2331   -0.0766    0.2767
 4075 IKVVDGI  -12.4813  -12.5490   -0.0677    0.2767
 4076 VMKVDGI  -10.8167  -10.8933   -0.0766    0.2767
 4077 VMKIDGV  -10.1161  -10.1927   -0.0766    0.2767
 4078 MVKVDGV  -10.6317  -12.0825   -1.4509    0.2767
 4079 MVKVDGV  -10.6317  -12.0825   -1.4509    0.2767
 4080 MKVVDGW  -12.5516  -12.2228    0.3289    0.2767
 4081 MKVVDGW  -12.5516  -12.2228    0.3289    0.2767
 4082 MKVVDGW  -12.5516  -12.2228    0.3289    0.2767
 4083 MKVVDGM  -11.8222  -13.2676   -1.4454    0.2767
 4084 MKVMDGF   -9.5176   -9.3645    0.1531    0.2767
 4085 MKVMDGF   -9.5176   -9.3645    0.1531    0.2767
 4086 MKVMDGV  -10.1872  -11.6326   -1.4454    0.2767
 4087 MKVMDGY   -8.7573  -11.0236   -2.2663    0.2767
 4088 MKVIDGY  -10.7583  -11.6557   -0.8974    0.2767
 4089 IKIMDGV  -12.5106  -12.6529   -0.1423    0.2767
 4090 MKIMDGM  -13.0864  -13.1522   -0.0657    0.2767
 4091 MKIIDGM  -11.9607  -12.1775   -0.2169    0.2767
 4092 MKFVDGM  -11.6406  -11.4874    0.1531    0.2767
 4093 MKMVDGF  -12.1249  -11.9718    0.1531    0.2767
 4094 MKMVDGW  -11.7643  -11.5100    0.2543    0.2767
 4095 MKMVDGW  -11.7643  -11.5100    0.2543    0.2767
 4096 MKMVDGW  -11.7643  -11.5100    0.2543    0.2767
 4097 IKMVDGW   -9.4657  -10.9626   -1.4969    0.2767
 4098 IMKVDGW   -8.2632   -9.7600   -1.4969    0.2767
 4099 KMIVDGA   -8.1575  -11.6215   -3.4640    0.2767
 4100 KMLVDGA   -6.6212  -11.8749   -5.2537    0.2767
 4101 KMLVAGD   -6.9647  -12.3299   -5.3651    0.2767
 4102 MKLVAGD   -7.2616  -12.5153   -5.2537    0.2767
 4103 KMLVAGD   -7.5741  -12.9392   -5.3651    0.2767
 4104 KMLVFGD  -10.5448  -11.8353   -1.2906    0.2767
 4105 KMIVFGE   -8.9321   -9.3101   -0.3780    0.2767
 4106 EMLVFGK   -7.7426   -9.3503   -1.6077    0.2767
 4107 GMLVFKE   -8.9278  -10.6469   -1.7191    0.2767
 4108 GMLVFKD   -9.6107  -11.0127   -1.4020    0.2767
 4109 GMLVFKD   -9.6107  -11.0127   -1.4020    0.2767
 4110 GMMDFKV   -5.9321   -5.7790    0.1531    0.2767
 4111 GMMDFKV   -5.9321   -5.7790    0.1531    0.2767
 4112 GMMDMDV   -4.6658   -6.5986   -1.9329    0.2767
 4113 GMDIMKM   -7.6967   -7.7624   -0.0657    0.2767
 4114 GDMIVKM   -6.4379   -6.6205   -0.1826    0.2767
 4115 GDMIVKM   -6.4379   -6.6205   -0.1826    0.2767
 4116 GDMVIKM   -7.1793   -7.3619   -0.1826    0.2767
 4117 GDMVIKM   -7.1793   -7.3619   -0.1826    0.2767
 4118 GIMVDDM   -7.3243   -8.1111   -0.7869    0.2767
 4119 GIDMVEV   -5.8835   -6.7701   -0.8866    0.2767
 4120 GIDMEVV   -6.1515   -7.0380   -0.8866    0.2767
 4121 GIIDVEM   -6.2803   -7.2326   -0.9523    0.2767
 4122 GIMDIME   -6.1177   -7.2560   -1.1383    0.2767
 4123 GIMDIMK   -6.6491   -6.9774   -0.3283    0.2767
 4124 GMMDIIK   -6.2844   -6.6126   -0.3283    0.2767
 4125 GMIDIMK   -6.9275   -7.2557   -0.3283    0.2767
 4126 GMIDKMI   -6.1039   -6.5437   -0.4397    0.2767
 4127 MMIDMKI   -3.5677   -7.3219   -3.7543    0.2767
 4128 MMIDMKI   -3.4918   -7.2460   -3.7543    0.2723
 4129 MMIDMKI   -3.4918   -7.2460   -3.7543    0.2723
 4130 MMIDMKY   -3.8843   -5.2337   -1.3494    0.2723
 4131 MMMEMKA   -5.7422   -7.5927   -1.8506    0.2723
 4132 MMAEMKM   -5.6443   -7.4948   -1.8506    0.2723
 4133 MEAMMKF   -5.5470   -5.8045   -0.2574    0.2723
 4134 MFAMMDE   -5.6939   -6.7785   -1.0846    0.2723
 4135 FMAMVEE   -4.8489   -6.2561   -1.4071    0.2723
 4136 FMGVFEE   -4.4901   -5.3738   -0.8837    0.2723
 4137 FMGVFEE   -4.4901   -5.3738   -0.8837    0.2723
 4138 FMGEFDV   -4.4092   -4.7529   -0.3437    0.2723
 4139 FMAEMDG    0.6567   -3.3876   -4.0443    0.2723
 4140 FMAVVEE   -6.3838   -7.7964   -1.4126    0.2723
 4141 FVAVMEE   -8.1322   -9.5448   -1.4126    0.2723
 4142 AVEVEIM   -6.2915   -7.5941   -1.3026    0.2723
 4143 AMEVEIM   -6.7509   -8.0480   -1.2971    0.2723
 4144 AMEVEIM   -6.7509   -8.0480   -1.2971    0.2723
 4145 AIEVEMM   -6.6333   -7.9304   -1.2971    0.2723
 4146 MEIVVEA   -7.5558   -8.8584   -1.3026    0.2723
 4147 MEIVAEV   -7.7155   -9.0181   -1.3026    0.2723
 4148 MEIVEAV   -8.6906   -9.9932   -1.3026    0.2723
 4149 MEIVEAV   -8.6906   -9.9932   -1.3026    0.2723
 4150 MIEVEGV   -9.6597  -10.8634   -1.2037    0.2723
 4151 MIVEVGD   -9.5272  -10.5252   -0.9980    0.2723
 4152 MIVEFGD   -9.7369  -10.4963   -0.7594    0.2723
 4153 MIVEMGD  -10.9765  -11.9691   -0.9926    0.2723
 4154 MFEVDGM   -5.7940   -6.4508   -0.6569    0.2723
 4155 MFEVGMD   -6.8942   -7.5510   -0.6569    0.2723
 4156 MFMVGDE   -8.7193   -9.7104   -0.9911    0.2723
 4157 MFVMGDE   -8.5086   -9.4997   -0.9911    0.2723
 4158 AFVMMDE   -7.7159   -8.8059   -1.0900    0.2723
 4159 AFVMMEK   -7.2419   -7.8390   -0.5971    0.2723
 4160 GFVMMEK   -6.7653   -7.2636   -0.4983    0.2723
 4161 MFVMGEK   -7.5085   -8.0068   -0.4983    0.2723
 4162 MFEMGVD   -6.4727   -7.1296   -0.6569    0.2723
 4163 MVEVFGD   -6.2678   -7.0416   -0.7737    0.2723
 4164 VMKVFGD   -5.5933   -5.5570    0.0363    0.2723
 4165 VMEVFGD   -5.9373   -6.7111   -0.7737    0.2723
 4166 VEMVFGD   -6.1036   -6.8773   -0.7737    0.2723
 4167 VEMVFGE   -5.7369   -6.8278   -1.0909    0.2723
 4168 MKVVFGD   -9.5093   -9.4730    0.0363    0.2723
 4169 KMVVFGE   -8.8946   -9.2869   -0.3923    0.2723
 4170 KMVVFGD  -10.3344  -10.4095   -0.0751    0.2723
 4171 KMVVFGD  -10.3344  -10.4095   -0.0751    0.2723
 4172 KMVVFGD  -10.3344  -10.4095   -0.0751    0.2723
 4173 KVVVFGD  -11.0423  -11.1229   -0.0806    0.2723
 4174 KFVMVGD  -11.2901  -11.3653   -0.0751    0.2723
 4175 KFVMVGD  -11.2901  -11.3653   -0.0751    0.2723
 4176 VVVADGD   -4.4524   -9.9004   -5.4480    0.2723
 4177 VVVVDEV   -9.2743  -10.1863   -0.9120    0.2723
 4178 VGVVKEF   -7.1511   -7.4374   -0.2863    0.2723
 4179 VGVEKIV   -5.3069   -5.8175   -0.5106    0.2723
 4180 VGKEVAF   -4.4248   -8.0985   -3.6737    0.2723
 4181 VFKEVAG   -4.7039   -8.3776   -3.6737    0.2723
 4182 VFKEVAG   -4.7039   -8.3776   -3.6737    0.2723
 4183 VFKEIAG   -4.8095   -7.1089   -2.2994    0.2723
 4184 GFKEIAM   -4.5207   -6.8147   -2.2940    0.2723
 4185 KFIEAGM   -4.8871   -6.9583   -2.0711    0.2723
 4186 KFIEGAM   -4.3583   -6.5408   -2.1826    0.2723
 4187 KFGEIGM   -3.4548   -5.4271   -1.9723    0.2723
 4188 KFEIIGM   -3.4097   -5.3906   -1.9809    0.2723
 4189 KFEMIGM   -5.8920   -6.1218   -0.2297    0.2723
 4190 GFEMIKM   -5.4499   -5.6796   -0.2297    0.2723
 4191 GFEMIKA   -0.4275   -2.4986   -2.0711    0.2723
 4192 GIEVIKA   -1.5475   -3.8484   -2.3009    0.2723
 4193 GVAVMKE   -1.1206   -6.4989   -5.3783    0.2723
 4194 GVAVKMD   -5.7772  -10.6155   -4.8383    0.2723
 4195 GVAVKME   -5.6483  -10.8037   -5.1554    0.2723
 4196 GVAVDME   -5.1216  -10.7699   -5.6483    0.2723
 4197 FEAYDVM   -1.1294   -2.7114   -1.5820    0.2723
 4198 FKAVDVY   -6.6764   -7.4538   -0.7774    0.2723
 4199 AKFVDVV  -11.7027  -11.6593    0.0434    0.2723
 4200 AKFVDVV  -11.7027  -11.6593    0.0434    0.2723
 4201 AKFVDVV  -11.7027  -11.6593    0.0434    0.2723
 4202 AKFVDVV  -11.7027  -11.6593    0.0434    0.2723
 4203 AKFVDVV  -11.7027  -11.6593    0.0434    0.2723
 4204 AKFVDMV  -11.2576  -11.2088    0.0489    0.2723
 4205 AKFVDMV  -11.2576  -11.2088    0.0489    0.2723
 4206 AKFVDMV  -11.2576  -11.2088    0.0489    0.2723
 4207 AKFVDVV  -11.9698  -11.9264    0.0434    0.2723
 4208 AKFVDVV  -11.9698  -11.9264    0.0434    0.2723
 4209 AKFMDVV  -11.8523  -11.8034    0.0489    0.2723
 4210 MKFADVV  -12.1425  -12.0936    0.0489    0.2723
 4211 MKFADVV  -12.1425  -12.0936    0.0489    0.2723
 4212 FKFVDVG  -11.8787  -11.3378    0.5409    0.2723
 4213 FKFVDVG  -11.8787  -11.3378    0.5409    0.2723
 4214 FKFMDVG  -10.7720  -10.3057    0.4663    0.2723
 4215 FKFMDVG  -10.7720  -10.3057    0.4663    0.2723
 4216 MKFMDVG  -11.4321  -11.2789    0.1531    0.2723
 4217 GKFMDVM  -10.5379  -10.4962    0.0417    0.2723
 4218 GKFMDVM   -9.2482   -9.2065    0.0417    0.2723
 4219 GKMMDVF   -7.3334   -7.2917    0.0417    0.2723
 4220 FKMMDVG   -7.3245   -7.1714    0.1531    0.2723
 4221 FKWMEVG   -3.0202   -4.5299   -1.5097    0.2723
 4222 FKWMEVG   -3.0202   -4.5299   -1.5097    0.2723
 4223 FKWMEMG   -2.4606   -4.0448   -1.5843    0.2723
 4224 FKWMEMG   -2.4606   -4.0448   -1.5843    0.2723
 4225 YKWMEIG   -1.8484   -3.0832   -1.2349    0.2723
 4226 GKMMEIA   -2.3983   -6.1740   -3.7757    0.2723
 4227 MKGMDGI   -5.8916   -9.1399   -3.2483    0.2723
 4228 MKIMDGI   -9.7846  -10.0015   -0.2169    0.2723
 4229 MKIIDGV  -10.8224  -10.9647   -0.1423    0.2723
 4230 MKIIDGV  -10.8224  -10.9647   -0.1423    0.2723
 4231 MKIIDGM   -9.5917   -9.8085   -0.2169    0.2723
 4232 YMIIKGE   -6.8038   -6.9070   -0.1031    0.2723
 4233 YKIIYGE   -7.7195   -8.4975   -0.7780    0.2723
 4234 YKIIYGE   -7.7195   -8.4975   -0.7780    0.2723
 4235 YKIIYGE   -7.7195   -8.4975   -0.7780    0.2723
 4236 YKIIYGE   -7.7195   -8.4975   -0.7780    0.2723
 4237 YKIIYGD   -7.7106   -8.1714   -0.4609    0.2723
 4238 VKIIYGD   -8.1012   -7.7412    0.3600    0.2723
 4239 VIIKYGD   -6.3475   -5.9875    0.3600    0.2723
 4240 YIKVVGD   -6.9758   -7.9901   -1.0143    0.2723
 4241 YIKVVGE   -6.4269   -7.7583   -1.3314    0.2723
 4242 LMKVVGD   -9.9232  -11.9009   -1.9777    0.2723
 4243 KMLVVGD  -10.7209  -12.8100   -2.0891    0.2723
 4244 KIVVVGD  -10.8894  -11.1943   -0.3049    0.2723
 4245 VWKVVGD   -9.7753   -9.4833    0.2920    0.2723
 4246 VWKVVGD   -9.7753   -9.4833    0.2920    0.2723
 4247 VWKVVGE   -9.8763   -9.9014   -0.0251    0.2723
 4248 VWKVVGE   -9.8763   -9.9014   -0.0251    0.2723
 4249 VWKVVGD   -9.8592   -9.5672    0.2920    0.2723
 4250 VWKVIGD   -5.6901   -7.2238   -1.5337    0.2723
 4251 VFKVFGD   -7.0288   -6.5994    0.4294    0.2723
 4252 VFKVFGD   -7.0288   -6.5994    0.4294    0.2723
 4253 VFKVFGD   -7.0288   -6.5994    0.4294    0.2723
 4254 VDKVFGF   -4.1623   -3.7328    0.4294    0.2723
 4255 DVFVKGL   -6.3077   -7.4123   -1.1046    0.2723
 4256 DDFVVGL   -4.5288   -6.2376   -1.7089    0.2723
 4257 DELVFGG   -1.2915   -5.9975   -4.7060    0.2723
 4258 KELVFGA   -4.2233   -8.3125   -4.0891    0.2723
 4259 KVLEIGV   -8.0624   -9.6769   -1.6146    0.2723
 4260 IEVLKGV   -7.9202   -9.5347   -1.6146    0.2723
 4261 IVVLKGE   -9.1234  -10.9609   -1.8374    0.2723
 4262 EVVLKGI   -8.6182  -10.3442   -1.7260    0.2723
 4263 LVVIEGK   -6.5525   -8.3900   -1.8374    0.2723
 4264 IKVLEGV   -9.4804  -11.0950   -1.6146    0.2723
 4265 IEVFKGY   -7.7487   -7.3701    0.3786    0.2723
 4266 FEVIKGM   -6.7159   -6.8710   -0.1551    0.2723
 4267 FEVIKGY   -6.3353   -5.9568    0.3786    0.2723
 4268 YEVIKGF   -6.0835   -5.7049    0.3786    0.2723
 4269 WEIVKGY   -5.6444   -6.8046   -1.1603    0.2723
 4270 WEYIKGV   -3.5355   -4.6958   -1.1603    0.2723
 4271 YEYIKGV   -2.2150   -4.2558   -2.0409    0.2723
 4272 KIVELGY   -7.5031   -9.1386   -1.6354    0.2723
 4273 KIEVLGY   -6.4490   -8.0844   -1.6354    0.2723
 4274 KIVELGY   -8.1832   -9.8187   -1.6354    0.2723
 4275 KIVYEGL   -6.9211   -8.6680   -1.7469    0.2723
 4276 KIVYEGL   -6.9211   -8.6680   -1.7469    0.2723
 4277 KMVFEGL   -8.6773  -10.1736   -1.4963    0.2723
 4278 KMVLEGL   -9.1705  -12.2008   -3.0303    0.2723
 4279 VMKLEGL   -7.3872  -10.3060   -2.9189    0.2723
 4280 LMKVEGV   -8.4925  -10.6759   -2.1834    0.2723
 4281 MLEVEGI   -7.3375   -9.8366   -2.4991    0.2723
 4282 LMEIDGV   -5.5091   -7.6911   -2.1820    0.2723
 4283 MEILDGV   -6.2820   -8.4640   -2.1820    0.2723
 4284 MEILDGV   -6.2820   -8.4640   -2.1820    0.2723
 4285 MEILDGV   -6.2820   -8.4640   -2.1820    0.2723
 4286 ELVIEGI   -5.0142   -9.3759   -4.3617    0.2723
 4287 ILIKEGV   -6.1057   -9.7689   -3.6631    0.2723
 4288 LKIIEGV   -9.2566  -12.6969   -3.4403    0.2723
 4289 IKLIEGV   -8.5187  -11.9590   -3.4403    0.2723
 4290 IKLIEGY   -8.7811  -11.6422   -2.8611    0.2723
 4291 IKLIEGV   -8.5645  -12.0048   -3.4403    0.2723
 4292 IKLIEGG   -8.8220  -11.6623   -2.8403    0.2723
 4293 ILEIAGE   -5.8472   -9.4849   -3.6377    0.2723
 4294 ILEVGAE   -4.3772   -9.2778   -4.9006    0.2723
 4295 IELVGAE   -4.8283   -9.7289   -4.9006    0.2723
 4296 IELVGAE   -4.8283   -9.7289   -4.9006    0.2723
 4297 IEILGGD   -4.7435   -8.0766   -3.3331    0.2723
 4298 DELLGGM   -0.3325   -6.9356   -6.6031    0.2723
 4299 DMLWGGE   -3.3980   -7.1260   -3.7280    0.2723
 4300 DMLWGGE   -3.3980   -7.1260   -3.7280    0.2723
 4301 KMLWGGD   -7.4570  -10.3750   -2.9180    0.2723
 4302 KMLWGGD   -7.4570  -10.3750   -2.9180    0.2723
 4303 MKLWGGD   -5.6516   -8.4582   -2.8066    0.2723
 4304 IKLWGGE   -5.9970   -7.7519   -1.7549    0.2723
 4305 KILWGGE   -8.7402  -10.6065   -1.8663    0.2723
 4306 KWLWGGE   -6.9129   -9.9337   -3.0209    0.2723
 4307 KWLWGGE   -6.9129   -9.9337   -3.0209    0.2723
 4308 KLVWGGE   -5.9038   -9.1444   -3.2406    0.2723
 4309 KWVLGME   -5.4526   -8.6078   -3.1551    0.2723
 4310 KVVLGME   -7.0970   -9.3918   -2.2949    0.2723
 4311 KMVLGME   -6.8369   -9.1263   -2.2894    0.2723
 4312 KGVVMME   -7.1423   -9.1277   -1.9854    0.2723
 4313 KGVVMMD   -6.9896   -8.6579   -1.6683    0.2723
 4314 KGMVMMD   -7.1246   -8.7874   -1.6629    0.2723
 4315 KMMVGVD   -8.4504  -10.0073   -1.5569    0.2723
 4316 KMVVGME   -8.6140  -10.4880   -1.8740    0.2723
 4317 KVMVGME   -9.0385  -10.9125   -1.8740    0.2723
 4318 KVMVGME   -9.0385  -10.9125   -1.8740    0.2723
 4319 KVMVGVD   -8.9713  -10.5336   -1.5623    0.2723
 4320 KIVMGVD   -9.2026   -9.3906   -0.1880    0.2723
 4321 KMVIGVD   -9.7553   -9.9433   -0.1880    0.2723
 4322 KVMIGVD  -10.7026  -10.8906   -0.1880    0.2723
 4323 KIMVGVD  -11.8196  -12.0076   -0.1880    0.2723
 4324 MIKVGVD  -12.0761  -12.1527   -0.0766    0.2723
 4325 MIKVGVD  -12.0761  -12.1527   -0.0766    0.2723
 4326 MIKVGVE  -11.0492  -11.4429   -0.3937    0.2723
 4327 MIKVGAE   -6.7005  -10.3703   -3.6697    0.2723
 4328 IIKVGAE   -6.6281   -8.9289   -2.3009    0.2723
 4329 IIKVGAE   -7.8379  -10.1388   -2.3009    0.2723
 4330 IIKVGAE   -7.9387  -10.2396   -2.3009    0.2575
 4331 IEKIGAI   -6.3528   -7.3908   -1.0380    0.2575
 4332 KIIIGAE   -9.4112  -10.4492   -1.0380    0.2575
 4333 KIIIGEA   -6.4239   -7.4619   -1.0380    0.2575
 4334 KMVIGAE   -6.7871  -10.5682   -3.7811    0.2575
 4335 KMIIGAE   -8.3172  -10.7240   -2.4069    0.2575
 4336 IMIKGAE   -8.0589  -10.4658   -2.4069    0.2575
 4337 IMIKGAE   -8.0589  -10.4658   -2.4069    0.2575
 4338 MIIKGAE   -8.5321  -10.9389   -2.4069    0.2575
 4339 MIIKGAD   -9.2945  -11.3842   -2.0897    0.2575
 4340 MIIEGAD   -8.1154  -11.0151   -2.8997    0.2575
 4341 MIEIGVD   -8.9720   -9.9243   -0.9523    0.2575
 4342 MIEMGVD   -8.2040   -9.0851   -0.8811    0.2575
 4343 MIEIGVE   -9.3210  -10.5904   -1.2694    0.2575
 4344 MIEMGVE   -8.2521   -9.4504   -1.1983    0.2575
 4345 MMEIGVE   -8.1202   -9.3185   -1.1983    0.2575
 4346 MIEMGVE   -8.5805   -9.7788   -1.1983    0.2575
 4347 MMEIGVD   -8.1256   -9.0067   -0.8811    0.2575
 4348 MEMIGDI   -4.9152   -5.9421   -1.0269    0.2575
 4349 MEMVGEI   -5.8619   -7.0602   -1.1983    0.2575
 4350 MMEVGIE   -5.6884   -6.8867   -1.1983    0.2575
 4351 MVDMGIE   -5.6389   -6.5200   -0.8811    0.2575
 4352 MIKMGEV   -7.1150   -7.5033   -0.3883    0.2575
 4353 MKEMGIV   -5.9342   -6.4339   -0.4997    0.2575
 4354 MKDMGVI   -7.6699   -7.8525   -0.1826    0.2575
 4355 MKDMGVI   -7.6699   -7.8525   -0.1826    0.2575
 4356 MKDVGMI   -7.7110   -7.8936   -0.1826    0.2575
 4357 MKDIGMV   -6.8853   -7.0679   -0.1826    0.2575
 4358 MKMVGDI   -8.7532   -8.8243   -0.0711    0.2575
 4359 MVMVGDK   -5.6886   -7.4683   -1.7797    0.2575
 4360 MVMVGDK   -5.6886   -7.4683   -1.7797    0.2575
 4361 MFMVGEK   -6.1983   -6.6966   -0.4983    0.2575
 4362 MVMVGEE   -7.3022  -10.2091   -2.9069    0.2575
 4363 MEMVGEV   -5.1495   -7.7221   -2.5726    0.2575
 4364 MEMVGEV   -5.1495   -7.7221   -2.5726    0.2575
 4365 MEMVGEF   -4.7575   -5.7315   -0.9740    0.2575
 4366 MFMVGEE   -7.0177   -8.3260   -1.3083    0.2575
 4367 MFMVGDE   -7.1759   -8.1670   -0.9911    0.2575
 4368 MFVVGEE   -7.2853   -8.5990   -1.3137    0.2575
 4369 FMVVGEK   -6.3563   -6.8600   -0.5037    0.2575
 4370 MMVVGEK   -6.6347   -8.7316   -2.0969    0.2575
 4371 MMVVGEK   -6.6347   -8.7316   -2.0969    0.2575
 4372 MKVVGEL   -9.4669  -11.6503   -2.1834    0.2575
 4373 MKVVGLE   -9.8729  -12.0563   -2.1834    0.2575
 4374 MKVMGVE  -10.8784  -12.6410   -1.7626    0.2575
 4375 MKVVGME  -10.2276  -11.9901   -1.7626    0.2575
 4376 MKVVGME  -10.2276  -11.9901   -1.7626    0.2575
 4377 AKVVGME   -5.9705  -11.0145   -5.0440    0.2575
 4378 KLVVGME   -8.5738  -10.8687   -2.2949    0.2575
 4379 KVLVGME   -8.2470  -10.5419   -2.2949    0.2575
 4380 KVLVGMD   -8.7595  -10.7372   -1.9777    0.2575
 4381 EVLVGMD   -5.6268   -8.4145   -2.7877    0.2575
 4382 EMLVGID   -6.6617   -8.9552   -2.2934    0.2575
 4383 ELMVGID   -6.3525   -8.6460   -2.2934    0.2575
 4384 ELVVGIK   -7.7142   -9.4402   -1.7260    0.2575
 4385 ILVVGEE   -7.2732  -10.0320   -2.7589    0.2575
 4386 ILVVGEE   -7.2732  -10.0320   -2.7589    0.2575
 4387 VIMVGKE  -10.4604  -11.1884   -0.7280    0.2575
 4388 VIEVGKM   -8.9807   -9.3745   -0.3937    0.2575
 4389 IIEVGKM   -8.5265   -8.9860   -0.4594    0.2575
 4390 VIKVGEM  -11.7017  -12.0955   -0.3937    0.2575
 4391 VIKVGEM  -11.7017  -12.0955   -0.3937    0.2575
 4392 VIKVGEM  -11.7017  -12.0955   -0.3937    0.2575
 4393 MIKVGEV  -12.7265  -13.1202   -0.3937    0.2575
 4394 MIKVGEV  -12.7265  -13.1202   -0.3937    0.2575
 4395 VIKVGEM  -12.0936  -12.4873   -0.3937    0.2575
 4396 MIKVGEM  -12.2627  -12.6510   -0.3883    0.2575
 4397 MIKVGDM  -11.9330  -12.0041   -0.0711    0.2575
 4398 MIKVGDM  -11.9330  -12.0041   -0.0711    0.2575
 4399 MIKVGEM  -12.8757  -13.2640   -0.3883    0.2575
 4400 MIKVGEY  -11.7793  -12.9939   -1.2146    0.2575
 4401 MIKVGEY  -11.7793  -12.9939   -1.2146    0.2575
 4402 MIKVGEY  -11.7793  -12.9939   -1.2146    0.2575
 4403 MIKVGEY  -11.7793  -12.9939   -1.2146    0.2575
 4404 MMKVGEY   -9.8292  -12.4126   -2.5834    0.2575
 4405 MMKVGEI  -11.7473  -12.1356   -0.3883    0.2575
 4406 MIKVGEM  -12.5329  -12.9212   -0.3883    0.2575
 4407 MIKVGEM  -12.5329  -12.9212   -0.3883    0.2575
 4408 MWKVGEM  -12.2362  -12.2990   -0.0629    0.2575
 4409 MWKVGEM  -12.2362  -12.2990   -0.0629    0.2575
 4410 MWEVGDM   -7.3057   -7.8614   -0.5557    0.2575
 4411 MMEVGEW   -7.8320   -8.7049   -0.8729    0.2575
 4412 MVKVGEW  -11.0591  -11.0474    0.0117    0.2575
 4413 MFRVGEW   -4.0645   -8.9382   -4.8737    0.2575
 4414 MEFVGEW   -4.4127   -6.7325   -2.3197    0.2575
 4415 MFEVGEF   -6.9927   -7.6536   -0.6609    0.2575
 4416 MIEVGEF   -6.5491   -7.5143   -0.9651    0.2575
 4417 MIEVGEF   -6.5491   -7.5143   -0.9651    0.2575
 4418 MFEIGEV   -8.8406   -9.8058   -0.9651    0.2575
 4419 MFEIGME   -8.8287   -9.8684   -1.0397    0.2575
 4420 MYEIGME   -7.4034   -9.4225   -2.0191    0.2575
 4421 MYEIGME   -7.4034   -9.4225   -2.0191    0.2575
 4422 MYEIGLE   -7.9398  -10.3798   -2.4400    0.2575
 4423 MYEIGLE   -7.9398  -10.3798   -2.4400    0.2575
 4424 MYEIGLK   -8.4139  -10.0439   -1.6300    0.2575
 4425 MYEIGIK   -8.1131   -7.9934    0.1197    0.2575
 4426 MYDIGIK   -6.7616   -6.3247    0.4369    0.2575
 4427 MYIIGDK  -10.4861  -10.3836    0.1026    0.2575
 4428 MWIIGDD   -7.8172  -11.9669   -4.1497    0.2575
 4429 GIIIGED  -10.3125  -11.9673   -1.6549    0.2575
 4430 GIIIGED  -10.3125  -11.9673   -1.6549    0.2575
 4431 GIIIGKD   -7.9291   -8.7739   -0.8449    0.2575
 4432 GIIIGKD   -7.9291   -8.7739   -0.8449    0.2575
 4433 KIIIGGD  -12.3110  -13.1558   -0.8449    0.2575
 4434 KIIIGGD  -12.3110  -13.1558   -0.8449    0.2575
 4435 KIIIGGD  -12.3110  -13.1558   -0.8449    0.2575
 4436 KIIIGGD  -12.3110  -13.1558   -0.8449    0.2575
 4437 KIIIGGD  -12.3110  -13.1558   -0.8449    0.2575
 4438 IIIKGGD  -10.2261  -11.0710   -0.8449    0.2575
 4439 IIIKGGD  -10.2261  -11.0710   -0.8449    0.2575
 4440 IIIKGGD  -10.2261  -11.0710   -0.8449    0.2575
 4441 IKIIGGD  -10.1696  -10.9031   -0.7334    0.2575
 4442 IKIIGGD  -10.1696  -10.9031   -0.7334    0.2575
 4443 IKIIGGD  -10.1696  -10.9031   -0.7334    0.2575
 4444 IKIIGGD  -10.1696  -10.9031   -0.7334    0.2575
 4445 IKIIGGE  -10.5864  -11.6370   -1.0506    0.2575
 4446 IKDIGGI   -6.7374   -7.4709   -0.7334    0.2575
 4447 IKDWGGI   -6.1372   -6.1452   -0.0080    0.2575
 4448 ILDKGGI   -5.3914   -8.0260   -2.6346    0.2575
 4449 IYDKVGI   -6.3936   -6.0336    0.3600    0.2575
 4450 IYDIVGK   -5.1939   -4.8339    0.3600    0.2575
 4451 IYKIVGD   -8.3699   -8.0099    0.3600    0.2575
 4452 IYKIVGD   -8.3699   -8.0099    0.3600    0.2575
 4453 IMKIVGE  -10.3490  -10.9199   -0.5709    0.2575
 4454 EMKIVGV   -9.6850  -10.0787   -0.3937    0.2575
 4455 DMKVWGV   -5.0666   -4.7377    0.3289    0.2575
 4456 MKDVWGV   -9.1231   -8.9057    0.2174    0.2575
 4457 MKEVVGW   -8.4934   -8.5931   -0.0997    0.2575
 4458 MKEVVGW   -8.4934   -8.5931   -0.0997    0.2575
 4459 MKDVVGW   -8.6677   -8.4503    0.2174    0.2575
 4460 MKDVVGW   -8.6677   -8.4503    0.2174    0.2575
 4461 MKDVVGI  -10.5104  -10.6984   -0.1880    0.2575
 4462 MVDVEGL   -6.1789   -8.8552   -2.6763    0.2575
 4463 MVKVWGE   -7.3374   -7.4371   -0.0997    0.2575
 4464 MLKVWGE   -5.6022   -8.7573   -3.1551    0.2575
 4465 MMKVWGE   -8.2189   -8.3932   -0.1743    0.2575
 4466 MMKVEGW   -8.3557   -8.4186   -0.0629    0.2575
 4467 MMKVWGE   -9.2677   -9.4420   -0.1743    0.2575
 4468 MEKVWGM   -8.4742   -8.6485   -0.1743    0.2575
 4469 MMKVWGE   -7.2232   -7.3975   -0.1743    0.2575
 4470 MEKVWGM   -8.4981   -8.6723   -0.1743    0.2575
 4471 MEKVWGM   -8.4981   -8.6723   -0.1743    0.2575
 4472 MEKVWGM   -8.4981   -8.6723   -0.1743    0.2575
 4473 MEKVWGM   -8.4981   -8.6723   -0.1743    0.2575
 4474 MVKVMGE   -8.4506  -10.3246   -1.8740    0.2575
 4475 KVVMLGE   -8.3271  -10.7334   -2.4063    0.2575
 4476 KVVMWGE  -10.6755  -10.8866   -0.2111    0.2575
 4477 KVVMWGE  -10.6755  -10.8866   -0.2111    0.2575
 4478 KVVMWGE  -11.5967  -11.8078   -0.2111    0.2575
 4479 EVVMEGG   -2.5800   -8.6694   -6.0894    0.2575
 4480 EVMIEGY   -4.1457   -6.2817   -2.1360    0.2575
 4481 YVIIEGK   -7.4552   -7.5238   -0.0686    0.2575
 4482 YVIIEGK   -7.4552   -7.5238   -0.0686    0.2575
 4483 YMIIEGK   -7.1487   -7.2518   -0.1031    0.2575
 4484 YKIIEGM   -8.7495   -8.6297    0.1197    0.2575
 4485 VKIMEGM   -8.9534   -9.3417   -0.3883    0.2575
 4486 VKIMEGM   -8.9534   -9.3417   -0.3883    0.2575
 4487 MVIKEGM   -8.4174   -9.0285   -0.6111    0.2575
 4488 MVIIEGK   -7.2687   -7.9510   -0.6823    0.2575
 4489 VMIIEGD   -9.7396  -10.9147   -1.1751    0.2575
 4490 VMIIEGD   -9.7396  -10.9147   -1.1751    0.2575
 4491 VMIIEGD   -9.7396  -10.9147   -1.1751    0.2575
 4492 VIMIEGD   -9.6201  -10.7952   -1.1751    0.2575
 4493 GIVIEEV   -9.0955  -10.5132   -1.4177    0.2575
 4494 GIVIEEV   -9.0955  -10.5132   -1.4177    0.2575
 4495 GIVIEEV   -9.0955  -10.5132   -1.4177    0.2575
 4496 GIVIDVE   -9.8077  -10.7968   -0.9891    0.2575
 4497 GLVIVDE   -9.1096  -11.5513   -2.4417    0.2575
 4498 GLVIVEK   -8.5133  -10.4622   -1.9489    0.2575
 4499 GLVIEVK   -9.3200  -11.0460   -1.7260    0.2575
 4500 GMVIEVK   -9.5215  -10.0266   -0.5051    0.2575
 4501 KMVIDVG   -7.9448   -8.1328   -0.1880    0.2575
 4502 KVVIDVG   -8.0779   -8.2713   -0.1934    0.2575
 4503 KLVIDVG   -7.7631   -9.1720   -1.4089    0.2575
 4504 KLMIGVD   -6.0931   -7.5765   -1.4834    0.2575
 4505 MLKIGVD   -7.9910   -9.3630   -1.3720    0.2575
 4506 MLKIGVD   -7.9910   -9.3630   -1.3720    0.2575
 4507 MVKIGDL   -7.3426   -8.7146   -1.3720    0.2575
 4508 MDKIGVY   -5.6875   -6.6964   -1.0089    0.2575
 4509 MDKIGIY   -5.7721   -5.4467    0.3254    0.2575
 4510 MDKIGIY   -5.7721   -5.4467    0.3254    0.2575
 4511 MEKIGIY   -7.2230   -7.2147    0.0083    0.2575
 4512 MIEKGIY   -8.7594   -8.8626   -0.1031    0.2575
 4513 MIEKGVY   -8.3617   -9.7991   -1.4374    0.2575
 4514 MIEKGVI   -9.4392  -10.1215   -0.6823    0.2575
 4515 MIEKGVY   -8.6747  -10.1122   -1.4374    0.2575
 4516 MIEKGVY   -8.6747  -10.1122   -1.4374    0.2575
 4517 MIEKGIV  -10.8862  -11.5685   -0.6823    0.2575
 4518 MKEMGIV   -9.0501   -9.5498   -0.4997    0.2575
 4519 MKEMGVI   -7.6112   -8.1109   -0.4997    0.2575
 4520 MKEMGVM   -7.3217   -9.1903   -1.8686    0.2575
 4521 MKEMGVM   -7.6928   -9.5613   -1.8686    0.2575
 4522 MKEMGVM   -7.6928   -9.5613   -1.8686    0.2575
 4523 MKEMGVM   -7.6928   -9.5613   -1.8686    0.2575
 4524 MKEMGIM   -8.4305   -8.9248   -0.4943    0.2575
 4525 MKEVGIV  -10.5427  -11.0478   -0.5051    0.2575
 4526 MIEVGKV  -10.6418  -11.0355   -0.3937    0.2575
 4527 MKEVGIM  -10.2301  -10.7298   -0.4997    0.2575
 4528 MKEVGIM  -10.2301  -10.7298   -0.4997    0.2575
 4529 MKMVGIE   -9.9182  -10.3064   -0.3883    0.2575
 4530 MKMVGIE   -9.9182  -10.3064   -0.3883    0.2575
 4531 MKMVGIE   -9.8297  -10.2180   -0.3883    0.2597
 4532 MRMVGIE   -7.2985  -11.0508   -3.7523    0.2597
 4533 MRMVGIE   -7.2985  -11.0508   -3.7523    0.2597
 4534 MDMVGIE   -7.2947   -8.1759   -0.8811    0.2597
 4535 DIMVGMR   -4.7880   -8.3346   -3.5466    0.2597
 4536 DIIVGMK  -10.1137  -10.3674   -0.2537    0.2597
 4537 DIIVGMK  -10.1137  -10.3674   -0.2537    0.2597
 4538 KIIVGMD  -11.9490  -12.2027   -0.2537    0.2597
 4539 KVIIGMD  -10.0924  -10.3461   -0.2537    0.2597
 4540 KVIIGMD  -10.0924  -10.3461   -0.2537    0.2597
 4541 KIVIGMD  -11.6002  -11.8539   -0.2537    0.2597
 4542 KIVIGVD  -11.7198  -11.8990   -0.1791    0.2597
 4543 KIIVGVD  -11.6224  -11.8015   -0.1791    0.2597
 4544 KIIVGVD  -11.6224  -11.8015   -0.1791    0.2597
 4545 KIIVGVD  -11.6224  -11.8015   -0.1791    0.2597
 4546 KIVIGVD  -11.9776  -12.1567   -0.1791    0.2597
 4547 KIVMGMD  -10.4546  -10.6372   -0.1826    0.2597
 4548 KIVMGMD  -10.4546  -10.6372   -0.1826    0.2597
 4549 KIVMGMD  -10.4546  -10.6372   -0.1826    0.2597
 4550 KIVMGLD   -8.7722  -10.2556   -1.4834    0.2597
 4551 KIVMGLD   -8.7722  -10.2556   -1.4834    0.2597
 4552 KIVMGLD   -8.7722  -10.2556   -1.4834    0.2597
 4553 KIVMGLD   -8.7722  -10.2556   -1.4834    0.2597
 4554 MIVKGLD   -8.9921  -10.4755   -1.4834    0.2597
 4555 MIVLGED  -11.3362  -13.8525   -2.5163    0.2597
 4556 MIVLGED  -11.3362  -13.8525   -2.5163    0.2597
 4557 MIVLGED  -11.3362  -13.8525   -2.5163    0.2597
 4558 MIVMGDE   -9.2540  -10.4695   -1.2154    0.2597
 4559 MIVMGEE   -9.3718  -10.9043   -1.5326    0.2597
 4560 MIVMGEE   -9.3718  -10.9043   -1.5326    0.2597
 4561 MIVMGED  -10.9770  -12.1925   -1.2154    0.2597
 4562 MIVMGDD  -11.2301  -12.1284   -0.8983    0.2597
 4563 MIVMGDD  -11.2301  -12.1284   -0.8983    0.2597
 4564 MIVMGKD  -10.0027  -10.4081   -0.4054    0.2597
 4565 MIVMGKD  -10.0027  -10.4081   -0.4054    0.2597
 4566 MKVMGID  -10.1601  -10.2312   -0.0711    0.2597
 4567 MKVMGID  -10.1601  -10.2312   -0.0711    0.2597
 4568 KIVMGMD   -9.6565   -9.8391   -0.1826    0.2597
 4569 KIVMGMD   -9.6565   -9.8391   -0.1826    0.2597
 4570 KIVIGMD   -8.3449   -8.5986   -0.2537    0.2597
 4571 KIVIGMD   -8.3449   -8.5986   -0.2537    0.2597
 4572 KIVIGMD   -8.3449   -8.5986   -0.2537    0.2597
 4573 KIVIGMD   -8.3449   -8.5986   -0.2537    0.2597
 4574 MIEIGVD   -8.2721   -9.2244   -0.9523    0.2597
 4575 MIKIGVD   -8.3965   -8.5388   -0.1423    0.2597
 4576 GIKIGVD   -6.2274   -8.1123   -1.8849    0.2597
 4577 GIVIGKD   -6.0431   -8.2623   -2.2191    0.2597
 4578 GIVIGKD   -6.3996   -8.6188   -2.2191    0.2597
 4579 DIVIGGE   -3.4525   -6.4817   -3.0291    0.2597
 4580 VIDIGGK   -4.3876   -6.4953   -2.1077    0.2597
 4581 VIGLGDK   -5.5193   -9.4167   -3.8974    0.2597
 4582 VIGLGDK   -5.4482   -9.3456   -3.8974    0.2597
 4583 VIGLGDK   -5.4482   -9.3456   -3.8974    0.2597
 4584 VIGLGED   -4.5873   -9.2947   -4.7074    0.2597
 4585 MIGLGED   -5.0177   -9.7197   -4.7020    0.2597
 4586 MIGLGDE   -6.4238  -11.1258   -4.7020    0.2597
 4587 MIGLGED   -6.9824  -11.6844   -4.7020    0.2597
 4588 MIGVGDE   -6.7752  -11.0617   -4.2866    0.2597
 4589 MIGVGDE   -6.8155  -11.1021   -4.2866    0.2597
 4590 MIGVGED   -6.6756  -10.9622   -4.2866    0.2597
 4591 MIGVGDD   -7.3926  -11.3620   -3.9694    0.2597
 4592 IFMVGDD   -8.2871   -8.9523   -0.6651    0.2597
 4593 IFMVGDE   -8.1334   -9.1157   -0.9823    0.2597
 4594 IFGVGDE   -6.6898   -9.3832   -2.6934    0.2597
 4595 IFAVGDE   -7.1557  -10.0594   -2.9037    0.2597
 4596 IFAVGDD   -7.2300   -9.8166   -2.5866    0.2597
 4597 IFAVGDD   -7.2300   -9.8166   -2.5866    0.2597
 4598 IFGVGDE   -6.9342   -9.6276   -2.6934    0.2597
 4599 IFGFGDD   -7.0112   -7.7889   -0.7777    0.2597
 4600 IWGFGDD   -7.8242   -8.0208   -0.1966    0.2597
 4601 IWGYGDD   -5.3760   -7.7120   -2.3360    0.2597
 4602 IWGVGDD   -8.2366   -9.7517   -1.5151    0.2597
 4603 IWGIGDD   -8.7855   -9.2864   -0.5009    0.2597
 4604 IWGLGDD   -7.5278   -9.4583   -1.9306    0.2597
 4605 IWGLGED   -6.4039   -8.6516   -2.2477    0.2597
 4606 IWGLGED   -6.4039   -8.6516   -2.2477    0.2597
 4607 IWGLGED   -6.4039   -8.6516   -2.2477    0.2597
 4608 IWGMGDE   -7.4981   -9.3249   -1.8269    0.2597
 4609 IMGWGDE   -6.0794   -7.9062   -1.8269    0.2597
 4610 IMGEGDW   -4.5201   -6.2355   -1.7154    0.2597
 4611 IIGEGDI   -7.0575   -8.4895   -1.4320    0.2597
 4612 IIGEGDW   -7.8896   -8.5962   -0.7066    0.2597
 4613 IIGEGDI   -7.0579   -8.4899   -1.4320    0.2597
 4614 IEGVGDI   -5.0129   -7.7078   -2.6949    0.2597
 4615 DIGVGEI   -4.1391   -6.8340   -2.6949    0.2597
 4616 VIVVGDE   -9.1246  -10.3509   -1.2263    0.2597
 4617 VIVVGDE   -9.2544  -10.4807   -1.2263    0.2597
 4618 VIVVGDK   -9.0908   -9.5071   -0.4163    0.2597
 4619 VIVMGDE   -9.7227  -10.9436   -1.2209    0.2597
 4620 VIVMGDE   -9.7227  -10.9436   -1.2209    0.2597
 4621 KIVMGDV   -9.4619   -9.6499   -0.1880    0.2597
 4622 KFVMGDV   -6.6900   -6.6537    0.0363    0.2597
 4623 KLVVGDF   -5.5168   -6.6213   -1.1046    0.2597
 4624 VLVKGDF   -5.7013   -6.8058   -1.1046    0.2597
 4625 VIVKGDF   -8.0205   -7.8953    0.1251    0.2597
 4626 KIVVGDF  -10.3309  -10.2058    0.1251    0.2597
 4627 KIFVGDV  -10.6511  -10.5260    0.1251    0.2597
 4628 FIKVGDV   -9.0958   -8.8592    0.2366    0.2597
 4629 VIKVGDL   -8.7539  -10.0513   -1.2974    0.2597
 4630 VIKVGDF   -9.7029   -9.4663    0.2366    0.2597
 4631 KIVVGDF   -9.1731   -9.0480    0.1251    0.2597
 4632 VFKVGDF  -11.2617  -10.7209    0.5409    0.2597
 4633 VFKVGDF  -11.2617  -10.7209    0.5409    0.2597
 4634 VKVVGDF  -10.8229  -10.6806    0.1423    0.2597
 4635 VKVLGDF   -9.7833  -10.7764   -0.9931    0.2597
 4636 VVKLGDF   -8.8233   -9.8164   -0.9931    0.2597
 4637 VVKLGDF   -8.8233   -9.8164   -0.9931    0.2597
 4638 KVVMGDF  -10.5616  -10.5253    0.0363    0.2597
 4639 VMKVGDF   -9.6050   -9.4573    0.1477    0.2597
 4640 MKVVGDF  -12.1464  -11.9987    0.1477    0.2597
 4641 MVVKGDF  -10.5379  -10.5016    0.0363    0.2597
 4642 MVVKGDF  -10.5379  -10.5016    0.0363    0.2597
 4643 MVVKGDF  -10.5379  -10.5016    0.0363    0.2597
 4644 MYVKGDV   -6.0117   -8.3949   -2.3831    0.2597
 4645 VMMKGDV   -7.8606   -9.4175   -1.5569    0.2597
 4646 FVMKGDM   -6.4983   -6.4566    0.0417    0.2597
 4647 FVMKGDM   -6.4983   -6.4566    0.0417    0.2597
 4648 VVMKGDI   -9.1852   -9.3732   -0.1880    0.2597
 4649 VIVKGDF   -9.5213   -9.3961    0.1251    0.2597
 4650 VMVKGDF   -8.9402   -8.9039    0.0363    0.2597
 4651 VMVKGDF   -8.9402   -8.9039    0.0363    0.2597
 4652 VMVKGDF   -8.9402   -8.9039    0.0363    0.2597
 4653 VVEKGMF   -6.6443   -7.0366   -0.3923    0.2597
 4654 MVDKGML   -4.4058   -6.4895   -2.0837    0.2597
 4655 MVELGMK   -3.4757   -5.6537   -2.1780    0.2597
 4656 MVEKGIL   -4.1803   -6.0923   -1.9120    0.2597
 4657 MVEKGIL   -4.1803   -6.0923   -1.9120    0.2597
 4658 MVEKGIL   -4.1803   -6.0923   -1.9120    0.2597
 4659 MLEVGIE   -3.8451   -6.3442   -2.4991    0.2597
 4660 MELVGIE   -4.3233   -6.8225   -2.4991    0.2597
 4661 MEMIGVD   -8.1685   -9.0496   -0.8811    0.2597
 4662 MEMIGVD   -8.1685   -9.0496   -0.8811    0.2597
 4663 MDMIGVD   -7.5557   -8.1197   -0.5640    0.2597
 4664 FDMIGVD   -6.2682   -6.5990   -0.3309    0.2597
 4665 FKMIGVD   -9.3556   -9.1936    0.1620    0.2597
 4666 FKMIGVD   -9.3556   -9.1936    0.1620    0.2597
 4667 FKMIGVD   -9.3556   -9.1936    0.1620    0.2597
 4668 FKMIGVD   -9.3556   -9.1936    0.1620    0.2597
 4669 FKMIGVD   -9.3556   -9.1936    0.1620    0.2597
 4670 MKVIGDV   -8.8338   -8.9104   -0.0766    0.2597
 4671 MKVIGDV   -8.8338   -8.9104   -0.0766    0.2597
 4672 LIVEGVD   -7.0914   -9.3103   -2.2189    0.2597
 4673 LIVEGKV   -5.3544   -7.0804   -1.7260    0.2597
 4674 LIVVGKE   -6.3701   -8.3189   -1.9489    0.2597
 4675 EIVVGVK  -10.3875  -10.8981   -0.5106    0.2597
 4676 DIVVGVK  -11.2951  -11.4885   -0.1934    0.2597
 4677 VIDVGKV   -8.9852   -9.0672   -0.0820    0.2597
 4678 VIDVGKF   -8.8867   -8.6502    0.2366    0.2597
 4679 VIDVGKV   -9.0106   -9.0926   -0.0820    0.2597
 4680 VIEVGKV   -8.6866   -9.0858   -0.3991    0.2597
 4681 VIEVGKV   -8.6866   -9.0858   -0.3991    0.2597
 4682 IVEVGKF   -6.1935   -6.2740   -0.0806    0.2597
 4683 VIEVGKF   -6.8589   -6.9394   -0.0806    0.2597
 4684 VFDVGKF   -6.3198   -5.7790    0.5409    0.2597
 4685 FMEVGFK   -3.5797   -3.4305    0.1491    0.2597
 4686 VMEVGKW   -7.7768   -7.7651    0.0117    0.2597
 4687 VMEVGKW   -7.7768   -7.7651    0.0117    0.2597
 4688 VMEVGKW   -7.7768   -7.7651    0.0117    0.2597
 4689 VGEVMKW   -6.5310   -6.5193    0.0117    0.2597
 4690 VGEVMDW   -5.5185   -5.9997   -0.4811    0.2597
 4691 VGVEMDW   -7.1807   -7.5504   -0.3697    0.2597
 4692 VGVEMDW   -6.7332   -7.1029   -0.3697    0.2597
 4693 VGVEMDW   -6.7332   -7.1029   -0.3697    0.2597
 4694 VGVEMDW   -6.7332   -7.1029   -0.3697    0.2597
 4695 VMVEGDW   -7.3894   -7.9820   -0.5926    0.2597
 4696 VVMDGEW   -5.5146   -6.1072   -0.5926    0.2597
 4697 VVEKGMW   -5.1721   -5.3832   -0.2111    0.2597
 4698 VVEMGKW   -4.1640   -4.1523    0.0117    0.2597
 4699 VVEMGKW   -4.1640   -4.1523    0.0117    0.2597
 4700 VVEKGMW   -6.4457   -6.6568   -0.2111    0.2597
 4701 VEVMGKW   -6.9756   -6.9639    0.0117    0.2597
 4702 MAVEGKW   -1.0116   -3.7073   -2.6957    0.2597
 4703 MAMGEKW   -0.1598   -2.9615   -2.8017    0.2597
 4704 KFMGEMW   -1.5527   -3.2485   -1.6957    0.2597
 4705 EFVGKVW   -3.7695   -5.3161   -1.5466    0.2597
 4706 EVVGVKF   -6.4142   -6.5890   -0.1749    0.2597
 4707 EVKGLVF   -7.7349   -9.1566   -1.4217    0.2597
 4708 DVKGLVF   -8.8989  -10.0035   -1.1046    0.2597
 4709 DVKGLVI   -9.2758  -10.6847   -1.4089    0.2597
 4710 DIKGLVV   -8.6527  -10.0616   -1.4089    0.2597
 4711 DVLGKVV   -7.7495   -9.7327   -1.9831    0.2597
 4712 DVVGKVV   -8.0213   -9.5891   -1.5677    0.2597
 4713 DVVGKVW   -9.4922   -9.2002    0.2920    0.2597
 4714 KFVGDVV   -9.0981   -9.0672    0.0309    0.2597
 4715 KVVGDVV   -7.7294   -9.2971   -1.5677    0.2597
 4716 DVGIKVV   -9.7061   -9.7881   -0.0820    0.2597
 4717 VVGIKDV   -9.5736   -9.7670   -0.1934    0.2597
 4718 VVGIKDV   -9.6150   -9.8084   -0.1934    0.2597
 4719 DVGIKVV   -9.6738   -9.7558   -0.0820    0.2597
 4720 DVGIVVK   -8.7204   -8.9138   -0.1934    0.2597
 4721 EVGIVVK   -8.0866   -8.5971   -0.5106    0.2597
 4722 DKGIVLV   -7.5751   -9.2068   -1.6317    0.2597
 4723 DKGIVLV   -7.5751   -9.2068   -1.6317    0.2597
 4724 DKGIVVY   -7.8057   -9.0429   -1.2371    0.2597
 4725 DKGIVVY   -7.8057   -9.0429   -1.2371    0.2597
 4726 DKGIVVI   -9.2414   -9.6434   -0.4020    0.2597
 4727 DKGMVVI   -8.8984   -9.3093   -0.4109    0.2597
 4728 DKGMVIV   -8.1613   -8.5722   -0.4109    0.2597
 4729 DKGMVVI   -8.4409   -8.8517   -0.4109    0.2597
 4730 VKGVMDI   -7.2752   -7.3518   -0.0766    0.2597
 4731 MKGIVDV  -11.8909  -11.9674   -0.0766    0.2597
 4732 MKGIVDY   -8.8585   -9.7559   -0.8974    0.2597
 4733 MKGIYEV   -8.6539   -9.8685   -1.2146    0.2597
 4734 MKGMYEV   -6.3456   -8.9290   -2.5834    0.2597
 4735 MKGMYEV   -6.3425   -8.9259   -2.5834    0.2579
 4736 MKGMFEF   -7.3668   -7.2923    0.0746    0.2579
 4737 MKGMFEM   -8.6863   -8.8449   -0.1586    0.2579
 4738 MKGMFEM   -8.6863   -8.8449   -0.1586    0.2579
 4739 MKGMFDM   -8.0489   -7.8904    0.1586    0.2579
 4740 MMGIMDK   -7.9804   -8.2690   -0.2886    0.2579
 4741 MMGIEDM   -7.4518   -8.4389   -0.9871    0.2579
 4742 MMGIEDM   -7.7997   -8.7868   -0.9871    0.2579
 4743 MFGIMEE   -7.9125   -9.1751   -1.2626    0.2579
 4744 MFGIMEE   -7.9125   -9.1751   -1.2626    0.2579
 4745 MFGIMEE   -7.9125   -9.1751   -1.2626    0.2579
 4746 MIGVMDE   -6.7150   -7.8190   -1.1040    0.2579
 4747 VVGIWDE   -7.2338   -9.6890   -2.4551    0.2579
 4748 VVGVWDE   -8.5776   -9.2070   -0.6294    0.2579
 4749 VVGVWDE   -8.5776   -9.2070   -0.6294    0.2579
 4750 VVGVIDE   -5.6375   -6.7523   -1.1149    0.2579
 4751 DFGVVVK   -7.8766   -7.8457    0.0309    0.2579
 4752 DFGVVVD   -6.7105   -7.1725   -0.4620    0.2579
 4753 VFMVVDD   -6.8683   -9.1706   -2.3023    0.2579
 4754 MAVVVDK   -6.4941   -8.3781   -1.8840    0.2579
 4755 VKVVADV   -8.7817  -10.3368   -1.5551    0.2579
 4756 VKVVADV   -8.7817  -10.3368   -1.5551    0.2579
 4757 VKVVADV   -8.7817  -10.3368   -1.5551    0.2579
 4758 KVVVMDV  -10.3560  -10.4211   -0.0651    0.2579
 4759 KVMVMDV  -10.0291  -10.1688   -0.1397    0.2579
 4760 VVKVMDV  -10.4353  -10.3890    0.0463    0.2579
 4761 VVKVMDV  -10.4353  -10.3890    0.0463    0.2579
 4762 VVMVVDK   -8.9088   -9.1968   -0.2880    0.2579
 4763 DMMVEVV   -9.1190  -10.0687   -0.9497    0.2579
 4764 VMMVEDV  -10.1718  -11.2330   -1.0611    0.2579
 4765 VMMVEDV  -10.1718  -11.2330   -1.0611    0.2579
 4766 VMMVEDV  -10.1718  -11.2330   -1.0611    0.2579
 4767 VVMVEDM  -10.3171  -11.3782   -1.0611    0.2579
 4768 VVMVEDY  -10.6340  -11.0414   -0.4074    0.2579
 4769 VEVMYDV   -6.8618   -7.0464   -0.1846    0.2579
 4770 VEVMYDM   -6.2650   -6.5241   -0.2591    0.2579
 4771 EVMVYKM   -7.3326   -7.2103    0.1223    0.2579
 4772 EVMVYKM   -7.3326   -7.2103    0.1223    0.2579
 4773 KIMVYEM   -6.9889   -8.6924   -1.7034    0.2579
 4774 KIMVYME   -6.2827   -8.0975   -1.8149    0.2579
 4775 KIMVYME   -6.2827   -8.0975   -1.8149    0.2579
 4776 KIMVYEM   -7.7875   -9.4909   -1.7034    0.2579
 4777 KIMIYEG   -8.7423   -8.8455   -0.1031    0.2579
 4778 KIMIYEG   -8.7423   -8.8455   -0.1031    0.2579
 4779 KIMIYGE   -8.8294   -8.9326   -0.1031    0.2579
 4780 MIKVYGE   -7.3859   -8.7119   -1.3260    0.2579
 4781 MIKVYGE   -7.3859   -8.7119   -1.3260    0.2579
 4782 MIDVWGK   -5.7814   -7.3897   -1.6083    0.2579
 4783 VIKDWGV   -7.8134   -9.3471   -1.5337    0.2579
 4784 AIKDWGV   -8.0935   -9.1032   -1.0097    0.2579
 4785 AIKVWGD   -8.7631   -9.7728   -1.0097    0.2579
 4786 AIKVWGD   -8.7631   -9.7728   -1.0097    0.2579
 4787 AIKVWGE   -8.8047  -10.1315   -1.3269    0.2579
 4788 AIKVWGE   -8.8047  -10.1315   -1.3269    0.2579
 4789 AIGVWKE   -8.7269  -10.1652   -1.4383    0.2579
 4790 AIGVWDE   -7.7169   -9.6480   -1.9311    0.2579
 4791 AIGVWEE   -7.5424   -9.7907   -2.2483    0.2579
 4792 AIGVWDD   -7.8452   -9.4592   -1.6140    0.2579
 4793 AIGVDDW   -6.8378   -8.3404   -1.5026    0.2579
 4794 AIMGDKW   -7.7714   -8.8871   -1.1157    0.2579
 4795 AIMGEKW   -8.0333   -9.4662   -1.4329    0.2579
 4796 AIMGEKW   -8.0333   -9.4662   -1.4329    0.2579
 4797 AIMGWKE   -7.7702   -9.2031   -1.4329    0.2579
 4798 AIMGWDK   -6.6762   -7.7919   -1.1157    0.2579
 4799 AIAGWEK   -1.9734   -6.6877   -4.7143    0.2579
 4800 AIAGWDD   -2.1545   -7.0445   -4.8900    0.2579
 4801 AWAGWDK   -0.7596   -4.0713   -3.3117    0.2579
 4802 AWYGWDK   -1.2570   -2.1136   -0.8566    0.2579
 4803 AIKGYDW    0.1197   -1.5995   -1.7191    0.2579
 4804 AKYGIDW   -0.8598   -2.4675   -1.6077    0.2579
 4805 AKMGIDW   -3.9033   -4.6848   -0.7814    0.2579
 4806 AKMGIDW   -3.9033   -4.6848   -0.7814    0.2579
 4807 AFKGIDW   -7.3327   -8.5924   -1.2597    0.2579
 4808 AFKGIDF   -7.8597   -8.0206   -0.1609    0.2579
 4809 AFKGFDI   -6.8934   -7.0542   -0.1609    0.2579
 4810 AFKGVEI   -9.5961  -11.6727   -2.0766    0.2579
 4811 AFKGVDI   -9.1482  -10.9076   -1.7594    0.2579
 4812 AFKGVDI   -9.1482  -10.9076   -1.7594    0.2579
 4813 AVKGDFI   -6.2706   -8.1414   -1.8709    0.2579
 4814 AVKGDFI   -6.2706   -8.1414   -1.8709    0.2579
 4815 AVIGKID   -8.0338  -10.1290   -2.0951    0.2579
 4816 AVIGKID   -8.0338  -10.1290   -2.0951    0.2579
 4817 AVIGKIE   -8.4579  -10.8702   -2.4123    0.2579
 4818 AVIGKIE   -8.4579  -10.8702   -2.4123    0.2579
 4819 AIIGEIE   -9.4995  -11.3475   -1.8480    0.2579
 4820 AIIGKVE   -8.3897  -10.8019   -2.4123    0.2579
 4821 AIKGVIE   -8.0021  -10.4144   -2.4123    0.2579
 4822 AKWGVIE   -8.6287   -9.8442   -1.2154    0.2579
 4823 AKWGVIE   -8.6287   -9.8442   -1.2154    0.2579
 4824 AKWGVIE   -8.6287   -9.8442   -1.2154    0.2579
 4825 AKWGVIE   -8.6287   -9.8442   -1.2154    0.2579
 4826 AKWGVIE   -8.6287   -9.8442   -1.2154    0.2579
 4827 ALKGIIE   -7.8734  -10.7011   -2.8277    0.2579
 4828 ALKGIIE   -7.8734  -10.7011   -2.8277    0.2579
 4829 ALKGIIE   -7.8734  -10.7011   -2.8277    0.2579
 4830 ALKGIIE   -7.8734  -10.7011   -2.8277    0.2579
 4831 ALKGIID   -8.2856  -10.7961   -2.5106    0.2579
 4832 AIKGIIE   -8.6943   -9.7323   -1.0380    0.2579
 4833 AIIGKID   -9.4719  -10.1927   -0.7209    0.2579
 4834 AIIGDID   -8.5129   -9.7266   -1.2137    0.2579
 4835 AIIGEID   -9.2100  -10.7408   -1.5309    0.2579
 4836 AIIGEID   -9.2100  -10.7408   -1.5309    0.2579
 4837 AIIGEID   -9.2100  -10.7408   -1.5309    0.2579
 4838 ALIGDIR   -4.0333   -9.9078   -5.8746    0.2579
 4839 ALIGEVK   -6.1027  -10.3047   -4.2020    0.2579
 4840 ALIGEVE   -7.1482  -12.1602   -5.0120    0.2579
 4841 ALIGEVE   -7.1482  -12.1602   -5.0120    0.2579
 4842 ALIGEVD   -7.4308  -12.1256   -4.6949    0.2579
 4843 ALIGEVD   -7.4308  -12.1256   -4.6949    0.2579
 4844 ALIGEVD   -7.4308  -12.1256   -4.6949    0.2579
 4845 ALIGEVD   -7.4308  -12.1256   -4.6949    0.2579
 4846 MMIGEVE   -9.8924  -11.2021   -1.3097    0.2579
 4847 MMIGEVE   -9.8924  -11.2021   -1.3097    0.2579
 4848 MMIGEVE   -9.8924  -11.2021   -1.3097    0.2579
 4849 MMVGEIE   -9.4393  -10.7490   -1.3097    0.2579
 4850 MMLGEIE   -7.8276  -10.5127   -2.6851    0.2579
 4851 MMLGEIE   -7.8276  -10.5127   -2.6851    0.2579
 4852 ELIGEMM   -4.5857   -7.2708   -2.6851    0.2579
 4853 RLIGEMV   -2.6337   -7.7983   -5.1646    0.2579
 4854 RLIGEMM   -2.9174   -8.1566   -5.2391    0.2579
 4855 KLIGEMM   -8.0992   -9.9743   -1.8751    0.2579
 4856 KLIGEMM   -8.0992   -9.9743   -1.8751    0.2579
 4857 KLIGMVE   -8.7364  -10.5370   -1.8006    0.2579
 4858 KLIGMVE   -8.7364  -10.5370   -1.8006    0.2579
 4859 ELVGMVK   -6.0974   -8.3923   -2.2949    0.2579
 4860 ELMGVMK   -4.0847   -6.3741   -2.2894    0.2579
 4861 MLKGVDM   -7.7717   -9.6326   -1.8609    0.2579
 4862 MLKGMDL   -8.0713  -10.7476   -2.6763    0.2579
 4863 MLKGMDV   -9.1299  -10.9907   -1.8609    0.2579
 4864 LLKGMMD   -4.5658   -7.3535   -2.7877    0.2579
 4865 YLKGMMD   -3.3180   -6.1111   -2.7931    0.2579
 4866 MDVGMMD   -3.9273   -5.8601   -1.9329    0.2579
 4867 MLDGMMD   -2.5050   -4.9647   -2.4597    0.2579
 4868 ELMGMMD   -3.1597   -5.9366   -2.7769    0.2579
 4869 ELMGMMK   -4.8113   -7.0953   -2.2840    0.2579
 4870 EMLGMMK   -2.8346   -5.1186   -2.2840    0.2579
 4871 MKMGMEL   -5.7885   -7.8497   -2.0611    0.2579
 4872 MKMGMEL   -5.7885   -7.8497   -2.0611    0.2579
 4873 MKLGMDI   -5.2510   -6.5862   -1.3351    0.2579
 4874 MEIGMDL   -3.6980   -5.8431   -2.1451    0.2579
 4875 MEIGMEL   -4.1620   -6.6243   -2.4623    0.2579
 4876 MIMGMED   -5.4928   -6.5913   -1.0986    0.2579
 4877 MIMGEME   -5.7026   -7.0069   -1.3043    0.2579
 4878 MEVGMEM   -5.9923   -8.4480   -2.4557    0.2579
 4879 MDVGMKM   -6.2845   -7.6131   -1.3286    0.2579
 4880 MKVGMDM   -7.4646   -8.7931   -1.3286    0.2579
 4881 MKVGMDW  -10.5747  -10.2090    0.3657    0.2579
 4882 MKMGVDI   -9.8201   -9.7798    0.0403    0.2579
 4883 MKIGVDM   -9.7965   -9.7562    0.0403    0.2579
 4884 MKIGVMD  -10.6611  -10.7323   -0.0711    0.2579
 4885 MKVGIFD   -9.1477   -8.9857    0.1620    0.2579
 4886 MKDGFIV   -5.2882   -5.3491   -0.0609    0.2579
 4887 MDKGFMV   -6.5772   -6.6469   -0.0697    0.2579
 4888 MDKGWMV   -7.3221   -7.2907    0.0314    0.2579
 4889 MDVGWMK   -6.6779   -6.4236    0.2543    0.2579
 4890 MDVGWAK   -4.0681   -6.3353   -2.2671    0.2579
 4891 MKVGWAD   -6.7493   -9.0164   -2.2671    0.2579
 4892 VKVGFAD   -5.2694   -8.4031   -3.1337    0.2579
 4893 VKVGFAD   -5.2694   -8.4031   -3.1337    0.2579
 4894 VFVGKDA   -4.1313   -7.4879   -3.3566    0.2579
 4895 VFVGKDY   -5.2711   -6.1726   -0.9014    0.2579
 4896 VEVGKMY   -3.4616   -6.0505   -2.5889    0.2579
 4897 VEGVKMY   -2.2889   -4.8778   -2.5889    0.2579
 4898 VKGVELL   -4.9048   -7.7490   -2.8443    0.2579
 4899 VKGVELL   -4.9048   -7.7490   -2.8443    0.2579
 4900 VKGLEVL   -1.1445   -3.9888   -2.8443    0.2579
 4901 IKVGEVL   -6.0295   -7.6441   -1.6146    0.2579
 4902 IKLGEVV   -6.4036   -8.0181   -1.6146    0.2579
 4903 LKVGEVF   -5.8389   -7.1492   -1.3103    0.2579
 4904 IKVGEVI   -6.7962   -7.1811   -0.3849    0.2579
 4905 VKVGEVI   -7.1318   -7.5309   -0.3991    0.2579
 4906 VKVGELI   -6.7064   -8.3210   -1.6146    0.2579
 4907 VLVGEDI   -7.2003   -9.5305   -2.3303    0.2579
 4908 VLVGEKI   -6.3508   -8.1882   -1.8374    0.2579
 4909 VLVGEKF   -6.9104   -8.4435   -1.5331    0.2579
 4910 ILGVEEF   -5.0030   -9.0604   -4.0574    0.2579
 4911 ILGVEEL   -3.4301   -9.0215   -5.5914    0.2579
 4912 ILGVDEL   -2.7973   -8.0716   -5.2743    0.2579
 4913 MLGVEEI   -6.6209   -9.2315   -2.6106    0.2579
 4914 MLGVEEI   -6.6209   -9.2315   -2.6106    0.2579
 4915 MLGVEDM   -6.6264   -9.4087   -2.7823    0.2579
 4916 MLGVEME   -6.7523   -9.7403   -2.9880    0.2579
 4917 MLGVEWD   -6.3098   -9.8464   -3.5366    0.2579
 4918 YLGVEWD   -4.4722   -7.3550   -2.8829    0.2579
 4919 YLGVEWD   -4.4722   -7.3550   -2.8829    0.2579
 4920 YIGVEVD   -4.9657   -6.6786   -1.7129    0.2579
 4921 YIGVKIE   -2.9221   -2.7678    0.1543    0.2579
 4922 YIGVKIE   -2.9221   -2.7678    0.1543    0.2579
 4923 YIGEEIV   -2.6480   -3.5266   -0.8786    0.2579
 4924 YIGEEFV   -2.8009   -3.4552   -0.6543    0.2579
 4925 YIGEFEV   -2.3385   -2.7699   -0.4314    0.2579
 4926 YEGVFKI    0.5931    0.9717    0.3786    0.2579
 4927 KYGVFEI   -3.1800   -2.8014    0.3786    0.2579
 4928 KYGVFDW   -3.1556   -3.6945   -0.5389    0.2579
 4929 KMGVFDA   -3.0150   -6.1432   -3.1283    0.2579
 4930 AMGIFKD   -3.9778   -5.9547   -1.9769    0.2579
 4931 AMGIFKD   -3.9778   -5.9547   -1.9769    0.2579
 4932 AMGIFED   -4.7750   -7.5619   -2.7869    0.2579
 4933 AMGIFED   -4.7750   -7.5619   -2.7869    0.2579
 4934 AMGIFED   -4.7750   -7.5619   -2.7869    0.2579
 4935 AMGIFEE   -4.5922   -7.6962   -3.1040    0.2579
 4936 AMGIFEE   -4.1507   -7.2547   -3.1040    0.2579
 4937 AMGIFED   -4.8685   -7.6554   -2.7869    0.2579
 4938 AMGIEDF   -2.2027   -4.8781   -2.6754    0.2579
 4939 AMGFEEF   -1.9863   -4.7546   -2.7683    0.2579
 4940 AMGFEEF   -1.9863   -4.7546   -2.7683    0.2579
 4941 AMGFEEF   -2.2595   -5.0277   -2.7683    0.3094
 4942 AIGVEEF   -2.4547   -5.4527   -2.9980    0.3094
 4943 EIGVMFK   -4.8942   -5.1608   -0.2666    0.3094
 4944 ELGVMLK   -6.0272   -9.0575   -3.0303    0.3094
 4945 ELGLMVK   -6.3361   -9.3664   -3.0303    0.3094
 4946 ELGIMVK   -7.5581   -9.3587   -1.8006    0.3094
 4947 ELGIMVK   -7.5581   -9.3587   -1.8006    0.3094
 4948 ELGIMVK   -7.5581   -9.3586   -1.8006    0.3094
 4949 ELGIMVK   -7.5581   -9.3586   -1.8006    0.3094
 4950 GLEVMIK   -4.8592   -6.6598   -1.8006    0.3094
 4951 ELEVMIG   -5.2078   -7.8184   -2.6106    0.3094
 4952 ELEVMIG   -5.1893   -7.7998   -2.6106    0.3094
 4953 ELEVMIG   -5.8163   -8.4269   -2.6106    0.3094
 4954 EELIMVG   -6.1533   -8.9867   -2.8334    0.3094
 4955 KVLIMEG   -8.3869  -10.2989   -1.9120    0.3094
 4956 KILVMEG   -7.0057   -8.9177   -1.9120    0.3094
 4957 KMLVIDG   -6.3695   -7.9644   -1.5949    0.3094
 4958 KMIVLDG   -6.6435   -8.2383   -1.5949    0.3094
 4959 KVIMLGD   -6.8260   -8.4209   -1.5949    0.3094
 4960 KVIMLGD   -6.8260   -8.4209   -1.5949    0.3094
 4961 GMIGLDK    0.5365   -3.3555   -3.8920    0.3094
 4962 GWKGIDI   -6.2672   -6.0524    0.2149    0.3094
 4963 DWKGIGI   -4.7560   -4.5412    0.2149    0.3094
 4964 DWKGGII   -1.7872   -1.7952   -0.0080    0.3094
 4965 DKGGIWI   -4.4278   -4.6587   -0.2309    0.3094
 4966 IKGGDWI   -5.8698   -5.8778   -0.0080    0.3094
 4967 GKGFDWI   -5.4265   -5.0188    0.4077    0.3094
 4968 GKGFDWI   -5.4265   -5.0188    0.4077    0.3094
 4969 GKGIEWF   -6.3194   -6.2288    0.0906    0.3094
 4970 YKGVEWF   -4.8592   -5.7152   -0.8560    0.3094
 4971 MKGVELF   -7.7798   -9.1647   -1.3849    0.3094
 4972 MKGVDIF   -8.5250   -8.3630    0.1620    0.3094
 4973 MKGVDIF   -8.5250   -8.3630    0.1620    0.3094
 4974 MKGVFID   -6.8400   -6.7894    0.0506    0.3094
 4975 MVGKFIE   -6.4735   -6.7401   -0.2666    0.3094
 4976 FVGKMVE   -5.7929   -6.0738   -0.2809    0.3094
 4977 AVGKWVE   -4.7662   -7.4674   -2.7011    0.3094
 4978 AVGKWEL   -4.5098   -7.5150   -3.0051    0.3094
 4979 AVGKWEY   -4.2535   -7.6640   -3.4106    0.3094
 4980 AVGKIEF   -5.1787   -7.2552   -2.0766    0.3094
 4981 AVGKIEF   -5.1787   -7.2552   -2.0766    0.3094
 4982 AVGKFEF   -5.0860   -6.9383   -1.8523    0.3094
 4983 KVGAFEF   -6.0672   -7.9195   -1.8523    0.3094
 4984 KVGAFEF   -6.0672   -7.9195   -1.8523    0.3094
 4985 KVMAFDF   -5.9398   -7.3638   -1.4240    0.3094
 4986 KVMAFDF   -5.9398   -7.3638   -1.4240    0.3094
 4987 KMMAFDG   -3.8790   -7.2248   -3.3457    0.3094
 4988 KMAAFDG   -0.0234   -6.6505   -6.6271    0.3094
 4989 KAAMFMD   -3.2092   -6.6538   -3.4446    0.3094
 4990 KAAWFMD   -1.9469   -3.4572   -1.5103    0.3094
 4991 FAAWKDM   -1.5478   -3.0581   -1.5103    0.3094
 4992 FAAWKDM   -1.5478   -3.0581   -1.5103    0.3094
 4993 VAAWKME    3.9815    1.1870   -2.7946    0.3094
 4994 VAAWEMD    2.2717   -1.0157   -3.2874    0.3094
 4995 VAAWMED   -4.1358   -7.6461   -3.5103    0.3094
 4996 VAAWMDE   -4.4408   -7.9511   -3.5103    0.3094
 4997 MAMMVDE   -2.7418   -5.4249   -2.6831    0.3094
 4998 VAMMMDE   -4.8051   -7.4882   -2.6831    0.3094
 4999 IMAMMDE   -5.7904   -7.1792   -1.3889    0.3094
 5000 IMAMMDE   -5.7904   -7.1792   -1.3889    0.3094
 5001 IMAMMDE   -5.7904   -7.1792   -1.3889    0.3094
 5002 IMAMMED   -5.4946   -6.8834   -1.3889    0.3094
 5003 IMMAMDD   -6.6114   -7.6831   -1.0717    0.3094
 5004 IAMMMDD   -6.5149   -7.5866   -1.0717    0.3094
 5005 IAMMMDD   -6.4817   -7.5534   -1.0717    0.3094
 5006 IAMMDMD   -4.3654   -5.2143   -0.8489    0.3094
 5007 MAMMDIE   -3.2525   -4.4185   -1.1660    0.3094
 5008 MAMDMIE   -2.9173   -4.0833   -1.1660    0.3094
 5009 MAMDVID   -3.1437   -3.9180   -0.7743    0.3094
 5010 DMIMAVD   -6.1380   -7.0238   -0.8857    0.3094
 5011 MDVIMVD   -8.7942  -11.2525   -2.4583    0.3094
 5012 MEVIMVD   -6.5832   -9.3586   -2.7754    0.3094
 5013 MEVIMGD   -7.0873   -8.0798   -0.9926    0.3094
 5014 IEVIMGD   -6.4411   -7.5049   -1.0637    0.3094
 5015 MEVIMGE   -7.2555   -8.5652   -1.3097    0.3094
 5016 VEIVMGE   -6.4787   -7.7939   -1.3151    0.3094
 5017 VEIMMGE   -5.1496   -6.4593   -1.3097    0.3094
 5018 VMMIEGE   -8.7814  -10.2025   -1.4211    0.3094
 5019 MVVIEGE   -9.7677  -11.1943   -1.4266    0.3094
 5020 IVVRMGD   -6.2404   -9.7924   -3.5520    0.3094
 5021 IVVGMRD   -4.3079   -7.9713   -3.6634    0.3094
 5022 IMVGVDK   -9.1606   -9.4601   -0.2994    0.3094
 5023 IMKGVEV  -12.3007  -12.6944   -0.3937    0.3094
 5024 IMKGIEI   -7.3087   -9.5938   -2.2851    0.3094
 5025 FMKGMEI   -6.0864   -6.3162   -0.2297    0.3094
 5026 IMKGMEF   -9.6939   -9.9236   -0.2297    0.3094
 5027 IMKGMEF   -9.6939   -9.9236   -0.2297    0.3094
 5028 IMKGMEF   -9.6939   -9.9236   -0.2297    0.3094
 5029 IMKGMEF   -9.8179  -10.0476   -0.2297    0.3094
 5030 IMKGMEF   -9.8179  -10.0476   -0.2297    0.3094
 5031 IMKGMDF   -9.4990   -9.4116    0.0874    0.3094
 5032 IMKGFEM   -9.2381   -9.4678   -0.2297    0.3094
 5033 IMKGFDM   -9.9556   -9.8682    0.0874    0.3094
 5034 IMKGVDM  -12.4286  -12.4998   -0.0711    0.3094
 5035 MKMGVDI   -9.6003   -9.5600    0.0403    0.3094
 5036 VKMGVDM   -7.3975   -8.7315   -1.3340    0.3094
 5037 MVLGVDD   -7.8397  -10.4217   -2.5820    0.3094
 5038 MVWGVDD   -9.6896  -10.0765   -0.3869    0.3094
 5039 MVVGFED   -9.5845  -10.4696   -0.8851    0.3094
 5040 VVVGEID   -7.2548   -8.2582   -1.0034    0.3094
 5041 VVVGEIE   -7.2403   -8.5609   -1.3206    0.3094
 5042 VVIGEVE   -8.9204  -10.2410   -1.3206    0.3094
 5043 VVFGEVE   -9.5998  -10.6961   -1.0963    0.3094
 5044 VVFGEVK   -9.2854   -9.5717   -0.2863    0.3094
 5045 VVFGEVK   -9.2854   -9.5717   -0.2863    0.3094
 5046 VVFGDVE   -9.2648  -10.0439   -0.7791    0.3094
 5047 IVFGKEM   -9.3291   -9.7071   -0.3780    0.3094
 5048 IVFGKME   -8.6434   -8.9100   -0.2666    0.3094
 5049 VEFGKMV   -7.2621   -7.4315   -0.1694    0.3094
 5050 VEFGVMK   -6.3923   -6.5618   -0.1694    0.3094
 5051 VVFGEMK   -7.4006   -7.6814   -0.2809    0.3094
 5052 VVFGKFD   -8.7821   -8.3526    0.4294    0.3094
 5053 VVFGKDF   -9.7640   -9.4460    0.3180    0.3094
 5054 MVFGKEF  -10.0895  -10.1632   -0.0737    0.3094
 5055 MVFGKME  -11.2699  -11.5453   -0.2754    0.3094
 5056 MVFGEME  -11.4298  -12.5153   -1.0854    0.3094
 5057 MVFGKME  -11.4460  -11.7214   -0.2754    0.3094
 5058 MKFGVME  -12.9717  -13.1357   -0.1640    0.3094
 5059 MKFGVME  -12.9717  -13.1357   -0.1640    0.3094
 5060 MKFGEVM  -12.4059  -12.5699   -0.1640    0.3094
 5061 MKFGEVM  -12.4059  -12.5699   -0.1640    0.3094
 5062 MKFGEVM  -12.4059  -12.5699   -0.1640    0.3094
 5063 MKFGELM  -11.1840  -12.6434   -1.4594    0.3094
 5064 MKLGDFM   -8.5037   -9.6459   -1.1423    0.3094
 5065 MLKGDFF   -6.3715   -9.0721   -2.7006    0.3094
 5066 MLKGDFV   -8.1222   -9.3014   -1.1791    0.3094
 5067 MLKGFDV   -7.6585   -8.7262   -1.0677    0.3094
 5068 MLKGVDV   -7.7596   -9.6259   -1.8663    0.3094
 5069 VKLGVDI   -7.6967   -8.8827   -1.1860    0.3094
 5070 KVVGVDI   -9.1214   -9.2034   -0.0820    0.3094
 5071 VVVGKDI   -8.8786   -9.1835   -0.3049    0.3094
 5072 IVKGVDV  -11.1021  -11.1841   -0.0820    0.3094
 5073 IMKGVDV  -11.4599  -11.5365   -0.0766    0.3094
 5074 IMKGIDV  -10.6872  -10.8294   -0.1423    0.3094
 5075 IMKGIDV  -10.6872  -10.8294   -0.1423    0.3094
 5076 VMIGVDD   -8.0463   -8.8386   -0.7923    0.3094
 5077 IMVGVDD   -9.2641  -10.0564   -0.7923    0.3094
 5078 IMVGVDD   -9.2099  -10.0021   -0.7923    0.3094
 5079 VMVGVDD   -7.9078  -10.0744   -2.1666    0.3094
 5080 VVMGVED   -7.0498   -9.5335   -2.4837    0.3094
 5081 VVMGVKE   -7.5608   -9.5517   -1.9909    0.3094
 5082 VVMGWKE   -8.7682   -8.9793   -0.2111    0.3094
 5083 VVMGWKE   -8.7682   -8.9793   -0.2111    0.3094
 5084 VMVGWKE   -8.5074   -8.7185   -0.2111    0.3094
 5085 VMVGWKE   -8.5074   -8.7185   -0.2111    0.3094
 5086 VVMGWEE   -8.5736   -9.5947   -1.0211    0.3094
 5087 EVMGWME   -5.2058   -6.1901   -0.9843    0.3094
 5088 EVMGWMK   -6.2846   -6.4589   -0.1743    0.3094
 5089 EVMGWMK   -6.2846   -6.4589   -0.1743    0.3094
 5090 EVWGIVK   -6.8747   -8.7255   -1.8509    0.3094
 5091 EVWGIVK   -6.8747   -8.7255   -1.8509    0.3094
 5092 EMWGVIK   -5.8091   -7.7345   -1.9254    0.3094
 5093 MEIGVIK   -5.4921   -5.9516   -0.4594    0.3094
 5094 KIMGIEM   -5.0421   -5.5761   -0.5340    0.3094
 5095 DIMGIEM   -4.1338   -5.1607   -1.0269    0.3094
 5096 DIMGIKM   -6.9370   -7.1538   -0.2169    0.3094
 5097 DIGIMKM   -5.2117   -5.4285   -0.2169    0.3094
 5098 DIGIMKM   -5.2117   -5.4285   -0.2169    0.3094
 5099 DIGVMRM   -4.1305   -7.5657   -3.4351    0.3094
 5100 DIVGLRM   -3.7917   -8.5277   -4.7360    0.3094
 5101 DILGVRM   -4.4535   -9.1895   -4.7360    0.3094
 5102 DIVGMRL   -3.9083   -8.6443   -4.7360    0.3094
 5103 DIIGVDM   -4.0224   -4.6576   -0.6351    0.3094
 5104 DIIGMEI   -2.0574   -4.8354   -2.7780    0.3094
 5105 DAIGVKI   -1.0722   -3.0559   -1.9837    0.3094
 5106 DAIGIIK   -4.5010   -5.2219   -0.7209    0.3094
 5107 DIAGIIK   -6.4004   -7.1212   -0.7209    0.3094
 5108 KAIGIID   -7.2219   -7.9427   -0.7209    0.3094
 5109 IIIGKAD   -8.6808   -9.4017   -0.7209    0.3094
 5110 IIIGKAD   -8.6808   -9.4017   -0.7209    0.3094
 5111 IIIGEAK   -9.2658  -10.3038   -1.0380    0.3094
 5112 IFIGAEK   -8.1896   -9.1147   -0.9251    0.3094
 5113 AFIGKEI   -5.4781   -6.4032   -0.9251    0.3094
 5114 IFIGKEA   -6.2590   -7.1841   -0.9251    0.3094
 5115 IFIGEGK   -8.9104   -9.7367   -0.8263    0.3094
 5116 IFWGEGD  -11.0952  -11.6089   -0.5137    0.3094
 5117 IFWGEGD  -11.0952  -11.6089   -0.5137    0.3094
 5118 IFWGEGD  -11.0952  -11.6089   -0.5137    0.3094
 5119 IFWGEGE  -10.3925  -11.2233   -0.8309    0.3094
 5120 IFWGEGE  -10.3925  -11.2233   -0.8309    0.3094
 5121 IFGWEGE   -8.9830   -9.7025   -0.7194    0.3094
 5122 IFWGEGD  -11.1274  -11.6411   -0.5137    0.3094
 5123 IFWGEGD  -11.1274  -11.6411   -0.5137    0.3094
 5124 IFWGDGE   -9.3918   -9.9055   -0.5137    0.3094
 5125 IFDGDGI   -4.7824   -5.6730   -0.8906    0.3094
 5126 IFKGDGI   -9.8031  -10.2009   -0.3977    0.3094
 5127 IFKGEGI  -10.5016  -11.2164   -0.7149    0.3094
 5128 IFKGEGI  -10.4822  -11.1971   -0.7149    0.3094
 5129 IFKGEGI  -10.4822  -11.1971   -0.7149    0.3094
 5130 IFKGEGI  -10.4822  -11.1971   -0.7149    0.3094
 5131 IFKGEGI  -10.4822  -11.1971   -0.7149    0.3094
 5132 IFKGGDI  -10.4464  -10.9555   -0.5091    0.3094
 5133 IFKGGDI  -10.4464  -10.9555   -0.5091    0.3094
 5134 IIKGGDI  -10.2981  -11.0316   -0.7334    0.3094
 5135 IIKGGDI  -10.2981  -11.0316   -0.7334    0.3094
 5136 IIKGGDI  -10.2981  -11.0316   -0.7334    0.3094
 5137 IIKGGDW  -11.2838  -11.2918   -0.0080    0.3094
 5138 IIKGGDW  -11.2838  -11.2918   -0.0080    0.3094
 5139 IIKGGDW  -11.2838  -11.2918   -0.0080    0.3094
 5140 IIKGGEW  -10.7757  -11.1009   -0.3251    0.3094
 5141 IIKGGEW  -10.7757  -11.1009   -0.3251    0.3094
 5142 IIKGGEW  -10.9263  -11.2514   -0.3251    0.3796
 5143 MIKGGDW  -10.4423  -11.4591   -1.0169    0.3796
 5144 VWKGGDI   -9.6781  -10.7004   -1.0223    0.3796
 5145 VWKGGDI   -9.6781  -10.7004   -1.0223    0.3796
 5146 MWKGGDW  -11.1234  -11.0548    0.0686    0.3796
 5147 MWKGGDW  -11.1234  -11.0548    0.0686    0.3796
 5148 MWKGGDW  -11.1234  -11.0548    0.0686    0.3796
 5149 MWKGGEW  -11.6749  -11.9235   -0.2486    0.3796
 5150 MWKGGEW  -11.6749  -11.9235   -0.2486    0.3796
 5151 MWKGGDW  -11.0034  -10.9349    0.0686    0.3796
 5152 MWKGGDW  -11.0034  -10.9349    0.0686    0.3796
 5153 MWKGGDW  -11.0034  -10.9349    0.0686    0.3796
 5154 MWKGGDW  -11.0034  -10.9349    0.0686    0.3796
 5155 MWKGGDW  -11.0034  -10.9349    0.0686    0.3796
 5156 MWKGGDW  -11.0034  -10.9349    0.0686    0.3796
 5157 MWKGGDW  -11.0034  -10.9349    0.0686    0.3796
 5158 MWKGGDW  -11.0034  -10.9349    0.0686    0.3796
 5159 MWKGGEW  -11.3898  -11.6384   -0.2486    0.3796
 5160 MWKGGEW  -11.3898  -11.6384   -0.2486    0.3796
 5161 MWKGGEW  -11.3898  -11.6384   -0.2486    0.3796
 5162 MWKGGEW  -11.3898  -11.6384   -0.2486    0.3796
 5163 MWKGGEW  -11.3898  -11.6384   -0.2486    0.3796
 5164 MWKGGEW  -11.3898  -11.6384   -0.2486    0.3796
 5165 MWKGGEW  -11.3898  -11.6384   -0.2486    0.3796
 5166 MVKGGEW   -8.6013  -11.3096   -2.7083    0.3796
 5167 MVKGGEW   -8.6013  -11.3096   -2.7083    0.3796
 5168 MKVGGEW   -7.3429   -9.9398   -2.5969    0.3796
 5169 LWVGGKE   -3.7768   -7.1288   -3.3520    0.3796
 5170 LWVGGKE   -3.7768   -7.1288   -3.3520    0.3796
 5171 MWVGGKD   -5.0306   -7.6446   -2.6140    0.3796
 5172 WKVGGME   -4.3688   -6.9657   -2.5969    0.3796
 5173 IKFGGEM   -4.9745   -7.0582   -2.0837    0.3796
 5174 IKIGGEF   -5.0899   -5.8047   -0.7149    0.3796
 5175 IKWGGEI   -6.8456   -7.0593   -0.2137    0.3796
 5176 MKWGGEI   -6.2294   -7.4520   -1.2226    0.3796
 5177 MKWGGEI   -6.2294   -7.4520   -1.2226    0.3796
 5178 MEWGGKI   -7.1833   -8.4058   -1.2226    0.3796
 5179 MIKGGME   -3.9890   -7.7773   -3.7883    0.3796
 5180 MIEGGME   -2.1524   -6.7507   -4.5983    0.3796
 5181 MWEGGME   -2.0795   -5.5924   -3.5129    0.3796
 5182 MWEGGEM   -2.6701   -6.1829   -3.5129    0.3796
 5183 MFEGGEM   -3.3393   -7.7133   -4.3740    0.3796
 5184 MEFGGEM   -2.7169   -6.9794   -4.2626    0.3796
 5185 MEVGGEW   -4.8171   -8.2239   -3.4069    0.3796
 5186 MEFGGDW   -5.1015   -6.5927   -1.4911    0.3796
 5187 MDFGGDW   -4.5631   -5.7371   -1.1740    0.3796
 5188 GMMGDDW   -3.9836   -6.8622   -2.8786    0.3796
 5189 FMMGDDL   -6.4023   -8.2603   -1.8580    0.3796
 5190 FMMGEDL   -8.4376  -10.6128   -2.1751    0.3796
 5191 FMLGDKV   -6.8142   -8.1048   -1.2906    0.3796
 5192 FDVGDFV   -6.3443   -6.2963    0.0480    0.3796
 5193 FDVGEMV   -7.2676   -7.9299   -0.6623    0.3796
 5194 FDVGRVM   -4.9310   -8.1473   -3.2163    0.3796
 5195 FWVGDVR   -4.0057   -8.5991   -4.5934    0.3796
 5196 FMIGDVD   -9.8034  -10.2457   -0.4423    0.3796
 5197 FVIGDMD   -8.9421   -9.3844   -0.4423    0.3796
 5198 FMIGDVD  -10.4427  -10.8850   -0.4423    0.3796
 5199 FMFGDVD   -9.0775   -9.2155   -0.1380    0.3796
 5200 FMFGEDV   -7.5908   -8.1574   -0.5666    0.3796
 5201 FMFGEDV   -7.5908   -8.1574   -0.5666    0.3796
 5202 FVFGDEM   -6.3740   -6.9406   -0.5666    0.3796
 5203 FMFGEEL   -3.9452   -7.8844   -3.9391    0.3796
 5204 MMFGEEL   -4.8722   -7.3645   -2.4923    0.3796
 5205 MMFGDEL   -5.3440   -7.5191   -2.1751    0.3796
 5206 MMFGDDL   -4.8533   -6.7113   -1.8580    0.3796
 5207 MMLGDDF   -4.9518   -6.8098   -1.8580    0.3796
 5208 MMIGDDF   -5.6047   -6.2329   -0.6283    0.3796
 5209 MMIGFDK   -5.6887   -5.8241   -0.1354    0.3796
 5210 MMIGFDK   -5.6887   -5.8241   -0.1354    0.3796
 5211 DMIGFMK   -6.5428   -6.5668   -0.0240    0.3796
 5212 DMVGFKM   -6.9800   -6.8268    0.1531    0.3796
 5213 DMVGFKM   -6.9800   -6.8268    0.1531    0.3796
 5214 DMVGFVK   -7.2652   -7.2289    0.0363    0.3796
 5215 DMMGFVK   -7.1668   -7.1251    0.0417    0.3796
 5216 DMMGMVK   -7.1985   -8.7500   -1.5514    0.3796
 5217 KMVGMVD   -6.9106   -8.4674   -1.5569    0.3796
 5218 KMVGMVD   -6.9106   -8.4674   -1.5569    0.3796
 5219 KMGVFVD   -5.8620   -5.8257    0.0363    0.3796
 5220 KMAVFVD   -6.1715   -6.3455   -0.1740    0.3796
 5221 KMVVFAD   -6.2476   -6.4216   -0.1740    0.3796
 5222 VMVDFAD   -6.8601   -7.4155   -0.5554    0.3796
 5223 VMVKFAD   -7.8471   -7.9096   -0.0626    0.3796
 5224 VMVKFGD   -7.5727   -7.5364    0.0363    0.3796
 5225 VMVKFDG   -7.5248   -7.4885    0.0363    0.3796
 5226 VMVKFDG   -7.5248   -7.4885    0.0363    0.3796
 5227 MMVKFDG   -7.3063   -7.2646    0.0417    0.3796
 5228 FMVKYDG   -4.5992   -5.3838   -0.7846    0.3796
 5229 FMVMDKG   -5.5509   -5.7320   -0.1811    0.3796
 5230 FVMMKEG   -4.0398   -4.5380   -0.4983    0.3796
 5231 KEMMFVG   -3.8800   -4.3783   -0.4983    0.3796
 5232 KMMEFVG   -4.1579   -4.4333   -0.2754    0.3796
 5233 KMMEFVG   -4.1579   -4.4333   -0.2754    0.3796
 5234 MMEKFVG   -4.4061   -4.7929   -0.3869    0.3796
 5235 MMEKFVA   -4.4908   -4.9765   -0.4857    0.3796
 5236 MMEKFVA   -4.4908   -4.9765   -0.4857    0.3796
 5237 MAEKFVM   -4.9301   -5.4158   -0.4857    0.3796
 5238 MGEKFVM   -3.9998   -4.3867   -0.3869    0.3796
 5239 MMEKFVG   -5.3718   -5.7587   -0.3869    0.3796
 5240 MMEKFGV   -4.5514   -4.8268   -0.2754    0.3796
 5241 WMEVFGK   -1.8238   -3.4450   -1.6211    0.3796
 5242 WMKVYGD   -6.5565   -6.4799    0.0766    0.3796
 5243 WMKVYGD   -6.5565   -6.4799    0.0766    0.3796
 5244 WMKVYGD   -6.5565   -6.4799    0.0766    0.3796
 5245 WMKVYGD   -6.5565   -6.4799    0.0766    0.3796
 5246 WMKVYGD   -6.5565   -6.4799    0.0766    0.3796
 5247 WMKVYGD   -6.5565   -6.4799    0.0766    0.3796
 5248 WMKVFGD   -5.5919   -6.8959   -1.3040    0.3796
 5249 WMKVFGD   -5.5919   -6.8959   -1.3040    0.3796
 5250 FMKVFGD   -5.9456   -5.5908    0.3549    0.3796
 5251 FKMVFGD   -8.3659   -8.0110    0.3549    0.3796
 5252 IKMVFGD   -9.8682   -9.8177    0.0506    0.3796
 5253 VKMVFGD   -9.9668   -9.9305    0.0363    0.3796
 5254 VKMVFGD   -9.9668   -9.9305    0.0363    0.3796
 5255 VKMVFGD   -9.9668   -9.9305    0.0363    0.3796
 5256 VKMVFGD   -9.9668   -9.9305    0.0363    0.3796
 5257 VKAVWGD   -6.9806   -9.3646   -2.3840    0.3796
 5258 LKGVWGD   -6.2592   -8.9597   -2.7006    0.3796
 5259 VKGLWGD   -5.9188   -8.6194   -2.7006    0.3796
 5260 VKGLWGE   -5.8880   -8.9057   -3.0177    0.3796
 5261 VKGLWEG   -4.2653   -7.2830   -3.0177    0.3796
 5262 IKGVWEV   -5.1127   -6.8522   -1.7394    0.3796
 5263 VKGIWEV   -5.6818   -7.4212   -1.7394    0.3796
 5264 VKGIWEV   -5.6818   -7.4212   -1.7394    0.3796
 5265 VKGIWEV   -5.6818   -7.4212   -1.7394    0.3796
 5266 VKGIWEV   -5.6818   -7.4212   -1.7394    0.3796
 5267 VKGIWEM   -5.6507   -7.4647   -1.8140    0.3796
 5268 IKMVWGE   -7.3833   -9.3088   -1.9254    0.3796
 5269 IKMVEGW   -6.8179   -8.6319   -1.8140    0.3796
 5270 IKMVEGY   -6.5478   -7.7624   -1.2146    0.3796
 5271 IKVMDGY   -7.3138   -8.2112   -0.8974    0.3796
 5272 IKVIEGY   -8.4213   -8.2670    0.1543    0.3796
 5273 IKVIYGE   -9.2852   -9.2423    0.0429    0.3796
 5274 IKVEYGI   -9.0850   -8.8193    0.2657    0.3796
 5275 IKVEYGI   -9.0850   -8.8193    0.2657    0.3796
 5276 IKVEYGF   -8.8524   -8.3624    0.4900    0.3796
 5277 IKVEYGF   -8.8524   -8.3624    0.4900    0.3796
 5278 IKVEYGF   -8.8524   -8.3624    0.4900    0.3796
 5279 IKVEYGF   -8.8524   -8.3624    0.4900    0.3796
 5280 IKEVYGF   -8.6562   -8.3890    0.2671    0.3796
 5281 IKEMYGF   -8.5192   -8.2467    0.2726    0.3796
 5282 IKEMYGF   -8.5192   -8.2467    0.2726    0.3796
 5283 IKEMYGF   -8.5192   -8.2467    0.2726    0.3796
 5284 IKEMYGF   -8.5192   -8.2467    0.2726    0.3796
 5285 MKEIYGF   -7.7710   -7.4984    0.2726    0.3796
 5286 MKEIWGY   -6.9279   -8.2742   -1.3463    0.3796
 5287 MKEIWGY   -6.9279   -8.2742   -1.3463    0.3796
 5288 EKMIWGY   -6.1267   -7.5844   -1.4577    0.3796
 5289 MKEIYGY   -6.0222   -8.1691   -2.1469    0.3796
 5290 MKEIYGM   -7.1272   -8.4478   -1.3206    0.3796
 5291 MKEIWGM   -7.0476   -9.0476   -2.0000    0.3796
 5292 MKEIWGM   -7.0476   -9.0476   -2.0000    0.3796
 5293 MKEIYGM   -7.4025   -8.7231   -1.3206    0.3796
 5294 MKEIYGM   -7.2730   -8.5936   -1.3206    0.3796
 5295 MKEIYGM   -7.2730   -8.5936   -1.3206    0.3796
 5296 MKEIWGM   -6.8401   -8.8401   -2.0000    0.3796
 5297 MKEIWGM   -6.8401   -8.8401   -2.0000    0.3796
 5298 YKVMWGD   -8.9312   -8.8546    0.0766    0.3796
 5299 YKVMWGD   -8.9312   -8.8546    0.0766    0.3796
 5300 VKMMWGD   -7.7501   -7.6073    0.1429    0.3796
 5301 MKMVWGD   -8.3804   -8.2375    0.1429    0.3796
 5302 MKMVWGD   -8.3804   -8.2375    0.1429    0.3796
 5303 AKIVWGD   -9.3113  -10.3210   -1.0097    0.3796
 5304 IKAVGDW   -7.1273   -8.0256   -0.8983    0.3796
 5305 IVAKGDW   -8.0850   -9.0947   -1.0097    0.3796
 5306 VVAKGDW   -7.0596   -9.4436   -2.3840    0.3796
 5307 DVAKGVW   -5.5497   -7.9337   -2.3840    0.3796
 5308 DMAKGVW   -5.8830   -8.2616   -2.3786    0.3796
 5309 VMVKGDW   -6.8755   -6.6581    0.2174    0.3796
 5310 AMMKGEW   -5.7321   -8.4224   -2.6903    0.3796
 5311 AMMKGEW   -5.7321   -8.4224   -2.6903    0.3796
 5312 AIMKGEW   -7.7478   -9.0692   -1.3214    0.3796
 5313 MIEKGAW   -9.0172  -10.4500   -1.4329    0.3796
 5314 VIEKGAM   -6.6603  -10.5529   -3.8926    0.3796
 5315 KMEIGAV   -4.2877   -7.9575   -3.6697    0.3796
 5316 KMEIGVM   -7.2675   -7.6558   -0.3883    0.3796
 5317 DIKIGVL   -5.1238   -8.2469   -3.1231    0.3796
 5318 DIVVGKL   -7.2282   -8.6371   -1.4089    0.3796
 5319 DIVVGKL   -7.2282   -8.6371   -1.4089    0.3796
 5320 LIVVGKD   -5.5055   -7.1372   -1.6317    0.3796
 5321 LIVVGDD   -9.0735  -11.1981   -2.1246    0.3796
 5322 LIVVGDD   -9.0735  -11.1981   -2.1246    0.3796
 5323 DIVVGDL   -7.1123   -9.0140   -1.9017    0.3796
 5324 DIVVGVD   -9.0753   -9.7616   -0.6863    0.3796
 5325 VIVVGDE  -11.3164  -12.5426   -1.2263    0.3796
 5326 IIVVGDE  -11.6862  -12.8982   -1.2120    0.3796
 5327 VIVIGED   -9.5905  -10.8025   -1.2120    0.3796
 5328 VIVIGED   -9.5905  -10.8025   -1.2120    0.3796
 5329 VIVMGEE   -8.3854   -9.9234   -1.5380    0.3796
 5330 VIIVGDE  -10.2382  -11.4502   -1.2120    0.3796
 5331 VIIVGDE  -10.2382  -11.4502   -1.2120    0.3796
 5332 EYIVGDF   -2.4012   -2.6270   -0.2257    0.3796
 5333 KYVIGDF   -6.7575   -6.1732    0.5843    0.3796
 5334 KIVGADF   -5.5757   -7.3352   -1.7594    0.3796
 5335 KIVGDAV   -6.3868   -9.8562   -3.4694    0.3796
 5336 KIVADAV   -7.0882  -10.6564   -3.5683    0.3796
 5337 KFVVADA   -6.0568   -9.4008   -3.3440    0.3796
 5338 KVFMADA   -5.0201   -8.3586   -3.3386    0.3796
 5339 KFFMADV   -5.6060   -7.0300   -1.4240    0.3796
 5340 KVFMADF   -5.1663   -6.5903   -1.4240    0.3796
 5341 KYFVADF   -4.7784   -5.5487   -0.7703    0.3796
 5342 KMFVAEF   -5.8093   -7.5505   -1.7411    0.3796
 5343 KMFVAEF   -5.8093   -7.5505   -1.7411    0.3796
 5344 KVFMAEM   -9.1384   -9.5127   -0.3743    0.3796
 5345 KVFMAEM   -9.1384   -9.5127   -0.3743    0.3796
 5346 KVFMAEM   -9.1384   -9.5127   -0.3743    0.3796
 5347 KVFMAEM   -9.1384   -9.5127   -0.3743    0.3796
 5348 KVFMGEM   -8.7880   -9.0634   -0.2754    0.3796
 5349 KVFMGEM   -8.7990   -9.0745   -0.2754    0.3700
 5350 KVFMMEG   -8.2418   -8.6286   -0.3869    0.3700
 5351 KVFMFDG   -7.6712   -7.4278    0.2434    0.3700
 5352 KGFMYDV   -4.1122   -4.8968   -0.7846    0.3700
 5353 KGFMYDV   -4.1122   -4.8968   -0.7846    0.3700
 5354 KGFMYDF   -3.8106   -2.9966    0.8140    0.3700
 5355 KGFMYDF   -3.8106   -2.9966    0.8140    0.3700
 5356 KGFMYDV   -4.1118   -4.8964   -0.7846    0.3700
 5357 KGFEWMV   -2.6046   -4.2257   -1.6211    0.3700
 5358 KGFVWMD   -5.3244   -6.7398   -1.4154    0.3700
 5359 KGFVMMD   -6.0964   -6.1661   -0.0697    0.3700
 5360 KGIVMMD   -6.8567   -7.1507   -0.2940    0.3700
 5361 KGVVMMD   -6.7149   -8.3831   -1.6683    0.3700
 5362 KMVVVMD  -11.2784  -11.5295   -0.2511    0.3700
 5363 KVMVVMD  -10.6799  -10.9311   -0.2511    0.3700
 5364 KVVVMMD  -11.5998  -11.8509   -0.2511    0.3700
 5365 MVVVMKD   -9.6954  -10.0580   -0.3626    0.3700
 5366 MVVVMKD   -9.6954  -10.0580   -0.3626    0.3700
 5367 MVVVMDD   -9.6325  -10.4880   -0.8554    0.3700
 5368 MVVVMKE   -9.2965   -9.9762   -0.6797    0.3700
 5369 MVEVMKV   -8.5591   -8.9045   -0.3454    0.3700
 5370 MVEVMKV   -8.5591   -8.9045   -0.3454    0.3700
 5371 MVDVMKV   -8.3613   -8.3896   -0.0283    0.3700
 5372 MVVVMKD  -10.3096  -10.6721   -0.3626    0.3700
 5373 MVVVMED  -11.1753  -12.3479   -1.1726    0.3700
 5374 MVVVMDE   -9.9791  -11.1517   -1.1726    0.3700
 5375 MVVVDKM  -10.0216  -10.2727   -0.2511    0.3700
 5376 MVVVKDM   -9.9983  -10.2494   -0.2511    0.3700
 5377 MKMVVDV   -9.7648   -9.7931   -0.0283    0.3700
 5378 MKMVVDV   -9.6635   -9.6917   -0.0283    0.3700
 5379 MKVVVDM  -10.2882  -10.3165   -0.0283    0.3700
 5380 KMVVVDM  -10.6444  -10.7841   -0.1397    0.3700
 5381 KMVVVDM  -10.6444  -10.7841   -0.1397    0.3700
 5382 KMVVVMD  -11.0003  -11.2515   -0.2511    0.3700
 5383 KMVVMVD  -10.8880  -11.1391   -0.2511    0.3700
 5384 MMVVKVD   -9.9906  -10.1303   -0.1397    0.3700
 5385 MMVVEVD  -11.4270  -12.3767   -0.9497    0.3700
 5386 MMVVDVK   -9.3946   -9.5344   -0.1397    0.3700
 5387 MMVKVDV   -8.3786   -8.4069   -0.0283    0.3700
 5388 MVVKMDV   -8.2691   -8.2974   -0.0283    0.3700
 5389 MMVKVDV   -7.7635   -7.7918   -0.0283    0.3700
 5390 MMKVVDV   -9.0700   -9.0983   -0.0283    0.3700
 5391 MMKIVDV   -6.4295   -8.2835   -1.8540    0.3700
 5392 MIKMVDM   -4.1834   -6.1119   -1.9286    0.3700
 5393 MMKGVDM   -5.7937   -7.2337   -1.4400    0.3700
 5394 GMMELDG   -1.6787   -7.6381   -5.9594    0.3700
 5395 GLMKMEM   -2.0484   -4.2209   -2.1726    0.3700
 5396 GLMEMEV   -3.8345   -6.8225   -2.9880    0.3700
 5397 GLMEMEV   -3.8345   -6.8225   -2.9880    0.3700
 5398 GLMEMIE   -3.5585   -6.2437   -2.6851    0.3700
 5399 GMLEMID   -3.5556   -5.9236   -2.3680    0.3700
 5400 GLMDMDF   -3.4888   -5.1240   -1.6351    0.3700
 5401 GLMDMEF   -3.0336   -4.9859   -1.9523    0.3700
 5402 GLMDMEF   -3.0336   -4.9859   -1.9523    0.3700
 5403 ELADMGF    0.3516   -4.0021   -4.3537    0.3700
 5404 EMLAEGF   -2.3142   -7.0965   -4.7823    0.3700
 5405 EALIRGF    1.0452   -4.9222   -5.9674    0.3700
 5406 EALIKGF   -3.3914   -5.9948   -2.6034    0.3700
 5407 EILAKGW   -4.9358   -8.1581   -3.2223    0.3700
 5408 EIKALGW   -5.9340   -9.0449   -3.1109    0.3700
 5409 DIKAYGW   -4.0965   -5.8156   -1.7191    0.3700
 5410 EIKALGW   -6.2369   -9.3477   -3.1109    0.3700
 5411 EMKALGW   -5.9346   -8.9343   -2.9997    0.3700
 5412 MEKALGW   -5.7817   -8.8928   -3.1111    0.3700
 5413 MEKVLGW   -4.1370   -7.2922   -3.1551    0.3700
 5414 MEKVFGL   -5.0442   -6.5404   -1.4963    0.3700
 5415 MEKVFGY   -3.7412   -4.8429   -1.1017    0.3700
 5416 VMKEFGY   -4.4500   -5.5517   -1.1017    0.3700
 5417 VMKEYGF   -5.7646   -6.8663   -1.1017    0.3700
 5418 VMKEYGW   -7.1259   -7.3665   -0.2406    0.3700
 5419 VMKEWGY   -6.8847   -7.1253   -0.2406    0.3700
 5420 VMKEWGY   -6.8847   -7.1253   -0.2406    0.3700
 5421 MVKEWGY   -6.8932   -7.1338   -0.2406    0.3700
 5422 MWKEVGY   -8.7497   -8.9903   -0.2406    0.3700
 5423 VWKEMGY   -9.0805   -9.3211   -0.2406    0.3700
 5424 VWKEMGV   -9.3380   -9.4377   -0.0997    0.3700
 5425 VWKEMGV   -9.3380   -9.4377   -0.0997    0.3700
 5426 VWKMVGE   -9.3436   -9.4433   -0.0997    0.3700
 5427 VDKMVGW   -6.7482   -6.5308    0.2174    0.3700
 5428 VDKGVGW   -4.9437   -7.2289   -2.2851    0.3700
 5429 VGKDWGV   -4.7883   -7.0734   -2.2851    0.3700
 5430 IGKDWGV   -5.8652   -6.7760   -0.9109    0.3700
 5431 IGKDWGV   -5.8652   -6.7760   -0.9109    0.3700
 5432 IAKEWGM   -7.3928   -8.7143   -1.3214    0.3700
 5433 IAKEFGM   -6.9111   -9.0937   -2.1826    0.3700
 5434 IAKEWGM   -7.5633   -8.8847   -1.3214    0.3700
 5435 IAKEWGM   -7.5633   -8.8847   -1.3214    0.3700
 5436 IMKAEGW   -8.3256   -9.5356   -1.2100    0.3700
 5437 IMKAEGW   -8.3256   -9.5356   -1.2100    0.3700
 5438 ILKAEGW   -7.0009  -10.1118   -3.1109    0.3700
 5439 ILKAEGW   -7.0009  -10.1118   -3.1109    0.3700
 5440 ILKAEGW   -7.0009  -10.1118   -3.1109    0.3700
 5441 ILKADGW   -7.1513   -9.9450   -2.7937    0.3700
 5442 AKLVDGW   -7.0967   -9.7847   -2.6880    0.3700
 5443 LDVVKGF   -8.9866   -9.9797   -0.9931    0.3700
 5444 IDVLKGY   -8.9765  -10.2948   -1.3183    0.3700
 5445 IDVLKGY   -8.9765  -10.2948   -1.3183    0.3700
 5446 ILVDEGY   -6.7416   -9.0928   -2.3511    0.3700
 5447 ILVGEKY   -6.5291   -8.3874   -1.8583    0.3700
 5448 IFVGEKY   -7.1184   -6.9627    0.1557    0.3700
 5449 IFVGDKY   -6.5059   -6.0330    0.4729    0.3700
 5450 VFIGKDY   -7.7434   -7.2705    0.4729    0.3700
 5451 IFVGKDY   -6.9977   -6.5249    0.4729    0.3700
 5452 IFVGKDY   -6.9977   -6.5249    0.4729    0.3700
 5453 IFVGKDY   -6.9977   -6.5249    0.4729    0.3700
 5454 IFVGEEY   -7.2783   -7.9326   -0.6543    0.3700
 5455 IFVGDEY   -6.9619   -7.2990   -0.3371    0.3700
 5456 VFIGEEY   -8.0749   -8.7292   -0.6543    0.3700
 5457 VFIGDEY   -7.4981   -7.8353   -0.3371    0.3700
 5458 VFLGDEM   -4.0750   -6.1756   -2.1006    0.3700
 5459 VFLGDEM   -4.0750   -6.1756   -2.1006    0.3700
 5460 MFIGDEV   -8.0941   -8.9649   -0.8709    0.3700
 5461 MLIGVKE   -8.8022  -10.7142   -1.9120    0.3700
 5462 MLIGVKD   -9.3087  -10.9035   -1.5949    0.3700
 5463 MLVGVKD   -8.8467  -10.9359   -2.0891    0.3700
 5464 MLVGDKV   -9.1309  -11.2200   -2.0891    0.3700
 5465 MKVGDLV  -12.1310  -13.9973   -1.8663    0.3700
 5466 MKVGDLV  -12.1310  -13.9973   -1.8663    0.3700
 5467 MKVGDLV  -12.1310  -13.9973   -1.8663    0.3700
 5468 MKFGDLV  -11.5831  -12.6508   -1.0677    0.3700
 5469 MKIGDLM  -13.1563  -14.6028   -1.4466    0.3700
 5470 MMKGDLI  -10.5614  -12.1194   -1.5580    0.3700
 5471 MMKGDIY   -8.1726   -9.1760   -1.0034    0.3700
 5472 MMKGDIF   -9.1251   -9.1491   -0.0240    0.3700
 5473 MMKGDIF   -9.1251   -9.1491   -0.0240    0.3700
 5474 MMKGDIM  -11.0041  -11.1813   -0.1771    0.3700
 5475 MMMGDIK  -10.6676  -10.8448   -0.1771    0.3700
 5476 MKMGEMI  -11.0000  -11.3828   -0.3829    0.3700
 5477 MKIGEMV  -10.6640  -11.0523   -0.3883    0.3700
 5478 MKIGEMV  -10.6640  -11.0523   -0.3883    0.3700
 5479 MKMGEMI  -11.2028  -11.5857   -0.3829    0.3700
 5480 MKMGEMI  -11.2028  -11.5857   -0.3829    0.3700
 5481 MKMGEMI  -11.2028  -11.5857   -0.3829    0.3700
 5482 MKMGEII   -9.6411  -10.1751   -0.5340    0.3700
 5483 MKMGDII  -10.6806  -10.8975   -0.2169    0.3700
 5484 MIIGDKM  -11.0093  -11.4490   -0.4397    0.3700
 5485 MIIGDKM  -11.0093  -11.4490   -0.4397    0.3700
 5486 MIKGDIM  -11.2921  -11.6203   -0.3283    0.3700
 5487 MIKGDIL   -8.1037  -11.4128   -3.3091    0.3700
 5488 MIKGEIA   -9.3072  -11.7141   -2.4069    0.3700
 5489 MIKGIEG   -7.6257   -9.9337   -2.3080    0.3700
 5490 MIKGGEI   -9.5749  -11.9943   -2.4194    0.3700
 5491 MIKGGEI   -9.5749  -11.9943   -2.4194    0.3700
 5492 MIKGGEI   -9.5749  -11.9943   -2.4194    0.3700
 5493 MWKGGIE   -8.3795   -9.7135   -1.3340    0.3700
 5494 MWKGGIE   -8.3795   -9.7135   -1.3340    0.3700
 5495 MWKGGIE   -8.3795   -9.7135   -1.3340    0.3700
 5496 MWKGGIE   -9.9942  -11.3282   -1.3340    0.3700
 5497 MIKGGEW  -11.3796  -12.7136   -1.3340    0.3700
 5498 MIKGGEW  -11.3796  -12.7136   -1.3340    0.3700
 5499 MIKGGEW  -11.3796  -12.7136   -1.3340    0.3700
 5500 MIKGGEW  -11.3796  -12.7136   -1.3340    0.3700
 5501 MIKGGEW  -11.3796  -12.7136   -1.3340    0.3700
 5502 MIKGGEW  -11.3796  -12.7136   -1.3340    0.3700
 5503 MIKGGEW  -11.3796  -12.7136   -1.3340    0.3700
 5504 MIKGGEW  -11.3796  -12.7136   -1.3340    0.3700
 5505 MWKGGEI  -10.3146  -11.6486   -1.3340    0.3700
 5506 MWKGGEI  -10.3146  -11.6486   -1.3340    0.3700
 5507 MIKGGEI  -10.5914  -13.0108   -2.4194    0.3700
 5508 MIKGGIE   -9.8170  -12.2364   -2.4194    0.3700
 5509 MIKGGIE   -9.8170  -12.2364   -2.4194    0.3700
 5510 MIEGGIK   -7.3452   -9.7646   -2.4194    0.3700
 5511 MIWGGEK   -8.4124   -9.9693   -1.5569    0.3700
 5512 MIKGGEW   -9.8984  -11.2324   -1.3340    0.3700
 5513 MIKGGEW   -9.8984  -11.2324   -1.3340    0.3700
 5514 MKWGGEI   -8.7172   -9.9397   -1.2226    0.3700
 5515 MKWGGEI   -8.7172   -9.9397   -1.2226    0.3700
 5516 MWKGGDI   -9.8955  -10.9124   -1.0169    0.3700
 5517 MIKGGEW  -10.1271  -11.4611   -1.3340    0.3700
 5518 MWKGGEI  -11.2661  -12.6001   -1.3340    0.3700
 5519 MWKGGID   -8.7694   -9.7862   -1.0169    0.3700
 5520 MWKGGID   -8.7694   -9.7862   -1.0169    0.3700
 5521 MWKGGID   -8.7694   -9.7862   -1.0169    0.3700
 5522 MWKGGVD   -9.1927  -11.5839   -2.3911    0.3700
 5523 MWKGGDV   -9.8859  -12.2771   -2.3911    0.3700
 5524 MWKGGDW  -11.5604  -11.4918    0.0686    0.3700
 5525 MWKGGDI  -11.2222  -12.2391   -1.0169    0.3700
 5526 MWKGGDI  -11.2222  -12.2391   -1.0169    0.3700
 5527 MIKGGDI  -10.1618  -12.2641   -2.1023    0.3700
 5528 MFKGGDI  -10.4549  -12.3329   -1.8780    0.3700
 5529 MFKGGEI  -10.4591  -12.6542   -2.1951    0.3700
 5530 MIKGGEI  -10.1726  -12.5920   -2.4194    0.3700
 5531 MIKGGIK   -2.7200   -5.6095   -2.8894    0.3700
 5532 MKIGGIE   -8.2915  -10.5995   -2.3080    0.3700
 5533 MKIGGIE   -8.2915  -10.5995   -2.3080    0.3700
 5534 MKIGGEI   -9.9037  -12.2117   -2.3080    0.3700
 5535 MKIGGEI   -9.9037  -12.2117   -2.3080    0.3700
 5536 MKWGGEI  -10.2913  -11.5139   -1.2226    0.3700
 5537 MKWGGIE  -10.1095  -11.3321   -1.2226    0.3700
 5538 MWKGGIE  -11.2563  -12.5903   -1.3340    0.3700
 5539 MWKGGIE  -11.2563  -12.5903   -1.3340    0.3700
 5540 MWKGGID  -11.6370  -12.6539   -1.0169    0.3700
 5541 MWKGGID  -11.6370  -12.6539   -1.0169    0.3700
 5542 MWKGGVD  -11.3843  -13.7754   -2.3911    0.3700
 5543 MWKGGVD  -11.3843  -13.7754   -2.3911    0.3700
 5544 MWKGGVD   -9.1114  -11.5025   -2.3911    0.3700
 5545 MWKGGVD   -9.1114  -11.5025   -2.3911    0.3700
 5546 MWKGGVD   -9.1114  -11.5025   -2.3911    0.3700
 5547 KWMGGVD   -9.6024  -11.9936   -2.3911    0.3700
 5548 KIMGGVD   -7.0884  -10.5650   -3.4766    0.3700
 5549 MIKGGVD   -8.3896  -11.8662   -3.4766    0.3700
 5550 MIKGGVD   -8.3896  -11.8662   -3.4766    0.3700
 5551 DIKGGVL   -5.5872   -9.4846   -3.8974    0.3700
 5552 DIKGGVL   -5.6115   -9.5089   -3.8974    0.4275
 5553 VIKGGDV   -7.2391  -10.7211   -3.4820    0.4275
 5554 VIKGGDV   -7.2391  -10.7211   -3.4820    0.4275
 5555 VIKGGDW   -9.9629  -10.9852   -1.0223    0.4275
 5556 VIKGGEW  -10.7495  -12.0889   -1.3394    0.4275
 5557 VWKGGEI  -11.3838  -12.7233   -1.3394    0.4275
 5558 VIKGGEW  -10.8342  -12.1736   -1.3394    0.4275
 5559 VIKGGEW  -10.8342  -12.1736   -1.3394    0.4275
 5560 VIKGGEW  -10.8342  -12.1736   -1.3394    0.4275
 5561 VFKGGEW  -10.0059  -11.1210   -1.1151    0.4275
 5562 VFKGGEW  -10.0059  -11.1210   -1.1151    0.4275
 5563 VFKGGEW  -10.0059  -11.1210   -1.1151    0.4275
 5564 VFKGGEW  -10.0059  -11.1210   -1.1151    0.4275
 5565 VLKGGEW   -7.6091  -10.7382   -3.1291    0.4275
 5566 VLKGGEW   -7.6091  -10.7382   -3.1291    0.4275
 5567 VLKGGEW   -7.6091  -10.7382   -3.1291    0.4275
 5568 VMKGGEW   -8.1207  -10.8289   -2.7083    0.4275
 5569 IWKGGEI  -11.6403  -11.9654   -0.3251    0.4275
 5570 VWKGGEI  -11.1775  -12.5170   -1.3394    0.4275
 5571 VWKGGDW  -10.2544  -10.1912    0.0631    0.4275
 5572 DWKGGVW   -9.7852   -9.7220    0.0631    0.4275
 5573 DLKGGVV   -3.9615   -9.2332   -5.2717    0.4275
 5574 EVKGGVL   -3.9280   -9.5169   -5.5889    0.4275
 5575 EVKGGVV   -4.6274   -9.8009   -5.1734    0.4275
 5576 VVKGGEL   -5.5298  -11.1186   -5.5889    0.4275
 5577 VVKGGEW   -8.9804  -11.6941   -2.7137    0.4275
 5578 VVKGGEW   -8.9804  -11.6941   -2.7137    0.4275
 5579 VVKGGEI   -7.7522  -11.5514   -3.7991    0.4275
 5580 IIKGGEV   -9.4781  -11.9030   -2.4249    0.4275
 5581 IIKGGEA   -5.9924  -11.6932   -5.7009    0.4275
 5582 WIKGGEA   -6.0111  -10.6265   -4.6154    0.4275
 5583 WFKGGDA   -3.4607   -7.5347   -4.0740    0.4275
 5584 AFKGGDW   -4.5008   -8.5748   -4.0740    0.4275
 5585 VFKGGDW   -7.9192   -8.7172   -0.7980    0.4275
 5586 VVKGGDW   -5.7386   -8.1352   -2.3966    0.4275
 5587 IVKGGDV   -5.0121   -8.4941   -3.4820    0.4275
 5588 IVKGGDV   -5.0121   -8.4941   -3.4820    0.4275
 5589 VKVGGDI   -4.6152   -7.9858   -3.3706    0.4275
 5590 VKVGGDI   -4.6152   -7.9858   -3.3706    0.4275
 5591 VKVGGID   -4.9605   -8.3311   -3.3706    0.4275
 5592 VKWGGID   -7.3733   -8.2842   -0.9109    0.4275
 5593 VKWGGIE   -7.6712   -8.8992   -1.2280    0.4275
 5594 VKWGGIE   -7.6712   -8.8992   -1.2280    0.4275
 5595 VKWGGIE   -7.6712   -8.8992   -1.2280    0.4275
 5596 VKWGGEI   -7.8794   -9.1074   -1.2280    0.4275
 5597 VKWGGEI   -7.8380   -9.0660   -1.2280    0.4275
 5598 IKWGGEV   -7.2717   -8.4997   -1.2280    0.4275
 5599 IKWGGEV   -7.2717   -8.4997   -1.2280    0.4275
 5600 IWKGGEV  -10.0360  -11.3754   -1.3394    0.4275
 5601 IWKGGEF  -11.1721  -11.1930   -0.0209    0.4275
 5602 IWKGGEF  -11.1721  -11.1930   -0.0209    0.4275
 5603 IWKGGDF  -10.6539  -10.3576    0.2963    0.4275
 5604 IWKGGDF  -10.6539  -10.3576    0.2963    0.4275
 5605 IFKGGDW  -10.2126   -9.9163    0.2963    0.4275
 5606 MFKGGEW  -10.3551  -11.4649   -1.1097    0.4275
 5607 MFKGGEW  -10.3551  -11.4649   -1.1097    0.4275
 5608 MFKGGEW  -10.3551  -11.4649   -1.1097    0.4275
 5609 MFKGGEW  -10.3551  -11.4649   -1.1097    0.4275
 5610 MFKGGDW   -9.8328  -10.6254   -0.7926    0.4275
 5611 MWKGGDF  -10.2971  -11.0897   -0.7926    0.4275
 5612 MWKGGDF  -10.2971  -11.0897   -0.7926    0.4275
 5613 MWKGGDF  -10.2971  -11.0897   -0.7926    0.4275
 5614 MFKGGDF   -8.9326  -10.5863   -1.6537    0.4275
 5615 MFKGGEF   -9.4027  -11.3735   -1.9709    0.4275
 5616 MFKGGEF   -9.4027  -11.3735   -1.9709    0.4275
 5617 MIKGGEF   -8.8417  -11.0369   -2.1951    0.4275
 5618 MIKGGEF   -8.8417  -11.0369   -2.1951    0.4275
 5619 MIKGGEF   -8.8417  -11.0369   -2.1951    0.4275
 5620 MIKGGEF   -8.8417  -11.0369   -2.1951    0.4275
 5621 MIKGGEI   -8.8589  -11.2783   -2.4194    0.4275
 5622 MIKGGEI   -8.8589  -11.2783   -2.4194    0.4275
 5623 MIKGGEI   -8.8589  -11.2783   -2.4194    0.4275
 5624 MFKGGDI   -8.7107  -10.5887   -1.8780    0.4275
 5625 MFKGGDI   -8.7107  -10.5887   -1.8780    0.4275
 5626 MFKGGDV   -7.7539  -11.0062   -3.2523    0.4275
 5627 VFKGGDM   -7.2071  -10.4594   -3.2523    0.4275
 5628 VFMGGDD   -5.0786   -9.0466   -3.9680    0.4275
 5629 VGMGFDD   -4.0809   -7.7146   -3.6337    0.4275
 5630 VGMGFKD   -1.9806   -5.1215   -3.1409    0.4275
 5631 VGMGFKD   -2.1962   -5.3371   -3.1409    0.4275
 5632 IGMGWED   -5.9611   -7.6765   -1.7154    0.4275
 5633 IGMGWDD   -5.9264   -7.3247   -1.3983    0.4275
 5634 IGFGFDD   -6.8320   -7.4983   -0.6663    0.4275
 5635 IGFGFDD   -6.8320   -7.4983   -0.6663    0.4275
 5636 IGFGFDK   -6.0240   -6.1974   -0.1734    0.4275
 5637 IGFGFDE   -6.3568   -7.3402   -0.9834    0.4275
 5638 IGFGFDE   -6.3568   -7.3402   -0.9834    0.4275
 5639 IGFGWED   -6.5644   -6.9667   -0.4023    0.4275
 5640 IGFGWKD   -6.1864   -5.7787    0.4077    0.4275
 5641 KGFGWID   -9.2022   -8.7945    0.4077    0.4275
 5642 KGFGWID   -9.2022   -8.7945    0.4077    0.4275
 5643 KGFGWID   -9.2022   -8.7945    0.4077    0.4275
 5644 KGFGWID   -9.2022   -8.7945    0.4077    0.4275
 5645 KGFGWID   -9.2022   -8.7945    0.4077    0.4275
 5646 KGFGWID   -9.2022   -8.7945    0.4077    0.4275
 5647 KGFGWID   -9.2022   -8.7945    0.4077    0.4275
 5648 KGFGIID   -7.8557   -8.2534   -0.3977    0.4275
 5649 KGFGIID   -7.8557   -8.2534   -0.3977    0.4275
 5650 KGFGIID   -6.7011   -7.0989   -0.3977    0.4275
 5651 KGFGWID   -6.9964   -6.5887    0.4077    0.4275
 5652 KGWGWVD   -8.4854   -8.3109    0.1746    0.4275
 5653 KGWGWVD   -8.4854   -8.3109    0.1746    0.4275
 5654 KGWGWVD   -8.4854   -8.3109    0.1746    0.4275
 5655 KGWGWVD   -8.4854   -8.3109    0.1746    0.4275
 5656 KGWGWVD   -8.4854   -8.3109    0.1746    0.4275
 5657 KGWGWVD   -8.4854   -8.3109    0.1746    0.4275
 5658 KGWGWVD   -8.4854   -8.3109    0.1746    0.4275
 5659 KGWGWVD   -8.4854   -8.3109    0.1746    0.4275
 5660 KGWGWVD   -8.4854   -8.3109    0.1746    0.4275
 5661 KGWGWVD   -8.4854   -8.3109    0.1746    0.4275
 5662 KGWGWVD   -8.4854   -8.3109    0.1746    0.4275
 5663 KGWGWVD   -8.4854   -8.3109    0.1746    0.4275
 5664 KGWGWVD   -8.4854   -8.3109    0.1746    0.4275
 5665 KGWGWVD   -8.4854   -8.3109    0.1746    0.4275
 5666 KGWGWVD   -8.4854   -8.3109    0.1746    0.4275
 5667 KGWGWVD   -8.4854   -8.3109    0.1746    0.4275
 5668 KGWGWVD   -8.4854   -8.3109    0.1746    0.4275
 5669 KGWGWVD   -8.4854   -8.3109    0.1746    0.4275
 5670 KGWGWVE   -7.4078   -7.5503   -0.1426    0.4275
 5671 KGWGWVE   -7.4078   -7.5503   -0.1426    0.4275
 5672 KGWGWVE   -7.4078   -7.5503   -0.1426    0.4275
 5673 KGWGWVE   -7.4078   -7.5503   -0.1426    0.4275
 5674 KGWGWVE   -7.4078   -7.5503   -0.1426    0.4275
 5675 KGWGWVE   -7.4078   -7.5503   -0.1426    0.4275
 5676 KGWGWVE   -7.4078   -7.5503   -0.1426    0.4275
 5677 KGWGWVD   -8.7062   -8.5316    0.1746    0.4275
 5678 KGWGWVD   -8.7062   -8.5316    0.1746    0.4275
 5679 KGWGWVD   -8.7062   -8.5316    0.1746    0.4275
 5680 KGWGWVD   -8.7062   -8.5316    0.1746    0.4275
 5681 KGWGWVD   -8.7062   -8.5316    0.1746    0.4275
 5682 KGWGWVD   -8.7062   -8.5316    0.1746    0.4275
 5683 KGWGWVD   -8.7062   -8.5316    0.1746    0.4275
 5684 KGMGWVD   -6.4597   -8.7394   -2.2797    0.4275
 5685 KWMGGVD   -7.6757  -10.0668   -2.3911    0.4275
 5686 MWKGGVD   -6.7338   -9.1249   -2.3911    0.4275
 5687 FIKGGVD   -5.9357   -7.8192   -1.8834    0.4275
 5688 KIFGGVD   -9.1877  -11.0712   -1.8834    0.4275
 5689 KIWGGVD  -11.8924  -12.9147   -1.0223    0.4275
 5690 KIWGGVD  -11.8924  -12.9147   -1.0223    0.4275
 5691 KFWGGID   -8.3535   -8.0572    0.2963    0.4275
 5692 KFWGGVD   -9.1631   -9.9611   -0.7980    0.4275
 5693 KFWGGVD   -9.1631   -9.9611   -0.7980    0.4275
 5694 KVWGGVD   -9.6207  -12.0173   -2.3966    0.4275
 5695 KVWGGVD   -9.6207  -12.0173   -2.3966    0.4275
 5696 KVWGGVD   -9.6207  -12.0173   -2.3966    0.4275
 5697 KVWGGVD   -9.6207  -12.0173   -2.3966    0.4275
 5698 KVWGGVD   -9.6207  -12.0173   -2.3966    0.4275
 5699 KVWGGVD   -9.6207  -12.0173   -2.3966    0.4275
 5700 KWWGGVD  -11.0355  -10.9723    0.0631    0.4275
 5701 KWWGGVD  -11.0355  -10.9723    0.0631    0.4275
 5702 KWWGGVD  -11.0355  -10.9723    0.0631    0.4275
 5703 KWWGGVD  -11.0355  -10.9723    0.0631    0.4275
 5704 KIWGGVD  -11.8897  -12.9120   -1.0223    0.4275
 5705 MIKGGVD   -7.8509  -11.3275   -3.4766    0.4275
 5706 MIKGGVD   -7.8509  -11.3275   -3.4766    0.4275
 5707 MIKGGVD   -7.8509  -11.3275   -3.4766    0.4275
 5708 MIKGGVD   -7.8509  -11.3275   -3.4766    0.4275
 5709 MIKGGVD   -7.8509  -11.3275   -3.4766    0.4275
 5710 MIKGGVD   -7.8509  -11.3275   -3.4766    0.4275
 5711 MIKGGVD   -7.8607  -11.3373   -3.4766    0.4275
 5712 MIKGGVD   -7.8607  -11.3373   -3.4766    0.4275
 5713 MMKGGVD   -5.7801  -10.6255   -4.8454    0.4275
 5714 MVKGGVD   -5.8812  -10.7320   -4.8509    0.4275
 5715 MMKGGVD   -5.9001  -10.7455   -4.8454    0.4275
 5716 MLKGGVD   -6.0138  -11.2801   -5.2663    0.4275
 5717 MIKGGVD   -8.0185  -11.4951   -3.4766    0.4275
 5718 KIMGGVD   -7.4203  -10.8969   -3.4766    0.4275
 5719 KFMGGVD   -6.8302  -10.0825   -3.2523    0.4275
 5720 KFFGGVD   -7.6372   -9.2963   -1.6591    0.4275
 5721 FFKGGVD   -6.4789   -8.1380   -1.6591    0.4275
 5722 FFKGGLD   -6.6849   -8.7594   -2.0746    0.4275
 5723 KFFGGVD   -8.0008   -9.6599   -1.6591    0.4275
 5724 KFFGGVE   -7.2892   -9.2655   -1.9763    0.4275
 5725 KFMGGVE   -7.1131  -10.6825   -3.5694    0.4275
 5726 KFMGGVE   -7.1131  -10.6825   -3.5694    0.4275
 5727 KFMGGVE   -7.1294  -10.6988   -3.5694    0.4275
 5728 KFMGGVE   -7.1294  -10.6988   -3.5694    0.4275
 5729 KFVGGEM   -4.8176   -8.3871   -3.5694    0.4275
 5730 KMVGGEM   -3.2547   -8.4172   -5.1626    0.4275
 5731 MMIGGEK   -6.8329  -10.8440   -4.0111    0.4275
 5732 MMIGGDK   -6.4440  -10.1380   -3.6940    0.4275
 5733 MFIGGDK   -7.9675  -10.0683   -2.1009    0.4275
 5734 DFIGGMD   -5.5928   -7.9637   -2.3709    0.4275
 5735 DFIGGME   -5.7841   -8.4721   -2.6880    0.4275
 5736 DFIGGVE   -5.9276   -8.6210   -2.6934    0.4275
 5737 DFIGGKV   -7.2474   -9.1308   -1.8834    0.4275
 5738 DFIGGKV   -7.2474   -9.1308   -1.8834    0.4275
 5739 DIIGGKV   -7.2576   -9.3653   -2.1077    0.4275
 5740 EIIGGKV   -6.9870   -9.4119   -2.4249    0.4275
 5741 DIGIGKF   -5.4727   -5.7590   -0.2863    0.4275
 5742 EKGIGIF   -5.2129   -6.0392   -0.8263    0.4275
 5743 EIGIGEF   -3.7698   -5.1832   -1.4134    0.4275
 5744 FIGIGDE   -5.7737   -7.0928   -1.3191    0.4275
 5745 FFGIGDE   -5.6995   -6.7943   -1.0949    0.4275
 5746 LFIGGDE   -6.4487   -9.7804   -3.3317    0.4275
 5747 EFIGGLE   -4.6592   -8.0852   -3.4260    0.4275
 5748 LFIGGKE   -8.0694  -10.9083   -2.8389    0.4275
 5749 EFIGGKL   -7.2059   -9.8220   -2.6160    0.4275
 5750 DFIGGLK   -5.9347   -8.2336   -2.2989    0.4275
 5751 KFIGGLD   -6.7404   -9.0392   -2.2989    0.4275
 5752 KFIGGIE   -6.9513   -7.7776   -0.8263    0.4275
 5753 KFIGGIE   -7.8400   -8.6663   -0.8263    0.4125
 5754 KIIGGFD   -7.8013   -8.3104   -0.5091    0.4125
 5755 KIIGGFD   -7.8013   -8.3104   -0.5091    0.4125
 5756 KIIGGVD   -7.4615   -9.5692   -2.1077    0.4125
 5757 KIFGGDV   -5.8496   -7.7330   -1.8834    0.4125
 5758 KFVGGEI   -4.6439   -6.8445   -2.2006    0.4125
 5759 KIFGGEI   -6.6742   -7.5005   -0.8263    0.4125
 5760 KIIGGDF   -6.7190   -7.2282   -0.5091    0.4125
 5761 KIIGGDF   -6.7190   -7.2282   -0.5091    0.4125
 5762 KIIGGDF   -6.7190   -7.2282   -0.5091    0.4125
 5763 KIFGGDI   -6.5490   -7.0582   -0.5091    0.4125
 5764 KFIGGDI   -8.7045   -9.2137   -0.5091    0.4125
 5765 KFIGGEI   -8.7794   -9.6057   -0.8263    0.4125
 5766 KFIGGEI   -8.7794   -9.6057   -0.8263    0.4125
 5767 KIIGGEF   -7.0609   -7.8872   -0.8263    0.4125
 5768 KIIGGEM   -6.5056   -8.9250   -2.4194    0.4125
 5769 KIIGGEM   -6.5056   -8.9250   -2.4194    0.4125
 5770 KFIGGEM   -6.7971   -8.9922   -2.1951    0.4125
 5771 KFIGGME   -6.5045   -8.6996   -2.1951    0.4125
 5772 KFIGGME   -6.5045   -8.6996   -2.1951    0.4125
 5773 KFIGGMD   -6.6674   -8.5454   -1.8780    0.4125
 5774 KIIGGME   -6.2168   -8.6362   -2.4194    0.4125
 5775 KIIGGMD   -6.4343   -8.5366   -2.1023    0.4125
 5776 KFIGGMD   -6.4783   -8.3563   -1.8780    0.4125
 5777 KFIGGVD   -6.6189   -8.5024   -1.8834    0.4125
 5778 KFFGGVD   -7.5188   -9.1779   -1.6591    0.4125
 5779 KIFGGVD   -7.3618   -9.2453   -1.8834    0.4125
 5780 KIFGGVD   -7.3618   -9.2453   -1.8834    0.4125
 5781 KIFGGVD   -7.3618   -9.2453   -1.8834    0.4125
 5782 KIFGGVE   -7.0361   -9.2366   -2.2006    0.4125
 5783 KFIGGVE   -6.8429   -9.0434   -2.2006    0.4125
 5784 KIFGGVE   -6.8538   -9.0544   -2.2006    0.4125
 5785 KIFGGVE   -6.8538   -9.0544   -2.2006    0.4125
 5786 KIWGGIE   -7.3593   -7.6844   -0.3251    0.4125
 5787 KIWGGEI   -7.5700   -7.8952   -0.3251    0.4125
 5788 KIWGGEI   -7.5700   -7.8952   -0.3251    0.4125
 5789 KIWGGEI   -7.5700   -7.8952   -0.3251    0.4125
 5790 KIIGGDW   -8.3934   -8.4014   -0.0080    0.4125
 5791 KIIGGDW   -8.3934   -8.4014   -0.0080    0.4125
 5792 KIIGGDW   -8.3934   -8.4014   -0.0080    0.4125
 5793 EIIGGDW   -4.8800   -5.6980   -0.8180    0.4125
 5794 DIIGGEW   -5.4118   -6.2298   -0.8180    0.4125
 5795 DIIGGEW   -5.4118   -6.2298   -0.8180    0.4125
 5796 DIIGGDW   -5.4400   -5.9409   -0.5009    0.4125
 5797 DIIGGDI   -5.9412   -7.1675   -1.2263    0.4125
 5798 DIIGGDI   -5.9412   -7.1675   -1.2263    0.4125
 5799 DIWGGDI   -6.2145   -6.7154   -0.5009    0.4125
 5800 EIWGGEI   -6.4126   -7.5478   -1.1351    0.4125
 5801 IIWGGDE   -5.9049   -6.9457   -1.0409    0.4125
 5802 IIWGGDE   -5.9049   -6.9457   -1.0409    0.4125
 5803 IIWGGDD   -7.0161   -7.7398   -0.7237    0.4125
 5804 IIWGGDD   -7.0161   -7.7398   -0.7237    0.4125
 5805 VIWGGDD   -8.5034  -10.2414   -1.7380    0.4125
 5806 VIWGGDK   -8.1672   -9.4124   -1.2451    0.4125
 5807 VIWGGKE   -6.8000   -8.3622   -1.5623    0.4125
 5808 VIWGGKD   -6.9333   -8.1785   -1.2451    0.4125
 5809 VIWGGKD   -6.9333   -8.1785   -1.2451    0.4125
 5810 VIWGGKD   -6.9333   -8.1785   -1.2451    0.4125
 5811 VIWGGED   -9.0362  -11.0913   -2.0551    0.4125
 5812 VIWGGEK   -8.7768  -10.3390   -1.5623    0.4125
 5813 VIWGGEK   -8.7754  -10.3376   -1.5623    0.4125
 5814 VKWGGEW   -9.5618   -9.7044   -0.1426    0.4125
 5815 KMWGGEW   -8.4178   -8.6663   -0.2486    0.4125
 5816 KMWGGEW   -8.4178   -8.6663   -0.2486    0.4125
 5817 KMWGGEV   -5.9325   -8.6408   -2.7083    0.4125
 5818 KMWGGEV   -5.9325   -8.6408   -2.7083    0.4125
 5819 KWMGGEV   -6.5880   -9.2962   -2.7083    0.4125
 5820 KWMGGEV   -6.5880   -9.2962   -2.7083    0.4125
 5821 KWMGGEM   -6.0595   -8.7624   -2.7029    0.4125
 5822 KWWGGEM   -8.8798   -9.1284   -0.2486    0.4125
 5823 KWWGGEM   -8.8798   -9.1284   -0.2486    0.4125
 5824 MWWGGED   -9.7211  -10.6854   -0.9643    0.4125
 5825 MWWGGDE   -9.2824  -10.2467   -0.9643    0.4125
 5826 MWWGGDD   -9.4538  -10.1009   -0.6471    0.4125
 5827 WWMGGDD   -7.1097   -7.7568   -0.6471    0.4125
 5828 WWMGGDD   -7.1097   -7.7568   -0.6471    0.4125
 5829 WWVGGDD   -6.9330   -7.5856   -0.6526    0.4125
 5830 LWVGGDD   -6.6995  -10.2273   -3.5277    0.4125
 5831 LWVGGDE   -6.5313  -10.3762   -3.8449    0.4125
 5832 VWVGGDE   -6.0553   -9.4847   -3.4294    0.4125
 5833 VWVGGDE   -6.0553   -9.4847   -3.4294    0.4125
 5834 VWVGGKE   -6.5056   -9.4421   -2.9366    0.4125
 5835 KWVGGVE   -7.8964  -10.6102   -2.7137    0.4125
 5836 KWIGGVE   -8.8610  -10.2005   -1.3394    0.4125
 5837 IWKGGVE   -8.5937   -9.9331   -1.3394    0.4125
 5838 IWKGGVE   -8.5937   -9.9331   -1.3394    0.4125
 5839 IWKGGVE   -8.5937   -9.9331   -1.3394    0.4125
 5840 MWKGGVD   -8.3366  -10.7278   -2.3911    0.4125
 5841 IWKGGVD   -9.0514  -10.0737   -1.0223    0.4125
 5842 KWIGGVD   -9.3016  -10.3239   -1.0223    0.4125
 5843 KWWGGVE  -13.2591  -13.5131   -0.2540    0.4125
 5844 KWWGGVE  -13.2591  -13.5131   -0.2540    0.4125
 5845 KWWGGVE  -12.8050  -13.0590   -0.2540    0.4125
 5846 KWWGGVE  -12.8050  -13.0590   -0.2540    0.4125
 5847 KWWGGVE  -12.8050  -13.0590   -0.2540    0.4125
 5848 KWWGGVD  -12.9579  -12.8947    0.0631    0.4125
 5849 KWWGGVD  -12.9579  -12.8947    0.0631    0.4125
 5850 KWWGGVD  -12.9579  -12.8947    0.0631    0.4125
 5851 KWWGGVE  -13.2164  -13.4704   -0.2540    0.4125
 5852 KWWGGVE  -13.2164  -13.4704   -0.2540    0.4125
 5853 KWWGGVE  -13.2164  -13.4704   -0.2540    0.4125
 5854 KWWGGVE  -13.2164  -13.4704   -0.2540    0.4125
 5855 KWWGGVE  -13.2164  -13.4704   -0.2540    0.4125
 5856 KIWGGVE  -11.1170  -12.4564   -1.3394    0.4125
 5857 KIWGGVD  -10.6335  -11.6558   -1.0223    0.4125
 5858 KIWGGVD  -10.6335  -11.6558   -1.0223    0.4125
 5859 KVWGGVD   -8.9905  -11.3871   -2.3966    0.4125
 5860 KWWGGVE  -11.0405  -11.2945   -0.2540    0.4125
 5861 KWWGGVE  -11.0405  -11.2945   -0.2540    0.4125
 5862 KWWGGVE  -11.0405  -11.2945   -0.2540    0.4125
 5863 EWWGGVK   -9.3467   -9.6007   -0.2540    0.4125
 5864 EWWGGVK   -9.3467   -9.6007   -0.2540    0.4125
 5865 DIWGGVK   -9.4974  -10.5196   -1.0223    0.4125
 5866 VKWGGDI   -5.7145   -6.6253   -0.9109    0.4125
 5867 VEVGGDW   -3.7015   -6.7967   -3.0951    0.4125
 5868 VEVGGKW   -3.5700   -6.1723   -2.6023    0.4125
 5869 VGFGKEV   -0.7330   -4.1964   -3.4634    0.4125
 5870 VGFGVEK   -1.0617   -4.5252   -3.4634    0.4125
 5871 FVIGKEG   -5.5863   -7.8983   -2.3120    0.4125
 5872 KVIGFEG   -7.1889   -9.2780   -2.0891    0.4125
 5873 EVIGVKG   -5.1021   -8.7898   -3.6877    0.4125
 5874 EIVGMKG   -4.5938   -8.2761   -3.6823    0.4125
 5875 DIMGMKM   -7.2695   -7.3352   -0.0657    0.4125
 5876 DIIGMKM   -7.9396   -8.1565   -0.2169    0.4125
 5877 EIIGMKM   -8.9134   -9.4474   -0.5340    0.4125
 5878 KVIGMEM  -11.2197  -11.6079   -0.3883    0.4125
 5879 KVIGMDF   -9.1241   -8.9621    0.1620    0.4125
 5880 KVIGMEF  -10.1744  -10.3296   -0.1551    0.4125
 5881 KVIGMEV  -11.9628  -12.3565   -0.3937    0.4125
 5882 MVIGKEV  -10.6388  -11.2554   -0.6166    0.4125
 5883 MEIGKVI   -9.6530  -10.1124   -0.4594    0.4125
 5884 MEVGEII   -6.5232   -7.7927   -1.2694    0.4125
 5885 MEVGKII   -7.7889   -8.2483   -0.4594    0.4125
 5886 MEVGKIV   -8.4852   -8.8789   -0.3937    0.4125
 5887 MEVGKIV   -8.7878   -9.1815   -0.3937    0.4125
 5888 MEVGKIV   -8.7878   -9.1815   -0.3937    0.4125
 5889 MEVGKLV   -7.9659  -10.1493   -2.1834    0.4125
 5890 MEVGKVL   -7.0188   -9.2022   -2.1834    0.4125
 5891 MDFGKVL   -5.5919   -6.6596   -1.0677    0.4125
 5892 MDFGKVA   -4.1585   -7.2868   -3.1283    0.4125
 5893 MDKGFVA   -5.0919   -8.4431   -3.3511    0.4125
 5894 MEKGFVA   -5.4555   -9.1238   -3.6683    0.4125
 5895 MDGMVKA   -2.3206   -7.0420   -4.7214    0.4125
 5896 MAGYVDD   -1.3619   -7.6253   -6.2634    0.4125
 5897 MAGYDVD   -1.2921   -7.3327   -6.0406    0.4125
 5898 MDGWEVA   -4.0677   -7.1449   -3.0771    0.4125
 5899 MAGWEDV   -5.7530   -8.9415   -3.1886    0.4125
 5900 MAGWEDV   -5.7530   -8.9415   -3.1886    0.4125
 5901 MYGWDEV   -5.3835   -6.1169   -0.7334    0.4125
 5902 MVGWDEY   -4.7800   -5.5134   -0.7334    0.4125
 5903 MVGWDEV   -6.6841   -7.2767   -0.5926    0.4125
 5904 MVGWKEV   -7.3263   -7.4260   -0.0997    0.4125
 5905 MVGWKEV   -7.3263   -7.4260   -0.0997    0.4125
 5906 MVGWKEY   -4.8401   -5.0806   -0.2406    0.4125
 5907 MVGWKEY   -4.8401   -5.0806   -0.2406    0.4125
 5908 MEGWKVI   -5.8329   -7.6469   -1.8140    0.4125
 5909 MVGIEEI   -7.2758   -8.6566   -1.3809    0.4125
 5910 MKGIEVI   -8.8499   -9.3093   -0.4594    0.4125
 5911 MKGIEVI   -8.8499   -9.3093   -0.4594    0.4125
 5912 MKGIEVI   -8.8499   -9.3093   -0.4594    0.4125
 5913 MKGIEVI   -8.8499   -9.3093   -0.4594    0.4125
 5914 MKGIEVI   -8.8499   -9.3093   -0.4594    0.4125
 5915 MVGIDEI   -9.1519  -10.2156   -1.0637    0.4125
 5916 MVGIEEI   -9.6430  -11.0239   -1.3809    0.4125
 5917 MIGMEKI   -8.4119   -9.0573   -0.6454    0.4125
 5918 MIGMDEI   -7.9758   -9.1141   -1.1383    0.4125
 5919 MIGMDEI   -8.1827   -9.3210   -1.1383    0.4125
 5920 MIGMDEI   -8.1311   -9.2694   -1.1383    0.4125
 5921 MIGMEKI   -8.7534   -9.3988   -0.6454    0.4125
 5922 MIGMEKI   -8.7534   -9.3988   -0.6454    0.4125
 5923 MIGMEEI   -8.9972  -10.4526   -1.4554    0.4125
 5924 MIGMEEI   -8.9972  -10.4526   -1.4554    0.4125
 5925 MIGMEEI   -8.9972  -10.4526   -1.4554    0.4125
 5926 MIGMEEV   -9.3022  -10.6119   -1.3097    0.4125
 5927 MIGMEEI   -8.5347   -9.9901   -1.4554    0.4125
 5928 MIGMEEI   -8.4735   -9.9289   -1.4554    0.4125
 5929 MIGIEEY   -6.6207   -7.4224   -0.8017    0.4125
 5930 MIGIEEY   -6.6207   -7.4224   -0.8017    0.4125
 5931 MIGIEEY   -6.6207   -7.4224   -0.8017    0.4125
 5932 MIGIEEI   -5.2988   -8.5053   -3.2066    0.4125
 5933 MIGMEEI   -7.3888   -8.8442   -1.4554    0.4125
 5934 MIGMEEW   -6.7660   -9.5760   -2.8100    0.4125
 5935 MAGVEEW   -5.1330   -8.6387   -3.5057    0.4125
 5936 MAGLEEW   -4.8025   -8.7236   -3.9211    0.4125
 5937 MEALKGW   -5.6141   -8.6138   -2.9997    0.4125
 5938 FDALKGW   -4.9420   -7.4314   -2.4894    0.4125
 5939 FADLKGW   -3.5626   -6.0520   -2.4894    0.4125
 5940 FKLEAGW   -4.2032   -6.8983   -2.6951    0.4125
 5941 FKLAEGW   -5.3425   -8.1491   -2.8066    0.4125
 5942 FKFAEGI   -8.0535   -8.5315   -0.4780    0.4125
 5943 FKFAEGI   -8.0535   -8.5315   -0.4780    0.4125
 5944 FKLAEGI   -7.8277  -10.3197   -2.4920    0.4125
 5945 FKLAEGI   -7.8277  -10.3197   -2.4920    0.4125
 5946 FKEALGI   -6.1825   -8.7859   -2.6034    0.4125
 5947 LKEAFGI   -5.2064   -7.8098   -2.6034    0.4125
 5948 LKEAFGI   -5.2064   -7.8098   -2.6034    0.4125
 5949 FKEALAI   -2.4046   -5.8583   -3.4537    0.4125
 5950 MKEAALV   -4.4949  -10.2760   -5.7811    0.4125
 5951 MKEAALV   -4.4949  -10.2760   -5.7811    0.4125
 5952 MKEAMVV   -8.4152  -10.4995   -2.0843    0.4125
 5953 MKEAMVV   -8.4152  -10.4995   -2.0843    0.4125
 5954 MKEAMVV   -8.4416  -10.5259   -2.0843    0.4211
 5955 MKEAMVV   -8.4416  -10.5259   -2.0843    0.4211
 5956 MKEGMVM   -6.6287   -8.6087   -1.9800    0.4211
 5957 MKEGMVM   -6.6287   -8.6087   -1.9800    0.4211
 5958 MKEGMVM   -6.6287   -8.6087   -1.9800    0.4211
 5959 MKMGEMV   -6.7331   -8.4903   -1.7571    0.4211
 5960 MKMGEMV   -6.7331   -8.4903   -1.7571    0.4211
 5961 MKMGEMV   -6.7331   -8.4903   -1.7571    0.4211
 5962 MKMGDIV   -7.5616   -7.6328   -0.0711    0.4211
 5963 MKWGDGV   -6.8640   -9.0323   -2.1683    0.4211
 5964 KMWGDGV   -7.2120   -9.4917   -2.2797    0.4211
 5965 KMWGDGV   -7.2120   -9.4917   -2.2797    0.4211
 5966 KLWGDGG   -3.0939   -9.1944   -6.1006    0.4211
 5967 KMWGDGG   -3.6212   -9.3010   -5.6797    0.4211
 5968 KLWGGGD   -3.1706   -9.3826   -6.2120    0.4211
 5969 KLIGFGD   -3.4219   -5.6094   -2.1874    0.4211
 5970 LIKGFGD   -4.8617   -7.0491   -2.1874    0.4211
 5971 LLIGKGD   -3.2381   -7.5510   -4.3129    0.4211
 5972 GYIGELD   -1.8302   -7.2470   -5.4169    0.4211
 5973 GWIGDLD   -7.8739   -9.6931   -1.8191    0.4211
 5974 GWIGDLE   -7.6130   -9.7493   -2.1363    0.4211
 5975 GWIGDLK   -7.3616   -8.6879   -1.3263    0.4211
 5976 GWIGDLK   -8.0653   -9.3915   -1.3263    0.4211
 5977 GWIGDLK   -8.0653   -9.3915   -1.3263    0.4211
 5978 GWIGDVK   -8.7019   -9.6128   -0.9109    0.4211
 5979 GWIGDVK   -8.7019   -9.6128   -0.9109    0.4211
 5980 GWIGEVK   -9.9051  -11.1331   -1.2280    0.4211
 5981 GKIGEVW   -9.9644  -11.1924   -1.2280    0.4211
 5982 GKIGEVW   -9.9644  -11.1924   -1.2280    0.4211
 5983 GKIGEVW   -9.9644  -11.1924   -1.2280    0.4211
 5984 GIKGEVW   -9.2742  -10.5022   -1.2280    0.4211
 5985 GIKGEVW   -9.2742  -10.5022   -1.2280    0.4211
 5986 GWWGEVK   -9.7629   -9.9055   -0.1426    0.4211
 5987 GWWGEVK   -9.7629   -9.9055   -0.1426    0.4211
 5988 GIWGEVK   -9.6384  -10.8664   -1.2280    0.4211
 5989 GWWGEVK   -9.7605   -9.9031   -0.1426    0.4211
 5990 GWWGEVE   -9.7475  -10.7000   -0.9526    0.4211
 5991 GWWGEVD   -9.9698  -10.6052   -0.6354    0.4211
 5992 GIWGEVE   -9.6380  -11.6760   -2.0380    0.4211
 5993 GIWGEVE   -9.6380  -11.6760   -2.0380    0.4211
 5994 GIWGELE   -7.2973   -9.7507   -2.4534    0.4211
 5995 GLWGEIE   -8.0371  -10.4906   -2.4534    0.4211
 5996 GKWGEIL   -8.5284  -10.1718   -1.6434    0.4211
 5997 GKWGEIF   -9.9582   -9.8676    0.0906    0.4211
 5998 AKWGEIF   -8.4784  -10.0553   -1.5769    0.4211
 5999 AKFGEMY   -4.6909   -8.9572   -4.2663    0.4211
 6000 AMFGEKL   -5.5064   -9.5901   -4.0837    0.4211
 6001 AMFGELD   -6.4394  -10.9045   -4.4651    0.4211
 6002 AMIGDVE   -6.2796  -10.5536   -4.2740    0.4211
 6003 AIIGDVD   -7.8039  -10.3919   -2.5880    0.4211
 6004 AVIGDVD   -6.9714  -10.9337   -3.9623    0.4211
 6005 AIIGDVD   -7.5568  -10.1448   -2.5880    0.4211
 6006 AIKGDVI   -8.0202  -10.1153   -2.0951    0.4211
 6007 AIKGDVF   -7.9690   -9.8399   -1.8709    0.4211
 6008 AIKGDVF   -7.9690   -9.8399   -1.8709    0.4211
 6009 FVKGEVV  -10.4904  -10.7767   -0.2863    0.4211
 6010 FVKGEVV  -10.4904  -10.7767   -0.2863    0.4211
 6011 FIKGEVV  -10.6808  -10.8728   -0.1920    0.4211
 6012 KVFGEVV   -8.9071   -9.1934   -0.2863    0.4211
 6013 KLFGDVV   -7.4407   -8.5452   -1.1046    0.4211
 6014 KLFGVVD   -8.5372   -9.6418   -1.1046    0.4211
 6015 KLFGVVE   -7.2481   -8.6698   -1.4217    0.4211
 6016 KLFGVVE   -7.2481   -8.6698   -1.4217    0.4211
 6017 FVKGLEV   -6.1479   -7.4582   -1.3103    0.4211
 6018 FWKGEVA   -5.5115   -6.6141   -1.1026    0.4211
 6019 FIKGDAV   -4.1165   -5.9873   -1.8709    0.4211
 6020 FIKGDAV   -7.0235   -8.8944   -1.8709    0.4211
 6021 IKIGIAD   -9.1738   -9.7832   -0.6094    0.4211
 6022 IKIGIAD   -9.1738   -9.7832   -0.6094    0.4211
 6023 IIKGIGD   -9.8355  -10.4575   -0.6220    0.4211
 6024 IIKGDGI  -10.3820  -11.0040   -0.6220    0.4211
 6025 IFKGGDI  -10.8842  -11.3933   -0.5091    0.4211
 6026 IFKGGDI  -10.8842  -11.3933   -0.5091    0.4211
 6027 IFKGGDI  -10.8842  -11.3933   -0.5091    0.4211
 6028 IFKGGDI  -10.8842  -11.3933   -0.5091    0.4211
 6029 IKWGGDI   -9.2583   -9.1549    0.1034    0.4211
 6030 IKWGGEI   -8.9827   -9.1964   -0.2137    0.4211
 6031 IKWGGEI   -8.9827   -9.1964   -0.2137    0.4211
 6032 IKIGGEI   -8.1479   -9.0870   -0.9391    0.4211
 6033 IKIGGEI   -8.1479   -9.0870   -0.9391    0.4211
 6034 IKIGGDI   -8.3015   -8.9235   -0.6220    0.4211
 6035 IKIGGDI   -8.3015   -8.9235   -0.6220    0.4211
 6036 IKFGGDI   -8.7530   -9.1507   -0.3977    0.4211
 6037 IIFGGKD   -8.0683   -8.8003   -0.7320    0.4211
 6038 IIFGGKD   -8.0683   -8.8003   -0.7320    0.4211
 6039 IDFGGDL   -2.9894   -5.6697   -2.6803    0.4211
 6040 IDFGGKL   -3.4859   -5.6733   -2.1874    0.4211
 6041 IDFGGKW   -5.5225   -5.1148    0.4077    0.4211
 6042 IKFGGDW   -7.9267   -7.5190    0.4077    0.4211
 6043 IWFGGDK   -7.4983   -7.4249    0.0734    0.4211
 6044 KWFGGDV   -7.1179   -7.9159   -0.7980    0.4211
 6045 KWVGGDV   -5.9317   -8.3283   -2.3966    0.4211
 6046 KWVGGDV   -5.9317   -8.3283   -2.3966    0.4211
 6047 KIVGGDV   -6.3882   -9.8702   -3.4820    0.4211
 6048 VKIGGDY   -5.1381   -9.3296   -4.1914    0.4211
 6049 IKIGGDY   -6.0098   -8.8269   -2.8171    0.4211
 6050 IGGIKDY   -3.7730   -6.7016   -2.9286    0.4211
 6051 IGGIKDV   -4.6740   -6.7817   -2.1077    0.4211
 6052 IGGIKDI   -5.9186   -6.6520   -0.7334    0.4211
 6053 IGGIKDF   -6.2361   -6.7453   -0.5091    0.4211
 6054 IGGIKDF   -6.2361   -6.7453   -0.5091    0.4211
 6055 IGGIKDF   -6.2361   -6.7453   -0.5091    0.4211
 6056 IGGIKDF   -5.6252   -6.1343   -0.5091    0.4211
 6057 IGGIKEI   -5.4291   -6.4796   -1.0506    0.4211
 6058 IGGIKEI   -5.4291   -6.4796   -1.0506    0.4211
 6059 EIGIGIK   -6.0318   -6.8595   -0.8277    0.4211
 6060 EIIGGIK   -6.9624   -8.0129   -1.0506    0.4211
 6061 KIIGGID  -11.5123  -12.2457   -0.7334    0.4211
 6062 KIIGGID  -11.5123  -12.2457   -0.7334    0.4211
 6063 KIIGGMD   -9.6550  -11.7573   -2.1023    0.4211
 6064 KIIGGMD   -9.6550  -11.7573   -2.1023    0.4211
 6065 KIIGGMD   -9.6550  -11.7573   -2.1023    0.4211
 6066 KIIGGMD   -9.6550  -11.7573   -2.1023    0.4211
 6067 KIIGGMD   -9.8815  -11.9837   -2.1023    0.4211
 6068 KIIGGMD   -9.8815  -11.9837   -2.1023    0.4211
 6069 KFIGGMD   -9.7887  -11.6667   -1.8780    0.4211
 6070 KIIGGMD   -9.4498  -11.5521   -2.1023    0.4211
 6071 KIIGGMD   -9.4498  -11.5521   -2.1023    0.4211
 6072 KIIGGMD   -9.4498  -11.5521   -2.1023    0.4211
 6073 KIIGGMD   -9.4498  -11.5521   -2.1023    0.4211
 6074 KIIGGLD   -9.2593  -11.7825   -2.5231    0.4211
 6075 KIIGGLD   -9.2593  -11.7825   -2.5231    0.4211
 6076 KIVGGLD   -7.6231  -11.5206   -3.8974    0.4211
 6077 KIVGGLD   -7.6231  -11.5206   -3.8974    0.4211
 6078 KFVGGMD   -7.8484  -11.1007   -3.2523    0.4211
 6079 KFMGGVD   -8.5619  -11.8142   -3.2523    0.4211
 6080 KFMGGVD   -8.5619  -11.8142   -3.2523    0.4211
 6081 KFWGGVD  -11.1344  -11.9324   -0.7980    0.4211
 6082 KFWGGVD  -11.1344  -11.9324   -0.7980    0.4211
 6083 KFWGGVD  -11.1344  -11.9324   -0.7980    0.4211
 6084 KFWGGVD  -11.1344  -11.9324   -0.7980    0.4211
 6085 KFWGGID  -11.2125  -10.9163    0.2963    0.4211
 6086 KFWGGID  -11.2125  -10.9163    0.2963    0.4211
 6087 KFWGGID  -11.2655  -10.9692    0.2963    0.4211
 6088 KFWGGIE  -10.1794  -10.2003   -0.0209    0.4211
 6089 KFWGGID  -11.7299  -11.4336    0.2963    0.4211
 6090 KFWGGID  -11.7299  -11.4336    0.2963    0.4211
 6091 KFWGGID  -11.7299  -11.4336    0.2963    0.4211
 6092 KFWGGID  -11.7299  -11.4336    0.2963    0.4211
 6093 KFWGGID  -11.7299  -11.4336    0.2963    0.4211
 6094 KFWGGID  -11.7299  -11.4336    0.2963    0.4211
 6095 KFWGGID  -11.7299  -11.4336    0.2963    0.4211
 6096 KFWGGID  -11.7299  -11.4336    0.2963    0.4211
 6097 KFWGGVD  -11.6194  -12.4174   -0.7980    0.4211
 6098 KFWGGVD  -11.6194  -12.4174   -0.7980    0.4211
 6099 KFFGGVD  -11.1058  -12.7649   -1.6591    0.4211
 6100 KFFGGVD  -11.1058  -12.7649   -1.6591    0.4211
 6101 KFFGGMD   -9.9728  -11.6265   -1.6537    0.4211
 6102 KFFGGMD   -9.9728  -11.6265   -1.6537    0.4211
 6103 KFFGGID  -10.6307  -10.9155   -0.2849    0.4211
 6104 KFFGGID  -10.6307  -10.9155   -0.2849    0.4211
 6105 KFFGGID  -10.6307  -10.9155   -0.2849    0.4211
 6106 KFFGGMD   -9.9800  -11.6337   -1.6537    0.4211
 6107 KFFGGID  -10.5515  -10.8364   -0.2849    0.4211
 6108 KFFGGID  -10.5515  -10.8364   -0.2849    0.4211
 6109 KFFGGVE   -9.6800  -11.6563   -1.9763    0.4211
 6110 KFFGGVE   -9.6800  -11.6563   -1.9763    0.4211
 6111 KFFGGVE   -9.6800  -11.6563   -1.9763    0.4211
 6112 KFFGGVE   -9.6800  -11.6563   -1.9763    0.4211
 6113 KFFGGVE   -9.6800  -11.6563   -1.9763    0.4211
 6114 KFFGGVE   -9.6800  -11.6563   -1.9763    0.4211
 6115 KFFGGME   -8.9873  -10.9582   -1.9709    0.4211
 6116 KFVGGME   -5.8430   -9.4124   -3.5694    0.4211
 6117 KFFGGME   -7.3536   -9.3245   -1.9709    0.4211
 6118 KFWGGME   -9.1224  -10.2322   -1.1097    0.4211
 6119 KFWGGME   -9.1224  -10.2322   -1.1097    0.4211
 6120 KFWGGMD  -10.4670  -11.2596   -0.7926    0.4211
 6121 KFWGGMD  -10.4670  -11.2596   -0.7926    0.4211
 6122 KFWGGMD  -10.4670  -11.2596   -0.7926    0.4211
 6123 KFWGGMD  -10.4670  -11.2596   -0.7926    0.4211
 6124 KFWGGMD  -10.4670  -11.2596   -0.7926    0.4211
 6125 KFWGGMD  -10.4670  -11.2596   -0.7926    0.4211
 6126 KFWGGMD  -10.4670  -11.2596   -0.7926    0.4211
 6127 KFWGGMD  -10.4670  -11.2596   -0.7926    0.4211
 6128 KFWGGMD  -10.4670  -11.2596   -0.7926    0.4211
 6129 KFWGGMD  -10.4670  -11.2596   -0.7926    0.4211
 6130 KFWGGMD  -10.4670  -11.2596   -0.7926    0.4211
 6131 KFWGGMD  -10.4670  -11.2596   -0.7926    0.4211
 6132 KFWGGMD  -10.4670  -11.2596   -0.7926    0.4211
 6133 KFWGGMD  -10.4670  -11.2596   -0.7926    0.4211
 6134 KFWGGMD  -10.4670  -11.2596   -0.7926    0.4211
 6135 KFWGGMD  -10.4670  -11.2596   -0.7926    0.4211
 6136 KFWGGMD  -10.4670  -11.2596   -0.7926    0.4211
 6137 KFIGGMD   -9.0062  -10.8842   -1.8780    0.4211
 6138 KIIGGMD   -8.6623  -10.7646   -2.1023    0.4211
 6139 KIIGGMD   -8.6623  -10.7646   -2.1023    0.4211
 6140 KIMGGFD   -6.8249   -8.7029   -1.8780    0.4211
 6141 KIMGGFD   -6.8249   -8.7029   -1.8780    0.4211
 6142 KIMGGFD   -6.8249   -8.7029   -1.8780    0.4211
 6143 KWMGGID   -8.0891   -9.1060   -1.0169    0.4211
 6144 KWMGGID   -8.0891   -9.1060   -1.0169    0.4211
 6145 KWIGGMD   -7.2198   -8.2366   -1.0169    0.4211
 6146 KWIGGMD   -7.2198   -8.2366   -1.0169    0.4211
 6147 KWWGGMD   -8.5882   -8.5196    0.0686    0.4211
 6148 KWWGGMD   -8.5882   -8.5196    0.0686    0.4211
 6149 KWWGGMD   -8.5882   -8.5196    0.0686    0.4211
 6150 KWWGGMD   -8.5882   -8.5196    0.0686    0.4211
 6151 KWMGGMD   -7.7131  -10.0988   -2.3857    0.4211
 6152 KWWGGMD   -8.7317   -8.6631    0.0686    0.4211
 6153 KWMGGMD   -8.0059  -10.3916   -2.3857    0.4211
 6154 KWMGGMD   -8.0059  -10.3916   -2.3857    0.4211
 6155 KWMGGMD   -7.9408  -10.3265   -2.3857    0.4460
 6156 KWLGGME   -1.8714   -4.9952   -3.1237    0.4460
 6157 KELGGMW   -1.0196   -4.2548   -3.2351    0.4460
 6158 KEFGGIL   -2.8691   -5.5965   -2.7274    0.4460
 6159 KLEGGIF   -2.8509   -5.4669   -2.6160    0.4460
 6160 KWEGGIF   -3.9407   -3.9616   -0.0209    0.4460
 6161 KFWGGID   -9.2865   -8.9903    0.2963    0.4460
 6162 KWWGGVD  -10.3462  -10.2831    0.0631    0.4460
 6163 KWWGGVD  -10.3462  -10.2831    0.0631    0.4460
 6164 KWFGGVD   -8.5660   -9.3640   -0.7980    0.4460
 6165 KWFGGVD   -8.5660   -9.3640   -0.7980    0.4460
 6166 KIFGGVD   -8.5238  -10.4072   -1.8834    0.4460
 6167 KIFGGVD   -8.5238  -10.4072   -1.8834    0.4460
 6168 KIIGGVD   -9.8854  -11.9931   -2.1077    0.4460
 6169 KIIGGVD   -9.8854  -11.9931   -2.1077    0.4460
 6170 KIIGGVD   -9.8854  -11.9931   -2.1077    0.4460
 6171 KIIGGVD   -9.8854  -11.9931   -2.1077    0.4460
 6172 KIIGGME   -6.9448   -9.3642   -2.4194    0.4460
 6173 KIIGGME   -6.9448   -9.3642   -2.4194    0.4460
 6174 KIIGGME   -6.9448   -9.3642   -2.4194    0.4460
 6175 KIIGGME   -6.9448   -9.3642   -2.4194    0.4460
 6176 KIWGGLE   -7.3914   -9.1463   -1.7549    0.4460
 6177 KIWGGLD   -9.4302  -10.8679   -1.4377    0.4460
 6178 KIWGGLD   -9.4302  -10.8679   -1.4377    0.4460
 6179 KIWGGLD   -9.4302  -10.8679   -1.4377    0.4460
 6180 KIWGGID   -9.7992   -9.8072   -0.0080    0.4460
 6181 KIFGGVD   -8.9567  -10.8401   -1.8834    0.4460
 6182 KMIGGVD   -8.3556  -11.8322   -3.4766    0.4460
 6183 KMYGGVD   -4.1102   -9.7819   -5.6717    0.4460
 6184 KIYGGVD   -6.0990  -10.4019   -4.3029    0.4460
 6185 KILGGVD   -8.5122  -12.4097   -3.8974    0.4460
 6186 KILGGVD   -8.9256  -12.8230   -3.8974    0.4460
 6187 KMMGGVD   -5.8787  -10.7242   -4.8454    0.4460
 6188 KMMGGVD   -5.8787  -10.7242   -4.8454    0.4460
 6189 KMLGGVD   -5.5397  -10.8059   -5.2663    0.4460
 6190 KLYGGVD   -5.0555  -11.1481   -6.0926    0.4460
 6191 KIIGGVD  -10.0355  -12.1432   -2.1077    0.4460
 6192 KIIGGVD  -10.0355  -12.1432   -2.1077    0.4460
 6193 KIIGGVD  -10.0355  -12.1432   -2.1077    0.4460
 6194 KIIGGMD   -9.3269  -11.4292   -2.1023    0.4460
 6195 KIIGGMD   -9.3269  -11.4292   -2.1023    0.4460
 6196 KIIGGMD   -9.3269  -11.4292   -2.1023    0.4460
 6197 KIIGGMD   -9.3269  -11.4292   -2.1023    0.4460
 6198 KIIGGMD   -9.3269  -11.4292   -2.1023    0.4460
 6199 KIIGGMD   -9.3269  -11.4292   -2.1023    0.4460
 6200 KIIGGMD   -9.3269  -11.4292   -2.1023    0.4460
 6201 KIIGGMD   -9.3269  -11.4292   -2.1023    0.4460
 6202 KIIGGVD  -10.0039  -12.1116   -2.1077    0.4460
 6203 KIGIGVD   -8.8024  -10.6873   -1.8849    0.4460
 6204 KIGMGVD   -7.5954  -10.8491   -3.2537    0.4460
 6205 KIGMGVD   -7.5954  -10.8491   -3.2537    0.4460
 6206 KIGMGVD   -7.5954  -10.8491   -3.2537    0.4460
 6207 KIGMGID   -8.2534  -10.1329   -1.8794    0.4460
 6208 KIGMGIE   -6.2078   -8.4044   -2.1966    0.4460
 6209 KIGMGYE   -2.2784   -6.6701   -4.3917    0.4460
 6210 KIGMGYE   -2.2784   -6.6701   -4.3917    0.4460
 6211 KWGMGEY   -4.5224   -7.8287   -3.3063    0.4460
 6212 KWGYGEL   -3.6444   -7.3716   -3.7271    0.4460
 6213 KWGYGEI   -3.5911   -5.5285   -1.9374    0.4460
 6214 KWGYGDI   -2.7596   -4.3799   -1.6203    0.4460
 6215 KWGYGDW   -5.0000   -5.5349   -0.5349    0.4460
 6216 KWGYGDW   -5.0000   -5.5349   -0.5349    0.4460
 6217 KWGMGEW   -8.2369   -8.2626   -0.0257    0.4460
 6218 KWGMGEV   -7.0401   -9.5255   -2.4854    0.4460
 6219 KWGLGEV   -7.0877   -9.9940   -2.9063    0.4460
 6220 KWGLGEV   -7.0877   -9.9940   -2.9063    0.4460
 6221 KWGIGDV   -7.9909   -8.7903   -0.7994    0.4460
 6222 KIGWGDV   -7.9060   -8.7055   -0.7994    0.4460
 6223 KIGWGDV   -7.9060   -8.7055   -0.7994    0.4460
 6224 KFGMGDV   -5.1416   -8.1711   -3.0294    0.4460
 6225 KWGLGDV   -7.4441  -10.0332   -2.5891    0.4460
 6226 KWGVGVD   -9.4256  -11.5993   -2.1737    0.4460
 6227 KWGVGVD   -9.4256  -11.5993   -2.1737    0.4460
 6228 KWGVGVD   -9.4256  -11.5993   -2.1737    0.4460
 6229 KWGVGVD   -9.4256  -11.5993   -2.1737    0.4460
 6230 KWGLGVD   -9.0889  -11.6781   -2.5891    0.4460
 6231 KWGMGVD   -9.1961  -11.3644   -2.1683    0.4460
 6232 KWGMGVD   -9.1961  -11.3644   -2.1683    0.4460
 6233 KWGMGVD   -9.1961  -11.3644   -2.1683    0.4460
 6234 KWGMGVD   -9.1961  -11.3644   -2.1683    0.4460
 6235 KWGMGVD   -9.1961  -11.3644   -2.1683    0.4460
 6236 KWGLGVD   -9.0977  -11.6869   -2.5891    0.4460
 6237 KWGLGVD   -9.0977  -11.6869   -2.5891    0.4460
 6238 KWGLGVD   -9.0977  -11.6869   -2.5891    0.4460
 6239 KWGLGVD   -9.0977  -11.6869   -2.5891    0.4460
 6240 KWGLGVD   -9.0977  -11.6869   -2.5891    0.4460
 6241 KWGLGVD   -9.0977  -11.6869   -2.5891    0.4460
 6242 KWGLGVD   -9.0977  -11.6869   -2.5891    0.4460
 6243 KWGIGLD  -10.5366  -11.7515   -1.2149    0.4460
 6244 KWGIGLD  -10.5366  -11.7515   -1.2149    0.4460
 6245 KWGIGID  -11.1623  -10.9475    0.2149    0.4460
 6246 KWGIGID  -11.1623  -10.9475    0.2149    0.4460
 6247 KWGIGID  -11.1623  -10.9475    0.2149    0.4460
 6248 KIGIGWD  -10.0451   -9.8303    0.2149    0.4460
 6249 KIGIGWD  -10.0451   -9.8303    0.2149    0.4460
 6250 KIGIGWD   -9.7348   -9.5199    0.2149    0.4460
 6251 KIGIGWD   -9.7348   -9.5199    0.2149    0.4460
 6252 KIGIGWD   -9.7348   -9.5199    0.2149    0.4460
 6253 KWGIGID  -10.0166   -9.8018    0.2149    0.4460
 6254 KWGIGID  -10.0166   -9.8018    0.2149    0.4460
 6255 KWGVGID   -8.8632   -9.6626   -0.7994    0.4460
 6256 KWGVGWD   -8.8382   -8.5522    0.2860    0.4460
 6257 KWGWGVD   -9.2639   -8.9779    0.2860    0.4460
 6258 KWGWGVD   -9.2639   -8.9779    0.2860    0.4460
 6259 KWGWGID   -7.0962   -8.2359   -1.1397    0.4460
 6260 KWGVGID   -8.8177   -9.6171   -0.7994    0.4460
 6261 KWGIGVD   -8.6211   -9.4205   -0.7994    0.4460
 6262 KWGIGVD   -8.6211   -9.4205   -0.7994    0.4460
 6263 KIGIGVD   -8.5220  -10.4068   -1.8849    0.4460
 6264 KIGIGVD   -8.5220  -10.4068   -1.8849    0.4460
 6265 KIGIGVD   -8.5220  -10.4068   -1.8849    0.4460
 6266 KIGIGVD   -8.5220  -10.4068   -1.8849    0.4460
 6267 KIGIGVD   -8.5220  -10.4068   -1.8849    0.4460
 6268 KIGIGVD   -8.5220  -10.4068   -1.8849    0.4460
 6269 KIGIGVD   -8.5220  -10.4068   -1.8849    0.4460
 6270 KIIGGVD  -10.2776  -12.3853   -2.1077    0.4460
 6271 KIIGGVD  -10.2595  -12.3672   -2.1077    0.4460
 6272 KIIGGID   -9.7887  -10.5221   -0.7334    0.4460
 6273 KIIGGLD   -9.8488  -12.3719   -2.5231    0.4460
 6274 KIIGGLD   -9.8488  -12.3719   -2.5231    0.4460
 6275 KIIGGLD   -9.8488  -12.3719   -2.5231    0.4460
 6276 KFIGGLD   -9.7275  -12.0264   -2.2989    0.4460
 6277 KFIGGLD   -9.7275  -12.0264   -2.2989    0.4460
 6278 KFIGGLD   -9.7275  -12.0264   -2.2989    0.4460
 6279 KFIGGLD   -9.7275  -12.0264   -2.2989    0.4460
 6280 KFIGGLD   -9.7275  -12.0264   -2.2989    0.4460
 6281 KFIGGLD   -9.7275  -12.0264   -2.2989    0.4460
 6282 KFIGGLD   -9.7275  -12.0264   -2.2989    0.4460
 6283 KFIGGLD   -9.7275  -12.0264   -2.2989    0.4460
 6284 KFIGGID   -9.7078  -10.2169   -0.5091    0.4460
 6285 KFIGGID   -9.7078  -10.2169   -0.5091    0.4460
 6286 KFIGGID   -9.7078  -10.2169   -0.5091    0.4460
 6287 KIFGGFD   -6.8711   -7.1560   -0.2849    0.4460
 6288 KIMGGFD   -6.7140   -8.5920   -1.8780    0.4460
 6289 KIGMGFD   -5.6430   -7.2981   -1.6551    0.4460
 6290 KMGFGID   -6.4143   -8.0694   -1.6551    0.4460
 6291 KMFGGID   -7.0336   -8.9116   -1.8780    0.4460
 6292 KMFGGID   -7.0336   -8.9116   -1.8780    0.4460
 6293 KMLGGID   -5.9423   -9.8343   -3.8920    0.4460
 6294 KMIGGID   -5.7991   -7.9014   -2.1023    0.4460
 6295 KIIGGMD   -7.8902   -9.9925   -2.1023    0.4460
 6296 KIIGGMD   -7.8902   -9.9925   -2.1023    0.4460
 6297 KMIGGID   -6.0659   -8.1682   -2.1023    0.4460
 6298 KILGGID   -8.3445  -10.8676   -2.5231    0.4460
 6299 KILGGID   -8.3445  -10.8676   -2.5231    0.4460
 6300 KIVGGID   -7.9468  -10.0545   -2.1077    0.4460
 6301 KIVGGVD   -8.5510  -12.0330   -3.4820    0.4460
 6302 KIVGGVD   -8.5510  -12.0330   -3.4820    0.4460
 6303 KIWGGVD  -10.3216  -11.3439   -1.0223    0.4460
 6304 KWWGGVD  -11.1165  -11.0534    0.0631    0.4460
 6305 KWWGGVD  -11.1165  -11.0534    0.0631    0.4460
 6306 KWWGGVD  -11.1165  -11.0534    0.0631    0.4460
 6307 KWWGGVD  -11.1165  -11.0534    0.0631    0.4460
 6308 KWWGGVD  -11.1165  -11.0534    0.0631    0.4460
 6309 KWWGGVD  -11.1165  -11.0534    0.0631    0.4460
 6310 KWWGGVD  -11.1165  -11.0534    0.0631    0.4460
 6311 KWWGGVD  -11.1165  -11.0534    0.0631    0.4460
 6312 KWWGGVD  -11.1165  -11.0534    0.0631    0.4460
 6313 KWWGGEV   -8.9616   -9.2156   -0.2540    0.4460
 6314 KWFGGEV   -8.3019   -9.4170   -1.1151    0.4460
 6315 KWFGGEV   -8.3019   -9.4170   -1.1151    0.4460
 6316 KWMGGEV   -7.9318  -10.6401   -2.7083    0.4460
 6317 KWWGGEM   -8.7582   -9.0068   -0.2486    0.4460
 6318 KWWGGME   -9.6456   -9.8942   -0.2486    0.4460
 6319 KWWGGME   -9.6456   -9.8942   -0.2486    0.4460
 6320 KWWGGMD  -10.8419  -10.7733    0.0686    0.4460
 6321 KWWGGMD  -10.8419  -10.7733    0.0686    0.4460
 6322 KWWGGMD  -10.8419  -10.7733    0.0686    0.4460
 6323 KWWGGMD  -10.8419  -10.7733    0.0686    0.4460
 6324 KWWGGMD  -10.8419  -10.7733    0.0686    0.4460
 6325 KWWGGMD  -10.8419  -10.7733    0.0686    0.4460
 6326 KWWGGMD  -10.8419  -10.7733    0.0686    0.4460
 6327 KWWGGMD  -10.8419  -10.7733    0.0686    0.4460
 6328 KWWGGMD  -10.8419  -10.7733    0.0686    0.4460
 6329 KWWGGMD  -10.8419  -10.7733    0.0686    0.4460
 6330 KWWGGMD  -10.8419  -10.7733    0.0686    0.4460
 6331 KWWGGMD  -10.8419  -10.7733    0.0686    0.4460
 6332 KWWGGMD  -10.8419  -10.7733    0.0686    0.4460
 6333 KWWGGME   -8.5688   -8.8173   -0.2486    0.4460
 6334 KWWGGID   -8.6493  -10.0118   -1.3626    0.4460
 6335 KWMGGID   -8.9619   -9.9788   -1.0169    0.4460
 6336 KWMGGID   -8.9619   -9.9788   -1.0169    0.4460
 6337 KWMGGID   -8.9619   -9.9788   -1.0169    0.4460
 6338 KWMGGLD   -8.1791  -10.9856   -2.8066    0.4460
 6339 KWMGGLD   -8.1791  -10.9856   -2.8066    0.4460
 6340 KWMGGLD   -8.1791  -10.9856   -2.8066    0.4460
 6341 KWMGGVD   -9.3399  -11.7311   -2.3911    0.4460
 6342 KWMGGVD   -9.3399  -11.7311   -2.3911    0.4460
 6343 KWMGGVD   -9.3399  -11.7311   -2.3911    0.4460
 6344 KWMGGVD   -9.3399  -11.7311   -2.3911    0.4460
 6345 KWMGGVD   -9.3399  -11.7311   -2.3911    0.4460
 6346 KWMGGVD   -9.3399  -11.7311   -2.3911    0.4460
 6347 KWVGGFD   -8.6974   -9.4954   -0.7980    0.4460
 6348 KWVGGFD   -8.6974   -9.4954   -0.7980    0.4460
 6349 KWVGGFD   -8.6974   -9.4954   -0.7980    0.4460
 6350 KVMGGFD   -6.8065  -10.0588   -3.2523    0.4460
 6351 WVKGGFD   -5.7739   -6.5719   -0.7980    0.4460
 6352 WVKGGFD   -5.7739   -6.5719   -0.7980    0.4460
 6353 IVKGGFE   -6.7657   -8.9662   -2.2006    0.4460
 6354 IVKGGFE   -6.7657   -8.9662   -2.2006    0.4460
 6355 IVKGGFD   -6.9246   -8.8081   -1.8834    0.4460
 6356 ILKGGMD   -6.2836  -10.1756   -3.8920    0.4460
 6357 ILKGGMD   -6.2250  -10.1170   -3.8920    0.4247
 6358 IKLGGMD   -5.4999   -9.2805   -3.7806    0.4247
 6359 LKIGGME   -5.1284   -9.2261   -4.0977    0.4247
 6360 LKIGGIE   -5.4215   -8.1504   -2.7289    0.4247
 6361 LKIGGIE   -5.4215   -8.1504   -2.7289    0.4247
 6362 IKIGGEI   -7.5942   -8.5333   -0.9391    0.4247
 6363 IKVGGEI   -6.6265   -8.9399   -2.3134    0.4247
 6364 VKWGGEI   -7.8194   -9.0474   -1.2280    0.4247
 6365 EKWGGIF   -9.2581   -9.3904   -0.1323    0.4247
 6366 EIKGGIF   -8.6788   -9.5051   -0.8263    0.4247
 6367 EIKGGII   -9.2465  -10.2971   -1.0506    0.4247
 6368 EIIGGKI  -10.4037  -11.4543   -1.0506    0.4247
 6369 DIIGGKI   -8.2306   -8.9641   -0.7334    0.4247
 6370 KIIGGEI   -7.9959   -9.0464   -1.0506    0.4247
 6371 KIIGGEI   -7.9959   -9.0464   -1.0506    0.4247
 6372 VWKGGEI   -9.3909  -10.7304   -1.3394    0.4247
 6373 VFKGGEI   -8.6938  -10.8943   -2.2006    0.4247
 6374 ELVGGKI   -7.0264  -11.2410   -4.2146    0.4247
 6375 EIVGGKL   -6.6735  -10.8880   -4.2146    0.4247
 6376 EIVGGKL   -6.6735  -10.8880   -4.2146    0.4247
 6377 EIVGGKW   -9.5520  -10.8915   -1.3394    0.4247
 6378 EIMGGKW   -9.5352  -10.8692   -1.3340    0.4247
 6379 EIMGGKW   -9.5352  -10.8692   -1.3340    0.4247
 6380 EFKGGMW   -5.3207   -6.4304   -1.1097    0.4247
 6381 EFMGGKW   -7.4548   -8.5645   -1.1097    0.4247
 6382 EFMGGKW   -7.4548   -8.5645   -1.1097    0.4247
 6383 EGMGWKW   -7.4164   -7.4421   -0.0257    0.4247
 6384 EGMGWKW   -7.4164   -7.4421   -0.0257    0.4247
 6385 EGMGWKW   -7.4164   -7.4421   -0.0257    0.4247
 6386 MGKGWEW   -6.9023   -6.9280   -0.0257    0.4247
 6387 MGKGWEW   -6.9023   -6.9280   -0.0257    0.4247
 6388 MGKGWDW   -6.3471   -6.0556    0.2914    0.4247
 6389 MWKGGDW   -7.8972   -7.8287    0.0686    0.4247
 6390 MWKGGDW   -7.8972   -7.8287    0.0686    0.4247
 6391 MIKGGDW   -7.1235   -8.1403   -1.0169    0.4247
 6392 IMKGGDW   -7.2227   -8.2396   -1.0169    0.4247
 6393 IKVGGDW   -8.0525   -8.9634   -0.9109    0.4247
 6394 IKVGGEW   -8.1829   -9.4109   -1.2280    0.4247
 6395 KIVGGEW   -8.4330   -9.7725   -1.3394    0.4247
 6396 KLVGGEW   -6.4802   -9.6094   -3.1291    0.4247
 6397 KWVGGEL   -5.8601   -8.9893   -3.1291    0.4247
 6398 EFVGGKW   -7.8716   -8.9867   -1.1151    0.4247
 6399 EFVGGKV   -6.1347   -9.7095   -3.5749    0.4247
 6400 VFKGGDV   -6.2516   -9.5093   -3.2577    0.4247
 6401 VFKGGDV   -6.2516   -9.5093   -3.2577    0.4247
 6402 KFVGGDV   -6.6374   -9.8952   -3.2577    0.4247
 6403 VFKGGDV   -6.2425   -9.5002   -3.2577    0.4247
 6404 LFKGGDV   -6.2309   -9.9040   -3.6731    0.4247
 6405 LFKGGDV   -6.2309   -9.9040   -3.6731    0.4247
 6406 KFFGGDL   -4.4508   -6.5254   -2.0746    0.4247
 6407 DFFGGKL   -2.4652   -4.5397   -2.0746    0.4247
 6408 DFFGGEL   -2.5008   -5.3854   -2.8846    0.4247
 6409 EFWGGDL   -4.4692   -6.4926   -2.0234    0.4247
 6410 DFVGGEW   -4.3008   -5.9088   -1.6080    0.4247
 6411 WVFGGED   -5.7241   -7.5549   -1.8309    0.4247
 6412 WVFGGED   -5.7241   -7.5549   -1.8309    0.4247
 6413 WVFGGED   -5.7241   -7.5549   -1.8309    0.4247
 6414 VVFGGED   -3.4361   -7.7267   -4.2906    0.4247
 6415 LWFGGDD   -5.7695   -7.6987   -1.9291    0.4247
 6416 LWFGGDD   -5.7695   -7.6987   -1.9291    0.4247
 6417 KWFGGDL   -6.5643   -7.7777   -1.2134    0.4247
 6418 KFWGGDL   -5.9246   -7.1381   -1.2134    0.4247
 6419 KFWGGDL   -5.9246   -7.1381   -1.2134    0.4247
 6420 KVWGGDL   -5.1645   -7.9765   -2.8120    0.4247
 6421 KFWGGDL   -5.6752   -6.8887   -1.2134    0.4247
 6422 KFWGGDL   -5.6752   -6.8887   -1.2134    0.4247
 6423 KFWGGDL   -5.6752   -6.8887   -1.2134    0.4247
 6424 KFWGGEL   -5.6435   -7.1741   -1.5306    0.4247
 6425 KFWGGEF   -5.2910   -5.0075    0.2834    0.4247
 6426 KVLGGEW   -4.6703   -7.7994   -3.1291    0.4247
 6427 KVLGGEW   -4.6703   -7.7994   -3.1291    0.4247
 6428 KWLGGEV   -4.8078   -7.9369   -3.1291    0.4247
 6429 KWFGGEV   -4.8607   -5.9759   -1.1151    0.4247
 6430 KWFGGEF   -4.2889   -4.0055    0.2834    0.4247
 6431 KWFGGEM   -4.7075   -5.8172   -1.1097    0.4247
 6432 KWFGGEM   -4.7075   -5.8172   -1.1097    0.4247
 6433 KMFGGEW   -4.1452   -5.2549   -1.1097    0.4247
 6434 KMLGGEW   -3.3023   -6.4260   -3.1237    0.4247
 6435 IGKGWEM   -7.0647   -8.1758   -1.1111    0.4247
 6436 IGKGWEM   -7.6234   -8.7346   -1.1111    0.4247
 6437 IGKGWEM   -7.6234   -8.7346   -1.1111    0.4247
 6438 IGKGWEM   -7.6234   -8.7346   -1.1111    0.4247
 6439 IGKGWEM   -7.6234   -8.7346   -1.1111    0.4247
 6440 IGKGWDM   -9.3915  -10.1855   -0.7940    0.4247
 6441 MGKGWDM   -7.4393   -9.6022   -2.1629    0.4247
 6442 MGKGWDI   -8.0422   -8.8362   -0.7940    0.4247
 6443 MGKGIDW   -6.1055   -6.8995   -0.7940    0.4247
 6444 VGKGFDW   -7.1171   -7.6922   -0.5751    0.4247
 6445 VWKGGDF   -9.1141   -9.9121   -0.7980    0.4247
 6446 IWKGGDF   -9.8558   -9.5595    0.2963    0.4247
 6447 IWKGGEF  -10.2995  -10.3204   -0.0209    0.4247
 6448 IWKGGEF  -10.2995  -10.3204   -0.0209    0.4247
 6449 VWKGGEF   -9.6432  -10.7583   -1.1151    0.4247
 6450 VWKGGEF   -9.6432  -10.7583   -1.1151    0.4247
 6451 VWKGGEF   -9.6432  -10.7583   -1.1151    0.4247
 6452 VWKGGEF   -9.6432  -10.7583   -1.1151    0.4247
 6453 VWKGGEF   -9.6432  -10.7583   -1.1151    0.4247
 6454 ELKGGVW   -4.8469   -7.9761   -3.1291    0.4247
 6455 VLKGGEW   -6.3726   -9.5018   -3.1291    0.4247
 6456 VFKGGDL   -7.8304  -11.5036   -3.6731    0.4247
 6457 VFKGGDF   -9.2901  -10.9492   -1.6591    0.4247
 6458 IFKGGEF  -10.9609  -11.5629   -0.6020    0.4247
 6459 IFKGGEF  -10.9609  -11.5629   -0.6020    0.4247
 6460 IFKGGEI  -11.3332  -12.1595   -0.8263    0.4247
 6461 IFKGGEI  -11.3332  -12.1595   -0.8263    0.4247
 6462 IFKGGEV   -9.8245  -12.0251   -2.2006    0.4247
 6463 IWKGGEM   -9.9766  -11.3106   -1.3340    0.4247
 6464 MWKGGEM   -9.1313  -11.8342   -2.7029    0.4247
 6465 MWKGGEM   -9.1313  -11.8342   -2.7029    0.4247
 6466 MWKGGEM   -9.1313  -11.8342   -2.7029    0.4247
 6467 MWKGGDW   -9.5765   -9.5079    0.0686    0.4247
 6468 MIKGGDI   -8.7377  -10.8400   -2.1023    0.4247
 6469 IIKGGDI   -9.3667  -10.1001   -0.7334    0.4247
 6470 IIKGGDI   -9.3667  -10.1001   -0.7334    0.4247
 6471 IWKGGEI  -12.1207  -12.4459   -0.3251    0.4247
 6472 IWKGGEI  -12.1207  -12.4459   -0.3251    0.4247
 6473 IWKGGEI  -12.1207  -12.4459   -0.3251    0.4247
 6474 IWKGGEF  -12.7125  -12.7333   -0.0209    0.4247
 6475 IWKGGEF  -12.7125  -12.7333   -0.0209    0.4247
 6476 IWKGGEF  -12.7125  -12.7333   -0.0209    0.4247
 6477 IWKGGEF  -12.7125  -12.7333   -0.0209    0.4247
 6478 IWKGGEW  -11.4205  -13.1003   -1.6797    0.4247
 6479 IWKGGEW  -11.4205  -13.1003   -1.6797    0.4247
 6480 IWKGGEW  -11.4205  -13.1003   -1.6797    0.4247
 6481 IWKGGEW  -11.4205  -13.1003   -1.6797    0.4247
 6482 IWKGGEV  -11.6321  -12.9715   -1.3394    0.4247
 6483 IWKGGEI  -12.0410  -12.3661   -0.3251    0.4247
 6484 IIKGGEI  -10.8765  -11.9270   -1.0506    0.4247
 6485 IIKGGEI  -10.8765  -11.9270   -1.0506    0.4247
 6486 IIKGGEF   -9.6338  -10.4601   -0.8263    0.4247
 6487 IKGIGDF   -7.2111   -7.4974   -0.2863    0.4247
 6488 IKGIGDM   -7.6447   -9.5241   -1.8794    0.4247
 6489 IMGIGDE   -6.5193   -9.4316   -2.9123    0.4247
 6490 IMGIGDE   -6.5193   -9.4316   -2.9123    0.4247
 6491 IWGIGDE   -9.7301  -10.5481   -0.8180    0.4247
 6492 IWGIGEE   -9.7486  -10.8837   -1.1351    0.4247
 6493 IWGIGDE   -9.7021  -10.5201   -0.8180    0.4247
 6494 IWGLGEE   -8.3185  -10.8833   -2.5649    0.4247
 6495 IWGLGEE   -8.3185  -10.8833   -2.5649    0.4247
 6496 IWGLGED   -8.0962  -10.3439   -2.2477    0.4247
 6497 IWGLGED   -8.0962  -10.3439   -2.2477    0.4247
 6498 IWGLGED   -8.0962  -10.3439   -2.2477    0.4247
 6499 LWGIGEE   -7.6996  -10.2644   -2.5649    0.4247
 6500 LWGIGEE   -7.6996  -10.2644   -2.5649    0.4247
 6501 IWGIGKE   -7.7582   -8.0833   -0.3251    0.4247
 6502 IWGIGEE   -8.8473   -9.9824   -1.1351    0.4247
 6503 IWGIGEK   -8.5337   -8.8589   -0.3251    0.4247
 6504 IWGKGEI   -8.2378   -8.4516   -0.2137    0.4247
 6505 IWGIGEK   -8.5465   -8.8716   -0.3251    0.4247
 6506 IWGIGDK   -9.0822   -9.0902   -0.0080    0.4247
 6507 IWGIGDK   -9.0822   -9.0902   -0.0080    0.4247
 6508 IWGIGDK   -9.0711   -9.0791   -0.0080    0.4247
 6509 IWGIGDK   -9.0711   -9.0791   -0.0080    0.4247
 6510 IWGKGEI   -8.2119   -8.4257   -0.2137    0.4247
 6511 MWGKGEI   -6.9537   -8.1763   -1.2226    0.4247
 6512 IWGIGEK   -8.2248   -8.5500   -0.3251    0.4247
 6513 IWGIGEE   -8.9584  -10.0936   -1.1351    0.4247
 6514 IWGIGKE   -7.4617   -7.7868   -0.3251    0.4247
 6515 KWGIGIE   -7.9227   -8.0249   -0.1023    0.4247
 6516 KWGIGIE   -7.9227   -8.0249   -0.1023    0.4247
 6517 KWGVGIE   -7.1816   -8.2982   -1.1166    0.4247
 6518 IWGVGEE   -6.4410   -8.5904   -2.1494    0.4247
 6519 VWGMGED   -7.1505  -10.3517   -3.2011    0.4247
 6520 VWGWGED   -8.4432   -9.1901   -0.7469    0.4247
 6521 VWGWGED   -8.4432   -9.1901   -0.7469    0.4247
 6522 VWGWGED   -8.4432   -9.1901   -0.7469    0.4247
 6523 VWGWGED   -8.4432   -9.1901   -0.7469    0.4247
 6524 VWGWGED   -8.4432   -9.1901   -0.7469    0.4247
 6525 VWGWGED   -8.4432   -9.1901   -0.7469    0.4247
 6526 VWGWGDD   -8.3221   -8.7519   -0.4297    0.4247
 6527 VWGWGDD   -8.3221   -8.7519   -0.4297    0.4247
 6528 VWGWGDD   -8.3221   -8.7519   -0.4297    0.4247
 6529 VWGWGDD   -8.3221   -8.7519   -0.4297    0.4247
 6530 VWGWGDE   -8.4544   -9.2012   -0.7469    0.4247
 6531 VWGIGDE   -8.7654  -10.5977   -1.8323    0.4247
 6532 VWGEGKM   -5.1179   -7.7147   -2.5969    0.4247
 6533 AWGEGKV   -1.3418   -7.2201   -5.8783    0.4247
 6534 AWGVGED   -4.1123  -10.5948   -6.4826    0.4247
 6535 AWGFGEE   -3.6882   -8.8893   -5.2011    0.4247
 6536 FWGVGEE   -5.6466   -7.5717   -1.9251    0.4247
 6537 FWGVGKD   -4.8473   -5.6453   -0.7980    0.4247
 6538 FWGVGDD   -6.6228   -7.9136   -1.2909    0.4247
 6539 FWGVGED   -6.6574   -8.2654   -1.6080    0.4247
 6540 FWGVGED   -6.6574   -8.2654   -1.6080    0.4247
 6541 FWGFGDD   -6.3613   -6.2536    0.1077    0.4247
 6542 MWGFGDD   -6.6227   -7.9081   -1.2854    0.4247
 6543 MWGFGDD   -6.5881   -7.8736   -1.2854    0.4247
 6544 MWGMGDD   -6.6038   -9.4824   -2.8786    0.4247
 6545 MWGMGED   -6.4620   -9.6577   -3.1957    0.4247
 6546 MWGMGDE   -5.7492   -8.9449   -3.1957    0.4247
 6547 LWGMGDE   -5.0304   -8.6469   -3.6166    0.4247
 6548 LWGIGDD   -6.8654   -8.7960   -1.9306    0.4247
 6549 IWGIGDD   -9.0504   -9.5512   -0.5009    0.4247
 6550 KWGIGDI   -8.1955   -7.9806    0.2149    0.4247
 6551 KWGIGDI   -8.1955   -7.9806    0.2149    0.4247
 6552 KIGIGDW   -8.5086   -8.2937    0.2149    0.4247
 6553 KIGIGDW   -8.5086   -8.2937    0.2149    0.4247
 6554 KIGIGDW   -8.5086   -8.2937    0.2149    0.4247
 6555 KLIGGDW   -7.9544   -9.3922   -1.4377    0.4247
 6556 KLIGGDW   -7.9544   -9.3922   -1.4377    0.4247
 6557 KIIGGDW   -9.5834   -9.5914   -0.0080    0.4247
 6558 KIIGGDW   -9.5834   -9.5914   -0.0080    0.4247
 6559 KIIGGDW   -9.5834   -9.5914   -0.0080    0.4247
 6560 KIIGGEW   -9.9541  -10.2792   -0.3251    0.4247
 6561 KIIGGEW   -9.3891   -9.7143   -0.3251    0.4276
 6562 KIGIGEW   -9.2794   -9.3817   -0.1023    0.4276
 6563 KIGIGEM   -6.1121   -8.3086   -2.1966    0.4276
 6564 KIGIGEL   -6.9566   -9.5740   -2.6174    0.4276
 6565 KIGIGEV   -8.1869  -10.3889   -2.2020    0.4276
 6566 KIGIGEV   -8.1869  -10.3889   -2.2020    0.4276
 6567 KIMIGEV   -5.4988   -6.0696   -0.5709    0.4276
 6568 KIMVGEM   -7.5109   -8.0106   -0.4997    0.4276
 6569 KIMVGEW   -7.2821   -9.2076   -1.9254    0.4276
 6570 MIKVGEW   -8.5472  -10.3612   -1.8140    0.4276
 6571 MIKVGEW   -8.5472  -10.3612   -1.8140    0.4276
 6572 MVKVGEW   -9.4414   -9.4297    0.0117    0.4276
 6573 MWKVGEV   -9.6467   -9.6350    0.0117    0.4276
 6574 MWKVGEV   -9.6467   -9.6350    0.0117    0.4276
 6575 YWKVGEM   -6.7628   -6.8919   -0.1291    0.4276
 6576 YLKVGEY   -3.5318   -7.3623   -3.8306    0.4276
 6577 YEKVGVY   -1.3398   -4.8664   -3.5266    0.4276
 6578 YKEVGVY   -2.2917   -5.8182   -3.5266    0.4276
 6579 FKEVGYF   -4.5532   -4.0617    0.4914    0.4276
 6580 FKEVGFG   -4.3524   -6.2173   -1.8649    0.4276
 6581 FEKVGFV   -4.4520   -4.3398    0.1123    0.4276
 6582 FEKVGIV   -3.6300   -3.8220   -0.1920    0.4276
 6583 FEKIGVV   -4.7849   -4.9769   -0.1920    0.4276
 6584 FEKIGVV   -4.7849   -4.9769   -0.1920    0.4276
 6585 FVKIGEV   -4.8133   -4.8939   -0.0806    0.4276
 6586 FVKIGEV   -4.8133   -4.8939   -0.0806    0.4276
 6587 FVVIGEK   -3.5699   -3.9848   -0.4149    0.4276
 6588 FIVEGVK   -6.8490   -7.0409   -0.1920    0.4276
 6589 FIVEGVE   -8.3244   -9.3264   -1.0020    0.4276
 6590 FIVEGAE   -5.6592   -8.6572   -2.9980    0.4276
 6591 FIVEGAD   -6.7913   -9.4722   -2.6809    0.4276
 6592 VIIEGAD   -7.7748  -10.6800   -2.9051    0.4276
 6593 VEIIGAD   -7.0055   -9.7992   -2.7937    0.4276
 6594 FEIIGAD   -7.1171   -8.3122   -1.1951    0.4276
 6595 FDIIGAD   -6.0465   -6.9245   -0.8780    0.4276
 6596 LKIIGAD   -9.5327  -11.9319   -2.3991    0.4276
 6597 LKIIGGD   -9.0398  -11.5629   -2.5231    0.4276
 6598 LKIIGGD   -9.0398  -11.5629   -2.5231    0.4276
 6599 LKIIGGD   -8.9490  -11.4721   -2.5231    0.4276
 6600 KVIIGGD   -9.8612  -12.0803   -2.2191    0.4276
 6601 KVIIGGD   -9.8612  -12.0803   -2.2191    0.4276
 6602 KVIIGGD   -9.8612  -12.0803   -2.2191    0.4276
 6603 KVIIGGD   -9.8612  -12.0803   -2.2191    0.4276
 6604 KVIIGGD   -9.8612  -12.0803   -2.2191    0.4276
 6605 KIIVGGD  -10.5229  -12.7420   -2.2191    0.4276
 6606 KIVIGGD  -10.9551  -13.1742   -2.2191    0.4276
 6607 KIIVGGD  -11.2079  -13.4270   -2.2191    0.4276
 6608 KIIVGGD  -11.2079  -13.4270   -2.2191    0.4276
 6609 KIIVGGD  -11.2079  -13.4270   -2.2191    0.4276
 6610 KFIVGGD  -10.6083  -12.6032   -1.9949    0.4276
 6611 KFIVGGD  -10.6083  -12.6032   -1.9949    0.4276
 6612 KFIVGGD  -10.6083  -12.6032   -1.9949    0.4276
 6613 KFVVGGD   -9.4576  -12.8267   -3.3691    0.4276
 6614 KFWVGGD   -7.2883   -8.1977   -0.9094    0.4276
 6615 KFFVGGD   -8.5579  -10.3285   -1.7706    0.4276
 6616 KFVVGGD   -8.9797  -12.3488   -3.3691    0.4276
 6617 KIVVGGD   -9.1974  -12.7908   -3.5934    0.4276
 6618 KIVIGGD  -10.6078  -12.8270   -2.2191    0.4276
 6619 KIVIGGD  -10.6078  -12.8270   -2.2191    0.4276
 6620 KIVIGGD  -10.6078  -12.8270   -2.2191    0.4276
 6621 KIIVGGD  -11.6894  -13.9085   -2.2191    0.4276
 6622 KIWVGGD   -6.0908   -7.2245   -1.1337    0.4276
 6623 KWYVGGD   -5.0674   -8.3962   -3.3289    0.4276
 6624 KWMVGGD   -8.6761  -11.1787   -2.5026    0.4276
 6625 KWMVGGD   -8.6761  -11.1787   -2.5026    0.4276
 6626 KWMVGGD   -8.6761  -11.1787   -2.5026    0.4276
 6627 KWMVGGD   -8.6761  -11.1787   -2.5026    0.4276
 6628 KWMVGGE   -7.8096  -10.6294   -2.8197    0.4276
 6629 KWMVGGD   -8.8592  -11.3617   -2.5026    0.4276
 6630 KWMIGGD   -6.2120   -7.3403   -1.1283    0.4276
 6631 KWMIGGD   -6.2120   -7.3403   -1.1283    0.4276
 6632 KWMIGGD   -6.2120   -7.3403   -1.1283    0.4276
 6633 KWFIGGD   -8.3159   -8.1310    0.1849    0.4276
 6634 KWLIGGD   -7.8920   -9.4411   -1.5491    0.4276
 6635 KILIGGD   -9.6951  -12.3297   -2.6346    0.4276
 6636 KILIGGD   -9.6951  -12.3297   -2.6346    0.4276
 6637 KIILGGD  -10.4120  -13.0466   -2.6346    0.4276
 6638 KIILGGD  -10.4120  -13.0466   -2.6346    0.4276
 6639 KIILGGD  -10.4120  -13.0466   -2.6346    0.4276
 6640 KIILGGD  -10.4120  -13.0466   -2.6346    0.4276
 6641 KIILGGD  -10.4120  -13.0466   -2.6346    0.4276
 6642 KIILGGD  -10.4120  -13.0466   -2.6346    0.4276
 6643 KIILGGD  -10.4120  -13.0466   -2.6346    0.4276
 6644 KIIMGGD  -10.5637  -12.7774   -2.2137    0.4276
 6645 KIIIGGD  -12.3417  -13.1865   -0.8449    0.4276
 6646 KIIIGGD  -12.3417  -13.1865   -0.8449    0.4276
 6647 KIIIGGD  -12.3417  -13.1865   -0.8449    0.4276
 6648 KIIIGGD  -12.3417  -13.1865   -0.8449    0.4276
 6649 KIIIGGD  -12.3417  -13.1865   -0.8449    0.4276
 6650 KIIIGGD  -12.3417  -13.1865   -0.8449    0.4276
 6651 KIIIGGD  -12.3417  -13.1865   -0.8449    0.4276
 6652 KIIIGGD  -12.3417  -13.1865   -0.8449    0.4276
 6653 KIIIGGD  -12.3417  -13.1865   -0.8449    0.4276
 6654 KIIIGGD  -12.3417  -13.1865   -0.8449    0.4276
 6655 KIIIGGD  -12.3417  -13.1865   -0.8449    0.4276
 6656 KIIIGGD  -12.3417  -13.1865   -0.8449    0.4276
 6657 KIIIGGD  -12.3673  -13.2122   -0.8449    0.4276
 6658 KIIIGGD  -12.3673  -13.2122   -0.8449    0.4276
 6659 KIIIGGE  -10.9078  -12.0698   -1.1620    0.4276
 6660 KIIIGGE  -10.9078  -12.0698   -1.1620    0.4276
 6661 IKIIGGD  -10.3854  -11.1188   -0.7334    0.4276
 6662 IKIIGGD  -10.3854  -11.1188   -0.7334    0.4276
 6663 IKIIGGD  -10.3854  -11.1188   -0.7334    0.4276
 6664 IKIIGGD  -10.3854  -11.1188   -0.7334    0.4276
 6665 IKIVGGD   -9.6190  -11.7267   -2.1077    0.4276
 6666 IKIVGGD   -9.6190  -11.7267   -2.1077    0.4276
 6667 IKIVGGD   -9.6190  -11.7267   -2.1077    0.4276
 6668 IKIVGGD   -9.6190  -11.7267   -2.1077    0.4276
 6669 MKIVGGD   -9.1380  -12.6146   -3.4766    0.4276
 6670 MKIVGGD   -9.1380  -12.6146   -3.4766    0.4276
 6671 MKVIGGD   -8.5302  -12.0068   -3.4766    0.4276
 6672 IKVIGGD   -9.1843  -11.2920   -2.1077    0.4276
 6673 IIIKGGD   -9.2907  -10.1356   -0.8449    0.4276
 6674 IKIIGGE  -10.7181  -11.7686   -1.0506    0.4276
 6675 IKIIGGD  -10.5070  -11.2404   -0.7334    0.4276
 6676 LKIIGGD   -9.1173  -11.6405   -2.5231    0.4276
 6677 LIIKGGD   -8.2724  -10.9070   -2.6346    0.4276
 6678 KLIIGGD   -8.8020  -11.4365   -2.6346    0.4276
 6679 KVIIGGE   -9.5163  -12.0526   -2.5363    0.4276
 6680 KVIIGGE   -9.6252  -12.1615   -2.5363    0.4276
 6681 KVIIGGE   -9.6252  -12.1615   -2.5363    0.4276
 6682 KIIIGGE  -11.7571  -12.9191   -1.1620    0.4276
 6683 KIIIGGE  -11.7571  -12.9191   -1.1620    0.4276
 6684 IIKIGGD  -10.1267  -10.8601   -0.7334    0.4276
 6685 IKIIGGE  -11.8652  -12.9158   -1.0506    0.4276
 6686 IKIIEGG  -11.1757  -12.2263   -1.0506    0.4276
 6687 WKIIEGG  -11.7458  -12.0709   -0.3251    0.4276
 6688 WKIIEGG  -11.7458  -12.0709   -0.3251    0.4276
 6689 WKIIEGG  -11.7458  -12.0709   -0.3251    0.4276
 6690 WKIIDGG  -11.2412  -11.2492   -0.0080    0.4276
 6691 WKIIDGG  -11.2412  -11.2492   -0.0080    0.4276
 6692 WKIIDGG  -11.2412  -11.2492   -0.0080    0.4276
 6693 WKIIEGG  -11.5632  -11.8884   -0.3251    0.4276
 6694 WKIMEGG  -10.6660  -12.0000   -1.3340    0.4276
 6695 WEVVKGG   -7.6574  -10.3711   -2.7137    0.4276
 6696 WEVVKGG   -7.6574  -10.3711   -2.7137    0.4276
 6697 WKIVEGG  -10.9143  -12.2537   -1.3394    0.4276
 6698 WKIVEGG  -10.9143  -12.2537   -1.3394    0.4276
 6699 WKIVEGG  -10.9143  -12.2537   -1.3394    0.4276
 6700 WKIVEGG  -10.9143  -12.2537   -1.3394    0.4276
 6701 WEIVKGG   -7.9287   -9.2681   -1.3394    0.4276
 6702 WEIVKGG   -7.9287   -9.2681   -1.3394    0.4276
 6703 WEIVKGG   -7.9287   -9.2681   -1.3394    0.4276
 6704 WEIVKGG   -7.9287   -9.2681   -1.3394    0.4276
 6705 IEIVKGG   -6.8900   -9.3149   -2.4249    0.4276
 6706 IEIVKGG   -6.8900   -9.3149   -2.4249    0.4276
 6707 IEIVKGG   -6.8900   -9.3149   -2.4249    0.4276
 6708 IEIVKGG   -6.8900   -9.3149   -2.4249    0.4276
 6709 VEIIKGG   -6.1391   -8.5639   -2.4249    0.4276
 6710 VEIIKGV   -8.3262   -8.7111   -0.3849    0.4276
 6711 VEVLKGI   -8.2615   -9.8761   -1.6146    0.4276
 6712 VEILKGV   -7.8655   -9.4801   -1.6146    0.4276
 6713 VEIIKGV   -8.1389   -8.5238   -0.3849    0.4276
 6714 VEIIKGV   -8.1389   -8.5238   -0.3849    0.4276
 6715 IEVLKGV   -8.6151  -10.2297   -1.6146    0.4276
 6716 IEKLVGV   -5.4151   -7.1411   -1.7260    0.4276
 6717 IDMLVGK   -6.3814   -7.8648   -1.4834    0.4276
 6718 MDMLLGE   -4.3503   -7.9480   -3.5977    0.4276
 6719 MDMLLGK   -5.0886   -7.8763   -2.7877    0.4276
 6720 DMMLLGK   -5.0952   -7.9944   -2.8991    0.4276
 6721 DMMLLGR   -2.6970   -8.9601   -6.2631    0.4276
 6722 RMMLLGD   -2.9790   -9.2421   -6.2631    0.4276
 6723 RMMLLGD   -2.9790   -9.2421   -6.2631    0.4276
 6724 DMMLMGD   -4.1805   -6.7517   -2.5711    0.4276
 6725 MMMLDGD   -5.9083   -8.4794   -2.5711    0.4276
 6726 MMMLDGD   -5.9083   -8.4794   -2.5711    0.4276
 6727 MDMLMGD   -6.4697   -8.9294   -2.4597    0.4276
 6728 MEMLMGD   -5.0244   -7.8013   -2.7769    0.4276
 6729 MEMLLGD   -4.0479   -7.6456   -3.5977    0.4276
 6730 MELLMGD   -5.4581   -9.0558   -3.5977    0.4276
 6731 MDLLMGD   -5.9793   -9.2599   -3.2806    0.4276
 6732 MDLLMGD   -5.9793   -9.2599   -3.2806    0.4276
 6733 MELLVGD   -7.4593  -10.9825   -3.5231    0.4276
 6734 MELLVGD   -7.4593  -10.9825   -3.5231    0.4276
 6735 LKLMVGD   -8.6910  -11.4041   -2.7131    0.4276
 6736 LKVMVGD   -7.2601   -9.2378   -1.9777    0.4276
 6737 VLKVVGE   -6.7124   -9.0126   -2.3003    0.4276
 6738 YWKEVGV   -5.0008   -5.2468   -0.2460    0.4276
 6739 YWKVVGE   -5.1283   -5.3743   -0.2460    0.4276
 6740 VWKVYGD   -4.4295   -4.3584    0.0711    0.4276
 6741 VWRVVGD   -4.1797   -7.2517   -3.0720    0.4276
 6742 VWKVVGD   -9.4373   -9.1453    0.2920    0.4276
 6743 VKWVVGE   -7.7985   -7.8236   -0.0251    0.4276
 6744 WVVVKGE   -7.8162   -7.9528   -0.1366    0.4276
 6745 VVVVGEK   -6.2111   -8.3188   -2.1077    0.4276
 6746 EVVIVKG   -8.2998   -8.9218   -0.6220    0.4276
 6747 EVVIVKG   -8.2998   -8.9218   -0.6220    0.4276
 6748 DVKIVVG   -8.2431   -8.4366   -0.1934    0.4276
 6749 DVEIIVG   -5.9587   -6.9478   -0.9891    0.4276
 6750 DVVIIEG   -6.1739   -7.2745   -1.1006    0.4276
 6751 FVEIEIG   -2.8865   -5.6028   -2.7163    0.4276
 6752 FLRVEIG   -1.0733   -7.5733   -6.5000    0.4276
 6753 EWRVGIG   -1.1086   -5.5892   -4.4806    0.4276
 6754 EMWVDIG   -2.1227   -4.5410   -2.4183    0.4276
 6755 EVIVDGW   -4.6789   -7.0226   -2.3437    0.4276
 6756 GVDIVEF   -6.0434   -6.6169   -0.5734    0.4276
 6757 GMDVVEF   -6.3391   -7.0014   -0.6623    0.4276
 6758 GFEVVKM   -6.4842   -6.6536   -0.1694    0.4276
 6759 GIEVVKF   -7.9702   -8.0508   -0.0806    0.4276
 6760 GLEKVVF   -7.8877   -9.4208   -1.5331    0.4276
 6761 GIEKVVV   -8.4512   -9.0732   -0.6220    0.4276
 6762 GIVKMEV   -7.7368   -8.1305   -0.3937    0.4276
 6763 GIVKMEV   -7.7368   -8.1305   -0.3937    0.4276
 6764 GIVKMEF   -7.3869   -7.5420   -0.1551    0.4276
 6765 GIVKMEF   -7.3869   -7.5420   -0.1551    0.4276
 6766 GIVKMEF   -7.3401   -7.4952   -0.1551    0.4113
 6767 GIVKMEF   -7.3401   -7.4952   -0.1551    0.4113
 6768 GKVIMEF   -4.8943   -5.1609   -0.2666    0.4113
 6769 GVEIMKF   -4.3808   -4.5360   -0.1551    0.4113
 6770 GMEIKVF   -4.9484   -5.1035   -0.1551    0.4113
 6771 GMDVKLF   -5.3655   -6.4332   -1.0677    0.4113
 6772 GVDVKLF   -7.3349   -8.3281   -0.9931    0.4113
 6773 GVKVDLF   -7.8955   -8.8886   -0.9931    0.4113
 6774 GVDVKLI   -7.0871   -8.3846   -1.2974    0.4113
 6775 LVDVMGD   -7.5066   -9.9772   -2.4706    0.4113
 6776 GMDVVLE   -6.9805   -9.7682   -2.7877    0.4113
 6777 GMDVVLD   -7.6207  -10.0913   -2.4706    0.4113
 6778 GIVVDLD   -8.4589  -10.3606   -1.9017    0.4113
 6779 GIVVLDD   -9.9558  -12.0803   -2.1246    0.4113
 6780 GVIVLDD   -9.2629  -11.3874   -2.1246    0.4113
 6781 GVLVIDE   -9.3121  -11.7538   -2.4417    0.4113
 6782 GVLVIEE   -8.9170  -11.6759   -2.7589    0.4113
 6783 GVLVLEE   -8.5582  -12.5468   -3.9886    0.4113
 6784 GVLLEEV   -5.9254   -9.8026   -3.8771    0.4113
 6785 GVLVEEL   -7.9828  -11.8599   -3.8771    0.4113
 6786 GLMVEEV   -8.4275  -11.6438   -3.2163    0.4113
 6787 GLMVMEE   -7.0430  -10.3653   -3.3223    0.4113
 6788 GLMVEME   -7.5761  -10.6755   -3.0994    0.4113
 6789 GLMVEME   -7.5761  -10.6755   -3.0994    0.4113
 6790 GMMVEIE   -7.9460   -9.2557   -1.3097    0.4113
 6791 AIMVEME   -9.5659  -10.9744   -1.4086    0.4113
 6792 AIMVEMD   -9.2999  -10.3913   -1.0914    0.4113
 6793 AIMVEMD   -9.2999  -10.3913   -1.0914    0.4113
 6794 AIMVEME   -9.5400  -10.9486   -1.4086    0.4113
 6795 AIMVEMK   -8.9973   -9.5959   -0.5986    0.4113
 6796 AKMVEMI  -10.8113  -11.2984   -0.4871    0.4113
 6797 AKMVEMI  -10.8113  -11.2984   -0.4871    0.4113
 6798 AEMVKMI   -6.4968   -6.9840   -0.4871    0.4113
 6799 AEMVMMK   -6.4932   -8.4606   -1.9674    0.4113
 6800 AEIMMMK   -3.2132   -3.8863   -0.6731    0.4113
 6801 AMIEMMK   -3.3904   -4.0636   -0.6731    0.4113
 6802 AIMEMMK   -4.8430   -5.5161   -0.6731    0.4113
 6803 AIMKMME   -1.4767   -2.1499   -0.6731    0.4113
 6804 IIMDMAE   -2.8737   -5.7908   -2.9171    0.4113
 6805 IIMIDAE   -4.4774   -9.1457   -4.6683    0.4113
 6806 GFIIDAE   -5.1837   -6.4903   -1.3066    0.4113
 6807 FIIEDAG   -5.9064   -7.3244   -1.4180    0.4113
 6808 FLIEDAG   -4.7931   -8.0008   -3.2077    0.4113
 6809 FLIDEAG   -5.1728   -8.3805   -3.2077    0.4113
 6810 FLIEEAG   -5.1810   -8.7058   -3.5249    0.4113
 6811 LLIEEAG   -4.8343  -10.3731   -5.5389    0.4113
 6812 VDILAEG   -4.2714   -8.9663   -4.6949    0.4113
 6813 VYILDEG   -6.5556   -9.0181   -2.4626    0.4113
 6814 FVIVKGE   -9.5641   -9.8675   -0.3034    0.4113
 6815 FVKVIGD  -10.2335  -10.1084    0.1251    0.4113
 6816 FDKIMGV   -7.3740   -7.3234    0.0506    0.4113
 6817 FDKIMGV   -7.3740   -7.3234    0.0506    0.4113
 6818 FDKIVGM   -6.1826   -6.1320    0.0506    0.4113
 6819 IEVIKGM   -6.8459   -7.3054   -0.4594    0.4113
 6820 IDVMKGM   -7.3637   -7.4348   -0.0711    0.4113
 6821 IDVMKMG   -7.3645   -7.4357   -0.0711    0.4113
 6822 IDVVKMG   -7.9457   -8.0223   -0.0766    0.4113
 6823 IKVVEMG   -9.3451   -9.7388   -0.3937    0.4113
 6824 IKVVEMG   -9.3451   -9.7388   -0.3937    0.4113
 6825 IKVVEMG   -9.3451   -9.7388   -0.3937    0.4113
 6826 MKLVEVG  -10.7525  -12.9359   -2.1834    0.4113
 6827 MKVVELV   -8.9549  -12.2812   -3.3263    0.4113
 6828 MKMVEVV  -11.0921  -11.4375   -0.3454    0.4113
 6829 MKVVEVM  -11.2449  -11.5903   -0.3454    0.4113
 6830 MKVMEVV  -12.1524  -12.4979   -0.3454    0.4113
 6831 MKVMEVV  -12.1524  -12.4979   -0.3454    0.4113
 6832 MKVMEVV  -12.1524  -12.4979   -0.3454    0.4113
 6833 MKVMEVV  -12.1524  -12.4979   -0.3454    0.4113
 6834 MKVMEVV  -12.1524  -12.4979   -0.3454    0.4113
 6835 MKVMEVV  -12.1524  -12.4979   -0.3454    0.4113
 6836 MKVMEVV  -12.1524  -12.4979   -0.3454    0.4113
 6837 MVKVMEV  -11.5619  -11.9073   -0.3454    0.4113
 6838 MVKVMEV  -11.5619  -11.9073   -0.3454    0.4113
 6839 MVKVMEV  -11.5619  -11.9073   -0.3454    0.4113
 6840 MMKVMEV   -9.5021   -9.9221   -0.4200    0.4113
 6841 MMKVMEV   -9.5957  -10.0157   -0.4200    0.4113
 6842 MMKVMVE   -8.1773   -8.7087   -0.5314    0.4113
 6843 MMKVMVD   -8.9477   -9.1620   -0.2143    0.4113
 6844 MLKVMVD   -7.7979  -10.9931   -3.1951    0.4113
 6845 MLKVMVD   -7.7979  -10.9931   -3.1951    0.4113
 6846 ALKVMVD   -8.6598  -10.7364   -2.0766    0.4113
 6847 ALVVMDE   -8.3771  -11.4865   -3.1094    0.4113
 6848 ALVVMEK   -8.2736  -10.8902   -2.6166    0.4113
 6849 ALVVMEE   -7.7856  -11.2122   -3.4266    0.4113
 6850 ALVVMEE   -7.7856  -11.2122   -3.4266    0.4113
 6851 ALVVMEE   -7.8843  -11.3108   -3.4266    0.4113
 6852 ALVVMEE   -7.8843  -11.3108   -3.4266    0.4113
 6853 ALVVMEE   -7.8843  -11.3108   -3.4266    0.4113
 6854 AVVLEME   -7.7948  -10.9985   -3.2037    0.4113
 6855 AVVLKME   -6.6794   -9.0731   -2.3937    0.4113
 6856 AVVLKMD   -7.4779   -9.5544   -2.0766    0.4113
 6857 AKVLVMD   -9.1513  -11.2279   -2.0766    0.4113
 6858 DKVVVIA   -9.3516   -9.8667   -0.5151    0.4113
 6859 AKVVVID  -12.8124  -13.1047   -0.2923    0.4113
 6860 AKVVVID  -12.8124  -13.1047   -0.2923    0.4113
 6861 AKVVVDI  -12.7539  -12.9347   -0.1809    0.4113
 6862 AKVLVDV  -10.9797  -12.9503   -1.9706    0.4113
 6863 IKVVFDV   -2.4740   -5.7003   -3.2263    0.4113
 6864 IKVVFEV   -2.4951   -6.0385   -3.5434    0.4113
 6865 VKVIFDV   -3.5413   -6.7676   -3.2263    0.4113
 6866 VKVIMDG   -9.6226   -9.8107   -0.1880    0.4113
 6867 MKEIVVG   -9.0158   -9.6324   -0.6166    0.4113
 6868 MKEIVVG   -9.0158   -9.6324   -0.6166    0.4113
 6869 MKELVIG   -7.3199   -9.2319   -1.9120    0.4113
 6870 MKELIVG   -7.2750   -9.1870   -1.9120    0.4113
 6871 MKLIEVG   -7.1924   -8.8815   -1.6891    0.4113
 6872 MKLIEGM   -5.7895   -7.5532   -1.7637    0.4113
 6873 MKLIEGM   -5.7895   -7.5532   -1.7637    0.4113
 6874 MKLIEGM   -5.7895   -7.5532   -1.7637    0.4113
 6875 LKLMDGM   -6.5151   -9.1914   -2.6763    0.4113
 6876 MKLDMGL   -6.1206   -8.6854   -2.5649    0.4113
 6877 MKLMDGL   -6.8614   -9.5376   -2.6763    0.4113
 6878 LKMVDGL   -6.9920   -9.5937   -2.6017    0.4113
 6879 LKMVDGL   -6.9916   -9.5933   -2.6017    0.4113
 6880 MKIVEGL  -11.8480  -13.5372   -1.6891    0.4113
 6881 LKIVEGM  -11.6910  -13.3802   -1.6891    0.4113
 6882 MKIVEGL  -11.6892  -13.3784   -1.6891    0.4113
 6883 MKLVEGI  -12.8308  -14.5199   -1.6891    0.4113
 6884 IKLVEGM  -11.8378  -13.5269   -1.6891    0.4113
 6885 IKIVEGM  -12.3187  -12.7781   -0.4594    0.4113
 6886 IKLVEGM  -11.8781  -13.5673   -1.6891    0.4113
 6887 MKLVEGI  -12.3229  -14.0121   -1.6891    0.4113
 6888 MKLVEGI  -12.3229  -14.0121   -1.6891    0.4113
 6889 MKLVEGI  -12.3229  -14.0121   -1.6891    0.4113
 6890 MKLVEGI  -12.3229  -14.0121   -1.6891    0.4113
 6891 MKIVEGL  -10.8771  -12.5662   -1.6891    0.4113
 6892 MKLVEGV  -11.5769  -13.7604   -2.1834    0.4113
 6893 MKVVEGL  -10.5403  -12.7238   -2.1834    0.4113
 6894 MKLVDGL   -9.9884  -12.5902   -2.6017    0.4113
 6895 MKLVDGI  -11.8174  -13.1894   -1.3720    0.4113
 6896 MKDLVGV   -7.7477   -9.7254   -1.9777    0.4113
 6897 VKMLVGD  -10.2907  -12.2684   -1.9777    0.4113
 6898 VKMLVGD  -10.2907  -12.2684   -1.9777    0.4113
 6899 VKILVGD  -11.7999  -13.2087   -1.4089    0.4113
 6900 VKLIEGV  -10.1413  -11.7559   -1.6146    0.4113
 6901 VKLIEGV  -10.1413  -11.7559   -1.6146    0.4113
 6902 LKVIEGV  -10.6688  -12.2834   -1.6146    0.4113
 6903 LKVMEGV  -10.9743  -13.1578   -2.1834    0.4113
 6904 LKVVEGM  -11.1706  -13.3540   -2.1834    0.4113
 6905 LKVVEGM  -11.7713  -13.9547   -2.1834    0.4113
 6906 VKLVEGM  -10.7309  -12.9144   -2.1834    0.4113
 6907 VKLVEGI  -11.7219  -13.3364   -1.6146    0.4113
 6908 GKLVEVI  -11.8933  -13.6193   -1.7260    0.4113
 6909 GKLVDVI  -11.4851  -12.8940   -1.4089    0.4113
 6910 GKMVDIV  -11.2159  -11.4039   -0.1880    0.4113
 6911 GKMVVDI  -11.6543  -11.8423   -0.1880    0.4113
 6912 GKVVVDW  -12.3724  -12.0804    0.2920    0.4113
 6913 GKVVVDW  -12.3724  -12.0804    0.2920    0.4113
 6914 GVKVDVW  -10.6938  -10.2904    0.4034    0.4113
 6915 GVKVDMW  -10.3878  -10.0589    0.3289    0.4113
 6916 GVKVWMD   -9.9390   -9.7216    0.2174    0.4113
 6917 GVKVWMD   -9.9390   -9.7216    0.2174    0.4113
 6918 GAKVILD   -6.4596  -10.3445   -3.8849    0.4113
 6919 GLKVAIE   -7.8795  -12.0815   -4.2020    0.4113
 6920 GLKVAIE   -7.8795  -12.0815   -4.2020    0.4113
 6921 ALKVGIE   -7.1643  -11.2548   -4.0906    0.4113
 6922 GLKVAIE   -7.8795  -12.0815   -4.2020    0.4113
 6923 GLKVAEI   -7.7352  -11.8258   -4.0906    0.4113
 6924 GLKVAEY   -5.8057  -12.0914   -6.2857    0.4113
 6925 GIKVAEL   -7.2286  -11.3192   -4.0906    0.4113
 6926 YIKVEGL   -6.0269   -7.6623   -1.6354    0.4113
 6927 YVKIEGL   -4.1798   -5.8152   -1.6354    0.4113
 6928 MMIKEGL   -7.1321   -9.1187   -1.9866    0.4113
 6929 EMIKMGL   -6.2962   -8.0599   -1.7637    0.4113
 6930 EMIKIGM   -5.9611   -6.4951   -0.5340    0.4113
 6931 EMIMMGK   -7.8438   -8.4495   -0.6057    0.4113
 6932 EMIMKGF   -7.4865   -7.8276   -0.3411    0.4113
 6933 EMIKMGI   -8.3505   -8.8845   -0.5340    0.4113
 6934 EMIKMGI   -8.3505   -8.8845   -0.5340    0.4113
 6935 EMIKMGI   -7.8273   -8.3613   -0.5340    0.4113
 6936 EMMKIGI   -4.7245   -5.2585   -0.5340    0.4113
 6937 MMIKEGI   -7.0424   -7.7993   -0.7569    0.4113
 6938 MKIMEGI   -8.5989   -9.1329   -0.5340    0.4113
 6939 VKMVEGI   -9.5182   -9.9119   -0.3937    0.4113
 6940 VKVIDGV  -10.1109  -10.1929   -0.0820    0.4113
 6941 VKVIDGV  -10.1109  -10.1929   -0.0820    0.4113
 6942 VKVIEGV   -9.4794   -9.8785   -0.3991    0.4113
 6943 IKVVEGV   -9.7105  -10.1096   -0.3991    0.4113
 6944 IKVVEGV   -9.7105  -10.1096   -0.3991    0.4113
 6945 FEKVVGV   -8.6216   -8.9079   -0.2863    0.4113
 6946 FVKVVGK   -3.4314   -4.1877   -0.7563    0.4113
 6947 MIKVVGK   -4.9842   -5.9593   -0.9751    0.4113
 6948 MIKVVGE  -10.0645  -10.5696   -0.5051    0.4113
 6949 MIKVVGE  -10.0645  -10.5696   -0.5051    0.4113
 6950 MIKVVGD  -11.3800  -11.5680   -0.1880    0.4113
 6951 MKVVIGD  -11.4465  -11.6345   -0.1880    0.4113
 6952 MKIVDGV  -11.4274  -11.5040   -0.0766    0.4113
 6953 MKIVDGV  -11.4274  -11.5040   -0.0766    0.4113
 6954 VKIVDGV  -10.3889  -10.4709   -0.0820    0.4113
 6955 DVVKVGI   -9.2017   -9.2837   -0.0820    0.4113
 6956 DVVKMGV   -8.2950   -9.7458   -1.4509    0.4113
 6957 EVVVMGK   -9.4612  -11.4520   -1.9909    0.4113
 6958 EVMVWGK   -9.1368   -9.3479   -0.2111    0.4113
 6959 KVMVWGE   -9.8435  -10.0547   -0.2111    0.4113
 6960 KVMVWGE   -9.8435  -10.0547   -0.2111    0.4113
 6961 MKVVWGE  -11.2050  -11.3047   -0.0997    0.4113
 6962 MKVVWGE  -11.2050  -11.3047   -0.0997    0.4113
 6963 MKVVWGE  -11.2050  -11.3047   -0.0997    0.4113
 6964 MKVVWGE  -11.2050  -11.3047   -0.0997    0.4113
 6965 KMVVWGE  -11.0743  -11.2855   -0.2111    0.4113
 6966 KVVVWGE  -10.1913  -10.3278   -0.1366    0.4113
 6967 KVIVFGE  -10.8215  -11.1249   -0.3034    0.4113
 6968 KIVVFGE  -10.5921  -10.8955   -0.3034    0.4113
 6969 KIVVFGE  -10.8764  -11.1798   -0.3034    0.4377
 6970 KVIVFGE  -11.1744  -11.4778   -0.3034    0.4377
 6971 KVIVFGE  -10.7549  -11.0583   -0.3034    0.4377
 6972 KVIVFGE  -10.7549  -11.0583   -0.3034    0.4377
 6973 IFKVVGE  -10.3839  -10.5759   -0.1920    0.4377
 6974 MIKVIGE  -10.9496  -11.5205   -0.5709    0.4377
 6975 MMKVIGE  -11.7497  -12.2494   -0.4997    0.4377
 6976 MMKIMGE  -12.6611  -13.1554   -0.4943    0.4377
 6977 MMKILGE  -11.4399  -13.3151   -1.8751    0.4377
 6978 MMKIEGL   -9.7626  -11.5263   -1.7637    0.4377
 6979 MEKIMGL   -9.3366  -11.2118   -1.8751    0.4377
 6980 MEKIMGY   -8.6424   -9.9629   -1.3206    0.4377
 6981 MEKIMGY   -8.6424   -9.9629   -1.3206    0.4377
 6982 MEKIMGY   -8.6424   -9.9629   -1.3206    0.4377
 6983 MEKIMGY   -8.6424   -9.9629   -1.3206    0.4377
 6984 MEKIMGY   -8.6424   -9.9629   -1.3206    0.4377
 6985 MIKEMGY   -7.2959   -8.6165   -1.3206    0.4377
 6986 MIKEVGY   -7.3619   -8.6879   -1.3260    0.4377
 6987 LKIVEGY  -10.8345  -12.4699   -1.6354    0.4377
 6988 KLIVEGY   -9.7081  -11.4550   -1.7469    0.4377
 6989 KLIVEGY   -9.7081  -11.4550   -1.7469    0.4377
 6990 KLIVDGA   -8.9393  -12.8241   -3.8849    0.4377
 6991 KMIVDGL  -11.2826  -12.7660   -1.4834    0.4377
 6992 KIIVDGM  -11.0906  -11.3443   -0.2537    0.4377
 6993 KLIVDGY  -10.1890  -11.6188   -1.4297    0.4377
 6994 KIIVDGY  -10.2331   -9.8731    0.3600    0.4377
 6995 KMIVEGM  -13.6417  -14.1414   -0.4997    0.4377
 6996 KMIVEGM  -13.6417  -14.1414   -0.4997    0.4377
 6997 KMIVEGV  -13.5629  -14.0680   -0.5051    0.4377
 6998 KMVVEGW  -12.8883  -12.9880   -0.0997    0.4377
 6999 KMVVEGW  -12.8883  -12.9880   -0.0997    0.4377
 7000 KMVVDGW  -11.3421  -11.1247    0.2174    0.4377
 7001 KMVVEGW  -12.8530  -12.9527   -0.0997    0.4377
 7002 KMVVEGM  -11.9451  -13.8191   -1.8740    0.4377
 7003 KMVVEGM  -11.9451  -13.8191   -1.8740    0.4377
 7004 KMVVEGV  -11.9113  -13.7907   -1.8794    0.4377
 7005 KMVVDGV  -10.1673  -11.7296   -1.5623    0.4377
 7006 LMKVDGV   -9.1358  -11.0021   -1.8663    0.4377
 7007 IMKVDGV   -9.1901   -9.2667   -0.0766    0.4377
 7008 KMIVDGV  -10.2975  -10.4855   -0.1880    0.4377
 7009 EIIVEGV   -6.9373   -8.2436   -1.3063    0.4377
 7010 EVIVEGV   -6.4835   -7.8041   -1.3206    0.4377
 7011 VEIVKGM   -9.5158   -9.9095   -0.3937    0.4377
 7012 MEIVKGM  -10.4765  -10.8648   -0.3883    0.4377
 7013 MEIVKGM  -10.4765  -10.8648   -0.3883    0.4377
 7014 MEIVKGW   -9.0354  -10.8494   -1.8140    0.4377
 7015 MEIMKGW   -7.6506   -9.5392   -1.8886    0.4377
 7016 MEMIKGF   -6.4856   -6.7153   -0.2297    0.4377
 7017 MEMVEGF   -5.6196   -6.5936   -0.9740    0.4377
 7018 FMMVEGE   -5.3577   -6.5546   -1.1969    0.4377
 7019 VMMVEGE   -5.3833   -8.1787   -2.7954    0.4377
 7020 MEVVMGK   -6.1619   -8.0359   -1.8740    0.4377
 7021 MDMVKGV   -5.9988   -7.4442   -1.4454    0.4377
 7022 MDMLVGK   -5.2525   -7.2248   -1.9723    0.4377
 7023 LDMVMGE   -6.3400   -9.1223   -2.7823    0.4377
 7024 MEMVMGE   -5.5282   -8.2068   -2.6786    0.4377
 7025 MEIVMGE   -7.0137   -8.3234   -1.3097    0.4377
 7026 EEIVMGM   -5.9436   -7.3647   -1.4211    0.4377
 7027 EEIVMGM   -5.9436   -7.3647   -1.4211    0.4377
 7028 EEILMGM   -3.1128   -5.9094   -2.7966    0.4377
 7029 MLIDEGV   -6.4958   -8.9007   -2.4049    0.4377
 7030 MLIDEGA   -3.9878   -8.7886   -4.8009    0.4377
 7031 DLIIEGA   -4.6987   -8.0192   -3.3206    0.4377
 7032 KVIIEGA   -8.0134  -10.4257   -2.4123    0.4377
 7033 KIIIEGA   -9.1080  -10.1460   -1.0380    0.4377
 7034 VIKIEGA   -6.6773   -8.9781   -2.3009    0.4377
 7035 MIKIEGA   -7.1197   -9.4151   -2.2954    0.4377
 7036 IIKIEGA   -7.8122   -8.7387   -0.9266    0.4377
 7037 IIKIEGA   -7.8122   -8.7387   -0.9266    0.4377
 7038 WIKIEGG   -8.8227   -9.1479   -0.3251    0.4377
 7039 WIKIEGG   -8.8227   -9.1479   -0.3251    0.4377
 7040 WIKIEGG   -8.8227   -9.1479   -0.3251    0.4377
 7041 WIKIEGG   -8.8227   -9.1479   -0.3251    0.4377
 7042 WIEIKGG   -6.7467   -7.0718   -0.3251    0.4377
 7043 WIEIKGG   -6.7467   -7.0718   -0.3251    0.4377
 7044 WEIIKGG   -7.2494   -7.5745   -0.3251    0.4377
 7045 WKIIEGG   -7.8544   -8.1796   -0.3251    0.4377
 7046 WKILEGG   -6.1538   -7.9087   -1.7549    0.4377
 7047 KLIWEGG  -10.0119  -11.8782   -1.8663    0.4377
 7048 KLIWEGG  -10.0119  -11.8782   -1.8663    0.4377
 7049 KVIWEGG   -9.7744  -11.2253   -1.4509    0.4377
 7050 KVIWDGG   -9.2310  -10.3647   -1.1337    0.4377
 7051 KVIWDGG   -9.4551  -10.5888   -1.1337    0.4377
 7052 KVIWDGG   -9.4551  -10.5888   -1.1337    0.4377
 7053 KVIGWGD   -8.0820   -8.9928   -0.9109    0.4377
 7054 KVIWGGD   -9.1140  -10.2478   -1.1337    0.4377
 7055 KVIWGGD   -9.1140  -10.2478   -1.1337    0.4377
 7056 KVIWGGD   -9.1140  -10.2478   -1.1337    0.4377
 7057 GVVWKGD   -6.5083   -8.9048   -2.3966    0.4377
 7058 DVVWKGG   -5.6019   -8.1099   -2.5080    0.4377
 7059 KVVWDGG   -8.1154  -10.6234   -2.5080    0.4377
 7060 KVVWEGG   -8.7222  -11.5473   -2.8251    0.4377
 7061 KVVWEGG   -8.7222  -11.5473   -2.8251    0.4377
 7062 KVVWEGV  -11.3942  -11.4193   -0.0251    0.4377
 7063 KVVIEGV  -11.1630  -11.6736   -0.5106    0.4377
 7064 KVVIDGV  -10.6877  -10.8811   -0.1934    0.4377
 7065 KVIVDGV  -11.6441  -11.8376   -0.1934    0.4377
 7066 KVVVDGI  -11.0185  -11.2120   -0.1934    0.4377
 7067 KVIVDGI  -11.1573  -11.3365   -0.1791    0.4377
 7068 KVIVDGI  -11.1573  -11.3365   -0.1791    0.4377
 7069 KVIVMGD  -11.4707  -11.7701   -0.2994    0.4377
 7070 KVIVMGD  -11.4707  -11.7701   -0.2994    0.4377
 7071 KMIVVGD   -9.5819   -9.8813   -0.2994    0.4377
 7072 VVKIMGD   -9.2940   -9.4820   -0.1880    0.4377
 7073 IMKVVGD  -10.2600  -10.4480   -0.1880    0.4377
 7074 KMIVFGD   -8.3514   -8.4123   -0.0609    0.4377
 7075 KMIVDGF   -8.7204   -8.6699    0.0506    0.4377
 7076 KMIVDGF   -8.6879   -8.6374    0.0506    0.4377
 7077 MKIDVGM   -5.4426   -5.4023    0.0403    0.4377
 7078 VKIDVGY   -5.3878   -6.1793   -0.7914    0.4377
 7079 MKIEVGA   -5.5634   -9.1217   -3.5583    0.4377
 7080 IKIEVGA   -5.5949   -7.7844   -2.1894    0.4377
 7081 IIVKVGE   -9.8373  -10.3336   -0.4963    0.4377
 7082 IVVKIDG   -7.6018   -7.7809   -0.1791    0.4377
 7083 IVKVGDF  -10.5450  -10.3084    0.2366    0.4377
 7084 VVKVFDG  -10.9625  -10.9316    0.0309    0.4377
 7085 VVKVFEG  -10.1686  -10.4549   -0.2863    0.4377
 7086 VIKVFEG  -10.9096  -11.1016   -0.1920    0.4377
 7087 VIKVFEG  -10.9096  -11.1016   -0.1920    0.4377
 7088 VIKVYEG   -9.3441  -10.6756   -1.3314    0.4377
 7089 VWKVGGE   -4.7014   -7.4151   -2.7137    0.4377
 7090 VGKVWEG   -6.1890   -8.7913   -2.6023    0.4377
 7091 VGKVWDL   -6.9920   -9.6440   -2.6520    0.4377
 7092 VGKVWDA   -7.5649   -9.8375   -2.2726    0.4377
 7093 KWVVGDA   -5.2156   -7.5996   -2.3840    0.4377
 7094 KWVVGDV   -8.0202   -7.7282    0.2920    0.4377
 7095 KWVVGDV   -8.0202   -7.7282    0.2920    0.4377
 7096 KWIVGEV   -6.0473   -7.8981   -1.8509    0.4377
 7097 KWIVGEV   -6.0473   -7.8981   -1.8509    0.4377
 7098 KFIVGEV   -6.7957   -6.9877   -0.1920    0.4377
 7099 KGIVFEV   -8.1605   -8.3525   -0.1920    0.4377
 7100 KGIVFEV   -8.1605   -8.3525   -0.1920    0.4377
 7101 KGIVFEV   -8.1605   -8.3525   -0.1920    0.4377
 7102 KGIVFEV   -8.1605   -8.3525   -0.1920    0.4377
 7103 KGIVFEV   -8.1605   -8.3525   -0.1920    0.4377
 7104 DGIVFDV   -7.3794   -7.7471   -0.3677    0.4377
 7105 DGIVFDV   -7.3794   -7.7471   -0.3677    0.4377
 7106 DGVVFDV   -7.1244   -7.5864   -0.4620    0.4377
 7107 DGVVFDV   -7.1244   -7.5864   -0.4620    0.4377
 7108 VGVVDFD   -7.2666   -7.6171   -0.3506    0.4377
 7109 VGVVFDD  -10.2947  -10.8682   -0.5734    0.4377
 7110 VFVVGDD  -10.6994  -11.3842   -0.6849    0.4377
 7111 VGVVFDE  -10.4747  -11.3653   -0.8906    0.4377
 7112 VGVVFDE  -10.4747  -11.3653   -0.8906    0.4377
 7113 VGKVFDV  -10.5204  -10.3781    0.1423    0.4377
 7114 VGKVFDV  -10.5204  -10.3781    0.1423    0.4377
 7115 VFKVGDV  -11.0457  -10.9034    0.1423    0.4377
 7116 VFKVGEV  -10.0285  -10.2034   -0.1749    0.4377
 7117 KFVMGEV   -9.3279   -9.6088   -0.2809    0.4377
 7118 KFVVGEM   -9.2627   -9.5436   -0.2809    0.4377
 7119 KFVVGDF   -9.2524   -8.8230    0.4294    0.4377
 7120 KIVVGDF  -10.0411   -9.9160    0.1251    0.4377
 7121 KIVVGEF  -10.0978  -10.2898   -0.1920    0.4377
 7122 KFVVGEF   -8.1703   -8.0580    0.1123    0.4377
 7123 KMVVGDI  -10.3263  -10.5143   -0.1880    0.4377
 7124 KMIVGDV  -11.0065  -11.1945   -0.1880    0.4377
 7125 KMIVGDV  -11.0065  -11.1945   -0.1880    0.4377
 7126 KMIVGDV  -11.0065  -11.1945   -0.1880    0.4377
 7127 KMVIGEV   -9.9255  -10.4307   -0.5051    0.4377
 7128 MKVIGEI  -12.4812  -12.9406   -0.4594    0.4377
 7129 MIKVGEI  -11.6576  -12.1171   -0.4594    0.4377
 7130 MIKVGEI  -11.6576  -12.1171   -0.4594    0.4377
 7131 MIKVGEV  -11.7889  -12.1826   -0.3937    0.4377
 7132 KIMVGEV  -10.2097  -10.7149   -0.5051    0.4377
 7133 KVIVGEV   -9.7377  -10.2483   -0.5106    0.4377
 7134 KIVVGDF   -9.0935   -8.9683    0.1251    0.4377
 7135 KIVVGDV  -10.8151  -11.0086   -0.1934    0.4377
 7136 KIVVGDV  -10.8151  -11.0086   -0.1934    0.4377
 7137 KIVVGVD   -9.2719   -9.4653   -0.1934    0.4377
 7138 KIVVGVD   -9.2719   -9.4653   -0.1934    0.4377
 7139 KWVVGVD   -7.7691   -7.4771    0.2920    0.4377
 7140 KWVVGVD   -7.7691   -7.4771    0.2920    0.4377
 7141 EWVVGVK   -7.8333   -7.8584   -0.0251    0.4377
 7142 EWVVGMK   -7.3026   -7.4023   -0.0997    0.4377
 7143 MWVVGED   -9.1451   -9.9606   -0.8154    0.4377
 7144 MIVVGED  -10.7852  -12.0061   -1.2209    0.4377
 7145 MIEVGVD   -9.5492  -10.4357   -0.8866    0.4377
 7146 MIDVGVE   -8.3633   -9.2498   -0.8866    0.4377
 7147 DMMVGEV   -4.6544   -7.0212   -2.3669    0.4377
 7148 MWKVGDV  -12.6741  -12.3452    0.3289    0.4377
 7149 MWKVGDV  -12.6741  -12.3452    0.3289    0.4377
 7150 MLKVGEV   -9.6797  -11.8632   -2.1834    0.4377
 7151 MLKVGEV   -9.6797  -11.8632   -2.1834    0.4377
 7152 MLKVGEV   -9.6797  -11.8632   -2.1834    0.4377
 7153 MKLVGEV   -9.7667  -11.9501   -2.1834    0.4377
 7154 MKLVGDF   -9.9446  -11.0123   -1.0677    0.4377
 7155 MKLVGDF   -9.9446  -11.0123   -1.0677    0.4377
 7156 VKLVGDF   -8.8184   -9.8115   -0.9931    0.4377
 7157 VKLVGDF   -8.8184   -9.8115   -0.9931    0.4377
 7158 VKLVGDV   -8.4291  -10.3009   -1.8717    0.4377
 7159 DVLVGKV   -6.7888   -8.7720   -1.9831    0.4377
 7160 DVLVGKV   -6.7888   -8.7720   -1.9831    0.4377
 7161 DILVGKV   -8.4959   -9.9048   -1.4089    0.4377
 7162 DILVGKV   -8.4959   -9.9048   -1.4089    0.4377
 7163 DILVGKV   -8.4959   -9.9048   -1.4089    0.4377
 7164 DILVGKV   -8.4959   -9.9048   -1.4089    0.4377
 7165 DLIVGKV   -7.9052   -9.3141   -1.4089    0.4377
 7166 DLIVGKV   -7.9052   -9.3141   -1.4089    0.4377
 7167 DLIVGKV   -7.9052   -9.3141   -1.4089    0.4377
 7168 KLIVGDA   -7.2133  -11.0982   -3.8849    0.4377
 7169 KILVGDA   -8.1417  -12.0266   -3.8849    0.4377
 7170 KILVGDA   -8.1400  -12.0249   -3.8849    0.4536
 7171 EILVGDA   -5.0511   -9.7460   -4.6949    0.4536
 7172 EILVGEG   -3.9631   -8.9877   -5.0246    0.4536
 7173 IILVGEE   -6.8463  -11.4308   -4.5846    0.4536
 7174 IILVGEE   -6.8463  -11.4308   -4.5846    0.4536
 7175 IIMVGDE   -9.5320  -10.8186   -1.2866    0.4536
 7176 IIMVGDK   -9.2607   -9.7372   -0.4766    0.4536
 7177 IIKVGDM   -9.2206   -9.3628   -0.1423    0.4536
 7178 IIMVGDK   -9.3193   -9.7959   -0.4766    0.4536
 7179 IMKVGDM   -8.6892   -8.7604   -0.0711    0.4536
 7180 MIKVGDG   -6.1428   -9.5080   -3.3651    0.4536
 7181 MIKFGDG   -4.5537   -6.3202   -1.7666    0.4536
 7182 MIKFGDG   -4.5537   -6.3202   -1.7666    0.4536
 7183 MIKIGDM   -8.0133   -8.2302   -0.2169    0.4536
 7184 GIKIGDM   -5.5643   -7.4437   -1.8794    0.4536
 7185 LKIIGDG   -4.5821   -6.9938   -2.4117    0.4536
 7186 LGIIEEG   -2.7489   -6.3992   -3.6503    0.4536
 7187 LGIIEDG   -3.2341   -6.5673   -3.3331    0.4536
 7188 LGIEIDG   -1.2654   -4.3756   -3.1103    0.4536
 7189 LGIEFDG   -2.0114   -4.8974   -2.8860    0.4536
 7190 MGIEVDL   -3.9941   -6.0647   -2.0706    0.4536
 7191 MGMKFDL   -4.4924   -5.5232   -1.0309    0.4536
 7192 MGMKFDV   -6.1672   -5.9026    0.2646    0.4536
 7193 MGMKFDV   -6.1672   -5.9026    0.2646    0.4536
 7194 MGMKFDV   -6.1672   -5.9026    0.2646    0.4536
 7195 MGMKFDF   -4.2564   -3.7533    0.5031    0.4536
 7196 MGMKFDV   -6.1648   -5.9003    0.2646    0.4536
 7197 MGMKFDV   -6.1648   -5.9003    0.2646    0.4536
 7198 MGMKFDV   -6.1648   -5.9003    0.2646    0.4536
 7199 MGMKFDV   -6.1648   -5.9003    0.2646    0.4536
 7200 MGMKFDV   -6.1648   -5.9003    0.2646    0.4536
 7201 KGIVFDM   -8.2551   -8.2045    0.0506    0.4536
 7202 KGIVFDV   -8.5426   -8.4175    0.1251    0.4536
 7203 VGIVFDD   -8.8615   -9.3407   -0.4791    0.4536
 7204 KGMVFDV   -8.8546   -8.8184    0.0363    0.4536
 7205 KGMVFVD   -9.7368   -9.8119   -0.0751    0.4536
 7206 KGMVFVE   -8.9566   -9.3489   -0.3923    0.4536
 7207 KGMVFVD   -9.9561  -10.0313   -0.0751    0.4536
 7208 KGVVFVD   -9.3122   -9.3928   -0.0806    0.4536
 7209 KGVVFVD   -9.3122   -9.3928   -0.0806    0.4536
 7210 KGVVFVD   -9.3122   -9.3928   -0.0806    0.4536
 7211 DGLVFVK   -6.6273   -7.8433   -1.2160    0.4536
 7212 KGLVFVD   -5.1783   -6.3943   -1.2160    0.4536
 7213 KGLVFVD   -5.1783   -6.3943   -1.2160    0.4536
 7214 KFLVGVD   -4.7692   -5.8738   -1.1046    0.4536
 7215 VFLVGKE   -5.6633   -7.3079   -1.6446    0.4536
 7216 KWMVGVE  -10.9479  -11.0476   -0.0997    0.4536
 7217 KFMVGVE  -11.0314  -11.3123   -0.2809    0.4536
 7218 KFMVGVE  -11.0314  -11.3123   -0.2809    0.4536
 7219 KFLVGEV  -10.0479  -11.4697   -1.4217    0.4536
 7220 KFLVGDV   -9.2762  -10.3807   -1.1046    0.4536
 7221 KFLVGDV   -9.2762  -10.3807   -1.1046    0.4536
 7222 KFLVGDV   -9.2762  -10.3807   -1.1046    0.4536
 7223 LFEVGKV   -6.1859   -7.4962   -1.3103    0.4536
 7224 LVDVGKF   -4.1740   -5.1671   -0.9931    0.4536
 7225 LVDVGKF   -4.1740   -5.1671   -0.9931    0.4536
 7226 LVDVGKF   -4.2303   -5.2235   -0.9931    0.4536
 7227 LKDVGVV   -6.7537   -8.7368   -1.9831    0.4536
 7228 LKDVGVV   -6.3328   -8.3159   -1.9831    0.4536
 7229 DVLVGVK   -7.0017   -8.9848   -1.9831    0.4536
 7230 DKVLGVL   -7.2665  -10.0165   -2.7500    0.4536
 7231 EKLVGLV   -7.1114  -10.1786   -3.0671    0.4536
 7232 DKLVGLV   -6.6113   -9.3613   -2.7500    0.4536
 7233 DKMVGLV   -7.2152   -9.3043   -2.0891    0.4536
 7234 DKMVGLV   -7.2152   -9.3043   -2.0891    0.4536
 7235 LKMVGDV   -8.3607  -10.2270   -1.8663    0.4536
 7236 LKMIGDV   -8.2120   -9.5840   -1.3720    0.4536
 7237 VKMIGDF  -10.2095  -10.0475    0.1620    0.4536
 7238 KVMIGID   -8.4341   -8.6878   -0.2537    0.4536
 7239 KMVIGID   -7.7070   -7.9607   -0.2537    0.4536
 7240 KMVIGID   -7.7070   -7.9607   -0.2537    0.4536
 7241 MVKIGDI   -8.9438   -9.0861   -0.1423    0.4536
 7242 MVKIGEI   -9.8245  -10.2839   -0.4594    0.4536
 7243 MVKIGEI   -9.8245  -10.2839   -0.4594    0.4536
 7244 MVKVGEI   -9.8727  -10.2664   -0.3937    0.4536
 7245 MVKVGEI   -9.8727  -10.2664   -0.3937    0.4536
 7246 MVKVGDI   -9.3974   -9.4740   -0.0766    0.4536
 7247 MVKVGDI   -9.3974   -9.4740   -0.0766    0.4536
 7248 MIKVGDI  -10.0127  -10.1550   -0.1423    0.4536
 7249 MIKVGEI  -10.7380  -11.1974   -0.4594    0.4536
 7250 MIKVGEI  -10.7380  -11.1974   -0.4594    0.4536
 7251 MIKVGEM  -10.5347  -10.9230   -0.3883    0.4536
 7252 MFKVGEM  -10.0365  -10.2005   -0.1640    0.4536
 7253 MFKVGEM  -11.0308  -11.1948   -0.1640    0.4536
 7254 MFKVGEM  -11.0308  -11.1948   -0.1640    0.4536
 7255 MFKVGEM  -11.0308  -11.1948   -0.1640    0.4536
 7256 MFKVGEM  -11.0308  -11.1948   -0.1640    0.4536
 7257 MFKVGEV  -11.2845  -11.4539   -0.1694    0.4536
 7258 MFKVGDV  -10.5971  -10.4494    0.1477    0.4536
 7259 MGKVFEV  -10.5918  -10.7613   -0.1694    0.4536
 7260 MGKVFEV  -10.5918  -10.7613   -0.1694    0.4536
 7261 MGKVFEV  -10.5918  -10.7613   -0.1694    0.4536
 7262 MGKVFEV  -10.5918  -10.7613   -0.1694    0.4536
 7263 MGKVFEV  -10.5918  -10.7613   -0.1694    0.4536
 7264 MGKVFEI   -9.7571   -9.9123   -0.1551    0.4536
 7265 MGKVFEI   -9.7571   -9.9123   -0.1551    0.4536
 7266 MGKVFEI   -9.7571   -9.9123   -0.1551    0.4536
 7267 MGKVFEI   -9.7571   -9.9123   -0.1551    0.4536
 7268 MGKVFEM  -10.3447  -10.5087   -0.1640    0.4536
 7269 MFKVGEM  -11.4048  -11.5688   -0.1640    0.4536
 7270 MWKVGEM  -11.0082  -11.0710   -0.0629    0.4536
 7271 MWKVGEM  -11.0082  -11.0710   -0.0629    0.4536
 7272 MMKVGEM   -9.7182  -11.4754   -1.7571    0.4536
 7273 KMMVGEM   -8.0481   -9.9167   -1.8686    0.4536
 7274 MMMVGEE   -7.9117  -10.8131   -2.9014    0.4536
 7275 MMMVGEE   -7.9117  -10.8131   -2.9014    0.4536
 7276 MIMVGED  -10.5465  -11.7620   -1.2154    0.4536
 7277 MIMVGED  -10.5465  -11.7620   -1.2154    0.4536
 7278 MIVMGEK   -9.8517  -10.5743   -0.7226    0.4536
 7279 MKVMGEI   -9.9898  -10.3781   -0.3883    0.4536
 7280 MKVMGIE   -8.2206   -8.6089   -0.3883    0.4536
 7281 MKVMGIE   -8.2206   -8.6089   -0.3883    0.4536
 7282 MMVKGIE   -9.9294  -10.4291   -0.4997    0.4536
 7283 MMVKGVE  -10.1789  -12.0529   -1.8740    0.4536
 7284 MKEMGVV   -9.8870  -11.7610   -1.8740    0.4536
 7285 MKVIGVE   -9.7918  -10.1855   -0.3937    0.4536
 7286 MEVIGVK   -9.1670   -9.5607   -0.3937    0.4536
 7287 MIKEGVV   -9.5758  -10.1924   -0.6166    0.4536
 7288 DIVEGMV   -6.6972   -7.6952   -0.9980    0.4536
 7289 DIMEGVV   -7.1478   -8.1458   -0.9980    0.4536
 7290 VIVKGDM  -10.6082  -10.7962   -0.1880    0.4536
 7291 VVVKGDF   -9.5415   -9.5106    0.0309    0.4536
 7292 IVVKGEF   -7.7489   -7.9409   -0.1920    0.4536
 7293 IVVEGKF   -7.7373   -7.9293   -0.1920    0.4536
 7294 IVVEGKV   -7.8336   -8.3442   -0.5106    0.4536
 7295 ILVVGKE   -7.5482   -9.4970   -1.9489    0.4536
 7296 IWVVGKE   -7.2481   -9.3218   -2.0737    0.4536
 7297 ILVVGKE   -7.5103   -9.4591   -1.9489    0.4536
 7298 ILVVGEK   -8.4080  -10.3569   -1.9489    0.4536
 7299 IYVVGDK   -5.8002   -7.0373   -1.2371    0.4536
 7300 IIKVGDV  -11.1433  -11.2110   -0.0677    0.4536
 7301 IFKVGDV  -10.6997  -10.4631    0.2366    0.4536
 7302 IFKVGDV  -10.6997  -10.4631    0.2366    0.4536
 7303 FFKVGEV   -8.3344   -8.1107    0.2237    0.4536
 7304 FFKVGEV   -8.3344   -8.1107    0.2237    0.4536
 7305 FFKVGEV   -8.3344   -8.1107    0.2237    0.4536
 7306 FFKVGEV   -8.3344   -8.1107    0.2237    0.4536
 7307 LFKVGEV   -8.0901   -9.4004   -1.3103    0.4536
 7308 LWKVGDV   -7.6072  -10.2592   -2.6520    0.4536
 7309 YWKVGDV   -8.3210   -8.1384    0.1826    0.4536
 7310 VWKVGDV  -11.1902  -10.7867    0.4034    0.4536
 7311 VWKVGEV   -9.8223   -9.7360    0.0863    0.4536
 7312 EVKVGVW   -7.2425   -7.1562    0.0863    0.4536
 7313 EVVKGVV   -7.7278   -9.6127   -1.8849    0.4536
 7314 EKVIGVV   -8.5583   -9.1803   -0.6220    0.4536
 7315 EIVKGVV   -9.0927   -9.6033   -0.5106    0.4536
 7316 EVVKGVI   -8.8203   -9.3309   -0.5106    0.4536
 7317 EVVKGVI   -8.8203   -9.3309   -0.5106    0.4536
 7318 ELVKGIM   -6.9839   -8.7844   -1.8006    0.4536
 7319 EMVKGII   -7.9885   -8.5593   -0.5709    0.4536
 7320 MEVKGII   -7.7277   -8.1871   -0.4594    0.4536
 7321 MKVIGEI   -8.2324   -8.6918   -0.4594    0.4536
 7322 MKVIGDV   -8.5903   -8.6669   -0.0766    0.4536
 7323 MVKVGDI  -10.9565  -11.0331   -0.0766    0.4536
 7324 MIKVGDV  -11.5461  -11.6226   -0.0766    0.4536
 7325 MIKVGDV  -11.5461  -11.6226   -0.0766    0.4536
 7326 MIKVGDV  -11.5461  -11.6226   -0.0766    0.4536
 7327 MIKVGDV  -11.5461  -11.6226   -0.0766    0.4536
 7328 MIKVGDV  -11.5461  -11.6226   -0.0766    0.4536
 7329 MKIVGDV  -10.3315  -10.4081   -0.0766    0.4536
 7330 MMIKGDV   -9.9375  -10.1200   -0.1826    0.4536
 7331 MMKIGDV  -10.1067  -10.1778   -0.0711    0.4536
 7332 MMKIGDV  -10.1067  -10.1778   -0.0711    0.4536
 7333 MMKIGDV  -10.1067  -10.1778   -0.0711    0.4536
 7334 MMKIGDV  -10.1067  -10.1778   -0.0711    0.4536
 7335 MMKIGDV  -10.1067  -10.1778   -0.0711    0.4536
 7336 MMKIGDV  -10.1067  -10.1778   -0.0711    0.4536
 7337 MMKIGDV  -10.1067  -10.1778   -0.0711    0.4536
 7338 MMKIGDM   -8.6905   -8.7562   -0.0657    0.4536
 7339 MMKIGDM   -8.6905   -8.7562   -0.0657    0.4536
 7340 MMKIGDM   -8.6905   -8.7562   -0.0657    0.4536
 7341 MVKMGDI   -8.0193   -8.0904   -0.0711    0.4536
 7342 MVKMGEI   -7.8719   -8.2602   -0.3883    0.4536
 7343 MIKMGEV   -8.4192   -8.8074   -0.3883    0.4536
 7344 MFKVGEM   -7.7486   -7.9126   -0.1640    0.4536
 7345 MFEVGKM   -5.5826   -5.7466   -0.1640    0.4536
 7346 MFAVGKE   -3.7480   -7.5277   -3.7797    0.4536
 7347 KFAVGME   -5.3786   -8.9355   -3.5569    0.4536
 7348 KFVAGME   -5.8959   -9.4527   -3.5569    0.4536
 7349 KFVAGME   -5.8959   -9.4527   -3.5569    0.4536
 7350 KGVAFME   -4.4813   -8.1496   -3.6683    0.4536
 7351 KGVAFLD   -5.2802   -9.0522   -3.7720    0.4536
 7352 KGMAFLE   -4.8741   -8.9578   -4.0837    0.4536
 7353 KGMEFLA   -2.3150   -6.2873   -3.9723    0.4536
 7354 KGMEFLA   -2.3580   -6.3303   -3.9723    0.4536
 7355 EGMEWLA   -0.5101   -4.4312   -3.9211    0.4536
 7356 AGMEFLD   -0.7624   -5.1161   -4.3537    0.4536
 7357 AGMEELF   -0.5233   -5.3056   -4.7823    0.4536
 7358 EGMAFLE   -1.5115   -6.4052   -4.8937    0.4536
 7359 KGMAFLE   -3.6034   -7.6871   -4.0837    0.4536
 7360 KGLAFME   -2.6269   -6.7106   -4.0837    0.4536
 7361 KGLAFME   -2.6269   -6.7106   -4.0837    0.4536
 7362 KGLAFME   -2.6269   -6.7106   -4.0837    0.4536
 7363 MGAKFLE   -3.7036   -7.5644   -3.8609    0.4536
 7364 MGAKFLE   -3.7036   -7.5644   -3.8609    0.4536
 7365 AGMKFVE   -4.8850   -8.3305   -3.4454    0.4536
 7366 MGEKFVA   -3.5436   -7.2119   -3.6683    0.4536
 7367 FGMKDVY   -5.5736   -6.3581   -0.7846    0.4536
 7368 YGMKFVD   -5.3555   -6.0287   -0.6731    0.4536
 7369 YGMKFMD   -3.3411   -4.0088   -0.6677    0.4536
 7370 YGMKFDM   -2.7588   -3.3150   -0.5563    0.4536
 7371 YGMKFDM   -1.8723   -2.4286   -0.5563    0.4610
 7372 MGMKFDI   -4.5157   -4.3168    0.1989    0.4610
 7373 MGMKLID   -4.8060   -6.2526   -1.4466    0.4610
 7374 MGMKLID   -4.8060   -6.2526   -1.4466    0.4610
 7375 MGMKLID   -6.5265   -7.9731   -1.4466    0.4610
 7376 MGMKIVD   -7.9231   -7.9943   -0.0711    0.4610
 7377 MGMKIVD   -7.9231   -7.9943   -0.0711    0.4610
 7378 MGMKMVD   -9.4772  -10.9172   -1.4400    0.4610
 7379 MGMKMVD   -9.4772  -10.9172   -1.4400    0.4610
 7380 MGMKMVD   -9.4772  -10.9172   -1.4400    0.4610
 7381 MGMKMVD   -9.3291  -10.7691   -1.4400    0.4610
 7382 MGMKMVD   -9.3291  -10.7691   -1.4400    0.4610
 7383 MMMKGVD   -8.8919  -10.4433   -1.5514    0.4610
 7384 MIMKGVD  -11.3510  -11.5336   -0.1826    0.4610
 7385 MIMKGVD  -11.3510  -11.5336   -0.1826    0.4610
 7386 MIMKGVD  -11.3510  -11.5336   -0.1826    0.4610
 7387 MIMEGVD   -8.9923   -9.9849   -0.9926    0.4610
 7388 MIMDGVK   -7.4640   -7.6465   -0.1826    0.4610
 7389 KIMVGDV   -7.3182   -7.5062   -0.1880    0.4610
 7390 KIVVGDM   -7.3987   -7.5867   -0.1880    0.4610
 7391 KIVVGDW   -7.2940   -8.8278   -1.5337    0.4610
 7392 KIVVGDW   -7.2940   -8.8278   -1.5337    0.4610
 7393 KVVIGDW   -7.1693   -8.7030   -1.5337    0.4610
 7394 KVVIGDW   -7.1693   -8.7030   -1.5337    0.4610
 7395 KMIAGDW   -4.7754   -5.7797   -1.0043    0.4610
 7396 KMAIGDW   -4.2422   -5.2465   -1.0043    0.4610
 7397 GMVKGDW   -6.4000   -8.6798   -2.2797    0.4610
 7398 GMVKGDW   -6.4000   -8.6798   -2.2797    0.4610
 7399 GIVDGDW   -6.1106   -7.5143   -1.4037    0.4610
 7400 GIIDGDW   -6.5514   -6.9408   -0.3894    0.4610
 7401 GDIIGDW   -5.6302   -6.0196   -0.3894    0.4610
 7402 GWIIGDE   -8.5508   -9.4802   -0.9294    0.4610
 7403 GWIIGDE   -8.5508   -9.4802   -0.9294    0.4610
 7404 GVIIGDE   -8.0175  -11.0467   -3.0291    0.4610
 7405 GVIIGEK   -7.5785  -10.1148   -2.5363    0.4610
 7406 GIIIGEK   -9.8131  -10.9751   -1.1620    0.4610
 7407 GIIIGEK   -9.8131  -10.9751   -1.1620    0.4610
 7408 GIIIGEK   -9.8131  -10.9751   -1.1620    0.4610
 7409 GIIIGEK   -9.8131  -10.9751   -1.1620    0.4610
 7410 GIKIGEI   -8.9697   -9.7974   -0.8277    0.4610
 7411 GIKIGEI   -8.9697   -9.7974   -0.8277    0.4610
 7412 IIKEGGI   -7.4430   -8.6050   -1.1620    0.4610
 7413 KEIIGGI   -6.3529   -7.5149   -1.1620    0.4610
 7414 KEIIGGL   -4.4767   -7.4285   -2.9517    0.4610
 7415 KEVIGGL   -2.8738   -7.1998   -4.3260    0.4610
 7416 KEVIGGI   -6.0595   -8.5958   -2.5363    0.4610
 7417 KEVIGGI   -6.0595   -8.5958   -2.5363    0.4610
 7418 KDVIGGI   -5.0206   -7.2398   -2.2191    0.4610
 7419 IDVKGGI   -6.1886   -8.1849   -1.9963    0.4610
 7420 IDVKGGI   -6.1886   -8.1849   -1.9963    0.4610
 7421 IDVKGAI   -6.3640   -8.3477   -1.9837    0.4610
 7422 IVKIGAD   -7.7105   -9.6943   -1.9837    0.4610
 7423 VIKIGAD   -8.3411  -10.3248   -1.9837    0.4610
 7424 VIKIGAD   -8.3411  -10.3248   -1.9837    0.4610
 7425 VMKIGAD   -6.4985   -9.8511   -3.3526    0.4610
 7426 VLKIGAD   -6.0052   -9.7787   -3.7734    0.4610
 7427 IKDLGAV   -4.6193   -8.5041   -3.8849    0.4610
 7428 IKDLGAV   -4.6193   -8.5041   -3.8849    0.4610
 7429 IKEVGAL   -6.2422  -10.4442   -4.2020    0.4610
 7430 LKEIGAI   -4.8295   -7.6572   -2.8277    0.4610
 7431 LKEIGIA   -6.1774   -9.0051   -2.8277    0.4610
 7432 LKEIGIA   -6.1774   -9.0051   -2.8277    0.4610
 7433 LKEIGIA   -6.1774   -9.0051   -2.8277    0.4610
 7434 FKEIGIA   -7.5288   -8.3425   -0.8137    0.4610
 7435 FKEIGIA   -7.5288   -8.3425   -0.8137    0.4610
 7436 FKEIGIA   -7.5288   -8.3425   -0.8137    0.4610
 7437 FKEIGIA   -7.5288   -8.3425   -0.8137    0.4610
 7438 FKEIGIA   -7.5288   -8.3425   -0.8137    0.4610
 7439 AKEIGIF   -7.6375   -8.4512   -0.8137    0.4610
 7440 AKIEGIF   -7.8140   -8.5163   -0.7023    0.4610
 7441 AKIEGIF   -7.8140   -8.5163   -0.7023    0.4610
 7442 AFEIGIK   -5.2694   -5.9717   -0.7023    0.4610
 7443 AIIIGEK   -8.2953   -9.5562   -1.2609    0.4610
 7444 AIIIGEE   -8.4245  -10.4954   -2.0709    0.4610
 7445 AILIGDE   -8.5108  -12.0543   -3.5434    0.4610
 7446 AILIGDD   -9.1449  -12.3711   -3.2263    0.4610
 7447 AILIGDE   -8.9915  -12.5349   -3.5434    0.4610
 7448 AILIGDK   -9.1868  -11.9202   -2.7334    0.4610
 7449 GIVKGDI   -9.2607  -11.2570   -1.9963    0.4610
 7450 GIVKGID   -7.8499   -9.8462   -1.9963    0.4610
 7451 GIVIGKD   -7.9534  -10.1725   -2.2191    0.4610
 7452 GIVIGKD   -7.9534  -10.1725   -2.2191    0.4610
 7453 YIVIGKD   -8.8735   -8.7363    0.1371    0.4610
 7454 YIVIGED   -8.5307   -9.2036   -0.6729    0.4610
 7455 YIVIGEE   -8.7135   -9.7035   -0.9900    0.4610
 7456 YIVIGEE   -8.7135   -9.7035   -0.9900    0.4610
 7457 YIVLGDD   -8.0616  -10.2070   -2.1454    0.4610
 7458 YIVLGDD   -7.9331  -10.0786   -2.1454    0.4610
 7459 YVILGDD   -8.0843  -10.2297   -2.1454    0.4610
 7460 YVILGDD   -8.0843  -10.2297   -2.1454    0.4610
 7461 YMILGDD   -7.9517  -10.0917   -2.1400    0.4610
 7462 LMILGDD   -6.2077  -11.4622   -5.2546    0.4610
 7463 LVILGDK   -6.0983  -10.7854   -4.6871    0.4610
 7464 FVVVGDK   -8.8868   -9.0788   -0.1920    0.4610
 7465 FVVVGDD   -9.2313   -9.9162   -0.6849    0.4610
 7466 FLVVGDD   -7.7805   -9.6008   -1.8203    0.4610
 7467 FLVVGKD   -6.4261   -7.7535   -1.3274    0.4610
 7468 FVLVGDD   -7.9734   -9.7937   -1.8203    0.4610
 7469 DVFVGDL   -4.9536   -6.5511   -1.5974    0.4610
 7470 DVFVGLD   -6.5962   -8.1936   -1.5974    0.4610
 7471 DIFVGVK  -10.4644  -10.3392    0.1251    0.4610
 7472 DILVGVK  -10.8977  -12.3065   -1.4089    0.4610
 7473 DILVGVK  -10.8977  -12.3065   -1.4089    0.4610
 7474 DVLVGVK   -9.7521  -11.7352   -1.9831    0.4610
 7475 KVLVGVD   -9.3657  -11.3488   -1.9831    0.4610
 7476 KVLVGVD   -9.3657  -11.3488   -1.9831    0.4610
 7477 KVLMGVD   -7.9366   -9.9143   -1.9777    0.4610
 7478 KVLMGVD   -7.9366   -9.9143   -1.9777    0.4610
 7479 KVLMGVD   -7.9366   -9.9143   -1.9777    0.4610
 7480 KVLMGVD   -7.9366   -9.9143   -1.9777    0.4610
 7481 KVLMGVD   -7.9366   -9.9143   -1.9777    0.4610
 7482 EVLMGVD   -5.7920   -8.5797   -2.7877    0.4610
 7483 EMLVGMD   -5.2322   -8.0145   -2.7823    0.4610
 7484 DILVGEM   -7.3974   -9.6908   -2.2934    0.4610
 7485 KILVGEM  -10.7278  -12.5284   -1.8006    0.4610
 7486 KILVGEM  -10.7278  -12.5284   -1.8006    0.4610
 7487 KILVGEM  -10.7278  -12.5284   -1.8006    0.4610
 7488 KILVGEV  -10.9696  -12.6956   -1.7260    0.4610
 7489 KIVVGEL   -8.9220  -10.6480   -1.7260    0.4610
 7490 KIVVGLE  -10.1180  -11.8440   -1.7260    0.4610
 7491 KIVVGLE  -10.1180  -11.8440   -1.7260    0.4610
 7492 KILVGVE   -9.6659  -11.3919   -1.7260    0.4610
 7493 KIEVGVV   -8.5618   -8.9610   -0.3991    0.4610
 7494 EIVKGVV   -9.3626   -9.8732   -0.5106    0.4610
 7495 DIVKGVV   -9.6034   -9.7969   -0.1934    0.4610
 7496 KDVLGVV   -7.6583   -9.7528   -2.0946    0.4610
 7497 KDVLGVV   -7.6583   -9.7528   -2.0946    0.4610
 7498 KMVDGVV   -7.4684   -9.0307   -1.5623    0.4610
 7499 KVVDGMV   -7.5947   -9.1570   -1.5623    0.4610
 7500 KVLVGMD  -11.2654  -13.2432   -1.9777    0.4610
 7501 KVLVGMD  -11.2654  -13.2432   -1.9777    0.4610
 7502 KVLVGMD  -11.2654  -13.2432   -1.9777    0.4610
 7503 KVLVGMD  -11.2654  -13.2432   -1.9777    0.4610
 7504 KVLVGID  -10.6510  -12.0599   -1.4089    0.4610
 7505 KILVGVD  -12.8619  -14.2707   -1.4089    0.4610
 7506 KIVVGLD  -11.6203  -13.0291   -1.4089    0.4610
 7507 LIDVGKV   -5.5851   -6.8825   -1.2974    0.4610
 7508 FIDVGKV   -6.7374   -6.5009    0.2366    0.4610
 7509 FIDVGKV   -6.7374   -6.5009    0.2366    0.4610
 7510 FIDVGKV   -6.7374   -6.5009    0.2366    0.4610
 7511 FVDVGKI   -6.8448   -6.6082    0.2366    0.4610
 7512 FVDVGKI   -6.8448   -6.6082    0.2366    0.4610
 7513 MKEVGVI  -10.3935  -10.8987   -0.5051    0.4610
 7514 MKDVGVI  -10.0540  -10.2420   -0.1880    0.4610
 7515 MKDVGVI  -10.0540  -10.2420   -0.1880    0.4610
 7516 MKDVGVI  -10.0540  -10.2420   -0.1880    0.4610
 7517 MKIVGVD  -10.5679  -10.6445   -0.0766    0.4610
 7518 KMIVGVD   -9.9990  -10.1870   -0.1880    0.4610
 7519 KMIVGVD   -9.9990  -10.1870   -0.1880    0.4610
 7520 MKIEGVV   -8.5299   -8.9236   -0.3937    0.4610
 7521 MKIVGVE   -8.4896   -8.8833   -0.3937    0.4610
 7522 MIKVGVD  -12.3477  -12.4243   -0.0766    0.4610
 7523 MIKVGVD  -12.3477  -12.4243   -0.0766    0.4610
 7524 MLKVGVD  -10.2197  -12.0860   -1.8663    0.4610
 7525 MKLVGVD  -11.1028  -12.9691   -1.8663    0.4610
 7526 MKLVGVD  -11.1028  -12.9691   -1.8663    0.4610
 7527 MKLVGVE  -11.1528  -13.3363   -2.1834    0.4610
 7528 MKLVGVE  -11.1528  -13.3363   -2.1834    0.4610
 7529 MKFVGVE  -11.0385  -11.2079   -0.1694    0.4610
 7530 MKFVGVD  -11.1846  -11.0368    0.1477    0.4610
 7531 MKVVGFD  -10.5311  -10.3833    0.1477    0.4610
 7532 KMVVGFD   -9.9514   -9.9152    0.0363    0.4610
 7533 KLVVGFD   -9.5974  -10.7019   -1.1046    0.4610
 7534 KLVVGID  -10.3928  -11.8017   -1.4089    0.4610
 7535 KVVVGID  -10.9624  -11.1558   -0.1934    0.4610
 7536 KFVVGID   -9.3675   -9.2423    0.1251    0.4610
 7537 EGVVFID   -6.8468   -7.6430   -0.7963    0.4610
 7538 EGVVFKI   -8.9178   -9.1098   -0.1920    0.4610
 7539 EGVVFKI   -8.9178   -9.1098   -0.1920    0.4610
 7540 EGVVIKF   -7.4833   -7.6753   -0.1920    0.4610
 7541 DGVVIKI   -7.6064   -7.7856   -0.1791    0.4610
 7542 DIMVVKG   -7.3701   -7.6695   -0.2994    0.4610
 7543 MIVVDEG   -8.1344   -9.3552   -1.2209    0.4610
 7544 MIMVDGE   -8.3553   -9.4593   -1.1040    0.4610
 7545 IVMIDGE   -8.3493   -9.5244   -1.1751    0.4610
 7546 IVMIDGE   -8.0967   -9.2719   -1.1751    0.4610
 7547 IVFIEGK   -4.1402   -6.2693   -2.1291    0.4610
 7548 IVFMEGK   -5.3899   -5.7679   -0.3780    0.4610
 7549 FMVVKGE   -5.3139   -5.7062   -0.3923    0.4610
 7550 FVVVEGK   -7.5486   -7.9463   -0.3977    0.4610
 7551 FVVVEGE   -8.3373   -9.5450   -1.2077    0.4610
 7552 FEVVEGV   -7.3619   -8.3468   -0.9849    0.4610
 7553 VEVVEGF   -8.7999   -9.7848   -0.9849    0.4610
 7554 VVVAEGE   -4.8896  -10.9719   -6.0823    0.4610
 7555 VVAVELE   -7.0550  -10.2641   -3.2091    0.4610
 7556 VVVAELE   -7.5101  -10.7193   -3.2091    0.4610
 7557 LVVAEVE   -7.8575  -11.0666   -3.2091    0.4610
 7558 LVVAEVE   -7.8575  -11.0666   -3.2091    0.4610
 7559 LVVVEAE   -8.3857  -11.5949   -3.2091    0.4610
 7560 LVMADVE   -7.4989  -10.3855   -2.8866    0.4610
 7561 DLMAVVD   -7.2328   -9.9137   -2.6809    0.4610
 7562 VLAMVDD   -6.6361   -9.4284   -2.7923    0.4610
 7563 AVLMVDD   -6.6117   -9.4040   -2.7923    0.4610
 7564 DVVLMAD   -6.8567   -9.5376   -2.6809    0.4610
 7565 MMVLDAD   -9.4166  -11.9806   -2.5640    0.4610
 7566 KMVLMAD   -9.4695  -11.6520   -2.1826    0.4610
 7567 KMVIMAE   -9.3268  -10.0368   -0.7100    0.4610
 7568 KMVIMAE   -9.2374   -9.9474   -0.7100    0.4610
 7569 KMVIMAE   -9.2374   -9.9474   -0.7100    0.4610
 7570 KMVIMAE   -9.2374   -9.9474   -0.7100    0.4610
 7571 KMVIMAE   -9.2374   -9.9474   -0.7100    0.4610
 7572 VMIVKAE   -6.3936   -6.9976   -0.6040    0.4610
 7573 VMIVEAE   -8.6977  -10.1117   -1.4140    0.4610
 7574 AMIVKVE   -6.3969   -7.0009   -0.6040    0.4610
 7575 AMIVKVE   -6.6660   -7.2700   -0.6040    0.4725
 7576 AMVIDVE   -7.6302   -8.7271   -1.0969    0.4725
 7577 AMVVKIE   -7.7734   -8.3774   -0.6040    0.4725
 7578 AKMVVID  -10.0158  -10.3026   -0.2869    0.4725
 7579 AKMVVIE  -10.2094  -10.8134   -0.6040    0.4725
 7580 AEMVVIK   -9.4573  -10.0613   -0.6040    0.4725
 7581 AEVVMFD   -6.5282   -7.4008   -0.8726    0.4725
 7582 AMVVEFD   -8.4601   -9.3326   -0.8726    0.4725
 7583 AMVVEEF   -8.5301   -9.8312   -1.3011    0.4725
 7584 AMVVEDF   -9.1833  -10.1673   -0.9840    0.4725
 7585 AMVVEFK   -7.9230   -8.3027   -0.3797    0.4725
 7586 AMVVEFE   -8.1920   -9.3818   -1.1897    0.4725
 7587 AMVVEVE   -9.1435  -11.9318   -2.7883    0.4725
 7588 MMVVEVE   -9.7900  -11.0569   -1.2669    0.4725
 7589 MMMVEVD   -9.7205  -10.7448   -1.0243    0.4725
 7590 MMVMEVD   -9.2723  -10.2966   -1.0243    0.4725
 7591 MMVDMVD   -8.3685   -9.0756   -0.7071    0.4725
 7592 MMVEMVD   -7.9462   -8.9705   -1.0243    0.4725
 7593 VMVEMAD   -6.1161   -8.5818   -2.4657    0.4725
 7594 VMIEMAD   -7.0218   -8.1132   -1.0914    0.4725
 7595 VMIAMED   -7.2832   -8.5975   -1.3143    0.4725
 7596 MMIVMED   -7.5640  -10.6368   -3.0729    0.4725
 7597 MMIVMED   -7.5640  -10.6368   -3.0729    0.4725
 7598 MMIVGDE   -9.2497  -10.4651   -1.2154    0.4725
 7599 MFIVGDD   -8.8318   -9.4970   -0.6651    0.4725
 7600 MDIVGEF   -6.2902   -6.9382   -0.6480    0.4725
 7601 MDMVGEF   -6.0036   -6.6605   -0.6569    0.4725
 7602 MIDVGEF   -6.5700   -7.2180   -0.6480    0.4725
 7603 FIEVGDM   -6.6829   -7.3309   -0.6480    0.4725
 7604 MEIVGDM   -7.2306   -8.1118   -0.8811    0.4725
 7605 MKIVGDI  -11.7913  -11.9336   -0.1423    0.4725
 7606 MIKVGDI  -11.6261  -11.7684   -0.1423    0.4725
 7607 MIKVGDI  -11.6261  -11.7684   -0.1423    0.4725
 7608 MIKVGDI  -11.6261  -11.7684   -0.1423    0.4725
 7609 MIKVGDV  -11.4917  -11.5683   -0.0766    0.4725
 7610 MVKVGDI  -10.2276  -10.3042   -0.0766    0.4725
 7611 KFMVGDI   -9.3823   -9.3317    0.0506    0.4725
 7612 FKMVGEI   -7.3242   -7.4793   -0.1551    0.4725
 7613 FKMVGEF   -6.4467   -6.2976    0.1491    0.4725
 7614 FKMVGEM   -7.1698   -7.3338   -0.1640    0.4725
 7615 FKMVGEM   -7.1698   -7.3338   -0.1640    0.4725
 7616 FKMMGVE   -4.6426   -4.8066   -0.1640    0.4725
 7617 FKMVGME   -8.7555   -8.9195   -0.1640    0.4725
 7618 KFMVGME  -10.0586  -10.3340   -0.2754    0.4725
 7619 KFMVGME  -10.0586  -10.3340   -0.2754    0.4725
 7620 KGMVFME   -8.8648   -9.2516   -0.3869    0.4725
 7621 KGMVFME   -8.8648   -9.2516   -0.3869    0.4725
 7622 YGKVFMD   -5.4035   -6.1880   -0.7846    0.4725
 7623 YGKVFMD   -5.4035   -6.1880   -0.7846    0.4725
 7624 YGKVFMD   -5.4035   -6.1880   -0.7846    0.4725
 7625 YGKIFMD   -5.6301   -5.0404    0.5897    0.4725
 7626 YGKIFMD   -5.6301   -5.0404    0.5897    0.4725
 7627 YGKIFMD   -5.6301   -5.0404    0.5897    0.4725
 7628 YVKIGMD   -4.8219   -5.7193   -0.8974    0.4725
 7629 YMEIGMD   -3.9933   -5.6953   -1.7020    0.4725
 7630 YELIGMD   -4.6344   -6.7573   -2.1229    0.4725
 7631 YGILKMD   -4.3482   -5.6610   -1.3129    0.4725
 7632 KGIIYMD   -6.5363   -6.3223    0.2140    0.4725
 7633 KGIIYEY   -2.7585   -3.5365   -0.7780    0.4725
 7634 KGIIYEY   -2.7585   -3.5365   -0.7780    0.4725
 7635 KGIIYEY   -2.7585   -3.5365   -0.7780    0.4725
 7636 KGIIYDY   -3.8434   -4.3042   -0.4609    0.4725
 7637 KGIIYDY   -4.4751   -4.9360   -0.4609    0.4725
 7638 KYIIGDV   -8.2219   -7.8619    0.3600    0.4725
 7639 KYIIGDV   -8.2219   -7.8619    0.3600    0.4725
 7640 KVIIGDY   -8.3052   -7.9452    0.3600    0.4725
 7641 KVIIGDY   -8.3052   -7.9452    0.3600    0.4725
 7642 IIKVGDY   -9.0828   -8.6114    0.4714    0.4725
 7643 FIKVGDV   -9.6193   -9.3827    0.2366    0.4725
 7644 IIKVGDV  -10.6273  -10.6950   -0.0677    0.4725
 7645 IFKVGDY   -9.8622   -9.1665    0.6957    0.4725
 7646 IFKVGDM   -9.8263   -9.6643    0.1620    0.4725
 7647 IIKMGDM   -9.1427   -9.3596   -0.2169    0.4725
 7648 IIKMGDM   -9.1427   -9.3596   -0.2169    0.4725
 7649 DIMIGKM   -9.2300   -9.5583   -0.3283    0.4725
 7650 IEMIGDM   -7.9749   -9.0017   -1.0269    0.4725
 7651 DEMIGIM   -6.5432   -7.7929   -1.2497    0.4725
 7652 DKMIGIM   -8.2687   -8.7084   -0.4397    0.4725
 7653 MKMIGID  -10.1326  -10.3495   -0.2169    0.4725
 7654 MIMIGKE   -9.7990  -10.6673   -0.8683    0.4725
 7655 MIMIGDE  -10.0329  -11.3941   -1.3611    0.4725
 7656 MIVIGDE   -9.8425  -11.1291   -1.2866    0.4725
 7657 MIVIGDD  -10.0879  -11.0573   -0.9694    0.4725
 7658 MIVIGDK   -9.5881  -10.0647   -0.4766    0.4725
 7659 MIVIGDD  -10.1499  -11.1193   -0.9694    0.4725
 7660 MIVIGED   -9.8362  -11.1228   -1.2866    0.4725
 7661 MIVIGED   -9.8362  -11.1228   -1.2866    0.4725
 7662 MIVLGKE   -8.0028  -10.0262   -2.0234    0.4725
 7663 MIVLGEE   -8.6027  -11.4361   -2.8334    0.4725
 7664 MIVLGEE   -8.6027  -11.4361   -2.8334    0.4725
 7665 MIVLGDE   -9.2692  -11.7855   -2.5163    0.4725
 7666 MIVMGDE  -10.0639  -11.2793   -1.2154    0.4725
 7667 MIVMGDE  -10.0639  -11.2793   -1.2154    0.4725
 7668 MIVMGDE  -10.0639  -11.2793   -1.2154    0.4725
 7669 MMIVGDE   -7.9058   -9.1212   -1.2154    0.4725
 7670 MFVMGDE   -7.4716   -8.4628   -0.9911    0.4725
 7671 MVFMGDE   -7.4949   -8.4861   -0.9911    0.4725
 7672 MMFVGEE   -6.3536   -7.6619   -1.3083    0.4725
 7673 MGFVMEK   -4.7877   -5.1745   -0.3869    0.4725
 7674 KGLVMEM   -6.5988   -8.8882   -2.2894    0.4725
 7675 KMLVGEM   -8.3716  -10.6610   -2.2894    0.4725
 7676 KMLVGEM   -8.3716  -10.6610   -2.2894    0.4725
 7677 KMLVGEM   -8.3716  -10.6610   -2.2894    0.4725
 7678 KVLEGVM   -5.4538   -7.7487   -2.2949    0.4725
 7679 KMLEGVV   -5.7937   -8.0885   -2.2949    0.4725
 7680 KMLVGDV   -8.0901  -10.0678   -1.9777    0.4725
 7681 KMLVGEV   -8.8290  -11.1239   -2.2949    0.4725
 7682 KLVVGEV   -8.4383  -10.7386   -2.3003    0.4725
 7683 KLVVGEV   -8.4383  -10.7386   -2.3003    0.4725
 7684 KLVVGEV   -8.4383  -10.7386   -2.3003    0.4725
 7685 KFVVGEV   -7.9222   -8.2084   -0.2863    0.4725
 7686 KVVVGEV   -8.2763  -10.1612   -1.8849    0.4725
 7687 KVVVGEV   -8.2763  -10.1612   -1.8849    0.4725
 7688 KVLVGEI   -7.2988   -9.0248   -1.7260    0.4725
 7689 KVFVGEF   -7.9034   -7.7911    0.1123    0.4725
 7690 KFVVGDF   -5.1834   -4.7540    0.4294    0.4725
 7691 KFMVGDF   -5.3494   -4.9946    0.3549    0.4725
 7692 KMMVGDW   -7.4620   -7.3192    0.1429    0.4725
 7693 KMMVGEW   -7.9728   -8.1470   -0.1743    0.4725
 7694 KMVMGEW   -6.3557   -6.5300   -0.1743    0.4725
 7695 KMMVGEW   -7.3952   -7.5694   -0.1743    0.4725
 7696 KMMVGEW   -7.3952   -7.5694   -0.1743    0.4725
 7697 MMKEGVW   -6.5793   -6.8650   -0.2857    0.4725
 7698 MMKDGVW   -4.6751   -4.6437    0.0314    0.4725
 7699 MGKDMVW   -4.4425   -4.4110    0.0314    0.4725
 7700 MGKEMVV   -5.0229   -7.0083   -1.9854    0.4725
 7701 MMKEGVV   -5.5624   -7.5479   -1.9854    0.4725
 7702 MMKEGVV   -5.5624   -7.5479   -1.9854    0.4725
 7703 MMKEGVV   -5.5624   -7.5479   -1.9854    0.4725
 7704 MVKEWGM   -4.3767   -4.5510   -0.1743    0.4725
 7705 MWKEVGM   -5.6074   -5.7817   -0.1743    0.4725
 7706 VWKEVGV   -8.2039   -8.2290   -0.0251    0.4725
 7707 VIKEVGW   -5.8956   -7.7464   -1.8509    0.4725
 7708 VIKEVGW   -5.8956   -7.7464   -1.8509    0.4725
 7709 VVKEIGW   -5.4960   -7.3468   -1.8509    0.4725
 7710 VIDIEMG   -2.9005   -3.8528   -0.9523    0.4725
 7711 VIMIDEG   -5.9179   -7.2045   -1.2866    0.4725
 7712 VMIMEGE   -8.4386   -9.8597   -1.4211    0.4725
 7713 VMVIEGE  -10.2554  -11.6820   -1.4266    0.4725
 7714 MMVIEGD  -10.2641  -11.3681   -1.1040    0.4725
 7715 MMVIEGD  -10.2641  -11.3681   -1.1040    0.4725
 7716 VMMIEGK   -9.8978  -10.5090   -0.6111    0.4725
 7717 VMKIEAM   -8.2422   -8.7294   -0.4871    0.4725
 7718 MVMIEAK   -9.5554  -10.1539   -0.5986    0.4725
 7719 MVMIKAK   -5.8539   -6.9225   -1.0686    0.4725
 7720 MMVIEAK   -9.9469  -10.5455   -0.5986    0.4725
 7721 MVMIEAD  -10.7352  -11.8266   -1.0914    0.4725
 7722 MVMIKAE  -10.7904  -11.3890   -0.5986    0.4725
 7723 MEMIKAV   -9.6287  -10.1159   -0.4871    0.4725
 7724 MDMIKAV   -9.3944   -9.5644   -0.1700    0.4725
 7725 YDMIKVV   -5.6060   -6.8063   -1.2003    0.4725
 7726 VDMIKAV   -8.8458   -9.0212   -0.1754    0.4725
 7727 MDMIKVA   -9.8224   -9.9924   -0.1700    0.4725
 7728 MEMIKVA  -10.0331  -10.5202   -0.4871    0.4725
 7729 MEMIKVA  -10.0331  -10.5202   -0.4871    0.4725
 7730 AEMIMVK   -8.3478   -8.9463   -0.5986    0.4725
 7731 AEMIMVD   -8.0416   -9.1331   -1.0914    0.4725
 7732 AMMVEID  -10.2581  -11.3495   -1.0914    0.4725
 7733 AMMVEVD   -9.9874  -12.4531   -2.4657    0.4725
 7734 MIVVEAD  -10.7907  -11.8875   -1.0969    0.4725
 7735 MIVVEAD  -10.7907  -11.8875   -1.0969    0.4725
 7736 VIVVEAD  -10.8796  -11.9818   -1.1023    0.4725
 7737 VIVVDAD  -11.0033  -11.7884   -0.7851    0.4725
 7738 VIVVDAD  -11.0033  -11.7884   -0.7851    0.4725
 7739 IVVVEAD  -11.3883  -12.4905   -1.1023    0.4725
 7740 IVVVEAD  -11.3883  -12.4905   -1.1023    0.4725
 7741 IVVVEAD  -11.4833  -12.5856   -1.1023    0.4725
 7742 VVIVKAD  -11.3322  -11.6245   -0.2923    0.4725
 7743 VVIVKAD  -11.3322  -11.6245   -0.2923    0.4725
 7744 VVIVKAE  -11.3068  -11.9162   -0.6094    0.4725
 7745 VVIVKAE  -11.3068  -11.9162   -0.6094    0.4725
 7746 VIVVKAE  -11.5180  -12.1275   -0.6094    0.4725
 7747 VIKVVAE  -10.6288  -11.2382   -0.6094    0.4725
 7748 KIEVVAV   -8.5033   -9.1127   -0.6094    0.4725
 7749 VLEKVAV   -6.8548   -9.3654   -2.5106    0.4725
 7750 VLEKVAV   -6.8548   -9.3654   -2.5106    0.4725
 7751 VVEKYAL   -3.7577   -7.0892   -3.3314    0.4725
 7752 VVEYKAI   -3.9310   -5.2499   -1.3189    0.4725
 7753 VVEMKAI   -7.0782   -7.5708   -0.4926    0.4725
 7754 MVEVDAI   -7.7569   -8.7423   -0.9854    0.4725
 7755 MVEVEAI   -7.7057   -9.0083   -1.3026    0.4725
 7756 MVEVDAI   -7.6034   -8.5889   -0.9854    0.4725
 7757 VVEIDAV   -7.1204   -8.1113   -0.9909    0.4725
 7758 VEIVEAM   -7.7959   -9.0985   -1.3026    0.4725
 7759 VRIVEAM   -8.2322  -12.0888   -3.8566    0.4725
 7760 VKIVEAM  -12.7176  -13.2102   -0.4926    0.4725
 7761 VKIEMAM   -8.6716   -9.1587   -0.4871    0.4725
 7762 VKIMMAE  -10.4463  -11.0449   -0.5986    0.4725
 7763 KVIMMAE   -9.1679   -9.8779   -0.7100    0.4725
 7764 MVIGKGE   -6.2955  -10.0893   -3.7937    0.4725
 7765 GVIGKME   -5.3985   -9.0808   -3.6823    0.4725
 7766 GVIGKMD   -6.5695   -9.9346   -3.3651    0.4725
 7767 GVIGEMD   -6.1459  -10.3210   -4.1751    0.4725
 7768 GVIGEMD   -5.9943  -10.1694   -4.1751    0.4725
 7769 GVIGEFD   -7.4197  -10.0017   -2.5820    0.4725
 7770 GVIGDVE   -5.9334  -10.1140   -4.1806    0.4725
 7771 GILGDVE   -4.6755   -9.2715   -4.5960    0.4725
 7772 GILGDVK   -5.1296   -8.9156   -3.7860    0.4725
 7773 MIMGDVK   -7.7497   -7.9323   -0.1826    0.4725
 7774 DMWGMVK   -9.6362   -9.4934    0.1429    0.4725
 7775 DMWGMVK   -9.6362   -9.4934    0.1429    0.4725
 7776 DMWGMVK   -9.5240   -9.3811    0.1429    0.4737
 7777 DMWGMVK   -9.5240   -9.3811    0.1429    0.4737
 7778 DMWGMVK   -9.5240   -9.3811    0.1429    0.4737
 7779 DVIGMMK   -8.0492   -8.2317   -0.1826    0.4737
 7780 DVIGMWK   -5.2983   -6.9066   -1.6083    0.4737
 7781 DIVGMWK   -4.7607   -6.3689   -1.6083    0.4737
 7782 DIVGMWE   -3.1546   -5.5729   -2.4183    0.4737
 7783 EIVGMWD   -2.7759   -5.1942   -2.4183    0.4737
 7784 EIVGMME   -3.8913   -5.2010   -1.3097    0.4737
 7785 MIMGEVD   -6.2971   -7.2897   -0.9926    0.4737
 7786 DIMGEVM   -6.4161   -7.4087   -0.9926    0.4737
 7787 KIGMEVM   -7.2138   -7.6021   -0.3883    0.4737
 7788 MIGKEVM   -8.0529   -8.6640   -0.6111    0.4737
 7789 KMGMEVW   -6.3692   -6.4321   -0.0629    0.4737
 7790 KWGMEVM   -7.5303   -7.5932   -0.0629    0.4737
 7791 KIGMEVM   -8.1676   -8.5559   -0.3883    0.4737
 7792 KVGVDVM   -6.6970   -8.1479   -1.4509    0.4737
 7793 KMGVDMI   -6.3670   -6.4381   -0.0711    0.4737
 7794 KMGIDMV   -6.8347   -6.9058   -0.0711    0.4737
 7795 KMGIDMV   -6.8347   -6.9058   -0.0711    0.4737
 7796 KMGIDMV   -6.5921   -6.6633   -0.0711    0.4737
 7797 KMGIDMI   -6.1971   -6.4139   -0.2169    0.4737
 7798 YKGIDMI   -6.1385   -5.7016    0.4369    0.4737
 7799 IKGIEMY   -3.3786   -3.2589    0.1197    0.4737
 7800 IKGIMVD   -2.0401   -2.2938   -0.2537    0.4737
 7801 IKGIMLD   -2.7019   -6.0111   -3.3091    0.4737
 7802 IKGIMLE   -2.1913   -5.8176   -3.6263    0.4737
 7803 LDGIMLE   -1.3407   -6.6896   -5.3489    0.4737
 7804 LEGIMGE   -1.4829   -6.3906   -4.9077    0.4737
 7805 KEAIMGL   -1.9049   -6.2129   -4.3080    0.4737
 7806 LDAIKGM   -2.5463   -6.3143   -3.7680    0.4737
 7807 IDIAKGM   -3.9471   -5.9254   -1.9783    0.4737
 7808 IDIIMGK   -6.2423   -8.3218   -2.0794    0.4737
 7809 MDMIMGK   -8.0496   -8.2268   -0.1771    0.4737
 7810 MDVIMGD   -8.5351   -9.2105   -0.6754    0.4737
 7811 MMVIDGK   -9.2143   -9.5083   -0.2940    0.4737
 7812 MMVLDGK   -8.5677  -10.6514   -2.0837    0.4737
 7813 MEVLFGK   -7.7137   -9.2100   -1.4963    0.4737
 7814 EMVLFGE   -7.0411   -9.4588   -2.4177    0.4737
 7815 KMVLFGE  -10.0682  -11.6759   -1.6077    0.4737
 7816 KMVVFGE  -10.0627  -10.4550   -0.3923    0.4737
 7817 KLVMFGE   -9.8239  -11.4316   -1.6077    0.4737
 7818 KVVMFGE  -10.1815  -10.5738   -0.3923    0.4737
 7819 KVIMFGE  -10.1339  -10.5119   -0.3780    0.4737
 7820 KMIFVGE  -10.4045  -10.7825   -0.3780    0.4737
 7821 KMIFVGD  -10.8858  -10.9466   -0.0609    0.4737
 7822 KMIFVGD  -10.8858  -10.9466   -0.0609    0.4737
 7823 KMIVVGD  -12.8489  -13.1483   -0.2994    0.4737
 7824 KVIVMGD  -13.3384  -13.6378   -0.2994    0.4737
 7825 KVIVMGD  -13.3384  -13.6378   -0.2994    0.4737
 7826 KIVVMGD  -12.7232  -13.0227   -0.2994    0.4737
 7827 KIVVMGD  -12.7232  -13.0227   -0.2994    0.4737
 7828 KVVVMGD  -11.5794  -13.2531   -1.6737    0.4737
 7829 KVVVLGD  -11.0649  -13.1595   -2.0946    0.4737
 7830 KIVVMGD  -10.8095  -11.1089   -0.2994    0.4737
 7831 KVVVFGD  -12.2149  -12.2955   -0.0806    0.4737
 7832 KVVVFGD  -12.2149  -12.2955   -0.0806    0.4737
 7833 EVVVFGD   -8.9193   -9.8098   -0.8906    0.4737
 7834 EVVVFGK  -10.1476  -10.5454   -0.3977    0.4737
 7835 EVKVFGV  -10.1655  -10.3403   -0.1749    0.4737
 7836 VVKIFGE   -9.7422   -9.9342   -0.1920    0.4737
 7837 IEVVFGE   -7.4181   -8.4201   -1.0020    0.4737
 7838 IVVDFGK   -7.0834   -6.9583    0.1251    0.4737
 7839 FVVDIGK   -7.0061   -6.8809    0.1251    0.4737
 7840 MMVDIGD   -8.7240   -9.3995   -0.6754    0.4737
 7841 MVVDVGK   -6.6389   -8.2012   -1.5623    0.4737
 7842 GVVDVID   -7.4540   -8.1403   -0.6863    0.4737
 7843 GVIDVVD   -6.8072   -7.4935   -0.6863    0.4737
 7844 GVVDVKI   -6.8686   -6.9506   -0.0820    0.4737
 7845 DVVVDGW   -7.9604   -8.1613   -0.2009    0.4737
 7846 DVVDGVW   -3.4560   -3.6569   -0.2009    0.4737
 7847 DDVVGVW   -4.1732   -4.4854   -0.3123    0.4737
 7848 KVDVGVW   -6.9690   -6.5656    0.4034    0.4737
 7849 KEMVGVW   -6.9330   -7.1442   -0.2111    0.4737
 7850 MEKVGVW   -8.1493   -8.2490   -0.0997    0.4737
 7851 MEKVGVW   -8.1493   -8.2490   -0.0997    0.4737
 7852 KGMVEVW   -8.2380   -8.3377   -0.0997    0.4737
 7853 KGVMEVW   -4.9426   -5.0424   -0.0997    0.4737
 7854 KGMVEVW   -8.6171   -8.7168   -0.0997    0.4737
 7855 EGMVEVW   -6.0850   -6.9948   -0.9097    0.4737
 7856 DGEVMVW   -6.7051   -7.4091   -0.7040    0.4737
 7857 DGEVYVW   -6.0963   -6.9466   -0.8503    0.4737
 7858 KGDVYVW   -5.7070   -5.7473   -0.0403    0.4737
 7859 DGKVFVW   -6.2650   -7.6059   -1.3409    0.4737
 7860 DGKVFVW   -6.2650   -7.6059   -1.3409    0.4737
 7861 KGDVVVW   -5.9544   -5.7738    0.1806    0.4737
 7862 KGVVWVD   -9.5525   -9.3719    0.1806    0.4737
 7863 KGVVWDV   -8.8035   -8.5115    0.2920    0.4737
 7864 KGVVWVD   -9.5839   -9.4033    0.1806    0.4737
 7865 KGVVWVD   -9.5839   -9.4033    0.1806    0.4737
 7866 EGVVWVD   -7.0317   -7.6611   -0.6294    0.4737
 7867 RGVVWVD   -7.3734  -10.5568   -3.1834    0.4737
 7868 DGVVWVD   -7.4878   -7.8001   -0.3123    0.4737
 7869 VGVVWDD   -9.7609  -10.0732   -0.3123    0.4737
 7870 VGVVIDD   -8.5445   -9.3422   -0.7977    0.4737
 7871 IGVVVDD   -8.8608   -9.6585   -0.7977    0.4737
 7872 MIVVEVD   -8.7872  -11.4881   -2.7009    0.4737
 7873 MIVVEAD   -9.7928  -10.8897   -1.0969    0.4737
 7874 VIVVEDA   -9.4300  -10.6437   -1.2137    0.4737
 7875 VIVVEAD   -9.9702  -11.0725   -1.1023    0.4737
 7876 VIVVDAD   -9.3037  -10.0889   -0.7851    0.4737
 7877 MVIVDDA  -10.1993  -11.0904   -0.8911    0.4737
 7878 MIVVDDA   -9.8304  -10.7215   -0.8911    0.4737
 7879 DIVVAMD   -7.6144   -8.5056   -0.8911    0.4737
 7880 DIVVAMD   -6.9321   -7.8233   -0.8911    0.4737
 7881 DIVVDMA   -6.3377   -7.1175   -0.7797    0.4737
 7882 DIVMDMG   -5.4248   -6.1002   -0.6754    0.4737
 7883 DIVMDMA   -5.3726   -6.1469   -0.7743    0.4737
 7884 DIVMMDA   -6.3615   -7.1358   -0.7743    0.4737
 7885 DIVMMDA   -6.3615   -7.1358   -0.7743    0.4737
 7886 RIVMMDA   -8.2369  -11.8823   -3.6454    0.4737
 7887 KIVMMDA  -10.3724  -10.6538   -0.2814    0.4737
 7888 KIVMMDA  -10.3724  -10.6538   -0.2814    0.4737
 7889 KIMVMDA  -10.7281  -11.0095   -0.2814    0.4737
 7890 KVMVMAD   -9.2837  -11.0509   -1.7671    0.4737
 7891 KVMVMDA   -9.1640  -10.8197   -1.6557    0.4737
 7892 KVLVMDA   -9.2856  -11.3622   -2.0766    0.4737
 7893 KVLVMDA   -9.2856  -11.3622   -2.0766    0.4737
 7894 KVLVMDG   -9.2827  -11.3718   -2.0891    0.4737
 7895 MGKVLDL   -6.1616   -8.7633   -2.6017    0.4737
 7896 FGKVMDL   -5.4179   -6.4856   -1.0677    0.4737
 7897 FGKVMDL   -5.4179   -6.4856   -1.0677    0.4737
 7898 FGKVMDL   -5.4179   -6.4856   -1.0677    0.4737
 7899 YGKVMDL   -2.4611   -5.1483   -2.6871    0.4737
 7900 YGKVMGD   -1.8586   -7.4189   -5.5603    0.4737
 7901 FGMVWKD   -4.2458   -5.6612   -1.4154    0.4737
 7902 YGMVWKD   -5.2304   -5.2652   -0.0349    0.4737
 7903 YGMVWKD   -5.2304   -5.2652   -0.0349    0.4737
 7904 YGMVWED   -6.7189   -7.5638   -0.8449    0.4737
 7905 YGMVWED   -6.7189   -7.5638   -0.8449    0.4737
 7906 YGMVFED   -6.4914   -8.1974   -1.7060    0.4737
 7907 YGMVFED   -6.4914   -8.1974   -1.7060    0.4737
 7908 YGMVFEE   -5.9231   -7.9462   -2.0231    0.4737
 7909 EGMVFEV   -7.2053   -8.2961   -1.0909    0.4737
 7910 KGLVFEV   -6.3487   -7.7704   -1.4217    0.4737
 7911 KGVLFEV   -7.6370   -9.0587   -1.4217    0.4737
 7912 KGVLFEV   -7.6370   -9.0587   -1.4217    0.4737
 7913 KGVLFEV   -7.6370   -9.0587   -1.4217    0.4737
 7914 VGKVFEL   -6.3139   -7.6242   -1.3103    0.4737
 7915 VGEVFKF   -7.8681   -7.6444    0.2237    0.4737
 7916 VGEVVKF   -6.9699   -7.1448   -0.1749    0.4737
 7917 VVEVGKF   -8.4961   -8.6710   -0.1749    0.4737
 7918 VVEVGKW   -9.0526   -8.9663    0.0863    0.4737
 7919 VVEVGKW   -9.0526   -8.9663    0.0863    0.4737
 7920 VVEVGKW   -9.0526   -8.9663    0.0863    0.4737
 7921 VVEVGKW   -9.0526   -8.9663    0.0863    0.4737
 7922 VWKVGEV   -9.7685   -9.6822    0.0863    0.4737
 7923 VWKVGEM   -9.8515   -9.8398    0.0117    0.4737
 7924 VFKVGEM  -10.1412  -10.3107   -0.1694    0.4737
 7925 VFKVGEM  -10.1412  -10.3107   -0.1694    0.4737
 7926 VFKVGEM  -10.1412  -10.3107   -0.1694    0.4737
 7927 IFKVGEM  -10.2144  -10.3695   -0.1551    0.4737
 7928 IMKVGEM   -9.9859  -10.3742   -0.3883    0.4737
 7929 IKMVGEM   -9.3577   -9.7460   -0.3883    0.4737
 7930 KIMVGEL   -8.9278  -10.7284   -1.8006    0.4737
 7931 KIMVGEM   -9.3903   -9.8900   -0.4997    0.4737
 7932 KVMFGEM   -5.7834   -6.0588   -0.2754    0.4737
 7933 KVMFGEF   -4.6524   -4.6147    0.0377    0.4737
 7934 KVMFGEF   -4.6524   -4.6147    0.0377    0.4737
 7935 FFMEGKV   -2.4613   -2.4235    0.0377    0.4737
 7936 FFKEGMV   -4.7247   -4.7984   -0.0737    0.4737
 7937 FKFEGMV   -1.4573   -1.3081    0.1491    0.4737
 7938 FKFMGEV   -1.6328   -1.4836    0.1491    0.4737
 7939 FKVMGDM   -4.2115   -4.0583    0.1531    0.4737
 7940 FKVMGDF   -3.3705   -2.9043    0.4663    0.4737
 7941 FMVFGDK   -4.1039   -3.9719    0.1320    0.4737
 7942 FMVFGDE   -4.7093   -5.3873   -0.6780    0.4737
 7943 FMVKGDM   -4.0694   -4.0277    0.0417    0.4737
 7944 MMVKGDF   -4.3467   -4.3050    0.0417    0.4737
 7945 MMVDGDF   -5.5857   -6.0368   -0.4511    0.4737
 7946 MMVFGDD   -6.5286   -7.2026   -0.6740    0.4737
 7947 FMVFGDD   -5.6651   -6.0259   -0.3609    0.4737
 7948 FMVFGDD   -5.6651   -6.0259   -0.3609    0.4737
 7949 FMVVGDE   -7.2113   -8.2079   -0.9966    0.4737
 7950 FMVVGDE   -7.2113   -8.2079   -0.9966    0.4737
 7951 FMIVGDE   -7.5826   -8.5648   -0.9823    0.4737
 7952 FMIVGDD   -7.9650   -8.6301   -0.6651    0.4737
 7953 FIIVGDD   -8.1623  -10.5786   -2.4163    0.4737
 7954 GIIVGDD   -9.2711  -11.9831   -2.7120    0.4737
 7955 GIIIGDD  -10.7100  -12.0477   -1.3377    0.4737
 7956 GIIIGDD  -10.7164  -12.0541   -1.3377    0.4737
 7957 GIIIGDD  -10.7164  -12.0541   -1.3377    0.4737
 7958 AIVIGDK   -8.8757  -11.1937   -2.3180    0.4737
 7959 AIVIGDE   -8.2478  -11.3758   -3.1280    0.4737
 7960 GIIVGDE   -8.9095  -11.9386   -3.0291    0.4737
 7961 GEIVGKI   -5.9541   -8.2675   -2.3134    0.4737
 7962 GEIVGIK   -5.7374   -8.0508   -2.3134    0.4737
 7963 GIIKGVE   -8.5542  -10.8676   -2.3134    0.4737
 7964 GIIKGAE   -5.8733  -11.4627   -5.5894    0.4737
 7965 GIIKGAE   -5.8733  -11.4627   -5.5894    0.4737
 7966 GIIKGYE   -5.0393   -8.1736   -3.1343    0.4737
 7967 GWIKGYD   -4.6469   -6.3786   -1.7317    0.4737
 7968 GIIEGYD   -4.1107   -7.7378   -3.6271    0.4737
 7969 GIIKGID   -7.2803   -7.9023   -0.6220    0.4737
 7970 GIIEGID   -6.5323   -7.9643   -1.4320    0.4737
 7971 GIIEGIK   -6.7873   -7.7265   -0.9391    0.4737
 7972 GWIEGLK   -6.2800   -7.9235   -1.6434    0.4737
 7973 GWKEGLI   -6.0631   -7.8179   -1.7549    0.4737
 7974 GIKEGLW   -7.0838   -8.8387   -1.7549    0.4737
 7975 GIEKGIW   -7.1461   -7.4713   -0.3251    0.4737
 7976 GFEKGIW   -6.5756   -6.5964   -0.0209    0.4737
 7977 GFEKGIW   -7.0072   -7.0280   -0.0209    0.4542
 7978 GFEKGVW   -6.6422   -7.7573   -1.1151    0.4542
 7979 GWEKGVW   -7.1312   -7.3852   -0.2540    0.4542
 7980 GWEKGVW   -7.1312   -7.3852   -0.2540    0.4542
 7981 GWEKGVW   -7.1304   -7.3844   -0.2540    0.4542
 7982 GWVKGEW   -7.6205   -7.7631   -0.1426    0.4542
 7983 GWVKGEW   -7.6205   -7.7631   -0.1426    0.4542
 7984 GWVKGEW   -7.6205   -7.7631   -0.1426    0.4542
 7985 GWVKGEW   -7.6205   -7.7631   -0.1426    0.4542
 7986 GWVKGEW   -7.6205   -7.7631   -0.1426    0.4542
 7987 GWVKGEW   -7.6205   -7.7631   -0.1426    0.4542
 7988 GWVEGEW   -6.4934   -7.4459   -0.9526    0.4542
 7989 GWVKGEW   -8.9399   -9.0825   -0.1426    0.4542
 7990 GWKVGEW   -9.2271   -9.2583   -0.0311    0.4542
 7991 GWKVGEW   -9.2271   -9.2583   -0.0311    0.4542
 7992 GWKVGDW   -8.8879   -8.6019    0.2860    0.4542
 7993 GWKVGDW   -8.8879   -8.6019    0.2860    0.4542
 7994 GWKVGEW   -9.1930   -9.2242   -0.0311    0.4542
 7995 GWKVGEW   -9.1930   -9.2242   -0.0311    0.4542
 7996 GGKVWEW   -6.8993   -7.1533   -0.2540    0.4542
 7997 GGKVMEW   -6.1438   -8.8521   -2.7083    0.4542
 7998 GGKVMEW   -6.1438   -8.8521   -2.7083    0.4542
 7999 GGVVKDF   -5.1998   -8.5689   -3.3691    0.4542
 8000 GGMIKDF   -5.2274   -7.2168   -1.9894    0.4542
 8001 DGMIFGK   -5.5671   -7.4451   -1.8780    0.4542
 8002 DGMIFGK   -5.5671   -7.4451   -1.8780    0.4542
 8003 IGKDFGM   -2.9487   -4.7152   -1.7666    0.4542
 8004 MGRDFGI   -2.2042   -7.3348   -5.1306    0.4542
 8005 IGRDFGM   -1.8114   -6.9420   -5.1306    0.4542
 8006 MGRDIGW   -2.2319   -6.5013   -4.2694    0.4542
 8007 MGRDIGW   -2.2319   -6.5013   -4.2694    0.4542
 8008 MGRDIGW   -2.2319   -6.5013   -4.2694    0.4542
 8009 MGRDIGW   -2.2319   -6.5013   -4.2694    0.4542
 8010 IGRDMGW   -2.3660   -6.6354   -4.2694    0.4542
 8011 IGRDWGM   -2.5948   -6.8642   -4.2694    0.4542
 8012 IGRDWGM   -2.5948   -6.8642   -4.2694    0.4542
 8013 IGDKWGM   -2.6482   -3.5536   -0.9054    0.4542
 8014 IGDKMGW   -2.1987   -3.1042   -0.9054    0.4542
 8015 IGDKMGM   -0.1589   -3.5186   -3.3597    0.4542
 8016 IGDRMGV   -0.8219   -7.5510   -6.7291    0.4542
 8017 MGDRIGW   -2.0483   -6.3177   -4.2694    0.4542
 8018 MGDKIGW   -4.8294   -5.7348   -0.9054    0.4542
 8019 MGDKAGV    0.6422   -7.3733   -8.0154    0.4542
 8020 MYDKAGL   -0.6068   -6.6814   -6.0746    0.4542
 8021 MMDKAGY   -2.5199   -8.1736   -5.6537    0.4542
 8022 MMDKAGY   -2.5199   -8.1736   -5.6537    0.4542
 8023 WKDMAGY   -3.0279   -6.2273   -3.1994    0.4542
 8024 WKDMAGW   -4.9504   -6.2293   -1.2789    0.4542
 8025 WKDMAGW   -4.9504   -6.2293   -1.2789    0.4542
 8026 WKMDAGW   -4.5967   -5.6527   -1.0560    0.4542
 8027 WKMDAGF   -5.4303   -5.9874   -0.5571    0.4542
 8028 WKMDAGI   -4.7076   -5.4890   -0.7814    0.4542
 8029 WKVEAGI   -6.3518   -7.4558   -1.1040    0.4542
 8030 MKIEAGW   -6.2638   -7.3623   -1.0986    0.4542
 8031 MKEIAGW   -6.8792   -8.2006   -1.3214    0.4542
 8032 MKEIAGW   -6.8792   -8.2006   -1.3214    0.4542
 8033 MIEKAGW   -5.5066   -6.8281   -1.3214    0.4542
 8034 MIKEAGW   -6.4644   -7.7859   -1.3214    0.4542
 8035 MIKAEGW   -6.4036   -7.6136   -1.2100    0.4542
 8036 GIKAEMW   -5.2339   -6.4439   -1.2100    0.4542
 8037 MIKAEGW   -6.4114   -7.6214   -1.2100    0.4542
 8038 MIEAEGF   -4.2444   -7.1255   -2.8811    0.4542
 8039 GIEAMEF   -3.4610   -6.3422   -2.8811    0.4542
 8040 GIKADMF   -5.7720   -7.5260   -1.7540    0.4542
 8041 GIKAMDF   -7.1806   -8.9346   -1.7540    0.4542
 8042 GIKADMF   -4.7704   -6.5244   -1.7540    0.4542
 8043 GMKAEIF   -5.0984   -7.1696   -2.0711    0.4542
 8044 GMFAEIK   -4.3986   -6.5811   -2.1826    0.4542
 8045 GILAEMK   -4.9299   -9.1264   -4.1966    0.4542
 8046 GILEIMK   -1.5183   -5.1446   -3.6263    0.4542
 8047 GILMKME   -4.7558   -6.6310   -1.8751    0.4542
 8048 GILAKME   -5.4611   -9.6577   -4.1966    0.4542
 8049 GILAKME   -5.4611   -9.6577   -4.1966    0.4542
 8050 GILAKVE   -5.6937   -9.8957   -4.2020    0.4542
 8051 GKLAVVE   -6.4234  -12.1111   -5.6877    0.4542
 8052 GKWAEVV   -7.3092  -10.0104   -2.7011    0.4542
 8053 GKWAEVV   -7.3092  -10.0104   -2.7011    0.4542
 8054 GKFAEII   -8.5350   -9.3487   -0.8137    0.4542
 8055 GKFADII   -7.8757   -8.3723   -0.4966    0.4542
 8056 GFKAIIE   -9.8313  -10.6450   -0.8137    0.4542
 8057 GIKAFEI   -9.3474  -10.0497   -0.7023    0.4542
 8058 GIKAIEV  -10.4155  -12.7163   -2.3009    0.4542
 8059 GIKAIEV  -10.4155  -12.7163   -2.3009    0.4542
 8060 GIKAVEI  -10.3379  -12.6387   -2.3009    0.4542
 8061 GIKAVEI  -10.3379  -12.6387   -2.3009    0.4542
 8062 GVKALDI   -8.1581  -11.9315   -3.7734    0.4542
 8063 GIKALID   -8.5765  -11.0870   -2.5106    0.4542
 8064 GIKALID   -8.5765  -11.0870   -2.5106    0.4542
 8065 GIKAFID   -9.0639   -9.5604   -0.4966    0.4542
 8066 GIKADIF   -8.0516   -8.4367   -0.3851    0.4542
 8067 GIKAEIF   -8.5984   -9.3007   -0.7023    0.4542
 8068 GIKAEFF   -5.8744   -6.3524   -0.4780    0.4542
 8069 GIKAEFF   -5.8744   -6.3524   -0.4780    0.4542
 8070 GIKAEIF   -6.9865   -7.6888   -0.7023    0.4542
 8071 IIKAEGF   -7.7437   -8.4460   -0.7023    0.4542
 8072 IIKAEGF   -7.7437   -8.4460   -0.7023    0.4542
 8073 IIKAEGI   -8.0694   -8.9960   -0.9266    0.4542
 8074 EIKAIGI   -7.0488   -7.9753   -0.9266    0.4542
 8075 IIKAEGI   -7.9745   -8.9011   -0.9266    0.4542
 8076 IKIGEAV   -8.1509  -10.4518   -2.3009    0.4542
 8077 IKIGEMV   -8.2897   -8.7492   -0.4594    0.4542
 8078 IKIGEAV   -8.1509  -10.4518   -2.3009    0.4542
 8079 IKIGEAM   -8.3287  -10.6242   -2.2954    0.4542
 8080 IKVGEAF   -7.9827  -10.0593   -2.0766    0.4542
 8081 IKVGEAV   -6.7017  -10.3768   -3.6751    0.4542
 8082 KIVGAEW   -6.3347   -7.5502   -1.2154    0.4542
 8083 KWIGAEV   -7.8039   -9.0194   -1.2154    0.4542
 8084 KWIGAEV   -7.8039   -9.0194   -1.2154    0.4542
 8085 KWIGAEV   -7.8039   -9.0194   -1.2154    0.4542
 8086 KWIGAEV   -7.8039   -9.0194   -1.2154    0.4542
 8087 EWIGAKV   -7.5891   -8.8045   -1.2154    0.4542
 8088 EWIGAKV   -7.5891   -8.8045   -1.2154    0.4542
 8089 EWIGMKV   -5.4592   -7.2732   -1.8140    0.4542
 8090 DWIGMKV   -4.3704   -5.8672   -1.4969    0.4542
 8091 GWIGMKD   -5.3040   -6.3209   -1.0169    0.4542
 8092 GWIGMKD   -5.3040   -6.3209   -1.0169    0.4542
 8093 GWIGMEE   -5.5219   -7.6659   -2.1440    0.4542
 8094 GWIGEEM   -5.9017   -8.0457   -2.1440    0.4542
 8095 GWMGEEI   -5.1862   -7.3302   -2.1440    0.4542
 8096 GWMGEEI   -5.1862   -7.3302   -2.1440    0.4542
 8097 GWEGELI   -4.1101   -6.5636   -2.4534    0.4542
 8098 GWEGELI   -4.1101   -6.5636   -2.4534    0.4542
 8099 IWLGEEG   -6.1717   -8.8480   -2.6763    0.4542
 8100 IWLGEEG   -6.1717   -8.8480   -2.6763    0.4542
 8101 GWLGEDI   -6.3551   -8.6028   -2.2477    0.4542
 8102 GFLGEDW   -4.4473   -6.4707   -2.0234    0.4542
 8103 GFVGEKW   -6.7979   -7.9130   -1.1151    0.4542
 8104 AVIGEKW   -8.2341   -9.6723   -1.4383    0.4542
 8105 AVIGWKE   -8.3676   -9.8059   -1.4383    0.4542
 8106 AVIGIKE   -8.9084  -11.4322   -2.5237    0.4542
 8107 AIVGIKE   -9.5502  -12.0739   -2.5237    0.4542
 8108 AIVGIKE   -9.5502  -12.0739   -2.5237    0.4542
 8109 AIIGIKE  -10.8480  -11.9974   -1.1494    0.4542
 8110 AIIGIKE  -10.8480  -11.9974   -1.1494    0.4542
 8111 AIIGIEE   -8.9685  -10.9280   -1.9594    0.4542
 8112 AIIGDEI   -7.1228   -8.7651   -1.6423    0.4542
 8113 AIVGDID   -7.6260  -10.2140   -2.5880    0.4542
 8114 AILGEID   -8.3128  -11.6334   -3.3206    0.4542
 8115 AILGEID   -8.3128  -11.6334   -3.3206    0.4542
 8116 AILGEIK   -6.4723   -9.3000   -2.8277    0.4542
 8117 AILGEIE   -7.4899  -11.1276   -3.6377    0.4542
 8118 AIVGEIE   -8.1935  -11.4157   -3.2223    0.4542
 8119 AIIGEVE   -8.3980  -11.6203   -3.2223    0.4542
 8120 AIIGKVE   -8.4020  -10.8143   -2.4123    0.4542
 8121 AIIGKVE   -8.4020  -10.8143   -2.4123    0.4542
 8122 EKGIIVM   -5.5828   -6.3765   -0.7937    0.4542
 8123 EVGIIKM   -5.9047   -6.3641   -0.4594    0.4542
 8124 EVGIMKI   -6.6155   -7.0750   -0.4594    0.4542
 8125 DMGIVKF   -5.4454   -5.2834    0.1620    0.4542
 8126 DMGMVDG   -2.3507   -7.5775   -5.2269    0.4542
 8127 YMGEVDG   -0.1874   -6.5577   -6.3703    0.4542
 8128 YMGEVDV   -2.7531   -5.8348   -3.0817    0.4542
 8129 AMGDEVV   -0.8087   -6.5684   -5.7597    0.4542
 8130 AMADKVV   -0.7935   -5.8421   -5.0486    0.4542
 8131 AKFVMVD   -4.7039   -4.7665   -0.0626    0.4542
 8132 AKAMMVE   -0.3375   -5.5864   -5.2489    0.4542
 8133 YKEMMVA   -0.0504   -2.9555   -2.9051    0.4542
 8134 YLEKMVG   -0.4927   -3.7199   -3.2271    0.4542
 8135 ALEKMVM   -3.4839   -5.9836   -2.4997    0.4542
 8136 ALEKMVM   -3.4839   -5.9836   -2.4997    0.4542
 8137 ALKEMVM   -4.6805   -7.1802   -2.4997    0.4542
 8138 MKLEMVM   -3.4073   -6.8828   -3.4754    0.4542
 8139 KMLMMGE   -6.1933   -8.5887   -2.3954    0.4542
 8140 KMLEMGM   -4.3169   -6.4895   -2.1726    0.4542
 8141 KMLEMGV   -4.8110   -6.9890   -2.1780    0.4542
 8142 KMIEMGI   -6.5015   -7.0355   -0.5340    0.4542
 8143 KMIEMGI   -6.5015   -7.0355   -0.5340    0.4542
 8144 KMIEMGI   -6.4994   -7.0334   -0.5340    0.4542
 8145 KMLEMGI   -6.0263   -7.7900   -1.7637    0.4542
 8146 KMLEMGI   -6.0263   -7.7900   -1.7637    0.4542
 8147 KMLEMGI   -6.0263   -7.7900   -1.7637    0.4542
 8148 KMIEMGL   -5.1316   -6.8954   -1.7637    0.4542
 8149 KMIDGGI   -4.2567   -6.3590   -2.1023    0.4542
 8150 KMLGDGI   -4.8193   -8.5999   -3.7806    0.4542
 8151 KWMGDGI   -5.8384   -6.7438   -0.9054    0.4542
 8152 KMMGEGI   -3.0148   -6.6916   -3.6769    0.4542
 8153 KFLGEGI   -4.4702   -6.9748   -2.5046    0.4542
 8154 KFLGEGI   -4.4702   -6.9748   -2.5046    0.4542
 8155 GFMGKIE   -3.6279   -5.7116   -2.0837    0.4542
 8156 GFMGIKE   -3.5621   -5.7572   -2.1951    0.4542
 8157 GEIGFMK   -4.6125   -6.6962   -2.0837    0.4542
 8158 IEWGFGK   -3.3476   -3.1456    0.2020    0.4542
 8159 IEIGKGF   -4.2471   -4.8505   -0.6034    0.4542
 8160 IKIGEGF   -8.2585   -8.8620   -0.6034    0.4542
 8161 IKIGEGM   -8.6710  -10.8675   -2.1966    0.4542
 8162 IKIGEGM   -8.6710  -10.8675   -2.1966    0.4542
 8163 LKIGMGE   -6.7409  -10.7272   -3.9863    0.4542
 8164 LKIGMGE   -6.7409  -10.7272   -3.9863    0.4542
 8165 IKLGMGE   -6.4328  -10.4191   -3.9863    0.4542
 8166 IKLGMGE   -6.4328  -10.4191   -3.9863    0.4542
 8167 IKWGMGD   -8.9821   -9.7761   -0.7940    0.4542
 8168 IKWGMGD   -8.9821   -9.7761   -0.7940    0.4542
 8169 IKWGDGM   -8.4391   -9.2331   -0.7940    0.4542
 8170 IKWGDGF   -9.3685   -8.8493    0.5191    0.4542
 8171 IKWGDGM   -8.4706   -9.2646   -0.7940    0.4542
 8172 IKWGDGM   -8.4706   -9.2646   -0.7940    0.4542
 8173 IKWGDGM   -8.4706   -9.2646   -0.7940    0.4542
 8174 VKWGEGI   -9.8207  -10.9373   -1.1166    0.4542
 8175 VKWGEGI   -9.8207  -10.9373   -1.1166    0.4542
 8176 VKWGEGW  -10.9918  -11.0229   -0.0311    0.4542
 8177 VKWGEGW  -10.9918  -11.0229   -0.0311    0.4542
 8178 VKWGEGW  -10.9918  -11.0229   -0.0311    0.4542
 8179 VKWGEGW  -10.4118  -10.4430   -0.0311    0.4906
 8180 VKWGEGW  -10.4118  -10.4430   -0.0311    0.4906
 8181 VKWGEGW  -10.4118  -10.4430   -0.0311    0.4906
 8182 VKWGEGW  -10.4118  -10.4430   -0.0311    0.4906
 8183 MKWGEGW  -10.2188  -10.2445   -0.0257    0.4906
 8184 MKWGEGW  -10.2188  -10.2445   -0.0257    0.4906
 8185 MKWGEGW  -10.2188  -10.2445   -0.0257    0.4906
 8186 MKWGEGY   -7.5099  -10.8162   -3.3063    0.4906
 8187 MKWGEGY   -7.5099  -10.8162   -3.3063    0.4906
 8188 MKWGEGY   -7.5099  -10.8162   -3.3063    0.4906
 8189 MKWGEGW  -10.7328  -10.7585   -0.0257    0.4906
 8190 MKWGEGW  -10.7328  -10.7585   -0.0257    0.4906
 8191 MKWGEGI   -9.8769  -10.9881   -1.1111    0.4906
 8192 MKIGEGI   -8.9201  -11.1167   -2.1966    0.4906
 8193 WKIGEGI  -10.5137  -10.6160   -0.1023    0.4906
 8194 WKIGEGV  -10.4814  -11.5980   -1.1166    0.4906
 8195 WKIGEGV  -10.4814  -11.5980   -1.1166    0.4906
 8196 WKIGEGV  -10.4814  -11.5980   -1.1166    0.4906
 8197 IKWGEGV   -9.7353  -10.8518   -1.1166    0.4906
 8198 IKWGEGL   -9.0784  -10.6104   -1.5320    0.4906
 8199 IKWGEGL   -9.0784  -10.6104   -1.5320    0.4906
 8200 IKWGEGL   -9.0784  -10.6104   -1.5320    0.4906
 8201 IKWGEGL   -9.0784  -10.6104   -1.5320    0.4906
 8202 IKWGEGI  -10.5712  -10.6735   -0.1023    0.4906
 8203 IKWGEGI  -10.5712  -10.6735   -0.1023    0.4906
 8204 IKWGEGI  -10.5712  -10.6735   -0.1023    0.4906
 8205 IKWGEGI  -11.0063  -11.1086   -0.1023    0.4906
 8206 MKWGEGL   -9.4943  -12.3951   -2.9009    0.4906
 8207 MKWGEGI  -10.7478  -11.8589   -1.1111    0.4906
 8208 MKGWEGI   -9.6513  -10.7625   -1.1111    0.4906
 8209 MKGIEGW  -11.4597  -12.5708   -1.1111    0.4906
 8210 MKGIEGW  -11.4597  -12.5708   -1.1111    0.4906
 8211 IKGIEGW  -11.0526  -11.1549   -0.1023    0.4906
 8212 IKGIEGW  -11.0526  -11.1549   -0.1023    0.4906
 8213 IKGIEGW  -11.0526  -11.1549   -0.1023    0.4906
 8214 IKGIEGW  -11.0526  -11.1549   -0.1023    0.4906
 8215 IKGIEGW  -11.0526  -11.1549   -0.1023    0.4906
 8216 IKGIEGW  -11.0526  -11.1549   -0.1023    0.4906
 8217 MKGIEGW  -11.5328  -12.6439   -1.1111    0.4906
 8218 MKGIEGW  -11.5328  -12.6439   -1.1111    0.4906
 8219 MKGFEGW   -9.9656  -10.8525   -0.8869    0.4906
 8220 MKGWEGW  -11.6200  -11.6458   -0.0257    0.4906
 8221 MKGWEGW  -11.6200  -11.6458   -0.0257    0.4906
 8222 MKGWEGW  -11.6200  -11.6458   -0.0257    0.4906
 8223 MKGWEGW  -11.6200  -11.6458   -0.0257    0.4906
 8224 MKGMEGW   -9.8931  -12.3731   -2.4800    0.4906
 8225 MKGMEGW   -9.8931  -12.3731   -2.4800    0.4906
 8226 MKGMEGW   -9.8931  -12.3731   -2.4800    0.4906
 8227 MKGMEGW   -9.8931  -12.3731   -2.4800    0.4906
 8228 MKGMEGW   -9.8931  -12.3731   -2.4800    0.4906
 8229 MKGIDGW   -9.5325  -10.3265   -0.7940    0.4906
 8230 IKGIDGW   -9.4348   -9.2199    0.2149    0.4906
 8231 IKGIDGW   -9.4348   -9.2199    0.2149    0.4906
 8232 IKGIDGW   -9.4348   -9.2199    0.2149    0.4906
 8233 IKGIDGW   -9.4348   -9.2199    0.2149    0.4906
 8234 IKIGDGW  -10.3560  -10.1412    0.2149    0.4906
 8235 IKIGDGW  -10.3560  -10.1412    0.2149    0.4906
 8236 IKIGDGW  -10.3560  -10.1412    0.2149    0.4906
 8237 IKWGDGI   -8.7705   -8.5556    0.2149    0.4906
 8238 IKWGDGI   -8.7705   -8.5556    0.2149    0.4906
 8239 IKWGEGI   -9.9536  -10.0558   -0.1023    0.4906
 8240 IKWGEGI   -9.9536  -10.0558   -0.1023    0.4906
 8241 IKWGDGI   -9.0698   -8.8549    0.2149    0.4906
 8242 IKWGDGI   -9.0698   -8.8549    0.2149    0.4906
 8243 IKWGEGI   -9.9143  -10.0166   -0.1023    0.4906
 8244 IKWGEGI   -9.9143  -10.0166   -0.1023    0.4906
 8245 IKWGEGI   -9.9143  -10.0166   -0.1023    0.4906
 8246 IKIGEGF   -9.7565  -10.3599   -0.6034    0.4906
 8247 IKGIEGF   -9.7231  -10.3265   -0.6034    0.4906
 8248 IKGIEGF   -9.7231  -10.3265   -0.6034    0.4906
 8249 IKGIEGF   -9.7231  -10.3265   -0.6034    0.4906
 8250 IKGIEGF   -9.7231  -10.3265   -0.6034    0.4906
 8251 IKGIEGW  -10.2276  -10.3299   -0.1023    0.4906
 8252 IKGIEGW  -10.2276  -10.3299   -0.1023    0.4906
 8253 VKGIEAW   -9.4146  -10.6300   -1.2154    0.4906
 8254 VKGIEAW   -9.4146  -10.6300   -1.2154    0.4906
 8255 VKGIEAV   -7.2225  -10.8977   -3.6751    0.4906
 8256 VKGIEAL   -6.5090  -10.5996   -4.0906    0.4906
 8257 VKGIEGW   -8.4461   -9.5627   -1.1166    0.4906
 8258 VKGIEGW   -8.4461   -9.5627   -1.1166    0.4906
 8259 VKGIEGW   -8.4461   -9.5627   -1.1166    0.4906
 8260 MKGIEGW   -8.5630   -9.6741   -1.1111    0.4906
 8261 MKGIEGW   -8.5630   -9.6741   -1.1111    0.4906
 8262 MKGIEGM   -7.3452  -10.9106   -3.5654    0.4906
 8263 MKIGEGM   -8.2247  -11.7902   -3.5654    0.4906
 8264 MKMGEGM   -6.5178  -11.4520   -4.9343    0.4906
 8265 MKIGEGM   -8.2525  -11.8179   -3.5654    0.4906
 8266 KMIGEGM   -7.5840  -11.2609   -3.6769    0.4906
 8267 KMIGEGM   -7.5840  -11.2609   -3.6769    0.4906
 8268 KMMGEGM   -5.7869  -10.8327   -5.0457    0.4906
 8269 KMMGEGM   -5.7869  -10.8327   -5.0457    0.4906
 8270 MMKGEGM   -6.9013  -11.9470   -5.0457    0.4906
 8271 MMKGEGM   -6.9013  -11.9470   -5.0457    0.4906
 8272 MMKGEGM   -6.9013  -11.9470   -5.0457    0.4906
 8273 MKMGEGF   -7.3159  -10.6570   -3.3411    0.4906
 8274 MKMGEGF   -7.3159  -10.6570   -3.3411    0.4906
 8275 MKGFEGM   -6.4217   -9.7628   -3.3411    0.4906
 8276 VKGFEGM   -4.9215   -8.2681   -3.3466    0.4906
 8277 VKGFEGM   -4.9215   -8.2681   -3.3466    0.4906
 8278 VKGFEGF   -7.0067   -8.7601   -1.7534    0.4906
 8279 VKGMDGF   -5.9806   -9.0101   -3.0294    0.4906
 8280 VKGMEGF   -5.9849   -9.3315   -3.3466    0.4906
 8281 VKGMELF   -7.3099   -8.6947   -1.3849    0.4906
 8282 VKGMDLF   -7.4110   -8.4788   -1.0677    0.4906
 8283 VKGADLF   -3.8292   -7.3784   -3.5491    0.4906
 8284 IKGADIF   -4.1118   -4.4969   -0.3851    0.4906
 8285 IKGIDIG   -4.0289   -4.5394   -0.5106    0.4906
 8286 VKGIDIG   -5.5666   -7.4514   -1.8849    0.4906
 8287 VKGIDWG   -5.9017   -6.7011   -0.7994    0.4906
 8288 WKGIDWG   -4.7052   -5.8449   -1.1397    0.4906
 8289 WIGKEMG   -5.5302   -6.8642   -1.3340    0.4906
 8290 WIGEEMG   -2.1679   -4.3119   -2.1440    0.4906
 8291 WIGEKMG   -2.8192   -4.1532   -1.3340    0.4906
 8292 EGGKWMI    2.3993    0.9539   -1.4454    0.4906
 8293 EVGIWMK   -3.4803   -5.4057   -1.9254    0.4906
 8294 EVGIWVK   -4.1906   -6.0414   -1.8509    0.4906
 8295 EVGIVWK   -4.0241   -5.8750   -1.8509    0.4906
 8296 EKGIVWV   -4.4985   -6.5722   -2.0737    0.4906
 8297 IVGEKIV   -7.3274   -7.9351   -0.6077    0.4906
 8298 IVGIKDV   -6.8440   -7.0232   -0.1791    0.4906
 8299 IDGIMDV   -2.6807   -3.3159   -0.6351    0.4906
 8300 VMGLDDI   -5.4881   -7.4644   -1.9763    0.4906
 8301 VMGLEEI   -5.8480   -8.4586   -2.6106    0.4906
 8302 MMGLEEI   -4.8759   -7.5611   -2.6851    0.4906
 8303 MMGLEDI   -5.6455   -8.0135   -2.3680    0.4906
 8304 MILGEDM   -3.6188   -6.0982   -2.4794    0.4906
 8305 KILGMEM   -6.1532   -7.9170   -1.7637    0.4906
 8306 KIIGMAE   -6.8714   -9.2783   -2.4069    0.4906
 8307 KIIGFAE  -10.1000  -10.9137   -0.8137    0.4906
 8308 AEFGIIE   -5.7230   -7.2353   -1.5123    0.4906
 8309 AEWGIIE   -4.9407   -7.6318   -2.6911    0.4906
 8310 AEIGIID   -8.9128  -10.3323   -1.4194    0.4906
 8311 AIIGVDK   -6.9645   -9.1711   -2.2066    0.4906
 8312 AIIGIKE   -9.3317  -10.4812   -1.1494    0.4906
 8313 AEIGGKI   -4.4676  -10.0570   -5.5894    0.4906
 8314 AEIGGKI   -4.4676  -10.0570   -5.5894    0.4906
 8315 AKIGGEI   -5.3777  -10.9672   -5.5894    0.4906
 8316 AKIGGDI   -5.4769  -10.7492   -5.2723    0.4906
 8317 AKIGGEI   -5.4703  -11.0597   -5.5894    0.4906
 8318 AKIGGEI   -5.4703  -11.0597   -5.5894    0.4906
 8319 AKIGGEF   -5.0137  -10.3789   -5.3651    0.4906
 8320 AKGIGEF   -1.7830   -7.0367   -5.2537    0.4906
 8321 AKIGGEF   -4.7648  -10.1300   -5.3651    0.4906
 8322 GKIGGEV   -3.4244  -10.4007   -6.9763    0.4906
 8323 GKIGGEV   -3.4244  -10.4007   -6.9763    0.4906
 8324 GKIGGEV   -3.4244  -10.4007   -6.9763    0.4906
 8325 GKIGGDV   -4.1632  -10.8223   -6.6591    0.4906
 8326 GKIGGDV   -4.1632  -10.8223   -6.6591    0.4906
 8327 GKFGGDI   -3.4776   -8.5382   -5.0606    0.4906
 8328 GKWGGDV   -4.2559   -9.8296   -5.5737    0.4906
 8329 GKVGGDM   -2.6242  -10.6522   -8.0280    0.4906
 8330 GVKGGDL   -3.3428  -11.7917   -8.4489    0.4906
 8331 GVKGGDL   -3.3428  -11.7917   -8.4489    0.4906
 8332 GKVGGDL   -1.8167  -10.2656   -8.4489    0.4906
 8333 GKVGGDL   -1.8167  -10.2656   -8.4489    0.4906
 8334 GKVGGDW   -4.5655  -10.1392   -5.5737    0.4906
 8335 GKMGGDW   -4.6688  -10.2371   -5.5683    0.4906
 8336 GKWGGDI   -6.5434  -10.7428   -4.1994    0.4906
 8337 GKWGGDI   -6.5434  -10.7428   -4.1994    0.4906
 8338 GKWGGDI   -6.5434  -10.7428   -4.1994    0.4906
 8339 DKWGGFI   -4.8833   -4.6985    0.1849    0.4906
 8340 KWDGGLI   -2.8125   -4.2503   -1.4377    0.4906
 8341 KIDLGGW   -5.8570   -7.1833   -1.3263    0.4906
 8342 WIDLGGK   -6.1240   -7.5617   -1.4377    0.4906
 8343 WIDLGGD   -6.6103   -8.5409   -1.9306    0.4906
 8344 FIDFGGD   -4.3316   -5.1093   -0.7777    0.4906
 8345 IIDFGGD   -5.2756   -6.2776   -1.0020    0.4906
 8346 FIEIGGD   -7.8905   -9.2097   -1.3191    0.4906
 8347 FIEIGGD   -7.5727   -8.8918   -1.3191    0.4906
 8348 VIEIGLK   -5.5896   -9.0299   -3.4403    0.4906
 8349 IKEVGGI   -7.5835  -10.0083   -2.4249    0.4906
 8350 IGEVKGW   -6.7794   -7.8960   -1.1166    0.4906
 8351 IGEVEGW   -5.8841   -7.8107   -1.9266    0.4906
 8352 IGWVEGE   -6.0815   -8.1195   -2.0380    0.4906
 8353 VGWIEAE   -5.8442   -7.8696   -2.0254    0.4906
 8354 VGWIDAE   -5.6294   -7.3377   -1.7083    0.4906
 8355 VGWIDAE   -5.6294   -7.3377   -1.7083    0.4906
 8356 VGEVDAW   -4.1231   -7.2056   -3.0826    0.4906
 8357 VGWEDGW   -3.7879   -4.4234   -0.6354    0.4906
 8358 GGWDWVK   -3.0738   -3.0107    0.0631    0.4906
 8359 GGEWWVK   -4.0460   -4.4115   -0.3654    0.4906
 8360 GGEWWVK   -4.0460   -4.4115   -0.3654    0.4906
 8361 GGEWIVK   -4.8046   -6.2555   -1.4509    0.4906
 8362 GGIWEVK   -3.6648   -5.0042   -1.3394    0.4906
 8363 GGIWEVK   -3.6648   -5.0042   -1.3394    0.4906
 8364 GEIIGLK   -3.5557   -6.2845   -2.7289    0.4906
 8365 GEKIGLI   -4.4025   -7.2428   -2.8403    0.4906
 8366 GEKIGVI   -6.4644   -8.8892   -2.4249    0.4906
 8367 GDVIGKI   -4.1475   -6.1438   -1.9963    0.4906
 8368 GDVIYKF   -5.5252   -4.9409    0.5843    0.4906
 8369 GDVIYDF   -5.5815   -5.4901    0.0914    0.4906
 8370 GYVIDDF   -6.2964   -6.3164   -0.0200    0.4906
 8371 GFIVDDY   -5.8897   -5.9097   -0.0200    0.4906
 8372 GIIVDEG   -5.9883   -9.0175   -3.0291    0.4906
 8373 GIILKDG   -6.2070   -8.8416   -2.6346    0.4906
 8374 GIIIKDG   -8.0755   -8.9203   -0.8449    0.4906
 8375 GIIIKDG   -8.0755   -8.9203   -0.8449    0.4906
 8376 GIIIKDG   -8.0755   -8.9203   -0.8449    0.4906
 8377 GIDIEIG   -4.1833   -5.5038   -1.3206    0.4906
 8378 GIIIKDG   -5.2378   -6.0826   -0.8449    0.4906
 8379 GIIIKDG   -6.1988   -7.0436   -0.8449    0.4906
 8380 GIIIKDG   -6.2109   -7.0558   -0.8449    0.4967
 8381 GIIIKDG   -6.2109   -7.0558   -0.8449    0.4967
 8382 GMIIGDK   -5.4282   -7.6419   -2.2137    0.4967
 8383 GMIIGDE   -5.1227   -8.1464   -3.0237    0.4967
 8384 GGIIMDE   -4.3812   -7.5163   -3.1351    0.4967
 8385 GGIIMKE   -2.3411   -4.9834   -2.6423    0.4967
 8386 GGIIMEK   -4.3989   -7.0412   -2.6423    0.4967
 8387 GKIIGEM   -6.8272   -9.1352   -2.3080    0.4967
 8388 GKEIGLW   -8.8775  -10.6323   -1.7549    0.4967
 8389 LKEIGGW   -9.3255  -11.0803   -1.7549    0.4967
 8390 LKIEGGW   -8.7039  -10.3473   -1.6434    0.4967
 8391 MKIEGGW   -9.8064  -11.0290   -1.2226    0.4967
 8392 KMIEGGW   -9.2722  -10.6062   -1.3340    0.4967
 8393 KILEGGW  -10.0790  -11.8339   -1.7549    0.4967
 8394 KILEGGW  -10.0790  -11.8339   -1.7549    0.4967
 8395 KIELGGW   -8.8015  -10.4449   -1.6434    0.4967
 8396 MIEKGGW   -9.5659  -11.0113   -1.4454    0.4967
 8397 MIERGGW   -7.3355  -12.1449   -4.8094    0.4967
 8398 IIDRGGW   -5.9818   -9.4652   -3.4834    0.4967
 8399 IIDRGGW   -5.9818   -9.4652   -3.4834    0.4967
 8400 IIDEGGW   -3.7789   -4.7083   -0.9294    0.4967
 8401 IIEKGGW   -6.8971   -7.3337   -0.4366    0.4967
 8402 GIEKGIW   -6.8847   -7.2098   -0.3251    0.4967
 8403 GIEKGIW   -6.8847   -7.2098   -0.3251    0.4967
 8404 GIEKGIW   -6.8847   -7.2098   -0.3251    0.4967
 8405 GIKIGEW   -8.3728   -8.4751   -0.1023    0.4967
 8406 GWKIGEI   -6.9705   -7.0728   -0.1023    0.4967
 8407 GIKVGEW   -9.3970  -10.5135   -1.1166    0.4967
 8408 GIKVGEW   -9.3970  -10.5135   -1.1166    0.4967
 8409 GIKIGEW  -10.4741  -10.5764   -0.1023    0.4967
 8410 GIEIGEW   -8.1497   -9.0620   -0.9123    0.4967
 8411 GIEIGKW  -11.3355  -11.4378   -0.1023    0.4967
 8412 GIEIGKW  -11.3355  -11.4378   -0.1023    0.4967
 8413 GWEIGKW   -8.9690  -10.4259   -1.4569    0.4967
 8414 GWEIGKW   -8.9690  -10.4259   -1.4569    0.4967
 8415 GWDIGKI   -8.1579   -7.9430    0.2149    0.4967
 8416 GIDIGKI   -8.1673   -8.6779   -0.5106    0.4967
 8417 GIDIGKI   -8.1673   -8.6779   -0.5106    0.4967
 8418 GIIIGKD   -7.9879   -8.8328   -0.8449    0.4967
 8419 GIIIGDK   -8.5184   -9.3633   -0.8449    0.4967
 8420 GKIIGEI   -8.3970   -9.3361   -0.9391    0.4967
 8421 AKIIGID   -8.7005   -9.3099   -0.6094    0.4967
 8422 AIKIGIE   -9.0078   -9.9343   -0.9266    0.4967
 8423 AIKIGID   -8.9697   -9.5792   -0.6094    0.4967
 8424 ADEIGII   -3.4623   -4.9931   -1.5309    0.4967
 8425 AIEIGIE   -6.9133   -8.6498   -1.7366    0.4967
 8426 AIEIGIE   -6.9133   -8.6498   -1.7366    0.4967
 8427 AIIIGEK   -8.7726  -10.0334   -1.2609    0.4967
 8428 AIIIGEK   -8.7726  -10.0334   -1.2609    0.4967
 8429 DIIIGAK   -8.5096   -9.2304   -0.7209    0.4967
 8430 DIIIGAK   -8.5096   -9.2304   -0.7209    0.4967
 8431 DFIKGAI   -7.4535   -7.9501   -0.4966    0.4967
 8432 EMIKGAI   -6.9602   -9.3671   -2.4069    0.4967
 8433 EIIKGAM   -7.6232  -10.0301   -2.4069    0.4967
 8434 DIIKGAM   -6.0511   -8.1408   -2.0897    0.4967
 8435 DIIKGAM   -6.0511   -8.1408   -2.0897    0.4967
 8436 EIIKGAV   -8.2638  -10.6761   -2.4123    0.4967
 8437 EFIKGAV   -7.3993   -9.5873   -2.1880    0.4967
 8438 VFIKGAD   -7.6313   -9.5022   -1.8709    0.4967
 8439 FFIKGDA   -7.2181   -7.4904   -0.2723    0.4967
 8440 FAIKGDF   -3.6769   -3.9492   -0.2723    0.4967
 8441 IAIKFDG   -4.5714   -5.0679   -0.4966    0.4967
 8442 IAIKDGF   -5.5477   -6.1557   -0.6080    0.4967
 8443 IAIKDGF   -5.5477   -6.1557   -0.6080    0.4967
 8444 IMIEDGF   -4.7700   -7.4665   -2.6966    0.4967
 8445 MGIEEGW   -4.4628   -6.4954   -2.0326    0.4967
 8446 IGIKEGW   -7.0852   -7.2990   -0.2137    0.4967
 8447 IGIKEGW   -7.0852   -7.2990   -0.2137    0.4967
 8448 VGIKEAW   -6.5238   -7.8507   -1.3269    0.4967
 8449 VGIAKEW   -4.7715   -6.0983   -1.3269    0.4967
 8450 VGEIKAW   -3.8825   -5.0979   -1.2154    0.4967
 8451 KVGIDAW   -4.9128   -5.8111   -0.8983    0.4967
 8452 KMAIGDW   -6.6384   -7.6427   -1.0043    0.4967
 8453 KWAIGDM   -7.7070   -8.7113   -1.0043    0.4967
 8454 KIAWGDM   -8.1510   -9.1553   -1.0043    0.4967
 8455 KIAWGEM   -7.3856   -8.7071   -1.3214    0.4967
 8456 KIAWGEM   -7.3856   -8.7071   -1.3214    0.4967
 8457 KIAWGEM   -7.3856   -8.7071   -1.3214    0.4967
 8458 KIAWGEM   -7.3856   -8.7071   -1.3214    0.4967
 8459 KIAWGEV   -7.2547   -8.5815   -1.3269    0.4967
 8460 KIAFGEV   -6.0843   -8.2723   -2.1880    0.4967
 8461 FIAKGEW   -5.1703   -6.8586   -1.6883    0.4967
 8462 FKAWGEI   -4.5282   -6.1050   -1.5769    0.4967
 8463 FKAWGEI   -4.5282   -6.1050   -1.5769    0.4967
 8464 FKAWGEI   -4.5282   -6.1050   -1.5769    0.4967
 8465 FMAKGEI   -4.0487   -6.2312   -2.1826    0.4967
 8466 FMAKGDI   -3.7665   -5.6319   -1.8654    0.4967
 8467 FMKAGDI   -5.5001   -7.2541   -1.7540    0.4967
 8468 FFKAGDW   -6.6125   -7.5680   -0.9554    0.4967
 8469 FFKGGEW   -6.8565   -6.5731    0.2834    0.4967
 8470 FFEGGKW   -6.8403   -6.5569    0.2834    0.4967
 8471 FFEGGKW   -4.4872   -4.2038    0.2834    0.4967
 8472 FIEGGEW   -4.8008   -5.6317   -0.8309    0.4967
 8473 FIEGGEW   -4.8008   -5.6317   -0.8309    0.4967
 8474 FIKGGDW   -9.5031   -9.2069    0.2963    0.4967
 8475 FIKGGEF   -7.4062   -8.0082   -0.6020    0.4967
 8476 FIKGGEF   -7.4062   -8.0082   -0.6020    0.4967
 8477 FIKGGEM   -7.5435   -9.7386   -2.1951    0.4967
 8478 FIKGGME   -4.7402   -6.9353   -2.1951    0.4967
 8479 YIKGGEM   -3.8753   -8.4898   -4.6146    0.4967
 8480 YWKGGME   -3.5457   -7.0748   -3.5291    0.4967
 8481 LEKGGMW   -1.4271   -4.6622   -3.2351    0.4967
 8482 LEKGGMW   -1.4271   -4.6622   -3.2351    0.4967
 8483 FGKGEMW   -5.0729   -6.0712   -0.9983    0.4967
 8484 FEKGGMW   -6.4163   -7.6374   -1.2211    0.4967
 8485 FEKGGMW   -6.4163   -7.6374   -1.2211    0.4967
 8486 FEKGGMW   -6.4163   -7.6374   -1.2211    0.4967
 8487 FMKGGDW   -7.1205   -7.9131   -0.7926    0.4967
 8488 FMKGGDW   -7.1205   -7.9131   -0.7926    0.4967
 8489 MMKGGDW   -7.0310   -9.4167   -2.3857    0.4967
 8490 MWKGGDM   -7.4732   -9.8589   -2.3857    0.4967
 8491 MWFGGDK   -4.5798   -5.5952   -1.0154    0.4967
 8492 MIFGGDE   -3.7637   -6.6746   -2.9109    0.4967
 8493 MIDGGFD   -3.3977   -5.7686   -2.3709    0.4967
 8494 FIDGGFD   -3.0810   -3.8587   -0.7777    0.4967
 8495 GIDFGID   -3.7747   -4.5539   -0.7791    0.4967
 8496 GIDLGMD   -3.5255   -7.6875   -4.1620    0.4967
 8497 GIDLGMD   -3.5255   -7.6875   -4.1620    0.4967
 8498 GIDIGMD   -2.9259   -5.2982   -2.3723    0.4967
 8499 GIMLGDD   -6.4490  -10.9453   -4.4963    0.4967
 8500 GIMFGDD   -5.6969   -8.1792   -2.4823    0.4967
 8501 GIMFGDD   -5.6969   -8.1792   -2.4823    0.4967
 8502 GIMFGDK   -5.5489   -7.5383   -1.9894    0.4967
 8503 GWMFGDK   -4.5663   -5.4703   -0.9040    0.4967
 8504 GFMLGDK   -4.5481   -8.3272   -3.7791    0.4967
 8505 GMMLGED   -2.8680   -9.0503   -6.1823    0.4967
 8506 GLMLGEK   -2.9410   -9.0513   -6.1103    0.4967
 8507 GLMVVDK   -3.5769   -5.7775   -2.2006    0.4967
 8508 GLKVFDM   -4.7618   -5.8296   -1.0677    0.4967
 8509 GVKVFEM   -6.4022   -6.5716   -0.1694    0.4967
 8510 GVKVVDM   -8.6531  -10.1040   -1.4509    0.4967
 8511 GVKVVDI   -9.5276   -9.6096   -0.0820    0.4967
 8512 DVKVIGI   -5.6693   -5.7371   -0.0677    0.4967
 8513 DVKVIGV   -6.1987   -6.2807   -0.0820    0.4967
 8514 DVKVIGI   -5.8562   -5.9239   -0.0677    0.4967
 8515 DVKVIGI   -5.8562   -5.9239   -0.0677    0.4967
 8516 LVKVDGI   -8.9640  -10.2614   -1.2974    0.4967
 8517 IVKVEGL  -10.0889  -11.7034   -1.6146    0.4967
 8518 IVKVEGM  -10.9161  -11.3099   -0.3937    0.4967
 8519 MMKVEGV  -10.7621  -12.5247   -1.7626    0.4967
 8520 MMKVEGV  -10.7621  -12.5247   -1.7626    0.4967
 8521 MMKVEGF  -10.2602  -10.4242   -0.1640    0.4967
 8522 MMKVEGF  -10.2602  -10.4242   -0.1640    0.4967
 8523 MVKVEGF  -10.2965  -10.4660   -0.1694    0.4967
 8524 MKVVEGF  -11.9522  -12.1216   -0.1694    0.4967
 8525 LKVVEGM  -11.5462  -13.7296   -2.1834    0.4967
 8526 GKVVELM  -10.7314  -13.0262   -2.2949    0.4967
 8527 GKVVELI  -10.8369  -12.5629   -1.7260    0.4967
 8528 GKVVELI  -10.8369  -12.5629   -1.7260    0.4967
 8529 GKVVEIL   -9.8121  -11.5381   -1.7260    0.4967
 8530 GKVVEML  -10.5453  -12.8401   -2.2949    0.4967
 8531 GKVVEML  -10.5453  -12.8401   -2.2949    0.4967
 8532 GKVVEML  -10.5453  -12.8401   -2.2949    0.4967
 8533 GEVVKLL   -9.1445  -12.1002   -2.9557    0.4967
 8534 GEVVKLL   -9.1445  -12.1002   -2.9557    0.4967
 8535 GEKVVLI   -8.4773  -10.4262   -1.9489    0.4967
 8536 GIKVVEL   -9.7309  -11.3455   -1.6146    0.4967
 8537 GWKVVEV  -10.2908  -10.2045    0.0863    0.4967
 8538 GWKVVVD  -10.2441   -9.9521    0.2920    0.4967
 8539 GLVVVEK   -9.7441  -12.2673   -2.5231    0.4967
 8540 GLVVMED   -8.8770  -11.8876   -3.0106    0.4967
 8541 GLVVEFD   -8.9588  -10.8734   -1.9146    0.4967
 8542 GLVVEFK   -8.6247  -10.0465   -1.4217    0.4967
 8543 GLIVFDK   -6.2408   -9.3939   -3.1531    0.4967
 8544 GLMVFDK   -8.6860  -10.0880   -1.4020    0.4967
 8545 GLMVFDR   -4.1222   -8.8882   -4.7660    0.4967
 8546 GLMVFDR   -4.1222   -8.8882   -4.7660    0.4967
 8547 GLMFVDE   -7.9883  -10.2003   -2.2120    0.4967
 8548 GLMFVDE   -7.9883  -10.2003   -2.2120    0.4967
 8549 GLMFVDK   -8.1191   -9.5211   -1.4020    0.4967
 8550 GLMFVDK   -8.1191   -9.5211   -1.4020    0.4967
 8551 GMMMVDK   -7.1618   -8.9361   -1.7743    0.4967
 8552 DMMIVGK   -9.4629   -9.7569   -0.2940    0.4967
 8553 GMMVIDK  -10.9338  -11.3392   -0.4054    0.4967
 8554 GMKVIDM  -11.1831  -11.2543   -0.0711    0.4967
 8555 GMKVIDM  -11.1831  -11.2543   -0.0711    0.4967
 8556 GMKVIEI  -10.1177  -10.5772   -0.4594    0.4967
 8557 GMKVIEY   -9.7632  -10.9778   -1.2146    0.4967
 8558 GMEVIKW   -7.1037   -8.9177   -1.8140    0.4967
 8559 GVDVMEW   -8.0962   -8.5773   -0.4811    0.4967
 8560 GVKVMDV  -10.6078  -12.0586   -1.4509    0.4967
 8561 GVKVMDV  -10.6078  -12.0586   -1.4509    0.4967
 8562 GVKVMDF   -9.9380   -9.7903    0.1477    0.4967
 8563 GVKVFDI  -10.0825   -9.8460    0.2366    0.4967
 8564 GVKVIDI  -11.3229  -11.3906   -0.0677    0.4967
 8565 GVKVIDI  -11.3229  -11.3906   -0.0677    0.4967
 8566 DVKIIGV   -9.1953   -9.2630   -0.0677    0.4967
 8567 DVKIIVG   -8.7916   -8.9708   -0.1791    0.4967
 8568 DVKIIVG   -8.7916   -8.9708   -0.1791    0.4967
 8569 DVGIIVK   -9.0458   -9.2249   -0.1791    0.4967
 8570 DVGIKVM   -8.9038   -8.9804   -0.0766    0.4967
 8571 DVGIKVM   -8.9038   -8.9804   -0.0766    0.4967
 8572 DVGIKVM   -8.9038   -8.9804   -0.0766    0.4967
 8573 DVGIEVM   -7.8009   -8.6875   -0.8866    0.4967
 8574 DVGIEVL   -6.5897   -8.6971   -2.1074    0.4967
 8575 DVGIEVF   -6.5714   -7.1448   -0.5734    0.4967
 8576 DVGIEVF   -6.5714   -7.1448   -0.5734    0.4967
 8577 DVGLVEF   -4.2062   -6.0094   -1.8031    0.4967
 8578 EVGLFKF   -3.7388   -6.5705   -2.8317    0.4967
 8579 EVGKFAI   -6.8106   -8.9986   -2.1880    0.4967
 8580 EVKGFAI   -6.8359   -9.0239   -2.1880    0.4967
 8581 EVKGFAI   -6.6064   -8.7944   -2.1880    0.4493
 8582 FEKGFAI   -6.0391   -6.7400   -0.7009    0.4493
 8583 FIKGFAE   -9.0497   -9.6392   -0.5894    0.4493
 8584 FIKGFAE   -9.0497   -9.6392   -0.5894    0.4493
 8585 FKYGFAE   -6.7754   -9.4486   -2.6731    0.4493
 8586 FKYGFAD   -6.9751   -9.3311   -2.3560    0.4493
 8587 FKYGFGD   -7.0157   -9.2729   -2.2571    0.4493
 8588 FKYGFGD   -7.0157   -9.2729   -2.2571    0.4493
 8589 KLYGMGD   -6.9171  -12.8928   -5.9757    0.4493
 8590 KLIGMGD   -9.7490  -13.5296   -3.7806    0.4493
 8591 KLWGFGD  -10.7844  -11.8864   -1.1020    0.4493
 8592 KLWGFGD  -10.7844  -11.8864   -1.1020    0.4493
 8593 KLWGFGD  -10.7844  -11.8864   -1.1020    0.4493
 8594 KLWGFGD  -10.7844  -11.8864   -1.1020    0.4493
 8595 KLWGFGD  -10.7844  -11.8864   -1.1020    0.4493
 8596 KLWGFGD  -10.7844  -11.8864   -1.1020    0.4493
 8597 KLWGMGD  -10.3608  -13.0559   -2.6951    0.4493
 8598 KLWGMGD  -10.3608  -13.0559   -2.6951    0.4493
 8599 KLWGMGD  -10.3608  -13.0559   -2.6951    0.4493
 8600 KLWGMGD  -10.3608  -13.0559   -2.6951    0.4493
 8601 KLWGMGD  -10.3608  -13.0559   -2.6951    0.4493
 8602 KLWGMGD  -10.3608  -13.0559   -2.6951    0.4493
 8603 KLWGMGD  -10.3608  -13.0559   -2.6951    0.4493
 8604 KLWGMGE   -9.1944  -12.2067   -3.0123    0.4493
 8605 KLWGFGE   -9.8346  -11.2537   -1.4191    0.4493
 8606 KLWGFGE   -9.8346  -11.2537   -1.4191    0.4493
 8607 KLWGFGE   -9.8346  -11.2537   -1.4191    0.4493
 8608 KLWGFGD  -11.2412  -12.3432   -1.1020    0.4493
 8609 KLWGMGD  -11.0442  -13.7394   -2.6951    0.4493
 8610 KLWGMGD  -11.0442  -13.7394   -2.6951    0.4493
 8611 KLWGMGD  -11.0442  -13.7394   -2.6951    0.4493
 8612 KLWGMGD  -11.0442  -13.7394   -2.6951    0.4493
 8613 KLWGMGD  -11.0442  -13.7394   -2.6951    0.4493
 8614 KLWGMGD  -11.0442  -13.7394   -2.6951    0.4493
 8615 KLWGMGD  -11.0442  -13.7394   -2.6951    0.4493
 8616 KLWGMGD  -11.0442  -13.7394   -2.6951    0.4493
 8617 KLWGMGD  -11.0442  -13.7394   -2.6951    0.4493
 8618 KLWGMGD  -11.0463  -13.7414   -2.6951    0.4493
 8619 KLWGMGD  -11.0463  -13.7414   -2.6951    0.4493
 8620 KLWGMGD  -11.0463  -13.7414   -2.6951    0.4493
 8621 KLWGMGD  -11.0463  -13.7414   -2.6951    0.4493
 8622 KLWGMGD  -11.0463  -13.7414   -2.6951    0.4493
 8623 KLWGMGD  -11.0463  -13.7414   -2.6951    0.4493
 8624 KLWGMGD  -11.0463  -13.7414   -2.6951    0.4493
 8625 KLWGMGD  -11.0463  -13.7414   -2.6951    0.4493
 8626 KLWGIGD   -9.5353  -10.8616   -1.3263    0.4493
 8627 KLWGFGD  -10.8532  -11.9552   -1.1020    0.4493
 8628 KLWGFGD  -10.8532  -11.9552   -1.1020    0.4493
 8629 KLWGFGD  -10.8532  -11.9552   -1.1020    0.4493
 8630 KLIGFGD   -9.8060  -11.9934   -2.1874    0.4493
 8631 KLWGFGD   -9.5233  -10.6253   -1.1020    0.4493
 8632 KLWGFGD   -9.5233  -10.6253   -1.1020    0.4493
 8633 KLWGFGD   -9.4136  -10.5156   -1.1020    0.4493
 8634 KLWGFGD   -9.4136  -10.5156   -1.1020    0.4493
 8635 KLWGFGD   -9.4136  -10.5156   -1.1020    0.4493
 8636 KLWGFGD   -9.4136  -10.5156   -1.1020    0.4493
 8637 KLWGFGD   -9.4136  -10.5156   -1.1020    0.4493
 8638 WLKGFGD   -8.6218   -9.7238   -1.1020    0.4493
 8639 KLWGFGD   -8.6987   -9.8007   -1.1020    0.4493
 8640 KLWGFGD   -8.6987   -9.8007   -1.1020    0.4493
 8641 KLVGFGD   -8.1967  -11.7584   -3.5617    0.4493
 8642 KLLGFGD   -7.9879  -11.9650   -3.9771    0.4493
 8643 KLLGFGD   -7.9879  -11.9650   -3.9771    0.4493
 8644 KLLGFGD   -7.9879  -11.9650   -3.9771    0.4493
 8645 KLLGFGD   -7.9879  -11.9650   -3.9771    0.4493
 8646 GLLGFED   -4.8777   -9.7763   -4.8986    0.4493
 8647 GLLGFDE   -4.0615   -8.9601   -4.8986    0.4493
 8648 GLVGFKE   -5.6366   -9.6269   -3.9903    0.4493
 8649 MLVGEKF  -10.1502  -11.7579   -1.6077    0.4493
 8650 MKVGEFI  -11.2999  -11.4551   -0.1551    0.4493
 8651 MKVGEFI  -11.2999  -11.4551   -0.1551    0.4493
 8652 MKVGEFI  -11.2999  -11.4551   -0.1551    0.4493
 8653 MKVGEFI  -11.2999  -11.4551   -0.1551    0.4493
 8654 MKVGEFI  -11.2999  -11.4551   -0.1551    0.4493
 8655 MKIGEFM  -10.7033  -10.9331   -0.2297    0.4493
 8656 MKIGEFM  -10.7033  -10.9331   -0.2297    0.4493
 8657 MKMGEFI  -10.5003  -10.7301   -0.2297    0.4493
 8658 MKMGEFI  -10.5003  -10.7301   -0.2297    0.4493
 8659 MKMGEFI  -10.5003  -10.7301   -0.2297    0.4493
 8660 MKMGEFI  -10.5003  -10.7301   -0.2297    0.4493
 8661 MKMGEFI  -10.5003  -10.7301   -0.2297    0.4493
 8662 MKMGEFV  -10.6962  -10.8602   -0.1640    0.4493
 8663 MKMGEFV  -10.6962  -10.8602   -0.1640    0.4493
 8664 MKVGEFW   -9.0452  -10.5549   -1.5097    0.4493
 8665 MKVGEFW   -9.0452  -10.5549   -1.5097    0.4493
 8666 MKFGEVW   -9.4637  -10.9734   -1.5097    0.4493
 8667 MKFGEVY   -9.3406  -10.3309   -0.9903    0.4493
 8668 MKFGEVM  -11.9030  -12.0670   -0.1640    0.4493
 8669 MKWGEVM  -13.5368  -13.5996   -0.0629    0.4493
 8670 MKWGEVM  -13.5368  -13.5996   -0.0629    0.4493
 8671 MKWGEVM  -12.2763  -12.3392   -0.0629    0.4493
 8672 MKMGEVI  -12.4088  -12.7971   -0.3883    0.4493
 8673 MKMGEVI  -12.4088  -12.7971   -0.3883    0.4493
 8674 MKMGEVI  -12.4088  -12.7971   -0.3883    0.4493
 8675 MKMGEVI  -12.4088  -12.7971   -0.3883    0.4493
 8676 MKMGEVI  -12.4088  -12.7971   -0.3883    0.4493
 8677 MKMGEVI  -12.4088  -12.7971   -0.3883    0.4493
 8678 MKMGEVI  -12.4088  -12.7971   -0.3883    0.4493
 8679 MKVGEMF   -9.0188   -9.1828   -0.1640    0.4493
 8680 MKMGEMF   -8.5305   -8.6891   -0.1586    0.4493
 8681 MKMGDFM   -8.1565   -7.9979    0.1586    0.4493
 8682 MKMGEFM   -8.7965   -8.9551   -0.1586    0.4493
 8683 MKMGEFM   -8.7965   -8.9551   -0.1586    0.4493
 8684 MKMGEFM   -8.7965   -8.9551   -0.1586    0.4493
 8685 MKIGEFM  -10.7382  -10.9679   -0.2297    0.4493
 8686 MKIGMFE  -10.6349  -10.8646   -0.2297    0.4493
 8687 MKIGMFE  -10.6349  -10.8646   -0.2297    0.4493
 8688 MKIGFME   -8.1505   -8.3802   -0.2297    0.4493
 8689 MKIGFME   -8.1505   -8.3802   -0.2297    0.4493
 8690 MKIGFMD   -7.7796   -7.6922    0.0874    0.4493
 8691 MKIGMFD  -10.2617  -10.1743    0.0874    0.4493
 8692 MKIGMFD  -10.2617  -10.1743    0.0874    0.4493
 8693 MKIGMFD  -10.2617  -10.1743    0.0874    0.4493
 8694 MKIGMFE  -10.5019  -10.7316   -0.2297    0.4493
 8695 MKIGMFE  -10.5019  -10.7316   -0.2297    0.4493
 8696 MKIGMFE  -10.5019  -10.7316   -0.2297    0.4493
 8697 MKIGMFE  -10.5019  -10.7316   -0.2297    0.4493
 8698 MKIGMFE  -10.5019  -10.7316   -0.2297    0.4493
 8699 MKIGEVM  -11.9402  -12.3285   -0.3883    0.4493
 8700 MKIGEVM  -11.9402  -12.3285   -0.3883    0.4493
 8701 MKMGEVI  -12.6770  -13.0653   -0.3883    0.4493
 8702 MKMGEVI  -12.6770  -13.0653   -0.3883    0.4493
 8703 MKGMEVI  -11.8090  -12.1973   -0.3883    0.4493
 8704 MKGMDVI  -10.9252  -10.9964   -0.0711    0.4493
 8705 MKGMDVI  -10.9252  -10.9964   -0.0711    0.4493
 8706 MKGMDVI  -10.9252  -10.9964   -0.0711    0.4493
 8707 GKMVDVI  -11.7246  -11.9126   -0.1880    0.4493
 8708 GKMVDVI  -11.7246  -11.9126   -0.1880    0.4493
 8709 VKMVDAI  -12.0483  -12.2237   -0.1754    0.4493
 8710 VKMVDAI  -12.0483  -12.2237   -0.1754    0.4493
 8711 IKMVDAV  -12.0068  -12.1822   -0.1754    0.4493
 8712 IKMVDAV  -12.0068  -12.1822   -0.1754    0.4493
 8713 AKMVDVI  -11.7261  -11.9015   -0.1754    0.4493
 8714 AKMVDVI  -11.7261  -11.9015   -0.1754    0.4493
 8715 AKMIDVV  -11.9914  -12.1668   -0.1754    0.4493
 8716 AKMIDVY  -10.4347  -11.4310   -0.9963    0.4493
 8717 AKMIDVY  -10.4347  -11.4310   -0.9963    0.4493
 8718 AKVIDVY  -10.4145  -11.4162   -1.0017    0.4493
 8719 AKVIDVY  -10.4145  -11.4162   -1.0017    0.4493
 8720 AKVIDVY  -10.4145  -11.4162   -1.0017    0.4493
 8721 AEVVKIY   -9.1144  -10.4332   -1.3189    0.4493
 8722 AEVMKIY   -8.2839   -9.5974   -1.3134    0.4493
 8723 AEVMKIY   -8.2839   -9.5974   -1.3134    0.4493
 8724 AEVVKIY   -9.1034  -10.4223   -1.3189    0.4493
 8725 AEVVKIY   -9.1034  -10.4223   -1.3189    0.4493
 8726 AEVVKIY   -9.1034  -10.4223   -1.3189    0.4493
 8727 AEVVKIY   -9.1034  -10.4223   -1.3189    0.4493
 8728 AEVVKIY   -9.1034  -10.4223   -1.3189    0.4493
 8729 IEVVKAV  -11.0657  -11.5637   -0.4980    0.4493
 8730 IEVVKGV  -10.8318  -11.2309   -0.3991    0.4493
 8731 IEVVKGV  -10.8318  -11.2309   -0.3991    0.4493
 8732 VEVVKGV   -9.1209  -10.8943   -1.7734    0.4493
 8733 GEVVKVV   -9.3797  -11.2646   -1.8849    0.4493
 8734 GEVIKVL   -8.0789   -9.8049   -1.7260    0.4493
 8735 GEVIKVL   -8.0789   -9.8049   -1.7260    0.4493
 8736 GEVIKVL   -8.0789   -9.8049   -1.7260    0.4493
 8737 GEVMKIV   -9.4669   -9.9720   -0.5051    0.4493
 8738 GEVMKIV   -9.4669   -9.9720   -0.5051    0.4493
 8739 GEIMKVV   -8.3728   -8.8779   -0.5051    0.4493
 8740 MEIGKVF   -7.4460   -7.6011   -0.1551    0.4493
 8741 MEIGKVY   -6.6228   -7.8373   -1.2146    0.4493
 8742 MEIGKVY   -6.6228   -7.8373   -1.2146    0.4493
 8743 MDVGKFY   -2.5215   -3.1947   -0.6731    0.4493
 8744 MDGVKFL   -5.5012   -6.5689   -1.0677    0.4493
 8745 MDGVKFM   -6.2279   -6.0748    0.1531    0.4493
 8746 MKGVDFV   -4.6344   -4.4867    0.1477    0.4493
 8747 MKGVEWF   -2.4544   -3.9641   -1.5097    0.4493
 8748 MKAVEMF   -5.7741   -6.0369   -0.2629    0.4493
 8749 MRAEVMF   -2.2117   -5.8386   -3.6269    0.4493
 8750 MRAEFMV   -2.6536   -6.2804   -3.6269    0.4493
 8751 MFAEDMM   -3.0309   -4.0040   -0.9731    0.4493
 8752 MFMDDMG   -0.3361   -0.8932   -0.5571    0.4493
 8753 FDMMDMG   -1.0589   -1.3932   -0.3343    0.4493
 8754 KFMMDVG   -5.1582   -5.1165    0.0417    0.4493
 8755 KFMMGVD   -5.9954   -5.9537    0.0417    0.4493
 8756 KFMMGVD   -5.9954   -5.9537    0.0417    0.4493
 8757 KMFMGVD   -5.5764   -5.5347    0.0417    0.4493
 8758 KMFVGVD   -8.1651   -8.1288    0.0363    0.4493
 8759 KLFVGVD  -10.1029  -11.2075   -1.1046    0.4493
 8760 KLFVGVD  -10.1029  -11.2075   -1.1046    0.4493
 8761 KIWVGVD   -7.8651   -9.3988   -1.5337    0.4493
 8762 KIWVGVD   -7.8651   -9.3988   -1.5337    0.4493
 8763 KIWVGVE   -6.5179   -8.3688   -1.8509    0.4493
 8764 KIWVGVE   -6.5179   -8.3688   -1.8509    0.4493
 8765 KIWAGVE   -5.7980   -7.1249   -1.3269    0.4493
 8766 KIWAGEV   -6.5451   -7.8720   -1.3269    0.4493
 8767 KIWAGEV   -7.9132   -9.2400   -1.3269    0.4493
 8768 KVWAGEI   -4.9933   -6.3201   -1.3269    0.4493
 8769 KAWAGEI   -0.3690   -4.9719   -4.6029    0.4493
 8770 KVIIGEA   -5.9113   -8.3236   -2.4123    0.4493
 8771 KVIMGEL   -8.1242   -9.9247   -1.8006    0.4493
 8772 LVIMGEK   -5.2233   -7.2467   -2.0234    0.4493
 8773 LEIMGKV   -5.6141   -7.3032   -1.6891    0.4493
 8774 FGIMEKV   -3.9307   -4.1973   -0.2666    0.4493
 8775 EGIMFKV   -5.0380   -5.3046   -0.2666    0.4493
 8776 EGIMFKV   -5.0380   -5.3046   -0.2666    0.4493
 8777 EGVMFKI   -5.2348   -5.5014   -0.2666    0.4493
 8778 EGVMWKI   -3.5700   -5.4954   -1.9254    0.4493
 8779 IGVMMKE   -5.1893   -5.8005   -0.6111    0.4493
 8780 IGVMMED   -6.5241   -7.6281   -1.1040    0.4493
 8781 EMVMGEI   -4.7665   -6.0762   -1.3097    0.4493
 8782 EMVMGEI   -4.9100   -6.2197   -1.3097    0.4460
 8783 IVVMGEE   -8.6822  -10.2202   -1.5380    0.4460
 8784 IMVIGEE   -8.2875   -9.8912   -1.6037    0.4460
 8785 IMVIGEE   -8.2875   -9.8912   -1.6037    0.4460
 8786 IIVMGEE   -8.9558  -10.5595   -1.6037    0.4460
 8787 IMVMGEE   -8.4260   -9.9585   -1.5326    0.4460
 8788 ILMVGEE   -8.9951  -11.8286   -2.8334    0.4460
 8789 ILMVGEE   -8.8835  -11.7170   -2.8334    0.4460
 8790 ILMVGEE   -8.8835  -11.7170   -2.8334    0.4460
 8791 IIMVGEE  -10.9609  -12.5646   -1.6037    0.4460
 8792 IIVVGDD  -10.5458  -11.4407   -0.8949    0.4460
 8793 IIVVGDE  -10.4154  -11.6274   -1.2120    0.4460
 8794 IIVVGDE  -10.4154  -11.6274   -1.2120    0.4460
 8795 IFVVGDK   -9.6112   -9.7089   -0.0977    0.4460
 8796 IKVVGDF  -10.5308  -10.2942    0.2366    0.4460
 8797 IKVVGDF  -10.5308  -10.2942    0.2366    0.4460
 8798 IGVVKDF   -7.6503   -7.5251    0.1251    0.4460
 8799 IGVMKDI   -6.8083   -7.0620   -0.2537    0.4460
 8800 IGVMKDI   -6.3909   -6.6446   -0.2537    0.4460
 8801 IGMKVDI   -5.4380   -5.4688   -0.0309    0.4460
 8802 IGMKVDY   -4.6189   -5.4049   -0.7860    0.4460
 8803 MGMKVID   -5.7554   -5.8265   -0.0711    0.4460
 8804 MGMKVDI   -6.4027   -6.3624    0.0403    0.4460
 8805 VGMKVDI   -5.7723   -5.7374    0.0349    0.4460
 8806 VGMKVDL   -4.0570   -5.8118   -1.7549    0.4460
 8807 VGMKIDL   -4.2698   -5.5303   -1.2606    0.4460
 8808 LGMKMDL   -2.7689   -5.3337   -2.5649    0.4460
 8809 LGVEMDL   -2.0597   -5.3600   -3.3003    0.4460
 8810 LGVEMDL   -2.0597   -5.3600   -3.3003    0.4460
 8811 VGLIMED   -6.4787   -8.8836   -2.4049    0.4460
 8812 IGLVMED   -7.8741  -10.2789   -2.4049    0.4460
 8813 IGLVMED   -7.8741  -10.2789   -2.4049    0.4460
 8814 IGLVMDE   -8.3246  -10.7294   -2.4049    0.4460
 8815 IGVLMED   -6.7117   -9.1165   -2.4049    0.4460
 8816 IGVLMED   -6.7117   -9.1165   -2.4049    0.4460
 8817 EGVLMID   -4.1545   -6.5593   -2.4049    0.4460
 8818 EGMVVKI   -7.0163   -7.5215   -0.5051    0.4460
 8819 EYMVVKI   -4.9357   -6.5645   -1.6289    0.4460
 8820 KEMVYAW   -3.1385   -4.6607   -1.5223    0.4460
 8821 KMEVWAY   -2.9616   -4.2610   -1.2994    0.4460
 8822 KAVEWAY    0.0600   -3.5608   -3.6209    0.4460
 8823 EAIYIAK    2.4496   -0.9938   -3.4434    0.4460
 8824 DAIVKAI   -6.9506   -9.1446   -2.1940    0.4460
 8825 EGVIKAI   -5.8382   -8.2505   -2.4123    0.4460
 8826 DGKIVAI   -5.9049   -8.1114   -2.2066    0.4460
 8827 DMKVMAI   -8.5995   -8.8810   -0.2814    0.4460
 8828 IMKVMAD  -10.7876  -11.0690   -0.2814    0.4460
 8829 IFKVMAD   -9.3216  -11.0499   -1.7283    0.4460
 8830 IFKVMAD   -9.3216  -11.0499   -1.7283    0.4460
 8831 IIKVMDA   -7.3329   -9.2541   -1.9211    0.4460
 8832 AMKVIDI   -9.1786  -11.0997   -1.9211    0.4460
 8833 AMKIVDI   -9.4135  -11.3347   -1.9211    0.4460
 8834 AMKIVDF   -9.2110  -10.8278   -1.6169    0.4460
 8835 VGKIVDF   -8.8718   -8.6353    0.2366    0.4460
 8836 VGKVFDM  -10.9470  -10.7993    0.1477    0.4460
 8837 IFKVGDV  -11.4288  -11.1922    0.2366    0.4460
 8838 LFKVGDV  -10.4848  -11.4779   -0.9931    0.4460
 8839 LFKVGDV  -10.4848  -11.4779   -0.9931    0.4460
 8840 LFKVGDV  -10.4848  -11.4779   -0.9931    0.4460
 8841 LFKVGDV  -10.4848  -11.4779   -0.9931    0.4460
 8842 MFKVGDV  -12.2492  -12.1015    0.1477    0.4460
 8843 MFKVGDI  -10.7061  -10.5441    0.1620    0.4460
 8844 MFKVGDI  -10.7061  -10.5441    0.1620    0.4460
 8845 MFKVGDV  -12.2778  -12.1301    0.1477    0.4460
 8846 MFKVGDV  -12.2778  -12.1301    0.1477    0.4460
 8847 MFKIGDV  -10.4888  -10.3268    0.1620    0.4460
 8848 MFKIGDM  -10.5312  -10.4438    0.0874    0.4460
 8849 MIKIGDM  -10.8521  -11.0690   -0.2169    0.4460
 8850 MMKIGDI   -9.2522   -9.4691   -0.2169    0.4460
 8851 MMIIGDK   -7.1564   -7.7076   -0.5511    0.4460
 8852 MIIIGDK   -7.0136   -9.3159   -2.3023    0.4460
 8853 DIIIGAK   -7.4620   -8.1829   -0.7209    0.4460
 8854 IKIIGAD  -10.4122  -11.0216   -0.6094    0.4460
 8855 IKIIGAD  -10.4122  -11.0216   -0.6094    0.4460
 8856 IKIIGAD  -10.4122  -11.0216   -0.6094    0.4460
 8857 IKIIGGD   -9.8744  -10.6079   -0.7334    0.4460
 8858 IKIIGGD   -9.8744  -10.6079   -0.7334    0.4460
 8859 IIKIGAD  -10.6138  -11.2232   -0.6094    0.4460
 8860 KIIIGAD  -11.3857  -12.1065   -0.7209    0.4460
 8861 KIIIGAD  -11.3857  -12.1065   -0.7209    0.4460
 8862 KIIIGAD  -11.3857  -12.1065   -0.7209    0.4460
 8863 KIIIGAD  -11.3857  -12.1065   -0.7209    0.4460
 8864 IIIKGAD  -11.0871  -11.8080   -0.7209    0.4460
 8865 IIIKGAD  -11.0871  -11.8080   -0.7209    0.4460
 8866 IIKIGAE  -11.0939  -12.0204   -0.9266    0.4460
 8867 IIKIGAE  -11.0939  -12.0204   -0.9266    0.4460
 8868 IWKIGAE  -10.6972  -12.5784   -1.8811    0.4460
 8869 IWKVGAE  -11.6116  -12.8270   -1.2154    0.4460
 8870 IWKVGAE  -11.6116  -12.8270   -1.2154    0.4460
 8871 IWKVGGD  -10.9624  -11.9847   -1.0223    0.4460
 8872 IWKVGGD  -10.9624  -11.9847   -1.0223    0.4460
 8873 IWKVGGD  -10.9624  -11.9847   -1.0223    0.4460
 8874 IWKVGDG  -10.8973  -11.8082   -0.9109    0.4460
 8875 IIKVGGD  -10.2376  -12.3453   -2.1077    0.4460
 8876 KIIVGGD  -11.9379  -14.1571   -2.2191    0.4460
 8877 KIIVGGD  -11.9379  -14.1571   -2.2191    0.4460
 8878 KIIVGGD  -11.9379  -14.1571   -2.2191    0.4460
 8879 KIIIGGD  -11.8278  -12.6726   -0.8449    0.4460
 8880 KIIVGGD  -11.9989  -14.2180   -2.2191    0.4460
 8881 IKIVGGD   -9.9278  -12.0355   -2.1077    0.4460
 8882 IDIVGGD   -6.3548   -8.9554   -2.6006    0.4460
 8883 MDIVGGD   -6.2677  -10.2371   -3.9694    0.4460
 8884 IDIVGGD   -6.3882   -8.9887   -2.6006    0.4460
 8885 IGIWDGD   -6.6474   -7.0368   -0.3894    0.4460
 8886 IGIWEGD   -7.9553   -8.6619   -0.7066    0.4460
 8887 IGIVRGD   -3.1896   -8.5499   -5.3603    0.4460
 8888 IGKVIGD   -7.0891   -9.0854   -1.9963    0.4460
 8889 IGKVIGD   -7.7100   -9.7063   -1.9963    0.4460
 8890 IGVKIDG   -5.0260   -6.9109   -1.8849    0.4460
 8891 IGVKIDA   -5.1381   -7.0104   -1.8723    0.4460
 8892 MGAKIVD   -3.1840   -6.5366   -3.3526    0.4460
 8893 MGAKIVD   -5.5992   -8.9517   -3.3526    0.4460
 8894 MGGKIVD   -4.3047   -7.7813   -3.4766    0.4460
 8895 MGGKIVD   -4.3047   -7.7813   -3.4766    0.4460
 8896 DGGKIVM   -2.7243   -6.3123   -3.5880    0.4460
 8897 GKVDIGM   -4.4528   -7.7065   -3.2537    0.4460
 8898 GMVDIGK   -3.6466   -7.0118   -3.3651    0.4460
 8899 LMKDIGV   -5.9130   -7.3964   -1.4834    0.4460
 8900 LMKDIGM   -5.9435   -7.5015   -1.5580    0.4460
 8901 LGKDIGV   -3.3695   -7.1555   -3.7860    0.4460
 8902 LGRDVGV   -0.8161   -9.3404   -8.5243    0.4460
 8903 WMRDVGV   -5.8405   -8.9871   -3.1466    0.4460
 8904 WMRDVGV   -5.8405   -8.9871   -3.1466    0.4460
 8905 WMRDVGV   -5.8405   -8.9871   -3.1466    0.4460
 8906 WVKEVGV   -7.4750   -7.5001   -0.0251    0.4460
 8907 WVVEKGV   -9.5596   -9.6962   -0.1366    0.4460
 8908 VVKEVGI  -10.0922  -10.6028   -0.5106    0.4460
 8909 VIKEVGV   -9.6380  -10.1485   -0.5106    0.4460
 8910 VWKEVGM  -10.1759  -10.2756   -0.0997    0.4460
 8911 VWKEVGM  -10.1759  -10.2756   -0.0997    0.4460
 8912 VMKEVGW   -9.7622   -9.8619   -0.0997    0.4460
 8913 VLKEVGM   -8.9057  -11.2006   -2.2949    0.4460
 8914 MLKEVGM   -8.6991  -10.9886   -2.2894    0.4460
 8915 MVKELGM   -8.2849  -10.5743   -2.2894    0.4460
 8916 MVKELGM   -8.2849  -10.5743   -2.2894    0.4460
 8917 MIKEVGM   -9.2149   -9.7146   -0.4997    0.4460
 8918 MVKEVGM   -8.3209  -10.1949   -1.8740    0.4460
 8919 MVKEMGV   -9.0576  -10.9316   -1.8740    0.4460
 8920 MIKEMGV   -9.6246  -10.1243   -0.4997    0.4460
 8921 FIKEMGV  -10.3162  -10.5828   -0.2666    0.4460
 8922 FIKEMGV  -10.3162  -10.5828   -0.2666    0.4460
 8923 FMKEIGV  -10.0136  -10.2802   -0.2666    0.4460
 8924 FMKEFGV   -9.0037   -8.9660    0.0377    0.4460
 8925 FMKEVGY   -7.8403   -8.9420   -1.1017    0.4460
 8926 VMKEIGY   -6.5626   -7.8886   -1.3260    0.4460
 8927 IMKEIGY   -7.7865   -7.7782    0.0083    0.4460
 8928 MIKEIGY   -9.9707   -9.9624    0.0083    0.4460
 8929 MYKEIGF   -8.9919   -8.7194    0.2726    0.4460
 8930 MIKEYGF  -10.4011  -10.1285    0.2726    0.4460
 8931 MIKEYGF  -10.4011  -10.1285    0.2726    0.4460
 8932 MIKEFGF   -9.0806  -10.8686   -1.7880    0.4460
 8933 MIKEFGF   -9.0806  -10.8686   -1.7880    0.4460
 8934 MIKEVGY  -10.7503  -12.0763   -1.3260    0.4460
 8935 MIKEVGY  -10.7503  -12.0763   -1.3260    0.4460
 8936 IIKEMGY  -10.8942  -10.8859    0.0083    0.4460
 8937 IIKEMGY  -10.8942  -10.8859    0.0083    0.4460
 8938 IIKEMGY  -10.8942  -10.8859    0.0083    0.4460
 8939 IIKEMGY  -10.8505  -10.8423    0.0083    0.4460
 8940 IIKEMGY  -10.8505  -10.8423    0.0083    0.4460
 8941 IMKEIGY   -8.1323   -8.1241    0.0083    0.4460
 8942 IMIKEGY   -8.3064   -8.4095   -0.1031    0.4460
 8943 IMIKEGY   -8.3064   -8.4095   -0.1031    0.4460
 8944 IMIKEGY   -8.3064   -8.4095   -0.1031    0.4460
 8945 IMIKDGM   -7.1798   -7.6196   -0.4397    0.4460
 8946 IKIMDGM  -10.5510  -10.7678   -0.2169    0.4460
 8947 IKIMDGV  -10.6312  -10.7735   -0.1423    0.4460
 8948 LKIMDGV   -9.7270  -11.0990   -1.3720    0.4460
 8949 IKIMDGV  -10.7856  -10.9279   -0.1423    0.4460
 8950 MKIIDGV   -9.7513   -9.8935   -0.1423    0.4460
 8951 MKIIDGV   -9.7513   -9.8935   -0.1423    0.4460
 8952 MDIIKGV   -7.3193   -7.4616   -0.1423    0.4460
 8953 MDIVKGI   -7.3398   -7.4821   -0.1423    0.4460
 8954 MEIKVGI   -9.5267   -9.8747   -0.3480    0.4460
 8955 MEIKVGI   -9.5267   -9.8747   -0.3480    0.4460
 8956 MVIKEGI  -10.3932  -11.0755   -0.6823    0.4460
 8957 MVIKEGI  -10.2382  -10.9204   -0.6823    0.4460
 8958 MIIKDGI   -7.3144   -9.5052   -2.1909    0.4460
 8959 MIIKDGI   -7.3144   -9.5052   -2.1909    0.4460
 8960 MILKDGG   -5.5226   -9.6374   -4.1149    0.4460
 8961 MILKDGI   -6.4050   -9.8255   -3.4206    0.4460
 8962 MILKDGI   -6.4050   -9.8255   -3.4206    0.4460
 8963 MIIKMGD   -9.9209  -10.2492   -0.3283    0.4460
 8964 MIIKMGE   -9.7418  -10.3872   -0.6454    0.4460
 8965 KIMIMGE   -9.9916  -10.7485   -0.7569    0.4460
 8966 KMMIMGE   -9.4512  -10.0569   -0.6057    0.4460
 8967 KMMIMGE   -9.4512  -10.0569   -0.6057    0.4460
 8968 KMMIMGE   -9.4512  -10.0569   -0.6057    0.4460
 8969 KMMIMGE   -9.4512  -10.0569   -0.6057    0.4460
 8970 KMMIMAD   -9.6191  -10.0865   -0.4674    0.4460
 8971 KMMIMAD   -9.6191  -10.0865   -0.4674    0.4460
 8972 KMMIMVD   -6.9530   -9.1044   -2.1514    0.4460
 8973 DMMVMVK   -7.9059   -8.2316   -0.3257    0.4460
 8974 DMMVMVD   -7.3974   -8.2160   -0.8186    0.4460
 8975 DVMVMMD   -6.5821   -7.4006   -0.8186    0.4460
 8976 DVMVMMK   -9.0181   -9.3439   -0.3257    0.4460
 8977 DMVVEMM   -6.9952   -8.0195   -1.0243    0.4460
 8978 DVMMEVM   -5.4957   -6.5200   -1.0243    0.4460
 8979 MVMEEVM   -6.1048   -7.5577   -1.4529    0.4460
 8980 AVMMEVK   -6.4817   -8.4545   -1.9729    0.4460
 8981 AMVVEVK   -8.8273  -10.8056   -1.9783    0.4460
 8982 AMVVEKV   -8.9323  -11.0220   -2.0897    0.4460
 8983 AMVVEKV   -8.9483  -11.0380   -2.0897    0.4916
 8984 MMVVEKV  -11.8062  -12.3745   -0.5683    0.4916
 8985 MMKVEVV   -8.3961   -8.7415   -0.3454    0.4916
 8986 MVDMEVV   -9.3611  -10.1994   -0.8383    0.4916
 8987 MMDMEVV   -8.9562   -9.8690   -0.9129    0.4916
 8988 MMVMEVK   -8.9876   -9.5190   -0.5314    0.4916
 8989 GLVMDVD   -9.0596  -11.5302   -2.4706    0.4916
 8990 GLDMDVV   -4.8882   -7.2474   -2.3591    0.4916
 8991 GLKMDVV   -5.2757   -7.1420   -1.8663    0.4916
 8992 GKMLDVV   -6.8085   -8.7862   -1.9777    0.4916
 8993 GKMVDVV   -8.0185   -9.5808   -1.5623    0.4916
 8994 GKMVDVF   -8.9698   -8.9335    0.0363    0.4916
 8995 GKMVDVF   -8.9698   -8.9335    0.0363    0.4916
 8996 GKMVDIF   -7.6547   -7.6041    0.0506    0.4916
 8997 GKMVDIV   -8.0757   -8.2637   -0.1880    0.4916
 8998 GKMVDIV   -8.0757   -8.2637   -0.1880    0.4916
 8999 GKMVDIV   -8.0757   -8.2637   -0.1880    0.4916
 9000 GKMIDVV   -8.7068   -8.8948   -0.1880    0.4916
 9001 GKMMEVV   -6.6579   -8.5319   -1.8740    0.4916
 9002 GKMMEVV   -6.6579   -8.5319   -1.8740    0.4916
 9003 GKMMEVV   -6.6579   -8.5319   -1.8740    0.4916
 9004 GKMVEVM   -6.4257   -8.2997   -1.8740    0.4916
 9005 GKMVEVM   -6.3564   -8.2304   -1.8740    0.4916
 9006 MKMVDVG   -6.5682   -8.0136   -1.4454    0.4916
 9007 MKMVEVV   -8.4061   -8.7515   -0.3454    0.4916
 9008 MKMVDVM   -8.3205   -8.4233   -0.1029    0.4916
 9009 MKMVDVM   -8.3205   -8.4233   -0.1029    0.4916
 9010 MKMVDVM   -8.3205   -8.4233   -0.1029    0.4916
 9011 MKMVDMM   -4.7547   -4.9321   -0.1774    0.4916
 9012 MKMVDVM   -8.3209   -8.4237   -0.1029    0.4916
 9013 MKMVDVM   -8.3209   -8.4237   -0.1029    0.4916
 9014 MKMMEVM   -8.2803   -8.7749   -0.4946    0.4916
 9015 MKMMEVM   -8.2803   -8.7749   -0.4946    0.4916
 9016 MKMMMVE   -5.3698   -5.9758   -0.6060    0.4916
 9017 MKMVMVD   -5.5726   -5.7869   -0.2143    0.4916
 9018 MKMVDVM   -6.5748   -6.6776   -0.1029    0.4916
 9019 MMKVDVM   -6.8738   -6.9767   -0.1029    0.4916
 9020 MMKVEVM   -7.9343   -8.3543   -0.4200    0.4916
 9021 MEKVMVM   -5.4011   -6.0439   -0.6429    0.4916
 9022 GEKVMMV   -4.0095   -6.1064   -2.0969    0.4916
 9023 AEKVMMF   -5.4874   -5.9731   -0.4857    0.4916
 9024 AEKVMMF   -5.4874   -5.9731   -0.4857    0.4916
 9025 AEKVMMF   -5.4874   -5.9731   -0.4857    0.4916
 9026 EAMVKMF   -4.1032   -4.4775   -0.3743    0.4916
 9027 DAMVMKI   -4.5416   -4.8230   -0.2814    0.4916
 9028 DAMVMMK   -5.5836   -7.3453   -1.7617    0.4916
 9029 DAMVMMK   -5.5836   -7.3453   -1.7617    0.4916
 9030 EAMVMMK   -5.1729   -7.2517   -2.0789    0.4916
 9031 EAMVVMK   -4.7174   -6.8017   -2.0843    0.4916
 9032 AEKVVMM   -5.7569   -7.8411   -2.0843    0.4916
 9033 MKEVVMA   -6.8245   -8.9088   -2.0843    0.4916
 9034 MAEMVVK   -4.4606   -6.4334   -1.9729    0.4916
 9035 YMEVMKV   -4.9233   -4.6896    0.2337    0.4916
 9036 YMKEMVV   -5.1214   -5.1106    0.0109    0.4916
 9037 YVKEMVM   -5.9865   -5.9756    0.0109    0.4916
 9038 YVVEMKV   -8.3136   -8.0053    0.3083    0.4916
 9039 YEVVMKV   -8.3720   -8.0637    0.3083    0.4916
 9040 YVKVMEV   -8.5640   -8.2557    0.3083    0.4916
 9041 YVKVMEV   -8.5640   -8.2557    0.3083    0.4916
 9042 YVKVMEV   -8.5640   -8.2557    0.3083    0.4916
 9043 AVKVMEV   -7.8401   -9.7070   -1.8669    0.4916
 9044 MVAVKEV   -9.7175  -11.8072   -2.0897    0.4916
 9045 MVVAKVE   -9.1415  -11.1198   -1.9783    0.4916
 9046 MVVEKMA   -8.4878  -10.5721   -2.0843    0.4916
 9047 MVVEKMA   -8.4878  -10.5721   -2.0843    0.4916
 9048 MVAEKMV   -6.8521   -8.9364   -2.0843    0.4916
 9049 MVADKVL   -7.2695   -9.4575   -2.1880    0.4916
 9050 MVADKVL   -7.2695   -9.4575   -2.1880    0.4916
 9051 MVALEVD  -10.2047  -13.0913   -2.8866    0.4916
 9052 MKALVVD  -11.3936  -13.4702   -2.0766    0.4916
 9053 MKALVVD  -11.3936  -13.4702   -2.0766    0.4916
 9054 MKALVVD  -11.3936  -13.4702   -2.0766    0.4916
 9055 MKAIVVD  -12.5598  -12.8467   -0.2869    0.4916
 9056 MKAIVVD  -12.5598  -12.8467   -0.2869    0.4916
 9057 MKAIVVD  -12.5598  -12.8467   -0.2869    0.4916
 9058 MKAVIVD  -11.9217  -12.2085   -0.2869    0.4916
 9059 MKAIVID   -8.8944  -10.9270   -2.0326    0.4916
 9060 MKAVIVE  -11.0496  -11.6536   -0.6040    0.4916
 9061 MKAVEMI  -10.0799  -10.5671   -0.4871    0.4916
 9062 MKAVIME   -9.9133  -10.5119   -0.5986    0.4916
 9063 LAKVFGE   -7.0729  -11.0506   -3.9777    0.4916
 9064 LAKVFGE   -6.9378  -10.9156   -3.9777    0.4916
 9065 LAVKFGD   -8.0232  -11.6838   -3.6606    0.4916
 9066 KIVMFGD  -10.5379  -10.5988   -0.0609    0.4916
 9067 KMVIVGE  -11.7709  -12.3875   -0.6166    0.4916
 9068 KIVMVGE  -11.3091  -11.9257   -0.6166    0.4916
 9069 KIVMVGD  -12.5850  -12.8844   -0.2994    0.4916
 9070 KIVMVGD  -12.5850  -12.8844   -0.2994    0.4916
 9071 KMIMIGD  -10.0470  -10.4867   -0.4397    0.4916
 9072 KIIMMGD  -10.0000  -10.4397   -0.4397    0.4916
 9073 KIIMVGD  -11.5106  -11.8757   -0.3651    0.4916
 9074 KLIVVGD  -12.5581  -14.0784   -1.5203    0.4916
 9075 KMIVVGD  -13.2393  -13.5387   -0.2994    0.4916
 9076 KVIWVGD  -10.3640  -12.0091   -1.6451    0.4916
 9077 KIVLVGD  -10.5292  -12.0494   -1.5203    0.4916
 9078 KLIVAGD   -9.2271  -13.2234   -3.9963    0.4916
 9079 KIMVAGD   -9.0357  -12.6111   -3.5754    0.4916
 9080 MKVVAGD   -8.6030  -13.4413   -4.8383    0.4916
 9081 MKVVAGD   -8.6030  -13.4413   -4.8383    0.4916
 9082 KMVVMGD   -9.2899  -10.9581   -1.6683    0.4916
 9083 KMVVMGD   -9.2899  -10.9581   -1.6683    0.4916
 9084 KMVVMGD   -9.2899  -10.9581   -1.6683    0.4916
 9085 KMVVMGD   -9.2899  -10.9581   -1.6683    0.4916
 9086 KVMVFGD  -11.2784  -11.3536   -0.0751    0.4916
 9087 MFKVVGD  -11.2088  -11.1725    0.0363    0.4916
 9088 MVKMVGD   -8.0605   -9.6174   -1.5569    0.4916
 9089 MMKVVGD  -11.2629  -12.8197   -1.5569    0.4916
 9090 MVKVVGD  -10.9794  -12.5417   -1.5623    0.4916
 9091 MVKVDGV  -10.2425  -11.6934   -1.4509    0.4916
 9092 MVRVDGW   -3.8236   -6.8587   -3.0351    0.4916
 9093 MVRVDGM   -3.3351   -8.1445   -4.8094    0.4916
 9094 VVRDMGM    0.7746   -4.1463   -4.9209    0.4916
 9095 VVKEMLG   -3.3427   -5.7490   -2.4063    0.4916
 9096 VIDAELM   -1.8090   -5.7699   -3.9609    0.4916
 9097 VIKAELM   -4.2781   -7.7461   -3.4680    0.4916
 9098 VIKAVLE   -4.3985   -7.9034   -3.5049    0.4916
 9099 VEKAVLI   -4.7825   -8.3988   -3.6163    0.4916
 9100 VEAKVGI   -5.4596   -9.0233   -3.5637    0.4916
 9101 IEAKVLV   -4.3892   -7.7826   -3.3934    0.4916
 9102 VIAKELV   -5.3509   -8.9672   -3.6163    0.4916
 9103 IVMKEAV   -7.8552   -8.5706   -0.7154    0.4916
 9104 IVMAEEM   -2.5302   -4.0502   -1.5200    0.4916
 9105 IVFAMEE   -4.5342   -7.6124   -3.0783    0.4916
 9106 VIIAMEE   -5.1299   -8.5125   -3.3826    0.4916
 9107 VIMEMAE   -6.8464   -8.2550   -1.4086    0.4916
 9108 IMMKVAE   -5.7351   -6.3337   -0.5986    0.4916
 9109 EMMKVAI   -5.6775   -6.2761   -0.5986    0.4916
 9110 VMMKEAI   -5.9011   -6.6111   -0.7100    0.4916
 9111 VMMKDAI   -5.8597   -6.2525   -0.3929    0.4916
 9112 MMMKEAI   -6.8795   -7.6641   -0.7846    0.4916
 9113 MMMKEAI   -6.8795   -7.6641   -0.7846    0.4916
 9114 MMKEMAI   -5.1459   -5.9305   -0.7846    0.4916
 9115 IMMEYAK   -3.0826   -4.5021   -1.4194    0.4916
 9116 IMMKFAE   -2.8287   -4.9487   -2.1200    0.4916
 9117 IMMEMAK   -7.2943   -7.9674   -0.6731    0.4916
 9118 IMMEMAK   -7.2943   -7.9674   -0.6731    0.4916
 9119 IMMEVAK   -5.6746   -6.2732   -0.5986    0.4916
 9120 IKMEVAM   -6.3129   -6.8000   -0.4871    0.4916
 9121 IKMEVAM   -6.3129   -6.8000   -0.4871    0.4916
 9122 IKMMVAE   -6.4536   -7.0521   -0.5986    0.4916
 9123 IKMMVAE   -6.4536   -7.0521   -0.5986    0.4916
 9124 IDMMVAD   -4.7677   -5.5420   -0.7743    0.4916
 9125 IKMMVGD   -8.5293   -8.7118   -0.1826    0.4916
 9126 IKMMVGD   -8.5293   -8.7118   -0.1826    0.4916
 9127 IKMMVGE   -8.7012   -9.2010   -0.4997    0.4916
 9128 KLMMVGE   -6.8648   -9.2657   -2.4009    0.4916
 9129 KFMMVGE   -8.2543   -8.6412   -0.3869    0.4916
 9130 KFMMVGE   -8.2543   -8.6412   -0.3869    0.4916
 9131 KFMMVGE   -8.2543   -8.6412   -0.3869    0.4916
 9132 KFMMVGD   -8.5709   -8.6407   -0.0697    0.4916
 9133 KVMMFGD   -9.5680   -9.6378   -0.0697    0.4916
 9134 KIMMFGD   -9.9078  -10.0433   -0.1354    0.4916
 9135 KIMMFGD   -9.9078  -10.0433   -0.1354    0.4916
 9136 KIMMFGD   -9.9078  -10.0433   -0.1354    0.4916
 9137 KIMMFGD   -9.9078  -10.0433   -0.1354    0.4916
 9138 KIMMFGD   -9.9078  -10.0433   -0.1354    0.4916
 9139 KIMMFGD   -9.9078  -10.0433   -0.1354    0.4916
 9140 KIMMFGD   -9.9078  -10.0433   -0.1354    0.4916
 9141 KIVMFGD  -10.3654  -10.4262   -0.0609    0.4916
 9142 KIVMFGD  -10.3654  -10.4262   -0.0609    0.4916
 9143 KIVMIGD   -9.6793  -10.0444   -0.3651    0.4916
 9144 KIVIMGD   -9.8334  -10.1985   -0.3651    0.4916
 9145 KVIIMGD  -10.5533  -10.9185   -0.3651    0.4916
 9146 KIIVMGD  -11.6817  -12.0469   -0.3651    0.4916
 9147 KIIVMGD  -11.6817  -12.0469   -0.3651    0.4916
 9148 KIIVMGD  -11.6817  -12.0469   -0.3651    0.4916
 9149 KVIIMGD  -11.2974  -11.6625   -0.3651    0.4916
 9150 KVIIMGD  -11.2974  -11.6625   -0.3651    0.4916
 9151 KVIIVGE  -11.0154  -11.6231   -0.6077    0.4916
 9152 VVVIKGE  -10.8554  -11.4774   -0.6220    0.4916
 9153 IVVIKGE  -10.6953  -11.3030   -0.6077    0.4916
 9154 IVVIEGK  -10.4646  -11.0723   -0.6077    0.4916
 9155 IVVIEGE  -10.5984  -12.0161   -1.4177    0.4916
 9156 MVVIEGE  -11.3073  -12.7338   -1.4266    0.4916
 9157 IVVIEGE  -10.8454  -12.2631   -1.4177    0.4916
 9158 VIVIEGE  -10.8569  -12.2747   -1.4177    0.4916
 9159 VIVIEGE  -10.8569  -12.2747   -1.4177    0.4916
 9160 EVIIEGV   -9.6282  -10.9345   -1.3063    0.4916
 9161 EVVVEGI   -8.7798  -10.1004   -1.3206    0.4916
 9162 EVIVKGV  -11.0621  -11.5727   -0.5106    0.4916
 9163 EVIVKGV  -11.0621  -11.5727   -0.5106    0.4916
 9164 DVIVEGV   -9.0310  -10.0345   -1.0034    0.4916
 9165 EVIVKGV  -10.8682  -11.3788   -0.5106    0.4916
 9166 IVKVEGF  -11.5365  -11.6171   -0.0806    0.4916
 9167 VIKVEGF  -11.1746  -11.2552   -0.0806    0.4916
 9168 VEIVKGF  -10.2339  -10.3145   -0.0806    0.4916
 9169 VKIVEGW   -9.4669  -11.2063   -1.7394    0.4916
 9170 VKVVEGW  -10.8617  -10.7754    0.0863    0.4916
 9171 VKVVDGW   -9.4238   -9.0204    0.4034    0.4916
 9172 GVVDKVW   -7.6698   -7.4892    0.1806    0.4916
 9173 GVVDWKV   -6.4592   -6.0558    0.4034    0.4916
 9174 GVKVWVD   -9.0527   -8.7607    0.2920    0.4916
 9175 GVVKWVD   -9.2436   -8.9516    0.2920    0.4916
 9176 KVWGVVD  -10.9987  -10.7067    0.2920    0.4916
 9177 KVWGVVD  -10.9987  -10.7067    0.2920    0.4916
 9178 KVWGMVE  -11.1593  -11.2590   -0.0997    0.4916
 9179 KVWGMVE  -11.1593  -11.2590   -0.0997    0.4916
 9180 KVWGMVD  -12.2646  -12.0472    0.2174    0.4916
 9181 KVWGMVD  -12.2646  -12.0472    0.2174    0.4916
 9182 KVWGMVD  -12.2646  -12.0472    0.2174    0.4916
 9183 KVWGMVD  -12.2646  -12.0472    0.2174    0.4916
 9184 KVWGMVD  -12.2646  -12.0472    0.2174    0.4916
 9185 MVWGKVD  -11.1312  -10.9137    0.2174    0.4916
 9186 MVWGKVE  -10.8254  -10.9252   -0.0997    0.4916
 9187 DVWGMVE   -8.0030   -8.5956   -0.5926    0.4916
 9188 DVWGMVE   -8.5871   -9.1796   -0.5926    0.5226
 9189 DVWGMVD   -8.6649   -8.9403   -0.2754    0.5226
 9190 DVWGYVD   -8.0249   -8.4466   -0.4217    0.5226
 9191 DVWGYVR   -5.6744   -8.9673   -3.2929    0.5226
 9192 DVWGYVK   -8.8561   -8.7850    0.0711    0.5226
 9193 DVWGYVK   -8.8561   -8.7850    0.0711    0.5226
 9194 EVWGYVD   -6.6648   -7.4036   -0.7389    0.5226
 9195 DVWGIVE   -6.7586   -9.1023   -2.3437    0.5226
 9196 DVWGLVD   -6.7145   -9.9708   -3.2563    0.5226
 9197 DVWGVVD   -9.8603  -10.0611   -0.2009    0.5226
 9198 DVWGVVD   -9.8603  -10.0611   -0.2009    0.5226
 9199 DVWGVIK   -8.9285  -10.4622   -1.5337    0.5226
 9200 DVWGMIE   -6.5914   -9.0097   -2.4183    0.5226
 9201 EVWGDMM   -4.2102   -4.8773   -0.6671    0.5226
 9202 KVWGEMV   -8.5109   -8.6106   -0.0997    0.5226
 9203 KVWGEMV   -8.5109   -8.6106   -0.0997    0.5226
 9204 KVWGMEV  -10.6752  -10.6635    0.0117    0.5226
 9205 KVWGMEV  -10.6752  -10.6635    0.0117    0.5226
 9206 KVWGMEV  -10.6752  -10.6635    0.0117    0.5226
 9207 KVWGMEV  -10.6752  -10.6635    0.0117    0.5226
 9208 KVWGEMV   -9.1412   -9.2409   -0.0997    0.5226
 9209 KVWGMEV  -11.0195  -11.0078    0.0117    0.5226
 9210 MVWGKEV  -10.0967  -10.3078   -0.2111    0.5226
 9211 MVWGDEV   -8.8465   -9.5505   -0.7040    0.5226
 9212 MVWGDEV   -8.8465   -9.5505   -0.7040    0.5226
 9213 MVWGDEV   -8.8465   -9.5505   -0.7040    0.5226
 9214 EVWGDMV   -6.4396   -7.0322   -0.5926    0.5226
 9215 EVWGDMV   -6.4396   -7.0322   -0.5926    0.5226
 9216 EWVGDMV   -3.9279   -4.5204   -0.5926    0.5226
 9217 FKVGDMV   -8.1840   -8.0363    0.1477    0.5226
 9218 VKVGDYF   -6.4024   -7.0810   -0.6786    0.5226
 9219 VKVGDMI   -9.7860   -9.8626   -0.0766    0.5226
 9220 VKFGDVI  -11.5679  -11.3313    0.2366    0.5226
 9221 VKFGDVI  -11.5679  -11.3313    0.2366    0.5226
 9222 FKIGDVV  -10.1885   -9.9519    0.2366    0.5226
 9223 FKIGDVV  -10.1885   -9.9519    0.2366    0.5226
 9224 FKIGEVV  -11.0415  -11.1220   -0.0806    0.5226
 9225 FKIGEVV  -11.0415  -11.1220   -0.0806    0.5226
 9226 FKIGEVV  -11.0415  -11.1220   -0.0806    0.5226
 9227 FKFGEVV  -11.4522  -11.2285    0.2237    0.5226
 9228 FKFGEVV  -11.4522  -11.2285    0.2237    0.5226
 9229 FKFGEVV  -11.4522  -11.2285    0.2237    0.5226
 9230 FKFGEVG   -9.3518  -11.1052   -1.7534    0.5226
 9231 FKFGEVG   -9.3518  -11.1052   -1.7534    0.5226
 9232 FKFGEVV  -11.8633  -11.6395    0.2237    0.5226
 9233 FKFGEVV  -11.8633  -11.6395    0.2237    0.5226
 9234 FKFGEVV  -11.8633  -11.6395    0.2237    0.5226
 9235 FKFGEVV  -11.8633  -11.6395    0.2237    0.5226
 9236 FKFGEVV  -11.8633  -11.6395    0.2237    0.5226
 9237 MKMGEVM  -11.7122  -13.4693   -1.7571    0.5226
 9238 MKMGEVM  -11.7122  -13.4693   -1.7571    0.5226
 9239 MKMGEVM  -11.7122  -13.4693   -1.7571    0.5226
 9240 MKMGEVM  -11.7122  -13.4693   -1.7571    0.5226
 9241 MKMGEVM  -11.7122  -13.4693   -1.7571    0.5226
 9242 MKVGDMI  -11.9002  -11.9713   -0.0711    0.5226
 9243 MKIGDMM  -11.8865  -11.9522   -0.0657    0.5226
 9244 MKIGEMM  -12.6468  -13.0296   -0.3829    0.5226
 9245 MKFGEMM  -10.9177  -11.0763   -0.1586    0.5226
 9246 MKMGEFM   -8.4876   -8.6461   -0.1586    0.5226
 9247 MKMGEFM   -8.4876   -8.6461   -0.1586    0.5226
 9248 MKIGEFM   -8.2350   -8.4647   -0.2297    0.5226
 9249 MKIGEMA   -8.1597  -11.8240   -3.6643    0.5226
 9250 MKIGEMI  -11.9996  -12.5336   -0.5340    0.5226
 9251 MKMGDMI  -11.0465  -11.1122   -0.0657    0.5226
 9252 MKIGDMI  -11.5435  -11.7603   -0.2169    0.5226
 9253 MKIGDMI  -11.5435  -11.7603   -0.2169    0.5226
 9254 MRIGDMI   -8.3835  -11.9643   -3.5809    0.5226
 9255 MRIGDMM   -8.1887  -11.6184   -3.4297    0.5226
 9256 MRMGEIM   -5.9892   -9.7360   -3.7469    0.5226
 9257 MRMGEVI   -8.5869  -12.3392   -3.7523    0.5226
 9258 MRMGDVI   -8.6320  -12.0671   -3.4351    0.5226
 9259 MDMGDVW   -4.9901   -5.2287   -0.2386    0.5226
 9260 MEMGEVW   -6.9262   -7.7991   -0.8729    0.5226
 9261 MEYGKVW   -5.5176   -5.6467   -0.1291    0.5226
 9262 MEYGEVM   -4.1149   -7.5084   -3.3934    0.5226
 9263 MELGEVL   -5.7220   -9.4508   -3.7289    0.5226
 9264 MKLGEVL  -11.1267  -14.0456   -2.9189    0.5226
 9265 MKLGEVL  -11.1267  -14.0456   -2.9189    0.5226
 9266 MKVGEVW  -12.9254  -12.9137    0.0117    0.5226
 9267 MKVGEVW  -12.9254  -12.9137    0.0117    0.5226
 9268 MKVGEVW  -12.9254  -12.9137    0.0117    0.5226
 9269 MKVGEVL  -11.2211  -13.4046   -2.1834    0.5226
 9270 MKVGEVL  -11.2211  -13.4046   -2.1834    0.5226
 9271 MKIGEVL  -12.1354  -13.8245   -1.6891    0.5226
 9272 MKLGEVI  -11.9733  -13.6625   -1.6891    0.5226
 9273 MKLGDVI  -10.8479  -12.2199   -1.3720    0.5226
 9274 MKLGDVI  -10.8479  -12.2199   -1.3720    0.5226
 9275 MKLGDVI  -10.8479  -12.2199   -1.3720    0.5226
 9276 MILGDVK   -7.8476   -9.3311   -1.4834    0.5226
 9277 MKLGDVI  -10.2822  -11.6542   -1.3720    0.5226
 9278 MKLGDVI  -10.2822  -11.6542   -1.3720    0.5226
 9279 MKLGDMY   -6.6282   -9.3100   -2.6817    0.5226
 9280 MKMGDLY   -7.6759  -10.3576   -2.6817    0.5226
 9281 MKMGDIV   -8.3625   -8.4336   -0.0711    0.5226
 9282 MMKGDIV   -9.6349   -9.8175   -0.1826    0.5226
 9283 MYKGDIV   -6.0232   -7.0320   -1.0089    0.5226
 9284 MVKGDIM   -9.6375   -9.8200   -0.1826    0.5226
 9285 MMVGDIK   -8.3367   -8.5192   -0.1826    0.5226
 9286 MDVGMIK   -7.0226   -7.0937   -0.0711    0.5226
 9287 MDIGMLD   -6.9661   -8.9055   -1.9394    0.5226
 9288 MEIGMLD   -6.8888   -9.1454   -2.2566    0.5226
 9289 MEIGMLK   -7.2219   -8.9856   -1.7637    0.5226
 9290 MMIGELK   -9.4756  -11.3508   -1.8751    0.5226
 9291 MMIGEMK   -9.7529  -10.2472   -0.4943    0.5226
 9292 MKVGEMM   -9.9554  -11.7125   -1.7571    0.5226
 9293 MKLGEVM  -11.0405  -13.2185   -2.1780    0.5226
 9294 FLKGEVM   -7.7512   -9.2475   -1.4963    0.5226
 9295 FLKGEVF   -6.6168   -9.5599   -2.9431    0.5226
 9296 FLKGDVF   -5.5006   -8.1266   -2.6260    0.5226
 9297 GIKGVDF   -7.2598   -8.9204   -1.6606    0.5226
 9298 GFKGVDI   -8.4373  -10.0978   -1.6606    0.5226
 9299 GIKGFDV   -5.7220   -7.3825   -1.6606    0.5226
 9300 GMGKFVD   -2.3986   -5.5395   -3.1409    0.5226
 9301 GMGKDLF   -0.6588   -4.3265   -3.6677    0.5226
 9302 GKGMDFL   -4.9317   -8.4879   -3.5563    0.5226
 9303 GKGMDFL   -4.9317   -8.4879   -3.5563    0.5226
 9304 GKGMDFM   -5.2510   -8.3865   -3.1354    0.5226
 9305 GKGMDFM   -5.2510   -8.3865   -3.1354    0.5226
 9306 GKGMDFW   -7.6898   -8.3710   -0.6811    0.5226
 9307 FKGWEGW   -8.4488   -9.6013   -1.1526    0.5226
 9308 FKGWEGM   -8.9029   -9.7898   -0.8869    0.5226
 9309 FKGWEGM   -8.9029   -9.7898   -0.8869    0.5226
 9310 MKGWEGM   -8.7272  -11.2072   -2.4800    0.5226
 9311 MKWGEGM   -9.1103  -11.5903   -2.4800    0.5226
 9312 FKWGEGM   -9.2352  -10.1220   -0.8869    0.5226
 9313 FKWGEGM   -9.2352  -10.1220   -0.8869    0.5226
 9314 WKWGEGM   -9.6191   -9.6448   -0.0257    0.5226
 9315 WKFGEGM   -8.6268   -9.5137   -0.8869    0.5226
 9316 WKFGEGM   -8.6268   -9.5137   -0.8869    0.5226
 9317 MKFGEGW  -11.1496  -12.0365   -0.8869    0.5226
 9318 MKFGEGW  -11.1496  -12.0365   -0.8869    0.5226
 9319 FKFGEGW  -12.6431  -12.1368    0.5063    0.5226
 9320 FKIGDGW  -11.7156  -11.1964    0.5191    0.5226
 9321 FKWGDGW  -10.3409  -11.1764   -0.8354    0.5226
 9322 FKMGDGW  -10.5014  -11.0711   -0.5697    0.5226
 9323 MKFGDGW  -10.7366  -11.3063   -0.5697    0.5226
 9324 MFKGDGW  -10.6433  -11.3244   -0.6811    0.5226
 9325 MFKGEGW  -11.6108  -12.6091   -0.9983    0.5226
 9326 MFKGEGF  -10.4549  -12.3143   -1.8594    0.5226
 9327 MFVGKGE   -6.6265  -10.1960   -3.5694    0.5226
 9328 MFFGKGD   -6.8915   -8.5453   -1.6537    0.5226
 9329 MFFGEGD   -6.9234   -9.3871   -2.4637    0.5226
 9330 MWFGEGD   -7.5686   -9.1712   -1.6026    0.5226
 9331 MWFGEGK   -7.5820   -8.6917   -1.1097    0.5226
 9332 MWFGEGK   -7.5820   -8.6917   -1.1097    0.5226
 9333 KWWGEGV   -8.7318   -8.8744   -0.1426    0.5226
 9334 KWYGEGV   -3.5642   -6.9874   -3.4231    0.5226
 9335 KMVGEGV   -5.8721  -10.9286   -5.0566    0.5226
 9336 KMVGEGI   -6.9848  -10.6671   -3.6823    0.5226
 9337 MKGVDGI   -5.5920   -8.8457   -3.2537    0.5226
 9338 MKIIDGG   -5.4937   -7.5960   -2.1023    0.5226
 9339 MKIMDGI   -7.3072   -7.5240   -0.2169    0.5226
 9340 MKIMDGI   -7.3072   -7.5240   -0.2169    0.5226
 9341 MKMIDGY   -7.7020   -8.5940   -0.8920    0.5226
 9342 KMMIDGY   -6.9128   -7.9162   -1.0034    0.5226
 9343 KMMIDGV   -9.9801  -10.1627   -0.1826    0.5226
 9344 KMMIDGV   -9.9801  -10.1627   -0.1826    0.5226
 9345 KMMIDGV   -9.9801  -10.1627   -0.1826    0.5226
 9346 KMMIDGV   -9.9801  -10.1627   -0.1826    0.5226
 9347 KVIVDGM   -8.6075   -8.7955   -0.1880    0.5226
 9348 KVIMDGV  -10.5185  -10.7065   -0.1880    0.5226
 9349 KMIVEGV  -10.6637  -11.1689   -0.5051    0.5226
 9350 MKIVEGV  -12.0079  -12.4016   -0.3937    0.5226
 9351 MVIKEGV  -12.0101  -12.6266   -0.6166    0.5226
 9352 MVIKEGM  -11.5016  -12.1128   -0.6111    0.5226
 9353 MMIKEGM  -11.2130  -11.8187   -0.6057    0.5226
 9354 MMIKEGM  -11.2130  -11.8187   -0.6057    0.5226
 9355 MMIKEGV  -11.7952  -12.4063   -0.6111    0.5226
 9356 MMIKEGV  -12.3634  -12.9745   -0.6111    0.5226
 9357 MMIKDGV  -12.4356  -12.7296   -0.2940    0.5226
 9358 MMIKDGV  -12.4356  -12.7296   -0.2940    0.5226
 9359 MKIMDGV  -13.0193  -13.0905   -0.0711    0.5226
 9360 MKVMDGI  -12.4101  -12.4813   -0.0711    0.5226
 9361 MKVMDGA   -7.6199  -12.3413   -4.7214    0.5226
 9362 MKVLGGD   -5.8322  -11.0985   -5.2663    0.5226
 9363 MKVLGAD   -3.8485   -8.9908   -5.1423    0.5226
 9364 MDLVGAK   -2.3810   -7.5233   -5.1423    0.5226
 9365 MDLVGAK   -2.3810   -7.5233   -5.1423    0.5226
 9366 MDILGAK   -6.0317   -9.7997   -3.7680    0.5226
 9367 MDIIGAK   -7.0786   -9.0569   -1.9783    0.5226
 9368 MDIKGVI   -8.2849   -8.4272   -0.1423    0.5226
 9369 MVIKGVD  -10.7575  -10.9455   -0.1880    0.5226
 9370 MVIKGVD  -10.7575  -10.9455   -0.1880    0.5226
 9371 MKIIGVD  -11.3690  -11.5113   -0.1423    0.5226
 9372 MIKIGVD  -12.8335  -12.9758   -0.1423    0.5226
 9373 MIRIGVD   -8.6015  -12.1078   -3.5063    0.5226
 9374 MIRIGMD   -6.7031  -10.2839   -3.5809    0.5226
 9375 MIDIGMD   -6.6716   -7.3813   -0.7097    0.5226
 9376 KIMIGMD   -8.5877   -8.9160   -0.3283    0.5226
 9377 KILIGMD   -6.6392   -9.9483   -3.3091    0.5226
 9378 KILIGEM   -4.9316   -8.5579   -3.6263    0.5226
 9379 KILIGEM   -4.9316   -8.5579   -3.6263    0.5226
 9380 KILIGEM   -4.9316   -8.5579   -3.6263    0.5226
 9381 KILIGEA   -7.3158  -10.1436   -2.8277    0.5226
 9382 KILIGEA   -7.0045   -9.8323   -2.8277    0.5226
 9383 KILIGAE   -7.9968  -10.8245   -2.8277    0.5226
 9384 KILIGME   -5.8153   -9.4416   -3.6263    0.5226
 9385 KLVIGME   -6.1358   -7.9364   -1.8006    0.5226
 9386 KLVIGME   -6.1358   -7.9364   -1.8006    0.5226
 9387 KLEIGMV   -4.7229   -6.4121   -1.6891    0.5226
 9388 KLIVGME   -5.2357   -7.0362   -1.8006    0.5226
 9389 KLIIGME   -3.6976   -7.3239   -3.6263    0.5226
 9390 MKIIGLE   -6.0954   -9.6102   -3.5149    0.5226
 9391 AKEIGIL   -4.9094   -7.7372   -2.8277    0.5226
 9392 MKEIGIL   -3.9499   -7.5762   -3.6263    0.5226
 9393 MKEIGIL   -4.6275   -8.2538   -3.6263    0.5499
 9394 IKEIGGI   -7.7666   -8.8171   -1.0506    0.5499
 9395 IKEIGGI   -7.7666   -8.8171   -1.0506    0.5499
 9396 EKIIGGI   -8.7392   -9.9012   -1.1620    0.5499
 9397 EKIIGGL   -7.9823  -10.9340   -2.9517    0.5499
 9398 EKLIGGI   -7.8649  -10.8166   -2.9517    0.5499
 9399 VKIEGGV   -6.6518  -10.3395   -3.6877    0.5499
 9400 VKIEGGI   -7.5965   -9.9099   -2.3134    0.5499
 9401 VKIIGGE  -10.0030  -12.4278   -2.4249    0.5499
 9402 KFIMGGE   -9.6674  -11.9740   -2.3066    0.5499
 9403 FKIMGGE   -7.1494   -9.3446   -2.1951    0.5499
 9404 FKIMGGE   -7.1494   -9.3446   -2.1951    0.5499
 9405 FKIMGGE   -7.1494   -9.3446   -2.1951    0.5499
 9406 FKIMGGK   -2.1160   -4.7812   -2.6651    0.5499
 9407 MKIMGGK   -2.4618   -6.7200   -4.2583    0.5499
 9408 MKIKGGW   -3.8959   -5.5885   -1.6926    0.5499
 9409 MKIKGGW   -3.8959   -5.5885   -1.6926    0.5499
 9410 MKIKGGW   -3.8959   -5.5885   -1.6926    0.5499
 9411 MKIKGGW   -3.8959   -5.5885   -1.6926    0.5499
 9412 MDIKGGW   -7.2720   -8.1775   -0.9054    0.5499
 9413 KLIDGGW   -7.0828   -8.5205   -1.4377    0.5499
 9414 ILKDGGW   -6.2435   -7.7927   -1.5491    0.5499
 9415 ILKDGGW   -7.1857   -8.7349   -1.5491    0.5499
 9416 ILKDGGI   -5.9797   -8.6143   -2.6346    0.5499
 9417 IIKDGGF   -6.8012   -7.4218   -0.6206    0.5499
 9418 IFKDGGI   -8.5735   -9.1941   -0.6206    0.5499
 9419 MFKEGGI   -8.0054  -10.3119   -2.3066    0.5499
 9420 MIEKGGI   -7.8534  -10.3843   -2.5309    0.5499
 9421 MIEKGGI   -7.8534  -10.3843   -2.5309    0.5499
 9422 MIEKGGI   -7.8534  -10.3843   -2.5309    0.5499
 9423 IIEKGGI   -8.4109   -9.5729   -1.1620    0.5499
 9424 IIEKGGI   -8.4109   -9.5729   -1.1620    0.5499
 9425 IIEKGGI   -8.4109   -9.5729   -1.1620    0.5499
 9426 MIEKGGI   -7.8417  -10.3726   -2.5309    0.5499
 9427 MIKEGGI   -8.1531  -10.6840   -2.5309    0.5499
 9428 LKIVGGE   -6.9140  -11.1286   -4.2146    0.5499
 9429 LKIVGGE   -6.9140  -11.1286   -4.2146    0.5499
 9430 KLIVGGD   -8.3127  -12.3215   -4.0089    0.5499
 9431 KLVIGGE   -7.4783  -11.8043   -4.3260    0.5499
 9432 KLVIGGE   -7.4783  -11.8043   -4.3260    0.5499
 9433 KIVIGGE   -9.2404  -11.7767   -2.5363    0.5499
 9434 RIVIGGE   -5.7379  -11.6382   -5.9003    0.5499
 9435 RVIIGGE   -5.7112  -11.6115   -5.9003    0.5499
 9436 RWIIGGE   -7.1901  -10.9907   -3.8006    0.5499
 9437 RMIIGGE   -5.8800  -11.7749   -5.8949    0.5499
 9438 RMIIGGE   -5.8800  -11.7749   -5.8949    0.5499
 9439 RFIVGGE   -7.2579  -12.9339   -5.6760    0.5499
 9440 RFIVGGE   -7.2579  -12.9339   -5.6760    0.5499
 9441 RFIVGGE   -7.2579  -12.9339   -5.6760    0.5499
 9442 RFIVGGE   -7.2579  -12.9339   -5.6760    0.5499
 9443 RFVVGGE   -5.5010  -12.5513   -7.0503    0.5499
 9444 RFVVGGE   -5.5010  -12.5513   -7.0503    0.5499
 9445 RVFVGGE   -5.8947  -12.9450   -7.0503    0.5499
 9446 RMFVGGE   -5.6398  -12.6846   -7.0449    0.5499
 9447 RMFVGGD   -5.6377  -12.3655   -6.7277    0.5499
 9448 RIFVGGD   -8.1649  -13.5238   -5.3589    0.5499
 9449 RIFVGGD   -8.1649  -13.5238   -5.3589    0.5499
 9450 KIFVGGD  -11.8478  -13.8427   -1.9949    0.5499
 9451 KIFVGGD  -11.8478  -13.8427   -1.9949    0.5499
 9452 KIFVGGD  -11.8478  -13.8427   -1.9949    0.5499
 9453 KIFVGGD  -11.8478  -13.8427   -1.9949    0.5499
 9454 KIIVGGD  -10.9623  -13.1814   -2.2191    0.5499
 9455 KWIVGGD   -9.9980  -11.1317   -1.1337    0.5499
 9456 KFIVGGD  -10.4678  -12.4627   -1.9949    0.5499
 9457 KIVVGGE   -9.0653  -12.9759   -3.9106    0.5499
 9458 KIVIGGE   -9.3319  -11.8682   -2.5363    0.5499
 9459 KIIVGGE  -11.0621  -13.5984   -2.5363    0.5499
 9460 KIIVGGE  -11.0621  -13.5984   -2.5363    0.5499
 9461 KIIVGGE  -11.0621  -13.5984   -2.5363    0.5499
 9462 KIVIGGE   -9.9602  -12.4965   -2.5363    0.5499
 9463 KIVIGGE   -9.9602  -12.4965   -2.5363    0.5499
 9464 EIVIGGK   -8.1884  -10.7247   -2.5363    0.5499
 9465 EIVVGGK   -7.2295  -11.1401   -3.9106    0.5499
 9466 EIVVGGK   -7.2295  -11.1401   -3.9106    0.5499
 9467 EIVVGGK   -7.2295  -11.1401   -3.9106    0.5499
 9468 EIVVGGK   -7.2295  -11.1401   -3.9106    0.5499
 9469 EKVIGGI   -7.7545  -10.2908   -2.5363    0.5499
 9470 MIKIGGD   -9.2150  -11.3173   -2.1023    0.5499
 9471 MIKIGGD   -9.2150  -11.3173   -2.1023    0.5499
 9472 MKIIGGD   -8.6791  -10.7814   -2.1023    0.5499
 9473 FKIIGGD   -7.2568   -7.7660   -0.5091    0.5499
 9474 WKIIGGD   -9.2896   -9.2976   -0.0080    0.5499
 9475 WIKIGGD  -10.0247  -10.0327   -0.0080    0.5499
 9476 WIKIGGD  -10.0247  -10.0327   -0.0080    0.5499
 9477 WKIIGGD  -10.6444  -10.6524   -0.0080    0.5499
 9478 WKIIGGD  -10.6444  -10.6524   -0.0080    0.5499
 9479 WKIIGGD  -10.6444  -10.6524   -0.0080    0.5499
 9480 WKIIGGD  -10.6444  -10.6524   -0.0080    0.5499
 9481 WKIIGGD  -10.6444  -10.6524   -0.0080    0.5499
 9482 WKIIGGD  -10.6444  -10.6524   -0.0080    0.5499
 9483 WKILGGD  -10.0273  -11.4650   -1.4377    0.5499
 9484 WKIMGGD   -9.7896  -10.8064   -1.0169    0.5499
 9485 KWIMGGD  -10.6539  -11.7822   -1.1283    0.5499
 9486 KIIIGGE  -12.3802  -13.5422   -1.1620    0.5499
 9487 IFIKGGE   -9.4260  -10.3637   -0.9377    0.5499
 9488 IFIKGGD   -9.8665  -10.4871   -0.6206    0.5499
 9489 IFIKGGD   -9.8665  -10.4871   -0.6206    0.5499
 9490 KFIIGGD  -11.9429  -12.5635   -0.6206    0.5499
 9491 KFIIGGD  -11.9429  -12.5635   -0.6206    0.5499
 9492 KFIIGGD  -11.9429  -12.5635   -0.6206    0.5499
 9493 KFIIGGD  -11.9429  -12.5635   -0.6206    0.5499
 9494 KFIIGGD  -11.9429  -12.5635   -0.6206    0.5499
 9495 KFIIGGD  -11.9429  -12.5635   -0.6206    0.5499
 9496 KFIIGGD  -11.9429  -12.5635   -0.6206    0.5499
 9497 KFIIGGD  -11.9429  -12.5635   -0.6206    0.5499
 9498 KFIIGGD  -11.9429  -12.5635   -0.6206    0.5499
 9499 KFIIGGD  -11.9429  -12.5635   -0.6206    0.5499
 9500 KFIIGGD  -11.9429  -12.5635   -0.6206    0.5499
 9501 KFIIGGD  -11.9429  -12.5635   -0.6206    0.5499
 9502 KFIIGGD  -11.9429  -12.5635   -0.6206    0.5499
 9503 KFIIGGD  -11.9429  -12.5635   -0.6206    0.5499
 9504 KFIIGGD  -11.9429  -12.5635   -0.6206    0.5499
 9505 KAIIGGE   -4.5932  -10.4055   -5.8123    0.5499
 9506 KIIAGGE   -5.4617  -11.2740   -5.8123    0.5499
 9507 KIILGGE  -10.3494  -13.3011   -2.9517    0.5499
 9508 KIILGGE  -10.3494  -13.3011   -2.9517    0.5499
 9509 KIIVGGE  -10.3513  -12.8876   -2.5363    0.5499
 9510 KIIIGGE  -11.6537  -12.8157   -1.1620    0.5499
 9511 KIIIGGE  -11.6537  -12.8157   -1.1620    0.5499
 9512 KIIIGGD  -12.9053  -13.7501   -0.8449    0.5499
 9513 KWIIGGD  -11.3443  -11.4637   -0.1194    0.5499
 9514 KWIIGGD  -11.3443  -11.4637   -0.1194    0.5499
 9515 KWIIGGD  -11.3443  -11.4637   -0.1194    0.5499
 9516 KIWIGGD  -10.6460  -10.7654   -0.1194    0.5499
 9517 KIWIGGE   -8.9926   -9.4292   -0.4366    0.5499
 9518 KIWIGGD  -10.6640  -10.7835   -0.1194    0.5499
 9519 WVKIGGD  -10.3770  -11.3993   -1.0223    0.5499
 9520 WVKIGGD  -10.3770  -11.3993   -1.0223    0.5499
 9521 WVKIGGD  -10.3770  -11.3993   -1.0223    0.5499
 9522 WVKIGGD  -10.3770  -11.3993   -1.0223    0.5499
 9523 WVKIGGD  -10.3770  -11.3993   -1.0223    0.5499
 9524 WVKIGGD  -10.3770  -11.3993   -1.0223    0.5499
 9525 WYKIGGD   -7.2269   -9.0701   -1.8431    0.5499
 9526 WEKIGGW   -6.7746   -8.4543   -1.6797    0.5499
 9527 WIKEGGW   -7.4998   -9.2909   -1.7911    0.5499
 9528 WIKEGGY   -6.7626   -9.0343   -2.2717    0.5499
 9529 WIKEGGY   -6.7626   -9.0343   -2.2717    0.5499
 9530 WIKEGGV   -9.5867  -11.0376   -1.4509    0.5499
 9531 WLEKGGV   -6.6443   -9.8849   -3.2406    0.5499
 9532 WELKGGV   -2.5325   -5.5502   -3.0177    0.5499
 9533 EWVKGGL   -5.6387   -8.7678   -3.1291    0.5499
 9534 ELVKGGW   -6.0267   -9.1558   -3.1291    0.5499
 9535 VLEKGGW   -5.6919   -8.9325   -3.2406    0.5499
 9536 VGEKLGW   -4.2044   -7.2221   -3.0177    0.5499
 9537 VGEKLGW   -4.2044   -7.2221   -3.0177    0.5499
 9538 VGEKFGL   -2.3217   -6.2006   -3.8789    0.5499
 9539 VGKEYGL   -3.2670   -9.5653   -6.2983    0.5499
 9540 VGKEYGI   -4.6558   -9.1644   -4.5086    0.5499
 9541 VGKDYGF   -3.1205   -7.0876   -3.9671    0.5499
 9542 VGKDYGF   -3.1205   -7.0876   -3.9671    0.5499
 9543 VGKDYGF   -3.1205   -7.0876   -3.9671    0.5499
 9544 LGKDFGV   -5.1023   -8.6640   -3.5617    0.5499
 9545 LFKDGGV   -5.6425   -9.4271   -3.7846    0.5499
 9546 WLKEGGV   -5.4870   -8.7276   -3.2406    0.5499
 9547 WLKEGGV   -5.8776   -9.1182   -3.2406    0.5499
 9548 WIKEGGV   -6.4192   -7.8701   -1.4509    0.5499
 9549 VIKEGGF   -6.6489   -8.9609   -2.3120    0.5499
 9550 VIKEGGW   -8.0927   -9.5436   -1.4509    0.5499
 9551 VIKEGGW   -8.0927   -9.5436   -1.4509    0.5499
 9552 VWKEGGW  -10.1687  -10.5341   -0.3654    0.5499
 9553 EWKVGGW  -10.2861  -10.4286   -0.1426    0.5499
 9554 EWKVGGW  -10.2861  -10.4286   -0.1426    0.5499
 9555 EWKVGGW  -10.2861  -10.4286   -0.1426    0.5499
 9556 EFKVGGW   -9.2163  -10.2200   -1.0037    0.5499
 9557 EFKVGGW   -9.2163  -10.2200   -1.0037    0.5499
 9558 EFKVGGW   -9.2163  -10.2200   -1.0037    0.5499
 9559 VFKEGGW   -9.1715  -10.3980   -1.2266    0.5499
 9560 VFKEGGW   -9.1715  -10.3980   -1.2266    0.5499
 9561 EFKVGGW   -9.2761  -10.2798   -1.0037    0.5499
 9562 EFKVGGW   -9.2761  -10.2798   -1.0037    0.5499
 9563 EWKVGGW  -10.4834  -10.6259   -0.1426    0.5499
 9564 VWKEGGW  -10.8552  -11.2206   -0.3654    0.5499
 9565 VWKEGGW  -10.8552  -11.2206   -0.3654    0.5499
 9566 VWKEGGW  -10.8552  -11.2206   -0.3654    0.5499
 9567 VIKDGGW   -8.7778   -9.9115   -1.1337    0.5499
 9568 VIKEGGW   -9.9552  -11.4060   -1.4509    0.5499
 9569 MIKEGGW   -9.8301  -11.2755   -1.4454    0.5499
 9570 IIKEGGW  -10.0031  -10.4397   -0.4366    0.5499
 9571 VIKEGGW   -9.9646  -11.4155   -1.4509    0.5499
 9572 KIVDGGW   -8.6586   -9.6809   -1.0223    0.5499
 9573 KFIDGGW   -9.2992   -9.0029    0.2963    0.5499
 9574 KFIDGGW   -9.2992   -9.0029    0.2963    0.5499
 9575 KFIDGGW   -9.2992   -9.0029    0.2963    0.5499
 9576 KVIEGGW   -9.3808  -10.7202   -1.3394    0.5499
 9577 KVFEGGW   -7.2151   -8.3302   -1.1151    0.5499
 9578 KVFEGGW   -7.2151   -8.3302   -1.1151    0.5499
 9579 KFFEGGW   -6.6916   -6.4082    0.2834    0.5499
 9580 KFFEGGV   -4.1308   -6.1071   -1.9763    0.5499
 9581 KFFEGGV   -5.2007   -7.1770   -1.9763    0.5499
 9582 KFWEGGI   -4.1749   -4.1958   -0.0209    0.5499
 9583 KFWEGGI   -3.1228   -3.1436   -0.0209    0.5499
 9584 KIWEGGF   -5.0923   -5.1132   -0.0209    0.5499
 9585 KFIEGGW   -9.0031   -9.0240   -0.0209    0.5499
 9586 KFIEGGW   -9.0031   -9.0240   -0.0209    0.5499
 9587 KFIEGGW   -9.0031   -9.0240   -0.0209    0.5499
 9588 KFIEGGW   -9.0031   -9.0240   -0.0209    0.5499
 9589 KFIEGGV   -7.3349   -9.5355   -2.2006    0.5499
 9590 KFIEGGV   -7.3349   -9.5355   -2.2006    0.5499
 9591 KFIEGGV   -7.3349   -9.5355   -2.2006    0.5499
 9592 KFIEGGW   -8.7594   -8.7803   -0.0209    0.5499
 9593 KFIDGGW   -9.6331   -9.3368    0.2963    0.5499
 9594 KFIDGGW   -9.6331   -9.3368    0.2963    0.5499
 9595 KFIDGGW   -9.5261   -9.2298    0.2963    0.5751
 9596 KFIDGGW   -9.5261   -9.2298    0.2963    0.5751
 9597 KFIDGGW   -9.5261   -9.2298    0.2963    0.5751
 9598 KFIDGGW   -9.5261   -9.2298    0.2963    0.5751
 9599 KFIDGGW   -9.5261   -9.2298    0.2963    0.5751
 9600 KFIDGGW   -9.5261   -9.2298    0.2963    0.5751
 9601 KFIEGGW   -9.6989   -9.7198   -0.0209    0.5751
 9602 KFIEGGW   -9.6989   -9.7198   -0.0209    0.5751
 9603 KFIEGGW   -9.6989   -9.7198   -0.0209    0.5751
 9604 KFIEGGW   -9.6989   -9.7198   -0.0209    0.5751
 9605 KFIEGGW   -9.6989   -9.7198   -0.0209    0.5751
 9606 KFIEGGW   -9.6989   -9.7198   -0.0209    0.5751
 9607 KFIEGGW   -9.6989   -9.7198   -0.0209    0.5751
 9608 KFIEGGW   -9.6989   -9.7198   -0.0209    0.5751
 9609 KFIEGGW   -9.6989   -9.7198   -0.0209    0.5751
 9610 KFIEGGW   -9.6989   -9.7198   -0.0209    0.5751
 9611 KFIEGGW   -9.6989   -9.7198   -0.0209    0.5751
 9612 KFIEGGW   -9.6989   -9.7198   -0.0209    0.5751
 9613 KFIEGGW   -9.6989   -9.7198   -0.0209    0.5751
 9614 KFIEGGW   -9.6989   -9.7198   -0.0209    0.5751
 9615 DFIKGGW   -7.4773   -7.1810    0.2963    0.5751
 9616 DFIKGGW   -7.4773   -7.1810    0.2963    0.5751
 9617 KFIKGGW   -4.2611   -4.7520   -0.4909    0.5751
 9618 KFIDGGW   -9.5747   -9.2785    0.2963    0.5751
 9619 KFIDGGW   -9.5747   -9.2785    0.2963    0.5751
 9620 KFIDGGW   -9.5747   -9.2785    0.2963    0.5751
 9621 KFIDGGW   -9.5747   -9.2785    0.2963    0.5751
 9622 KFIDGGW   -9.5747   -9.2785    0.2963    0.5751
 9623 KFIEGGW   -9.8830   -9.9039   -0.0209    0.5751
 9624 KFIEGGW   -9.8830   -9.9039   -0.0209    0.5751
 9625 KFIEGGW   -9.8830   -9.9039   -0.0209    0.5751
 9626 KFIEGGW   -9.8830   -9.9039   -0.0209    0.5751
 9627 KIIEGGW   -9.1098   -9.4350   -0.3251    0.5751
 9628 KIVWGGE  -10.1701  -11.6209   -1.4509    0.5751
 9629 KFVWGGE  -10.3232  -11.5498   -1.2266    0.5751
 9630 KFVWGGE  -10.3232  -11.5498   -1.2266    0.5751
 9631 KFVWGGE  -10.3232  -11.5498   -1.2266    0.5751
 9632 KWVWGGE  -10.1529  -10.5184   -0.3654    0.5751
 9633 KWVWGGE  -10.1529  -10.5184   -0.3654    0.5751
 9634 KWVEGGW   -8.7686   -9.0226   -0.2540    0.5751
 9635 KWVEGGW   -8.7686   -9.0226   -0.2540    0.5751
 9636 EWVKGGW   -6.6585   -6.9125   -0.2540    0.5751
 9637 EWVKGAW   -5.8962   -7.4176   -1.5214    0.5751
 9638 EWVKGAY   -3.1026   -6.6246   -3.5220    0.5751
 9639 AWVKGEY   -1.3265   -4.8485   -3.5220    0.5751
 9640 EWVMGAK   -6.1016   -8.7973   -2.6957    0.5751
 9641 EWVMGAK   -6.1016   -8.7973   -2.6957    0.5751
 9642 EWVMGAK   -6.1016   -8.7973   -2.6957    0.5751
 9643 AWVMGEK   -5.4858   -8.4044   -2.9186    0.5751
 9644 AWVMGEE   -5.3576   -9.0862   -3.7286    0.5751
 9645 AWVMGDD   -6.5255   -9.6198   -3.0943    0.5751
 9646 AWVMGDK   -6.4640   -9.0655   -2.6014    0.5751
 9647 AKVMGEW   -3.4026   -5.9869   -2.5843    0.5751
 9648 AKVEGMW   -6.1990   -8.7833   -2.5843    0.5751
 9649 AKVEGMW   -6.6059   -9.1902   -2.5843    0.5751
 9650 AMIKGEW   -6.5885   -7.9100   -1.3214    0.5751
 9651 AKIVGDW   -9.9485  -10.8468   -0.8983    0.5751
 9652 AKIVGEW   -9.9345  -11.1500   -1.2154    0.5751
 9653 AKIVGEI   -9.2459  -11.5468   -2.3009    0.5751
 9654 AKVVGEI   -7.6104  -11.2855   -3.6751    0.5751
 9655 AKVIGEI   -7.4915   -9.7924   -2.3009    0.5751
 9656 AKVIGEI   -7.4915   -9.7924   -2.3009    0.5751
 9657 AIKVGEW  -10.6198  -11.8352   -1.2154    0.5751
 9658 AIKVGEW  -10.6198  -11.8352   -1.2154    0.5751
 9659 AIKVGEW  -10.6198  -11.8352   -1.2154    0.5751
 9660 AIEVGKW   -9.2221  -10.4375   -1.2154    0.5751
 9661 AIEVGKW   -9.2221  -10.4375   -1.2154    0.5751
 9662 AIEVGKW   -9.2221  -10.4375   -1.2154    0.5751
 9663 AIEVGKW   -9.2221  -10.4375   -1.2154    0.5751
 9664 AIEVGKW   -9.2221  -10.4375   -1.2154    0.5751
 9665 AIEVGKW   -9.2221  -10.4375   -1.2154    0.5751
 9666 AIEVGKW   -9.2221  -10.4375   -1.2154    0.5751
 9667 AKEVGII   -8.8177  -11.2300   -2.4123    0.5751
 9668 AEKVGII   -6.8381   -9.2504   -2.4123    0.5751
 9669 AEIVGKI   -5.3952   -7.6961   -2.3009    0.5751
 9670 AEIVGKI   -5.3952   -7.6961   -2.3009    0.5751
 9671 AEVVGKI   -4.6407   -8.3158   -3.6751    0.5751
 9672 AEFVGKV   -2.8462   -6.2970   -3.4509    0.5751
 9673 AVFEGEF   -3.3677   -6.1414   -2.7737    0.5751
 9674 GVFEGEF   -2.9215   -5.5963   -2.6749    0.5751
 9675 GVFEGKF   -3.4039   -5.2688   -1.8649    0.5751
 9676 GVFEGKF   -4.5430   -6.4079   -1.8649    0.5751
 9677 GIFEGKF   -5.4537   -5.9443   -0.4906    0.5751
 9678 GIFEGKI   -5.1096   -5.8245   -0.7149    0.5751
 9679 GIFEGDI   -4.3828   -5.5905   -1.2077    0.5751
 9680 GILEGIK   -4.5037   -7.2325   -2.7289    0.5751
 9681 GILEGIK   -4.5037   -7.2325   -2.7289    0.5751
 9682 KWLEGVG   -3.1744   -6.1921   -3.0177    0.5751
 9683 GWLVGEK   -3.4463   -6.6868   -3.2406    0.5751
 9684 GWEVGLK   -5.1414   -8.0477   -2.9063    0.5751
 9685 GWEVGLK   -5.1414   -8.0477   -2.9063    0.5751
 9686 GIEVGLK   -5.4254   -9.4171   -3.9917    0.5751
 9687 GIEVGIK   -6.3305   -8.5325   -2.2020    0.5751
 9688 YIEVGIK   -6.3861   -6.2319    0.1543    0.5751
 9689 YKEIGIV   -7.2209   -7.1780    0.0429    0.5751
 9690 YKEIGIV   -7.6667   -7.6238    0.0429    0.5751
 9691 AVEKGIV   -5.0570   -8.9550   -3.8980    0.5751
 9692 GIEVGVR   -2.5256   -9.4659   -6.9403    0.5751
 9693 GIERGVV   -2.7313   -9.8944   -7.1631    0.5751
 9694 FIERGVV   -5.0494   -8.7168   -3.6674    0.5751
 9695 FIERGVM   -4.9430   -8.6850   -3.7420    0.5751
 9696 FIEKGVM   -8.0116   -8.3896   -0.3780    0.5751
 9697 FKEIGVM   -8.8115   -9.0780   -0.2666    0.5751
 9698 FKEVGVM   -9.7940  -10.0748   -0.2809    0.5751
 9699 FKEIGVM   -9.0245   -9.2911   -0.2666    0.5751
 9700 FKMIGVE   -7.9574   -8.1126   -0.1551    0.5751
 9701 KFMIGVE   -7.4252   -7.6918   -0.2666    0.5751
 9702 KFMVGVE   -7.7231   -8.0040   -0.2809    0.5751
 9703 KLMVGEV   -6.2473   -8.5422   -2.2949    0.5751
 9704 KLMVGEV   -6.2473   -8.5422   -2.2949    0.5751
 9705 KFMVGEV   -7.5692   -7.8501   -0.2809    0.5751
 9706 KYMVGEV   -5.0822   -7.7825   -2.7003    0.5751
 9707 KMVIGEV   -7.9193   -8.4245   -0.5051    0.5751
 9708 KMVIGDV   -8.4373   -8.6253   -0.1880    0.5751
 9709 KIVIGDV  -10.5653  -10.7445   -0.1791    0.5751
 9710 KIIVGDV  -11.2719  -11.4510   -0.1791    0.5751
 9711 KIIVGDV  -11.2719  -11.4510   -0.1791    0.5751
 9712 KMIVGDV  -10.4246  -10.6126   -0.1880    0.5751
 9713 KMIVGDV  -10.4246  -10.6126   -0.1880    0.5751
 9714 KVIMGDV   -9.9856  -10.1736   -0.1880    0.5751
 9715 KVIMGDV   -9.9856  -10.1736   -0.1880    0.5751
 9716 MKIVGDV  -12.0720  -12.1486   -0.0766    0.5751
 9717 MKIVGDV  -12.0720  -12.1486   -0.0766    0.5751
 9718 MIKVGDV  -12.1575  -12.2341   -0.0766    0.5751
 9719 MMKVGDI  -11.1405  -11.2116   -0.0711    0.5751
 9720 MMKVGDI  -11.1405  -11.2116   -0.0711    0.5751
 9721 MKMVGDW   -9.2497   -8.9954    0.2543    0.5751
 9722 KFIVGDM   -8.8285   -8.7780    0.0506    0.5751
 9723 MKIVGDF   -9.3168   -9.1548    0.1620    0.5751
 9724 MKIVGDI   -9.0297   -9.1720   -0.1423    0.5751
 9725 IKIVGDM  -10.7390  -10.8813   -0.1423    0.5751
 9726 MKMVGDI  -10.9648  -11.0360   -0.0711    0.5751
 9727 MKMVGDI  -11.0848  -11.1559   -0.0711    0.5751
 9728 MKMVGDI  -11.0848  -11.1559   -0.0711    0.5751
 9729 MKVIGDI  -11.0205  -11.1627   -0.1423    0.5751
 9730 MKMIGEI  -10.1503  -10.6843   -0.5340    0.5751
 9731 MKEIGIM   -8.6580   -9.3034   -0.6454    0.5751
 9732 MIDMGMK   -3.9690   -4.0347   -0.0657    0.5751
 9733 MIDEGMM   -4.2419   -5.3405   -1.0986    0.5751
 9734 MIDKGMM   -5.7394   -6.0279   -0.2886    0.5751
 9735 MIDKGMM   -5.7394   -6.0279   -0.2886    0.5751
 9736 MMDKGIM   -5.2360   -5.5246   -0.2886    0.5751
 9737 MKDMGIM   -8.3862   -8.5634   -0.1771    0.5751
 9738 MKDMGIM   -8.3862   -8.5634   -0.1771    0.5751
 9739 MKDIGLM   -7.4086   -8.9666   -1.5580    0.5751
 9740 MKEIGLM   -8.6467  -10.5218   -1.8751    0.5751
 9741 MKEIGLM   -8.6467  -10.5218   -1.8751    0.5751
 9742 MKEIGLM   -8.6467  -10.5218   -1.8751    0.5751
 9743 MKEIGLM   -8.6467  -10.5218   -1.8751    0.5751
 9744 MKDIGLM   -7.9284   -9.4864   -1.5580    0.5751
 9745 MKDVGLM   -8.3158  -10.2881   -1.9723    0.5751
 9746 MIDVGKM   -8.3036   -8.3748   -0.0711    0.5751
 9747 MKDVGIM   -9.1966   -9.3792   -0.1826    0.5751
 9748 MKDVGVM   -9.2549  -10.8117   -1.5569    0.5751
 9749 MKEVGVM  -10.6478  -12.5218   -1.8740    0.5751
 9750 MKEVGVM  -10.5632  -12.4372   -1.8740    0.5751
 9751 MKMVGVE  -10.6386  -12.4012   -1.7626    0.5751
 9752 EKMVGVM   -8.9038  -10.8892   -1.9854    0.5751
 9753 MKIVGVE   -9.4501   -9.8438   -0.3937    0.5751
 9754 MKMVGVE   -9.5867  -11.3492   -1.7626    0.5751
 9755 FKMVGVE   -9.1374   -9.3068   -0.1694    0.5751
 9756 FKMVGVE   -9.1374   -9.3068   -0.1694    0.5751
 9757 FKMVGVE   -9.1374   -9.3068   -0.1694    0.5751
 9758 KFVVGVE   -9.2117   -9.4980   -0.2863    0.5751
 9759 KFVIGVE   -8.2787   -8.4707   -0.1920    0.5751
 9760 KFVIGME   -7.6898   -7.9564   -0.2666    0.5751
 9761 FKMIGME   -8.4528   -8.6825   -0.2297    0.5751
 9762 FKMIGMD   -8.6094   -8.5220    0.0874    0.5751
 9763 FKMIGMD   -8.6094   -8.5220    0.0874    0.5751
 9764 FKMIGME   -8.7429   -8.9726   -0.2297    0.5751
 9765 FKMIGLE   -5.9160   -9.1266   -3.2106    0.5751
 9766 FKIMGGE   -4.1241   -6.3192   -2.1951    0.5751
 9767 FKGMGIE   -4.5939   -6.5662   -1.9723    0.5751
 9768 FKGFGIE   -6.5816   -6.9607   -0.3791    0.5751
 9769 FKGVGIE   -6.3164   -8.2941   -1.9777    0.5751
 9770 FKGVGIE   -6.3164   -8.2941   -1.9777    0.5751
 9771 KFGVGIE   -7.9866   -9.9643   -1.9777    0.5751
 9772 KFGVGIE   -7.9866   -9.9643   -1.9777    0.5751
 9773 KFGVGIE   -7.9866   -9.9643   -1.9777    0.5751
 9774 KWGVGIE   -9.4354  -10.5519   -1.1166    0.5751
 9775 KLGVGIE   -6.5674  -10.5592   -3.9917    0.5751
 9776 KLGVGIE   -6.5674  -10.5592   -3.9917    0.5751
 9777 KVGLGID   -6.1672   -9.8418   -3.6746    0.5751
 9778 KLGVGID   -6.6143  -10.2889   -3.6746    0.5751
 9779 KLGIGVD   -6.6511  -10.3257   -3.6746    0.5751
 9780 KLGVGID   -6.2647   -9.9393   -3.6746    0.5751
 9781 KMGVGID   -6.7288   -9.9825   -3.2537    0.5751
 9782 KMGVGID   -6.7288   -9.9825   -3.2537    0.5751
 9783 KMGVGMD   -5.2196   -9.8422   -4.6226    0.5751
 9784 KMGFGMD   -5.0697   -8.0937   -3.0240    0.5751
 9785 KIGMGMD   -6.0093   -9.2576   -3.2483    0.5751
 9786 KIGFGMD   -6.5291   -8.1842   -1.6551    0.5751
 9787 KWGFGME   -7.3085   -8.1954   -0.8869    0.5751
 9788 KIGFGME   -5.8792   -7.8514   -1.9723    0.5751
 9789 KWGIGME   -7.6003   -8.7114   -1.1111    0.5751
 9790 KWGIGEM   -7.2239   -8.3350   -1.1111    0.5751
 9791 KWGIGEM   -7.2239   -8.3350   -1.1111    0.5751
 9792 KIGIGEM   -6.5475   -8.7440   -2.1966    0.5751
 9793 KIGIGEM   -6.5475   -8.7440   -2.1966    0.5751
 9794 KIGIGLE   -7.6212  -10.2387   -2.6174    0.5751
 9795 KIGIGLE   -7.6212  -10.2387   -2.6174    0.5751
 9796 KIGIGLD   -7.9170  -10.2173   -2.3003    0.5751
 9797 KIGIGLD   -7.8652  -10.1655   -2.3003    0.5920
 9798 KWGWGLE   -3.0363   -5.7229   -2.6866    0.5920
 9799 KWGWGVD   -5.6905   -5.4045    0.2860    0.5920
 9800 KFGLGVD   -6.4771   -9.9274   -3.4503    0.5920
 9801 KFLGGDL   -5.8093   -9.8978   -4.0886    0.5920
 9802 FKFGGDL   -6.5792   -8.5423   -1.9631    0.5920
 9803 FKFGGDL   -6.5792   -8.5423   -1.9631    0.5920
 9804 FKFGGLD   -6.1692   -8.1323   -1.9631    0.5920
 9805 KFFGGLD   -8.0584  -10.1329   -2.0746    0.5920
 9806 KFFGGDY   -4.5938   -7.0738   -2.4800    0.5920
 9807 KFFGGDY   -4.5938   -7.0738   -2.4800    0.5920
 9808 KFFGGDF   -7.0990   -7.1595   -0.0606    0.5920
 9809 KFFGGDF   -7.0990   -7.1595   -0.0606    0.5920
 9810 KFFGGDF   -7.0990   -7.1595   -0.0606    0.5920
 9811 DFFGGKF   -7.0624   -7.1230   -0.0606    0.5920
 9812 DFFGGKF   -7.0624   -7.1230   -0.0606    0.5920
 9813 MFFGGKD   -9.1043  -10.9809   -1.8766    0.5920
 9814 MFFGGKD   -9.1043  -10.9809   -1.8766    0.5920
 9815 MFFGGKE   -8.6543  -10.8481   -2.1937    0.5920
 9816 MFFGGRE   -4.2745   -9.8322   -5.5577    0.5920
 9817 MFFGGDD   -7.6904  -10.0598   -2.3694    0.5920
 9818 MFFGGDE   -7.8454  -10.5320   -2.6866    0.5920
 9819 MFFGGDE   -7.8454  -10.5320   -2.6866    0.5920
 9820 IIFGGED   -7.6409   -9.1829   -1.5420    0.5920
 9821 IIFGGED   -7.6409   -9.1829   -1.5420    0.5920
 9822 WIFGGKD   -4.9707   -4.8973    0.0734    0.5920
 9823 IWFGGDD   -9.3622   -9.7816   -0.4194    0.5920
 9824 IWKGGDF   -9.3827   -9.0864    0.2963    0.5920
 9825 IWKGGDF   -9.3827   -9.0864    0.2963    0.5920
 9826 MWKGGDF   -8.2109   -9.0035   -0.7926    0.5920
 9827 MWKGGDF   -8.2109   -9.0035   -0.7926    0.5920
 9828 MWKGGDI   -7.5760   -8.5928   -1.0169    0.5920
 9829 KMWGGDI   -4.4079   -5.4248   -1.0169    0.5920
 9830 MKWGGDV   -6.3065   -8.5862   -2.2797    0.5920
 9831 WWKGGDV   -9.6749   -9.6117    0.0631    0.5920
 9832 VWKGGEW  -11.0472  -11.3012   -0.2540    0.5920
 9833 VWKGGEW  -11.0472  -11.3012   -0.2540    0.5920
 9834 VWKGGEW  -11.0472  -11.3012   -0.2540    0.5920
 9835 VWKGGEW  -11.0472  -11.3012   -0.2540    0.5920
 9836 VWKGGEW  -11.0472  -11.3012   -0.2540    0.5920
 9837 VWKGGEW  -11.0472  -11.3012   -0.2540    0.5920
 9838 VWKGGEI   -9.6948  -11.0343   -1.3394    0.5920
 9839 VIKGGEI   -7.8478  -10.2726   -2.4249    0.5920
 9840 EVKGGII   -5.6919   -8.1167   -2.4249    0.5920
 9841 EVKGGII   -5.6919   -8.1167   -2.4249    0.5920
 9842 EIIGGKI   -8.9781  -10.0287   -1.0506    0.5920
 9843 EIIGGKI   -8.9781  -10.0287   -1.0506    0.5920
 9844 EIWGGKI   -8.2393   -8.5644   -0.3251    0.5920
 9845 EIWGGKI   -8.2393   -8.5644   -0.3251    0.5920
 9846 EIWGGEI   -6.4732   -7.6084   -1.1351    0.5920
 9847 EIWGGKI   -9.8406  -10.1657   -0.3251    0.5920
 9848 EIWGGKI   -9.8406  -10.1657   -0.3251    0.5920
 9849 EIWGGKI   -9.8406  -10.1657   -0.3251    0.5920
 9850 EIWGGKF   -9.4141   -9.4350   -0.0209    0.5920
 9851 EVGWGKF   -5.8810   -6.7732   -0.8923    0.5920
 9852 EVGWGKF   -5.8810   -6.7732   -0.8923    0.5920
 9853 EIGWGKF   -5.3494   -5.1474    0.2020    0.5920
 9854 KIGFGEW   -5.7648   -5.5628    0.2020    0.5920
 9855 FFGKGEW   -4.0822   -3.6873    0.3949    0.5920
 9856 FKGFGEI   -4.7584   -5.1375   -0.3791    0.5920
 9857 FKGIGEI   -6.3967   -7.0001   -0.6034    0.5920
 9858 FKGIGIE   -6.1107   -6.7141   -0.6034    0.5920
 9859 FKGIGIE   -6.1107   -6.7141   -0.6034    0.5920
 9860 FKGIGIE   -6.1107   -6.7141   -0.6034    0.5920
 9861 FKGIGID   -6.0997   -6.3860   -0.2863    0.5920
 9862 FKGIGID   -6.0997   -6.3860   -0.2863    0.5920
 9863 FIGKGID   -6.5140   -6.9117   -0.3977    0.5920
 9864 FKGIGID   -6.4885   -6.7748   -0.2863    0.5920
 9865 FKGIGEI   -7.3301   -7.9335   -0.6034    0.5920
 9866 FKGIGEI   -7.3301   -7.9335   -0.6034    0.5920
 9867 FKGIGEI   -7.3301   -7.9335   -0.6034    0.5920
 9868 FKGIGEI   -7.3301   -7.9335   -0.6034    0.5920
 9869 FKGIGEI   -7.3301   -7.9335   -0.6034    0.5920
 9870 FKGIGEI   -7.3301   -7.9335   -0.6034    0.5920
 9871 FKGIGEI   -7.3301   -7.9335   -0.6034    0.5920
 9872 FKGIGEI   -7.3301   -7.9335   -0.6034    0.5920
 9873 FKGIGDI   -7.6782   -7.9645   -0.2863    0.5920
 9874 FKGIGDI   -7.6814   -7.9677   -0.2863    0.5920
 9875 FKGIGDI   -7.6814   -7.9677   -0.2863    0.5920
 9876 FKGIGDI   -7.6814   -7.9677   -0.2863    0.5920
 9877 FIGEGDI   -5.1345   -6.3422   -1.2077    0.5920
 9878 FFGEGKI   -5.2106   -5.7011   -0.4906    0.5920
 9879 FFGEGKI   -5.2106   -5.7011   -0.4906    0.5920
 9880 FIGEGEV   -3.7062   -6.6053   -2.8991    0.5920
 9881 FIGEGDV   -4.4245   -7.0065   -2.5820    0.5920
 9882 VIGIGDK   -7.0245   -9.1322   -2.1077    0.5920
 9883 FIGIGDD   -7.2390   -8.2410   -1.0020    0.5920
 9884 FIGIGDD   -7.2390   -8.2410   -1.0020    0.5920
 9885 FVGIGDD   -5.2422   -7.6185   -2.3763    0.5920
 9886 FVAVGDD   -3.7977   -7.7585   -3.9609    0.5920
 9887 LVFVGDD   -7.0276   -8.8479   -1.8203    0.5920
 9888 FVFVGDD   -7.1842   -7.4705   -0.2863    0.5920
 9889 FGFVGDD   -2.4645   -4.6165   -2.1520    0.5920
 9890 FGFIGKD   -1.9539   -2.2388   -0.2849    0.5920
 9891 FGFVAKD   -2.8270   -4.5850   -1.7580    0.5920
 9892 MFFKAVD   -5.1416   -6.5656   -1.4240    0.5920
 9893 MFFKGDV   -6.2205   -5.8656    0.3549    0.5920
 9894 MFFKGEV   -5.8080   -5.7703    0.0377    0.5920
 9895 MVFEGEV   -7.2930   -8.3839   -1.0909    0.5920
 9896 MVFEGEM   -6.2557   -7.3412   -1.0854    0.5920
 9897 MVFEGEM   -6.2557   -7.3412   -1.0854    0.5920
 9898 MVFEGME   -6.8450   -7.9304   -1.0854    0.5920
 9899 MVFEGME   -6.8450   -7.9304   -1.0854    0.5920
 9900 MVFEGEM   -6.7924   -7.8778   -1.0854    0.5920
 9901 MVFMGEK   -7.5137   -8.0120   -0.4983    0.5920
 9902 MIFMGEK   -8.2966   -8.8606   -0.5640    0.5920
 9903 MIFMGDK   -8.1668   -8.4136   -0.2469    0.5920
 9904 MIFMGEK   -7.5017   -8.0657   -0.5640    0.5920
 9905 MMFMGEK   -5.8884   -6.3813   -0.4929    0.5920
 9906 MEFMGMK   -6.0334   -6.1919   -0.1586    0.5920
 9907 MEFMGME   -5.4331   -6.4017   -0.9686    0.5920
 9908 MKFMGDM   -6.3499   -6.1913    0.1586    0.5920
 9909 MVFKGDM   -8.0903   -8.0486    0.0417    0.5920
 9910 KVFVGDV   -9.3664   -9.3356    0.0309    0.5920
 9911 KVFVGDV   -9.3664   -9.3356    0.0309    0.5920
 9912 KVFVGVD   -9.8213   -9.7904    0.0309    0.5920
 9913 KVFVGVD   -9.8213   -9.7904    0.0309    0.5920
 9914 KVFVGVD   -8.9609   -8.9301    0.0309    0.5920
 9915 DVYVGVD   -5.3122   -8.1937   -2.8814    0.5920
 9916 DVVVGYD   -1.6145   -4.4959   -2.8814    0.5920
 9917 VEVVGYD   -2.9410   -6.0281   -3.0871    0.5920
 9918 FEMVGID   -4.7858   -5.4338   -0.6480    0.5920
 9919 FEMVGID   -5.4619   -6.1099   -0.6480    0.5920
 9920 FMEVGIK   -3.6967   -3.8519   -0.1551    0.5920
 9921 FMEVGVD   -6.7421   -7.4043   -0.6623    0.5920
 9922 FVELGVD   -5.7581   -7.5613   -1.8031    0.5920
 9923 FVEVGVD   -6.5620   -7.2297   -0.6677    0.5920
 9924 FVEVGVD   -6.5620   -7.2297   -0.6677    0.5920
 9925 FIVEGVD   -8.3466   -9.0314   -0.6849    0.5920
 9926 FIEVGVD   -8.5690   -9.1424   -0.5734    0.5920
 9927 FIKVGVD  -10.3665  -10.1299    0.2366    0.5920
 9928 FIKVGVD  -10.3665  -10.1299    0.2366    0.5920
 9929 FIKVGVD  -10.3665  -10.1299    0.2366    0.5920
 9930 FIKVGVD  -10.3665  -10.1299    0.2366    0.5920
 9931 FIKVGVD  -10.3665  -10.1299    0.2366    0.5920
 9932 FIKVGVD  -10.3665  -10.1299    0.2366    0.5920
 9933 FIKVGVD  -10.3665  -10.1299    0.2366    0.5920
 9934 FIKVGDG   -6.8296   -8.6016   -1.7720    0.5920
 9935 FKIVGEG   -6.5958   -8.6850   -2.0891    0.5920
 9936 FKIVGGE   -7.2547   -9.4553   -2.2006    0.5920
 9937 FVIKGGD   -5.6406   -7.6355   -1.9949    0.5920
 9938 FVIKGGD   -5.6406   -7.6355   -1.9949    0.5920
 9939 FVIKGEG   -5.2386   -7.4391   -2.2006    0.5920
 9940 FIVKGEG   -6.3253   -8.5259   -2.2006    0.5920
 9941 FIKVGEG   -8.6110  -10.7001   -2.0891    0.5920
 9942 FIKVGDG   -7.4963   -9.2683   -1.7720    0.5920
 9943 IFKVGDG   -8.4986  -10.2706   -1.7720    0.5920
 9944 GIKVGDL   -6.8103  -10.4849   -3.6746    0.5920
 9945 GIKVGEL   -8.0762  -12.0679   -3.9917    0.5920
 9946 GIEVGKL   -6.9220  -10.9137   -3.9917    0.5920
 9947 GIDVGKF   -7.6291   -9.2897   -1.6606    0.5920
 9948 GIEVGKF   -7.8125   -9.7902   -1.9777    0.5920
 9949 GIEVGKF   -7.8125   -9.7902   -1.9777    0.5920
 9950 GIDVGKF   -7.6468   -9.3074   -1.6606    0.5920
 9951 GIDVGKF   -7.6468   -9.3074   -1.6606    0.5920
 9952 GIDVGDW   -7.1326   -8.4249   -1.2923    0.5920
 9953 GIKVGDW  -11.2830  -12.0824   -0.7994    0.5920
 9954 GWKVGDW  -10.1660   -9.8800    0.2860    0.5920
 9955 GWKVGDW  -10.1660   -9.8800    0.2860    0.5920
 9956 GWKVGDW  -10.1660   -9.8800    0.2860    0.5920
 9957 GWKVGDW  -10.1660   -9.8800    0.2860    0.5920
 9958 GWKVGDI   -9.3397  -10.1391   -0.7994    0.5920
 9959 GMKVGDI   -8.7676  -12.0213   -3.2537    0.5920
 9960 GIKVGDM   -8.8180  -12.0717   -3.2537    0.5920
 9961 GWKDGVM   -4.3837   -6.7748   -2.3911    0.5920
 9962 GWDKGVW   -3.9961   -3.9330    0.0631    0.5920
 9963 GGDKWVW   -2.5752   -2.7350   -0.1597    0.5920
 9964 GGDKIVW   -2.2026   -3.4477   -1.2451    0.5920
 9965 GGDKIVW   -2.2026   -3.4477   -1.2451    0.5920
 9966 GKDGIMW   -1.1495   -2.2778   -1.1283    0.5920
 9967 GIDGEMF   -1.0494   -3.6259   -2.5766    0.5920
 9968 MIEGEGF   -4.4738   -7.3675   -2.8937    0.5920
 9969 EVEGMGI   -4.0707   -8.4516   -4.3809    0.5920
 9970 EMEGVGI   -3.9465   -8.3273   -4.3809    0.5920
 9971 EWVGEGI   -4.6641   -6.7021   -2.0380    0.5920
 9972 EWVGEGI   -6.0617   -8.0997   -2.0380    0.5920
 9973 EWVGDGI   -4.4486   -6.1695   -1.7209    0.5920
 9974 EWVGDGI   -4.4486   -6.1695   -1.7209    0.5920
 9975 DWGGEII   -3.2208   -4.0388   -0.8180    0.5920
 9976 DWGGEII   -3.2208   -4.0388   -0.8180    0.5920
 9977 EWGGEII   -4.3885   -5.5236   -1.1351    0.5920
 9978 EWGGEIV   -4.0418   -6.1913   -2.1494    0.5920
 9979 EWGGEVF   -4.5304   -6.4556   -1.9251    0.5920
 9980 FWGGEVK   -5.0104   -6.1256   -1.1151    0.5920
 9981 FWKGEVG   -8.6156   -9.6193   -1.0037    0.5920
 9982 MWKGEVG   -7.3309   -9.9277   -2.5969    0.5920
 9983 MWKGEVM   -9.3061   -9.4804   -0.1743    0.5920
 9984 MVKGEIM   -6.7467   -7.2464   -0.4997    0.5920
 9985 MVKGEFM   -6.3494   -6.6249   -0.2754    0.5920
 9986 MVKGEFI   -6.2826   -6.5492   -0.2666    0.5920
 9987 MVKGELI   -6.9492   -8.7498   -1.8006    0.5920
 9988 MKVGELI   -8.4563  -10.1454   -1.6891    0.5920
 9989 MKVGEIL   -6.6242   -8.3134   -1.6891    0.5920
 9990 MKVGEML   -7.2100   -9.3880   -2.1780    0.5920
 9991 MKVGEMI   -8.5925   -8.9808   -0.3883    0.5920
 9992 MKFGEMI   -6.9444   -7.1741   -0.2297    0.5920
 9993 MMFGEKI   -5.1411   -5.5936   -0.4526    0.5920
 9994 MFMGEKI   -7.3245   -7.7770   -0.4526    0.5920
 9995 MKMGEIV   -7.0726   -7.4609   -0.3883    0.5920
 9996 MKMGEIV   -7.0726   -7.4609   -0.3883    0.5920
 9997 MMKGEVI  -10.1036  -10.6033   -0.4997    0.5920
 9998 MMKGEVI   -9.5020  -10.0017   -0.4997    0.5743
 9999 MFKGEVI   -9.9486  -10.2152   -0.2666    0.5743
10000 MFKGEVV  -11.5064  -11.7873   -0.2809    0.5743
