    0 AKKFAGF    1.9336   -3.7761   -5.7097    0.0000
    1 IFKAKGA   -4.7181  -10.5407   -5.8226    0.0000
    2 IFKADGA  -10.2572  -15.2926   -5.0354    0.0000
    3 VFKADGW  -14.0185  -14.6925   -0.6740    0.0000
    4 IFKADGF  -12.6159  -12.7768   -0.1609    0.0000
    5 IFKADGF  -12.6159  -12.7768   -0.1609    0.0000
    6 IFKADGF  -12.6159  -12.7768   -0.1609    0.0000
    7 FFKADGF  -11.2342  -11.1707    0.0634    0.0000
    8 FFKADGF  -11.2342  -11.1707    0.0634    0.0000
    9 KFVAFGD  -10.4972  -12.2552   -1.7580    0.0000
   10 KFVAFGD  -10.4972  -12.2552   -1.7580    0.0000
   11 KFAVLGD   -7.2425  -11.0145   -3.7720    0.0000
   12 RFLVAGD   -7.5945  -14.7305   -7.1360    0.0000
   13 LIRVAGE   -9.3525  -16.9185   -7.5660    0.0000
   14 LIRVAGE   -9.3525  -16.9185   -7.5660    0.0000
   15 LIRVEGA   -9.4605  -16.9150   -7.4546    0.0000
   16 LIEVAGE   -7.4381  -12.4501   -5.0120    0.0000
   17 LIEVAGK   -7.8005  -12.0025   -4.2020    0.0000
   18 LIEVKGA  -10.3286  -14.4192   -4.0906    0.0000
   19 LIEVKGA  -10.3286  -14.4192   -4.0906    0.0000
   20 VIEVKGA  -10.4433  -14.1184   -3.6751    0.0000
   21 IEVIKGA  -10.7348  -13.0356   -2.3009    0.0000
   22 IIVEKGA  -10.7767  -13.3004   -2.5237    0.0000
   23 IIVEKGG  -10.7412  -13.3889   -2.6477    0.0000
   24 IVVEKGF  -11.0255  -11.3290   -0.3034    0.0000
   25 IVIEKGF   -9.6206  -11.7497   -2.1291    0.0000
   26 ILVEKGF   -8.8410  -12.1999   -3.3589    0.0000
   27 KLVEIGG   -9.6357  -13.8503   -4.2146    0.0000
   28 KLVEIGG   -9.6357  -13.8503   -4.2146    0.0000
   29 KVMEFGG   -8.3429  -11.9124   -3.5694    0.0000
   30 KVMEFGG   -8.3429  -11.9124   -3.5694    0.0000
   31 KMMEFGG   -6.2085   -9.7725   -3.5640    0.0000
   32 KMMEFGG   -6.2085   -9.7725   -3.5640    0.0000
   33 MMKEWGG   -6.6846   -9.4988   -2.8143    0.0000
   34 YMKEWGG   -3.0760   -6.7166   -3.6406    0.0000
   35 WMKEVGG   -4.2668   -7.0865   -2.8197    0.0000
   36 WMKEMGG   -5.3865   -8.2008   -2.8143    0.0000
   37 WIKEMGG   -9.2578  -10.7032   -1.4454    0.0000
   38 IIKEMGG   -9.9788  -12.5097   -2.5309    0.0000
   39 IIKEIGG   -8.4818   -9.6438   -1.1620    0.0000
   40 IIKIEGG   -9.6083  -10.6589   -1.0506    0.0000
   41 IIIKEGG   -8.4849   -9.7583   -1.2734    0.0000
   42 IIIKEGG   -8.4849   -9.7583   -1.2734    0.0000
   43 IIIKDGG   -9.1898  -10.1461   -0.9563    0.0000
   44 IIIKDGG   -9.1898  -10.1461   -0.9563    0.0000
   45 IIIKEGG   -8.9996  -10.2730   -1.2734    0.0000
   46 IVIEEGG  -10.2904  -13.7481   -3.4577    0.0000
   47 IIEEVGG  -10.1142  -13.4604   -3.3463    0.0000
   48 IIEEVGG  -10.1142  -13.4604   -3.3463    0.0000
   49 IIFEEGG  -10.4725  -12.3316   -1.8591    0.0000
   50 IIFEKGG  -11.2638  -12.3129   -1.0491    0.0000
   51 EIFIKGG  -10.9419  -11.8796   -0.9377    0.0000
   52 GIFIKGE   -9.1112   -9.9375   -0.8263    0.0000
   53 GIFIEGK   -8.8017   -9.6279   -0.8263    0.0000
   54 GIFVDGE   -8.2098  -10.9032   -2.6934    0.0000
   55 GIFIDGE   -9.1618  -10.4809   -1.3191    0.0000
   56 GIFIEGD   -9.8956  -11.2147   -1.3191    0.0000
   57 GIEIMGD   -8.9424  -11.7432   -2.8009    0.0000
   58 GIDIMGD   -8.0072  -10.4909   -2.4837    0.0000
   59 GIDIMGD   -8.0072  -10.4909   -2.4837    0.0000
   60 GIDIMGK   -7.7825   -9.7734   -1.9909    0.0000
   61 KIDIMGG  -11.0558  -13.1581   -2.1023    0.0000
   62 KIDIMGG  -11.0558  -13.1581   -2.1023    0.0000
   63 KIDIMGG  -11.0558  -13.1581   -2.1023    0.0000
   64 KIEILGG  -10.1928  -13.0331   -2.8403    0.0000
   65 KIDILGG  -10.0827  -12.6059   -2.5231    0.0000
   66 LIDIKGG  -10.0197  -12.5428   -2.5231    0.0000
   67 LIDIKGG  -10.0197  -12.5428   -2.5231    0.0000
   68 FIEIKGG  -12.4583  -13.2846   -0.8263    0.0000
   69 FIEIKGG  -12.4583  -13.2846   -0.8263    0.0000
   70 LIEIKGG  -11.5233  -14.3636   -2.8403    0.0000
   71 LIKIDGG  -11.9183  -14.4414   -2.5231    0.0000
   72 WIDIKGG  -11.8077  -11.8157   -0.0080    0.0000
   73 FIDIKGG  -12.2420  -12.7511   -0.5091    0.0000
   74 FIDIKGG  -12.2420  -12.7511   -0.5091    0.0000
   75 FIDIKGG  -12.2420  -12.7511   -0.5091    0.0000
   76 FIDIKGG  -12.2420  -12.7511   -0.5091    0.0000
   77 IVDIKGG  -10.8373  -12.9450   -2.1077    0.0000
   78 IVEIKGG  -12.5867  -15.0116   -2.4249    0.0000
   79 IVEIKGG  -12.5867  -15.0116   -2.4249    0.0000
   80 IVKVEGG  -13.8590  -17.6582   -3.7991    0.0000
   81 IIKIEGG  -17.0306  -18.0811   -1.0506    0.0000
   82 IIKIEGG  -17.0306  -18.0811   -1.0506    0.0000
   83 FIKIEGG  -14.0312  -14.8574   -0.8263    0.0000
   84 IIKIEGG  -16.7723  -17.8229   -1.0506    0.0000
   85 VIKIEGG  -15.5913  -18.0161   -2.4249    0.0000
   86 IIKIEGG  -16.7723  -17.8229   -1.0506    0.0000
   87 IIKIEGG  -16.7723  -17.8229   -1.0506    0.0000
   88 IIKIEGG  -16.7723  -17.8229   -1.0506    0.0000
   89 IIKIEGG  -16.7723  -17.8229   -1.0506    0.0000
   90 IIKIEGG  -16.7723  -17.8229   -1.0506    0.0000
   91 IIKIEGG  -16.7723  -17.8229   -1.0506    0.0000
   92 IIKIEGG  -16.7723  -17.8229   -1.0506    0.0000
   93 IIKIEGG  -16.7723  -17.8229   -1.0506    0.0000
   94 IIKIEGG  -16.7723  -17.8229   -1.0506    0.0000
   95 IIKIEGG  -16.7723  -17.8229   -1.0506    0.0000
   96 IIKIEGG  -16.7723  -17.8229   -1.0506    0.0000
   97 IIKIEGG  -16.7723  -17.8229   -1.0506    0.0000
   98 IIKIEGG  -16.7723  -17.8229   -1.0506    0.0000
   99 IIKIEGG  -16.7723  -17.8229   -1.0506    0.0000
  100 IIKIEGG  -16.7723  -17.8229   -1.0506    0.0000
  101 IIKIEGG  -16.7723  -17.8229   -1.0506    0.0000
  102 IIKIEGG  -16.7723  -17.8229   -1.0506    0.0000
  103 IIKIEGG  -16.7723  -17.8229   -1.0506    0.0000
  104 IIKIEGG  -16.7723  -17.8229   -1.0506    0.0000
  105 VIKIEGG  -15.5913  -18.0161   -2.4249    0.0000
  106 IFKVEGG  -13.7692  -15.9698   -2.2006    0.0000
  107 ILKVEGG  -13.8223  -18.0369   -4.2146    0.0000
  108 ILKVEGG  -13.8223  -18.0369   -4.2146    0.0000
  109 VLKVEGG  -12.6633  -18.2522   -5.5889    0.0000
  110 VVKLEGG  -11.3948  -16.9836   -5.5889    0.0000
  111 VVRLEGG   -8.4284  -17.3812   -8.9529    0.0000
  112 VVKLEGG  -11.5403  -17.1291   -5.5889    0.0000
  113 VVKVEGG  -12.6957  -17.8691   -5.1734    0.0000
  114 IVKVEGG  -13.8676  -17.6667   -3.7991    0.0000
  115 IVKVEGG  -13.8676  -17.6667   -3.7991    0.0000
  116 IVKVEGG  -13.8676  -17.6667   -3.7991    0.0000
  117 IFKVEGG  -14.0935  -16.2941   -2.2006    0.0000
  118 IVKVEGG  -13.8638  -17.6629   -3.7991    0.0000
  119 IIKVEGG  -16.0064  -18.4313   -2.4249    0.0000
  120 IIKVEGG  -16.0064  -18.4313   -2.4249    0.0000
  121 IIKVEGG  -16.0064  -18.4313   -2.4249    0.0000
  122 IIKVEGG  -16.0064  -18.4313   -2.4249    0.0000
  123 IVKIEGG  -16.1631  -18.5879   -2.4249    0.0000
  124 IVKIEGG  -16.1631  -18.5879   -2.4249    0.0000
  125 IVKIEGG  -16.1631  -18.5879   -2.4249    0.0000
  126 IVKIEGG  -16.1631  -18.5879   -2.4249    0.0000
  127 IIKVEGG  -15.9496  -18.3744   -2.4249    0.0000
  128 IIKVEGG  -15.9496  -18.3744   -2.4249    0.0000
  129 IIKVEGG  -15.9496  -18.3744   -2.4249    0.0000
  130 VIKIEGG  -15.8770  -18.3019   -2.4249    0.0000
  131 VIKIEGG  -15.8770  -18.3019   -2.4249    0.0000
  132 VIKIEGG  -15.8770  -18.3019   -2.4249    0.0000
  133 IIKIEGG  -17.0588  -18.1093   -1.0506    0.0000
  134 IIKIEGG  -17.0588  -18.1093   -1.0506    0.0000
  135 IIKIEGG  -17.0588  -18.1093   -1.0506    0.0000
  136 IIKIEGG  -17.0588  -18.1093   -1.0506    0.0000
  137 KIIIEGG  -14.8917  -16.0537   -1.1620    0.0000
  138 KIIIEGG  -14.8917  -16.0537   -1.1620    0.0000
  139 IKIIEGG  -12.5885  -13.6391   -1.0506    0.0000
  140 IKIIEGG  -12.5885  -13.6391   -1.0506    0.0000
  141 IKIIEGG  -12.5885  -13.6391   -1.0506    0.0000
  142 IKIIEGG  -12.5885  -13.6391   -1.0506    0.0000
  143 IKIIEGG  -12.5885  -13.6391   -1.0506    0.0000
  144 KIMIEGG  -15.6308  -18.1617   -2.5309    0.0000
  145 KIMIEGG  -15.6308  -18.1617   -2.5309    0.0000
  146 KIMIEGG  -15.5388  -18.0697   -2.5309    0.0000
  147 KIMIEGG  -15.5388  -18.0697   -2.5309    0.0000
  148 KIMIEGG  -15.5388  -18.0697   -2.5309    0.0000
  149 KIMIEGG  -15.5388  -18.0697   -2.5309    0.0000
  150 KIMIEGG  -15.5388  -18.0697   -2.5309    0.0000
  151 KIMIEGG  -15.5388  -18.0697   -2.5309    0.0000
  152 KIMIEGG  -15.5388  -18.0697   -2.5309    0.0000
  153 KIMIEGG  -15.5388  -18.0697   -2.5309    0.0000
  154 KIIIEGG  -14.7928  -15.9548   -1.1620    0.0000
  155 KIMIEGG  -15.5986  -18.1294   -2.5309    0.0000
  156 KIMIEGG  -15.5986  -18.1294   -2.5309    0.0000
  157 KIMIEGG  -15.5986  -18.1294   -2.5309    0.0000
  158 KIMIEGG  -15.5986  -18.1294   -2.5309    0.0000
  159 KIMIEGG  -15.5986  -18.1294   -2.5309    0.0000
  160 KIMIEGG  -15.5986  -18.1294   -2.5309    0.0000
  161 KIMIEGG  -15.5986  -18.1294   -2.5309    0.0000
  162 KIMIDGG  -13.0282  -15.2419   -2.2137    0.0000
  163 KIMIDGG  -13.0282  -15.2419   -2.2137    0.0000
  164 KILIDGG  -13.7307  -16.3653   -2.6346    0.0000
  165 KILIDGG  -13.7307  -16.3653   -2.6346    0.0000
  166 LIKIDGG  -13.1427  -15.6659   -2.5231    0.0000
  167 IIKIEGG  -14.8119  -15.8625   -1.0506    0.0000
  168 WIKIEGG  -14.0003  -14.3254   -0.3251    0.0000
  169 FIKIEGG  -14.4893  -15.3156   -0.8263    0.0000
  170 KIVIEGG  -14.8146  -17.3509   -2.5363    0.0000
  171 IIKVEGG  -13.9246  -16.3495   -2.4249    0.0000
  172 IIKVEGG  -13.9246  -16.3495   -2.4249    0.0000
  173 IIKVEGG  -13.9246  -16.3495   -2.4249    0.0000
  174 IIKVEGG  -13.9246  -16.3495   -2.4249    0.0000
  175 IIKVEGG  -13.9246  -16.3495   -2.4249    0.0000
  176 IIKVEGG  -13.9246  -16.3495   -2.4249    0.0000
  177 KIIVEGG  -14.6132  -17.1495   -2.5363    0.0000
  178 KIIVEGG  -14.6132  -17.1495   -2.5363    0.0000
  179 KIVIEGG  -14.3067  -16.8429   -2.5363    0.0000
  180 KIVIEGG  -14.3067  -16.8429   -2.5363    0.0000
  181 KIVIEGG  -14.3067  -16.8429   -2.5363    0.0000
  182 KIVIEGG  -14.3067  -16.8429   -2.5363    0.0000
  183 KIVIEGG  -14.3067  -16.8429   -2.5363    0.0000
  184 KIIVEGG  -14.6167  -17.1530   -2.5363    0.0000
  185 KIIVEGG  -14.6167  -17.1530   -2.5363    0.0000
  186 KWIVEGG  -13.9263  -15.3771   -1.4509    0.0000
  187 KWIVEGG  -13.9263  -15.3771   -1.4509    0.0000
  188 KWIVEGG  -13.9263  -15.3771   -1.4509    0.0000
  189 KWIVEGG  -13.9263  -15.3771   -1.4509    0.0000
  190 KWIVEGG  -13.9263  -15.3771   -1.4509    0.0000
  191 KWIVEGG  -13.9263  -15.3771   -1.4509    0.0000
  192 KWIVEGG  -13.9263  -15.3771   -1.4509    0.0000
  193 KWIVEGG  -13.9263  -15.3771   -1.4509    0.0000
  194 KIIVEGG  -14.4856  -17.0219   -2.5363    0.0000
  195 IIKVEGG  -14.0085  -16.4334   -2.4249    0.0000
  196 VIKIEGG  -13.5924  -16.0173   -2.4249    0.0000
  197 VIKIEGG  -13.5924  -16.0173   -2.4249    0.0000
  198 VIKIEGG  -13.5924  -16.0173   -2.4249    0.0000
  199 VIKIEGG  -14.5486  -16.9734   -2.4249    0.0000
  200 VIKIEGG  -14.5486  -16.9734   -2.4249    0.0000
  201 VIKIEGG  -15.2728  -17.6977   -2.4249    0.0000
  202 VIKIEGG  -15.2728  -17.6977   -2.4249    0.0000
  203 FIKIEGG  -13.9761  -14.8024   -0.8263    0.0000
  204 KIFIEGG  -15.0081  -15.9458   -0.9377    0.0000
  205 KIFIEGG  -15.0081  -15.9458   -0.9377    0.0000
  206 KIFIEGG  -15.0081  -15.9458   -0.9377    0.0000
  207 KIFIEGG  -15.0081  -15.9458   -0.9377    0.0000
  208 KIFIEGG  -15.0081  -15.9458   -0.9377    0.0000
  209 KIFIEGG  -15.0081  -15.9458   -0.9377    0.0000
  210 KIFLEGG  -12.2068  -14.9342   -2.7274    0.0000
  211 KIFLEGG  -12.2068  -14.9342   -2.7274    0.0000
  212 KIFLEGG  -12.2068  -14.9342   -2.7274    0.0000
  213 KIFLEGG  -12.2068  -14.9342   -2.7274    0.0000
  214 KIFLEGG  -12.2068  -14.9342   -2.7274    0.0000
  215 WIKLEGG  -11.4952  -13.2500   -1.7549    0.0000
  216 WIKLEGG  -11.4952  -13.2500   -1.7549    0.0000
  217 WIKLEGG  -11.4952  -13.2500   -1.7549    0.0000
  218 WIKLEGG  -11.4952  -13.2500   -1.7549    0.0000
  219 WIKLEGG  -11.4952  -13.2500   -1.7549    0.0000
  220 WIKLEGG  -11.4952  -13.2500   -1.7549    0.0000
  221 WIKLEGG  -11.4952  -13.2500   -1.7549    0.0000
  222 FIKLEGG   -9.5605  -12.1765   -2.6160    0.0000
  223 FIKVDGG   -8.5380  -10.4215   -1.8834    0.0000
  224 FIRVDGG   -7.5869  -12.8343   -5.2474    0.0000
  225 FIRVDGG   -7.5869  -12.8343   -5.2474    0.0000
  226 IFKVDGG  -11.7074  -13.5908   -1.8834    0.0000
  227 IFKVDGG  -11.7074  -13.5908   -1.8834    0.0000
  228 IFKVDGG  -11.7074  -13.5908   -1.8834    0.0000
  229 VFKIDGG  -11.6571  -13.5405   -1.8834    0.0000
  230 IFKIDGG  -12.2797  -12.7889   -0.5091    0.0000
  231 KFIIGGD  -13.9246  -14.5452   -0.6206    0.0000
  232 DVIIGGK   -9.4091  -11.6282   -2.2191    0.0000
  233 DIIIGGK  -11.4473  -12.2921   -0.8449    0.0000
  234 EIIIGGK  -12.2285  -13.3905   -1.1620    0.0000
  235 EIIIGGK  -12.1854  -13.3474   -1.1620    0.0000
  236 EIKIGGI  -12.6586  -13.5977   -0.9391    0.0000
  237 IIKIGGE  -15.7768  -16.8273   -1.0506    0.0000
  238 IIKIGGE  -15.7768  -16.8273   -1.0506    0.0000
  239 IIKIGGD  -15.4452  -16.1786   -0.7334    0.0000
  240 IIKIGGD  -15.4452  -16.1786   -0.7334    0.0000
  241 IIKIGGD  -15.4452  -16.1786   -0.7334    0.0000
  242 IKIIGGD  -13.5638  -14.2972   -0.7334    0.0000
  243 IKIIGGD  -13.5638  -14.2972   -0.7334    0.0000
  244 IIKIGGD  -15.4593  -16.1927   -0.7334    0.0000
  245 IIRIGGD  -13.8867  -17.9842   -4.0974    0.0000
  246 IIKIGGD  -15.7001  -16.4336   -0.7334    0.0000
  247 IIKIGGD  -15.7001  -16.4336   -0.7334    0.0000
  248 IIKIGGD  -15.7001  -16.4336   -0.7334    0.0000
  249 IIKIGGD  -15.7001  -16.4336   -0.7334    0.0000
  250 IIKIGGD  -15.7001  -16.4336   -0.7334    0.0000
  251 IIKIGGD  -15.7001  -16.4336   -0.7334    0.0000
  252 IIKIGGD  -15.7001  -16.4336   -0.7334    0.0000
  253 IIKIGGD  -15.7001  -16.4336   -0.7334    0.0000
  254 KIIIGGD  -16.0238  -16.8687   -0.8449    0.0000
  255 KIIIGGD  -16.0238  -16.8687   -0.8449    0.0000
  256 KIIIGGD  -16.0238  -16.8687   -0.8449    0.0000
  257 KIIIGGD  -16.0238  -16.8687   -0.8449    0.0000
  258 KIVIGGD  -14.0185  -16.2376   -2.2191    0.0000
  259 KIFIGGD  -14.1011  -14.7217   -0.6206    0.0000
  260 KIFIGGD  -14.1011  -14.7217   -0.6206    0.0000
  261 KIFIGGD  -14.1011  -14.7217   -0.6206    0.0000
  262 KFIIGGD  -13.9324  -14.5530   -0.6206    0.0000
  263 KVIIGGD  -13.7815  -16.0006   -2.2191    0.0000
  264 KLIIGGD  -13.9295  -16.5640   -2.6346    0.0000
  265 KLIIGGD  -13.9295  -16.5640   -2.6346    0.0000
  266 KLIIGGD  -13.8892  -16.5238   -2.6346    0.0000
  267 KLIIGGE  -13.9901  -16.9418   -2.9517    0.0000
  268 KIIIGGD  -15.3800  -16.2248   -0.8449    0.0000
  269 KVIIGGD  -13.2290  -15.4482   -2.2191    0.0000
  270 KVVIGGD  -11.3945  -14.9879   -3.5934    0.0000
  271 KVVIGGD  -11.3945  -14.9879   -3.5934    0.0000
  272 KVVIGGD  -11.3945  -14.9879   -3.5934    0.0000
  273 KVMIGGD  -11.5475  -15.1355   -3.5880    0.0000
  274 KIMVGGE  -13.6813  -17.5865   -3.9051    0.0000
  275 KIMVGGE  -13.6813  -17.5865   -3.9051    0.0000
  276 KIMVGGE  -13.6813  -17.5865   -3.9051    0.0000
  277 KVWIGGE  -14.1646  -15.6155   -1.4509    0.0000
  278 KVWIGGE  -14.1646  -15.6155   -1.4509    0.0000
  279 KVWIGGE  -14.1646  -15.6155   -1.4509    0.0000
  280 KLWIGGE  -13.8271  -15.6934   -1.8663    0.0000
  281 KLWIGGE  -13.8271  -15.6934   -1.8663    0.0000
  282 KLGIWGE  -14.4208  -16.0642   -1.6434    0.0000
  283 KIGIWGE  -16.5813  -16.7950   -0.2137    0.0000
  284 KIGIWGE  -16.5813  -16.7950   -0.2137    0.0000
  285 KIGIWGE  -16.5813  -16.7950   -0.2137    0.0000
  286 KIGIWGE  -16.5813  -16.7950   -0.2137    0.0000
  287 KIGIWGE  -16.5813  -16.7950   -0.2137    0.0000
  288 KIGIMGE  -13.8592  -16.1672   -2.3080    0.0000
  289 KIGIMGD  -13.3699  -15.3607   -1.9909    0.0000
  290 KMGIIGD  -12.7445  -14.7353   -1.9909    0.0000
  291 KIGIIGE  -16.0974  -17.0365   -0.9391    0.0000
  292 KIGIIGE  -16.1933  -17.1324   -0.9391    0.0000
  293 KIGIIGE  -16.1933  -17.1324   -0.9391    0.0000
  294 KIGIIGE  -16.1933  -17.1324   -0.9391    0.0000
  295 KIGIIGE  -16.1933  -17.1324   -0.9391    0.0000
  296 KIGIIGE  -16.1933  -17.1324   -0.9391    0.0000
  297 KIIIGGE  -16.5893  -17.7513   -1.1620    0.0000
  298 IIKIGGE  -16.2338  -17.2843   -1.0506    0.0000
  299 IIKIGGE  -16.2338  -17.2843   -1.0506    0.0000
  300 IIKIGGE  -16.2338  -17.2843   -1.0506    0.0000
  301 IIKIGGD  -16.2987  -17.0322   -0.7334    0.0000
  302 VIKIGGD  -15.3097  -17.4174   -2.1077    0.0000
  303 VIKIGGD  -15.3097  -17.4174   -2.1077    0.0000
  304 VIKIGGD  -15.3097  -17.4174   -2.1077    0.0000
  305 VIKIGGD  -15.3097  -17.4174   -2.1077    0.0000
  306 VIKIGGD  -15.3097  -17.4174   -2.1077    0.0000
  307 VIKIGGD  -15.3097  -17.4174   -2.1077    0.0000
  308 VIKIGGD  -15.3097  -17.4174   -2.1077    0.0000
  309 VIKIGGD  -15.3097  -17.4174   -2.1077    0.0000
  310 VIKIGGD  -15.3097  -17.4174   -2.1077    0.0000
  311 IIRIGGD  -15.1782  -19.2756   -4.0974    0.0000
  312 IIKIGGD  -16.3360  -17.0694   -0.7334    0.0000
  313 IIKIGGD  -16.3360  -17.0694   -0.7334    0.0000
  314 IIKIGGD  -16.3360  -17.0694   -0.7334    0.0000
  315 IIKIGGD  -16.3360  -17.0694   -0.7334    0.0000
  316 VIKIGGD  -15.3704  -17.4781   -2.1077    0.0000
  317 KIVIGGD  -14.9678  -17.1870   -2.2191    0.0000
  318 VIKIGGD  -15.8662  -17.9739   -2.1077    0.0000
  319 VIKIGGD  -15.8662  -17.9739   -2.1077    0.0000
  320 VIKIGGD  -15.8662  -17.9739   -2.1077    0.0000
  321 VIKIGGD  -15.8662  -17.9739   -2.1077    0.0000
  322 VIKIGGD  -15.8662  -17.9739   -2.1077    0.0000
  323 VIKIGGE  -14.7817  -17.2065   -2.4249    0.0000
  324 VIKIGGE  -14.7817  -17.2065   -2.4249    0.0000
  325 VIKIGGE  -14.7817  -17.2065   -2.4249    0.0000
  326 VIKIGGE  -14.7817  -17.2065   -2.4249    0.0000
  327 VIKIGGE  -14.7817  -17.2065   -2.4249    0.0000
  328 VIKIGGE  -14.7817  -17.2065   -2.4249    0.0000
  329 IIKVGGE  -14.3437  -16.7685   -2.4249    0.0000
  330 IIKVGGE  -14.3437  -16.7685   -2.4249    0.0000
  331 IIKVGGE  -14.3437  -16.7685   -2.4249    0.0000
  332 IIKVGGE  -14.3437  -16.7685   -2.4249    0.0000
  333 IVKIGGE  -13.0639  -15.4887   -2.4249    0.0000
  334 VIKVGGE  -13.9041  -17.7032   -3.7991    0.0000
  335 VVKIGGE  -13.9259  -17.7250   -3.7991    0.0000
  336 VLKIGGE  -13.8985  -18.1130   -4.2146    0.0000
  337 VLKIGGD  -14.7623  -18.6597   -3.8974    0.0000
  338 VLKIGGD  -14.7623  -18.6597   -3.8974    0.0000
  339 VWKIGGD  -14.4698  -15.4921   -1.0223    0.0000
  340 IWKVGGD  -15.0855  -16.1078   -1.0223    0.0000
  341 IWKVGGD  -15.0855  -16.1078   -1.0223    0.0000
  342 IWKVGGD  -15.0855  -16.1078   -1.0223    0.0000
  343 IWKVGGD  -15.0855  -16.1078   -1.0223    0.0000
  344 IWKVGGD  -15.0855  -16.1078   -1.0223    0.0000
  345 IWKVGGD  -15.0855  -16.1078   -1.0223    0.0000
  346 IWKVGGD  -15.0855  -16.1078   -1.0223    0.0000
  347 IWKVGGD  -15.0855  -16.1078   -1.0223    0.0000
  348 IWKVGGD  -15.0855  -16.1078   -1.0223    0.0000
  349 IWKVGGD  -15.0855  -16.1078   -1.0223    0.0000
  350 IWKVGGD  -15.0855  -16.1078   -1.0223    0.0000
  351 IWKVGGE  -14.8885  -16.2279   -1.3394    0.0000
  352 IWKVGGE  -14.8885  -16.2279   -1.3394    0.0000
  353 IWKVGGE  -14.8885  -16.2279   -1.3394    0.0000
  354 IWKVGGD  -15.4625  -16.4848   -1.0223    0.0000
  355 IWRVGGD  -13.7814  -18.1677   -4.3863    0.0000
  356 IWKVGGD  -15.3411  -16.3633   -1.0223    0.0000
  357 IWKVGGD  -15.3411  -16.3633   -1.0223    0.0000
  358 IWKVGGD  -15.3411  -16.3633   -1.0223    0.0000
  359 IWKVGGD  -15.3411  -16.3633   -1.0223    0.0000
  360 IGKVGWD  -15.3778  -16.1772   -0.7994    0.0000
  361 VGKIGWE  -15.7550  -16.8716   -1.1166    0.0000
  362 VGKIGWE  -15.7550  -16.8716   -1.1166    0.0000
  363 VGKIGWE  -15.7550  -16.8716   -1.1166    0.0000
  364 VGKIGWE  -15.7550  -16.8716   -1.1166    0.0000
  365 VGKIGWE  -15.7550  -16.8716   -1.1166    0.0000
  366 VGKIGWE  -15.7550  -16.8716   -1.1166    0.0000
  367 VGKIGWE  -15.7550  -16.8716   -1.1166    0.0000
  368 LGKIGWE  -14.3123  -15.8443   -1.5320    0.0000
  369 LGKIGWE  -14.3123  -15.8443   -1.5320    0.0000
  370 IGKIGWE  -15.8345  -15.9368   -0.1023    0.0000
  371 IGKIGWE  -15.8345  -15.9368   -0.1023    0.0000
  372 IGKIGWE  -15.8345  -15.9368   -0.1023    0.0000
  373 IGKIGWE  -15.8345  -15.9368   -0.1023    0.0000
  374 IGKIGWE  -15.8345  -15.9368   -0.1023    0.0000
  375 IGKIGWE  -15.8345  -15.9368   -0.1023    0.0000
  376 IGKIGWE  -15.8345  -15.9368   -0.1023    0.0000
  377 IGKIGWE  -15.8345  -15.9368   -0.1023    0.0000
  378 IGKIGWE  -15.8345  -15.9368   -0.1023    0.0000
  379 IGKIGWD  -16.1373  -15.9225    0.2149    0.0000
  380 IGKIGWD  -16.1373  -15.9225    0.2149    0.0000
  381 IGKIGWD  -16.1373  -15.9225    0.2149    0.0000
  382 IGKIGWE  -15.9169  -16.0192   -0.1023    0.0000
  383 IGRIGWE  -13.8910  -17.3573   -3.4663    0.0000
  384 IGRIGWE  -13.8910  -17.3573   -3.4663    0.0000
  385 IGRIGWE  -13.8910  -17.3573   -3.4663    0.0000
  386 IGRIGWE  -13.8910  -17.3573   -3.4663    0.0000
  387 IGRIGWD  -13.8807  -17.0298   -3.1491    0.0000
  388 IGRIGWD  -13.8807  -17.0298   -3.1491    0.0000
  389 VGKIGWD  -15.8291  -16.6285   -0.7994    0.0000
  390 VGGIKWE  -13.3281  -14.5561   -1.2280    0.0000
  391 VGGIKWE  -13.3281  -14.5561   -1.2280    0.0000
  392 VGGIKWE  -13.3281  -14.5561   -1.2280    0.0000
  393 VGGIKWE  -13.3281  -14.5561   -1.2280    0.0000
  394 VGGIKWE  -13.3281  -14.5561   -1.2280    0.0000
  395 VGGIKWE  -13.3281  -14.5561   -1.2280    0.0000
  396 VGGIKWE  -13.3281  -14.5561   -1.2280    0.0000
  397 VGGIKWE  -13.3281  -14.5561   -1.2280    0.0000
  398 KGGIVWE  -13.4435  -14.8943   -1.4509    0.0000
  399 VGKIGWE  -16.0006  -17.1172   -1.1166    0.0000
  400 VGKIGWE  -14.3796  -15.4961   -1.1166    0.0000
  401 VGKIGWE  -14.3796  -15.4961   -1.1166    0.0000
  402 KGVIGWE  -13.3023  -14.5303   -1.2280    0.0000
  403 FEVIGKG   -8.4596  -10.5488   -2.0891    0.0000
  404 VEVIFKG  -10.0254  -10.2174   -0.1920    0.0000
  405 VEVVFKG  -10.1860  -10.4722   -0.2863    0.0000
  406 VEVVFKG  -10.1860  -10.4722   -0.2863    0.0000
  407 MEVVVKG   -8.8863  -10.7657   -1.8794    0.0000
  408 KEVVWMG  -10.8583  -11.1809   -0.3226    0.0000
  409 VEKVWMG   -8.7870   -8.9982   -0.2111    0.0000
  410 VKEVWMG   -8.3809   -8.5920   -0.2111    0.0000
  411 WKVVEMG   -8.5123   -8.5006    0.0117    0.0000
  412 WEMVVKG   -9.6264   -9.7261   -0.0997    0.0000
  413 WEMVVKG   -9.6264   -9.7261   -0.0997    0.0000
  414 WEMVVRG   -5.3863   -8.8500   -3.4637    0.0000
  415 WDMVVEG   -8.2167   -8.8092   -0.5926    0.0000
  416 WDMVVEG   -8.2167   -8.8092   -0.5926    0.0000
  417 VDVVVEG   -8.2941  -10.6718   -2.3777    0.0000
  418 VVDVVEG   -8.9939  -11.3716   -2.3777    0.0000
  419 VFDVVDG   -9.2124   -9.6744   -0.4620    0.0000
  420 VFKVVDG  -14.1440  -14.1132    0.0309    0.0000
  421 VFKVVDG  -14.1440  -14.1132    0.0309    0.0000
  422 KFVVVDG  -13.6655  -13.7461   -0.0806    0.0000
  423 VFKVVDG  -13.8104  -13.7795    0.0309    0.0000
  424 KFVVVEG  -13.5721  -13.9698   -0.3977    0.0000
  425 KFVVVDG  -15.9271  -16.0076   -0.0806    0.0000
  426 KFVVVDG  -15.9271  -16.0076   -0.0806    0.0000
  427 KFVVVDG  -15.9271  -16.0076   -0.0806    0.0000
  428 KFVVVDG  -15.9271  -16.0076   -0.0806    0.0000
  429 KFVVVDG  -15.9271  -16.0076   -0.0806    0.0000
  430 KFVVVDG  -15.9271  -16.0076   -0.0806    0.0000
  431 KFVVFDG  -12.3541  -12.0361    0.3180    0.0000
  432 KVVMFDG  -10.5720  -10.6471   -0.0751    0.0000
  433 FVVLKDG  -10.3127  -11.6401   -1.3274    0.0000
  434 IVKLVDG  -12.8312  -14.2400   -1.4089    0.0000
  435 IVKLVDG  -12.8312  -14.2400   -1.4089    0.0000
  436 IVKLVDG  -12.8312  -14.2400   -1.4089    0.0000
  437 IVKIVEG  -15.0290  -15.5253   -0.4963    0.0000
  438 IVKIVEG  -15.0290  -15.5253   -0.4963    0.0000
  439 IVKIVDG  -16.5006  -16.6797   -0.1791    0.0000
  440 IVKIVDG  -16.5006  -16.6797   -0.1791    0.0000
  441 VIKIVDG  -15.0351  -15.2143   -0.1791    0.0000
  442 VIKVIDG  -15.0423  -15.2215   -0.1791    0.0000
  443 VEMIIEG  -11.6902  -13.0711   -1.3809    0.0000
  444 IEMVMEG  -11.9768  -13.2865   -1.3097    0.0000
  445 IEMVMDG  -12.2022  -13.1947   -0.9926    0.0000
  446 IEMVMDG  -12.2022  -13.1947   -0.9926    0.0000
  447 IDLVMDG   -9.7360  -11.7123   -1.9763    0.0000
  448 IDLVMDG   -9.7360  -11.7123   -1.9763    0.0000
  449 IDLVMKG  -12.0569  -13.5404   -1.4834    0.0000
  450 LDIVMKG  -12.2607  -13.7441   -1.4834    0.0000
  451 LEIVMKG  -11.6176  -13.4182   -1.8006    0.0000
  452 LEIVMKG  -11.6176  -13.4182   -1.8006    0.0000
  453 IEIVMKG  -12.4519  -13.0228   -0.5709    0.0000
  454 IEIVMKG  -12.4519  -13.0228   -0.5709    0.0000
  455 IEVVVKG  -13.7189  -14.2295   -0.5106    0.0000
  456 IEVVVKG  -13.7189  -14.2295   -0.5106    0.0000
  457 IEVVVKG  -13.7189  -14.2295   -0.5106    0.0000
  458 IDVVVKG  -13.3224  -13.5158   -0.1934    0.0000
  459 IDVVVKG  -13.3224  -13.5158   -0.1934    0.0000
  460 IDVVVKG  -13.3224  -13.5158   -0.1934    0.0000
  461 IDVVVKG  -13.3224  -13.5158   -0.1934    0.0000
  462 IDVVVKG  -13.3224  -13.5158   -0.1934    0.0000
  463 IDVVVKG  -13.3224  -13.5158   -0.1934    0.0000
  464 IDMVVKG  -13.2229  -13.4109   -0.1880    0.0000
  465 IDVVMKG  -11.2743  -11.4623   -0.1880    0.0000
  466 VDVIMKG  -11.0042  -11.1922   -0.1880    0.0000
  467 VDVIMKG  -11.0042  -11.1922   -0.1880    0.0000
  468 VDMIVKG  -12.5556  -12.7436   -0.1880    0.0000
  469 VDVIMKG  -12.6441  -12.8321   -0.1880    0.0000
  470 VDVIMKG  -12.6441  -12.8321   -0.1880    0.0000
  471 VDVIMKG  -12.6441  -12.8321   -0.1880    0.0000
  472 GDVIVKV  -11.0278  -11.2212   -0.1934    0.0000
  473 GEIVVKV  -10.5043  -11.0148   -0.5106    0.0000
  474 VEIVIKG  -13.1759  -13.6722   -0.4963    0.0000
  475 IEIVVKG  -14.3846  -14.8809   -0.4963    0.0000
  476 IDIVVKG  -13.7010  -13.8801   -0.1791    0.0000
  477 VDIVIKG  -12.4180  -12.5972   -0.1791    0.0000
  478 VDIIVKG  -13.6785  -13.8576   -0.1791    0.0000
  479 VDIIVKG  -13.6681  -13.8473   -0.1791    0.0000
  480 IEIVVKG  -14.0678  -14.5641   -0.4963    0.0000
  481 IEIVMKG  -14.0605  -14.6314   -0.5709    0.0000
  482 IEIVMKG  -14.0605  -14.6314   -0.5709    0.0000
  483 IEIVVKG  -14.0960  -14.5923   -0.4963    0.0000
  484 IEIVVKG  -14.0960  -14.5923   -0.4963    0.0000
  485 IEIVVKG  -14.0960  -14.5923   -0.4963    0.0000
  486 IEIVMKG  -14.0639  -14.6348   -0.5709    0.0000
  487 MEIVMKG  -12.4957  -12.9954   -0.4997    0.0000
  488 MEIVMKG  -12.4957  -12.9954   -0.4997    0.0000
  489 KEIVMMG  -12.1851  -12.9077   -0.7226    0.0000
  490 IEKVMMG  -11.6310  -12.2421   -0.6111    0.0000
  491 MEKVIMG  -11.1503  -11.7614   -0.6111    0.0000
  492 IEKVIMG  -11.9782  -12.6605   -0.6823    0.0000
  493 IEKVIMG  -11.9782  -12.6605   -0.6823    0.0000
  494 IEMVIKG  -11.1295  -11.7004   -0.5709    0.0000
  495 IELVIKG   -9.3041  -12.8559   -3.5517    0.0000
  496 IKLVIEG   -7.3269  -10.8787   -3.5517    0.0000
  497 IEIVIKG   -8.3409  -10.6629   -2.3220    0.0000
  498 IEIVVDG  -11.0046  -11.9938   -0.9891    0.0000
  499 VDIVIKG  -11.7694  -11.9486   -0.1791    0.0000
  500 VDIIMKG  -12.0645  -12.3182   -0.2537    0.0000
  501 VDIIMKG  -12.0467  -12.3004   -0.2537    0.0501
  502 MDIIMKG  -10.8042  -11.1325   -0.3283    0.0501
  503 GDIIMKG   -7.3406   -9.4429   -2.1023    0.0501
  504 IDIGMKG   -8.4242  -10.3036   -1.8794    0.0501
  505 IDIGMKG   -8.4242  -10.3036   -1.8794    0.0501
  506 IDIGMKG   -8.4242  -10.3036   -1.8794    0.0501
  507 IDIGMEG   -8.0047  -10.6941   -2.6894    0.0501
  508 IEIGMEG   -8.8210  -11.8276   -3.0066    0.0501
  509 EEIGLWG   -4.4931   -7.0579   -2.5649    0.0501
  510 EEIGLWG   -4.4931   -7.0579   -2.5649    0.0501
  511 EWIGLDG   -5.0496   -7.1859   -2.1363    0.0501
  512 EWIGLDG   -5.0496   -7.1859   -2.1363    0.0501
  513 EWIGLDG   -5.0496   -7.1859   -2.1363    0.0501
  514 EEIGLWG   -4.6192   -7.1840   -2.5649    0.0501
  515 IWEGVEG   -8.0512  -10.0892   -2.0380    0.0501
  516 EWIGVEG   -8.3404  -10.3784   -2.0380    0.0501
  517 KWIGVDG  -11.1455  -12.0563   -0.9109    0.0501
  518 KWIGVDG  -11.1455  -12.0563   -0.9109    0.0501
  519 IWKGVDG  -11.5753  -12.4861   -0.9109    0.0501
  520 IWKGVDG  -11.5753  -12.4861   -0.9109    0.0501
  521 IFKGIDG  -10.8862  -11.2839   -0.3977    0.0501
  522 KFIGIDG  -11.3231  -11.7208   -0.3977    0.0501
  523 KFIGIDG  -11.3231  -11.7208   -0.3977    0.0501
  524 KFIGIDG  -11.3231  -11.7208   -0.3977    0.0501
  525 EFIGLDG   -6.4237   -9.4211   -2.9974    0.0501
  526 DFVGIDG   -6.0239   -8.2888   -2.2649    0.0501
  527 KFMGIDG  -10.4586  -12.2252   -1.7666    0.0501
  528 KFMGIDG  -10.4586  -12.2252   -1.7666    0.0501
  529 KFMGIEG   -8.8090  -10.8927   -2.0837    0.0501
  530 EFMGIDG   -6.9880   -9.5646   -2.5766    0.0501
  531 EFMGIDG   -6.9880   -9.5646   -2.5766    0.0501
  532 EFMGIKG   -6.5380   -8.6217   -2.0837    0.0501
  533 EFIGVDG   -7.0535   -9.6355   -2.5820    0.0501
  534 IFVGEDG   -8.7018  -11.5067   -2.8049    0.0501
  535 IFKGVDG  -11.2139  -12.9859   -1.7720    0.0501
  536 IFKGVDG  -11.2139  -12.9859   -1.7720    0.0501
  537 IFKGVDG  -11.2139  -12.9859   -1.7720    0.0501
  538 IFKGVEG   -9.7690  -11.8581   -2.0891    0.0501
  539 IFKGVEG   -9.7690  -11.8581   -2.0891    0.0501
  540 IFKGVDG  -11.1522  -12.9242   -1.7720    0.0501
  541 IFKGVEG   -9.7137  -11.8029   -2.0891    0.0501
  542 IFKGVDG  -11.1248  -12.8968   -1.7720    0.0501
  543 IFKGVDG  -11.1248  -12.8968   -1.7720    0.0501
  544 IFVGKDG   -9.7907  -11.7856   -1.9949    0.0501
  545 IWVGKDG  -10.9404  -12.0741   -1.1337    0.0501
  546 KWIGVDG  -10.3217  -11.2325   -0.9109    0.0501
  547 KFWGVDG   -9.2330   -9.9195   -0.6866    0.0501
  548 KVWGIDG   -8.4656   -9.3765   -0.9109    0.0501
  549 IVWGEDG   -7.8833   -9.8270   -1.9437    0.0501
  550 FVWGKDG   -5.1768   -6.0863   -0.9094    0.0501
  551 WFFGKDG   -6.6156   -6.1264    0.4891    0.0501
  552 WFFGKDG   -6.6156   -6.1264    0.4891    0.0501
  553 WFFGKDG   -6.6156   -6.1264    0.4891    0.0501
  554 WFFGKDG   -6.6156   -6.1264    0.4891    0.0501
  555 WFKGMDG   -8.2134   -8.8945   -0.6811    0.0501
  556 WWKGMDG   -8.7436   -8.5636    0.1800    0.0501
  557 WWKGMDG   -8.7436   -8.5636    0.1800    0.0501
  558 WIKGMDG   -7.8711   -8.7765   -0.9054    0.0501
  559 WGKWMEG   -5.2086   -5.3457   -0.1371    0.0501
  560 WMKMMDG   -8.1823   -8.1140    0.0683    0.0501
  561 WDKMMMG   -7.6890   -7.7321   -0.0431    0.0501
  562 VMKVMDG   -8.9353  -10.4921   -1.5569    0.0501
  563 VMRVDMG   -7.0945  -11.9039   -4.8094    0.0501
  564 LMKVDMG   -8.4812  -10.3421   -1.8609    0.0501
  565 IMKVDMG  -10.3826  -10.4538   -0.0711    0.0501
  566 IMKVDMG  -10.3826  -10.4538   -0.0711    0.0501
  567 IAKVDMG   -8.2024  -11.5550   -3.3526    0.0501
  568 IGKVDMG   -7.3241  -10.5779   -3.2537    0.0501
  569 KMIVMDG  -11.4554  -11.7494   -0.2940    0.0501
  570 KMIVMDG  -11.4554  -11.7494   -0.2940    0.0501
  571 KMIVMDG  -11.4554  -11.7494   -0.2940    0.0501
  572 KMLVMDG  -10.4065  -12.4902   -2.0837    0.0501
  573 KFIVMDG  -10.9063  -10.9672   -0.0609    0.0501
  574 KFIVMDG  -10.9063  -10.9672   -0.0609    0.0501
  575 KFIVMEG  -11.8020  -12.1800   -0.3780    0.0501
  576 IFKVMDG  -13.8381  -13.7876    0.0506    0.0501
  577 IFKVMDG  -13.8381  -13.7876    0.0506    0.0501
  578 IFKVMEG  -13.8760  -14.1426   -0.2666    0.0501
  579 IFKVMDG  -13.8101  -13.7596    0.0506    0.0501
  580 IFKVMEG  -13.7346  -14.0012   -0.2666    0.0501
  581 IFKVVEG  -13.6945  -13.8865   -0.1920    0.0501
  582 KFIVVDG  -15.0435  -15.0298    0.0137    0.0501
  583 KFIVVDG  -15.0435  -15.0298    0.0137    0.0501
  584 IFKVVEG  -14.9605  -15.1525   -0.1920    0.0501
  585 VFKVVEG  -14.6287  -14.9150   -0.2863    0.0501
  586 VFKVVEG  -14.6287  -14.9150   -0.2863    0.0501
  587 GFKVVDV  -12.2290  -12.0867    0.1423    0.0501
  588 GVKVVDF  -13.0356  -12.8933    0.1423    0.0501
  589 GVFVVDD  -10.9282  -11.6130   -0.6849    0.0501
  590 GVFVVDK  -11.8229  -12.0149   -0.1920    0.0501
  591 GKFVVDV  -10.5636  -10.5327    0.0309    0.0501
  592 GVFVVDK  -11.8864  -12.0784   -0.1920    0.0501
  593 GVFVVDK  -11.8864  -12.0784   -0.1920    0.0501
  594 GVFVVDK  -11.8864  -12.0784   -0.1920    0.0501
  595 GVFVVDK  -11.8864  -12.0784   -0.1920    0.0501
  596 GVFVVER   -8.0006  -11.8738   -3.8731    0.0501
  597 GVFVVER   -8.0006  -11.8738   -3.8731    0.0501
  598 GVFVVEE   -9.6933  -11.0124   -1.3191    0.0501
  599 GVFVVEK  -10.8053  -11.3145   -0.5091    0.0501
  600 GVKVVEF  -11.7226  -11.8974   -0.1749    0.0501
  601 GVKVVDM  -11.8305  -13.2813   -1.4509    0.0501
  602 GVMVVDK  -10.4491  -12.2342   -1.7851    0.0501
  603 GVMVVDD   -9.9278  -12.2058   -2.2780    0.0501
  604 GLMVVDD   -9.9483  -12.6418   -2.6934    0.0501
  605 GMMVVDD   -9.4745  -11.7470   -2.2726    0.0501
  606 GIKVVDV  -12.4563  -12.5383   -0.0820    0.0501
  607 GIKVVDV  -12.4563  -12.5383   -0.0820    0.0501
  608 GIKMVDV  -12.4465  -12.5230   -0.0766    0.0501
  609 GIKMVDV  -12.4465  -12.5230   -0.0766    0.0501
  610 GIKMVDY  -10.8609  -11.7583   -0.8974    0.0501
  611 GIKMVDF  -10.4450  -10.2830    0.1620    0.0501
  612 GIKMVDA   -8.5887  -11.9413   -3.3526    0.0501
  613 FIKMVDG  -12.2272  -12.1767    0.0506    0.0501
  614 FIKMVDG  -12.2272  -12.1767    0.0506    0.0501
  615 YMKMIDG   -8.6328   -9.6362   -1.0034    0.0501
  616 YIKMMDG   -9.3331  -10.3366   -1.0034    0.0501
  617 YIKMMDG   -9.3331  -10.3366   -1.0034    0.0501
  618 YIKMMDG   -9.3331  -10.3366   -1.0034    0.0501
  619 FIKMMDG  -10.9003  -10.9243   -0.0240    0.0501
  620 FVKMMDG  -10.8720  -10.8302    0.0417    0.0501
  621 WVKMMDG  -10.3700  -10.2271    0.1429    0.0501
  622 WVKMMDG  -10.3700  -10.2271    0.1429    0.0501
  623 DAKMMWG   -6.8674   -9.2406   -2.3731    0.0501
  624 MAKMDWG   -6.8573   -9.1191   -2.2617    0.0501
  625 LAKMDWG   -6.8989   -9.5815   -2.6826    0.0501
  626 LAKMDWG   -6.8989   -9.5815   -2.6826    0.0501
  627 LAKMDWG   -6.8989   -9.5815   -2.6826    0.0501
  628 MAKMDWG   -6.9937   -9.2554   -2.2617    0.0501
  629 MMKMEWG   -9.4803   -9.6177   -0.1374    0.0501
  630 MMKMEWG   -9.4803   -9.6177   -0.1374    0.0501
  631 MMKMEWG   -9.4803   -9.6177   -0.1374    0.0501
  632 MMKMEWG   -9.4803   -9.6177   -0.1374    0.0501
  633 MMKMEFG   -8.0735   -8.2321   -0.1586    0.0501
  634 MMKMEFG   -8.0735   -8.2321   -0.1586    0.0501
  635 MMKMEFG   -8.0735   -8.2321   -0.1586    0.0501
  636 MMKMEFG   -8.0735   -8.2321   -0.1586    0.0501
  637 KMMMEFG   -9.7041   -9.9741   -0.2700    0.0501
  638 KMMMEFG   -9.7041   -9.9741   -0.2700    0.0501
  639 KMMMEFG   -9.7041   -9.9741   -0.2700    0.0501
  640 KMMMEFG   -9.7041   -9.9741   -0.2700    0.0501
  641 KMLMEFG   -8.7422  -10.3131   -1.5709    0.0501
  642 KMLMEFG   -8.7422  -10.3131   -1.5709    0.0501
  643 KMLMEFG   -8.7422  -10.3131   -1.5709    0.0501
  644 KMLMDFG   -7.2490   -8.5027   -1.2537    0.0501
  645 KMVMDFG   -8.6180   -8.5763    0.0417    0.0501
  646 RMIMDFG   -7.9371  -11.3251   -3.3880    0.0501
  647 KMVMEFG   -9.8106  -10.0860   -0.2754    0.0501
  648 KMVMEFG   -9.8106  -10.0860   -0.2754    0.0501
  649 KMVMEFG   -9.8106  -10.0860   -0.2754    0.0501
  650 KMVMEFG   -9.8106  -10.0860   -0.2754    0.0501
  651 KMVMEFG   -9.8106  -10.0860   -0.2754    0.0501
  652 VAKMEMG   -9.2828  -14.3214   -5.0386    0.0501
  653 GAKMEMV   -7.0931  -12.1317   -5.0386    0.0501
  654 VMKMEAG   -9.2254  -14.2640   -5.0386    0.0501
  655 KMVMEAG  -10.8741  -16.0241   -5.1500    0.0501
  656 KYVMEAG   -9.4792  -15.4555   -5.9763    0.0501
  657 VFKMEAG  -10.9011  -14.3465   -3.4454    0.0501
  658 KFVMEAG  -12.0758  -15.6326   -3.5569    0.0501
  659 KFVMEAG  -12.0758  -15.6326   -3.5569    0.0501
  660 KFIMEAG  -10.2135  -12.3961   -2.1826    0.0501
  661 KFIMEAG  -10.2135  -12.3961   -2.1826    0.0501
  662 KFIMEAG  -10.2135  -12.3961   -2.1826    0.0501
  663 KIFMEAM  -10.6017  -12.7217   -2.1200    0.0501
  664 KFIMDAM   -9.9498  -11.7527   -1.8029    0.0501
  665 KFMMDAM  -12.2998  -12.3515   -0.0517    0.0501
  666 KFVMDAM  -12.8136  -12.8708   -0.0571    0.0501
  667 KVFMDAM  -12.9621  -13.0193   -0.0571    0.0501
  668 KVFMDAM  -12.9298  -12.9869   -0.0571    0.0501
  669 KVFMDGM  -11.7913  -11.7496    0.0417    0.0501
  670 KVFMDGM  -11.7913  -11.7496    0.0417    0.0501
  671 KIMMDGF  -13.2993  -13.3233   -0.0240    0.0501
  672 KIMMDGL  -13.6535  -15.2115   -1.5580    0.0501
  673 KIMMDGL  -13.6535  -15.2115   -1.5580    0.0501
  674 KIMMDGM  -14.2358  -14.4130   -0.1771    0.0501
  675 KIMMDGM  -14.2358  -14.4130   -0.1771    0.0501
  676 KIMMEGM  -15.4171  -15.9114   -0.4943    0.0501
  677 KIMMEGM  -15.4171  -15.9114   -0.4943    0.0501
  678 KIMMEGM  -15.4171  -15.9114   -0.4943    0.0501
  679 KIMMEGM  -15.4171  -15.9114   -0.4943    0.0501
  680 KIMMEGM  -15.4171  -15.9114   -0.4943    0.0501
  681 KIMMEGM  -15.4171  -15.9114   -0.4943    0.0501
  682 KIMMEGA  -13.1547  -16.9304   -3.7757    0.0501
  683 KIMMEGA  -13.2061  -16.9818   -3.7757    0.0501
  684 KIMMEGW  -13.5122  -15.5122   -2.0000    0.0501
  685 KIMMEGW  -13.5122  -15.5122   -2.0000    0.0501
  686 KIMMEGW  -13.5122  -15.5122   -2.0000    0.0501
  687 KIMMDGW  -12.7245  -14.4073   -1.6829    0.0501
  688 KIMMDGW  -12.7245  -14.4073   -1.6829    0.0501
  689 KIMMDGW  -12.7245  -14.4073   -1.6829    0.0501
  690 KDMMMGW  -11.3410  -11.3841   -0.0431    0.0501
  691 KMMDVGW  -11.3494  -11.0952    0.2543    0.0501
  692 KDVMMGL  -10.0599  -12.1437   -2.0837    0.0501
  693 KVDLMGM   -8.2193  -10.0802   -1.8609    0.0501
  694 KDIMMGL   -9.4526  -11.1220   -1.6694    0.0501
  695 KEIVMGL  -10.4066  -12.3186   -1.9120    0.0501
  696 IEKVMGL   -8.7391  -10.5397   -1.8006    0.0501
  697 EIKVMGL   -9.6335  -11.3226   -1.6891    0.0501
  698 KIEVGGL   -8.6804  -12.7835   -4.1031    0.0501
  699 KIEIGGL  -11.1925  -13.9214   -2.7289    0.0501
  700 EILIGGK  -13.1096  -16.0613   -2.9517    0.0501
  701 EIVIGGK  -13.5116  -16.0479   -2.5363    0.0501
  702 EIVIGGK  -13.5661  -16.1024   -2.5363    0.0978
  703 KIVIGGE  -15.0042  -17.5405   -2.5363    0.0978
  704 KVIIMGE  -17.1767  -17.8590   -0.6823    0.0978
  705 KVIIMGE  -17.1767  -17.8590   -0.6823    0.0978
  706 KVIIMGD  -17.6529  -18.0180   -0.3651    0.0978
  707 KIVIVGD  -18.5033  -18.7939   -0.2906    0.0978
  708 KIVIVGD  -18.5033  -18.7939   -0.2906    0.0978
  709 KIVIVGD  -18.5033  -18.7939   -0.2906    0.0978
  710 KIVIVGD  -18.5033  -18.7939   -0.2906    0.0978
  711 KVIIVGD  -18.1784  -18.4690   -0.2906    0.0978
  712 KVVIVGD  -17.8616  -18.1664   -0.3049    0.0978
  713 KIIVVGD  -17.9053  -18.1959   -0.2906    0.0978
  714 KIIVVGD  -17.9053  -18.1959   -0.2906    0.0978
  715 KVIIVGD  -17.1050  -17.3956   -0.2906    0.0978
  716 KVIIVGD  -17.1050  -17.3956   -0.2906    0.0978
  717 KVMIVGE  -16.3328  -16.9494   -0.6166    0.0978
  718 RVVIVGE  -12.7122  -16.6982   -3.9860    0.0978
  719 RVIIVGE  -13.2480  -17.2197   -3.9717    0.0978
  720 RVIIVGE  -13.2480  -17.2197   -3.9717    0.0978
  721 KVIIVGE  -16.6942  -17.3019   -0.6077    0.0978
  722 KVMIVGE  -15.9357  -16.5523   -0.6166    0.0978
  723 KIMIVGE  -16.8900  -17.5722   -0.6823    0.0978
  724 KIMIVGE  -16.8900  -17.5722   -0.6823    0.0978
  725 KIMIVGE  -16.8900  -17.5722   -0.6823    0.0978
  726 KIVIVGE  -17.2602  -17.8679   -0.6077    0.0978
  727 KIVIVGE  -17.2602  -17.8679   -0.6077    0.0978
  728 KIMIVGE  -16.9698  -17.6521   -0.6823    0.0978
  729 KIMIVGD  -16.6548  -17.0199   -0.3651    0.0978
  730 AIIIKGD  -14.5640  -15.3963   -0.8323    0.0978
  731 AIIIKGK  -10.6664  -12.2859   -1.6194    0.0978
  732 AIIIKGK  -10.6664  -12.2859   -1.6194    0.0978
  733 AIIIKGD  -15.3335  -16.1658   -0.8323    0.0978
  734 AIKIIGD  -13.5772  -14.2981   -0.7209    0.0978
  735 AIKIIGD  -13.5772  -14.2981   -0.7209    0.0978
  736 IKAIIGD  -11.6152  -12.3360   -0.7209    0.0978
  737 AKIIDGI  -11.1817  -11.7911   -0.6094    0.0978
  738 VKIIDGI  -11.2518  -13.1452   -1.8934    0.0978
  739 VIIMDGK   -9.8711  -10.2363   -0.3651    0.0978
  740 VIIMDGE  -10.6925  -11.8676   -1.1751    0.0978
  741 VIIMDGE  -10.6925  -11.8676   -1.1751    0.0978
  742 IVIMRGE   -7.9611  -12.0074   -4.0463    0.0978
  743 IVIMRGE   -7.9611  -12.0074   -4.0463    0.0978
  744 IVVMKGD  -12.3164  -12.6158   -0.2994    0.0978
  745 IVVMKGD  -12.3164  -12.6158   -0.2994    0.0978
  746 KVVMIGD  -12.5667  -12.8661   -0.2994    0.0978
  747 KVVMMGD  -12.8799  -14.5482   -1.6683    0.0978
  748 KLVMMGD  -12.5372  -14.6210   -2.0837    0.0978
  749 KIVMMGD  -15.2543  -15.5483   -0.2940    0.0978
  750 KIVVMGD  -13.8698  -14.1693   -0.2994    0.0978
  751 KFVVMGE  -14.1057  -14.4980   -0.3923    0.0978
  752 KFVVMGE  -14.1057  -14.4980   -0.3923    0.0978
  753 KFVIMGE  -17.7275  -18.1055   -0.3780    0.0978
  754 KFVIMGD  -17.5743  -17.6351   -0.0609    0.0978
  755 KFVIAGD  -14.7198  -16.7021   -1.9823    0.0978
  756 KILIAGD  -14.8591  -17.4811   -2.6220    0.0978
  757 KILIEGA  -14.7177  -17.5454   -2.8277    0.0978
  758 IKLIEGA  -10.0184  -12.7347   -2.7163    0.0978
  759 IDVIEGA   -8.5323  -11.3261   -2.7937    0.0978
  760 IVDIEGA   -7.8805  -10.6742   -2.7937    0.0978
  761 WVDIEGA   -6.9882   -8.6965   -1.7083    0.0978
  762 WGVIEAD   -8.5849  -10.2932   -1.7083    0.0978
  763 WEVIGDA   -6.4635   -8.1718   -1.7083    0.0978
  764 VEVIKGA  -12.0186  -15.6937   -3.6751    0.0978
  765 VEVIKGA  -10.7720  -14.4471   -3.6751    0.0978
  766 KEVIIGA  -11.3243  -13.8480   -2.5237    0.0978
  767 KEVVIGA   -9.8219  -13.7199   -3.8980    0.0978
  768 KIVLEGA  -12.4427  -16.6447   -4.2020    0.0978
  769 KIVLDGA  -12.0405  -15.9253   -3.8849    0.0978
  770 KIVLDGA  -12.0405  -15.9253   -3.8849    0.0978
  771 KIMIDGA  -11.8478  -13.9375   -2.0897    0.0978
  772 KIMVDGA  -12.1903  -15.6543   -3.4640    0.0978
  773 KWFVDGA  -11.5071  -12.2925   -0.7854    0.0978
  774 KWFVDGA  -11.5071  -12.2925   -0.7854    0.0978
  775 KWLVDGA  -11.3645  -14.1639   -2.7994    0.0978
  776 KWLVDGA  -11.3645  -14.1639   -2.7994    0.0978
  777 KWLVDGW   -8.4365  -14.3802   -5.9437    0.0978
  778 KWLVEGW   -8.9134  -15.1742   -6.2609    0.0978
  779 KWLEVGM  -10.0912  -13.1349   -3.0437    0.0978
  780 KWLVEGG  -13.6733  -16.9138   -3.2406    0.0978
  781 KWLVDGA  -13.4203  -16.2197   -2.7994    0.0978
  782 KWLVDGA  -13.4203  -16.2197   -2.7994    0.0978
  783 RWLVDGA  -12.4740  -18.6374   -6.1634    0.0978
  784 RWLVDGA  -12.4740  -18.6374   -6.1634    0.0978
  785 RWLVDGA  -12.4740  -18.6374   -6.1634    0.0978
  786 KWLVDGA  -14.6360  -17.4354   -2.7994    0.0978
  787 KWLVDGA  -14.6360  -17.4354   -2.7994    0.0978
  788 KWLVDGA  -14.6360  -17.4354   -2.7994    0.0978
  789 KWFVDGM  -12.2018  -13.5058   -1.3040    0.0978
  790 KWMVDGM  -14.7527  -14.6098    0.1429    0.0978
  791 KWVVDGM  -16.3324  -16.1150    0.2174    0.0978
  792 VWKVEGM  -16.0574  -16.0457    0.0117    0.0978
  793 VWKVEGA  -15.1588  -17.7485   -2.5897    0.0978
  794 VWKVAGE  -15.7945  -18.4956   -2.7011    0.0978
  795 KWVVAGE  -16.0625  -18.8751   -2.8126    0.0978
  796 KWVVVGE  -17.0279  -17.1644   -0.1366    0.0978
  797 VWKVVGE  -16.7327  -16.7578   -0.0251    0.0978
  798 VWKVMGE  -16.9315  -17.0312   -0.0997    0.0978
  799 VWMVKGE  -17.0461  -17.2573   -0.2111    0.0978
  800 VWKVMGE  -18.8655  -18.9652   -0.0997    0.0978
  801 VWKVMGE  -18.8655  -18.9652   -0.0997    0.0978
  802 VWKVMGE  -18.8655  -18.9652   -0.0997    0.0978
  803 VWKVMGD  -18.0411  -17.8237    0.2174    0.0978
  804 VWKVMGE  -18.5495  -18.6493   -0.0997    0.0978
  805 IIKVMGE  -16.1112  -16.6821   -0.5709    0.0978
  806 IIKVMGE  -16.1112  -16.6821   -0.5709    0.0978
  807 VIKVMGE  -17.0013  -17.5064   -0.5051    0.0978
  808 VIKVMGE  -17.0013  -17.5064   -0.5051    0.0978
  809 VIKVMGE  -17.0013  -17.5064   -0.5051    0.0978
  810 VIKVMGE  -17.0013  -17.5064   -0.5051    0.0978
  811 VIKVMGE  -17.0013  -17.5064   -0.5051    0.0978
  812 VIKVEGM  -15.4944  -15.8881   -0.3937    0.0978
  813 VIKVEGM  -15.4944  -15.8881   -0.3937    0.0978
  814 VIKVMGD  -15.6079  -15.7959   -0.1880    0.0978
  815 VIKVMGD  -15.6079  -15.7959   -0.1880    0.0978
  816 VIKVMGD  -15.6079  -15.7959   -0.1880    0.0978
  817 KIVVIGD  -14.6401  -14.9306   -0.2906    0.0978
  818 IIKVVGD  -17.3413  -17.5204   -0.1791    0.0978
  819 IIKVVGD  -17.3413  -17.5204   -0.1791    0.0978
  820 IIKVVGD  -17.3413  -17.5204   -0.1791    0.0978
  821 IIKVMGD  -17.2033  -17.4570   -0.2537    0.0978
  822 IFKVMGE  -17.6213  -17.8879   -0.2666    0.0978
  823 IFKVMGD  -19.0938  -19.0432    0.0506    0.0978
  824 IFKVMGE  -17.6918  -17.9584   -0.2666    0.0978
  825 IFKVMGE  -17.6918  -17.9584   -0.2666    0.0978
  826 IFKVEGM  -18.2979  -18.4530   -0.1551    0.0978
  827 IFKVEGM  -18.2979  -18.4530   -0.1551    0.0978
  828 IFKVEGM  -18.2979  -18.4530   -0.1551    0.0978
  829 VFKVEGM  -18.3598  -18.5292   -0.1694    0.0978
  830 LFKVEGA  -13.1052  -16.9715   -3.8663    0.0978
  831 FFKVEGA  -13.8870  -15.7393   -1.8523    0.0978
  832 FFKVEGA  -13.8870  -15.7393   -1.8523    0.0978
  833 FFKVEGF  -12.9584  -14.2561   -1.2977    0.0978
  834 IVKVEGF  -14.6485  -14.7291   -0.0806    0.0978
  835 VVKIEGF  -15.8280  -15.9086   -0.0806    0.0978
  836 VMKIEGF  -15.1591  -15.3143   -0.1551    0.0978
  837 VMKIEGF  -15.1591  -15.3143   -0.1551    0.0978
  838 MVKIEGF  -14.3283  -14.4835   -0.1551    0.0978
  839 VIKMEGF  -14.4318  -14.5869   -0.1551    0.0978
  840 VIKEMGF  -12.5045  -12.7711   -0.2666    0.0978
  841 VIKEVGM  -13.3788  -13.8840   -0.5051    0.0978
  842 VVKIEGM  -16.1251  -16.5188   -0.3937    0.0978
  843 VVKIEGM  -16.1251  -16.5188   -0.3937    0.0978
  844 VVKIEGM  -16.1251  -16.5188   -0.3937    0.0978
  845 VVKIEGF  -15.9023  -15.9828   -0.0806    0.0978
  846 VVKIEGF  -15.9023  -15.9828   -0.0806    0.0978
  847 VVKIEGF  -16.1712  -16.2518   -0.0806    0.0978
  848 VVKIEGF  -16.1712  -16.2518   -0.0806    0.0978
  849 IVKVEGF  -15.2451  -15.3257   -0.0806    0.0978
  850 IVKVEGF  -15.2451  -15.3257   -0.0806    0.0978
  851 IVKEVGF  -13.1087  -13.3007   -0.1920    0.0978
  852 IVKVEGF  -15.3847  -15.4653   -0.0806    0.0978
  853 VVKVEGF  -16.0980  -16.2728   -0.1749    0.0978
  854 IVKVEGF  -15.4285  -15.5091   -0.0806    0.0978
  855 KVIVEGF  -15.6147  -15.8067   -0.1920    0.0978
  856 KVIVEGF  -15.6147  -15.8067   -0.1920    0.0978
  857 KIVVEGF  -16.5006  -16.6926   -0.1920    0.0978
  858 KIGVEGF  -11.5910  -13.5688   -1.9777    0.0978
  859 EIGVKGF  -11.5037  -13.4814   -1.9777    0.0978
  860 EIGVKGF  -11.5037  -13.4814   -1.9777    0.0978
  861 EIGVKGY   -9.0705  -13.4676   -4.3971    0.0978
  862 EIGVKGL   -9.8852  -13.8769   -3.9917    0.0978
  863 EIGVKGL   -9.8852  -13.8769   -3.9917    0.0978
  864 EIGVRGM   -8.3993  -15.3341   -6.9349    0.0978
  865 EIGVRGA   -6.1843  -16.4006  -10.2163    0.0978
  866 EIGIRGW  -10.4768  -13.9431   -3.4663    0.0978
  867 EIGIFGK  -10.9266  -11.6415   -0.7149    0.0978
  868 EFGIIGK  -10.7864  -11.5013   -0.7149    0.0978
  869 EFGIIGK  -10.7864  -11.5013   -0.7149    0.0978
  870 EFGIIGK  -10.7864  -11.5013   -0.7149    0.0978
  871 EFGIIGK  -10.7864  -11.5013   -0.7149    0.0978
  872 EFGIIGK  -10.7864  -11.5013   -0.7149    0.0978
  873 DFGIWGK   -8.7910   -8.3833    0.4077    0.0978
  874 FKGIIGD   -6.6791   -7.0769   -0.3977    0.0978
  875 MGGIIKD   -7.9111  -10.1249   -2.2137    0.0978
  876 IGGIWKD   -9.4845   -9.6039   -0.1194    0.0978
  877 IGGIKWD  -10.4066  -10.3031    0.1034    0.0978
  878 IGGIKWD  -10.4066  -10.3031    0.1034    0.0978
  879 IGGIKWD  -10.4066  -10.3031    0.1034    0.0978
  880 IGGIKWD  -10.4066  -10.3031    0.1034    0.0978
  881 IGGIKWD  -10.4066  -10.3031    0.1034    0.0978
  882 MGGIEWK   -7.0202   -8.2427   -1.2226    0.0978
  883 MGGEIWD   -4.8932   -6.7201   -1.8269    0.0978
  884 MGGEIWD   -4.8932   -6.7201   -1.8269    0.0978
  885 MGGEIWD   -4.8932   -6.7201   -1.8269    0.0978
  886 RGGMIWD   -5.1172   -9.6095   -4.4923    0.0978
  887 RGGMIWD   -5.1172   -9.6095   -4.4923    0.0978
  888 RGGLMWD   -5.7547  -12.0367   -6.2820    0.0978
  889 RWGVMGE   -7.4960  -13.4569   -5.9609    0.0978
  890 RWGVMGE   -7.4960  -13.4569   -5.9609    0.0978
  891 KFGVWGE  -11.7349  -12.7386   -1.0037    0.0978
  892 KVGVWGE  -11.6479  -14.2502   -2.6023    0.0978
  893 KWGVVGE  -11.8681  -14.4704   -2.6023    0.0978
  894 KWGVFGE  -14.1900  -15.1937   -1.0037    0.0978
  895 KWGVFGE  -14.1900  -15.1937   -1.0037    0.0978
  896 KWGVFGE  -14.1900  -15.1937   -1.0037    0.0978
  897 KIGVFGE  -14.6773  -16.7664   -2.0891    0.0978
  898 KIGVWGE  -15.1694  -16.3974   -1.2280    0.0978
  899 KIGVWGE  -15.1694  -16.3974   -1.2280    0.0978
  900 KIGVWGE  -15.1694  -16.3974   -1.2280    0.0978
  901 KIGVWGD  -15.1312  -16.0420   -0.9109    0.0978
  902 KIGVWGD  -15.1312  -16.0420   -0.9109    0.0978
  903 KIGVWGD  -15.1312  -16.0420   -0.9109    0.0978
  904 KIGVWGD  -15.2312  -16.1420   -0.9109    0.1900
  905 KIGIWGD  -15.0548  -14.9514    0.1034    0.1900
  906 KIGIWGD  -15.0548  -14.9514    0.1034    0.1900
  907 KIGIWGD  -15.0548  -14.9514    0.1034    0.1900
  908 KIWIGGD  -14.3673  -14.4868   -0.1194    0.1900
  909 KIWIGGD  -14.3673  -14.4868   -0.1194    0.1900
  910 KIWIGGD  -14.3673  -14.4868   -0.1194    0.1900
  911 EIWIGGD  -11.2865  -12.2159   -0.9294    0.1900
  912 EIWIGGE  -11.5438  -12.7904   -1.2466    0.1900
  913 EIWIGGK  -12.3005  -12.7371   -0.4366    0.1900
  914 EIGIWGK  -12.4012  -12.6149   -0.2137    0.1900
  915 EIGIWGK  -12.4012  -12.6149   -0.2137    0.1900
  916 EIGFWGK  -10.7275  -10.6369    0.0906    0.1900
  917 EIGFWGK  -10.7275  -10.6369    0.0906    0.1900
  918 EIGFWGK  -10.7275  -10.6369    0.0906    0.1900
  919 EIGVKGW  -11.0971  -12.2137   -1.1166    0.1900
  920 EIKVGGM  -11.9783  -15.6606   -3.6823    0.1900
  921 EIKVGGM  -11.9783  -15.6606   -3.6823    0.1900
  922 EIKVGGM  -11.9783  -15.6606   -3.6823    0.1900
  923 MIKVGGE  -10.9122  -14.7060   -3.7937    0.1900
  924 MIKVGGD  -11.1222  -14.5988   -3.4766    0.1900
  925 MIKVGGD  -11.1222  -14.5988   -3.4766    0.1900
  926 VIKVGGD  -12.2132  -15.6952   -3.4820    0.1900
  927 VIKVGGD  -12.2132  -15.6952   -3.4820    0.1900
  928 KILVGGD  -11.4984  -15.5073   -4.0089    0.1900
  929 KIGVLGD   -8.6986  -12.4846   -3.7860    0.1900
  930 RFAVLGD   -5.0326  -12.1686   -7.1360    0.1900
  931 RFAVLGD   -5.0326  -12.1686   -7.1360    0.1900
  932 RWVVLGD   -9.1343  -15.3731   -6.2389    0.1900
  933 DWVVEGA   -9.0905  -12.2845   -3.1940    0.1900
  934 KWVVEGA  -13.8812  -16.5823   -2.7011    0.1900
  935 KWVVEGA  -13.8812  -16.5823   -2.7011    0.1900
  936 KWVVEGF  -13.2812  -14.8278   -1.5466    0.1900
  937 KLVVEGF  -12.8228  -14.2446   -1.4217    0.1900
  938 KLVVEGF  -12.8228  -14.2446   -1.4217    0.1900
  939 KLVVEGF  -12.8228  -14.2446   -1.4217    0.1900
  940 KVVVEGW  -14.9725  -14.9977   -0.0251    0.1900
  941 KVVVEGW  -14.9725  -14.9977   -0.0251    0.1900
  942 KVVVEGW  -14.9725  -14.9977   -0.0251    0.1900
  943 KVVVEGW  -14.9725  -14.9977   -0.0251    0.1900
  944 KVVVEGW  -14.9725  -14.9977   -0.0251    0.1900
  945 KVVVEGW  -14.9725  -14.9977   -0.0251    0.1900
  946 KVVVEGW  -14.9725  -14.9977   -0.0251    0.1900
  947 KVVVEGW  -14.9725  -14.9977   -0.0251    0.1900
  948 KVVVEGW  -14.9725  -14.9977   -0.0251    0.1900
  949 KVVVEGF  -14.2648  -14.5511   -0.2863    0.1900
  950 KVVVEGF  -14.2648  -14.5511   -0.2863    0.1900
  951 KIVVEGF  -15.3039  -15.4959   -0.1920    0.1900
  952 KIVVEGF  -15.3039  -15.4959   -0.1920    0.1900
  953 KIVVEGF  -15.3039  -15.4959   -0.1920    0.1900
  954 KIVVEGF  -15.3039  -15.4959   -0.1920    0.1900
  955 KMVVEGF  -13.5164  -13.7973   -0.2809    0.1900
  956 KMVVEGF  -13.5164  -13.7973   -0.2809    0.1900
  957 KMVVEGF  -13.5164  -13.7973   -0.2809    0.1900
  958 KMVVEGF  -13.5164  -13.7973   -0.2809    0.1900
  959 KMVVEGF  -13.5164  -13.7973   -0.2809    0.1900
  960 KMVVEGW  -14.1078  -14.2075   -0.0997    0.1900
  961 KMVVEGW  -14.1078  -14.2075   -0.0997    0.1900
  962 KEVVMGW  -12.1932  -12.4044   -0.2111    0.1900
  963 KEVVMGW  -13.1059  -13.3171   -0.2111    0.1900
  964 KWVVMGE  -15.0892  -15.3004   -0.2111    0.1900
  965 KWVVMGE  -15.0892  -15.3004   -0.2111    0.1900
  966 KWVVMGE  -15.4305  -15.6417   -0.2111    0.1900
  967 KWVVMGE  -15.4305  -15.6417   -0.2111    0.1900
  968 KVVVMGE  -13.6492  -15.6400   -1.9909    0.1900
  969 KVVVMGE  -13.6492  -15.6400   -1.9909    0.1900
  970 KVVVMGE  -13.6492  -15.6400   -1.9909    0.1900
  971 KVVVMGE  -13.6492  -15.6400   -1.9909    0.1900
  972 KVVVMGE  -13.6492  -15.6400   -1.9909    0.1900
  973 KVVVMGE  -13.6492  -15.6400   -1.9909    0.1900
  974 KVMIMGE  -14.5591  -15.1702   -0.6111    0.1900
  975 KVMIMGE  -14.5591  -15.1702   -0.6111    0.1900
  976 KIVVMGE  -16.0228  -16.6394   -0.6166    0.1900
  977 KIVVMGD  -16.8333  -17.1327   -0.2994    0.1900
  978 KIVVMGD  -16.8333  -17.1327   -0.2994    0.1900
  979 KIVVVGD  -17.4558  -17.7607   -0.3049    0.1900
  980 KVVIVGD  -16.9735  -17.2784   -0.3049    0.1900
  981 KVVIVGD  -16.9735  -17.2784   -0.3049    0.1900
  982 KVMIVGD  -16.5283  -16.8277   -0.2994    0.1900
  983 KVLVIGD  -15.5578  -17.0780   -1.5203    0.1900
  984 KILVVGE  -16.7110  -18.5484   -1.8374    0.1900
  985 KILVVGD  -17.3802  -18.9005   -1.5203    0.1900
  986 KIIVGGD  -14.7026  -16.9217   -2.2191    0.1900
  987 KIIVGGD  -14.7026  -16.9217   -2.2191    0.1900
  988 KIVIGGD  -14.6190  -16.8381   -2.2191    0.1900
  989 KIVIGGD  -14.6190  -16.8381   -2.2191    0.1900
  990 KIWIGGD  -14.9845  -15.1039   -0.1194    0.1900
  991 KIWIGGD  -14.9845  -15.1039   -0.1194    0.1900
  992 KIGIWGD  -15.7671  -15.6637    0.1034    0.1900
  993 KIGIWGD  -15.7671  -15.6637    0.1034    0.1900
  994 KIGIWGD  -15.7671  -15.6637    0.1034    0.1900
  995 KIGIWGD  -15.7671  -15.6637    0.1034    0.1900
  996 KIGIWGD  -15.7671  -15.6637    0.1034    0.1900
  997 KIGIWGD  -15.7671  -15.6637    0.1034    0.1900
  998 KIGIWGD  -15.7671  -15.6637    0.1034    0.1900
  999 KIGIWGD  -15.7671  -15.6637    0.1034    0.1900
 1000 KIGIWGD  -15.7671  -15.6637    0.1034    0.1900
 1001 KIGIWGD  -15.7671  -15.6637    0.1034    0.1900
 1002 KIGIWGD  -15.7671  -15.6637    0.1034    0.1900
 1003 KIGIWGD  -15.7671  -15.6637    0.1034    0.1900
 1004 KIGIWGD  -15.7671  -15.6637    0.1034    0.1900
 1005 KIGIWGD  -15.7671  -15.6637    0.1034    0.1900
 1006 KIGIWGE  -15.0094  -15.2232   -0.2137    0.1900
 1007 KIGIWGD  -16.0113  -15.9079    0.1034    0.1900
 1008 KIGIWGD  -16.0113  -15.9079    0.1034    0.1900
 1009 KIGIWGD  -16.0113  -15.9079    0.1034    0.1900
 1010 KIGIWGD  -16.0113  -15.9079    0.1034    0.1900
 1011 KIGIWGD  -16.0113  -15.9079    0.1034    0.1900
 1012 KIGIWGD  -16.0113  -15.9079    0.1034    0.1900
 1013 KIGIWGD  -16.0113  -15.9079    0.1034    0.1900
 1014 KIGIWGD  -16.0113  -15.9079    0.1034    0.1900
 1015 KIGIWGD  -16.0113  -15.9079    0.1034    0.1900
 1016 KIGIWGD  -16.0113  -15.9079    0.1034    0.1900
 1017 KIGIWGD  -16.0113  -15.9079    0.1034    0.1900
 1018 KIGIWGD  -16.0113  -15.9079    0.1034    0.1900
 1019 KIGIIGD  -13.2840  -13.9060   -0.6220    0.1900
 1020 KIGIIGD  -13.2840  -13.9060   -0.6220    0.1900
 1021 KIIIGGD  -15.9917  -16.8365   -0.8449    0.1900
 1022 KIIIGGD  -15.9917  -16.8365   -0.8449    0.1900
 1023 KIIIGGD  -15.9917  -16.8365   -0.8449    0.1900
 1024 KIIIGGD  -15.9917  -16.8365   -0.8449    0.1900
 1025 KIIIGGD  -15.9917  -16.8365   -0.8449    0.1900
 1026 KIIIDGG  -13.8690  -14.7138   -0.8449    0.1900
 1027 KIIIDGG  -13.8690  -14.7138   -0.8449    0.1900
 1028 RIIIDGG  -12.3905  -16.5994   -4.2089    0.1900
 1029 IIRIDGG  -12.9624  -17.0599   -4.0974    0.1900
 1030 VIRIDGG  -11.6258  -17.0975   -5.4717    0.1900
 1031 LIRVDGG  -10.5358  -17.7973   -7.2614    0.1900
 1032 LIRVDGG  -10.5358  -17.7973   -7.2614    0.1900
 1033 LIRVDGG  -10.5358  -17.7973   -7.2614    0.1900
 1034 RILVDGG  -10.4673  -17.8401   -7.3729    0.1900
 1035 IIRVDGG  -10.7170  -16.1887   -5.4717    0.1900
 1036 IIRVDGG  -10.7170  -16.1887   -5.4717    0.1900
 1037 IIRVDGG  -10.7170  -16.1887   -5.4717    0.1900
 1038 IIRVDGG  -10.7170  -16.1887   -5.4717    0.1900
 1039 RIIVDGG  -11.7404  -17.3236   -5.5831    0.1900
 1040 RLIIDGG  -10.7170  -16.7156   -5.9986    0.1900
 1041 ILKIEGG  -13.5581  -16.3984   -2.8403    0.1900
 1042 ELIIKGG  -13.1124  -16.0641   -2.9517    0.1900
 1043 KIIIEGG  -14.9852  -16.1472   -1.1620    0.1900
 1044 KIIIEGG  -14.9852  -16.1472   -1.1620    0.1900
 1045 KIIIEGG  -14.9852  -16.1472   -1.1620    0.1900
 1046 KIIIEGG  -14.9852  -16.1472   -1.1620    0.1900
 1047 IIKIEGG  -16.5436  -17.5941   -1.0506    0.1900
 1048 IIKIEGG  -16.5436  -17.5941   -1.0506    0.1900
 1049 IIKIEGG  -16.5436  -17.5941   -1.0506    0.1900
 1050 IIKIEGG  -16.5436  -17.5941   -1.0506    0.1900
 1051 IIKIEGG  -16.5436  -17.5941   -1.0506    0.1900
 1052 IIKIEGG  -16.5436  -17.5941   -1.0506    0.1900
 1053 IIKIEGG  -16.5436  -17.5941   -1.0506    0.1900
 1054 IIKIEGG  -16.5436  -17.5941   -1.0506    0.1900
 1055 IIEIKGG  -14.2533  -15.3038   -1.0506    0.1900
 1056 IIKIEGG  -15.6911  -16.7416   -1.0506    0.1900
 1057 IIRIEGG  -14.3695  -18.7841   -4.4146    0.1900
 1058 RIIIEGG  -13.4775  -18.0035   -4.5260    0.1900
 1059 RIIIEGG  -13.1035  -17.6295   -4.5260    0.1900
 1060 IIRIDGG  -12.3695  -16.4669   -4.0974    0.1900
 1061 IIKIEGG  -15.8089  -16.8595   -1.0506    0.1900
 1062 IIKIEGG  -15.8089  -16.8595   -1.0506    0.1900
 1063 IIKIEGG  -15.8089  -16.8595   -1.0506    0.1900
 1064 KIIIDGG  -15.5475  -16.3924   -0.8449    0.1900
 1065 KIIIEGG  -15.4357  -16.5977   -1.1620    0.1900
 1066 KIIIEGG  -15.4357  -16.5977   -1.1620    0.1900
 1067 KIIIEGG  -15.4357  -16.5977   -1.1620    0.1900
 1068 IIKIEGG  -15.9569  -17.0075   -1.0506    0.1900
 1069 IIKIEGG  -15.9569  -17.0075   -1.0506    0.1900
 1070 IIKIEGG  -15.9569  -17.0075   -1.0506    0.1900
 1071 IIKIEGG  -15.9569  -17.0075   -1.0506    0.1900
 1072 IIKIEGG  -15.9569  -17.0075   -1.0506    0.1900
 1073 IIKIEGG  -15.9569  -17.0075   -1.0506    0.1900
 1074 IIKIEGG  -15.9569  -17.0075   -1.0506    0.1900
 1075 KIIIDGG  -14.7500  -15.5949   -0.8449    0.1900
 1076 KIVVDGG  -11.8644  -15.4578   -3.5934    0.1900
 1077 KIMVDGG  -11.6989  -15.2869   -3.5880    0.1900
 1078 KIMIDGG  -12.4984  -14.7121   -2.2137    0.1900
 1079 KMIIDGG   -9.9413  -12.1550   -2.2137    0.1900
 1080 KMIIDGG   -9.9413  -12.1550   -2.2137    0.1900
 1081 KMMIDGG   -8.6527  -12.2353   -3.5826    0.1900
 1082 KMMIDGG   -8.6527  -12.2353   -3.5826    0.1900
 1083 KWMIDGG   -8.7881   -9.9164   -1.1283    0.1900
 1084 KWIIDGG   -9.7282   -9.8476   -0.1194    0.1900
 1085 KWIIDGG   -9.7282   -9.8476   -0.1194    0.1900
 1086 KFIIDGG  -11.1499  -11.7704   -0.6206    0.1900
 1087 KFIIDGG  -11.1499  -11.7704   -0.6206    0.1900
 1088 KFIIDGG  -11.1499  -11.7704   -0.6206    0.1900
 1089 KIFIEGG  -11.9190  -12.8567   -0.9377    0.1900
 1090 KILIEGG  -11.8308  -14.7825   -2.9517    0.1900
 1091 KILIDGG  -12.1445  -14.7790   -2.6346    0.1900
 1092 KILIDGG  -12.1445  -14.7790   -2.6346    0.1900
 1093 KVLIDGG  -10.4155  -14.4244   -4.0089    0.1900
 1094 KVLIEGG  -10.6464  -14.9724   -4.3260    0.1900
 1095 KVLIDGG  -10.4131  -14.4220   -4.0089    0.1900
 1096 DWLVKGG  -10.5310  -13.4544   -2.9234    0.1900
 1097 GWFVKGD   -9.9231  -10.7211   -0.7980    0.1900
 1098 GWWVDGD   -7.1744   -7.6041   -0.4297    0.1900
 1099 GWWVDGD   -7.1744   -7.6041   -0.4297    0.1900
 1100 GWWVDGE   -7.3547   -8.1015   -0.7469    0.1900
 1101 GWWVDGD   -8.2805   -8.7102   -0.4297    0.1900
 1102 GIWVDGD   -8.0539   -9.5690   -1.5151    0.1900
 1103 GIWVDGK   -8.9253   -9.9475   -1.0223    0.1900
 1104 GIWVDGK   -8.9253   -9.9475   -1.0223    0.1900
 1105 GIWVDGK   -9.0721  -10.0944   -1.0223    0.1915
 1106 GIWVDGK   -9.0721  -10.0944   -1.0223    0.1915
 1107 GWIDVGK   -8.3587   -9.2696   -0.9109    0.1915
 1108 GWIDVGK   -8.3587   -9.2696   -0.9109    0.1915
 1109 GWIVDGK  -10.7514  -11.7737   -1.0223    0.1915
 1110 GWIVKGD  -11.2235  -12.2458   -1.0223    0.1915
 1111 GWKVIGD  -13.0153  -13.9261   -0.9109    0.1915
 1112 GWKVIGD  -13.0153  -13.9261   -0.9109    0.1915
 1113 GIKVWGD  -10.9128  -11.8236   -0.9109    0.1915
 1114 GIKVIGD  -12.4557  -14.4520   -1.9963    0.1915
 1115 GIKIVGD  -11.0808  -13.0771   -1.9963    0.1915
 1116 GIKIVGE  -10.8899  -13.2033   -2.3134    0.1915
 1117 GIKIVGE  -10.8899  -13.2033   -2.3134    0.1915
 1118 GIKIVGE  -10.8262  -13.1397   -2.3134    0.1915
 1119 GIKFVGE  -10.3567  -12.4459   -2.0891    0.1915
 1120 GIKFVGE  -10.3567  -12.4459   -2.0891    0.1915
 1121 GIKFVGE  -10.3567  -12.4459   -2.0891    0.1915
 1122 GIKFVGE  -10.5578  -12.6469   -2.0891    0.1915
 1123 GIKFVGE  -10.5578  -12.6469   -2.0891    0.1915
 1124 GIKFVGE  -10.5578  -12.6469   -2.0891    0.1915
 1125 GIKVEGV  -11.1794  -14.7556   -3.5763    0.1915
 1126 GIKVEGV  -11.2079  -14.7842   -3.5763    0.1915
 1127 GIKVVGD  -11.2187  -14.5892   -3.3706    0.1915
 1128 GVKVIGD  -10.8305  -14.2010   -3.3706    0.1915
 1129 GKVIVGD   -9.1089  -12.5909   -3.4820    0.1915
 1130 GKIVVGD  -11.1951  -14.6771   -3.4820    0.1915
 1131 GKIVVGD  -11.3825  -14.8645   -3.4820    0.1915
 1132 GKIVVGD  -11.3825  -14.8645   -3.4820    0.1915
 1133 GKIVWGD  -10.1017  -11.1240   -1.0223    0.1915
 1134 GFIVKGD  -12.9068  -14.7903   -1.8834    0.1915
 1135 GFIVKGD  -12.9068  -14.7903   -1.8834    0.1915
 1136 GFIVKGD  -12.9068  -14.7903   -1.8834    0.1915
 1137 GFIVKGD  -12.9068  -14.7903   -1.8834    0.1915
 1138 GFKVIGD  -12.6506  -14.4226   -1.7720    0.1915
 1139 GFIVKGD  -12.6530  -14.5365   -1.8834    0.1915
 1140 GFKVIGD  -11.9811  -13.7531   -1.7720    0.1915
 1141 GFIVKGD  -12.2740  -14.1574   -1.8834    0.1915
 1142 GFIVKGD  -12.2740  -14.1574   -1.8834    0.1915
 1143 GFKVIGE  -12.6680  -14.7572   -2.0891    0.1915
 1144 GFKVEGL  -10.9213  -14.6887   -3.7674    0.1915
 1145 GFEVKGL   -9.3136  -13.0810   -3.7674    0.1915
 1146 GFEVKGL   -9.3136  -13.0810   -3.7674    0.1915
 1147 LFEVKGG  -11.9052  -15.8955   -3.9903    0.1915
 1148 LFEVKGG  -11.9052  -15.8955   -3.9903    0.1915
 1149 LFEVKGG  -11.9052  -15.8955   -3.9903    0.1915
 1150 LWEVKGG  -11.8963  -15.0254   -3.1291    0.1915
 1151 LWEVKGG  -11.8963  -15.0254   -3.1291    0.1915
 1152 LWKIEGG  -11.1436  -12.8984   -1.7549    0.1915
 1153 LWKIEGG  -11.1436  -12.8984   -1.7549    0.1915
 1154 LWKIEGG  -11.1436  -12.8984   -1.7549    0.1915
 1155 MGRIEWG   -8.2262  -12.7013   -4.4751    0.1915
 1156 MLRIEGG   -6.7981  -14.3713   -7.5731    0.1915
 1157 LMRIEGG   -7.5004  -15.0735   -7.5731    0.1915
 1158 LMKIEGG  -11.1384  -15.3475   -4.2091    0.1915
 1159 LMKIEGG  -11.1384  -15.3475   -4.2091    0.1915
 1160 LMKIEGG  -11.1384  -15.3475   -4.2091    0.1915
 1161 WMKIEGG  -12.2256  -13.5596   -1.3340    0.1915
 1162 WMKIEGG  -12.2256  -13.5596   -1.3340    0.1915
 1163 WMKEMGG   -9.1405  -11.9548   -2.8143    0.1915
 1164 WMKEMGG   -9.1405  -11.9548   -2.8143    0.1915
 1165 WMKEIGG   -9.9377  -11.3831   -1.4454    0.1915
 1166 WMKEIGG   -9.9377  -11.3831   -1.4454    0.1915
 1167 WMKDIGG   -8.5773   -9.7056   -1.1283    0.1915
 1168 WIKMDGG  -11.2034  -12.2203   -1.0169    0.1915
 1169 GIKMDGW  -11.4870  -12.2810   -0.7940    0.1915
 1170 GIKMDGW  -11.4870  -12.2810   -0.7940    0.1915
 1171 GIKMDGW  -11.4870  -12.2810   -0.7940    0.1915
 1172 GIKMDGW  -11.4870  -12.2810   -0.7940    0.1915
 1173 GIKMDGW  -11.4870  -12.2810   -0.7940    0.1915
 1174 GIKMEGW  -12.4886  -13.5997   -1.1111    0.1915
 1175 GIKMEGW  -12.4886  -13.5997   -1.1111    0.1915
 1176 GIKMDGW  -11.4783  -12.2723   -0.7940    0.1915
 1177 GIMDKGW   -9.5827  -10.5996   -1.0169    0.1915
 1178 GIMDKGW   -9.5827  -10.5996   -1.0169    0.1915
 1179 WIMDKGG   -9.4729  -10.7126   -1.2397    0.1915
 1180 WIMDKGG   -9.4729  -10.7126   -1.2397    0.1915
 1181 FIMDKGG   -8.9350  -11.0359   -2.1009    0.1915
 1182 FIMDKGG   -8.9350  -11.0359   -2.1009    0.1915
 1183 MIIEKGG   -9.5000  -12.1423   -2.6423    0.1915
 1184 KIIEMGG  -11.4579  -13.8774   -2.4194    0.1915
 1185 KILEMGG   -9.5784  -13.7875   -4.2091    0.1915
 1186 KIVEMGG  -10.3604  -14.1542   -3.7937    0.1915
 1187 KIVEMGG  -10.3604  -14.1542   -3.7937    0.1915
 1188 DIVMEGG   -6.9628  -11.3608   -4.3980    0.1915
 1189 IDVMEGG   -5.6395   -9.9261   -4.2866    0.1915
 1190 WDVEMGG   -6.5594   -9.6491   -3.0897    0.1915
 1191 WGVEEMG   -7.2772  -10.6841   -3.4069    0.1915
 1192 WGVEEMG   -7.2772  -10.6841   -3.4069    0.1915
 1193 WGIEEMG   -6.9989   -9.0314   -2.0326    0.1915
 1194 IAWEKLG   -4.3424   -7.6761   -3.3337    0.1915
 1195 IAWDKLG   -3.7565   -6.7731   -3.0166    0.1915
 1196 IGWLKDG   -5.2913   -6.7290   -1.4377    0.1915
 1197 IFWGDDG   -7.1336   -7.4416   -0.3080    0.1915
 1198 IFFGDKG   -3.6398   -4.0361   -0.3963    0.1915
 1199 IFIGEEG   -8.4020  -10.1497   -1.7477    0.1915
 1200 IDIGEFG   -6.2824   -7.3787   -1.0963    0.1915
 1201 IDIGKFG   -9.0962   -9.3825   -0.2863    0.1915
 1202 IDVAKFG   -8.3849  -10.1443   -1.7594    0.1915
 1203 IDVAKFG   -8.3849  -10.1443   -1.7594    0.1915
 1204 IDVKAFG   -6.7704   -8.5298   -1.7594    0.1915
 1205 IDFKAFG   -6.7037   -6.8645   -0.1609    0.1915
 1206 IEFKAFG   -7.0831   -7.5611   -0.4780    0.1915
 1207 IEFAKFG   -6.5679   -7.0459   -0.4780    0.1915
 1208 IFEAKFG   -9.0319   -9.5099   -0.4780    0.1915
 1209 IFEAKFG   -9.0319   -9.5099   -0.4780    0.1915
 1210 IFEAKFG   -9.0319   -9.5099   -0.4780    0.1915
 1211 IFEAKFG   -9.0319   -9.5099   -0.4780    0.1915
 1212 KFEAIFG   -9.3952   -9.9846   -0.5894    0.1915
 1213 KFEAIFG   -9.3952   -9.9846   -0.5894    0.1915
 1214 KFIAEFG  -10.6714  -11.2608   -0.5894    0.1915
 1215 MFKAEFG   -8.4040  -10.2509   -1.8469    0.1915
 1216 MFKAEFG   -8.4040  -10.2509   -1.8469    0.1915
 1217 KFMAEFG   -9.4634  -11.4217   -1.9583    0.1915
 1218 KFMAEFG   -9.4634  -11.4217   -1.9583    0.1915
 1219 KFIAEFG   -9.4462  -10.0357   -0.5894    0.1915
 1220 EFIAKFG   -7.8891   -8.4785   -0.5894    0.1915
 1221 IFEAKFG   -9.2636   -9.7416   -0.4780    0.1915
 1222 EFIARMG   -5.4393  -10.9859   -5.5466    0.1915
 1223 EFMARMG   -3.8766  -10.7921   -6.9154    0.1915
 1224 EFMARMG   -3.8766  -10.7921   -6.9154    0.1915
 1225 KFMVMEG   -9.0343   -9.4211   -0.3869    0.1915
 1226 MLKVEMG   -8.3323  -10.5103   -2.1780    0.1915
 1227 WIKVEMG   -4.3369   -6.1509   -1.8140    0.1915
 1228 WIKVEMG   -4.3369   -6.1509   -1.8140    0.1915
 1229 WGKVEMG   -5.4011   -7.8865   -2.4854    0.1915
 1230 WGKMEVG   -6.5694   -9.0548   -2.4854    0.1915
 1231 WVKMEGG   -8.3979  -11.1062   -2.7083    0.1915
 1232 LVKLEGG   -9.1219  -15.1262   -6.0043    0.1915
 1233 LLKLEGG   -9.1452  -15.5649   -6.4197    0.1915
 1234 LLKLEGG   -9.1452  -15.5649   -6.4197    0.1915
 1235 LVKLEGG   -9.0993  -15.1036   -6.0043    0.1915
 1236 LVKLEGG   -9.0993  -15.1036   -6.0043    0.1915
 1237 LMKLEGG   -8.7483  -14.7471   -5.9989    0.1915
 1238 LMKLEGG   -8.7483  -14.7471   -5.9989    0.1915
 1239 KVLLEGG   -8.5656  -14.6814   -6.1157    0.1915
 1240 KIYLEGY   -6.7158   -9.2836   -2.5677    0.1915
 1241 KIGVEGY   -7.7959  -12.1930   -4.3971    0.1915
 1242 KIGVDGY   -6.7135  -10.7935   -4.0800    0.1915
 1243 KIGVDGY   -6.7135  -10.7935   -4.0800    0.1915
 1244 DIGVKGM   -8.7085  -11.9622   -3.2537    0.1915
 1245 MVGIKGE  -10.6079  -14.2901   -3.6823    0.1915
 1246 MVGIKGE  -10.6079  -14.2901   -3.6823    0.1915
 1247 MVGIKGE  -10.6079  -14.2901   -3.6823    0.1915
 1248 MLGIKGE  -10.7583  -14.8560   -4.0977    0.1915
 1249 ILGIKGD  -10.6859  -13.0977   -2.4117    0.1915
 1250 FLGIKGD  -10.6126  -12.8000   -2.1874    0.1915
 1251 FLGIKGD  -10.6126  -12.8000   -2.1874    0.1915
 1252 ILGIKGE  -11.8391  -14.5680   -2.7289    0.1915
 1253 IFGIDGE   -9.2489  -10.4566   -1.2077    0.1915
 1254 IFMIRGE   -8.4259  -13.9936   -5.5677    0.1915
 1255 IFMVRGE  -10.3556  -14.0976   -3.7420    0.1915
 1256 IFRVMGE   -9.9104  -13.5409   -3.6306    0.1915
 1257 IFKVMGE  -13.1029  -13.3694   -0.2666    0.1915
 1258 VFKVEGM  -11.2829  -11.4524   -0.1694    0.1915
 1259 VMEVKGW  -12.9920  -12.9803    0.0117    0.1915
 1260 VWEVRGM  -13.2028  -16.5551   -3.3523    0.1915
 1261 VWEVMGR  -11.7346  -15.1983   -3.4637    0.1915
 1262 VWEVMGD  -13.9474  -14.5400   -0.5926    0.1915
 1263 VWEVMGD  -13.9474  -14.5400   -0.5926    0.1915
 1264 VWEVMGD  -13.9474  -14.5400   -0.5926    0.1915
 1265 VWDVVGD  -13.3658  -13.5667   -0.2009    0.1915
 1266 VWKVAGD  -14.4375  -16.8215   -2.3840    0.1915
 1267 VWKVMGD  -15.2115  -14.9941    0.2174    0.1915
 1268 VWKVMGD  -15.2115  -14.9941    0.2174    0.1915
 1269 VWKVMGD  -15.2115  -14.9941    0.2174    0.1915
 1270 VWKVMGD  -15.2115  -14.9941    0.2174    0.1915
 1271 VWKVMGD  -15.2115  -14.9941    0.2174    0.1915
 1272 VGKVMWD  -13.8285  -13.6111    0.2174    0.1915
 1273 VGMVKWD  -14.3610  -14.0322    0.3289    0.1915
 1274 VGVMDWD  -12.1597  -12.3237   -0.1640    0.1915
 1275 VGVMKWE  -13.0292  -13.0175    0.0117    0.1915
 1276 MGVVKWD  -12.7922  -12.4633    0.3289    0.1915
 1277 MGVVKWE  -12.5029  -12.4912    0.0117    0.1915
 1278 MGVVKWE  -12.5029  -12.4912    0.0117    0.1915
 1279 MGVVKWE  -12.5029  -12.4912    0.0117    0.1915
 1280 MGVVKWD  -13.5278  -13.1990    0.3289    0.1915
 1281 MGVVKWD  -13.5278  -13.1990    0.3289    0.1915
 1282 MGVVKWD  -13.5278  -13.1990    0.3289    0.1915
 1283 WGVVKMD  -10.7877  -10.4588    0.3289    0.1915
 1284 MGVVKWD  -12.0027  -11.6739    0.3289    0.1915
 1285 MGVVKWD  -12.0027  -11.6739    0.3289    0.1915
 1286 MWVVKGD  -12.0856  -11.9796    0.1060    0.1915
 1287 MWVVKGD  -12.0856  -11.9796    0.1060    0.1915
 1288 LWKVVGD  -10.6648  -13.4282   -2.7634    0.1915
 1289 LVKIVGD  -14.8397  -16.2486   -1.4089    0.1915
 1290 LVKIVGD  -14.8397  -16.2486   -1.4089    0.1915
 1291 LIKVVGD  -16.1533  -17.5621   -1.4089    0.1915
 1292 MIKVVGD  -17.0197  -17.2077   -0.1880    0.1915
 1293 IMKVVGD  -15.8534  -16.0414   -0.1880    0.1915
 1294 KVIVMGD  -17.1232  -17.4226   -0.2994    0.1915
 1295 KIVVMGD  -17.4237  -17.7232   -0.2994    0.1915
 1296 KWVVMGD  -17.1959  -17.0899    0.1060    0.1915
 1297 KWVVMGD  -17.1959  -17.0899    0.1060    0.1915
 1298 KWVVMGD  -17.1959  -17.0899    0.1060    0.1915
 1299 KWVVMGD  -17.1959  -17.0899    0.1060    0.1915
 1300 KWVVMGD  -17.1959  -17.0899    0.1060    0.1915
 1301 KWVVMGD  -17.1959  -17.0899    0.1060    0.1915
 1302 KGVVMWD  -15.4602  -15.3542    0.1060    0.1915
 1303 KGVVMLD  -13.6823  -15.7715   -2.0891    0.1915
 1304 KLLVMGD  -12.8490  -15.6736   -2.8246    0.1915
 1305 LKLVMGD  -12.0370  -14.7502   -2.7131    0.1915
 1306 KLLAMGD   -8.8846  -14.6651   -5.7806    0.1915
 1307 LKLAMGD   -8.3345  -14.0036   -5.6691    0.1915
 1308 LKLAMGD   -8.1074  -13.7766   -5.6691    0.2685
 1309 LKMAMGD   -8.1438  -13.3920   -5.2483    0.2685
 1310 EKMMAGW   -9.3164  -12.1182   -2.8017    0.2685
 1311 DKMMAGW   -8.3483  -10.8329   -2.4846    0.2685
 1312 DKMIAGW   -9.7569  -10.8726   -1.1157    0.2685
 1313 DKMIAGW   -9.7569  -10.8726   -1.1157    0.2685
 1314 WKMIAGD  -10.6148  -11.6191   -1.0043    0.2685
 1315 WKMIAGD  -10.6148  -11.6191   -1.0043    0.2685
 1316 WKMIAGD  -10.6148  -11.6191   -1.0043    0.2685
 1317 WKLIAGD   -7.8820  -10.7871   -2.9051    0.2685
 1318 EKLVAGW   -8.1980  -11.4260   -3.2280    0.2685
 1319 EKLVAGW   -8.1980  -11.4260   -3.2280    0.2685
 1320 EVLVKGW   -8.3455  -11.4261   -3.0806    0.2685
 1321 VVLVRGE   -7.3626  -13.1384   -5.7757    0.2685
 1322 VLVVEGD  -12.5624  -15.4669   -2.9046    0.2685
 1323 VVVVKGD  -13.8009  -15.4801   -1.6791    0.2685
 1324 VVVVKGD  -13.8009  -15.4801   -1.6791    0.2685
 1325 VKLVVGD  -13.4003  -15.3834   -1.9831    0.2685
 1326 VDLVVGK   -9.8873  -11.8704   -1.9831    0.2685
 1327 VDLVVGR   -7.5298  -12.8770   -5.3471    0.2685
 1328 DVLVVGE  -10.8744  -13.7790   -2.9046    0.2685
 1329 VDLMVGE   -8.2330  -11.0207   -2.7877    0.2685
 1330 VGLMMDE   -7.8111  -10.7048   -2.8937    0.2685
 1331 FELMMDG   -8.2800  -10.3437   -2.0637    0.2685
 1332 FEMMMDG   -8.7129   -9.4758   -0.7629    0.2685
 1333 FEMMMDG   -8.7129   -9.4758   -0.7629    0.2685
 1334 FEMVMDG   -9.5311  -10.2994   -0.7683    0.2685
 1335 LEVVIKG   -8.9503  -10.6763   -1.7260    0.2685
 1336 EFIVKVG  -10.5175  -10.7095   -0.1920    0.2685
 1337 VFIVKEG  -12.8559  -13.2707   -0.4149    0.2685
 1338 VIIVKEG  -12.3303  -13.0494   -0.7191    0.2685
 1339 VIVVKEG  -12.5813  -13.3147   -0.7334    0.2685
 1340 VIVVKEG  -12.5813  -13.3147   -0.7334    0.2685
 1341 VIVVKEG  -12.5813  -13.3147   -0.7334    0.2685
 1342 VIVVKEG  -12.5813  -13.3147   -0.7334    0.2685
 1343 KIIVVEG  -13.3511  -13.9589   -0.6077    0.2685
 1344 KIIVVEG  -13.3511  -13.9589   -0.6077    0.2685
 1345 IIKMVEG  -11.2294  -11.8002   -0.5709    0.2685
 1346 IIKVMEG  -13.9448  -14.5157   -0.5709    0.2685
 1347 VIKIMEG  -13.5417  -14.1125   -0.5709    0.2685
 1348 VMKIEMG  -12.3166  -12.7049   -0.3883    0.2685
 1349 MMKIEVG  -12.5156  -12.9039   -0.3883    0.2685
 1350 MMKIVDG  -12.6756  -12.8582   -0.1826    0.2685
 1351 VMKIMDG  -12.1750  -12.3576   -0.1826    0.2685
 1352 VFKIMDG  -12.9608  -12.9102    0.0506    0.2685
 1353 IFKVMEG  -12.3719  -12.6384   -0.2666    0.2685
 1354 KFVVMEG  -11.4485  -11.8407   -0.3923    0.2685
 1355 KFVVMDG  -12.7734  -12.8485   -0.0751    0.2685
 1356 VFKVMDG  -12.5147  -12.4784    0.0363    0.2685
 1357 IMKVMDG  -12.5965  -12.7791   -0.1826    0.2685
 1358 IIKVMDG  -12.7928  -13.0466   -0.2537    0.2685
 1359 IVKVMDG  -14.4358  -14.6238   -0.1880    0.2685
 1360 IVKVMDG  -14.4358  -14.6238   -0.1880    0.2685
 1361 IVKVEMG  -13.6638  -14.0575   -0.3937    0.2685
 1362 IVKVEMG  -13.6638  -14.0575   -0.3937    0.2685
 1363 IVKVEMG  -13.6638  -14.0575   -0.3937    0.2685
 1364 MVKVEMG  -10.6947  -12.4573   -1.7626    0.2685
 1365 EVKVMMG  -10.3647  -12.2387   -1.8740    0.2685
 1366 EVKVMMG  -10.3424  -12.2164   -1.8740    0.2685
 1367 KVEVLMG  -10.6451  -12.9399   -2.2949    0.2685
 1368 EVKVLMG  -10.5207  -12.8156   -2.2949    0.2685
 1369 LVKVEMG  -12.5569  -14.7403   -2.1834    0.2685
 1370 LVKEVMG   -9.9531  -12.3594   -2.4063    0.2685
 1371 EVKLVMG  -10.3726  -12.6674   -2.2949    0.2685
 1372 IVKLEMG  -11.8768  -13.5659   -1.6891    0.2685
 1373 IVKMEMG  -11.6877  -12.0760   -0.3883    0.2685
 1374 IVKMDMG  -11.1889  -11.2600   -0.0711    0.2685
 1375 IVKMDMG  -11.1889  -11.2600   -0.0711    0.2685
 1376 IMKVDMG  -10.6687  -10.7398   -0.0711    0.2685
 1377 IMKVDLG  -10.0237  -11.3957   -1.3720    0.2685
 1378 IMKVELG  -10.7684  -12.4575   -1.6891    0.2685
 1379 ILKVEMG  -11.7744  -13.4635   -1.6891    0.2685
 1380 VLKIEMG  -11.3686  -13.0578   -1.6891    0.2685
 1381 KLVIEMG  -11.1535  -12.9541   -1.8006    0.2685
 1382 KLVIEMG  -11.1535  -12.9541   -1.8006    0.2685
 1383 KLVIEMG  -11.1535  -12.9541   -1.8006    0.2685
 1384 KLEIVMG   -8.9167  -10.7172   -1.8006    0.2685
 1385 KLIEVMG   -7.9350   -9.7356   -1.8006    0.2685
 1386 KAIEMVG   -4.6861   -8.4672   -3.7811    0.2685
 1387 KDIAMVG   -5.6450   -9.3318   -3.6869    0.2685
 1388 MDIAMKG   -7.2912  -10.7497   -3.4586    0.2685
 1389 MDIAMKG   -7.2912  -10.7497   -3.4586    0.2685
 1390 MDIAMKG   -7.2912  -10.7497   -3.4586    0.2685
 1391 MDIVMKG  -10.5164  -10.6989   -0.1826    0.2685
 1392 MDIVMKG  -10.5164  -10.6989   -0.1826    0.2685
 1393 IDIVMKG  -11.3537  -11.6074   -0.2537    0.2685
 1394 IDIVAKG   -8.9389  -11.0341   -2.0951    0.2685
 1395 IDWVAKG  -10.1016  -11.1113   -1.0097    0.2685
 1396 VDWIAKG   -8.9457   -9.9554   -1.0097    0.2685
 1397 VDWIAKG   -8.9457   -9.9554   -1.0097    0.2685
 1398 VDWIAKG   -8.9457   -9.9554   -1.0097    0.2685
 1399 IDLVLKG   -6.6853  -11.1496   -4.4643    0.2685
 1400 IDLVLKG   -6.6853  -11.1496   -4.4643    0.2685
 1401 VDLVLKG   -8.6694  -11.3079   -2.6386    0.2685
 1402 VDIVLKG  -10.0066  -11.4154   -1.4089    0.2685
 1403 VDIVLKG  -10.0066  -11.4154   -1.4089    0.2685
 1404 VDIVLKG  -10.0066  -11.4154   -1.4089    0.2685
 1405 VDIVLKG  -10.0066  -11.4154   -1.4089    0.2685
 1406 LDIVVKG   -9.1044  -10.5133   -1.4089    0.2685
 1407 LDVIVKG   -9.7988  -11.2077   -1.4089    0.2685
 1408 LEIVVKG   -9.1857  -10.9117   -1.7260    0.2685
 1409 KEVIVLG   -9.9340  -11.8828   -1.9489    0.2685
 1410 KVEIVAG  -10.8341  -14.6206   -3.7866    0.2685
 1411 KEIVIAG  -11.6357  -14.2708   -2.6351    0.2685
 1412 KEIVIAG  -11.6357  -14.2708   -2.6351    0.2685
 1413 KAIVIEG  -10.8575  -13.3812   -2.5237    0.2685
 1414 KDIVIAG  -10.5077  -12.8257   -2.3180    0.2685
 1415 IEIVKAG  -10.9574  -13.2583   -2.3009    0.2685
 1416 IVIEKAG  -11.6066  -14.1303   -2.5237    0.2685
 1417 IVIEKAG  -11.6066  -14.1303   -2.5237    0.2685
 1418 IVKEIAG  -12.0083  -14.5320   -2.5237    0.2685
 1419 KVIEIAG  -11.8825  -14.2948   -2.4123    0.2685
 1420 KVIEIAG  -11.8825  -14.2948   -2.4123    0.2685
 1421 KVIEIAG  -11.8825  -14.2948   -2.4123    0.2685
 1422 KIIEIAG  -11.8406  -12.8786   -1.0380    0.2685
 1423 GIIIEAD   -8.9930  -10.5239   -1.5309    0.2685
 1424 DIIIRAG   -8.0455  -12.1304   -4.0849    0.2685
 1425 DLIIRAA   -5.2882  -11.9816   -6.6934    0.2685
 1426 ELIIKAA   -9.0278  -12.6744   -3.6466    0.2685
 1427 DLIIKAG   -9.1083  -11.6188   -2.5106    0.2685
 1428 LDIIKAG   -9.1813  -11.5805   -2.3991    0.2685
 1429 IDLIKAG   -8.6953  -11.0945   -2.3991    0.2685
 1430 LDKIIAG   -8.9600  -11.5820   -2.6220    0.2685
 1431 LDIIKAG   -9.4298  -11.8289   -2.3991    0.2685
 1432 LDIIKAG   -9.4298  -11.8289   -2.3991    0.2685
 1433 IEIIKAG  -11.8952  -12.8218   -0.9266    0.2685
 1434 IDLIDAG   -6.0389   -8.9309   -2.8920    0.2685
 1435 IKLIADG   -4.1024   -6.6130   -2.5106    0.2685
 1436 IALIKDG   -8.8815  -11.6150   -2.7334    0.2685
 1437 IAKLLDG   -9.4180  -13.7183   -4.3003    0.2685
 1438 IGKYLDG   -6.5839  -11.1908   -4.6069    0.2685
 1439 ILKGLDG   -8.5322  -12.7337   -4.2014    0.2685
 1440 ILRGLDG   -4.7803  -12.3457   -7.5654    0.2685
 1441 IGRILDG   -6.4546  -12.2303   -5.7757    0.2685
 1442 IGRILDG   -6.4546  -12.2303   -5.7757    0.2685
 1443 IGDWRLG   -5.5053  -10.0842   -4.5789    0.2685
 1444 LGDIKWG   -6.8172   -8.0320   -1.2149    0.2685
 1445 LGEIKWG   -7.7715   -9.3035   -1.5320    0.2685
 1446 LGEIKWG   -7.7715   -9.3035   -1.5320    0.2685
 1447 LGEFKWG   -7.8544   -9.1621   -1.3077    0.2685
 1448 LGEWKLG   -8.7337  -12.0554   -3.3217    0.2685
 1449 LGEWKLG   -8.7337  -12.0554   -3.3217    0.2685
 1450 LGKWELG   -9.5847  -12.9064   -3.3217    0.2685
 1451 LGKWELG   -9.5847  -12.9064   -3.3217    0.2685
 1452 LGKWELG   -9.5847  -12.9064   -3.3217    0.2685
 1453 KGLFELG   -9.5097  -13.8039   -4.2943    0.2685
 1454 KGLFEWG  -10.4306  -11.8497   -1.4191    0.2685
 1455 KGFFEWG  -11.0109  -10.6160    0.3949    0.2685
 1456 KGFFEWG  -11.0109  -10.6160    0.3949    0.2685
 1457 KGFFEWG  -11.0109  -10.6160    0.3949    0.2685
 1458 KGLFDWG  -10.3456  -11.4476   -1.1020    0.2685
 1459 KGLFDWG  -10.3456  -11.4476   -1.1020    0.2685
 1460 EGLFDWG   -6.5124   -8.4244   -1.9120    0.2685
 1461 KGLFDWG  -10.8130  -11.9150   -1.1020    0.2685
 1462 KGLFDWG  -10.8130  -11.9150   -1.1020    0.2685
 1463 KGLFEWG  -11.5853  -13.0044   -1.4191    0.2685
 1464 KGVFWEG  -10.6778  -11.7930   -1.1151    0.2685
 1465 KGVFWEG  -10.6778  -11.7930   -1.1151    0.2685
 1466 KGVFWEG  -10.6778  -11.7930   -1.1151    0.2685
 1467 KGVWEWG  -10.4132  -10.5557   -0.1426    0.2685
 1468 KGVWEWG  -10.4132  -10.5557   -0.1426    0.2685
 1469 KGVWWEG   -9.5283   -9.7823   -0.2540    0.2685
 1470 KGVWEWG  -11.3633  -11.5059   -0.1426    0.2685
 1471 KGVWEWG  -11.3633  -11.5059   -0.1426    0.2685
 1472 KGVWEWG  -11.3633  -11.5059   -0.1426    0.2685
 1473 KGVWEVG  -10.5541  -13.1564   -2.6023    0.2685
 1474 EGKWVVG   -9.3790  -12.0927   -2.7137    0.2685
 1475 EGKWVVG   -9.3790  -12.0927   -2.7137    0.2685
 1476 EGKWVVG   -9.3790  -12.0927   -2.7137    0.2685
 1477 EGKWVVG   -9.3790  -12.0927   -2.7137    0.2685
 1478 EGKMVWG   -5.1560   -7.8643   -2.7083    0.2685
 1479 EGMKVWG   -5.5531   -8.1500   -2.5969    0.2685
 1480 EGMKVWG   -5.5531   -8.1500   -2.5969    0.2685
 1481 EGKMVWG   -7.4623  -10.1706   -2.7083    0.2685
 1482 EGMVKWG   -8.6985  -11.2953   -2.5969    0.2685
 1483 EGMVKLG   -8.5279  -13.9999   -5.4720    0.2685
 1484 EGVVKIG   -8.4432  -12.1309   -3.6877    0.2685
 1485 IGKVVEG  -10.8977  -14.5854   -3.6877    0.2685
 1486 IGEVVKG  -10.3819  -14.0697   -3.6877    0.2685
 1487 IGVEWKG  -11.5930  -12.7095   -1.1166    0.2685
 1488 IGVDKWG   -8.8150   -9.7259   -0.9109    0.2685
 1489 IGMDKWG   -8.5402   -9.4456   -0.9054    0.2685
 1490 IGKDMWG   -9.8721  -10.8889   -1.0169    0.2685
 1491 DGKIMWG   -9.4500  -10.4668   -1.0169    0.2685
 1492 DGMIKWG   -9.5819  -10.4873   -0.9054    0.2685
 1493 DGMIKWG   -9.5819  -10.4873   -0.9054    0.2685
 1494 IGKWMDG  -11.5781  -12.4835   -0.9054    0.2685
 1495 IGKWMDG  -11.5781  -12.4835   -0.9054    0.2685
 1496 KGIWMDG  -11.1700  -12.1868   -1.0169    0.2685
 1497 KGIWMDG  -11.1700  -12.1868   -1.0169    0.2685
 1498 KGMWIDG  -11.1258  -12.1427   -1.0169    0.2685
 1499 KGLWIDG  -11.6751  -13.1128   -1.4377    0.2685
 1500 LGKWIEG   -9.6396  -11.2830   -1.6434    0.2685
 1501 IGKEIWG  -10.3055  -10.6307   -0.3251    0.2685
 1502 IGKEIWG  -10.3055  -10.6307   -0.3251    0.2685
 1503 IGKIEWG  -11.1557  -11.2580   -0.1023    0.2685
 1504 IGKIEIG   -9.8066  -10.6343   -0.8277    0.2685
 1505 KGIIELG  -10.9232  -13.6520   -2.7289    0.2685
 1506 KGIIELG  -10.9232  -13.6520   -2.7289    0.2685
 1507 EGIIKLG  -10.8679  -13.5967   -2.7289    0.2685
 1508 KGIIELG  -10.5431  -13.2719   -2.7289    0.2685
 1509 KGIIELG  -10.5239  -13.2528   -2.7289    0.2066
 1510 ELIIKGG  -10.2967  -13.2484   -2.9517    0.2066
 1511 ELIIKGG  -10.2967  -13.2484   -2.9517    0.2066
 1512 ELIIKGG  -10.2967  -13.2484   -2.9517    0.2066
 1513 ELIIKGG  -10.2967  -13.2484   -2.9517    0.2066
 1514 GLIIKGD   -9.2348  -11.7580   -2.5231    0.2066
 1515 GLIIDGK   -7.2633   -9.7865   -2.5231    0.2066
 1516 GLIIEGK   -6.7254   -9.5657   -2.8403    0.2066
 1517 GEIIRGL   -5.4150  -11.5079   -6.0929    0.2066
 1518 GGIVLER   -3.3807  -11.1822   -7.8014    0.2066
 1519 GGIVEWD   -9.2299  -11.0622   -1.8323    0.2066
 1520 GGIVEWD   -9.2299  -11.0622   -1.8323    0.2066
 1521 GGIIEWD   -9.3681  -10.1861   -0.8180    0.2066
 1522 DGIIRWG   -7.6045  -10.8651   -3.2606    0.2066
 1523 DGIIKWG  -12.0011  -11.8977    0.1034    0.2066
 1524 DGIIKWG  -12.0011  -11.8977    0.1034    0.2066
 1525 DGIIKWG  -12.0011  -11.8977    0.1034    0.2066
 1526 DGIIKWG  -12.0011  -11.8977    0.1034    0.2066
 1527 DGIIKWG  -12.0011  -11.8977    0.1034    0.2066
 1528 DGIIRWG   -8.0611  -11.3216   -3.2606    0.2066
 1529 DGIIRWG   -8.0611  -11.3216   -3.2606    0.2066
 1530 IGVIDDG   -8.2923  -10.8929   -2.6006    0.2066
 1531 IGVWKDG  -10.2276  -11.2499   -1.0223    0.2066
 1532 KGVEIWG  -10.8743  -12.1023   -1.2280    0.2066
 1533 KGEVIWG  -10.1671  -11.5065   -1.3394    0.2066
 1534 KGEVIWG  -10.1671  -11.5065   -1.3394    0.2066
 1535 KGVEIWG  -10.0533  -11.2813   -1.2280    0.2066
 1536 KGIEIWG   -8.8296   -9.0433   -0.2137    0.2066
 1537 KGIEIWG   -8.8296   -9.0433   -0.2137    0.2066
 1538 IGIEKWG  -10.4818  -10.6955   -0.2137    0.2066
 1539 EGIIKWG  -11.5886  -11.8023   -0.2137    0.2066
 1540 IGIEKWG  -10.7571  -10.9708   -0.2137    0.2066
 1541 IGIEKWG  -10.7571  -10.9708   -0.2137    0.2066
 1542 IGIEKWG  -10.7571  -10.9708   -0.2137    0.2066
 1543 IGIEKWG  -10.7571  -10.9708   -0.2137    0.2066
 1544 IGIDKWG  -10.0749   -9.9715    0.1034    0.2066
 1545 DGIIKWG   -9.9357   -9.8322    0.1034    0.2066
 1546 EWIIKGG   -5.9012   -6.3378   -0.4366    0.2066
 1547 EMIIKGG   -9.6009  -12.1318   -2.5309    0.2066
 1548 EIMIKGG  -11.7554  -14.2863   -2.5309    0.2066
 1549 MIEIKGG  -10.9898  -13.4092   -2.4194    0.2066
 1550 IIIEKGG  -13.9059  -15.1794   -1.2734    0.2066
 1551 IIIEKGG  -13.9059  -15.1794   -1.2734    0.2066
 1552 IKIDIGG   -9.4820  -10.1040   -0.6220    0.2066
 1553 WKIDIGG   -7.6045   -7.5010    0.1034    0.2066
 1554 WKIDIGG   -7.6045   -7.5010    0.1034    0.2066
 1555 WKIEIGG   -8.0444   -8.2581   -0.2137    0.2066
 1556 WKLEIGG   -8.2238   -9.8672   -1.6434    0.2066
 1557 FKIDIGG   -9.8155  -10.2132   -0.3977    0.2066
 1558 FKIDIGG   -9.8155  -10.2132   -0.3977    0.2066
 1559 FIIDKGG  -11.4125  -12.1445   -0.7320    0.2066
 1560 FIVDKGG  -10.2820  -12.3883   -2.1063    0.2066
 1561 FEVIRGG   -9.1508  -14.7153   -5.5646    0.2066
 1562 FEMIKGG  -10.8996  -13.0948   -2.1951    0.2066
 1563 FEMIKGG  -10.8996  -13.0948   -2.1951    0.2066
 1564 FLEIKGG  -11.3185  -13.9345   -2.6160    0.2066
 1565 FLVEKGG   -8.6494  -12.8626   -4.2131    0.2066
 1566 FVLEKGG   -8.4464  -12.6596   -4.2131    0.2066
 1567 FVVEDGG   -6.4888  -10.7794   -4.2906    0.2066
 1568 FVKVDGG   -8.8676  -12.1253   -3.2577    0.2066
 1569 FVKDVGG   -6.3139   -9.6831   -3.3691    0.2066
 1570 FVKDVGG   -6.3139   -9.6831   -3.3691    0.2066
 1571 FDVVKGG  -10.1054  -13.3632   -3.2577    0.2066
 1572 FVVDKGG   -8.9648  -12.4454   -3.4806    0.2066
 1573 FVVDKGG   -8.9648  -12.4454   -3.4806    0.2066
 1574 FVVEKGG  -10.3574  -14.1551   -3.7977    0.2066
 1575 FIVEKGG  -12.5238  -14.9473   -2.4234    0.2066
 1576 FIVEKGG  -12.5238  -14.9473   -2.4234    0.2066
 1577 FIVEKGG  -12.5238  -14.9473   -2.4234    0.2066
 1578 FIVEKGG  -12.5238  -14.9473   -2.4234    0.2066
 1579 FIVEKGG  -12.5238  -14.9473   -2.4234    0.2066
 1580 FIEVKGG  -12.0824  -14.2829   -2.2006    0.2066
 1581 FIEVKGG  -12.0824  -14.2829   -2.2006    0.2066
 1582 FIEVKGG  -12.0824  -14.2829   -2.2006    0.2066
 1583 FIEVKGG  -12.0824  -14.2829   -2.2006    0.2066
 1584 FIDVKGG  -11.6832  -13.5667   -1.8834    0.2066
 1585 FIDVKGG  -11.6832  -13.5667   -1.8834    0.2066
 1586 FIDVDGG   -8.2650  -10.6413   -2.3763    0.2066
 1587 FIDVDGG   -8.2650  -10.6413   -2.3763    0.2066
 1588 FIVDDGG   -8.7203  -11.3194   -2.5991    0.2066
 1589 FIVDEGG   -8.9155  -11.8317   -2.9163    0.2066
 1590 FIREVGG   -7.6517  -13.3277   -5.6760    0.2066
 1591 FIRVEGG   -8.2974  -13.8620   -5.5646    0.2066
 1592 FIRVEGG   -8.2974  -13.8620   -5.5646    0.2066
 1593 IIRVEGG   -8.1048  -13.8937   -5.7889    0.2066
 1594 IVRIEGG   -7.9695  -13.7584   -5.7889    0.2066
 1595 KVIIEGG  -13.8884  -16.4247   -2.5363    0.2066
 1596 LVKIEGG  -12.9445  -17.1591   -4.2146    0.2066
 1597 LVKIEGG  -12.9445  -17.1591   -4.2146    0.2066
 1598 FIKVEGG  -11.8443  -14.0449   -2.2006    0.2066
 1599 LIKVEGG  -12.7953  -17.0099   -4.2146    0.2066
 1600 WIKVEGG  -12.8975  -14.2369   -1.3394    0.2066
 1601 WIKEVGG  -10.0291  -11.4800   -1.4509    0.2066
 1602 WIKDVGG  -10.6498  -11.7835   -1.1337    0.2066
 1603 WIKDVGG  -10.6498  -11.7835   -1.1337    0.2066
 1604 WIKDVGG  -10.6498  -11.7835   -1.1337    0.2066
 1605 WIKDVGG  -10.6498  -11.7835   -1.1337    0.2066
 1606 GVKDIGW   -9.8512  -10.7620   -0.9109    0.2066
 1607 GVKDIGW   -9.8512  -10.7620   -0.9109    0.2066
 1608 GIKDIGW  -11.4380  -11.3346    0.1034    0.2066
 1609 GIKDIGW  -11.4380  -11.3346    0.1034    0.2066
 1610 GIKDIGW  -11.4380  -11.3346    0.1034    0.2066
 1611 GIKDIGW  -11.4380  -11.3346    0.1034    0.2066
 1612 GIKDIGW  -11.4380  -11.3346    0.1034    0.2066
 1613 GIKDIGW  -11.4380  -11.3346    0.1034    0.2066
 1614 GIVEKGW  -11.6808  -13.0203   -1.3394    0.2066
 1615 GIVDKGW  -10.7829  -11.8052   -1.0223    0.2066
 1616 GIVDKGW  -10.7829  -11.8052   -1.0223    0.2066
 1617 GIVEKGW  -11.2035  -12.5429   -1.3394    0.2066
 1618 GIVEKGW  -11.2035  -12.5429   -1.3394    0.2066
 1619 GIVEKGW  -11.2035  -12.5429   -1.3394    0.2066
 1620 WIKEVGG  -12.2022  -13.6530   -1.4509    0.2066
 1621 WIKVEGG  -13.1251  -14.4646   -1.3394    0.2066
 1622 WVRIEGG  -10.5042  -15.2076   -4.7034    0.2066
 1623 WVRIEGG  -10.5042  -15.2076   -4.7034    0.2066
 1624 IVRIEGG  -10.6198  -16.4087   -5.7889    0.2066
 1625 IERIVGG   -6.8672  -12.7675   -5.9003    0.2066
 1626 IEKIVGG  -12.4999  -15.0362   -2.5363    0.2066
 1627 IEKIVGG  -12.4999  -15.0362   -2.5363    0.2066
 1628 IEKIVGG  -12.4999  -15.0362   -2.5363    0.2066
 1629 IVKIEGG  -13.0699  -15.4947   -2.4249    0.2066
 1630 EIKIVGG  -13.6660  -16.0909   -2.4249    0.2066
 1631 EIRIVGG  -10.8891  -16.6780   -5.7889    0.2066
 1632 EIRIVGG  -10.8891  -16.6780   -5.7889    0.2066
 1633 EIRIVGG  -10.8891  -16.6780   -5.7889    0.2066
 1634 VIRIEGG  -12.0402  -17.8291   -5.7889    0.2066
 1635 VIRIEGG  -12.0402  -17.8291   -5.7889    0.2066
 1636 VIRIEGG  -12.0402  -17.8291   -5.7889    0.2066
 1637 FIEIEGG  -10.5542  -12.1905   -1.6363    0.2066
 1638 FIEIKGG  -14.1822  -15.0085   -0.8263    0.2066
 1639 FIEIKGG  -14.1822  -15.0085   -0.8263    0.2066
 1640 FIEIKGG  -14.1822  -15.0085   -0.8263    0.2066
 1641 FIEIKGG  -14.1822  -15.0085   -0.8263    0.2066
 1642 FIEIKGG  -14.1822  -15.0085   -0.8263    0.2066
 1643 FIEIKGG  -14.1822  -15.0085   -0.8263    0.2066
 1644 WIEIKGG  -13.9051  -14.2303   -0.3251    0.2066
 1645 WIEIKGG  -13.9051  -14.2303   -0.3251    0.2066
 1646 VIEIKGG  -13.4033  -15.8282   -2.4249    0.2066
 1647 KIEIWGG  -12.5961  -12.9213   -0.3251    0.2066
 1648 KIEIWGG  -12.5961  -12.9213   -0.3251    0.2066
 1649 KIDIWGG  -12.5192  -12.5272   -0.0080    0.2066
 1650 KIDIWGG  -12.5192  -12.5272   -0.0080    0.2066
 1651 KIDIWGG  -12.5192  -12.5272   -0.0080    0.2066
 1652 KIDIWGG  -12.5192  -12.5272   -0.0080    0.2066
 1653 KIDIWGG  -13.8032  -13.8112   -0.0080    0.2066
 1654 KIDIWGG  -13.8032  -13.8112   -0.0080    0.2066
 1655 KIEIWGG  -14.3103  -14.6355   -0.3251    0.2066
 1656 KIEIWGG  -14.3103  -14.6355   -0.3251    0.2066
 1657 KIEIWGG  -14.3103  -14.6355   -0.3251    0.2066
 1658 KIEIWGG  -14.3103  -14.6355   -0.3251    0.2066
 1659 KIEIWGG  -14.3103  -14.6355   -0.3251    0.2066
 1660 KIEIWGG  -14.3103  -14.6355   -0.3251    0.2066
 1661 KIDIWGG  -13.8871  -13.8951   -0.0080    0.2066
 1662 KIDIWGG  -13.8871  -13.8951   -0.0080    0.2066
 1663 KIDIWGG  -13.8871  -13.8951   -0.0080    0.2066
 1664 DIKIWGG  -12.3511  -12.3591   -0.0080    0.2066
 1665 EIKIWGG  -12.1993  -12.5245   -0.3251    0.2066
 1666 EIKIWGG  -12.1993  -12.5245   -0.3251    0.2066
 1667 DLKIWGG  -10.1564  -11.5942   -1.4377    0.2066
 1668 ELKIWGG  -10.2980  -12.0529   -1.7549    0.2066
 1669 ELKIWGG  -10.2980  -12.0529   -1.7549    0.2066
 1670 DLKIWGG  -10.2865  -11.7242   -1.4377    0.2066
 1671 LDKIWGG   -7.6486   -9.1978   -1.5491    0.2066
 1672 LGKFFDG   -5.4489   -7.4120   -1.9631    0.2066
 1673 IGKWFEG   -9.8340   -9.7435    0.0906    0.2066
 1674 IGKWFEG   -9.8340   -9.7435    0.0906    0.2066
 1675 IGEWFKG   -5.4347   -5.3441    0.0906    0.2066
 1676 IGEWIEG   -7.1159   -8.1396   -1.0237    0.2066
 1677 IGEEIWG   -7.5443   -8.6795   -1.1351    0.2066
 1678 LGEIEWG   -6.6962   -9.0382   -2.3420    0.2066
 1679 LGIEEWG   -8.4624  -10.9159   -2.4534    0.2066
 1680 LGIERWG   -8.4843  -13.4917   -5.0074    0.2066
 1681 LGIEKWG  -11.9222  -13.5656   -1.6434    0.2066
 1682 LGIEEWG   -9.2252  -11.6786   -2.4534    0.2066
 1683 LGIEKWG  -11.9274  -13.5709   -1.6434    0.2066
 1684 LGIEKWG  -11.9274  -13.5709   -1.6434    0.2066
 1685 LGIEKWG  -11.9274  -13.5709   -1.6434    0.2066
 1686 LGIEKWG  -11.9274  -13.5709   -1.6434    0.2066
 1687 FGIEKWG   -9.9323   -9.8417    0.0906    0.2066
 1688 FGIEKWG   -9.9323   -9.8417    0.0906    0.2066
 1689 FGIEKWG   -9.9323   -9.8417    0.0906    0.2066
 1690 LGLEKWG   -9.5561  -12.9893   -3.4331    0.2066
 1691 LGLEKWG   -9.5561  -12.9893   -3.4331    0.2066
 1692 KGLELWG   -8.0069  -11.4400   -3.4331    0.2066
 1693 LGKELWG   -7.8904  -11.4350   -3.5446    0.2066
 1694 LGKELWG   -7.8904  -11.4350   -3.5446    0.2066
 1695 LGKELWG   -7.8904  -11.4350   -3.5446    0.2066
 1696 LGKELWG   -7.8904  -11.4350   -3.5446    0.2066
 1697 VGKDLWG   -7.1403   -9.9523   -2.8120    0.2066
 1698 LGKDIWG   -8.7329  -10.1706   -1.4377    0.2066
 1699 VGKDIWG   -8.8239   -9.8462   -1.0223    0.2066
 1700 VGKIDWG  -10.5401  -11.3396   -0.7994    0.2066
 1701 VGRIDWG   -9.6144  -13.7779   -4.1634    0.2066
 1702 VGRIDWG   -9.6144  -13.7779   -4.1634    0.2066
 1703 IGRIDWG  -10.6163  -13.7655   -3.1491    0.2066
 1704 RGIIDWG  -10.5805  -13.8411   -3.2606    0.2066
 1705 RGIIDWG  -10.5805  -13.8411   -3.2606    0.2066
 1706 RGIIDWG  -10.5805  -13.8411   -3.2606    0.2066
 1707 KGIIEMG   -9.8391  -12.1471   -2.3080    0.2066
 1708 IGKIEWG  -12.6634  -12.7656   -0.1023    0.2066
 1709 EGKIIWG  -12.2808  -12.6060   -0.3251    0.2066
 1710 IGKEIWG  -11.9970  -12.3221   -0.3251    0.2066
 1711 IGKEIWG  -11.9970  -12.3221   -0.3251    0.2066
 1712 IGKEIWG  -12.0131  -12.3382   -0.3251    0.2077
 1713 IGKIDWG  -11.7655  -11.5507    0.2149    0.2077
 1714 IGRIDWG  -10.5634  -13.7125   -3.1491    0.2077
 1715 IGRIDWG  -10.5634  -13.7125   -3.1491    0.2077
 1716 IGRIDWG  -10.5634  -13.7125   -3.1491    0.2077
 1717 IGRIDVG   -8.5176  -13.7665   -5.2489    0.2077
 1718 IGRVDVG   -8.0836  -14.7067   -6.6231    0.2077
 1719 IGKVDWG  -12.7720  -13.5714   -0.7994    0.2077
 1720 KGVIDWG  -11.2515  -12.1623   -0.9109    0.2077
 1721 KGVVDWG  -11.3444  -13.6295   -2.2851    0.2077
 1722 KGVVDWG  -11.3444  -13.6295   -2.2851    0.2077
 1723 KGIVDWG  -11.5227  -12.4335   -0.9109    0.2077
 1724 KGIVDWG  -11.5227  -12.4335   -0.9109    0.2077
 1725 KGMIDWG  -10.8337  -11.7391   -0.9054    0.2077
 1726 KGMVDWG  -10.6868  -12.9666   -2.2797    0.2077
 1727 KGMIDWG  -11.1152  -12.0206   -0.9054    0.2077
 1728 KGMIDWG  -11.1152  -12.0206   -0.9054    0.2077
 1729 KGMIDWG  -11.1152  -12.0206   -0.9054    0.2077
 1730 VGKIEWG  -12.4972  -13.6138   -1.1166    0.2077
 1731 VGKIDWG  -11.9335  -12.7330   -0.7994    0.2077
 1732 VGKIDWG  -11.9335  -12.7330   -0.7994    0.2077
 1733 VGKIDWG  -11.9335  -12.7330   -0.7994    0.2077
 1734 VGRVEWG   -8.6595  -14.5143   -5.8549    0.2077
 1735 VGRVDWG   -9.9150  -15.4527   -5.5377    0.2077
 1736 VGKVDWG  -11.8336  -14.0073   -2.1737    0.2077
 1737 KGVVEWG  -13.5955  -16.1977   -2.6023    0.2077
 1738 KGVVEWG  -13.5955  -16.1977   -2.6023    0.2077
 1739 KGVVEWG  -13.5955  -16.1977   -2.6023    0.2077
 1740 KGVVEWG  -13.5955  -16.1977   -2.6023    0.2077
 1741 KGIIEWG  -12.9061  -13.1198   -0.2137    0.2077
 1742 KGIIGWE  -12.4741  -12.6878   -0.2137    0.2077
 1743 KGIIGWE  -12.4741  -12.6878   -0.2137    0.2077
 1744 KGIIGWE  -12.4741  -12.6878   -0.2137    0.2077
 1745 KGIIGWE  -12.4741  -12.6878   -0.2137    0.2077
 1746 EGKIGWI  -10.3686  -10.5824   -0.2137    0.2077
 1747 EGKIGWI  -10.3686  -10.5824   -0.2137    0.2077
 1748 MGKIGWE  -10.4807  -11.5918   -1.1111    0.2077
 1749 KGMIGWE  -10.7311  -11.9537   -1.2226    0.2077
 1750 KGMIGWE  -10.7311  -11.9537   -1.2226    0.2077
 1751 KGLIGWE  -10.7487  -12.3921   -1.6434    0.2077
 1752 LGKIGWE  -11.7567  -13.2887   -1.5320    0.2077
 1753 LGKIGWE  -11.7567  -13.2887   -1.5320    0.2077
 1754 LGKIGWE  -11.7567  -13.2887   -1.5320    0.2077
 1755 LGKIGWE  -11.7567  -13.2887   -1.5320    0.2077
 1756 LGKIGWE  -11.7567  -13.2887   -1.5320    0.2077
 1757 LGKIGWE  -11.7567  -13.2887   -1.5320    0.2077
 1758 LGKIGWE  -11.7567  -13.2887   -1.5320    0.2077
 1759 LGKIGWE  -11.7567  -13.2887   -1.5320    0.2077
 1760 LGKIGWE  -11.7567  -13.2887   -1.5320    0.2077
 1761 LGKIGWD  -12.0613  -13.2761   -1.2149    0.2077
 1762 LGKIGWD  -12.0613  -13.2761   -1.2149    0.2077
 1763 LGKIGWD  -12.0613  -13.2761   -1.2149    0.2077
 1764 IGKIGWD  -11.7936  -11.5787    0.2149    0.2077
 1765 IGKIGWD  -11.7936  -11.5787    0.2149    0.2077
 1766 KGIIGWD  -12.6019  -12.4984    0.1034    0.2077
 1767 EGIIGWD   -9.7380  -10.4446   -0.7066    0.2077
 1768 EGIIGWD   -9.7380  -10.4446   -0.7066    0.2077
 1769 KGIIGWD  -12.4630  -12.3596    0.1034    0.2077
 1770 KGIIGWD  -12.4630  -12.3596    0.1034    0.2077
 1771 IGKIGWD  -11.3970  -11.1821    0.2149    0.2077
 1772 IGKVGWD  -11.5647  -12.3641   -0.7994    0.2077
 1773 VGKIGWD  -12.6989  -13.4983   -0.7994    0.2077
 1774 VGKIGWD  -12.6989  -13.4983   -0.7994    0.2077
 1775 VGKIGWD  -12.6989  -13.4983   -0.7994    0.2077
 1776 VGRIGWD  -12.0643  -16.2277   -4.1634    0.2077
 1777 VGRIGWD  -12.0643  -16.2277   -4.1634    0.2077
 1778 VGRIGWD  -12.0643  -16.2277   -4.1634    0.2077
 1779 WGRVGWD  -11.0566  -14.1346   -3.0780    0.2077
 1780 WGRVGWE  -10.1414  -13.5365   -3.3951    0.2077
 1781 WGKVGWD  -12.3723  -12.0863    0.2860    0.2077
 1782 WGKVGWD  -12.3723  -12.0863    0.2860    0.2077
 1783 WGKVGIE   -8.9585  -10.0751   -1.1166    0.2077
 1784 WGKVGIE   -8.9585  -10.0751   -1.1166    0.2077
 1785 WGKVGID   -8.2737   -9.0731   -0.7994    0.2077
 1786 FGKIGID   -8.8673   -9.1536   -0.2863    0.2077
 1787 IGFIGKD  -12.8324  -13.3415   -0.5091    0.2077
 1788 IGFIGKD  -12.8324  -13.3415   -0.5091    0.2077
 1789 IGGIIKD  -12.7476  -13.5925   -0.8449    0.2077
 1790 IGGIIKD  -12.7476  -13.5925   -0.8449    0.2077
 1791 IKGIIGD  -14.1005  -14.7225   -0.6220    0.2077
 1792 IIGIKGD  -15.3439  -15.9659   -0.6220    0.2077
 1793 IIGIKGD  -15.3439  -15.9659   -0.6220    0.2077
 1794 IIGIKGD  -15.3439  -15.9659   -0.6220    0.2077
 1795 IVGIKGE  -13.1734  -15.4868   -2.3134    0.2077
 1796 VIGIKGE  -14.3818  -16.6952   -2.3134    0.2077
 1797 IIGIKGE  -15.2698  -16.2090   -0.9391    0.2077
 1798 KIGIIGD  -16.7888  -17.4108   -0.6220    0.2077
 1799 KIGIIGD  -16.7888  -17.4108   -0.6220    0.2077
 1800 KIGIIGD  -16.7888  -17.4108   -0.6220    0.2077
 1801 KIGIIGD  -16.7888  -17.4108   -0.6220    0.2077
 1802 KIGIIGE  -15.8270  -16.7661   -0.9391    0.2077
 1803 KIGIIGE  -15.8270  -16.7661   -0.9391    0.2077
 1804 KIGIIGE  -15.8270  -16.7661   -0.9391    0.2077
 1805 IKIIGGE  -13.2424  -14.2930   -1.0506    0.2077
 1806 IKIIGGE  -13.2424  -14.2930   -1.0506    0.2077
 1807 IVKIGGE  -14.0479  -16.4728   -2.4249    0.2077
 1808 IVKIGGE  -14.0479  -16.4728   -2.4249    0.2077
 1809 ILKIGGE  -13.5157  -16.3560   -2.8403    0.2077
 1810 KIWIGGE  -17.1091  -17.5457   -0.4366    0.2077
 1811 KIWIGGE  -17.1091  -17.5457   -0.4366    0.2077
 1812 KIEIGGW  -14.4911  -14.7048   -0.2137    0.2077
 1813 KIWIGGE  -16.1732  -16.6098   -0.4366    0.2077
 1814 KIWIGGE  -16.1732  -16.6098   -0.4366    0.2077
 1815 KIWIGGD  -16.1549  -16.2744   -0.1194    0.2077
 1816 KIWIGGD  -16.1549  -16.2744   -0.1194    0.2077
 1817 KIWIGGD  -16.1549  -16.2744   -0.1194    0.2077
 1818 KIFIGGD  -15.1022  -15.7227   -0.6206    0.2077
 1819 KIFIGGE  -14.9057  -15.8435   -0.9377    0.2077
 1820 KIFIGGE  -14.9057  -15.8435   -0.9377    0.2077
 1821 KIWIGGE  -16.7367  -17.1732   -0.4366    0.2077
 1822 LIKIGGE  -14.7726  -17.6129   -2.8403    0.2077
 1823 LIKIGGD  -15.6697  -18.1928   -2.5231    0.2077
 1824 LIKIGGE  -15.0950  -17.9353   -2.8403    0.2077
 1825 LIKIGGE  -15.0950  -17.9353   -2.8403    0.2077
 1826 LIKIGGE  -15.0950  -17.9353   -2.8403    0.2077
 1827 VEKIGGI  -12.1280  -14.5529   -2.4249    0.2077
 1828 EVKIGGI  -13.0481  -15.3615   -2.3134    0.2077
 1829 EVKIGGI  -13.0481  -15.3615   -2.3134    0.2077
 1830 EVKIGGF  -12.0269  -14.1161   -2.0891    0.2077
 1831 EVKIGGF  -12.0269  -14.1161   -2.0891    0.2077
 1832 IEKIGGW  -14.9526  -15.2778   -0.3251    0.2077
 1833 IEKIGGW  -14.9526  -15.2778   -0.3251    0.2077
 1834 IEKIGGW  -14.9526  -15.2778   -0.3251    0.2077
 1835 IEKVGGW  -13.0454  -14.3849   -1.3394    0.2077
 1836 VEKIGGW  -13.5552  -14.8946   -1.3394    0.2077
 1837 EVKIGGW  -14.2131  -15.4411   -1.2280    0.2077
 1838 KVEIGGW  -13.4224  -14.6504   -1.2280    0.2077
 1839 KIEVGGW  -14.0971  -15.3251   -1.2280    0.2077
 1840 KIEIGGW  -15.4383  -15.6520   -0.2137    0.2077
 1841 KIEIGGW  -15.4383  -15.6520   -0.2137    0.2077
 1842 KIEIGGF  -13.2555  -13.9704   -0.7149    0.2077
 1843 KIEIGGF  -13.2555  -13.9704   -0.7149    0.2077
 1844 KIEIGGF  -13.2555  -13.9704   -0.7149    0.2077
 1845 KEIIGGF  -11.9822  -12.9199   -0.9377    0.2077
 1846 KEIIGGF  -11.9822  -12.9199   -0.9377    0.2077
 1847 KEIIGGW  -13.3108  -13.7474   -0.4366    0.2077
 1848 KVEIGGW  -11.8111  -13.0391   -1.2280    0.2077
 1849 KVEIGGW  -11.8111  -13.0391   -1.2280    0.2077
 1850 KWLIGGE  -12.3172  -14.1835   -1.8663    0.2077
 1851 KWMIGGE  -13.0015  -14.4469   -1.4454    0.2077
 1852 KIFIGGE  -12.8983  -13.8360   -0.9377    0.2077
 1853 KIFIGGE  -12.8983  -13.8360   -0.9377    0.2077
 1854 KIFIGGE  -12.8983  -13.8360   -0.9377    0.2077
 1855 KIFIGGE  -12.8983  -13.8360   -0.9377    0.2077
 1856 KIGILGE  -11.2701  -13.9989   -2.7289    0.2077
 1857 LIGIKGD  -10.7197  -13.1314   -2.4117    0.2077
 1858 LIGIKGD  -10.7197  -13.1314   -2.4117    0.2077
 1859 LVGIKGD   -9.6534  -13.4394   -3.7860    0.2077
 1860 LVGIKGD   -9.6534  -13.4394   -3.7860    0.2077
 1861 LFGIKGE  -10.0846  -12.5892   -2.5046    0.2077
 1862 LFGIKGE  -10.0846  -12.5892   -2.5046    0.2077
 1863 KWGILGE  -11.9698  -13.6133   -1.6434    0.2077
 1864 VWGIKGE  -12.5115  -13.7395   -1.2280    0.2077
 1865 VWGIKGE  -12.5115  -13.7395   -1.2280    0.2077
 1866 VWGIKGE  -12.5115  -13.7395   -1.2280    0.2077
 1867 VIGIKGD  -12.5165  -14.5128   -1.9963    0.2077
 1868 VIGIKGD  -12.5165  -14.5128   -1.9963    0.2077
 1869 FKGIIGD  -10.6452  -11.0430   -0.3977    0.2077
 1870 DKGIIGI  -10.0086  -10.7420   -0.7334    0.2077
 1871 EKGIIGI  -11.6721  -12.7226   -1.0506    0.2077
 1872 IIGIKGE  -13.4855  -14.4247   -0.9391    0.2077
 1873 KIGIIGE  -17.0051  -17.9443   -0.9391    0.2077
 1874 KIGIIGE  -17.0051  -17.9443   -0.9391    0.2077
 1875 KIGIIGE  -17.0051  -17.9443   -0.9391    0.2077
 1876 KIGIWGE  -17.2961  -17.5098   -0.2137    0.2077
 1877 KIGIWGE  -17.2961  -17.5098   -0.2137    0.2077
 1878 KIGIWGE  -17.2961  -17.5098   -0.2137    0.2077
 1879 KIGIWGE  -17.2961  -17.5098   -0.2137    0.2077
 1880 KIGIWGD  -16.8629  -16.7594    0.1034    0.2077
 1881 KIGIWGD  -16.8629  -16.7594    0.1034    0.2077
 1882 KIGIWGE  -16.4531  -16.6668   -0.2137    0.2077
 1883 KIGIWGE  -16.4531  -16.6668   -0.2137    0.2077
 1884 KIGIWGE  -16.4531  -16.6668   -0.2137    0.2077
 1885 KIGIWGE  -16.4531  -16.6668   -0.2137    0.2077
 1886 KVGIWGE  -14.4019  -15.6299   -1.2280    0.2077
 1887 KVGIWGE  -14.4019  -15.6299   -1.2280    0.2077
 1888 KIGIWGE  -16.4242  -16.6379   -0.2137    0.2077
 1889 KIGIWGE  -16.4242  -16.6379   -0.2137    0.2077
 1890 KIGIWGE  -16.4242  -16.6379   -0.2137    0.2077
 1891 KIGIWGE  -16.4242  -16.6379   -0.2137    0.2077
 1892 KIGIWGE  -16.4242  -16.6379   -0.2137    0.2077
 1893 KIGIWGE  -16.4242  -16.6379   -0.2137    0.2077
 1894 KIGIWGE  -16.3603  -16.5741   -0.2137    0.2077
 1895 KIGIWGE  -16.3603  -16.5741   -0.2137    0.2077
 1896 KIGIWGD  -16.6422  -16.5388    0.1034    0.2077
 1897 KIGIWGD  -16.6422  -16.5388    0.1034    0.2077
 1898 KIGIWGD  -16.6422  -16.5388    0.1034    0.2077
 1899 KIGIWGD  -16.6422  -16.5388    0.1034    0.2077
 1900 KIGIIGD  -16.8100  -17.4320   -0.6220    0.2077
 1901 KIGIIGE  -16.7738  -17.7129   -0.9391    0.2077
 1902 KIGIIGE  -16.7738  -17.7129   -0.9391    0.2077
 1903 KIGIIGD  -16.8340  -17.4560   -0.6220    0.2077
 1904 KIGIIGD  -16.8340  -17.4560   -0.6220    0.2077
 1905 KIGIIGD  -16.8340  -17.4560   -0.6220    0.2077
 1906 KIGMIGD  -13.9590  -15.9499   -1.9909    0.2077
 1907 KIGMWGD  -13.8960  -14.8014   -0.9054    0.2077
 1908 KIGMWGD  -13.8960  -14.8014   -0.9054    0.2077
 1909 KIGMWGE  -13.6137  -14.8363   -1.2226    0.2077
 1910 KIGMWGE  -13.6137  -14.8363   -1.2226    0.2077
 1911 KIGMWGE  -13.6137  -14.8363   -1.2226    0.2077
 1912 KIGMWGE  -13.6137  -14.8363   -1.2226    0.2077
 1913 KIGMWGE  -13.5178  -14.7404   -1.2226    0.2176
 1914 KIGMWGE  -13.5178  -14.7404   -1.2226    0.2176
 1915 KIGMWGE  -13.5178  -14.7404   -1.2226    0.2176
 1916 KIGMWGE  -13.5178  -14.7404   -1.2226    0.2176
 1917 KIGMWGE  -13.5178  -14.7404   -1.2226    0.2176
 1918 KIGMWGE  -13.5178  -14.7404   -1.2226    0.2176
 1919 KIGMWGD  -13.8748  -14.7802   -0.9054    0.2176
 1920 KIGMWGD  -13.8748  -14.7802   -0.9054    0.2176
 1921 KIGMWGD  -13.8748  -14.7802   -0.9054    0.2176
 1922 KIGDWGM  -10.2505  -11.0445   -0.7940    0.2176
 1923 KIGDWGM  -10.2505  -11.0445   -0.7940    0.2176
 1924 KIGDWGM  -10.2505  -11.0445   -0.7940    0.2176
 1925 KIGEIGM  -11.6647  -13.8612   -2.1966    0.2176
 1926 KIGEIGM  -11.6647  -13.8612   -2.1966    0.2176
 1927 KEGIIGM  -12.5808  -15.0002   -2.4194    0.2176
 1928 KEGIIGM  -12.5808  -15.0002   -2.4194    0.2176
 1929 KEGIIGM  -12.5808  -15.0002   -2.4194    0.2176
 1930 KIGEIGM  -11.5976  -13.7942   -2.1966    0.2176
 1931 KIGMIGE  -11.7597  -14.0677   -2.3080    0.2176
 1932 KIGAIGE   -9.5020  -15.0915   -5.5894    0.2176
 1933 KLGIIGE  -12.4090  -15.1379   -2.7289    0.2176
 1934 KLGIIGD  -12.7569  -15.1686   -2.4117    0.2176
 1935 KLGIIGD  -12.7569  -15.1686   -2.4117    0.2176
 1936 KLGIIGD  -10.5167  -12.9284   -2.4117    0.2176
 1937 KLGIIGD  -10.5167  -12.9284   -2.4117    0.2176
 1938 KLGIIGD  -10.5167  -12.9284   -2.4117    0.2176
 1939 KLGIIGD  -10.5167  -12.9284   -2.4117    0.2176
 1940 KLGIIGD  -10.5167  -12.9284   -2.4117    0.2176
 1941 KLGIIGD  -10.5167  -12.9284   -2.4117    0.2176
 1942 KLGIWGD  -10.7000  -12.0263   -1.3263    0.2176
 1943 KLGIWGD  -10.7000  -12.0263   -1.3263    0.2176
 1944 KLGIIGD  -10.1363  -12.5480   -2.4117    0.2176
 1945 KIGILGD   -9.9799  -12.3916   -2.4117    0.2176
 1946 KIGIWGD  -13.9458  -13.8424    0.1034    0.2176
 1947 KIGIIGD  -13.4231  -14.0451   -0.6220    0.2176
 1948 KIGIIGE  -12.9364  -13.8755   -0.9391    0.2176
 1949 KIGVIGE  -12.0502  -14.3636   -2.3134    0.2176
 1950 KIGVIGE  -12.0502  -14.3636   -2.3134    0.2176
 1951 KIIVGGE  -12.4043  -14.9406   -2.5363    0.2176
 1952 KIIIGGE  -14.6922  -15.8542   -1.1620    0.2176
 1953 KIWIGGE  -12.7297  -13.1662   -0.4366    0.2176
 1954 KIWIGGE  -12.7297  -13.1662   -0.4366    0.2176
 1955 EIWIGGE  -10.2473  -11.4939   -1.2466    0.2176
 1956 DIWIGGR  -11.6727  -15.1561   -3.4834    0.2176
 1957 DIWIGGR  -11.6727  -15.1561   -3.4834    0.2176
 1958 DIWIGGE  -11.0931  -12.0225   -0.9294    0.2176
 1959 KIWIGGE  -16.1549  -16.5915   -0.4366    0.2176
 1960 KIWIGGE  -16.1549  -16.5915   -0.4366    0.2176
 1961 KIGIWGE  -17.0874  -17.3011   -0.2137    0.2176
 1962 KVGIWGE  -15.0788  -16.3068   -1.2280    0.2176
 1963 KVGIWGE  -15.0788  -16.3068   -1.2280    0.2176
 1964 KVGIWGE  -15.0788  -16.3068   -1.2280    0.2176
 1965 KVGIWGE  -15.0788  -16.3068   -1.2280    0.2176
 1966 KMGIWGE  -14.9964  -16.2190   -1.2226    0.2176
 1967 KMGIWGE  -14.9964  -16.2190   -1.2226    0.2176
 1968 KMGIWGE  -14.9964  -16.2190   -1.2226    0.2176
 1969 KMGIWGE  -14.9964  -16.2190   -1.2226    0.2176
 1970 KMGIWGE  -14.9964  -16.2190   -1.2226    0.2176
 1971 KMGIWGE  -14.9964  -16.2190   -1.2226    0.2176
 1972 KMGIWGD  -14.9225  -15.8279   -0.9054    0.2176
 1973 KIGIWGE  -16.4525  -16.6662   -0.2137    0.2176
 1974 KIGIWGE  -16.4525  -16.6662   -0.2137    0.2176
 1975 KIGIWGE  -16.4525  -16.6662   -0.2137    0.2176
 1976 KIGIWGE  -16.4525  -16.6662   -0.2137    0.2176
 1977 KIGIWGD  -16.9080  -16.8046    0.1034    0.2176
 1978 KIGIWGD  -16.9080  -16.8046    0.1034    0.2176
 1979 KIGIWGD  -16.9080  -16.8046    0.1034    0.2176
 1980 KIGIWGD  -16.9080  -16.8046    0.1034    0.2176
 1981 KIGIWGD  -16.9080  -16.8046    0.1034    0.2176
 1982 KIGIWGD  -16.9080  -16.8046    0.1034    0.2176
 1983 KLGIWGD  -14.7488  -16.0751   -1.3263    0.2176
 1984 KLGIWGE  -14.2593  -15.9027   -1.6434    0.2176
 1985 KMGIWGE  -13.6274  -14.8500   -1.2226    0.2176
 1986 KMGIWGE  -13.6274  -14.8500   -1.2226    0.2176
 1987 RMGIWGD  -10.0673  -14.3367   -4.2694    0.2176
 1988 RMGIWGE   -9.6725  -14.2590   -4.5866    0.2176
 1989 RMGIWGE   -9.6725  -14.2590   -4.5866    0.2176
 1990 KVGMWGE   -8.9925  -11.5894   -2.5969    0.2176
 1991 KVGMEGW   -6.6102   -9.0956   -2.4854    0.2176
 1992 KVGEMGW   -7.2223   -9.7077   -2.4854    0.2176
 1993 KVGEMGW   -7.2223   -9.7077   -2.4854    0.2176
 1994 KVGEMGF   -5.8666   -9.2132   -3.3466    0.2176
 1995 RVGMEGF   -4.8690  -11.5796   -6.7106    0.2176
 1996 KVGMEGF   -6.2970   -9.6436   -3.3466    0.2176
 1997 KVGIEGF   -6.5378   -8.5155   -1.9777    0.2176
 1998 KIGIWGE  -13.1899  -13.4036   -0.2137    0.2176
 1999 KIGIWGE  -13.1899  -13.4036   -0.2137    0.2176
 2000 KIGIWGE  -13.1899  -13.4036   -0.2137    0.2176
 2001 KIGIWGE  -13.1899  -13.4036   -0.2137    0.2176
 2002 KIGIFGE  -12.2893  -13.0042   -0.7149    0.2176
 2003 KIGIFGE  -12.2893  -13.0042   -0.7149    0.2176
 2004 KIGIWGE  -13.1839  -13.3976   -0.2137    0.2176
 2005 KIGIWGE  -13.1839  -13.3976   -0.2137    0.2176
 2006 KIWIGGE  -13.0241  -13.4606   -0.4366    0.2176
 2007 KIWIGGD  -12.8923  -13.0117   -0.1194    0.2176
 2008 KIWIGGD  -12.8923  -13.0117   -0.1194    0.2176
 2009 KIWIGGD  -12.8923  -13.0117   -0.1194    0.2176
 2010 KIWIGGD  -12.8923  -13.0117   -0.1194    0.2176
 2011 KIWIGGD  -12.8923  -13.0117   -0.1194    0.2176
 2012 KIWIGGD  -14.4235  -14.5430   -0.1194    0.2176
 2013 KIWIGGD  -14.4235  -14.5430   -0.1194    0.2176
 2014 KIWIGGD  -14.4235  -14.5430   -0.1194    0.2176
 2015 KIWIGGD  -14.4235  -14.5430   -0.1194    0.2176
 2016 KIWIGGD  -14.4235  -14.5430   -0.1194    0.2176
 2017 KIWIGGD  -14.4235  -14.5430   -0.1194    0.2176
 2018 KIWIGGD  -14.4235  -14.5430   -0.1194    0.2176
 2019 KLIIGGD  -13.0447  -15.6793   -2.6346    0.2176
 2020 KIIIGGD  -16.1493  -16.9941   -0.8449    0.2176
 2021 KIIIGGD  -16.1493  -16.9941   -0.8449    0.2176
 2022 IIKIGGD  -16.0375  -16.7709   -0.7334    0.2176
 2023 IIKIGGD  -16.0375  -16.7709   -0.7334    0.2176
 2024 IIKIGGE  -15.5541  -16.6047   -1.0506    0.2176
 2025 KIIIGGD  -16.0677  -16.9125   -0.8449    0.2176
 2026 KIIIGGD  -16.0677  -16.9125   -0.8449    0.2176
 2027 KIIIGGD  -16.0677  -16.9125   -0.8449    0.2176
 2028 IIKIGGD  -16.9976  -17.7310   -0.7334    0.2176
 2029 IIKIGGD  -16.9976  -17.7310   -0.7334    0.2176
 2030 IIKIGGD  -16.9976  -17.7310   -0.7334    0.2176
 2031 KVIIGGD  -13.6065  -15.8257   -2.2191    0.2176
 2032 KVIIMGD  -15.3572  -15.7224   -0.3651    0.2176
 2033 KVIIMGD  -15.3572  -15.7224   -0.3651    0.2176
 2034 KVIVMGE  -15.3175  -15.9341   -0.6166    0.2176
 2035 KVIVMGE  -15.3175  -15.9341   -0.6166    0.2176
 2036 EVIVMGD  -11.9715  -13.0809   -1.1094    0.2176
 2037 EVIVMGD  -11.9715  -13.0809   -1.1094    0.2176
 2038 RMIVMGD  -12.2177  -15.8757   -3.6580    0.2176
 2039 RMIVMGD  -12.2177  -15.8757   -3.6580    0.2176
 2040 RMIVMGD  -12.2177  -15.8757   -3.6580    0.2176
 2041 RIMVIGD  -13.2628  -16.9919   -3.7291    0.2176
 2042 RMMIIGD  -13.7267  -17.5304   -3.8037    0.2176
 2043 RMMIIGD  -13.7267  -17.5304   -3.8037    0.2176
 2044 EMMIIGD  -13.5982  -14.8480   -1.2497    0.2176
 2045 DIMIMGD  -13.4615  -14.3941   -0.9326    0.2176
 2046 MIMIKGD  -15.7857  -16.2254   -0.4397    0.2176
 2047 MIMIKGE  -15.5077  -16.2646   -0.7569    0.2176
 2048 MIMIKGE  -15.5077  -16.2646   -0.7569    0.2176
 2049 MIMIKGE  -14.4916  -15.2485   -0.7569    0.2176
 2050 KIMIKGM  -10.3814  -11.4968   -1.1154    0.2176
 2051 KMIIDGM  -13.8591  -14.1874   -0.3283    0.2176
 2052 KMIIDGM  -13.8591  -14.1874   -0.3283    0.2176
 2053 KIMIVGD  -18.3564  -18.7215   -0.3651    0.2176
 2054 KIMIVGD  -18.3564  -18.7215   -0.3651    0.2176
 2055 KIMIVGD  -18.3564  -18.7215   -0.3651    0.2176
 2056 KIMIVGD  -18.3564  -18.7215   -0.3651    0.2176
 2057 KIMIVGD  -18.3564  -18.7215   -0.3651    0.2176
 2058 KIMIVGD  -18.3564  -18.7215   -0.3651    0.2176
 2059 MIKIVGD  -16.7982  -17.0519   -0.2537    0.2176
 2060 MIKIVGD  -16.7982  -17.0519   -0.2537    0.2176
 2061 KIMIVGE  -17.5402  -18.2224   -0.6823    0.2176
 2062 KMIIVGE  -16.1091  -16.7914   -0.6823    0.2176
 2063 KMIIVGE  -16.1091  -16.7914   -0.6823    0.2176
 2064 IMKIVGE  -15.7664  -16.3372   -0.5709    0.2176
 2065 IMKIVGE  -15.7664  -16.3372   -0.5709    0.2176
 2066 IMKIVGE  -15.7664  -16.3372   -0.5709    0.2176
 2067 IMKIVGE  -15.7664  -16.3372   -0.5709    0.2176
 2068 IIKIVGE  -15.5488  -17.8708   -2.3220    0.2176
 2069 MIKIVGE  -16.7153  -17.2861   -0.5709    0.2176
 2070 MIKIVGE  -16.7153  -17.2861   -0.5709    0.2176
 2071 MIKIVGE  -16.7153  -17.2861   -0.5709    0.2176
 2072 MIKIVGE  -16.7153  -17.2861   -0.5709    0.2176
 2073 MIKIVGE  -16.7153  -17.2861   -0.5709    0.2176
 2074 MIKIVGE  -16.7153  -17.2861   -0.5709    0.2176
 2075 MIKIVGE  -16.7153  -17.2861   -0.5709    0.2176
 2076 MIKIVGE  -16.7153  -17.2861   -0.5709    0.2176
 2077 VIKIMGE  -18.2796  -18.8505   -0.5709    0.2176
 2078 VIKIMGE  -18.2796  -18.8505   -0.5709    0.2176
 2079 VIKIMGE  -18.2796  -18.8505   -0.5709    0.2176
 2080 VIKIMGE  -18.2796  -18.8505   -0.5709    0.2176
 2081 VIKIMGE  -18.2796  -18.8505   -0.5709    0.2176
 2082 VIKIMGE  -18.2796  -18.8505   -0.5709    0.2176
 2083 VIKIMGE  -18.2796  -18.8505   -0.5709    0.2176
 2084 VIKIMGE  -18.2796  -18.8505   -0.5709    0.2176
 2085 VIKIMGE  -18.2796  -18.8505   -0.5709    0.2176
 2086 MVKIMGE  -16.0087  -16.5084   -0.4997    0.2176
 2087 MVKIVGE  -16.0020  -16.5072   -0.5051    0.2176
 2088 MVKIMGE  -15.8438  -16.3435   -0.4997    0.2176
 2089 VVKIMGE  -17.2491  -17.7542   -0.5051    0.2176
 2090 VVKIMGE  -17.2491  -17.7542   -0.5051    0.2176
 2091 VVKIVGE  -17.5012  -18.0118   -0.5106    0.2176
 2092 VVKIVGE  -17.5012  -18.0118   -0.5106    0.2176
 2093 VIKIVGE  -16.6880  -17.1843   -0.4963    0.2176
 2094 VIKIVGE  -16.6880  -17.1843   -0.4963    0.2176
 2095 MIKIVGE  -14.9888  -15.5597   -0.5709    0.2176
 2096 VVKIIGD  -14.0367  -14.2159   -0.1791    0.2176
 2097 VVKIIGD  -14.0367  -14.2159   -0.1791    0.2176
 2098 VMKIIGD  -13.7424  -13.9962   -0.2537    0.2176
 2099 VKMIIGD  -11.8456  -12.0993   -0.2537    0.2176
 2100 IKMVIGD  -12.3184  -12.5721   -0.2537    0.2176
 2101 IKMVIGD  -13.1778  -13.4315   -0.2537    0.2176
 2102 IIDVKGM  -11.7011  -11.8434   -0.1423    0.2176
 2103 KIDVIGM  -13.5746  -13.7169   -0.1423    0.2176
 2104 KIDVIGM  -13.5746  -13.7169   -0.1423    0.2176
 2105 KIMIVGD  -16.1177  -16.4829   -0.3651    0.2176
 2106 MIDIVGD  -11.6726  -12.4192   -0.7466    0.2176
 2107 DIMIVGR  -11.9856  -15.7148   -3.7291    0.2176
 2108 KIMVIGE  -15.1329  -15.8152   -0.6823    0.2176
 2109 KMLVIGE  -14.3480  -16.2600   -1.9120    0.2176
 2110 KVLVIGE  -13.7916  -15.6290   -1.8374    0.2176
 2111 DVLVIGE  -10.4515  -12.7817   -2.3303    0.2176
 2112 DFLVIGE   -6.9563  -10.8080   -3.8517    0.2176
 2113 DFVVIGR   -8.7082  -12.0585   -3.3503    0.2176
 2114 DMVVIGR   -9.7120  -13.3754   -3.6634    0.2176
 2115 DMVVIGR   -9.7790  -13.4424   -3.6634    0.2822
 2116 KMVVIGD  -11.9920  -12.2915   -0.2994    0.2822
 2117 KIVVVGE  -15.4918  -16.1138   -0.6220    0.2822
 2118 KIVVVGD  -15.3978  -15.7026   -0.3049    0.2822
 2119 VKIVVGD  -15.1221  -15.3156   -0.1934    0.2822
 2120 VDIVVGD  -12.6201  -13.3064   -0.6863    0.2822
 2121 VDIVVGD  -12.6201  -13.3064   -0.6863    0.2822
 2122 VDIVVGK  -11.0558  -11.2492   -0.1934    0.2822
 2123 VKIVVGD  -11.8193  -12.0128   -0.1934    0.2822
 2124 VVIDVGD  -12.3012  -12.9875   -0.6863    0.2822
 2125 VVIEVGD  -13.8789  -14.8823   -1.0034    0.2822
 2126 VVEIIGD  -13.3984  -14.3876   -0.9891    0.2822
 2127 VVEIIGD  -13.3984  -14.3876   -0.9891    0.2822
 2128 VVEIIGD  -13.3984  -14.3876   -0.9891    0.2822
 2129 VVEIIGK  -12.5385  -13.0347   -0.4963    0.2822
 2130 VIEVIGK  -11.9573  -12.4536   -0.4963    0.2822
 2131 VGIVIED  -11.8583  -12.9589   -1.1006    0.2822
 2132 VGIVVED  -12.4373  -13.5522   -1.1149    0.2822
 2133 EDIVIVG   -8.5446   -9.7566   -1.2120    0.2822
 2134 KDIVIVG  -12.0244  -12.4264   -0.4020    0.2822
 2135 IDVIVKG  -14.0089  -14.1880   -0.1791    0.2822
 2136 IDIVMKG  -13.1232  -13.3769   -0.2537    0.2822
 2137 IDIVMKG  -13.1232  -13.3769   -0.2537    0.2822
 2138 IDIVMKG  -13.1232  -13.3769   -0.2537    0.2822
 2139 IDFVMKG  -11.0161  -10.9655    0.0506    0.2822
 2140 IDFVMKG  -11.0161  -10.9655    0.0506    0.2822
 2141 MDVIFKG   -8.3490   -8.2985    0.0506    0.2822
 2142 MDKIFVG   -8.4043   -8.4652   -0.0609    0.2822
 2143 MDKIFVG   -8.4043   -8.4652   -0.0609    0.2822
 2144 FDMIGKG   -8.5706  -10.3372   -1.7666    0.2822
 2145 FDMIGKG   -8.5706  -10.3372   -1.7666    0.2822
 2146 FEIIGKG   -5.9988   -6.7136   -0.7149    0.2822
 2147 FDIIGKG   -7.5013   -7.8990   -0.3977    0.2822
 2148 FDFIGKG   -8.4759   -8.6493   -0.1734    0.2822
 2149 FDFIGKG   -8.4759   -8.6493   -0.1734    0.2822
 2150 FDFIGKG   -8.4759   -8.6493   -0.1734    0.2822
 2151 VDFIGKG   -7.9054   -9.6774   -1.7720    0.2822
 2152 FDWIGKG   -7.5828   -7.1751    0.4077    0.2822
 2153 WDFIGKG   -7.7045   -7.2968    0.4077    0.2822
 2154 WDFIGKG   -7.7045   -7.2968    0.4077    0.2822
 2155 VDFIGKG   -7.8903   -9.6623   -1.7720    0.2822
 2156 VDFIGKG   -7.8903   -9.6623   -1.7720    0.2822
 2157 VDFIGKG   -7.8903   -9.6623   -1.7720    0.2822
 2158 IDFVGKG   -8.2565  -10.0285   -1.7720    0.2822
 2159 IDFIGKG   -9.2535   -9.6512   -0.3977    0.2822
 2160 IDWIGKG  -10.1801  -10.0767    0.1034    0.2822
 2161 IDWIGKG  -10.1801  -10.0767    0.1034    0.2822
 2162 IDFIGKG  -10.5788  -10.9766   -0.3977    0.2822
 2163 IDGIFDG   -7.0924   -7.9830   -0.8906    0.2822
 2164 IKGIFDG   -6.6742   -7.0720   -0.3977    0.2822
 2165 IKGIVDG   -6.3222   -8.3185   -1.9963    0.2822
 2166 IKGIVDG   -6.3222   -8.3185   -1.9963    0.2822
 2167 IDGIVDG   -5.9748   -8.4640   -2.4891    0.2822
 2168 IDGIFDG   -6.1746   -7.0652   -0.8906    0.2822
 2169 IDGIFKG   -6.4751   -6.8728   -0.3977    0.2822
 2170 IDGIFKG   -6.4532   -6.8509   -0.3977    0.2822
 2171 IDWIGKG   -8.3521   -8.2487    0.1034    0.2822
 2172 IDIVGKG   -7.7012   -9.6974   -1.9963    0.2822
 2173 IDIVGKG   -7.7012   -9.6974   -1.9963    0.2822
 2174 IDIVGKG   -7.7012   -9.6974   -1.9963    0.2822
 2175 IDIVGEG   -6.8957   -9.7020   -2.8063    0.2822
 2176 LEIVGEG   -7.1304  -12.0435   -4.9131    0.2822
 2177 LDIIGEG   -7.5263  -10.7480   -3.2217    0.2822
 2178 IKLIGEG   -9.5631  -12.2919   -2.7289    0.2822
 2179 IKLIGEG   -9.5631  -12.2919   -2.7289    0.2822
 2180 FKLIGEG   -9.4245  -11.9290   -2.5046    0.2822
 2181 FKLIGEG   -9.4245  -11.9290   -2.5046    0.2822
 2182 FKLIGEG   -9.4245  -11.9290   -2.5046    0.2822
 2183 IELIGEG   -8.7452  -12.2841   -3.5389    0.2822
 2184 IEMIGEG   -9.3131  -12.4311   -3.1180    0.2822
 2185 IELIGEG   -8.7416  -12.2804   -3.5389    0.2822
 2186 IEVIGDG   -9.2034  -12.0097   -2.8063    0.2822
 2187 IDYIGEG   -7.5501  -11.1773   -3.6271    0.2822
 2188 WDMIGEG   -6.6687   -8.3841   -1.7154    0.2822
 2189 WDFVGEG   -5.2455   -6.7421   -1.4966    0.2822
 2190 WDFVGEG   -5.2455   -6.7421   -1.4966    0.2822
 2191 FKWVGEG   -7.0765   -8.0802   -1.0037    0.2822
 2192 WKVVGDG   -6.0696   -8.3547   -2.2851    0.2822
 2193 WRVVGDG   -6.0995  -11.7487   -5.6491    0.2822
 2194 WEIVGDG   -6.5132   -8.2341   -1.7209    0.2822
 2195 WEIVGDG   -6.5132   -8.2341   -1.7209    0.2822
 2196 VRIVGDG   -2.7024   -9.4370   -6.7346    0.2822
 2197 IDWVGDG   -6.2071   -7.6109   -1.4037    0.2822
 2198 VDWIGDG   -5.4868   -6.8905   -1.4037    0.2822
 2199 IDWVGDG   -6.1421   -7.5458   -1.4037    0.2822
 2200 IDWVGEG   -6.9353   -8.6562   -1.7209    0.2822
 2201 IKWVGEG   -8.2482   -9.4762   -1.2280    0.2822
 2202 IKGVWEG   -8.6010   -9.8290   -1.2280    0.2822
 2203 KIGIWEG  -12.3177  -12.5314   -0.2137    0.2822
 2204 KIGIWDG  -14.1005  -13.9971    0.1034    0.2822
 2205 KIGIWDG  -14.1005  -13.9971    0.1034    0.2822
 2206 KMGVWDG  -11.7807  -14.0604   -2.2797    0.2822
 2207 KMGVWDG  -11.7807  -14.0604   -2.2797    0.2822
 2208 KMGVWDG  -11.7807  -14.0604   -2.2797    0.2822
 2209 KMGVWDG  -11.7807  -14.0604   -2.2797    0.2822
 2210 DVGVWDG   -8.6864  -11.4644   -2.7780    0.2822
 2211 KVGVWDG  -13.1964  -15.4815   -2.2851    0.2822
 2212 KLGVWDG  -13.1007  -15.8013   -2.7006    0.2822
 2213 KLGVWDG  -13.1007  -15.8013   -2.7006    0.2822
 2214 KLGVWDG  -13.1007  -15.8013   -2.7006    0.2822
 2215 KLGVWDG  -13.1007  -15.8013   -2.7006    0.2822
 2216 KLGVWDG  -13.1007  -15.8013   -2.7006    0.2822
 2217 KFGVWDG  -13.0141  -13.7007   -0.6866    0.2822
 2218 KFGVWDG  -13.0141  -13.7007   -0.6866    0.2822
 2219 KFGVWDG  -13.0141  -13.7007   -0.6866    0.2822
 2220 KLGVWDG  -11.4401  -14.1407   -2.7006    0.2822
 2221 DLGVWDG   -7.0304  -10.2238   -3.1934    0.2822
 2222 DLGVWDG   -7.0304  -10.2238   -3.1934    0.2822
 2223 DLGVWDG   -7.0304  -10.2238   -3.1934    0.2822
 2224 EFGVWEG   -8.3606  -10.1743   -1.8137    0.2822
 2225 EFGVWEG   -8.3606  -10.1743   -1.8137    0.2822
 2226 EFGVWDG   -9.9340  -11.4306   -1.4966    0.2822
 2227 EFGVWDG   -9.9340  -11.4306   -1.4966    0.2822
 2228 EFGVWDG   -9.9340  -11.4306   -1.4966    0.2822
 2229 EFGVWDG   -9.9340  -11.4306   -1.4966    0.2822
 2230 EFGVWEG   -8.6725  -10.4862   -1.8137    0.2822
 2231 EFGVWDG   -9.8852  -11.3817   -1.4966    0.2822
 2232 EFGVWDG   -9.8852  -11.3817   -1.4966    0.2822
 2233 EFGVWKG   -8.7224   -9.7261   -1.0037    0.2822
 2234 WFGVEKG   -8.1327   -9.2478   -1.1151    0.2822
 2235 WFGVEKG   -8.1327   -9.2478   -1.1151    0.2822
 2236 WFGIEKG   -6.2175   -6.2384   -0.0209    0.2822
 2237 WFGIEKG   -6.2175   -6.2384   -0.0209    0.2822
 2238 WFGIEKG   -6.2175   -6.2384   -0.0209    0.2822
 2239 EFWIGKG   -7.3383   -7.3591   -0.0209    0.2822
 2240 IFWKGDG   -6.4214   -6.1251    0.2963    0.2822
 2241 IFWDGDG   -8.3167   -8.5133   -0.1966    0.2822
 2242 IFWDGDG   -8.3167   -8.5133   -0.1966    0.2822
 2243 IFWDGDG   -8.3167   -8.5133   -0.1966    0.2822
 2244 IFWDGDG   -8.3167   -8.5133   -0.1966    0.2822
 2245 IFGDWDG   -8.3418   -8.4269   -0.0851    0.2822
 2246 IFGEWEG   -8.9138   -9.6332   -0.7194    0.2822
 2247 IFGDWEG   -8.2295   -8.6317   -0.4023    0.2822
 2248 IFGDWEG   -8.2295   -8.6317   -0.4023    0.2822
 2249 IFGDWDG   -8.8635   -8.9486   -0.0851    0.2822
 2250 IDGFWDG   -9.0519   -9.1370   -0.0851    0.2822
 2251 IKGFWDG   -9.3791   -8.9714    0.4077    0.2822
 2252 IKGFWDG   -9.3791   -8.9714    0.4077    0.2822
 2253 EIGFWDG   -8.3056   -8.7079   -0.4023    0.2822
 2254 IEGFWDG   -9.3737   -9.7760   -0.4023    0.2822
 2255 IEGFWDG   -9.3737   -9.7760   -0.4023    0.2822
 2256 IKGFWDG  -11.4537  -11.0460    0.4077    0.2822
 2257 IKGFWDG  -11.4537  -11.0460    0.4077    0.2822
 2258 IKGFWDG  -11.4537  -11.0460    0.4077    0.2822
 2259 IKGFWDG  -11.4537  -11.0460    0.4077    0.2822
 2260 IKGFWDG  -11.4537  -11.0460    0.4077    0.2822
 2261 IKGFWDG  -11.4537  -11.0460    0.4077    0.2822
 2262 KIGFWDG  -11.9281  -11.5204    0.4077    0.2822
 2263 KIGMWDG  -10.9355  -11.8409   -0.9054    0.2822
 2264 KMGMWDG  -11.7042  -13.9785   -2.2743    0.2822
 2265 KMGMWDG  -11.7042  -13.9785   -2.2743    0.2822
 2266 KMGMWEG  -11.2494  -13.8408   -2.5914    0.2822
 2267 KMGMWEG  -11.2494  -13.8408   -2.5914    0.2822
 2268 KMGMWEG  -11.2494  -13.8408   -2.5914    0.2822
 2269 KMGMWEG  -11.2494  -13.8408   -2.5914    0.2822
 2270 KMGMWEG  -11.2494  -13.8408   -2.5914    0.2822
 2271 KMGMWEG  -11.2494  -13.8408   -2.5914    0.2822
 2272 KMGVWEG  -12.1802  -14.7771   -2.5969    0.2822
 2273 KMGVWDG  -12.7946  -15.0743   -2.2797    0.2822
 2274 KMGVWDG  -12.7946  -15.0743   -2.2797    0.2822
 2275 KMGVWDG  -12.7946  -15.0743   -2.2797    0.2822
 2276 KMGVWDG  -12.7946  -15.0743   -2.2797    0.2822
 2277 KMGVWDG  -12.7946  -15.0743   -2.2797    0.2822
 2278 KMGVWDG  -12.7946  -15.0743   -2.2797    0.2822
 2279 KMGMWDG   -9.7876  -12.0619   -2.2743    0.2822
 2280 KMGMWDG   -9.7876  -12.0619   -2.2743    0.2822
 2281 KMGMWDG   -9.7876  -12.0619   -2.2743    0.2822
 2282 RMGMWDG   -5.5021  -11.1404   -5.6383    0.2822
 2283 DMGMWDM   -5.0838   -5.3970   -0.3131    0.2822
 2284 KMGMWDM  -10.3485  -10.1688    0.1797    0.2822
 2285 KMGMWDM  -10.3485  -10.1688    0.1797    0.2822
 2286 MMGMWEK   -5.2068   -5.5671   -0.3603    0.2822
 2287 MMGEWMK   -5.6115   -5.8603   -0.2489    0.2822
 2288 MMGEWDM   -6.8983   -7.5286   -0.6303    0.2822
 2289 IMGEWDG   -8.1026   -9.8181   -1.7154    0.2822
 2290 IEGMWDG   -7.0526   -8.7680   -1.7154    0.2822
 2291 MEGMWDG   -5.8393   -8.9236   -3.0843    0.2822
 2292 EMGIWDG   -3.0933   -4.8087   -1.7154    0.2822
 2293 MEGIWDG   -4.1978   -5.9132   -1.7154    0.2822
 2294 IKGIWDG   -8.1163   -8.0129    0.1034    0.2822
 2295 IKGAWDG   -7.4226  -11.6095   -4.1869    0.2822
 2296 IKGAWDG   -7.4226  -11.6095   -4.1869    0.2822
 2297 IKGAWDG   -7.4226  -11.6095   -4.1869    0.2822
 2298 IKGAWDG   -7.4226  -11.6095   -4.1869    0.2822
 2299 IKGAWDG   -7.4226  -11.6095   -4.1869    0.2822
 2300 IKGMWDG   -9.6482  -10.5537   -0.9054    0.2822
 2301 IKGMWDG   -9.6482  -10.5537   -0.9054    0.2822
 2302 IKGVWDG  -12.1843  -13.0951   -0.9109    0.2822
 2303 IKGVWDG  -12.3613  -13.2722   -0.9109    0.2822
 2304 KVGIWDG  -12.7258  -13.6366   -0.9109    0.2822
 2305 KMGIWDG  -14.2694  -15.1749   -0.9054    0.2822
 2306 KMGIWDG  -14.2694  -15.1749   -0.9054    0.2822
 2307 KMGIWDG  -14.2694  -15.1749   -0.9054    0.2822
 2308 KMGIWDG  -14.2694  -15.1749   -0.9054    0.2822
 2309 KMGIWDG  -14.2694  -15.1749   -0.9054    0.2822
 2310 KMGIWDG  -14.2694  -15.1749   -0.9054    0.2822
 2311 KMGIWDG  -14.2694  -15.1749   -0.9054    0.2822
 2312 KMGIWDG  -14.2694  -15.1749   -0.9054    0.2822
 2313 KMGIWDG  -14.2694  -15.1749   -0.9054    0.2822
 2314 KMGIWEG  -12.3456  -13.5682   -1.2226    0.2822
 2315 KMGIWEG  -12.3456  -13.5682   -1.2226    0.2822
 2316 KMGIWEG  -12.3292  -13.5518   -1.2226    0.1480
 2317 KMGIWEG  -12.3292  -13.5518   -1.2226    0.1480
 2318 KMGIWEG  -12.3292  -13.5518   -1.2226    0.1480
 2319 EMGIWEG   -9.6901  -11.7227   -2.0326    0.1480
 2320 EMGIWEG   -9.6901  -11.7227   -2.0326    0.1480
 2321 EMGIWKG   -9.2518  -10.4744   -1.2226    0.1480
 2322 KIGIWEG  -10.8574  -11.0711   -0.2137    0.1480
 2323 KIGIWEG  -10.8574  -11.0711   -0.2137    0.1480
 2324 EIGIWKG   -9.1523   -9.3660   -0.2137    0.1480
 2325 EIGIWKG   -9.1523   -9.3660   -0.2137    0.1480
 2326 DIWIGEG   -8.6759   -9.4939   -0.8180    0.1480
 2327 DIWIGEG   -8.6759   -9.4939   -0.8180    0.1480
 2328 DIWIGEG   -8.6759   -9.4939   -0.8180    0.1480
 2329 GIWIGED   -8.9044   -9.8339   -0.9294    0.1480
 2330 GIWIGEE   -8.7601  -10.0067   -1.2466    0.1480
 2331 GIWIGED   -8.9533   -9.8827   -0.9294    0.1480
 2332 GIWIGEE   -8.6713   -9.9179   -1.2466    0.1480
 2333 GIWIGKE   -7.6907   -8.1273   -0.4366    0.1480
 2334 GIWIGKD   -8.1047   -8.2241   -0.1194    0.1480
 2335 GIWIGKD   -8.1047   -8.2241   -0.1194    0.1480
 2336 GIIDGEW   -5.1265   -5.8331   -0.7066    0.1480
 2337 GIIEGEW   -6.2164   -7.2401   -1.0237    0.1480
 2338 GIIEGEW   -6.2164   -7.2401   -1.0237    0.1480
 2339 GIEIGEW   -5.8036   -6.7159   -0.9123    0.1480
 2340 GIEIGEW   -5.8036   -6.7159   -0.9123    0.1480
 2341 GIEIEGI   -3.3214   -4.9592   -1.6377    0.1480
 2342 GEIIEGI   -7.5049   -9.2541   -1.7491    0.1480
 2343 GEIIKGI   -9.7291  -10.6683   -0.9391    0.1480
 2344 GEIVKGY   -6.4284  -10.9370   -4.5086    0.1480
 2345 GIIVKGD  -12.7021  -14.8098   -2.1077    0.1480
 2346 GVKIIGD  -12.6295  -14.6258   -1.9963    0.1480
 2347 GVKIIGD  -12.6295  -14.6258   -1.9963    0.1480
 2348 GVKIIGE  -12.1037  -14.4171   -2.3134    0.1480
 2349 GMEIIGK   -9.9585  -12.2665   -2.3080    0.1480
 2350 GIKIMGD  -12.4020  -14.3929   -1.9909    0.1480
 2351 GIKIMGD  -12.4020  -14.3929   -1.9909    0.1480
 2352 GIKIMGD  -12.4020  -14.3929   -1.9909    0.1480
 2353 GIKIMGD  -12.4020  -14.3929   -1.9909    0.1480
 2354 GIKIMGD  -12.4020  -14.3929   -1.9909    0.1480
 2355 GIKIMGD  -12.4020  -14.3929   -1.9909    0.1480
 2356 GIRIMGD  -11.1216  -16.4765   -5.3549    0.1480
 2357 GIMVRGD   -7.5873  -14.4279   -6.8406    0.1480
 2358 GIMIRGD   -8.7178  -14.1841   -5.4663    0.1480
 2359 GIMIRGD   -8.7178  -14.1841   -5.4663    0.1480
 2360 GIMIEGD   -9.2832  -12.1955   -2.9123    0.1480
 2361 GIMIKGD  -10.7684  -12.8707   -2.1023    0.1480
 2362 GIMIKGD  -10.7684  -12.8707   -2.1023    0.1480
 2363 GIMIEGD   -9.6147  -12.5270   -2.9123    0.1480
 2364 GIMIEGK  -10.2248  -12.6443   -2.4194    0.1480
 2365 GIMIEGK  -10.2248  -12.6443   -2.4194    0.1480
 2366 GIMIEGK   -9.0483  -11.4677   -2.4194    0.1480
 2367 GIMIEGR   -6.3374  -12.1208   -5.7834    0.1480
 2368 GILIEGR   -7.3929  -13.5972   -6.2043    0.1480
 2369 GIVIEGR   -7.4314  -13.2202   -5.7889    0.1480
 2370 GIVIDGE  -10.0765  -12.9942   -2.9177    0.1480
 2371 GIIVEGD  -10.5270  -13.4447   -2.9177    0.1480
 2372 GIIVEGD  -10.5270  -13.4447   -2.9177    0.1480
 2373 GMIIEGD   -9.4366  -12.3489   -2.9123    0.1480
 2374 GIEIMGE   -9.3562  -12.4742   -3.1180    0.1480
 2375 GIEIMGE   -9.3562  -12.4742   -3.1180    0.1480
 2376 GIVIEGE  -10.8290  -14.0638   -3.2349    0.1480
 2377 GIVVKGD  -11.1775  -14.6595   -3.4820    0.1480
 2378 GVIVKGD  -10.4946  -13.9766   -3.4820    0.1480
 2379 GVIVKGD  -10.4946  -13.9766   -3.4820    0.1480
 2380 GVIVKGD  -10.4946  -13.9766   -3.4820    0.1480
 2381 GVIVKGD  -10.4946  -13.9766   -3.4820    0.1480
 2382 GVIVKGE  -10.3190  -14.1181   -3.7991    0.1480
 2383 GEIVKGW  -11.6094  -12.8374   -1.2280    0.1480
 2384 GGIVKEW  -10.4538  -11.9046   -1.4509    0.1480
 2385 GGIVKWE  -10.6496  -11.9891   -1.3394    0.1480
 2386 GGKVMWE   -9.3999  -12.2196   -2.8197    0.1480
 2387 GGKVMWE   -9.3999  -12.2196   -2.8197    0.1480
 2388 GGKVMWE   -9.3999  -12.2196   -2.8197    0.1480
 2389 GGKVVWE   -8.8072  -11.6324   -2.8251    0.1480
 2390 GGKIVWE  -10.9798  -12.4306   -1.4509    0.1480
 2391 GGKIVWE  -10.9798  -12.4306   -1.4509    0.1480
 2392 GGKIVWE  -10.9798  -12.4306   -1.4509    0.1480
 2393 GGKIVWE  -13.2291  -14.6800   -1.4509    0.1480
 2394 GGKIVWD  -13.1925  -14.3262   -1.1337    0.1480
 2395 GGKIVWD  -13.1925  -14.3262   -1.1337    0.1480
 2396 GGKIVWD  -13.1925  -14.3262   -1.1337    0.1480
 2397 GGKIVWD  -13.1925  -14.3262   -1.1337    0.1480
 2398 GGKIVWD  -13.1925  -14.3262   -1.1337    0.1480
 2399 GGKIVWE  -13.1583  -14.6092   -1.4509    0.1480
 2400 GGKIVWE  -13.1583  -14.6092   -1.4509    0.1480
 2401 GGKIVWE  -13.1583  -14.6092   -1.4509    0.1480
 2402 GGKIVWE  -13.1583  -14.6092   -1.4509    0.1480
 2403 GGKIVWE  -13.1583  -14.6092   -1.4509    0.1480
 2404 GGKIVWE  -13.1583  -14.6092   -1.4509    0.1480
 2405 GGKIMWE  -12.3148  -13.7602   -1.4454    0.1480
 2406 GGKIMWE  -12.3148  -13.7602   -1.4454    0.1480
 2407 GGKIEWM   -9.8579  -11.1919   -1.3340    0.1480
 2408 GGKIEIM   -6.5879   -9.0074   -2.4194    0.1480
 2409 GIKIMGE  -14.4448  -16.7528   -2.3080    0.1480
 2410 GIKIMGE  -14.4448  -16.7528   -2.3080    0.1480
 2411 GIKIMGE  -14.4448  -16.7528   -2.3080    0.1480
 2412 GIKIMGE  -14.3412  -16.6492   -2.3080    0.1480
 2413 GIKIMGE  -14.3412  -16.6492   -2.3080    0.1480
 2414 GIKIMGD  -14.3872  -16.3781   -1.9909    0.1480
 2415 GIKIMGD  -14.3872  -16.3781   -1.9909    0.1480
 2416 GIKIMGD  -14.3872  -16.3781   -1.9909    0.1480
 2417 GIKIMGD  -14.3872  -16.3781   -1.9909    0.1480
 2418 GIKIMGD  -14.3872  -16.3781   -1.9909    0.1480
 2419 GIKIEGM  -13.5466  -15.7432   -2.1966    0.1480
 2420 GIKIEGI  -14.7462  -15.5739   -0.8277    0.1480
 2421 GIIIEGK  -13.4326  -14.4831   -1.0506    0.1480
 2422 GIIIDGK  -12.5208  -13.2542   -0.7334    0.1480
 2423 GIIIDGK  -12.5208  -13.2542   -0.7334    0.1480
 2424 GIIIDGK  -12.5208  -13.2542   -0.7334    0.1480
 2425 GIIIDGK  -12.5208  -13.2542   -0.7334    0.1480
 2426 GIEIKGI  -12.3917  -13.2194   -0.8277    0.1480
 2427 VIEIKGG  -13.7934  -16.2183   -2.4249    0.1480
 2428 VIEIKGG  -13.7934  -16.2183   -2.4249    0.1480
 2429 VIEIKGG  -13.7934  -16.2183   -2.4249    0.1480
 2430 VIKIEGG  -15.8336  -18.2585   -2.4249    0.1480
 2431 VIKIEGG  -15.8336  -18.2585   -2.4249    0.1480
 2432 KIVIEGG  -16.8512  -19.3875   -2.5363    0.1480
 2433 KIVIEGG  -16.8512  -19.3875   -2.5363    0.1480
 2434 KIVIEGG  -16.8512  -19.3875   -2.5363    0.1480
 2435 KIVIEGG  -16.8512  -19.3875   -2.5363    0.1480
 2436 RIVIEGG  -13.4304  -19.3307   -5.9003    0.1480
 2437 RIVIEGG  -13.4304  -19.3307   -5.9003    0.1480
 2438 RIVIEGG  -13.4304  -19.3307   -5.9003    0.1480
 2439 RIVIEGG  -13.4304  -19.3307   -5.9003    0.1480
 2440 RIVIEGG  -13.4304  -19.3307   -5.9003    0.1480
 2441 RIVIEGG  -13.4304  -19.3307   -5.9003    0.1480
 2442 RIVIEGG  -13.4304  -19.3307   -5.9003    0.1480
 2443 RIVIEGG  -13.4304  -19.3307   -5.9003    0.1480
 2444 KIIIEGG  -17.6344  -18.7964   -1.1620    0.1480
 2445 KIIIEGG  -17.6344  -18.7964   -1.1620    0.1480
 2446 KIIIEGG  -17.6344  -18.7964   -1.1620    0.1480
 2447 KIIIEGG  -17.6344  -18.7964   -1.1620    0.1480
 2448 KIIIEGG  -17.6344  -18.7964   -1.1620    0.1480
 2449 KIIIEGG  -17.6344  -18.7964   -1.1620    0.1480
 2450 KIIIDGG  -16.4355  -17.2804   -0.8449    0.1480
 2451 IIKIDGG  -16.9991  -17.7325   -0.7334    0.1480
 2452 IKIIEGG  -14.5696  -15.6202   -1.0506    0.1480
 2453 IKIIEGG  -14.5696  -15.6202   -1.0506    0.1480
 2454 IEIIKGG  -14.2731  -15.3237   -1.0506    0.1480
 2455 IEIIKGG  -14.5004  -15.5510   -1.0506    0.1480
 2456 IEIIKGG  -14.5004  -15.5510   -1.0506    0.1480
 2457 IKIIEGG  -12.4520  -13.5026   -1.0506    0.1480
 2458 IKIIEGG  -12.4520  -13.5026   -1.0506    0.1480
 2459 IKIIEGG  -12.4520  -13.5026   -1.0506    0.1480
 2460 IGIIEDG  -12.0741  -13.6175   -1.5434    0.1480
 2461 IGIIEDG  -12.0741  -13.6175   -1.5434    0.1480
 2462 IGIIEDG  -12.0741  -13.6175   -1.5434    0.1480
 2463 IGIIEDG  -12.0741  -13.6175   -1.5434    0.1480
 2464 IGIIEKG  -14.0900  -15.1406   -1.0506    0.1480
 2465 IGIIEKG  -14.0900  -15.1406   -1.0506    0.1480
 2466 EGIIIKG  -10.9082  -11.9588   -1.0506    0.1480
 2467 IKEIMGG  -10.6319  -13.1628   -2.5309    0.1480
 2468 IKEIMGG  -10.6319  -13.1628   -2.5309    0.1480
 2469 IREIMGG   -6.8162  -12.7111   -5.8949    0.1480
 2470 RIEIMGG  -10.0397  -15.8232   -5.7834    0.1480
 2471 EIEIMGG  -10.9078  -14.1372   -3.2294    0.1480
 2472 EIEIVGG  -11.0860  -14.3208   -3.2349    0.1480
 2473 EIVIEGG  -11.3780  -14.7243   -3.3463    0.1480
 2474 EMVIKGG  -12.1796  -16.0848   -3.9051    0.1480
 2475 EMVIKGG  -12.1796  -16.0848   -3.9051    0.1480
 2476 EMIIKGG  -11.9804  -14.5113   -2.5309    0.1480
 2477 ILEIKGG  -12.1276  -14.9679   -2.8403    0.1480
 2478 ILDIKGG  -10.6365  -13.1597   -2.5231    0.1480
 2479 LIDIKGG  -11.9058  -14.4289   -2.5231    0.1480
 2480 LIDIRGG   -9.6591  -15.5463   -5.8871    0.1480
 2481 RIEILGG   -9.3187  -15.5229   -6.2043    0.1480
 2482 LIEIRGG   -9.7864  -15.9907   -6.2043    0.1480
 2483 LREIVGG   -5.9499  -13.6399   -7.6900    0.1480
 2484 LREIVGG   -5.9499  -13.6399   -7.6900    0.1480
 2485 LEEVIGG   -7.0530  -12.1890   -5.1360    0.1480
 2486 LGKVIEG   -9.3811  -13.4842   -4.1031    0.1480
 2487 IGKVIEG  -11.0531  -13.3666   -2.3134    0.1480
 2488 IGKWIEG   -6.6741   -6.8878   -0.2137    0.1480
 2489 IGKWIDG   -7.8293   -7.7258    0.1034    0.1480
 2490 IGKWIDG   -7.8293   -7.7258    0.1034    0.1480
 2491 IGKWIDG   -7.8293   -7.7258    0.1034    0.1480
 2492 IGKWIDG   -7.8293   -7.7258    0.1034    0.1480
 2493 IGKWIDG   -7.8293   -7.7258    0.1034    0.1480
 2494 IGKWIDG   -7.8293   -7.7258    0.1034    0.1480
 2495 IGKWVDG   -7.1001   -8.0110   -0.9109    0.1480
 2496 VGKDIWG   -9.9231  -10.9454   -1.0223    0.1480
 2497 VGKEIWG  -10.8659  -12.2053   -1.3394    0.1480
 2498 VGKEIWG  -10.8659  -12.2053   -1.3394    0.1480
 2499 VGKEIWG  -10.8659  -12.2053   -1.3394    0.1480
 2500 VGKEIWG  -10.8659  -12.2053   -1.3394    0.1480
 2501 KGVEIWG  -11.9392  -13.1672   -1.2280    0.1480
 2502 KGEVIWG  -12.2870  -13.6264   -1.3394    0.1480
 2503 KGEVIWG  -12.2870  -13.6264   -1.3394    0.1480
 2504 KGEVIWG  -12.2870  -13.6264   -1.3394    0.1480
 2505 KGEVIWG  -12.2870  -13.6264   -1.3394    0.1480
 2506 KGIVEWG  -12.7180  -13.9460   -1.2280    0.1480
 2507 KGIIEWG  -12.7278  -12.9415   -0.2137    0.1480
 2508 KGIIEWG  -12.7278  -12.9415   -0.2137    0.1480
 2509 KGIIEWG  -12.7278  -12.9415   -0.2137    0.1480
 2510 IGKIEWG  -14.2064  -14.3087   -0.1023    0.1480
 2511 IGKIEWG  -14.2064  -14.3087   -0.1023    0.1480
 2512 KGMIEWG  -12.0299  -13.2525   -1.2226    0.1480
 2513 KGMVEWG  -11.4531  -14.0499   -2.5969    0.1480
 2514 KGMVEWG  -11.4531  -14.0499   -2.5969    0.1480
 2515 KWIVEGG  -13.6633  -15.1141   -1.4509    0.1480
 2516 KWMVEGG  -13.2399  -16.0596   -2.8197    0.1480
 2517 KWMVEGG  -13.1311  -15.9508   -2.8197    0.2852
 2518 KWMVEGG  -13.1311  -15.9508   -2.8197    0.2852
 2519 KWMVEGG  -13.1311  -15.9508   -2.8197    0.2852
 2520 KWMVEGG  -13.1311  -15.9508   -2.8197    0.2852
 2521 KIMVEGG  -13.1166  -17.0218   -3.9051    0.2852
 2522 IKMVEGG  -11.2443  -15.0380   -3.7937    0.2852
 2523 IKMVEGG  -11.2443  -15.0380   -3.7937    0.2852
 2524 IKWVDGG  -10.9382  -11.9605   -1.0223    0.2852
 2525 IKWVDGG  -10.9382  -11.9605   -1.0223    0.2852
 2526 IKWVDGG  -10.9382  -11.9605   -1.0223    0.2852
 2527 IKWVDGG  -10.9382  -11.9605   -1.0223    0.2852
 2528 IKWVDGG  -10.9382  -11.9605   -1.0223    0.2852
 2529 IKWVDGG  -10.9382  -11.9605   -1.0223    0.2852
 2530 IKWIDGG  -11.1315  -11.1395   -0.0080    0.2852
 2531 KIWIDGG  -13.2180  -13.3375   -0.1194    0.2852
 2532 KIWIDGG  -13.2180  -13.3375   -0.1194    0.2852
 2533 KIVIDGG  -13.1675  -15.3866   -2.2191    0.2852
 2534 VIKIDGG  -13.4836  -15.5913   -2.1077    0.2852
 2535 VIKIDGG  -13.4836  -15.5913   -2.1077    0.2852
 2536 WIKIDGG  -13.4872  -13.4952   -0.0080    0.2852
 2537 WIKIEGG  -14.5673  -14.8924   -0.3251    0.2852
 2538 WIKIEGG  -14.5673  -14.8924   -0.3251    0.2852
 2539 GIKIEGW  -13.8967  -13.9990   -0.1023    0.2852
 2540 GIKIEGW  -13.8967  -13.9990   -0.1023    0.2852
 2541 GIKIEGW  -13.8967  -13.9990   -0.1023    0.2852
 2542 GIKIEGW  -13.8967  -13.9990   -0.1023    0.2852
 2543 GIKIEGW  -13.8967  -13.9990   -0.1023    0.2852
 2544 GIKIEGW  -13.8967  -13.9990   -0.1023    0.2852
 2545 GIKIEGW  -13.8967  -13.9990   -0.1023    0.2852
 2546 GIKVEGW  -13.5054  -14.6220   -1.1166    0.2852
 2547 GIKVEGW  -13.5054  -14.6220   -1.1166    0.2852
 2548 GMKVEGV   -9.3950  -14.3401   -4.9451    0.2852
 2549 GMKVEGI   -9.9345  -13.5053   -3.5709    0.2852
 2550 GMKVEGI   -9.9345  -13.5053   -3.5709    0.2852
 2551 GMKVEGI   -9.9345  -13.5053   -3.5709    0.2852
 2552 IMKVEGG  -12.3302  -16.1239   -3.7937    0.2852
 2553 IFKVEGG  -11.9126  -14.1131   -2.2006    0.2852
 2554 IFKVEGG  -11.9126  -14.1131   -2.2006    0.2852
 2555 KFVVEGG  -10.3931  -14.0794   -3.6863    0.2852
 2556 KFVVEGG  -10.3931  -14.0794   -3.6863    0.2852
 2557 VEKVFGG   -9.0168  -12.7031   -3.6863    0.2852
 2558 VEKVFGG   -9.0210  -12.7073   -3.6863    0.2852
 2559 VGKVEFG   -8.7204  -12.0724   -3.3520    0.2852
 2560 GFKVVGE   -7.9237  -11.3872   -3.4634    0.2852
 2561 GFEVKGV   -8.0731  -11.4251   -3.3520    0.2852
 2562 GFEVKGV   -8.3218  -11.6738   -3.3520    0.2852
 2563 GFEVKGV   -8.1965  -11.5485   -3.3520    0.2852
 2564 GFEVKGV   -8.1965  -11.5485   -3.3520    0.2852
 2565 GWEVKGI   -8.5576   -9.6741   -1.1166    0.2852
 2566 GWIVEGK  -10.2539  -11.5933   -1.3394    0.2852
 2567 GWIVEGK  -10.2539  -11.5933   -1.3394    0.2852
 2568 GGLVEWK   -9.3125  -12.4416   -3.1291    0.2852
 2569 GGLVEWK   -9.3125  -12.4416   -3.1291    0.2852
 2570 GGMVDWK   -8.2284  -10.6195   -2.3911    0.2852
 2571 GGVMDWK   -6.6088   -8.9999   -2.3911    0.2852
 2572 GGVMDWK   -6.6088   -8.9999   -2.3911    0.2852
 2573 GGVMDWK   -6.6088   -8.9999   -2.3911    0.2852
 2574 GGVMEWK   -7.3723  -10.0806   -2.7083    0.2852
 2575 GGVMEWK   -7.3723  -10.0806   -2.7083    0.2852
 2576 GGKMEWV   -8.4818  -11.1901   -2.7083    0.2852
 2577 GGKIEWV  -10.1220  -11.4614   -1.3394    0.2852
 2578 GGKIEWV  -10.1220  -11.4614   -1.3394    0.2852
 2579 GGKIVWE  -10.1655  -11.6163   -1.4509    0.2852
 2580 GGKIVWD  -10.6403  -11.7740   -1.1337    0.2852
 2581 GGKIVWD  -10.6403  -11.7740   -1.1337    0.2852
 2582 GGKIVWD  -10.6403  -11.7740   -1.1337    0.2852
 2583 GGKIVWE  -10.3995  -11.8503   -1.4509    0.2852
 2584 GGKIIWE   -9.9520  -10.3886   -0.4366    0.2852
 2585 GGKIIWE   -9.9520  -10.3886   -0.4366    0.2852
 2586 GGKIIWE   -9.9520  -10.3886   -0.4366    0.2852
 2587 GGKIIWE   -9.9520  -10.3886   -0.4366    0.2852
 2588 GGKIIWE   -9.9520  -10.3886   -0.4366    0.2852
 2589 GGKIIWE   -9.9520  -10.3886   -0.4366    0.2852
 2590 EGKIIWG  -10.1473  -10.4725   -0.3251    0.2852
 2591 EGKIIWG  -10.1473  -10.4725   -0.3251    0.2852
 2592 GGKIIWE  -10.0179  -10.4545   -0.4366    0.2852
 2593 GGKIIWE  -10.0179  -10.4545   -0.4366    0.2852
 2594 GGKIIWE  -10.0179  -10.4545   -0.4366    0.2852
 2595 GGKIIWE  -10.0179  -10.4545   -0.4366    0.2852
 2596 GGKIEWI  -10.1435  -10.4686   -0.3251    0.2852
 2597 GGKIEWI  -10.1435  -10.4686   -0.3251    0.2852
 2598 GGKIELW   -8.4803  -10.2351   -1.7549    0.2852
 2599 GGKIEWW   -8.6967  -10.3764   -1.6797    0.2852
 2600 GGKAEWW   -6.9523  -10.4823   -3.5300    0.2852
 2601 GGKAEWW   -6.9523  -10.4823   -3.5300    0.2852
 2602 GGKEAWW   -5.7576   -9.5105   -3.7529    0.2852
 2603 GGKEAWW   -5.7576   -9.5105   -3.7529    0.2852
 2604 GGKEAWW   -5.7576   -9.5105   -3.7529    0.2852
 2605 GGKEMWW  -10.0591  -10.5305   -0.4714    0.2852
 2606 GGKMEWW   -8.6898   -8.9384   -0.2486    0.2852
 2607 GGKMEWW   -8.6898   -8.9384   -0.2486    0.2852
 2608 GGKMEWW   -8.6898   -8.9384   -0.2486    0.2852
 2609 GGKMEWW   -8.6898   -8.9384   -0.2486    0.2852
 2610 GGKMEWW   -8.6898   -8.9384   -0.2486    0.2852
 2611 GGKMEWW   -8.6898   -8.9384   -0.2486    0.2852
 2612 GGKEMWW   -9.9073  -10.3787   -0.4714    0.2852
 2613 GGKEMWM   -7.2590  -10.1847   -2.9257    0.2852
 2614 GGKEVWM   -6.9095   -9.8406   -2.9311    0.2852
 2615 GGKEVWM   -6.9095   -9.8406   -2.9311    0.2852
 2616 GGKEVWM   -6.9095   -9.8406   -2.9311    0.2852
 2617 MGKEVWG   -8.2057  -10.9140   -2.7083    0.2852
 2618 MGKVEWG  -10.5010  -12.9864   -2.4854    0.2852
 2619 MGKVEWG  -10.5010  -12.9864   -2.4854    0.2852
 2620 KGMVEWG   -9.4990  -12.0958   -2.5969    0.2852
 2621 KGMVEWG   -9.4990  -12.0958   -2.5969    0.2852
 2622 KGMVEWG   -9.4990  -12.0958   -2.5969    0.2852
 2623 KGMVEWG   -9.4990  -12.0958   -2.5969    0.2852
 2624 KGMVEWG   -9.4990  -12.0958   -2.5969    0.2852
 2625 MGKVDWG   -9.0812  -11.2494   -2.1683    0.2852
 2626 WGKVEWG   -9.2932   -9.3244   -0.0311    0.2852
 2627 WGKVEWG   -9.2932   -9.3244   -0.0311    0.2852
 2628 WGKVEWG   -9.2932   -9.3244   -0.0311    0.2852
 2629 WGKVEWG   -9.2932   -9.3244   -0.0311    0.2852
 2630 WGEVKWG   -8.5616   -8.5927   -0.0311    0.2852
 2631 WGKVEWG  -10.6777  -10.7088   -0.0311    0.2852
 2632 WGKVEWG  -11.5020  -11.5332   -0.0311    0.2852
 2633 WGKVEWG  -11.5020  -11.5332   -0.0311    0.2852
 2634 WGKVEWG  -11.5020  -11.5332   -0.0311    0.2852
 2635 LGKVEWG   -9.7274  -12.6337   -2.9063    0.2852
 2636 LGKVEWG   -9.7274  -12.6337   -2.9063    0.2852
 2637 LGKVEWG   -9.7274  -12.6337   -2.9063    0.2852
 2638 LGKVEWG   -9.7274  -12.6337   -2.9063    0.2852
 2639 VGKVEWG  -10.4243  -12.9152   -2.4909    0.2852
 2640 IGKVEWG  -11.7103  -12.8269   -1.1166    0.2852
 2641 IGEVKVG   -8.9967  -12.5730   -3.5763    0.2852
 2642 IGEVVKG   -8.9813  -12.6690   -3.6877    0.2852
 2643 IGEFVKG   -7.3846   -9.4737   -2.0891    0.2852
 2644 LGEFVKG   -5.8905   -9.7693   -3.8789    0.2852
 2645 LGEFKVG   -7.6642  -11.4316   -3.7674    0.2852
 2646 VGEWKLG   -8.4203  -11.3266   -2.9063    0.2852
 2647 VGEWKFG   -9.6212  -10.5135   -0.8923    0.2852
 2648 WGEVKFG  -10.0482  -10.9405   -0.8923    0.2852
 2649 WGEVKFG  -10.0482  -10.9405   -0.8923    0.2852
 2650 WGEVKFG  -10.0482  -10.9405   -0.8923    0.2852
 2651 WGEVKFG  -10.0482  -10.9405   -0.8923    0.2852
 2652 WGEVKIG   -8.9803  -10.0968   -1.1166    0.2852
 2653 WGEVKIG   -8.9803  -10.0968   -1.1166    0.2852
 2654 GGEVKIW   -8.5841   -9.9235   -1.3394    0.2852
 2655 GGDIWIK   -2.4181   -2.5375   -0.1194    0.2852
 2656 GGDMIWK   -4.3015   -5.4298   -1.1283    0.2852
 2657 GGMDIWK   -5.3906   -6.4074   -1.0169    0.2852
 2658 GGMEIWK   -7.0751   -8.4091   -1.3340    0.2852
 2659 GGMEIWK   -7.0751   -8.4091   -1.3340    0.2852
 2660 GGMEKII   -5.1409   -7.6718   -2.5309    0.2852
 2661 GGWEKII   -5.2067   -5.6433   -0.4366    0.2852
 2662 GGWEKIW   -3.5452   -5.3364   -1.7911    0.2852
 2663 GGWEKWI   -5.1289   -6.9200   -1.7911    0.2852
 2664 GGWEKFI   -6.5321   -6.6643   -0.1323    0.2852
 2665 GGIEKFW   -9.0332   -9.1655   -0.1323    0.2852
 2666 GGLEKFW   -7.8512   -9.4932   -1.6420    0.2852
 2667 GGLFEKW   -7.5783   -9.2203   -1.6420    0.2852
 2668 GGLFEKW   -7.5783   -9.2203   -1.6420    0.2852
 2669 GGLFEKW   -7.5783   -9.2203   -1.6420    0.2852
 2670 GGLFEKW   -7.5783   -9.2203   -1.6420    0.2852
 2671 GGLFEKW   -7.5783   -9.2203   -1.6420    0.2852
 2672 GGLFKEW   -8.2476   -9.8896   -1.6420    0.2852
 2673 GGLFKEW   -8.2476   -9.8896   -1.6420    0.2852
 2674 GGLFKEW   -8.2476   -9.8896   -1.6420    0.2852
 2675 GGLFKEW   -8.2476   -9.8896   -1.6420    0.2852
 2676 GGVFEEW   -6.7357   -8.7723   -2.0366    0.2852
 2677 GGVMDEW   -4.2568   -7.5693   -3.3126    0.2852
 2678 GGVIDDI   -4.8943   -7.6063   -2.7120    0.2852
 2679 GIVEDGI   -6.6867   -9.6044   -2.9177    0.2852
 2680 GIIVDGE   -9.4543  -12.3720   -2.9177    0.2852
 2681 GIIIEGE   -9.8744  -11.7350   -1.8606    0.2852
 2682 GIIIEGE   -9.8744  -11.7350   -1.8606    0.2852
 2683 GIRIIGE   -8.7834  -13.0865   -4.3031    0.2852
 2684 GIRIIGE   -8.7834  -13.0865   -4.3031    0.2852
 2685 GIRIEGI   -8.9684  -13.1601   -4.1917    0.2852
 2686 GIRIEGI   -8.9684  -13.1601   -4.1917    0.2852
 2687 GIKIEGI  -12.5026  -13.3303   -0.8277    0.2852
 2688 GIKIEGW  -13.5219  -13.6242   -0.1023    0.2852
 2689 GGKIEMW   -9.9502  -11.2842   -1.3340    0.2852
 2690 GGKIEMW   -9.9502  -11.2842   -1.3340    0.2852
 2691 GGKGEMW   -3.9989   -9.9958   -5.9969    0.2852
 2692 GGKGEMW   -3.9989   -9.9958   -5.9969    0.2852
 2693 GGKGEMI   -2.7063   -9.7886   -7.0823    0.2852
 2694 GGMGEKI   -1.6495   -8.7318   -7.0823    0.2852
 2695 GGMGKKM    1.9800   -6.9412   -8.9211    0.2852
 2696 GGMGKKM    1.9800   -6.9412   -8.9211    0.2852
 2697 GGMGMKK    1.8659   -7.0552   -8.9211    0.2852
 2698 GRMGMGE    0.3959  -11.1964  -11.5923    0.2852
 2699 GMRGMGE   -0.2743  -11.8666  -11.5923    0.2852
 2700 GMRIMGE    1.4104   -5.6305   -7.0409    0.2852
 2701 GMRIMGE    1.4104   -5.6305   -7.0409    0.2852
 2702 GMRIMGE    1.4104   -5.6305   -7.0409    0.2852
 2703 GGKIMME   -6.0558   -9.9555   -3.8997    0.2852
 2704 EIKMMGG   -7.9339  -11.7221   -3.7883    0.2852
 2705 EVKMMGG   -6.7946  -11.9572   -5.1626    0.2852
 2706 EVKMMGG   -6.7946  -11.9572   -5.1626    0.2852
 2707 EVKWMGG   -8.2756  -10.9839   -2.7083    0.2852
 2708 WVKEIGG   -8.9262  -10.3770   -1.4509    0.2852
 2709 WVKEIGG   -8.9262  -10.3770   -1.4509    0.2852
 2710 WVKEIGG   -8.9262  -10.3770   -1.4509    0.2852
 2711 KVLDVGG   -7.6614  -12.9331   -5.2717    0.2852
 2712 KVLDVGG   -7.6614  -12.9331   -5.2717    0.2852
 2713 VVIDKGG   -9.5496  -13.2544   -3.7049    0.2852
 2714 VIVDKGG  -10.8643  -14.5692   -3.7049    0.2852
 2715 VIVDKGG  -10.8643  -14.5692   -3.7049    0.2852
 2716 KIIDVGG  -13.8667  -15.9744   -2.1077    0.2852
 2717 KIIDVGG  -13.8667  -15.9744   -2.1077    0.2852
 2718 KIIDVGG  -13.8667  -15.9744   -2.1077    0.2852
 2719 KIIDVGG  -13.2210  -15.3287   -2.1077    0.2852
 2720 KIIDVGG  -13.1235  -15.2312   -2.1077    0.1165
 2721 KIIDVGG  -13.1235  -15.2312   -2.1077    0.1165
 2722 KIIVDGG  -13.6030  -15.8222   -2.2191    0.1165
 2723 KIIVDGG  -13.6030  -15.8222   -2.2191    0.1165
 2724 KFVVDGG  -10.7797  -14.1488   -3.3691    0.1165
 2725 KFVVDGG  -10.7797  -14.1488   -3.3691    0.1165
 2726 KMVDVGG   -7.9094  -12.7603   -4.8509    0.1165
 2727 KMVDWGG   -9.3525  -11.7437   -2.3911    0.1165
 2728 KMDVWGG   -9.9907  -12.3818   -2.3911    0.1165
 2729 KMDVWGG  -11.0667  -13.4579   -2.3911    0.1165
 2730 KMEVWGG  -10.6875  -13.3958   -2.7083    0.1165
 2731 KIDVWGG  -12.8434  -13.8657   -1.0223    0.1165
 2732 KIDVWGG  -12.8434  -13.8657   -1.0223    0.1165
 2733 KIDVWGG  -12.8434  -13.8657   -1.0223    0.1165
 2734 KIDVWGG  -12.8434  -13.8657   -1.0223    0.1165
 2735 KIDVWGG  -12.8434  -13.8657   -1.0223    0.1165
 2736 KWDVIGG  -11.4621  -12.4843   -1.0223    0.1165
 2737 KWIVDGG  -12.7236  -13.8573   -1.1337    0.1165
 2738 RWIVDGG   -9.9407  -14.4384   -4.4977    0.1165
 2739 IWRVDGG  -11.3816  -15.7679   -4.3863    0.1165
 2740 WIRVDGG  -11.2002  -15.5865   -4.3863    0.1165
 2741 WIRVDGG  -11.2002  -15.5865   -4.3863    0.1165
 2742 GIRIDGW  -12.7735  -15.9226   -3.1491    0.1165
 2743 GIRIDGW  -12.7735  -15.9226   -3.1491    0.1165
 2744 GIRIDGW  -12.7735  -15.9226   -3.1491    0.1165
 2745 GIRIDGW  -12.7735  -15.9226   -3.1491    0.1165
 2746 GIRIDGW  -12.7735  -15.9226   -3.1491    0.1165
 2747 GIRIDGW  -12.7735  -15.9226   -3.1491    0.1165
 2748 GIKIDGW  -14.8501  -14.6352    0.2149    0.1165
 2749 GIKIDGL  -11.4602  -13.7605   -2.3003    0.1165
 2750 GIKIEGV  -13.1967  -15.3987   -2.2020    0.1165
 2751 GIKIEGV  -13.1967  -15.3987   -2.2020    0.1165
 2752 GIKIEGV  -13.1967  -15.3987   -2.2020    0.1165
 2753 GIKIVGD  -13.1517  -15.1480   -1.9963    0.1165
 2754 GGKIVLE   -9.3489  -13.6749   -4.3260    0.1165
 2755 GGKIVLD   -9.7640  -13.7729   -4.0089    0.1165
 2756 GGKIVLD   -9.6899  -13.6988   -4.0089    0.1165
 2757 DGLVIKG   -8.3295  -12.2269   -3.8974    0.1165
 2758 DGLIIKG   -8.9514  -11.4746   -2.5231    0.1165
 2759 DGLIIKG   -8.9514  -11.4746   -2.5231    0.1165
 2760 DGLIIKG   -8.9514  -11.4746   -2.5231    0.1165
 2761 DGIIKLG   -9.3192  -11.7309   -2.4117    0.1165
 2762 KGIIDLG  -11.3649  -13.7766   -2.4117    0.1165
 2763 KGIIDLG  -11.3649  -13.7766   -2.4117    0.1165
 2764 IGKIELG  -12.3744  -14.9919   -2.6174    0.1165
 2765 EGKIIWG  -12.7562  -13.0814   -0.3251    0.1165
 2766 IGKEIWG  -12.5834  -12.9086   -0.3251    0.1165
 2767 IGKIEWG  -14.0177  -14.1200   -0.1023    0.1165
 2768 LGKIEWG  -12.5076  -14.0396   -1.5320    0.1165
 2769 LGKIEWG  -12.5076  -14.0396   -1.5320    0.1165
 2770 LGKIEWG  -12.5076  -14.0396   -1.5320    0.1165
 2771 LGKIEWG  -12.5076  -14.0396   -1.5320    0.1165
 2772 LGKIEWG  -12.5076  -14.0396   -1.5320    0.1165
 2773 LGKIEWG  -12.5076  -14.0396   -1.5320    0.1165
 2774 LGKIEWG  -12.5076  -14.0396   -1.5320    0.1165
 2775 IGKIEWG  -13.7063  -13.8086   -0.1023    0.1165
 2776 VGKIEWG  -12.7087  -13.8253   -1.1166    0.1165
 2777 VGKIEWG  -12.7087  -13.8253   -1.1166    0.1165
 2778 VGKVEWG  -12.0252  -14.5161   -2.4909    0.1165
 2779 VGKVEWG  -12.0252  -14.5161   -2.4909    0.1165
 2780 WGKVEVG  -11.0270  -13.5179   -2.4909    0.1165
 2781 WGKVEVG  -11.0270  -13.5179   -2.4909    0.1165
 2782 WGKVEFG  -11.8205  -12.7128   -0.8923    0.1165
 2783 WGKFEFG  -11.0123  -10.5060    0.5063    0.1165
 2784 WGKFEFG  -11.0123  -10.5060    0.5063    0.1165
 2785 WGKFEFG  -11.0123  -10.5060    0.5063    0.1165
 2786 WGKFEWG  -10.4246  -11.5772   -1.1526    0.1165
 2787 WGKYEWG  -10.4768  -11.3288   -0.8520    0.1165
 2788 WGKFEWG  -11.4427  -12.5953   -1.1526    0.1165
 2789 LGKFEWG  -12.9489  -14.2566   -1.3077    0.1165
 2790 LGKFEWG  -12.9489  -14.2566   -1.3077    0.1165
 2791 LGKFEWG  -12.9489  -14.2566   -1.3077    0.1165
 2792 LGKFEWG  -12.9489  -14.2566   -1.3077    0.1165
 2793 GGKFEWL   -9.3412  -10.8718   -1.5306    0.1165
 2794 GGLFEWK   -8.7486  -10.2791   -1.5306    0.1165
 2795 GGLIEWK   -8.2566  -10.0115   -1.7549    0.1165
 2796 GGLIDWK   -7.9771   -9.4148   -1.4377    0.1165
 2797 GGLIDWD   -7.4169   -9.3475   -1.9306    0.1165
 2798 GGLIDWD   -7.4169   -9.3475   -1.9306    0.1165
 2799 GGIVDWD   -7.8772   -9.3923   -1.5151    0.1165
 2800 GGIVDWR   -6.0123  -10.3986   -4.3863    0.1165
 2801 GGVIDWE   -7.8806   -9.7129   -1.8323    0.1165
 2802 GGVVEWD   -8.0308  -11.2373   -3.2066    0.1165
 2803 GGFVDWD   -7.0050   -8.2958   -1.2909    0.1165
 2804 GGFMDWD   -5.9750   -7.2604   -1.2854    0.1165
 2805 GGFMDWK   -6.7176   -7.5102   -0.7926    0.1165
 2806 KGFMDWG  -10.4522  -11.1333   -0.6811    0.1165
 2807 KGFMDWG  -10.4522  -11.1333   -0.6811    0.1165
 2808 KGFMDWY   -8.7622   -9.4871   -0.7249    0.1165
 2809 KGFMDMY   -7.9433   -8.7225   -0.7791    0.1165
 2810 KGFMDMY   -7.9433   -8.7225   -0.7791    0.1165
 2811 KGFMDMY   -7.9433   -8.7225   -0.7791    0.1165
 2812 KGFMDMY   -7.9433   -8.7225   -0.7791    0.1165
 2813 KGMIDMY   -8.2953   -9.2988   -1.0034    0.1165
 2814 KGMIDMY   -8.2953   -9.2988   -1.0034    0.1165
 2815 KGMIDIY   -7.9146   -7.5892    0.3254    0.1165
 2816 KGMIDIY   -7.9146   -7.5892    0.3254    0.1165
 2817 KGMIDIY   -7.9146   -7.5892    0.3254    0.1165
 2818 KGMIDMF   -9.8829   -9.9069   -0.0240    0.1165
 2819 MGKIDMF   -7.8718   -7.7844    0.0874    0.1165
 2820 KGMIEMF  -10.6279  -10.9690   -0.3411    0.1165
 2821 KGMIEMF  -10.6279  -10.9690   -0.3411    0.1165
 2822 KGMIEMF  -10.6279  -10.9690   -0.3411    0.1165
 2823 KGMMEIF   -7.4520   -7.7932   -0.3411    0.1165
 2824 KGMMEIF   -7.4520   -7.7932   -0.3411    0.1165
 2825 KAVIEGF   -9.6607  -11.8487   -2.1880    0.1165
 2826 VAKIEFF   -5.8111   -9.1919   -3.3809    0.1165
 2827 VAKIEFY   -8.2381   -9.5184   -1.2803    0.1165
 2828 VAKIEFY   -8.2381   -9.5184   -1.2803    0.1165
 2829 VAKIEYF   -7.7976   -9.0779   -1.2803    0.1165
 2830 EAKIVFY   -8.2242   -9.6159   -1.3917    0.1165
 2831 VAKIEFY   -8.8974  -10.1776   -1.2803    0.1165
 2832 VAKIEYF   -8.1651   -9.4454   -1.2803    0.1165
 2833 VAKIEMY   -9.9442  -11.2577   -1.3134    0.1165
 2834 VMKIEAY  -12.3662  -13.6796   -1.3134    0.1165
 2835 VMKIEAY  -12.3662  -13.6796   -1.3134    0.1165
 2836 VMKIEAY  -12.3662  -13.6796   -1.3134    0.1165
 2837 VMKIEAY  -12.3662  -13.6796   -1.3134    0.1165
 2838 VMKLEAY   -9.0629  -12.1660   -3.1031    0.1165
 2839 VMKLEAY   -9.0629  -12.1660   -3.1031    0.1165
 2840 VMKLEAG   -8.1730  -13.6324   -5.4594    0.1165
 2841 VMKLEAL   -7.5653  -12.2630   -4.6977    0.1165
 2842 VMKLEAL   -7.5653  -12.2630   -4.6977    0.1165
 2843 VMKLEAW   -7.5279  -12.3505   -4.8226    0.1165
 2844 VMKLEAW   -7.5279  -12.3505   -4.8226    0.1165
 2845 VMKLAEM   -8.2502  -10.5270   -2.2769    0.1165
 2846 LMKVAEM   -8.6061  -10.8829   -2.2769    0.1165
 2847 IMKVAEM  -10.8808  -11.3679   -0.4871    0.1165
 2848 IMKVEAM  -13.3374  -13.8245   -0.4871    0.1165
 2849 ILKDVGM   -9.2602  -10.7436   -1.4834    0.1165
 2850 IWKEVGM   -9.2406  -11.1661   -1.9254    0.1165
 2851 ILKEVGM   -9.2434  -11.0440   -1.8006    0.1165
 2852 ELKIVGM  -10.2016  -11.8907   -1.6891    0.1165
 2853 KLVIEGM   -9.4773  -11.2779   -1.8006    0.1165
 2854 VIKGEGM   -9.6128  -13.2951   -3.6823    0.1165
 2855 KIVGEGM  -10.8286  -14.5109   -3.6823    0.1165
 2856 KFVGEGM  -10.9824  -14.4404   -3.4580    0.1165
 2857 KFIGEGM  -11.3193  -13.4031   -2.0837    0.1165
 2858 KFIGEGM  -11.3193  -13.4031   -2.0837    0.1165
 2859 KFIGEGW  -11.8580  -11.7674    0.0906    0.1165
 2860 KFIGEGW  -11.8580  -11.7674    0.0906    0.1165
 2861 KFIGEGW  -11.8580  -11.7674    0.0906    0.1165
 2862 KFIGEGM  -11.2815  -13.3652   -2.0837    0.1165
 2863 KWIGEGM  -10.6706  -11.8932   -1.2226    0.1165
 2864 KWIGEGM  -10.6706  -11.8932   -1.2226    0.1165
 2865 KWIGEGM  -10.6706  -11.8932   -1.2226    0.1165
 2866 EWLGKGM   -7.0215  -10.0338   -3.0123    0.1165
 2867 KWLGEGM   -9.7641  -12.7764   -3.0123    0.1165
 2868 KILGEGM  -10.4568  -14.5545   -4.0977    0.1165
 2869 KILGEGM  -10.4568  -14.5545   -4.0977    0.1165
 2870 KILGDGM   -8.8587  -12.6393   -3.7806    0.1165
 2871 KILGDGF   -8.7526  -10.9401   -2.1874    0.1165
 2872 KILGDGM   -9.1634  -12.9440   -3.7806    0.1165
 2873 KIMGDGL   -6.5252  -10.3058   -3.7806    0.1165
 2874 KIMGDGW   -9.2987  -10.2041   -0.9054    0.1165
 2875 KIVGDGW  -10.0718  -10.9827   -0.9109    0.1165
 2876 KIDGIGW   -9.3237   -9.1088    0.2149    0.1165
 2877 KIIGDGW   -9.4098   -9.3063    0.1034    0.1165
 2878 KIGIDGW   -9.2188   -9.0039    0.2149    0.1165
 2879 KIGIWGD  -11.5507  -11.4472    0.1034    0.1165
 2880 WIGIKGD   -9.0103   -8.9069    0.1034    0.1165
 2881 WIGIKGD   -9.0103   -8.9069    0.1034    0.1165
 2882 IIGIKGD   -9.2632   -9.8852   -0.6220    0.1165
 2883 IIGIKGD   -9.2632   -9.8852   -0.6220    0.1165
 2884 IIGIKGD   -9.2632   -9.8852   -0.6220    0.1165
 2885 IIGVKGD  -10.2519  -12.2482   -1.9963    0.1165
 2886 IIGVKGD  -10.2519  -12.2482   -1.9963    0.1165
 2887 KIGVIGD  -13.3922  -15.3885   -1.9963    0.1165
 2888 KMGVIGD  -11.7564  -15.1216   -3.3651    0.1165
 2889 KLWVGGD  -10.8340  -13.7575   -2.9234    0.1165
 2890 KLWMGGD   -8.9666  -11.8846   -2.9180    0.1165
 2891 KIWLGGD  -11.6939  -13.2431   -1.5491    0.1165
 2892 KIWLGGD  -11.6939  -13.2431   -1.5491    0.1165
 2893 KIWLGGD  -11.6939  -13.2431   -1.5491    0.1165
 2894 KIWLGGE  -10.9557  -12.8220   -1.8663    0.1165
 2895 KIWLGGE  -10.9557  -12.8220   -1.8663    0.1165
 2896 KIWLGGE  -10.9557  -12.8220   -1.8663    0.1165
 2897 KIWLGGE  -10.9557  -12.8220   -1.8663    0.1165
 2898 KIWLGGE  -10.9557  -12.8220   -1.8663    0.1165
 2899 KIWLGGE  -10.9557  -12.8220   -1.8663    0.1165
 2900 KIWLGGE  -10.9557  -12.8220   -1.8663    0.1165
 2901 KIWVGGE  -12.7002  -14.1510   -1.4509    0.1165
 2902 KIWVGGD  -12.8994  -14.0331   -1.1337    0.1165
 2903 KIWVGGD  -12.8994  -14.0331   -1.1337    0.1165
 2904 KIWVGGD  -12.8994  -14.0331   -1.1337    0.1165
 2905 KIWVGGD  -12.8994  -14.0331   -1.1337    0.1165
 2906 KIWVGGD  -12.8994  -14.0331   -1.1337    0.1165
 2907 EIWVGGD  -10.3060  -12.2497   -1.9437    0.1165
 2908 EIWIGGD  -12.1409  -13.0703   -0.9294    0.1165
 2909 DIWIGGD  -11.2072  -11.8195   -0.6123    0.1165
 2910 DIWIGGD  -11.2072  -11.8195   -0.6123    0.1165
 2911 DIWIGGD  -11.2072  -11.8195   -0.6123    0.1165
 2912 DIWIGGD  -11.2072  -11.8195   -0.6123    0.1165
 2913 DIWIGGD  -11.2072  -11.8195   -0.6123    0.1165
 2914 EIWIGGD  -12.6244  -13.5538   -0.9294    0.1165
 2915 EIWVGGD  -10.8045  -12.7482   -1.9437    0.1165
 2916 EIWVGGK  -12.0982  -13.5490   -1.4509    0.1165
 2917 EIWIGGK  -14.8423  -15.2789   -0.4366    0.1165
 2918 KIWIGGE  -15.7315  -16.1680   -0.4366    0.1165
 2919 KIWIGGE  -15.7315  -16.1680   -0.4366    0.1165
 2920 KIWIGGE  -15.7315  -16.1680   -0.4366    0.1165
 2921 KIWIGGE  -15.5179  -15.9545   -0.4366    0.1974
 2922 KIWIGGD  -16.4138  -16.5332   -0.1194    0.1974
 2923 KIWIGGD  -16.4138  -16.5332   -0.1194    0.1974
 2924 KIWIGGD  -16.4138  -16.5332   -0.1194    0.1974
 2925 KIWIGGD  -16.6337  -16.7531   -0.1194    0.1974
 2926 KIWIGGD  -16.6337  -16.7531   -0.1194    0.1974
 2927 KIWIGGD  -16.6337  -16.7531   -0.1194    0.1974
 2928 KIWIGGD  -16.6337  -16.7531   -0.1194    0.1974
 2929 KIWIGGD  -16.6337  -16.7531   -0.1194    0.1974
 2930 KIWLGGD  -11.6542  -13.2034   -1.5491    0.1974
 2931 KIWLGGD  -11.6542  -13.2034   -1.5491    0.1974
 2932 KIWLGGD  -11.6542  -13.2034   -1.5491    0.1974
 2933 KIWLGGD  -11.6542  -13.2034   -1.5491    0.1974
 2934 KIWLGGD  -11.6542  -13.2034   -1.5491    0.1974
 2935 KIWLGGD  -11.6542  -13.2034   -1.5491    0.1974
 2936 KIWLGGD  -11.6542  -13.2034   -1.5491    0.1974
 2937 KIWLGGD  -11.6542  -13.2034   -1.5491    0.1974
 2938 KIWLGGD  -11.6542  -13.2034   -1.5491    0.1974
 2939 KIWLGGD  -11.6542  -13.2034   -1.5491    0.1974
 2940 KIWLGGD  -11.6542  -13.2034   -1.5491    0.1974
 2941 KIWLGGD  -11.6542  -13.2034   -1.5491    0.1974
 2942 KIWAGGD   -9.7685  -14.1782   -4.4097    0.1974
 2943 KIWAGGD   -9.7685  -14.1782   -4.4097    0.1974
 2944 KIWAGGD   -9.7685  -14.1782   -4.4097    0.1974
 2945 KIWAGGE   -8.8866  -13.6134   -4.7269    0.1974
 2946 KIIAGGE   -8.2009  -14.0132   -5.8123    0.1974
 2947 KIIAGGE   -8.2009  -14.0132   -5.8123    0.1974
 2948 KIIAGGE   -8.2009  -14.0132   -5.8123    0.1974
 2949 IKIEGGA   -8.8535  -14.4429   -5.5894    0.1974
 2950 IKIEGGA   -8.8535  -14.4429   -5.5894    0.1974
 2951 IKIEGGA   -8.8535  -14.4429   -5.5894    0.1974
 2952 IKIEGGA   -8.8535  -14.4429   -5.5894    0.1974
 2953 IKFEGGA   -8.8916  -14.2568   -5.3651    0.1974
 2954 IKFEGGA   -8.8916  -14.2568   -5.3651    0.1974
 2955 IKFEGGA   -8.8916  -14.2568   -5.3651    0.1974
 2956 IKFEGGA   -8.8916  -14.2568   -5.3651    0.1974
 2957 IKLEGGA   -6.4471  -13.8262   -7.3791    0.1974
 2958 IKGEVGA   -6.3705  -13.2227   -6.8523    0.1974
 2959 IKGEVGM   -9.1478  -12.7187   -3.5709    0.1974
 2960 IKGDIGM   -8.8447  -10.7241   -1.8794    0.1974
 2961 IKGDIGM   -8.8447  -10.7241   -1.8794    0.1974
 2962 IKGDIGM   -8.8447  -10.7241   -1.8794    0.1974
 2963 IIGMKGD  -10.1813  -12.1721   -1.9909    0.1974
 2964 IIGMKGD  -10.1813  -12.1721   -1.9909    0.1974
 2965 IVGIKGD  -12.8376  -14.8339   -1.9963    0.1974
 2966 EVGIKGI  -11.9288  -14.1308   -2.2020    0.1974
 2967 EIGIKGI  -14.0936  -14.9213   -0.8277    0.1974
 2968 EIGIIGK  -14.4326  -15.3717   -0.9391    0.1974
 2969 EIGIIGK  -14.4326  -15.3717   -0.9391    0.1974
 2970 EIGIKGI  -14.3363  -15.1641   -0.8277    0.1974
 2971 EIGIKGI  -14.3363  -15.1641   -0.8277    0.1974
 2972 EIGIKGI  -14.3363  -15.1641   -0.8277    0.1974
 2973 EIGIKGI  -14.3363  -15.1641   -0.8277    0.1974
 2974 EIGIKGM  -14.7823  -16.9789   -2.1966    0.1974
 2975 EIGIKGW  -14.8406  -14.9429   -0.1023    0.1974
 2976 EIGIKGW  -14.8406  -14.9429   -0.1023    0.1974
 2977 EIGIKGW  -14.8406  -14.9429   -0.1023    0.1974
 2978 EIKIGGW  -11.3080  -11.5217   -0.2137    0.1974
 2979 EIKIGGW  -11.3080  -11.5217   -0.2137    0.1974
 2980 EIKIGGW  -11.3080  -11.5217   -0.2137    0.1974
 2981 EKIIGGW   -9.8134  -10.2499   -0.4366    0.1974
 2982 EKIIGGW   -9.8134  -10.2499   -0.4366    0.1974
 2983 EKIIGGW   -9.8134  -10.2499   -0.4366    0.1974
 2984 EKIIGGW   -9.8134  -10.2499   -0.4366    0.1974
 2985 EGIIGKM   -8.8894  -11.1974   -2.3080    0.1974
 2986 KDIIGGM   -8.4364  -10.6501   -2.2137    0.1974
 2987 GGKIIDM   -8.6618  -10.7641   -2.1023    0.1974
 2988 KIGIWDM   -8.5687  -11.8913   -3.3226    0.1974
 2989 KAGIWDG   -8.7389  -12.9258   -4.1869    0.1974
 2990 KAGIWDG   -8.7389  -12.9258   -4.1869    0.1974
 2991 EAGIWDF   -7.1145   -9.1842   -2.0697    0.1974
 2992 EDGIWAF   -6.3346   -8.7386   -2.4040    0.1974
 2993 EDGIWAF   -6.3346   -8.7386   -2.4040    0.1974
 2994 EWGIKAF   -8.6329  -10.2098   -1.5769    0.1974
 2995 WEGIKAM  -10.2376  -11.4476   -1.2100    0.1974
 2996 WEGIKAM  -10.2376  -11.4476   -1.2100    0.1974
 2997 MEGIKAW  -10.4096  -11.6196   -1.2100    0.1974
 2998 KEGIMAW  -11.5204  -13.0647   -1.5443    0.1974
 2999 KEGIMAW  -11.5204  -13.0647   -1.5443    0.1974
 3000 KAGIMEW   -9.4334  -10.6434   -1.2100    0.1974
 3001 KAGIMEF   -8.8287  -10.8999   -2.0711    0.1974
 3002 KAGIMEF   -8.8287  -10.8999   -2.0711    0.1974
 3003 KAGIMEF   -8.8287  -10.8999   -2.0711    0.1974
 3004 KAGIMEF   -8.8287  -10.8999   -2.0711    0.1974
 3005 KYGIMEM   -7.7809   -8.9901   -1.2091    0.1974
 3006 KMGIMEW  -10.0460  -11.9346   -1.8886    0.1974
 3007 EMGIMEL   -7.8315  -10.4052   -2.5737    0.1974
 3008 EMGIMLR   -7.4380  -12.6771   -5.2391    0.1974
 3009 MEGIMLK   -6.6311   -8.5062   -1.8751    0.1974
 3010 MDGIMLD   -7.0658   -9.1167   -2.0509    0.1974
 3011 MDGVILD   -6.9034   -8.8797   -1.9763    0.1974
 3012 MMGVIDD  -10.7596  -11.5465   -0.7869    0.1974
 3013 MMGVIDD  -10.7596  -11.5465   -0.7869    0.1974
 3014 IMGMVED   -7.4511   -8.5551   -1.1040    0.1974
 3015 IYGDVEM   -4.3930   -6.1004   -1.7074    0.1974
 3016 IYGEVDM   -6.1033   -7.8108   -1.7074    0.1974
 3017 IYGEVEM   -6.9246   -8.9492   -2.0246    0.1974
 3018 EVGIMEM   -8.3779   -9.5762   -1.1983    0.1974
 3019 EVGIIEM   -9.1901  -10.4595   -1.2694    0.1974
 3020 EVGIIEM   -9.1901  -10.4595   -1.2694    0.1974
 3021 EVGIIEM   -9.1901  -10.4595   -1.2694    0.1974
 3022 KVGIIEM  -12.6394  -13.0988   -0.4594    0.1974
 3023 KVGIIEY  -11.2393  -11.0851    0.1543    0.1974
 3024 KIGVIEY  -10.2688  -10.1145    0.1543    0.1974
 3025 KIGVIEY  -10.2688  -10.1145    0.1543    0.1974
 3026 KIGVIEY  -10.2688  -10.1145    0.1543    0.1974
 3027 KIGVIEY  -10.2688  -10.1145    0.1543    0.1974
 3028 EIGVIKM   -9.3416   -9.8011   -0.4594    0.1974
 3029 EIGVIEM   -8.9557  -10.2252   -1.2694    0.1974
 3030 EIGVIEM   -8.9557  -10.2252   -1.2694    0.1974
 3031 EIGVIDM   -9.9434  -10.8957   -0.9523    0.1974
 3032 EIGVLDM   -6.7707   -8.9527   -2.1820    0.1974
 3033 LIGVEDM   -7.5000   -9.7934   -2.2934    0.1974
 3034 LIGVVDR   -5.5963  -10.4806   -4.8843    0.1974
 3035 LIGVVDR   -5.5963  -10.4806   -4.8843    0.1974
 3036 ILGVVDR   -7.5958  -12.4801   -4.8843    0.1974
 3037 VLGVIDR   -8.8903  -13.7746   -4.8843    0.1974
 3038 VMGVIDD  -12.9188  -13.7110   -0.7923    0.1974
 3039 VMGVIDD  -12.9188  -13.7110   -0.7923    0.1974
 3040 VVGVMDD  -11.1422  -13.3088   -2.1666    0.1974
 3041 VVDIGMD   -9.2906   -9.8600   -0.5694    0.1974
 3042 VVRIGMD  -13.3692  -16.8098   -3.4406    0.1974
 3043 IVRVGMD  -14.0824  -17.5230   -3.4406    0.1974
 3044 IVRVGMD  -14.0824  -17.5230   -3.4406    0.1974
 3045 IVRVGDM  -13.7811  -17.2217   -3.4406    0.1974
 3046 IVRVGDM  -13.7811  -17.2217   -3.4406    0.1974
 3047 IVRIGDM  -13.9807  -17.4870   -3.5063    0.1974
 3048 VVRIGDM  -14.3705  -17.8111   -3.4406    0.1974
 3049 VVRIGDM  -14.3705  -17.8111   -3.4406    0.1974
 3050 IVRVGDM  -12.5051  -15.9457   -3.4406    0.1974
 3051 IYRVGDM   -8.7435  -13.0049   -4.2614    0.1974
 3052 IVRVGDM  -12.4508  -15.8914   -3.4406    0.1974
 3053 IVRVGDM  -12.4508  -15.8914   -3.4406    0.1974
 3054 IVRVGDM  -12.4508  -15.8914   -3.4406    0.1974
 3055 IVRVGDI  -11.7202  -15.1519   -3.4317    0.1974
 3056 IVRVGDI  -11.7202  -15.1519   -3.4317    0.1974
 3057 IIDVGDM   -7.9126   -8.5478   -0.6351    0.1974
 3058 MIDVGDM   -8.6631   -9.2271   -0.5640    0.1974
 3059 MIDVGDM   -8.6631   -9.2271   -0.5640    0.1974
 3060 VIDVGDF   -8.8128   -9.0691   -0.2563    0.1974
 3061 IVMVDDF   -9.1531  -13.1697   -4.0166    0.1974
 3062 MVVIEDF   -8.8570  -13.1908   -4.3337    0.1974
 3063 MVVIEDF   -8.8570  -13.1908   -4.3337    0.1974
 3064 MVEIGDF   -9.9431  -10.5911   -0.6480    0.1974
 3065 MVEMGDF   -9.3310   -9.9879   -0.6569    0.1974
 3066 MVDMGDF   -8.9515   -9.2912   -0.3397    0.1974
 3067 MVFVGDD  -10.9849  -11.6643   -0.6794    0.1974
 3068 VVFMGDD  -10.8382  -11.5177   -0.6794    0.1974
 3069 VVFMGDD  -10.8382  -11.5177   -0.6794    0.1974
 3070 VVFMGDD  -10.8382  -11.5177   -0.6794    0.1974
 3071 VVGMFDD  -11.1627  -11.7307   -0.5680    0.1974
 3072 VVGMFDD  -11.1627  -11.7307   -0.5680    0.1974
 3073 MIGVFDD  -11.0128  -11.5665   -0.5537    0.1974
 3074 MIGVMDD  -11.8066  -12.5935   -0.7869    0.1974
 3075 MVGVVDD  -12.0808  -14.2473   -2.1666    0.1974
 3076 MVGVVDD  -12.0808  -14.2473   -2.1666    0.1974
 3077 VMVVGDD  -12.0557  -14.3337   -2.2780    0.1974
 3078 VVVMGDD  -12.1538  -14.4318   -2.2780    0.1974
 3079 VVIMYDD  -10.8285  -12.8559   -2.0274    0.1974
 3080 VVIMYDD  -10.8285  -12.8559   -2.0274    0.1974
 3081 VVIMYDD  -10.8285  -12.8559   -2.0274    0.1974
 3082 VVIMMDD  -11.1300  -13.8112   -2.6811    0.1974
 3083 VVIMMDD  -11.1300  -13.8112   -2.6811    0.1974
 3084 MMVMADD   -9.9094  -12.2754   -2.3660    0.1974
 3085 MYMVMDD  -11.2638  -11.6147   -0.3509    0.1974
 3086 VYMMMDD  -11.8288  -12.1797   -0.3509    0.1974
 3087 VGLMMDD   -9.9389  -12.5155   -2.5766    0.1974
 3088 MGLMVED   -9.1872  -12.0809   -2.8937    0.1974
 3089 MGLMIED   -8.7094  -11.1889   -2.4794    0.1974
 3090 IGVMIED   -9.3185  -10.4937   -1.1751    0.1974
 3091 MGVMIKD  -11.3980  -11.6920   -0.2940    0.1974
 3092 MGVMIKD  -11.3980  -11.6920   -0.2940    0.1974
 3093 IKVMVGD   -9.9270  -10.1150   -0.1880    0.1974
 3094 IKMMVGD  -10.0210  -10.2036   -0.1826    0.1974
 3095 IDMMVGD   -9.4774  -10.1528   -0.6754    0.1974
 3096 IDMGVGD   -5.8007   -9.5473   -3.7466    0.1974
 3097 IEMGVGD   -7.5404  -11.6041   -4.0637    0.1974
 3098 MFIEGGD   -9.1346  -11.9340   -2.7994    0.1974
 3099 MFIEGGE   -8.5324  -11.6490   -3.1166    0.1974
 3100 MEIVGGE   -9.0233  -13.6270   -4.6037    0.1974
 3101 MEIVGGE   -9.0233  -13.6270   -4.6037    0.1974
 3102 WEIVGGD   -9.0638  -10.8961   -1.8323    0.1974
 3103 WDILGGD   -7.0415   -8.9720   -1.9306    0.1974
 3104 WLKIGGD  -11.1677  -12.6054   -1.4377    0.1974
 3105 WLKIGGD  -11.1677  -12.6054   -1.4377    0.1974
 3106 ILKIGGD  -13.4120  -15.9352   -2.5231    0.1974
 3107 IIRLGGD  -11.0410  -16.9281   -5.8871    0.1974
 3108 IIRLGGD  -11.0410  -16.9281   -5.8871    0.1974
 3109 IIKLGGD  -13.7496  -16.2727   -2.5231    0.1974
 3110 IIKIGGD  -15.3700  -16.1035   -0.7334    0.1974
 3111 IIKIGGD  -15.3700  -16.1035   -0.7334    0.1974
 3112 KIIIGGD  -14.5777  -15.4226   -0.8449    0.1974
 3113 KIIIGGD  -14.5777  -15.4226   -0.8449    0.1974
 3114 KIIIGGD  -14.5777  -15.4226   -0.8449    0.1974
 3115 IIKIGGD  -15.3499  -16.0834   -0.7334    0.1974
 3116 IIKIGGD  -15.3499  -16.0834   -0.7334    0.1974
 3117 IIKIGGD  -15.3499  -16.0834   -0.7334    0.1974
 3118 IIKIGGD  -15.3499  -16.0834   -0.7334    0.1974
 3119 IIKIGGD  -15.3499  -16.0834   -0.7334    0.1974
 3120 IIKVGGD  -15.7555  -17.8632   -2.1077    0.1974
 3121 IWKVGGD  -15.5180  -16.5402   -1.0223    0.1974
 3122 IWKVGGD  -15.5180  -16.5402   -1.0223    0.1974
 3123 IWKVGGD  -15.6150  -16.6373   -1.0223    0.1570
 3124 LWKVGGD  -13.1742  -15.9862   -2.8120    0.1570
 3125 LWKVGGD  -13.1742  -15.9862   -2.8120    0.1570
 3126 LWKVGGD  -13.1744  -15.9864   -2.8120    0.1570
 3127 LIKVGGD  -13.0050  -16.9024   -3.8974    0.1570
 3128 LIKVGGD  -13.0050  -16.9024   -3.8974    0.1570
 3129 IIKVGGD  -14.9875  -17.0952   -2.1077    0.1570
 3130 KIIVGGD  -13.5805  -15.7996   -2.2191    0.1570
 3131 KIMVGGD  -12.0370  -15.6250   -3.5880    0.1570
 3132 KIMVGGD  -12.0370  -15.6250   -3.5880    0.1570
 3133 KIWVGGD  -13.8904  -15.0241   -1.1337    0.1570
 3134 KIWMGGD  -12.2986  -13.4269   -1.1283    0.1570
 3135 KIWMGGD  -12.2986  -13.4269   -1.1283    0.1570
 3136 KIWMGGD  -12.2986  -13.4269   -1.1283    0.1570
 3137 KIWMGGD  -12.2986  -13.4269   -1.1283    0.1570
 3138 KIWDGGM   -8.7897   -9.8066   -1.0169    0.1570
 3139 KIWMGGE  -11.3067  -12.7521   -1.4454    0.1570
 3140 RIWMGGE   -8.1017  -12.9112   -4.8094    0.1570
 3141 RIWMGGD   -8.2508  -12.7431   -4.4923    0.1570
 3142 DIVMGGE   -6.1284  -10.5264   -4.3980    0.1570
 3143 KVIGMGD   -9.4819  -12.8470   -3.3651    0.1570
 3144 KIVGMGD  -10.8514  -14.2166   -3.3651    0.1570
 3145 KIMGVGD  -11.1458  -14.5109   -3.3651    0.1570
 3146 KIMGVGE  -11.0674  -14.7496   -3.6823    0.1570
 3147 KMIVGGE  -10.9488  -14.8539   -3.9051    0.1570
 3148 KVIGMGE   -9.7481  -13.4304   -3.6823    0.1570
 3149 KVIGMGD   -9.7945  -13.1597   -3.3651    0.1570
 3150 KMIGMGD   -9.9346  -13.2943   -3.3597    0.1570
 3151 KMIGMGD   -9.9346  -13.2943   -3.3597    0.1570
 3152 KMIGMGD   -9.9346  -13.2943   -3.3597    0.1570
 3153 KMIGMGE  -10.1590  -13.8358   -3.6769    0.1570
 3154 KMIGMGE  -10.1590  -13.8358   -3.6769    0.1570
 3155 MKIGMGE   -8.5645  -12.1299   -3.5654    0.1570
 3156 KMIGMGE  -10.3736  -14.0504   -3.6769    0.1570
 3157 KWIGMGE  -12.7987  -14.0213   -1.2226    0.1570
 3158 KWIGLGE  -11.2376  -12.8811   -1.6434    0.1570
 3159 EVIGLGK   -8.3237  -12.4269   -4.1031    0.1570
 3160 EVIGLGK   -8.3237  -12.4269   -4.1031    0.1570
 3161 EVIGLGK   -8.3237  -12.4269   -4.1031    0.1570
 3162 EVIGKGI   -9.1377  -11.4511   -2.3134    0.1570
 3163 KVIVEGM  -13.5328  -14.0379   -0.5051    0.1570
 3164 KIVVEGM  -13.5864  -14.0916   -0.5051    0.1570
 3165 KIVVEGM  -13.5864  -14.0916   -0.5051    0.1570
 3166 RIVVEGM  -12.8782  -16.7474   -3.8691    0.1570
 3167 RVIVEGM  -12.1157  -15.9848   -3.8691    0.1570
 3168 RVIVEGM  -12.1157  -15.9848   -3.8691    0.1570
 3169 RIIVEGM  -12.8629  -16.7978   -3.9349    0.1570
 3170 RIIVDGM  -10.9862  -14.6039   -3.6177    0.1570
 3171 RIIVEGY  -11.1599  -14.4811   -3.3211    0.1570
 3172 RIIVEGY  -11.1599  -14.4811   -3.3211    0.1570
 3173 RIIVEGY  -11.1599  -14.4811   -3.3211    0.1570
 3174 KVIMEGY  -10.0858  -11.4118   -1.3260    0.1570
 3175 KIIMEGG  -10.4257  -12.9565   -2.5309    0.1570
 3176 KIIAMGE  -12.2619  -14.7802   -2.5183    0.1570
 3177 KIIAMGE  -12.2619  -14.7802   -2.5183    0.1570
 3178 KIIAMGE  -12.2619  -14.7802   -2.5183    0.1570
 3179 KIIAMGE  -12.2619  -14.7802   -2.5183    0.1570
 3180 EIIIMGK   -9.8737  -12.3817   -2.5080    0.1570
 3181 EIIIMGK   -9.8737  -12.3817   -2.5080    0.1570
 3182 EIIIMGK   -9.8737  -12.3817   -2.5080    0.1570
 3183 EIIIMGK   -9.8737  -12.3817   -2.5080    0.1570
 3184 EIIIAGK   -9.6121  -10.7616   -1.1494    0.1570
 3185 EIIIKGM   -9.8601  -12.2567   -2.3966    0.1570
 3186 KIIIEGM   -9.4311  -11.8277   -2.3966    0.1570
 3187 KIVIEGM  -10.9279  -11.4987   -0.5709    0.1570
 3188 KLVIEGM  -10.5382  -12.3388   -1.8006    0.1570
 3189 KLVIEGM  -10.5382  -12.3388   -1.8006    0.1570
 3190 KIVLEGM  -11.7382  -13.5388   -1.8006    0.1570
 3191 KIMLEGM  -11.0753  -12.9504   -1.8751    0.1570
 3192 KLMMEGM  -10.7677  -13.0517   -2.2840    0.1570
 3193 MLKMEGM  -10.6852  -12.8577   -2.1726    0.1570
 3194 MLKMDGM   -9.6485  -11.5039   -1.8554    0.1570
 3195 DLKMIGM  -10.3271  -11.7737   -1.4466    0.1570
 3196 DLKMIGM  -10.3271  -11.7737   -1.4466    0.1570
 3197 VLKMDGM   -9.6564  -11.5173   -1.8609    0.1570
 3198 MGKVDLL   -7.3018   -9.9035   -2.6017    0.1570
 3199 MGKVDLL   -7.3018   -9.9035   -2.6017    0.1570
 3200 MGKVLFE   -8.6154  -10.1117   -1.4963    0.1570
 3201 MGKVLFE   -8.6154  -10.1117   -1.4963    0.1570
 3202 MGKVLFD   -8.5379   -9.7170   -1.1791    0.1570
 3203 DGKVVFM   -9.2862   -9.3614   -0.0751    0.1570
 3204 DGKVMVM   -9.0057  -10.6740   -1.6683    0.1570
 3205 VGKVDMI   -9.2350   -9.3116   -0.0766    0.1570
 3206 KMVIDGY  -11.8918  -12.9007   -1.0089    0.1570
 3207 KMVIVGD  -15.0730  -15.3724   -0.2994    0.1570
 3208 KMVIVGD  -15.0730  -15.3724   -0.2994    0.1570
 3209 KMVIVGD  -15.0730  -15.3724   -0.2994    0.1570
 3210 KMVIVGD  -15.0730  -15.3724   -0.2994    0.1570
 3211 VVKIMGE  -13.7125  -14.2176   -0.5051    0.1570
 3212 VVKIMGE  -13.7125  -14.2176   -0.5051    0.1570
 3213 MVKIMGE  -12.2722  -12.7719   -0.4997    0.1570
 3214 MVKIMGE  -12.2722  -12.7719   -0.4997    0.1570
 3215 MKIVEGM   -9.6767  -10.0650   -0.3883    0.1570
 3216 MKVIEGM  -11.6994  -12.0877   -0.3883    0.1570
 3217 MKVIEGM  -11.6994  -12.0877   -0.3883    0.1570
 3218 LVKIEGM  -12.7486  -14.4378   -1.6891    0.1570
 3219 LVKIEGM  -12.7486  -14.4378   -1.6891    0.1570
 3220 LVKIEGM  -12.7486  -14.4378   -1.6891    0.1570
 3221 VLKIEGM  -11.8023  -13.4914   -1.6891    0.1570
 3222 VLKIEGM  -11.8023  -13.4914   -1.6891    0.1570
 3223 VLKIEGM  -11.8023  -13.4914   -1.6891    0.1570
 3224 VLMIEGK  -12.3886  -14.3006   -1.9120    0.1570
 3225 VLMIEGK  -12.3886  -14.3006   -1.9120    0.1570
 3226 VMLIEGD  -11.9826  -14.3875   -2.4049    0.1570
 3227 VMLIEGD  -11.9026  -14.3075   -2.4049    0.1570
 3228 VLMIEGD  -11.3264  -13.7313   -2.4049    0.1570
 3229 VLMIEGK  -11.5925  -13.5045   -1.9120    0.1570
 3230 VLMIEGK  -11.5925  -13.5045   -1.9120    0.1570
 3231 MGMIEVE  -11.3766  -12.5749   -1.1983    0.1570
 3232 MGMIEVE  -11.4878  -12.6861   -1.1983    0.1570
 3233 MGMIDVK   -9.6678   -9.7389   -0.0711    0.1570
 3234 DGVIMMK  -11.6469  -11.9409   -0.2940    0.1570
 3235 DGVIMKM  -12.2084  -12.3910   -0.1826    0.1570
 3236 DGVIMKL  -11.3915  -12.8749   -1.4834    0.1570
 3237 EGVIMRL   -8.0604  -13.2249   -5.1646    0.1570
 3238 EGVIMRL   -8.1713  -13.3359   -5.1646    0.1570
 3239 LGVIMKE  -12.1074  -14.0194   -1.9120    0.1570
 3240 LGVIMKE  -12.1074  -14.0194   -1.9120    0.1570
 3241 LGVIEMD  -10.9226  -13.1046   -2.1820    0.1570
 3242 VGMIEMD  -13.6375  -14.5186   -0.8811    0.1570
 3243 VGIIEME  -14.1099  -15.3794   -1.2694    0.1570
 3244 VGIIEMD  -15.0552  -16.0075   -0.9523    0.1570
 3245 VMIIEGD  -15.1641  -16.3392   -1.1751    0.1570
 3246 VMIIEGE  -14.2956  -15.7879   -1.4923    0.1570
 3247 VMIIEGD  -14.8295  -16.0047   -1.1751    0.1570
 3248 VGMIMKE  -13.0746  -13.6857   -0.6111    0.1570
 3249 MGVIMKD  -13.3434  -13.6374   -0.2940    0.1570
 3250 MGVIEMD  -13.5946  -14.4758   -0.8811    0.1570
 3251 MGVIEMK  -12.7555  -13.1438   -0.3883    0.1570
 3252 MGEIVMK  -11.6129  -12.1126   -0.4997    0.1570
 3253 MGIEVMD  -11.4602  -12.3414   -0.8811    0.1570
 3254 MGIEVMD  -11.4602  -12.3414   -0.8811    0.1570
 3255 WGIEVMD   -8.3410  -10.6478   -2.3069    0.1570
 3256 YGIVEMD   -8.7396  -10.4470   -1.7074    0.1570
 3257 YGIEVMD   -8.2852   -9.9926   -1.7074    0.1570
 3258 WGMEVMD  -10.4583  -11.0140   -0.5557    0.1570
 3259 WGMEVMK   -8.6861   -8.7489   -0.0629    0.1570
 3260 WGMEVMK   -8.6861   -8.7489   -0.0629    0.1570
 3261 WGMEVMK   -8.6861   -8.7489   -0.0629    0.1570
 3262 WGVEMMK   -7.4586   -7.5214   -0.0629    0.1570
 3263 WGVEMMK   -7.5032   -7.5661   -0.0629    0.1570
 3264 WGMEVME   -8.6642   -9.5371   -0.8729    0.1570
 3265 WGMEMVE   -7.7941   -8.6670   -0.8729    0.1570
 3266 WGVEMVE   -8.1427   -8.9410   -0.7983    0.1570
 3267 EGVVMWE  -10.5251  -11.5462   -1.0211    0.1570
 3268 EGVIMWE   -8.7790  -11.6259   -2.8469    0.1570
 3269 EGVIEWM   -8.7206  -11.4560   -2.7354    0.1570
 3270 KGVIEWM  -11.3138  -13.2392   -1.9254    0.1570
 3271 EGVIKWL   -7.8813  -12.7876   -4.9063    0.1570
 3272 VGEIKWL   -7.4778  -12.2727   -4.7949    0.1570
 3273 VGIEDWM   -6.5517   -8.9700   -2.4183    0.1570
 3274 VGDIKFM   -7.8810   -7.7190    0.1620    0.1570
 3275 VGDIKLM   -8.5293   -9.9013   -1.3720    0.1570
 3276 VGDIRLW   -5.2753  -13.1170   -7.8417    0.1570
 3277 VADIRLG   -8.1867  -15.3242   -7.1374    0.1570
 3278 VADIRLG   -8.1867  -15.3242   -7.1374    0.1570
 3279 VADIKMG   -8.9483  -12.3008   -3.3526    0.1570
 3280 IADIKMG  -10.5554  -12.5336   -1.9783    0.1570
 3281 LADIKMG   -9.2279  -12.9959   -3.7680    0.1570
 3282 WADIKMG  -10.4981  -11.3910   -0.8929    0.1570
 3283 WMDIKMG   -8.7717  -10.3431   -1.5714    0.1570
 3284 WMDIKMG   -8.7717  -10.3431   -1.5714    0.1570
 3285 MMDIKMG  -10.2776  -10.3434   -0.0657    0.1570
 3286 MMDIKMG  -10.2776  -10.3434   -0.0657    0.1570
 3287 VMDIKMG  -11.3614  -11.4326   -0.0711    0.1570
 3288 VMKVDMG  -12.3547  -13.8002   -1.4454    0.1570
 3289 VMKVDMG  -12.3547  -13.8002   -1.4454    0.1570
 3290 VLKVEMG  -12.4003  -14.5837   -2.1834    0.1570
 3291 VLKVEMG  -12.4003  -14.5837   -2.1834    0.1570
 3292 VMLVEKG   -9.0890  -11.6067   -2.5177    0.1570
 3293 VMVVKDG   -9.7854  -11.5705   -1.7851    0.1570
 3294 IIVVEDG  -12.2004  -13.4124   -1.2120    0.1570
 3295 IVIVEDG  -12.2361  -13.4481   -1.2120    0.1570
 3296 IVIVKDG  -12.4220  -12.8240   -0.4020    0.1570
 3297 IIVVEDG  -11.2768  -12.4888   -1.2120    0.1570
 3298 ILVVRDG  -11.0208  -16.0165   -4.9957    0.1570
 3299 ILVVRDG  -11.0208  -16.0165   -4.9957    0.1570
 3300 ILVVRDG  -11.0208  -16.0165   -4.9957    0.1570
 3301 ILVVDDG  -12.5510  -14.6756   -2.1246    0.1570
 3302 ILVVKDG  -14.1654  -15.7971   -1.6317    0.1570
 3303 IMVVKDG  -15.5331  -15.9439   -0.4109    0.1570
 3304 IDVVKMG  -13.4945  -13.5710   -0.0766    0.1570
 3305 IMVVKDG  -12.3110  -12.7219   -0.4109    0.1570
 3306 MVIVKEG  -12.1215  -12.8495   -0.7280    0.1570
 3307 MVIIKDG  -12.9541  -13.4306   -0.4766    0.1570
 3308 MVIIKDG  -12.6451  -13.1216   -0.4766    0.1570
 3309 IVMIKDG  -13.4940  -13.9706   -0.4766    0.1570
 3310 IVMIKDG  -13.4940  -13.9706   -0.4766    0.1570
 3311 IVKIMDG  -15.0267  -15.2804   -0.2537    0.1570
 3312 IKVIMDG  -13.2366  -13.4903   -0.2537    0.1570
 3313 VKIIMDG  -13.1964  -13.4501   -0.2537    0.1570
 3314 VKIIMDG  -13.1964  -13.4501   -0.2537    0.1570
 3315 IKVIMDG  -13.4782  -13.7319   -0.2537    0.1570
 3316 IRVIMDG  -10.0618  -13.6795   -3.6177    0.1570
 3317 IDVIMDG  -10.8868  -11.6334   -0.7466    0.1570
 3318 IDVIMDG  -10.8868  -11.6334   -0.7466    0.1570
 3319 IDVIMDG  -10.8868  -11.6334   -0.7466    0.1570
 3320 IDVIMDG  -10.8868  -11.6334   -0.7466    0.1570
 3321 IDIVMDG  -10.6268  -11.3734   -0.7466    0.1570
 3322 IKIVMDG  -13.2221  -13.4758   -0.2537    0.1570
 3323 DIIVMDG   -9.3459  -10.2039   -0.8580    0.1570
 3324 DIIVMDG   -9.3399  -10.1979   -0.8580    0.1731
 3325 KLMVIDG   -9.9508  -11.5456   -1.5949    0.1731
 3326 KLLVIDG  -11.0121  -15.5879   -4.5757    0.1731
 3327 KLLVIDG  -11.0121  -15.5879   -4.5757    0.1731
 3328 KLLVIDG  -11.0121  -15.5879   -4.5757    0.1731
 3329 ELLVIDG   -8.4032  -13.7889   -5.3857    0.1731
 3330 LLEVVDG  -10.3359  -13.7845   -3.4486    0.1731
 3331 ILRVVDG  -11.0133  -15.7862   -4.7729    0.1731
 3332 IFRVVDG  -10.6899  -13.9288   -3.2389    0.1731
 3333 RVIVVDG  -10.8443  -14.5132   -3.6689    0.1731
 3334 KVIVVDG  -15.0735  -15.3783   -0.3049    0.1731
 3335 KFIVVDG  -15.1193  -15.1056    0.0137    0.1731
 3336 KMIVVDG  -15.0328  -15.3322   -0.2994    0.1731
 3337 KMIVVDG  -15.0328  -15.3322   -0.2994    0.1731
 3338 KMIVVDG  -15.0328  -15.3322   -0.2994    0.1731
 3339 KVIVIDG  -14.4918  -14.7823   -0.2906    0.1731
 3340 KVIIVDG  -15.9368  -16.2274   -0.2906    0.1731
 3341 KVIIMDG  -15.3018  -15.6669   -0.3651    0.1731
 3342 MVIIKDG  -14.4038  -14.8804   -0.4766    0.1731
 3343 MKIIIEG  -10.7903  -13.1869   -2.3966    0.1731
 3344 IKIVMEG  -15.0854  -15.6562   -0.5709    0.1731
 3345 IKVVMEG  -13.6976  -14.2028   -0.5051    0.1731
 3346 IEMIVDG  -11.9347  -12.9984   -1.0637    0.1731
 3347 IELVVKG  -11.2877  -13.0137   -1.7260    0.1731
 3348 IKLVVEG  -11.6061  -13.3321   -1.7260    0.1731
 3349 LKIVVEG  -10.2410  -11.9670   -1.7260    0.1731
 3350 LMVVKEG  -12.2987  -14.8164   -2.5177    0.1731
 3351 WMVVKEG  -11.4524  -11.7750   -0.3226    0.1731
 3352 WMVVKEG  -11.4524  -11.7750   -0.3226    0.1731
 3353 WKVVMEG  -11.9091  -12.0088   -0.0997    0.1731
 3354 WKVVMEG  -11.9091  -12.0088   -0.0997    0.1731
 3355 WKVVMEG  -11.9091  -12.0088   -0.0997    0.1731
 3356 GKVVVEW  -12.4956  -12.5208   -0.0251    0.1731
 3357 LKVVVEG  -12.7438  -15.0441   -2.3003    0.1731
 3358 VKIVVEG  -14.2927  -14.8033   -0.5106    0.1731
 3359 VKIVVEG  -14.2927  -14.8033   -0.5106    0.1731
 3360 VKIVVEG  -14.2927  -14.8033   -0.5106    0.1731
 3361 VKIVLEG  -12.8332  -14.5592   -1.7260    0.1731
 3362 VKIVMEG  -14.1369  -14.6421   -0.5051    0.1731
 3363 VKIVMEG  -14.1369  -14.6421   -0.5051    0.1731
 3364 VKIVMEG  -14.1369  -14.6421   -0.5051    0.1731
 3365 VKIVMEG  -14.1369  -14.6421   -0.5051    0.1731
 3366 VEIVMKG  -12.1218  -12.6269   -0.5051    0.1731
 3367 VEIVMEG  -12.0123  -13.3275   -1.3151    0.1731
 3368 IMMVEEG  -12.4187  -13.9513   -1.5326    0.1731
 3369 VMMIEEG  -11.1838  -12.7164   -1.5326    0.1731
 3370 VMMIEEG  -11.1838  -12.7164   -1.5326    0.1731
 3371 MMMIEEG  -10.9315  -12.4586   -1.5271    0.1731
 3372 MMMIEEG  -10.9315  -12.4586   -1.5271    0.1731
 3373 MMMIEEG  -10.9315  -12.4586   -1.5271    0.1731
 3374 MMMIEEG  -10.9315  -12.4586   -1.5271    0.1731
 3375 MMMIDEG   -9.7578  -10.9678   -1.2100    0.1731
 3376 FMMIDEG   -9.9795  -11.0363   -1.0569    0.1731
 3377 FMMIKEG  -10.3958  -10.9598   -0.5640    0.1731
 3378 FMKIMEG  -10.1302  -10.4714   -0.3411    0.1731
 3379 FMKIMEG  -10.1302  -10.4714   -0.3411    0.1731
 3380 FMKIMEG  -10.1302  -10.4714   -0.3411    0.1731
 3381 FMKIMEG  -10.1302  -10.4714   -0.3411    0.1731
 3382 FMKIMEG  -10.1302  -10.4714   -0.3411    0.1731
 3383 IMKIMEG   -9.9243  -10.5697   -0.6454    0.1731
 3384 IMKIMEG   -9.9243  -10.5697   -0.6454    0.1731
 3385 KMIIMEG   -8.3877   -9.1445   -0.7569    0.1731
 3386 KMMIMEG  -10.7872  -11.3929   -0.6057    0.1731
 3387 KMVIMEG  -11.8711  -12.4823   -0.6111    0.1731
 3388 KMVIMEG  -11.8711  -12.4823   -0.6111    0.1731
 3389 KMVIMEG  -11.8711  -12.4823   -0.6111    0.1731
 3390 KMVIMEG  -11.8711  -12.4823   -0.6111    0.1731
 3391 KMVIEMG  -10.8483  -11.3480   -0.4997    0.1731
 3392 KMVIEMG  -10.8483  -11.3480   -0.4997    0.1731
 3393 KMVIEMG  -10.8483  -11.3480   -0.4997    0.1731
 3394 KMVIMEG  -11.7949  -12.4060   -0.6111    0.1731
 3395 KMMVVEG  -10.5090  -12.4944   -1.9854    0.1731
 3396 MMKVVEG  -10.7137  -12.5877   -1.8740    0.1731
 3397 MMKVIEG  -10.6890  -11.1887   -0.4997    0.1731
 3398 KMMIVEG  -14.2339  -14.8450   -0.6111    0.1731
 3399 KMMIVEG  -14.2339  -14.8450   -0.6111    0.1731
 3400 KIMVDMG  -12.1791  -12.3616   -0.1826    0.1731
 3401 KIMIDMG  -11.2770  -11.6053   -0.3283    0.1731
 3402 KIMIDMG  -11.2770  -11.6053   -0.3283    0.1731
 3403 KIMIDMG  -11.2770  -11.6053   -0.3283    0.1731
 3404 KIMMDMG   -9.2175   -9.3947   -0.1771    0.1731
 3405 KMMIMDG   -9.8046  -10.0932   -0.2886    0.1731
 3406 KMMIMDG   -9.8046  -10.0932   -0.2886    0.1731
 3407 KMMIMDG   -9.8046  -10.0932   -0.2886    0.1731
 3408 KMMIEMG  -10.8728  -11.3671   -0.4943    0.1731
 3409 KMMIEMG  -10.8728  -11.3671   -0.4943    0.1731
 3410 KMMIEMG  -10.8728  -11.3671   -0.4943    0.1731
 3411 KMIIEMG   -8.7803   -9.4257   -0.6454    0.1731
 3412 KMIIMEG   -8.4060   -9.1629   -0.7569    0.1731
 3413 KMIIMEG   -8.4060   -9.1629   -0.7569    0.1731
 3414 KMIVMDG  -11.0335  -11.3275   -0.2940    0.1731
 3415 KMIVMDG  -11.0335  -11.3275   -0.2940    0.1731
 3416 KMIVMDG  -11.0335  -11.3275   -0.2940    0.1731
 3417 KMIVMDG  -11.0335  -11.3275   -0.2940    0.1731
 3418 KLIVMDG  -13.3121  -14.9069   -1.5949    0.1731
 3419 KLIVMDG  -13.3121  -14.9069   -1.5949    0.1731
 3420 KLIVMDG  -13.3121  -14.9069   -1.5949    0.1731
 3421 MLVVKDG  -10.9707  -13.1713   -2.2006    0.1731
 3422 LKVVMDG  -13.2083  -15.1861   -1.9777    0.1731
 3423 LKVVMDG  -13.2083  -15.1861   -1.9777    0.1731
 3424 LKVVMDG  -13.2083  -15.1861   -1.9777    0.1731
 3425 VKIIMDG  -14.5230  -14.7767   -0.2537    0.1731
 3426 VKMIVDG  -15.5773  -15.7653   -0.1880    0.1731
 3427 VMKIVDG  -16.4448  -16.6328   -0.1880    0.1731
 3428 VMKIVDG  -16.4448  -16.6328   -0.1880    0.1731
 3429 VMKIVDG  -16.4448  -16.6328   -0.1880    0.1731
 3430 VMKIVDG  -16.4448  -16.6328   -0.1880    0.1731
 3431 VMKIVDG  -16.4448  -16.6328   -0.1880    0.1731
 3432 VMKIVDG  -16.4448  -16.6328   -0.1880    0.1731
 3433 VMKIVDG  -16.4448  -16.6328   -0.1880    0.1731
 3434 VMKIVDG  -16.4448  -16.6328   -0.1880    0.1731
 3435 VMKIIDG  -15.0642  -15.3179   -0.2537    0.1731
 3436 VMIIKDG  -14.2555  -14.7321   -0.4766    0.1731
 3437 VMLIEDG  -12.6005  -15.1168   -2.5163    0.1731
 3438 IMLVEDG  -11.9215  -14.4378   -2.5163    0.1731
 3439 IMVVEDG  -13.0161  -14.2370   -1.2209    0.1731
 3440 IDVVEMG   -9.1485  -10.0351   -0.8866    0.1731
 3441 VDVIEFG   -9.7291  -10.3025   -0.5734    0.1731
 3442 VDVIEFG   -9.7291  -10.3025   -0.5734    0.1731
 3443 FEVIEVG   -9.9583  -10.8489   -0.8906    0.1731
 3444 VEVIKFG  -11.5972  -11.6778   -0.0806    0.1731
 3445 FEVIKVG  -12.1564  -12.2370   -0.0806    0.1731
 3446 IEVIKVG  -12.6934  -13.0783   -0.3849    0.1731
 3447 LEVIKVG  -11.8077  -13.4223   -1.6146    0.1731
 3448 LKVIEVG  -10.1104  -11.7249   -1.6146    0.1731
 3449 LKVIEVG  -10.1104  -11.7249   -1.6146    0.1731
 3450 KVVIELG  -13.0541  -14.7801   -1.7260    0.1731
 3451 KVMIELG  -12.0618  -13.8623   -1.8006    0.1731
 3452 KVMIELG  -12.0618  -13.8623   -1.8006    0.1731
 3453 KVMIELG  -12.0618  -13.8623   -1.8006    0.1731
 3454 KVMIELG  -12.0618  -13.8623   -1.8006    0.1731
 3455 KVMIELG  -12.0618  -13.8623   -1.8006    0.1731
 3456 KVMIELG  -12.0618  -13.8623   -1.8006    0.1731
 3457 KVMIELG  -12.0618  -13.8623   -1.8006    0.1731
 3458 KVMIELG  -12.0618  -13.8623   -1.8006    0.1731
 3459 KVMIELG  -12.0618  -13.8623   -1.8006    0.1731
 3460 KVVIEGM  -14.0896  -14.5947   -0.5051    0.1731
 3461 KMVIEGL  -14.6768  -16.4774   -1.8006    0.1731
 3462 KGVIEML  -14.6325  -16.4331   -1.8006    0.1731
 3463 KGVIEML  -14.6325  -16.4331   -1.8006    0.1731
 3464 KGVIEVL  -13.1963  -14.9223   -1.7260    0.1731
 3465 KGVIEVL  -13.1656  -14.8916   -1.7260    0.1731
 3466 KGVIEVL  -13.1656  -14.8916   -1.7260    0.1731
 3467 KWVIEAG  -14.5058  -15.8326   -1.3269    0.1731
 3468 KWVIEAG  -14.5058  -15.8326   -1.3269    0.1731
 3469 KWVIEAG  -14.5058  -15.8326   -1.3269    0.1731
 3470 KIVIEAG  -13.2019  -15.6142   -2.4123    0.1731
 3471 KMIIEAG  -13.7472  -16.1540   -2.4069    0.1731
 3472 KMLIEAG  -13.5515  -17.7481   -4.1966    0.1731
 3473 KMLIEGG  -12.2927  -16.6133   -4.3206    0.1731
 3474 KVLIEGG  -12.9141  -17.2401   -4.3260    0.1731
 3475 KVLIEGM  -13.4557  -15.2562   -1.8006    0.1731
 3476 KVLIEGM  -13.4557  -15.2562   -1.8006    0.1731
 3477 EVIIKGM   -9.6364  -10.2073   -0.5709    0.1731
 3478 EIVIMGK  -15.6814  -16.3637   -0.6823    0.1731
 3479 EIVVMGR  -12.2635  -16.2441   -3.9806    0.1731
 3480 DIVVMGK  -13.5323  -13.8317   -0.2994    0.1731
 3481 KIVVMGE  -17.0214  -17.6380   -0.6166    0.1731
 3482 VIKVMGE  -15.8352  -16.3403   -0.5051    0.1731
 3483 VIKVMGE  -15.8352  -16.3403   -0.5051    0.1731
 3484 VIKVMGE  -15.8352  -16.3403   -0.5051    0.1731
 3485 VIKVMGE  -15.8352  -16.3403   -0.5051    0.1731
 3486 VVKIMGE  -15.0634  -15.5686   -0.5051    0.1731
 3487 VVKIMGD  -15.4542  -15.6422   -0.1880    0.1731
 3488 VVKIMGD  -15.4542  -15.6422   -0.1880    0.1731
 3489 VVKIIGD  -14.2684  -14.4475   -0.1791    0.1731
 3490 VKIIVGD  -15.7750  -15.9541   -0.1791    0.1731
 3491 VIKIVGE  -16.3599  -16.8562   -0.4963    0.1731
 3492 VIKIVGE  -16.3599  -16.8562   -0.4963    0.1731
 3493 VVKIMGE  -15.8456  -16.3507   -0.5051    0.1731
 3494 MVKIVGE  -14.5294  -15.0345   -0.5051    0.1731
 3495 MVKIVGE  -14.5294  -15.0345   -0.5051    0.1731
 3496 MVKIVGE  -14.5294  -15.0345   -0.5051    0.1731
 3497 VKMIVGE  -14.3132  -14.8183   -0.5051    0.1731
 3498 VKVIMGE  -14.1280  -14.6331   -0.5051    0.1731
 3499 KVVIMGE  -15.3047  -15.9213   -0.6166    0.1731
 3500 KVVIMGE  -15.3047  -15.9213   -0.6166    0.1731
 3501 KVMIVGE  -15.3730  -15.9895   -0.6166    0.1731
 3502 KMVIVGE  -15.5380  -16.1546   -0.6166    0.1731
 3503 KMIIVGE  -15.7989  -16.4812   -0.6823    0.1731
 3504 KMVIVGE  -15.5320  -16.1485   -0.6166    0.1731
 3505 KEVIVGM  -14.6640  -15.2806   -0.6166    0.1731
 3506 MEVVIGD  -11.6571  -12.6551   -0.9980    0.1731
 3507 VELVIGD  -11.0007  -13.2196   -2.2189    0.1731
 3508 IVVLEGD  -11.2776  -13.6079   -2.3303    0.1731
 3509 EFVIVGK  -10.3099  -10.6133   -0.3034    0.1731
 3510 FIVEVGK  -10.6170  -10.8090   -0.1920    0.1731
 3511 FIVVEGK  -11.4766  -11.7800   -0.3034    0.1731
 3512 FKVVMGE  -11.3190  -11.5999   -0.2809    0.1731
 3513 KFVVMGE  -14.7502  -15.1425   -0.3923    0.1731
 3514 KEMVVGF  -10.5092  -10.9015   -0.3923    0.1731
 3515 KVMEVGF  -10.7673  -10.9367   -0.1694    0.1731
 3516 KMVEMGF   -9.0082   -9.1722   -0.1640    0.1731
 3517 KMVMEGF  -11.5853  -11.8607   -0.2754    0.1731
 3518 KMIMEGF  -11.7911  -12.1323   -0.3411    0.1731
 3519 KMIMEGF  -11.7911  -12.1323   -0.3411    0.1731
 3520 KMVMEGW  -12.4030  -12.5773   -0.1743    0.1731
 3521 KMVMEGW  -12.4030  -12.5773   -0.1743    0.1731
 3522 KIVMEGW  -12.9604  -14.8858   -1.9254    0.1731
 3523 KIVMWGE  -11.7916  -13.8284   -2.0369    0.1731
 3524 KIVMWGE  -11.7916  -13.8284   -2.0369    0.1731
 3525 KIVMWGE  -11.7916  -13.8284   -2.0369    0.1731
 3526 VIKMMGE  -15.1462  -15.6459   -0.4997    0.1731
 3527 VIKMMGE  -15.9437  -16.4434   -0.4997    0.1731
 3528 VIKMMGD  -15.9984  -16.1810   -0.1826    0.1731
 3529 VIKMVGD  -15.0009  -15.1889   -0.1880    0.1731
 3530 VIKMVGD  -15.0009  -15.1889   -0.1880    0.1731
 3531 KIIMVGE  -16.9068  -17.5891   -0.6823    0.1731
 3532 KIIMVGE  -16.9068  -17.5891   -0.6823    0.1731
 3533 KILMVGE  -16.1228  -18.0348   -1.9120    0.1731
 3534 KVIMVGD  -15.8998  -16.1992   -0.2994    0.1731
 3535 KVVMVGD  -14.0758  -15.7495   -1.6737    0.1731
 3536 KVVMVGD  -14.0758  -15.7495   -1.6737    0.1731
 3537 KVIMMGD  -15.8860  -16.1800   -0.2940    0.1731
 3538 KIVMMGD  -16.0024  -16.2964   -0.2940    0.1731
 3539 VIKMMGD  -14.4960  -14.6786   -0.1826    0.1731
 3540 VMIDMGD   -9.7151  -10.3906   -0.6754    0.1731
 3541 IMVDMGD   -8.3516   -9.0270   -0.6754    0.1731
 3542 IMVDMGD   -8.3516   -9.0270   -0.6754    0.1731
 3543 VMDDVGM   -4.7801   -6.8298   -2.0497    0.1731
 3544 MVDDVGW   -5.8869   -6.1623   -0.2754    0.1731
 3545 MVDKVGW   -6.1871   -5.9697    0.2174    0.1731
 3546 KMDVVGW  -11.0048  -10.6759    0.3289    0.1731
 3547 KMEVVGW  -11.4013  -11.3896    0.0117    0.1731
 3548 KVMEVGW  -12.8041  -12.7924    0.0117    0.1731
 3549 VMEVKGW  -12.1047  -12.0930    0.0117    0.1731
 3550 EVMVKGW  -11.8557  -11.9554   -0.0997    0.1731
 3551 EKMVVGW  -11.6004  -11.8115   -0.2111    0.1731
 3552 EKMVVGW  -13.3199  -13.5310   -0.2111    0.1731
 3553 VKMEVGW  -14.8345  -14.7113    0.1231    0.1731
 3554 VKMEVGW  -14.8345  -14.7113    0.1231    0.1731
 3555 EKMVVGF  -12.6041  -12.9963   -0.3923    0.1731
 3556 MVEVKGF  -11.1415  -11.3109   -0.1694    0.1731
 3557 MVEVKGF  -11.1415  -11.3109   -0.1694    0.1731
 3558 MIEVKGF  -12.0547  -12.2099   -0.1551    0.1731
 3559 VIEMKGF  -11.5286  -11.6837   -0.1551    0.1731
 3560 VIKMEGF  -13.8813  -14.0364   -0.1551    0.1731
 3561 VIKMDGF  -13.4890  -13.3270    0.1620    0.1731
 3562 VIKMDGF  -13.4890  -13.3270    0.1620    0.1731
 3563 VIKMDGF  -13.4890  -13.3270    0.1620    0.1731
 3564 VIKMDGF  -13.4890  -13.3270    0.1620    0.1731
 3565 VIKIDGM  -13.7317  -13.8740   -0.1423    0.1731
 3566 KIVIDGM  -14.2865  -14.5403   -0.2537    0.1731
 3567 IIKVDGM  -13.7055  -13.8478   -0.1423    0.1731
 3568 IIKVDGA  -13.1415  -15.1252   -1.9837    0.1731
 3569 IIRVDGA  -12.0450  -17.3927   -5.3477    0.1731
 3570 IIRVDGA  -12.0450  -17.3927   -5.3477    0.1731
 3571 IIKIDGA  -14.8114  -15.4208   -0.6094    0.1731
 3572 IIRIDGA  -13.2922  -17.2657   -3.9734    0.1731
 3573 IIRIDGA  -13.2922  -17.2657   -3.9734    0.1731
 3574 IIRIDGA  -13.2922  -17.2657   -3.9734    0.1731
 3575 VIRIDGA  -12.8540  -18.2017   -5.3477    0.1731
 3576 VIRIDGY  -13.6178  -16.5104   -2.8926    0.1731
 3577 IVRIDGY  -11.7046  -14.5972   -2.8926    0.1731
 3578 IVKIDGY  -12.2455  -11.7741    0.4714    0.1731
 3579 IIKVDGY  -12.9681  -12.4967    0.4714    0.1731
 3580 ILKVDGY  -10.9828  -12.3011   -1.3183    0.1731
 3581 ILKVEGI  -10.3691  -13.8094   -3.4403    0.1731
 3582 KLIVEGM  -13.4060  -15.2065   -1.8006    0.1731
 3583 KLIVEGM  -13.4060  -15.2065   -1.8006    0.1731
 3584 KMIVEGM  -14.3977  -14.8974   -0.4997    0.1731
 3585 KMIVEGM  -14.3977  -14.8974   -0.4997    0.1731
 3586 KMIVEGM  -14.3977  -14.8974   -0.4997    0.1731
 3587 KMIVEGF  -14.3019  -14.5685   -0.2666    0.1731
 3588 KIMVEGF  -14.4428  -14.7094   -0.2666    0.1731
 3589 KIMVEGF  -14.4428  -14.7094   -0.2666    0.1731
 3590 KIMVEGF  -14.4428  -14.7094   -0.2666    0.1731
 3591 KIMVEGF  -14.4428  -14.7094   -0.2666    0.1731
 3592 KIMVEGF  -14.4428  -14.7094   -0.2666    0.1731
 3593 KIMVEGF  -14.4428  -14.7094   -0.2666    0.1731
 3594 KVFVEGA  -10.3606  -13.9229   -3.5623    0.1731
 3595 MVKVEGA   -9.7766  -14.8206   -5.0440    0.1731
 3596 FVKVEGA   -9.9828  -13.4336   -3.4509    0.1731
 3597 FVKVEGW  -11.7036  -13.1387   -1.4351    0.1731
 3598 FVKVEGW  -11.7036  -13.1387   -1.4351    0.1731
 3599 FVKVEGW  -11.7036  -13.1387   -1.4351    0.1731
 3600 FVKVEGM  -12.1253  -12.2947   -0.1694    0.1731
 3601 FVKVEGM  -12.1253  -12.2947   -0.1694    0.1731
 3602 FVKIEGM  -13.2104  -13.3656   -0.1551    0.1731
 3603 FVKIEGM  -13.2104  -13.3656   -0.1551    0.1731
 3604 FVKIEGM  -13.2104  -13.3656   -0.1551    0.1731
 3605 FVKIEGM  -13.2104  -13.3656   -0.1551    0.1731
 3606 FVKIEGM  -13.2104  -13.3656   -0.1551    0.1731
 3607 FVKIEGM  -13.2104  -13.3656   -0.1551    0.1731
 3608 FVMIKGE  -12.1117  -12.4897   -0.3780    0.1731
 3609 MMMIKGE  -12.6417  -13.2474   -0.6057    0.1731
 3610 MMKIMGE  -14.0385  -14.5327   -0.4943    0.1731
 3611 MMKIMGE  -14.0385  -14.5327   -0.4943    0.1731
 3612 MMKIMGD  -14.1973  -14.3745   -0.1771    0.1731
 3613 MMKIMGD  -14.1973  -14.3745   -0.1771    0.1731
 3614 MMKIVGD  -14.3563  -14.5389   -0.1826    0.1731
 3615 MMKIVGD  -14.3563  -14.5389   -0.1826    0.1731
 3616 KMMIVGD  -16.6597  -16.9537   -0.2940    0.1731
 3617 MKMIVGD  -14.4996  -14.6822   -0.1826    0.1731
 3618 MKIIVGD  -13.9566  -14.2104   -0.2537    0.1731
 3619 MKIIVGD  -13.9566  -14.2104   -0.2537    0.1731
 3620 MGIIVKD  -14.0064  -14.3716   -0.3651    0.1731
 3621 MGIIVKD  -14.0426  -14.4077   -0.3651    0.1731
 3622 IGMIVKD  -15.0943  -15.4594   -0.3651    0.1731
 3623 IGVIVKD  -14.5615  -14.8520   -0.2906    0.1731
 3624 IGKIVVD  -15.3840  -15.5631   -0.1791    0.1731
 3625 IVKIVGD  -17.5076  -17.6868   -0.1791    0.1731
 3626 VIKIVGD  -18.7924  -18.9715   -0.1791    0.1731
 3627 VIKIVGD  -18.7924  -18.9715   -0.1791    0.1731
 3628 VIKIVGD  -18.7924  -18.9715   -0.1791    0.1731
 3629 VIKIVGD  -18.7924  -18.9715   -0.1791    0.1731
 3630 VIKIVGD  -18.7924  -18.9715   -0.1791    0.1731
 3631 VIKIMGD  -18.6018  -18.8555   -0.2537    0.1731
 3632 VIKIVGD  -18.7807  -18.9598   -0.1791    0.1731
 3633 VIKIVGD  -18.7807  -18.9598   -0.1791    0.1731
 3634 VIKVIGD  -16.5248  -16.7039   -0.1791    0.1731
 3635 VVKVIGD  -15.6509  -15.8443   -0.1934    0.1731
 3636 VVKVIGD  -15.6509  -15.8443   -0.1934    0.1731
 3637 VVKVIGD  -15.6509  -15.8443   -0.1934    0.1731
 3638 VIKVVGD  -17.9319  -18.1254   -0.1934    0.1731
 3639 VIKVIGD  -16.6869  -16.8661   -0.1791    0.1731
 3640 VIKVIGD  -16.6869  -16.8661   -0.1791    0.1731
 3641 VIKIVGD  -18.0423  -18.2215   -0.1791    0.1731
 3642 LIKIVGD  -13.0224  -16.2570   -3.2346    0.1731
 3643 VIKIVGD  -18.0170  -18.1962   -0.1791    0.1731
 3644 VIKIVGD  -18.0170  -18.1962   -0.1791    0.1731
 3645 VIKIMGD  -17.8490  -18.1028   -0.2537    0.1731
 3646 VIKIMGD  -17.8490  -18.1028   -0.2537    0.1731
 3647 VIKMIGD  -15.1544  -15.4081   -0.2537    0.1731
 3648 VIKMIGE  -14.3050  -14.8759   -0.5709    0.1731
 3649 IIKVVGE  -16.5384  -17.0346   -0.4963    0.1731
 3650 IVKIVGD  -16.6971  -16.8763   -0.1791    0.1731
 3651 IVKIVGD  -16.6971  -16.8763   -0.1791    0.1731
 3652 VVKIVGD  -16.7544  -16.9479   -0.1934    0.1731
 3653 VMKIVGD  -16.2146  -16.4026   -0.1880    0.1731
 3654 VMKIMGD  -16.1133  -16.2959   -0.1826    0.1731
 3655 VMKIIGD  -14.8661  -15.1198   -0.2537    0.1731
 3656 VIKMIGD  -14.7157  -14.9694   -0.2537    0.1731
 3657 YIKMIGD  -11.4330  -11.1076    0.3254    0.1731
 3658 YIKMIGD  -11.4330  -11.1076    0.3254    0.1731
 3659 YIKMIGD  -11.4330  -11.1076    0.3254    0.1731
 3660 KYIMIGD  -10.9997  -10.7857    0.2140    0.1731
 3661 KYIMIGD  -10.9997  -10.7857    0.2140    0.1731
 3662 KYIMIGD  -10.9997  -10.7857    0.2140    0.1731
 3663 KYIVIGD  -10.9029  -10.6543    0.2486    0.1731
 3664 KYIVIGD  -10.9029  -10.6543    0.2486    0.1731
 3665 KIIVGGD  -11.5466  -13.7658   -2.2191    0.1731
 3666 IIKVGGE  -13.2299  -15.6547   -2.4249    0.1731
 3667 LIKVGGD  -10.3298  -14.2273   -3.8974    0.1731
 3668 LIKVGGD  -10.3298  -14.2273   -3.8974    0.1731
 3669 WIKVGGE  -10.4215  -11.7609   -1.3394    0.1731
 3670 WIKVGGE  -10.4215  -11.7609   -1.3394    0.1731
 3671 WIKIGGE  -12.7863  -13.1115   -0.3251    0.1731
 3672 LIKIGGE  -13.3716  -16.2119   -2.8403    0.1731
 3673 LIKIGGE  -13.3716  -16.2119   -2.8403    0.1731
 3674 IMKIGGE  -12.6052  -15.0246   -2.4194    0.1731
 3675 IMKIGGE  -12.6052  -15.0246   -2.4194    0.1731
 3676 IWKIGGE  -12.9114  -13.2366   -0.3251    0.1731
 3677 IWKIGGE  -12.9114  -13.2366   -0.3251    0.1731
 3678 IWKIGGE  -12.9114  -13.2366   -0.3251    0.1731
 3679 VWKIGGE  -12.2946  -13.6340   -1.3394    0.1731
 3680 VWKEGGI   -8.6345  -10.0853   -1.4509    0.1731
 3681 VWIEGGK   -9.0540  -10.5049   -1.4509    0.1731
 3682 IGVEKWG   -8.2115   -9.4395   -1.2280    0.1731
 3683 IGVGKWE   -9.3429  -10.4594   -1.1166    0.1731
 3684 IGEGKWM   -7.5262   -8.7488   -1.2226    0.1731
 3685 IGEGKWM   -7.5262   -8.7488   -1.2226    0.1731
 3686 IGEGKWM   -7.5262   -8.7488   -1.2226    0.1731
 3687 IGEGKWM   -7.5262   -8.7488   -1.2226    0.1731
 3688 IGEGKWM   -7.5262   -8.7488   -1.2226    0.1731
 3689 IGMGKWD  -10.0708  -10.8648   -0.7940    0.1731
 3690 MGIGKWD   -9.0066   -9.8006   -0.7940    0.1731
 3691 IGVGKWD  -10.7236  -11.5230   -0.7994    0.1731
 3692 IGIGKWD  -11.3691  -11.1543    0.2149    0.1731
 3693 IGIGKWE  -10.3734  -10.4757   -0.1023    0.1731
 3694 IGIGKWD  -11.5271  -11.3122    0.2149    0.1731
 3695 IGIGKWD  -11.5271  -11.3122    0.2149    0.1731
 3696 IGIGKWD  -11.5271  -11.3122    0.2149    0.1731
 3697 IGIGRWD   -6.8817  -10.0308   -3.1491    0.1731
 3698 IWIGRGD   -8.3735  -11.7455   -3.3720    0.1731
 3699 IWIGRGD   -8.3735  -11.7455   -3.3720    0.1731
 3700 RWIGVGD   -8.6124  -12.8872   -4.2749    0.1731
 3701 KGIGVWD  -10.8582  -11.7690   -0.9109    0.1731
 3702 VGIGKWD  -12.4508  -13.2502   -0.7994    0.1731
 3703 VWIGKGD  -11.6215  -12.6438   -1.0223    0.1731
 3704 VWIGKGD  -11.6215  -12.6438   -1.0223    0.1731
 3705 VWIGKGE  -10.1936  -11.5330   -1.3394    0.1731
 3706 IWIGKGE   -9.7598  -10.0849   -0.3251    0.1731
 3707 IDIGKGW   -8.6857   -8.4709    0.2149    0.1731
 3708 GDIIKGW   -8.0594   -7.9560    0.1034    0.1731
 3709 GWIIKGD   -9.0150   -9.0230   -0.0080    0.1731
 3710 GDIIKGW  -10.8167  -10.7133    0.1034    0.1731
 3711 GDIIKGW  -10.8167  -10.7133    0.1034    0.1731
 3712 GDIIKGW  -10.8167  -10.7133    0.1034    0.1731
 3713 GDVIKGW  -10.1958  -11.1067   -0.9109    0.1731
 3714 GDVIKGW  -10.1958  -11.1067   -0.9109    0.1731
 3715 GIKDVGW  -11.1250  -12.0358   -0.9109    0.1731
 3716 GDKIVGW  -11.4728  -12.4951   -1.0223    0.1731
 3717 WDKIVGG  -10.1287  -11.2624   -1.1337    0.1731
 3718 MDKIMGG   -9.9155  -13.4981   -3.5826    0.1731
 3719 MDKIMGG   -9.8809  -13.4635   -3.5826    0.1731
 3720 MEKIMGG  -10.8693  -14.7690   -3.8997    0.1731
 3721 WEKIMGG  -11.9050  -13.3504   -1.4454    0.1731
 3722 WEKIMGG  -11.9050  -13.3504   -1.4454    0.1731
 3723 WEKIMGG  -11.9050  -13.3504   -1.4454    0.1731
 3724 WDKIMGG  -11.0035  -12.1317   -1.1283    0.1731
 3725 WGKIMDG  -11.3670  -12.2725   -0.9054    0.1731
 3726 WGKIMDG  -11.3670  -12.2725   -0.9054    0.1731
 3727 WLKIGDG  -11.9306  -13.2569   -1.3263    0.1731
 3728 WLKIGDG  -11.9749  -13.3012   -1.3263    0.1695
 3729 FLKIGDG  -10.4192  -12.6066   -2.1874    0.1695
 3730 MLKIGDG  -11.1140  -14.8946   -3.7806    0.1695
 3731 WLKIGDG  -11.4690  -12.7953   -1.3263    0.1695
 3732 WLKIGDG  -11.4690  -12.7953   -1.3263    0.1695
 3733 WLKIGDG  -11.4690  -12.7953   -1.3263    0.1695
 3734 WLKIGDG  -11.4690  -12.7953   -1.3263    0.1695
 3735 ILKIGDG  -11.1660  -13.5777   -2.4117    0.1695
 3736 KLIIGDG  -13.8921  -16.4152   -2.5231    0.1695
 3737 KLIVGDG  -11.5888  -15.4862   -3.8974    0.1695
 3738 KLIVGDG  -11.5888  -15.4862   -3.8974    0.1695
 3739 KLIVGDG  -11.5888  -15.4862   -3.8974    0.1695
 3740 KLIVGDG  -11.5888  -15.4862   -3.8974    0.1695
 3741 KLIVGDG  -11.5888  -15.4862   -3.8974    0.1695
 3742 KLIVGDG  -11.5888  -15.4862   -3.8974    0.1695
 3743 KLIVGDG  -11.5888  -15.4862   -3.8974    0.1695
 3744 KLIVGDG  -11.5888  -15.4862   -3.8974    0.1695
 3745 KLIVGDG  -11.5888  -15.4862   -3.8974    0.1695
 3746 KLIVGEG  -10.5515  -14.7661   -4.2146    0.1695
 3747 KLIVGEG  -10.5515  -14.7661   -4.2146    0.1695
 3748 KLVIGEG   -9.4602  -13.6747   -4.2146    0.1695
 3749 KLVIGEG   -9.4602  -13.6747   -4.2146    0.1695
 3750 KLVIDGG   -7.4592  -11.4680   -4.0089    0.1695
 3751 KLMIDGG   -6.6613  -10.6647   -4.0034    0.1695
 3752 MLKIEGG   -9.9990  -14.2082   -4.2091    0.1695
 3753 MLKIEGG   -9.9990  -14.2082   -4.2091    0.1695
 3754 FIKIEGG  -12.1063  -12.9326   -0.8263    0.1695
 3755 FIKIEGG  -12.1063  -12.9326   -0.8263    0.1695
 3756 IIKLEGG  -11.8702  -14.7105   -2.8403    0.1695
 3757 KILLEGG   -9.7549  -14.4964   -4.7414    0.1695
 3758 KILLDGG   -8.7690  -13.1933   -4.4243    0.1695
 3759 KLLIEGG  -10.3500  -15.0914   -4.7414    0.1695
 3760 KLMIEGG  -11.3573  -15.6779   -4.3206    0.1695
 3761 KLMVEGG  -11.1123  -16.8072   -5.6949    0.1695
 3762 KLMVEGG  -11.1123  -16.8072   -5.6949    0.1695
 3763 KIMVEGG  -13.1731  -17.0782   -3.9051    0.1695
 3764 KIMVEGG  -13.1731  -17.0782   -3.9051    0.1695
 3765 KVMIEGG  -11.7764  -15.6815   -3.9051    0.1695
 3766 KIMIEGG  -13.9283  -16.4591   -2.5309    0.1695
 3767 KIMIEGG  -13.9283  -16.4591   -2.5309    0.1695
 3768 KIMIEGG  -13.9283  -16.4591   -2.5309    0.1695
 3769 KIMIEGG  -13.9283  -16.4591   -2.5309    0.1695
 3770 KIMIEGG  -13.9283  -16.4591   -2.5309    0.1695
 3771 KIMIEGG  -13.9283  -16.4591   -2.5309    0.1695
 3772 KIFIEGG  -12.8632  -13.8009   -0.9377    0.1695
 3773 KIFIDGG  -12.3552  -12.9758   -0.6206    0.1695
 3774 KIVIDGG  -13.3810  -15.6001   -2.2191    0.1695
 3775 KIVIDGG  -13.3810  -15.6001   -2.2191    0.1695
 3776 KIVIDGG  -13.3810  -15.6001   -2.2191    0.1695
 3777 KIIVDGG  -12.4247  -14.6438   -2.2191    0.1695
 3778 KIIVDGG  -12.4247  -14.6438   -2.2191    0.1695
 3779 KIIVDGG  -12.4247  -14.6438   -2.2191    0.1695
 3780 KIVIDGG  -13.0551  -15.2742   -2.2191    0.1695
 3781 VIKIDGG  -12.6512  -14.7589   -2.1077    0.1695
 3782 VIKIEGG  -13.9877  -16.4126   -2.4249    0.1695
 3783 IIKIEGG  -15.2053  -16.2559   -1.0506    0.1695
 3784 KIIIEGG  -15.2055  -16.3675   -1.1620    0.1695
 3785 KIWLEGG  -12.3590  -14.2252   -1.8663    0.1695
 3786 KIVLEGG  -12.6315  -16.9575   -4.3260    0.1695
 3787 KILLDGG  -11.1177  -15.5420   -4.4243    0.1695
 3788 KILLEGG  -12.1205  -16.8620   -4.7414    0.1695
 3789 LIKLEGG  -12.1803  -16.8103   -4.6300    0.1695
 3790 LIKLEGG  -12.1803  -16.8103   -4.6300    0.1695
 3791 LIKLEGG  -12.1803  -16.8103   -4.6300    0.1695
 3792 LIKLEGG  -12.1803  -16.8103   -4.6300    0.1695
 3793 ILKLEGG  -11.5096  -16.1396   -4.6300    0.1695
 3794 ILKLEGG  -11.5096  -16.1396   -4.6300    0.1695
 3795 IMKLEGG  -10.8976  -15.1067   -4.2091    0.1695
 3796 IMKVEGG  -11.4576  -15.2514   -3.7937    0.1695
 3797 IMKVDGG  -10.4125  -13.8890   -3.4766    0.1695
 3798 IVKMDGG  -10.2593  -13.7359   -3.4766    0.1695
 3799 IVKLDGG  -10.1894  -14.0868   -3.8974    0.1695
 3800 VIKLDGG  -11.3996  -15.2970   -3.8974    0.1695
 3801 VIKIDGG  -14.4725  -16.5802   -2.1077    0.1695
 3802 VIKIDGG  -14.4725  -16.5802   -2.1077    0.1695
 3803 VIKIDGG  -14.4725  -16.5802   -2.1077    0.1695
 3804 KIVIDGG  -15.5035  -17.7227   -2.2191    0.1695
 3805 KIVIDGG  -15.5035  -17.7227   -2.2191    0.1695
 3806 GIVIEGK  -12.3018  -14.7266   -2.4249    0.1695
 3807 GIIVEGK  -11.4757  -13.9006   -2.4249    0.1695
 3808 GIKEVGM   -9.7684  -13.4507   -3.6823    0.1695
 3809 GIKEVGM   -9.7684  -13.4507   -3.6823    0.1695
 3810 GIKVEGW  -13.7874  -14.9039   -1.1166    0.1695
 3811 GIKVEGW  -13.7874  -14.9039   -1.1166    0.1695
 3812 GIRVEGW   -9.0306  -13.5112   -4.4806    0.1695
 3813 GIRLEGW   -8.1792  -13.0752   -4.8960    0.1695
 3814 GIRLEGW   -8.1792  -13.0752   -4.8960    0.1695
 3815 GIRLEGW   -8.1792  -13.0752   -4.8960    0.1695
 3816 GLRIEGW   -7.8710  -12.7670   -4.8960    0.1695
 3817 GLRIEGW   -7.8710  -12.7670   -4.8960    0.1695
 3818 GIKIEGW  -12.6762  -12.7784   -0.1023    0.1695
 3819 GIKIEGW  -12.6762  -12.7784   -0.1023    0.1695
 3820 GIKIEGW  -12.6762  -12.7784   -0.1023    0.1695
 3821 GIKIEGL   -9.8890  -12.5064   -2.6174    0.1695
 3822 GIKVEGL   -9.4935  -13.4852   -3.9917    0.1695
 3823 GLDVKGI   -7.6570  -11.3315   -3.6746    0.1695
 3824 GLKVIGD  -12.1856  -15.9716   -3.7860    0.1695
 3825 GLKVIGD  -12.1856  -15.9716   -3.7860    0.1695
 3826 GLVIKGD  -11.1535  -15.0509   -3.8974    0.1695
 3827 GMVIKGD  -11.1566  -14.6332   -3.4766    0.1695
 3828 GMIIKGD  -12.4152  -14.5175   -2.1023    0.1695
 3829 GDMIKGI   -9.1019  -11.0928   -1.9909    0.1695
 3830 GIIIKGE  -14.1045  -15.1551   -1.0506    0.1695
 3831 GIIIKGE  -14.1045  -15.1551   -1.0506    0.1695
 3832 GILIKGE  -12.1589  -14.9991   -2.8403    0.1695
 3833 DILIKGG  -12.1021  -14.7367   -2.6346    0.1695
 3834 KIVIDGG  -13.1258  -15.3450   -2.2191    0.1695
 3835 KIVVDGG  -11.2357  -14.8291   -3.5934    0.1695
 3836 VDVIKGG   -8.9544  -12.4364   -3.4820    0.1695
 3837 VKVIEGG   -9.7666  -13.5657   -3.7991    0.1695
 3838 VKFIEGG   -8.0176  -10.2181   -2.2006    0.1695
 3839 FKVIEGG   -8.7254  -10.9259   -2.2006    0.1695
 3840 FKVEIGG   -8.4168  -10.5060   -2.0891    0.1695
 3841 IKEIIGG  -10.4785  -11.6405   -1.1620    0.1695
 3842 IKIIEGG  -11.5498  -12.6003   -1.0506    0.1695
 3843 IKLIEGG  -10.5987  -13.4390   -2.8403    0.1695
 3844 IILEDGG   -9.5435  -13.0995   -3.5560    0.1695
 3845 IILEDGG   -9.5435  -13.0995   -3.5560    0.1695
 3846 IIMEDGG   -9.5694  -12.7045   -3.1351    0.1695
 3847 IIMEDGG   -9.5694  -12.7045   -3.1351    0.1695
 3848 EIMIKGG  -10.7957  -13.3266   -2.5309    0.1695
 3849 KIIIEGG  -13.3772  -14.5392   -1.1620    0.1695
 3850 KIIIEGG  -13.3772  -14.5392   -1.1620    0.1695
 3851 RIIIDGG  -12.2882  -16.4971   -4.2089    0.1695
 3852 RIIIDGG  -12.2882  -16.4971   -4.2089    0.1695
 3853 RIIIDGG  -12.2882  -16.4971   -4.2089    0.1695
 3854 RIIIDGG  -12.2882  -16.4971   -4.2089    0.1695
 3855 RIIIDGG  -12.2882  -16.4971   -4.2089    0.1695
 3856 EILIDGG   -9.0160  -12.4606   -3.4446    0.1695
 3857 ELIDIGG   -7.3083  -10.6415   -3.3331    0.1695
 3858 ILEIEGG   -7.9402  -11.5905   -3.6503    0.1695
 3859 ILEDIGG   -7.9091  -11.3536   -3.4446    0.1695
 3860 IDEILGG   -6.0088   -9.4534   -3.4446    0.1695
 3861 ILEIKGG   -8.9797  -11.8200   -2.8403    0.1695
 3862 IIKLEGG  -13.6024  -16.4427   -2.8403    0.1695
 3863 KIILEGG  -13.7605  -16.7122   -2.9517    0.1695
 3864 KIIMEGG  -14.2277  -16.7585   -2.5309    0.1695
 3865 KIIMDGG  -13.7805  -15.9943   -2.2137    0.1695
 3866 KIIMDGG  -13.7805  -15.9943   -2.2137    0.1695
 3867 KIIMDGG  -13.7805  -15.9943   -2.2137    0.1695
 3868 KIIVDGG  -14.5465  -16.7656   -2.2191    0.1695
 3869 KIIVDGG  -14.5465  -16.7656   -2.2191    0.1695
 3870 IIKIEGG  -15.0259  -16.0765   -1.0506    0.1695
 3871 IIKIEGG  -15.1332  -16.1837   -1.0506    0.1695
 3872 VIKVEGG  -13.4454  -17.2446   -3.7991    0.1695
 3873 VIKVEGG  -13.4454  -17.2446   -3.7991    0.1695
 3874 VIKVEGG  -13.4454  -17.2446   -3.7991    0.1695
 3875 VIKVEGG  -13.4454  -17.2446   -3.7991    0.1695
 3876 MIKVEGG  -12.7045  -16.4982   -3.7937    0.1695
 3877 MVKIEGG  -11.2323  -15.0260   -3.7937    0.1695
 3878 MVKIDGG   -9.3631  -12.8397   -3.4766    0.1695
 3879 IVKMDGG   -8.8669  -12.3435   -3.4766    0.1695
 3880 WVKMEGG   -9.6270  -12.3353   -2.7083    0.1695
 3881 VVKMEGG   -8.7629  -13.9309   -5.1680    0.1695
 3882 VKMVEGG  -10.3904  -15.5584   -5.1680    0.1695
 3883 YKLVEGG   -8.1841  -14.5938   -6.4097    0.1695
 3884 YKLVEGG   -8.1841  -14.5938   -6.4097    0.1695
 3885 YLKVEGG   -9.9943  -16.4040   -6.4097    0.1695
 3886 VLKVEGG  -12.2269  -17.8158   -5.5889    0.1695
 3887 VLKVEGG  -12.2269  -17.8158   -5.5889    0.1695
 3888 VLKVEGG  -12.2269  -17.8158   -5.5889    0.1695
 3889 VLKVEGG  -12.2269  -17.8158   -5.5889    0.1695
 3890 VVKVEGG  -11.9184  -17.0918   -5.1734    0.1695
 3891 VVKWEGG  -10.8121  -13.5258   -2.7137    0.1695
 3892 WVKMEGG   -9.5007  -12.2090   -2.7083    0.1695
 3893 WMKVEGG  -11.5711  -14.2794   -2.7083    0.1695
 3894 WMKIEGG  -12.4366  -13.7706   -1.3340    0.1695
 3895 MMKIEGG  -11.6932  -15.4815   -3.7883    0.1695
 3896 MMKIEGG  -11.6932  -15.4815   -3.7883    0.1695
 3897 MEKVMGG   -7.2761  -12.5501   -5.2740    0.1695
 3898 MLKVEGG  -10.6587  -16.2421   -5.5834    0.1695
 3899 MMKVEGG  -10.4753  -15.6379   -5.1626    0.1695
 3900 VMKVEGG  -11.4919  -16.6599   -5.1680    0.1695
 3901 VMEVKGG  -10.5010  -15.6690   -5.1680    0.1695
 3902 VMEVKGG  -10.5010  -15.6690   -5.1680    0.1695
 3903 VVEVKGG  -10.1738  -15.3473   -5.1734    0.1695
 3904 VVEVKGG  -10.1738  -15.3473   -5.1734    0.1695
 3905 IVELKGG  -10.5981  -14.8126   -4.2146    0.1695
 3906 IIEVKGG  -13.5795  -16.0043   -2.4249    0.1695
 3907 IIEVKGG  -13.5795  -16.0043   -2.4249    0.1695
 3908 IIEVKGG  -13.5795  -16.0043   -2.4249    0.1695
 3909 IIEVKGG  -13.5795  -16.0043   -2.4249    0.1695
 3910 IIEVKGG  -13.5795  -16.0043   -2.4249    0.1695
 3911 IWEVKGG  -12.9284  -14.2678   -1.3394    0.1695
 3912 IIEVKGG  -13.4648  -15.8897   -2.4249    0.1695
 3913 IIEVKGG  -13.4648  -15.8897   -2.4249    0.1695
 3914 IIEVKGG  -13.4648  -15.8897   -2.4249    0.1695
 3915 IIEVKGG  -13.4648  -15.8897   -2.4249    0.1695
 3916 IIEVKGG  -13.4648  -15.8897   -2.4249    0.1695
 3917 IIEVKGG  -13.4648  -15.8897   -2.4249    0.1695
 3918 IIEVKGG  -13.4648  -15.8897   -2.4249    0.1695
 3919 FIKIEGG  -12.7115  -13.5378   -0.8263    0.1695
 3920 FIKIEGG  -12.7115  -13.5378   -0.8263    0.1695
 3921 FIKIEGG  -12.7115  -13.5378   -0.8263    0.1695
 3922 KIFIEGG  -12.9151  -13.8529   -0.9377    0.1695
 3923 KIFIEGG  -12.9151  -13.8529   -0.9377    0.1695
 3924 KIFIEGG  -12.9151  -13.8529   -0.9377    0.1695
 3925 KIVIEGG  -14.5535  -17.0898   -2.5363    0.1695
 3926 KIMIEGG  -13.3795  -15.9103   -2.5309    0.1695
 3927 KIMIEGG  -13.3795  -15.9103   -2.5309    0.1695
 3928 KIEIVGG  -11.4378  -13.8626   -2.4249    0.1695
 3929 KIEIVGG  -11.4496  -13.8745   -2.4249    0.1687
 3930 KIEVIGG  -10.8119  -13.2367   -2.4249    0.1687
 3931 KIEVIGG  -10.8119  -13.2367   -2.4249    0.1687
 3932 KIEVIGG  -10.8119  -13.2367   -2.4249    0.1687
 3933 KIEVIGG  -10.8119  -13.2367   -2.4249    0.1687
 3934 KIDIVGG  -11.4556  -13.5633   -2.1077    0.1687
 3935 DIKIVGG  -12.4520  -14.5597   -2.1077    0.1687
 3936 GIKIVGD  -13.1833  -15.1795   -1.9963    0.1687
 3937 GIKIVGD  -13.1833  -15.1795   -1.9963    0.1687
 3938 GIKIVGD  -13.1833  -15.1795   -1.9963    0.1687
 3939 GIKIVGD  -13.1833  -15.1795   -1.9963    0.1687
 3940 GIKIVGD  -13.1833  -15.1795   -1.9963    0.1687
 3941 GIKIVGD  -13.1833  -15.1795   -1.9963    0.1687
 3942 GIKIVGD  -13.1833  -15.1795   -1.9963    0.1687
 3943 GIKIVGE  -12.9161  -15.2296   -2.3134    0.1687
 3944 GIKIVGE  -12.9161  -15.2296   -2.3134    0.1687
 3945 GVKIMGE  -11.0601  -14.7424   -3.6823    0.1687
 3946 GVKIMGE  -11.0601  -14.7424   -3.6823    0.1687
 3947 GIKVMGE  -11.5793  -15.2615   -3.6823    0.1687
 3948 GMKVIGE   -9.9851  -13.6674   -3.6823    0.1687
 3949 GMKIVGE  -10.1093  -13.7916   -3.6823    0.1687
 3950 GVKFMGE   -9.6239  -13.0819   -3.4580    0.1687
 3951 GVMFKGE   -8.7207  -12.2902   -3.5694    0.1687
 3952 GVMEKGF   -7.6648  -11.2342   -3.5694    0.1687
 3953 GGMEKVF   -5.5389   -9.2197   -3.6809    0.1687
 3954 GGMEKFV   -5.8625   -9.5434   -3.6809    0.1687
 3955 GGMVKFD   -7.0665  -10.3188   -3.2523    0.1687
 3956 GGKVMFD   -6.7976  -10.1613   -3.3637    0.1687
 3957 GGKVILD   -6.4171  -10.4259   -4.0089    0.1687
 3958 GGKVIFD   -7.6393   -9.6341   -1.9949    0.1687
 3959 GGKVIFD   -7.6393   -9.6341   -1.9949    0.1687
 3960 GGKVIFE   -7.2830   -9.5950   -2.3120    0.1687
 3961 GGKVIVE   -6.9986  -10.9091   -3.9106    0.1687
 3962 GGKVIVE   -6.9986  -10.9091   -3.9106    0.1687
 3963 GGKIVVD   -9.4778  -13.0712   -3.5934    0.1687
 3964 GGKIVVE   -9.2461  -13.1567   -3.9106    0.1687
 3965 GGKIVVD   -9.4985  -13.0920   -3.5934    0.1687
 3966 GGIVVKD   -9.3987  -13.1036   -3.7049    0.1687
 3967 GGIVVKD   -9.3987  -13.1036   -3.7049    0.1687
 3968 GGKVVID   -9.1914  -12.7849   -3.5934    0.1687
 3969 GGKVVWD  -12.1130  -14.6210   -2.5080    0.1687
 3970 GGKVVWD  -12.1130  -14.6210   -2.5080    0.1687
 3971 GGKVVID   -9.2336  -12.8270   -3.5934    0.1687
 3972 GGKVVID   -9.1651  -12.7585   -3.5934    0.1687
 3973 GGKVVMD  -11.2324  -16.1947   -4.9623    0.1687
 3974 GGKVIMD  -11.2847  -14.8727   -3.5880    0.1687
 3975 GGKIVMD  -11.7628  -15.3508   -3.5880    0.1687
 3976 GGKIVMD  -11.7628  -15.3508   -3.5880    0.1687
 3977 GGKIVME  -11.3384  -15.2435   -3.9051    0.1687
 3978 GGKIVMD  -11.6864  -15.2744   -3.5880    0.1687
 3979 GMKIVGE  -11.2566  -14.9389   -3.6823    0.1687
 3980 GMKIVGE  -11.2566  -14.9389   -3.6823    0.1687
 3981 GIKVMGE  -12.8085  -16.4907   -3.6823    0.1687
 3982 GIKVMGE  -12.8085  -16.4907   -3.6823    0.1687
 3983 GIKVMGE  -12.8085  -16.4907   -3.6823    0.1687
 3984 GIKVMGE  -12.0537  -15.7360   -3.6823    0.1687
 3985 GMKIMGE  -12.0689  -15.7458   -3.6769    0.1687
 3986 GMKIMGD  -12.3119  -15.6716   -3.3597    0.1687
 3987 GIKIVGD  -15.9351  -17.9314   -1.9963    0.1687
 3988 GIKIVGD  -15.9351  -17.9314   -1.9963    0.1687
 3989 GIKILGD  -13.3448  -15.7565   -2.4117    0.1687
 3990 GIKILGD  -13.3448  -15.7565   -2.4117    0.1687
 3991 GIKIFGD  -14.2595  -14.6572   -0.3977    0.1687
 3992 GIKIEGF  -14.3238  -14.9272   -0.6034    0.1687
 3993 GIKIEGF  -14.3238  -14.9272   -0.6034    0.1687
 3994 GIKIFGE  -14.3111  -15.0260   -0.7149    0.1687
 3995 GIKIFGD  -14.7113  -15.1091   -0.3977    0.1687
 3996 GIKIFGD  -14.7113  -15.1091   -0.3977    0.1687
 3997 GIKIMGD  -14.9759  -16.9668   -1.9909    0.1687
 3998 GIKIMGE  -14.7739  -17.0819   -2.3080    0.1687
 3999 GIKIMGE  -14.7739  -17.0819   -2.3080    0.1687
 4000 GIKIIGE  -14.8296  -15.7688   -0.9391    0.1687
 4001 GIKIMGE  -14.5831  -16.8911   -2.3080    0.1687
 4002 GIKIMGE  -14.5831  -16.8911   -2.3080    0.1687
 4003 GIKIMGE  -14.5831  -16.8911   -2.3080    0.1687
 4004 GIKIMGE  -14.5831  -16.8911   -2.3080    0.1687
 4005 GIKIMGE  -14.5831  -16.8911   -2.3080    0.1687
 4006 GIKIMGE  -14.5831  -16.8911   -2.3080    0.1687
 4007 GIKIMGE  -14.5831  -16.8911   -2.3080    0.1687
 4008 GIKIEGM  -14.0096  -16.2062   -2.1966    0.1687
 4009 GIKIMGE  -14.7683  -17.0763   -2.3080    0.1687
 4010 GIKIMGE  -14.7683  -17.0763   -2.3080    0.1687
 4011 GIKIMGE  -14.7683  -17.0763   -2.3080    0.1687
 4012 GIKIMGE  -14.7683  -17.0763   -2.3080    0.1687
 4013 GIKIMGE  -14.7683  -17.0763   -2.3080    0.1687
 4014 GIKIMGE  -14.7683  -17.0763   -2.3080    0.1687
 4015 GIKIMGE  -14.7683  -17.0763   -2.3080    0.1687
 4016 GIKIMGE  -14.7683  -17.0763   -2.3080    0.1687
 4017 GIKIEGM  -14.4588  -16.6554   -2.1966    0.1687
 4018 GIKIMGE  -14.1501  -16.4581   -2.3080    0.1687
 4019 GIKIMGE  -14.1501  -16.4581   -2.3080    0.1687
 4020 GIKIEGM  -13.9339  -16.1305   -2.1966    0.1687
 4021 GIMIEGK  -11.6672  -14.0867   -2.4194    0.1687
 4022 GIKMEGI  -10.8674  -13.0640   -2.1966    0.1687
 4023 GIKMEGI  -10.8674  -13.0640   -2.1966    0.1687
 4024 GIKIEGV  -13.8273  -16.0293   -2.2020    0.1687
 4025 GIKIEGV  -13.8273  -16.0293   -2.2020    0.1687
 4026 GIVIKGD  -13.2496  -15.3574   -2.1077    0.1687
 4027 GIEIKGV  -12.1032  -14.3052   -2.2020    0.1687
 4028 GIIIKGE  -14.4277  -15.4782   -1.0506    0.1687
 4029 GIIIKGE  -14.4277  -15.4782   -1.0506    0.1687
 4030 GIIIKGE  -14.4277  -15.4782   -1.0506    0.1687
 4031 GIIIKGE  -14.4277  -15.4782   -1.0506    0.1687
 4032 EIIIKGG  -15.6353  -16.7973   -1.1620    0.1687
 4033 EIIIKGG  -15.6353  -16.7973   -1.1620    0.1687
 4034 KIIIEGG  -15.6979  -16.8599   -1.1620    0.1687
 4035 KIIIEGG  -15.6979  -16.8599   -1.1620    0.1687
 4036 KIIIEGG  -15.6979  -16.8599   -1.1620    0.1687
 4037 KIVIEGG  -14.4505  -16.9868   -2.5363    0.1687
 4038 KIVIEGG  -14.4505  -16.9868   -2.5363    0.1687
 4039 KIVIEGG  -14.4505  -16.9868   -2.5363    0.1687
 4040 VIKIEGG  -16.0782  -18.5030   -2.4249    0.1687
 4041 VIKIEGG  -16.0782  -18.5030   -2.4249    0.1687
 4042 KIVIEGG  -15.0792  -17.6155   -2.5363    0.1687
 4043 KIVIEGG  -15.0792  -17.6155   -2.5363    0.1687
 4044 VIKIEGG  -16.1248  -18.5497   -2.4249    0.1687
 4045 VIKIEGG  -16.1248  -18.5497   -2.4249    0.1687
 4046 VIKIEGG  -16.1248  -18.5497   -2.4249    0.1687
 4047 IIKIEGG  -17.3500  -18.4006   -1.0506    0.1687
 4048 KIIIEGG  -14.8766  -16.0386   -1.1620    0.1687
 4049 KIIIEGG  -14.8766  -16.0386   -1.1620    0.1687
 4050 KIVIEGG  -14.5153  -17.0516   -2.5363    0.1687
 4051 IIKIEGG  -17.2270  -18.2776   -1.0506    0.1687
 4052 IIKIEGG  -17.2270  -18.2776   -1.0506    0.1687
 4053 IIKIEGG  -17.2270  -18.2776   -1.0506    0.1687
 4054 IIKIEGG  -17.2270  -18.2776   -1.0506    0.1687
 4055 IIKIEGG  -17.2270  -18.2776   -1.0506    0.1687
 4056 IIKIEGG  -17.2270  -18.2776   -1.0506    0.1687
 4057 WIKIEGG  -16.1672  -16.4923   -0.3251    0.1687
 4058 WIKIEGG  -16.1672  -16.4923   -0.3251    0.1687
 4059 FIKIEGG  -14.5190  -15.3453   -0.8263    0.1687
 4060 LIKVEGG  -13.0510  -17.2656   -4.2146    0.1687
 4061 WIKVEGG  -13.0606  -14.4000   -1.3394    0.1687
 4062 WVKIEGG  -13.2494  -14.5888   -1.3394    0.1687
 4063 WIKIEGG  -15.1198  -15.4449   -0.3251    0.1687
 4064 WIKIEGG  -15.1198  -15.4449   -0.3251    0.1687
 4065 WIKIEGG  -15.1198  -15.4449   -0.3251    0.1687
 4066 WIKIEGG  -15.1198  -15.4449   -0.3251    0.1687
 4067 WIKVEGG  -14.6696  -16.0090   -1.3394    0.1687
 4068 WMEIKGG   -9.2536  -10.5876   -1.3340    0.1687
 4069 WMEIKGG   -9.2536  -10.5876   -1.3340    0.1687
 4070 EMMIKGG   -7.7754  -11.6752   -3.8997    0.1687
 4071 MMEIKGG   -8.6101  -12.3983   -3.7883    0.1687
 4072 EMMIKGG   -9.1063  -13.0060   -3.8997    0.1687
 4073 KMMIEGG   -8.5384  -12.4382   -3.8997    0.1687
 4074 KMEMIGG   -6.3200  -10.1083   -3.7883    0.1687
 4075 KMEMVGG   -5.5969  -10.7595   -5.1626    0.1687
 4076 KEMMVGG   -5.4094  -10.7948   -5.3854    0.1687
 4077 KVMMEGG   -6.6482  -11.9222   -5.2740    0.1687
 4078 KEMFVGG   -6.5454  -10.3377   -3.7923    0.1687
 4079 KMVFEGG   -8.8229  -12.5037   -3.6809    0.1687
 4080 KGMFEMG   -7.4670  -10.9195   -3.4526    0.1687
 4081 KGMFEMG   -7.4670  -10.9195   -3.4526    0.1687
 4082 RGMFEMG   -5.6746  -12.4911   -6.8166    0.1687
 4083 RGMFEMG   -5.6746  -12.4911   -6.8166    0.1687
 4084 EGMIEMG   -3.3442   -7.8311   -4.4869    0.1687
 4085 EGMIEFG   -5.3834   -8.2771   -2.8937    0.1687
 4086 EGMMEFG   -4.1915   -8.4541   -4.2626    0.1687
 4087 GGLIEFE   -6.4791   -9.9051   -3.4260    0.1687
 4088 GGIIKWE   -9.6790  -10.0041   -0.3251    0.1687
 4089 EGIIKWG  -11.6835  -11.8973   -0.2137    0.1687
 4090 EGIVKWG  -10.9504  -12.1784   -1.2280    0.1687
 4091 EGIVKWG  -10.9504  -12.1784   -1.2280    0.1687
 4092 EGIVKWG  -10.9504  -12.1784   -1.2280    0.1687
 4093 EGVIKWG  -10.8218  -12.0498   -1.2280    0.1687
 4094 EGVIKWG  -10.8218  -12.0498   -1.2280    0.1687
 4095 EGLIKWG  -11.0096  -12.6530   -1.6434    0.1687
 4096 EGLIKWG  -11.0096  -12.6530   -1.6434    0.1687
 4097 EGLIKWG  -11.0096  -12.6530   -1.6434    0.1687
 4098 EGLIKWG  -11.0096  -12.6530   -1.6434    0.1687
 4099 EGLIKWG  -11.0096  -12.6530   -1.6434    0.1687
 4100 EGLIKWG  -11.0096  -12.6530   -1.6434    0.1687
 4101 GGLIKWE   -9.1917  -10.9465   -1.7549    0.1687
 4102 EGLIKWG  -11.9020  -13.5454   -1.6434    0.1687
 4103 EGLIKLG   -9.5643  -14.0829   -4.5186    0.1687
 4104 IGLEKLG   -8.8942  -13.4128   -4.5186    0.1687
 4105 IGIEKLG   -9.7606  -12.4895   -2.7289    0.1687
 4106 IGIEEWG   -8.8890   -9.9127   -1.0237    0.1687
 4107 IGIEDWG   -7.6382   -8.3448   -0.7066    0.1687
 4108 IGIEKMG   -9.3272  -11.6352   -2.3080    0.1687
 4109 IGIEKLG   -8.8647  -11.5936   -2.7289    0.1687
 4110 IAIDKLG   -7.9220  -10.5440   -2.6220    0.1687
 4111 IAIDKLG   -7.9220  -10.5440   -2.6220    0.1687
 4112 IADIKIG   -6.8941   -7.5035   -0.6094    0.1687
 4113 IIDIKAG  -10.6929  -11.3023   -0.6094    0.1687
 4114 ILDIKAG  -10.1009  -12.5000   -2.3991    0.1687
 4115 GLDIKAI   -7.2559   -9.6550   -2.3991    0.1687
 4116 GLEIKAI   -9.0035  -11.7198   -2.7163    0.1687
 4117 GIEIKAI   -9.4956  -10.4222   -0.9266    0.1687
 4118 GIIIKDA   -9.9495  -10.7818   -0.8323    0.1687
 4119 GIIAKDI   -8.3564   -9.1887   -0.8323    0.1687
 4120 GKVAIDI   -8.1686  -10.2637   -2.0951    0.1687
 4121 GIVLKDI   -5.6438   -8.9898   -3.3460    0.1687
 4122 VIILKDG   -8.5270  -11.9844   -3.4574    0.1687
 4123 VIIIKDG  -12.1086  -14.3363   -2.2277    0.1687
 4124 VIIGKDG   -8.3495  -10.5686   -2.2191    0.1687
 4125 VGIDKIG   -6.5389   -8.5352   -1.9963    0.1687
 4126 VGIEKIG   -7.2440   -9.5574   -2.3134    0.1687
 4127 EGIVDIG   -5.9162   -8.7225   -2.8063    0.1687
 4128 EGIEVIG   -5.5986   -8.7221   -3.1234    0.1687
 4129 IGEEVMG   -6.8520  -11.4557   -4.6037    0.1687
 4130 IGEEVMG   -6.8373  -11.4411   -4.6037    0.2136
 4131 EGEIVMG   -8.3997  -13.0034   -4.6037    0.2136
 4132 VGEIEMG   -7.7766  -12.1574   -4.3809    0.2136
 4133 VGDIKMG   -8.0854  -11.3391   -3.2537    0.2136
 4134 EGIVKMG   -6.2490   -9.9313   -3.6823    0.2136
 4135 EGIVEWG   -7.7203   -9.7583   -2.0380    0.2136
 4136 VGIEDWG   -7.2167   -8.9375   -1.7209    0.2136
 4137 VGRIDWG   -9.0948  -13.2582   -4.1634    0.2136
 4138 IGKFDWG   -9.8233   -9.3041    0.5191    0.2136
 4139 IGKFDWG   -9.8233   -9.3041    0.5191    0.2136
 4140 IGKFDWG   -9.8233   -9.3041    0.5191    0.2136
 4141 IGKFDVG   -8.9972  -10.6578   -1.6606    0.2136
 4142 IGKFEVG   -9.5383  -11.5160   -1.9777    0.2136
 4143 IGKVEFG  -10.1856  -12.1633   -1.9777    0.2136
 4144 IGKVEFG  -10.1856  -12.1633   -1.9777    0.2136
 4145 IGKVEFG  -10.1856  -12.1633   -1.9777    0.2136
 4146 IGKVEFG  -10.1856  -12.1633   -1.9777    0.2136
 4147 WVKFEGG  -11.5320  -12.6471   -1.1151    0.2136
 4148 WVKFEGG  -11.5320  -12.6471   -1.1151    0.2136
 4149 WVKFEGG  -11.5320  -12.6471   -1.1151    0.2136
 4150 WVKFEGG  -11.5320  -12.6471   -1.1151    0.2136
 4151 WVKFEGG  -11.5320  -12.6471   -1.1151    0.2136
 4152 WVKFEGG  -11.5320  -12.6471   -1.1151    0.2136
 4153 WVKFEGG  -11.5320  -12.6471   -1.1151    0.2136
 4154 WVKFEGG  -11.5320  -12.6471   -1.1151    0.2136
 4155 WVKFEGG  -11.5320  -12.6471   -1.1151    0.2136
 4156 WVKYEGG   -6.9964  -10.5310   -3.5346    0.2136
 4157 MVKYEGG   -4.9237  -10.9125   -5.9889    0.2136
 4158 IVKFEGG  -13.3904  -15.5910   -2.2006    0.2136
 4159 IVKFEGG  -13.3904  -15.5910   -2.2006    0.2136
 4160 IVKFDGG  -12.0919  -13.9753   -1.8834    0.2136
 4161 IFKVEGG  -14.2887  -16.4893   -2.2006    0.2136
 4162 IIKVEGG  -13.4995  -15.9244   -2.4249    0.2136
 4163 VIKIEGG  -14.0332  -16.4580   -2.4249    0.2136
 4164 VIKIEGG  -14.0332  -16.4580   -2.4249    0.2136
 4165 WIKIEGG  -14.2669  -14.5921   -0.3251    0.2136
 4166 WIKIEGG  -14.2669  -14.5921   -0.3251    0.2136
 4167 WIKIEGG  -14.2669  -14.5921   -0.3251    0.2136
 4168 VIKIEGG  -14.0354  -16.4602   -2.4249    0.2136
 4169 VIKIEGG  -14.0354  -16.4602   -2.4249    0.2136
 4170 VIKIEGG  -14.0354  -16.4602   -2.4249    0.2136
 4171 VIKIEGG  -14.0354  -16.4602   -2.4249    0.2136
 4172 VIKIDGG  -12.7966  -14.9043   -2.1077    0.2136
 4173 MIKIEGG  -13.0579  -15.4773   -2.4194    0.2136
 4174 MIKIEGG  -13.0579  -15.4773   -2.4194    0.2136
 4175 MIKIEGG  -13.0579  -15.4773   -2.4194    0.2136
 4176 LIKIEGG  -13.5835  -16.4237   -2.8403    0.2136
 4177 ILKIEGG  -14.2044  -17.0447   -2.8403    0.2136
 4178 ILKIEGG  -14.2044  -17.0447   -2.8403    0.2136
 4179 WLKIEGG  -13.5111  -15.2659   -1.7549    0.2136
 4180 ILKIDGG  -12.7833  -15.3065   -2.5231    0.2136
 4181 ILKIDGG  -12.7833  -15.3065   -2.5231    0.2136
 4182 IWKIDGG  -13.2374  -13.2454   -0.0080    0.2136
 4183 IWKIDGG  -13.2374  -13.2454   -0.0080    0.2136
 4184 IFKIDGG  -12.8883  -13.3974   -0.5091    0.2136
 4185 IFKIDGG  -12.8883  -13.3974   -0.5091    0.2136
 4186 IFKIDGG  -12.8883  -13.3974   -0.5091    0.2136
 4187 IFKIDGG  -12.8883  -13.3974   -0.5091    0.2136
 4188 IFKIDGG  -12.8883  -13.3974   -0.5091    0.2136
 4189 IWKIDGG  -13.8929  -13.9009   -0.0080    0.2136
 4190 IGKIDWG  -13.0564  -12.8415    0.2149    0.2136
 4191 IGKIDWG  -13.0564  -12.8415    0.2149    0.2136
 4192 IGKIDWG  -13.0564  -12.8415    0.2149    0.2136
 4193 IGKIEWG  -14.1743  -14.2765   -0.1023    0.2136
 4194 IGKIEWG  -14.1743  -14.2765   -0.1023    0.2136
 4195 IGKIEWG  -14.1743  -14.2765   -0.1023    0.2136
 4196 IGKIEWG  -14.1743  -14.2765   -0.1023    0.2136
 4197 IGKIEWG  -14.1743  -14.2765   -0.1023    0.2136
 4198 IGKIEWG  -14.1743  -14.2765   -0.1023    0.2136
 4199 IGKIEWG  -14.1743  -14.2765   -0.1023    0.2136
 4200 IGKIEWG  -14.1743  -14.2765   -0.1023    0.2136
 4201 IGKIEWG  -14.1743  -14.2765   -0.1023    0.2136
 4202 IGKIEWG  -14.1743  -14.2765   -0.1023    0.2136
 4203 IGKIDWG  -13.0523  -12.8375    0.2149    0.2136
 4204 WGKVDWG  -11.8702  -11.5842    0.2860    0.2136
 4205 WGKVDWG  -11.8702  -11.5842    0.2860    0.2136
 4206 WGKVDWG  -11.8702  -11.5842    0.2860    0.2136
 4207 WGKVDWG  -11.8702  -11.5842    0.2860    0.2136
 4208 WGKVDWG  -11.8702  -11.5842    0.2860    0.2136
 4209 WGKVEWG  -13.1530  -13.1841   -0.0311    0.2136
 4210 IGKVEWG  -13.9012  -15.0177   -1.1166    0.2136
 4211 IGKVEWG  -13.9012  -15.0177   -1.1166    0.2136
 4212 VGKIEWG  -13.4285  -14.5451   -1.1166    0.2136
 4213 VGKIEWG  -13.4285  -14.5451   -1.1166    0.2136
 4214 VGKIEWG  -13.4285  -14.5451   -1.1166    0.2136
 4215 FGKIEWG  -12.0643  -11.8623    0.2020    0.2136
 4216 FGKIEWG  -12.0643  -11.8623    0.2020    0.2136
 4217 VGKIEWG  -13.4290  -14.5456   -1.1166    0.2136
 4218 VGKIEWG  -13.4290  -14.5456   -1.1166    0.2136
 4219 VGKIEWG  -13.4290  -14.5456   -1.1166    0.2136
 4220 VGKIEWG  -13.4290  -14.5456   -1.1166    0.2136
 4221 VGKIEWG  -14.9681  -16.0847   -1.1166    0.2136
 4222 VGKIEWG  -14.9681  -16.0847   -1.1166    0.2136
 4223 VGKIEWG  -14.9681  -16.0847   -1.1166    0.2136
 4224 VGKIEWG  -14.9681  -16.0847   -1.1166    0.2136
 4225 VGKIEWG  -14.9681  -16.0847   -1.1166    0.2136
 4226 VGKIEWG  -14.9681  -16.0847   -1.1166    0.2136
 4227 KGEIVWG  -13.4186  -14.7580   -1.3394    0.2136
 4228 KGEIVWG  -13.4186  -14.7580   -1.3394    0.2136
 4229 KGEIVWG  -13.4186  -14.7580   -1.3394    0.2136
 4230 KGEIVWG  -13.4186  -14.7580   -1.3394    0.2136
 4231 KGDIVWG  -12.0565  -13.0787   -1.0223    0.2136
 4232 KGDIVWG  -12.0565  -13.0787   -1.0223    0.2136
 4233 KGDIVWG  -12.5042  -13.5265   -1.0223    0.2136
 4234 KGVIDWG  -13.5434  -14.4542   -0.9109    0.2136
 4235 KGVIDWG  -13.5434  -14.4542   -0.9109    0.2136
 4236 KGVIDWG  -13.5434  -14.4542   -0.9109    0.2136
 4237 KGVIDWG  -13.5434  -14.4542   -0.9109    0.2136
 4238 KGVIDWG  -13.5434  -14.4542   -0.9109    0.2136
 4239 KGVIWDG  -12.5217  -13.5440   -1.0223    0.2136
 4240 KGVIDWG  -13.9670  -14.8778   -0.9109    0.2136
 4241 KGVIDWG  -13.9670  -14.8778   -0.9109    0.2136
 4242 RGLIDWG  -11.6423  -16.3326   -4.6903    0.2136
 4243 RGLIDWG  -11.6423  -16.3326   -4.6903    0.2136
 4244 RGFIDWG  -10.9455  -13.9018   -2.9563    0.2136
 4245 RGLIDWG  -11.7151  -16.4054   -4.6903    0.2136
 4246 RGLIDWG  -11.7151  -16.4054   -4.6903    0.2136
 4247 IGKIDWG  -14.5835  -14.3686    0.2149    0.2136
 4248 LGKIDWG  -13.0468  -14.2617   -1.2149    0.2136
 4249 LGKIDWG  -13.0468  -14.2617   -1.2149    0.2136
 4250 LGKIDWG  -13.0468  -14.2617   -1.2149    0.2136
 4251 LGKIDWG  -13.0468  -14.2617   -1.2149    0.2136
 4252 LGKIDWG  -13.0468  -14.2617   -1.2149    0.2136
 4253 LGKIDWG  -13.0468  -14.2617   -1.2149    0.2136
 4254 LGKIDWG  -13.0468  -14.2617   -1.2149    0.2136
 4255 LGKIDWG  -13.0468  -14.2617   -1.2149    0.2136
 4256 LGKIDWG  -13.0468  -14.2617   -1.2149    0.2136
 4257 LGKIDWG  -13.0468  -14.2617   -1.2149    0.2136
 4258 LGKIDWG  -13.0468  -14.2617   -1.2149    0.2136
 4259 IGKIDWG  -14.5857  -14.3708    0.2149    0.2136
 4260 IGRIDWG  -12.8749  -16.0241   -3.1491    0.2136
 4261 IGRIDWG  -12.8749  -16.0241   -3.1491    0.2136
 4262 IGRIDWG  -12.8749  -16.0241   -3.1491    0.2136
 4263 IGRIDWG  -12.8749  -16.0241   -3.1491    0.2136
 4264 RGIIDWG  -12.0093  -15.2698   -3.2606    0.2136
 4265 KGIIDWG  -14.0863  -13.9829    0.1034    0.2136
 4266 KGIIEWG  -14.4414  -14.6551   -0.2137    0.2136
 4267 KGFIEWG  -12.2773  -12.1867    0.0906    0.2136
 4268 KGFIEWG  -12.2773  -12.1867    0.0906    0.2136
 4269 KGFIEWG  -12.2773  -12.1867    0.0906    0.2136
 4270 KGFIEWG  -12.2773  -12.1867    0.0906    0.2136
 4271 KGFIEWG  -12.2773  -12.1867    0.0906    0.2136
 4272 KGFIDWG  -13.2873  -12.8795    0.4077    0.2136
 4273 KGIMDWG  -10.4338  -11.3392   -0.9054    0.2136
 4274 IGKMDWG  -10.7787  -11.5727   -0.7940    0.2136
 4275 IGKMDWG  -10.7787  -11.5727   -0.7940    0.2136
 4276 IGKMDWG  -10.7787  -11.5727   -0.7940    0.2136
 4277 IGKMDWG  -10.7787  -11.5727   -0.7940    0.2136
 4278 KGMIDWG  -10.3874  -11.2928   -0.9054    0.2136
 4279 KGMIDWG  -10.3874  -11.2928   -0.9054    0.2136
 4280 KGIIDWG  -11.1938  -11.0903    0.1034    0.2136
 4281 KGIIDWG  -11.1938  -11.0903    0.1034    0.2136
 4282 KGIIEWG  -10.6079  -10.8216   -0.2137    0.2136
 4283 KGIIEWG  -10.6079  -10.8216   -0.2137    0.2136
 4284 DGIIKWG   -9.9139   -9.8105    0.1034    0.2136
 4285 DGIIKWG   -9.9139   -9.8105    0.1034    0.2136
 4286 DGIIKWG   -9.9139   -9.8105    0.1034    0.2136
 4287 RGIDIWG   -6.9225  -10.1831   -3.2606    0.2136
 4288 RGLDIWG   -6.8007  -11.4910   -4.6903    0.2136
 4289 RGLEIWG   -8.0013  -13.0087   -5.0074    0.2136
 4290 RGLEIWG   -8.0013  -13.0087   -5.0074    0.2136
 4291 IGLEKWG   -9.3450  -10.9885   -1.6434    0.2136
 4292 GGLEKWI   -5.9232   -7.7895   -1.8663    0.2136
 4293 GGILKWE   -5.7826   -7.5375   -1.7549    0.2136
 4294 GGILKWE   -5.9486   -7.7035   -1.7549    0.2136
 4295 GGILKWE   -5.9486   -7.7035   -1.7549    0.2136
 4296 GGILKWE   -5.9486   -7.7035   -1.7549    0.2136
 4297 GGILKWE   -5.9486   -7.7035   -1.7549    0.2136
 4298 GGLLKWE   -5.6592   -9.2038   -3.5446    0.2136
 4299 GGLLKWE   -5.6592   -9.2038   -3.5446    0.2136
 4300 GGLLKWE   -5.6592   -9.2038   -3.5446    0.2136
 4301 GGLVKWE   -7.3039  -10.4330   -3.1291    0.2136
 4302 GGFVDWE   -6.9573   -8.5653   -1.6080    0.2136
 4303 GGFVDEW   -6.6006   -8.3201   -1.7194    0.2136
 4304 GEFVDGW   -5.4389   -6.9355   -1.4966    0.2136
 4305 GDFVEGW   -5.4581   -6.9547   -1.4966    0.2136
 4306 GDFIEGW   -6.5470   -6.9492   -0.4023    0.2136
 4307 GDFIDGW   -6.7864   -6.8716   -0.0851    0.2136
 4308 GWFIDGD   -7.3970   -7.5936   -0.1966    0.2136
 4309 GWFIDGE   -8.2888   -8.8025   -0.5137    0.2136
 4310 GIFIEGD   -8.8797  -10.1988   -1.3191    0.2136
 4311 GIFIEGE   -8.2683   -9.9045   -1.6363    0.2136
 4312 GIEIFGE   -7.9834   -9.5082   -1.5249    0.2136
 4313 GIEIKGF  -10.0606  -10.6640   -0.6034    0.2136
 4314 GIEIKGI  -10.7555  -11.5833   -0.8277    0.2136
 4315 GIKIEGI  -12.6770  -13.5047   -0.8277    0.2136
 4316 GIKIEGI  -12.6770  -13.5047   -0.8277    0.2136
 4317 GIKIEGF  -11.5327  -12.1361   -0.6034    0.2136
 4318 GIKIEGW  -13.6178  -13.7201   -0.1023    0.2136
 4319 GIKIEGW  -13.6178  -13.7201   -0.1023    0.2136
 4320 GIKIEGM  -11.9934  -14.1900   -2.1966    0.2136
 4321 GIKIEGV  -12.1815  -14.3835   -2.2020    0.2136
 4322 GIKIEGV  -12.1815  -14.3835   -2.2020    0.2136
 4323 GVKIEGI  -11.4193  -13.6213   -2.2020    0.2136
 4324 GVKIEGI  -11.4193  -13.6213   -2.2020    0.2136
 4325 GLKIEGI  -11.2446  -13.8620   -2.6174    0.2136
 4326 GLKIEGI  -11.2446  -13.8620   -2.6174    0.2136
 4327 GLKIEGW  -12.5087  -14.0407   -1.5320    0.2136
 4328 GIKLEGW  -11.4584  -12.9904   -1.5320    0.2136
 4329 GIKLEGW  -11.4584  -12.9904   -1.5320    0.2136
 4330 GIKLEGW  -11.4584  -12.9904   -1.5320    0.2136
 4331 GIKLEGW  -11.4584  -12.9904   -1.5320    0.2136
 4332 GIKLEGW  -11.4584  -12.9904   -1.5320    0.2136
 4333 GIKLEGW  -11.2004  -12.7324   -1.5320    0.2138
 4334 GIKLEGW  -11.2004  -12.7324   -1.5320    0.2138
 4335 GIKLEGW  -11.2004  -12.7324   -1.5320    0.2138
 4336 GIKIEGW  -12.1296  -12.2319   -0.1023    0.2138
 4337 GMKIEGF   -6.8773   -8.8496   -1.9723    0.2138
 4338 GMKIEGF   -6.8773   -8.8496   -1.9723    0.2138
 4339 GIKMDGF   -7.1352   -8.7903   -1.6551    0.2138
 4340 GIKMDGL   -6.8471  -10.5162   -3.6691    0.2138
 4341 GIRMDGM   -7.2027  -13.8149   -6.6123    0.2138
 4342 GIRMDGM   -7.2027  -13.8149   -6.6123    0.2138
 4343 GIRMDGM   -8.1333  -14.7456   -6.6123    0.2138
 4344 GIRMDGM   -8.1333  -14.7456   -6.6123    0.2138
 4345 GMRIDGM   -7.7110  -14.3233   -6.6123    0.2138
 4346 GMRIDGF   -7.7257  -12.7448   -5.0191    0.2138
 4347 GGRIDFM   -5.8430  -11.0850   -5.2420    0.2138
 4348 GGRIDMF   -5.9658  -11.2078   -5.2420    0.2138
 4349 GMRIDGF   -5.9276  -10.9468   -5.0191    0.2138
 4350 GIKIDGF  -10.3609  -10.6472   -0.2863    0.2138
 4351 GIKIDGF  -10.3609  -10.6472   -0.2863    0.2138
 4352 GIKIEGF   -9.7371  -10.3405   -0.6034    0.2138
 4353 GIKIEGF   -9.7371  -10.3405   -0.6034    0.2138
 4354 FIKIEGG  -10.1807  -11.0070   -0.8263    0.2138
 4355 FIKIEGG  -10.1807  -11.0070   -0.8263    0.2138
 4356 FIKIEGG  -10.1807  -11.0070   -0.8263    0.2138
 4357 FIKIEGG  -10.1807  -11.0070   -0.8263    0.2138
 4358 FIKIEGG  -10.1807  -11.0070   -0.8263    0.2138
 4359 FKIIEGG   -6.2939   -7.1201   -0.8263    0.2138
 4360 FKLIEGG   -5.8355   -8.4515   -2.6160    0.2138
 4361 KILIEGG  -12.8369  -15.7886   -2.9517    0.2138
 4362 KILIEGG  -12.8369  -15.7886   -2.9517    0.2138
 4363 KILIDGG  -13.0985  -15.7331   -2.6346    0.2138
 4364 KIIIGGD  -12.4480  -13.2929   -0.8449    0.2138
 4365 KIVIGGD  -12.4826  -14.7018   -2.2191    0.2138
 4366 KIVIGGE  -11.6800  -14.2163   -2.5363    0.2138
 4367 KIVIGGE  -11.6800  -14.2163   -2.5363    0.2138
 4368 KIVIGGE  -11.6800  -14.2163   -2.5363    0.2138
 4369 KLIIGGE   -9.9682  -12.9199   -2.9517    0.2138
 4370 KLIIGGE   -9.9682  -12.9199   -2.9517    0.2138
 4371 KLIIGGE   -9.9682  -12.9199   -2.9517    0.2138
 4372 KIILGGE   -9.9669  -12.9186   -2.9517    0.2138
 4373 KIIIGGE  -10.1324  -11.2944   -1.1620    0.2138
 4374 KIVVEGG  -13.7658  -17.6764   -3.9106    0.2138
 4375 KIVVEGG  -13.7658  -17.6764   -3.9106    0.2138
 4376 KIMVEGM  -14.5782  -15.0779   -0.4997    0.2138
 4377 KFIVMGE  -12.0544  -12.4324   -0.3780    0.2138
 4378 KFVVMGE  -13.0010  -13.3933   -0.3923    0.2138
 4379 KIVVVGE  -13.6388  -14.2608   -0.6220    0.2138
 4380 KIMVVGE  -13.6126  -14.2292   -0.6166    0.2138
 4381 KIMVVGE  -13.6126  -14.2292   -0.6166    0.2138
 4382 KIVVVGE  -13.6966  -14.3186   -0.6220    0.2138
 4383 KIVVMGE  -14.8413  -15.4579   -0.6166    0.2138
 4384 KVVIMGK   -8.8742   -9.9608   -1.0866    0.2138
 4385 VKVIMGE  -13.7817  -14.2868   -0.5051    0.2138
 4386 KIVVMGE  -15.3543  -15.9709   -0.6166    0.2138
 4387 KIVVMGE  -15.3543  -15.9709   -0.6166    0.2138
 4388 KIVIMGE  -14.7052  -15.3875   -0.6823    0.2138
 4389 KIVIMGE  -14.7052  -15.3875   -0.6823    0.2138
 4390 KIWIGGE  -14.6948  -15.1313   -0.4366    0.2138
 4391 KIWIGGD  -15.4273  -15.5467   -0.1194    0.2138
 4392 KIWIGGD  -15.4273  -15.5467   -0.1194    0.2138
 4393 KIWIGGD  -15.4273  -15.5467   -0.1194    0.2138
 4394 KFWIGGD  -12.8722  -12.6874    0.1849    0.2138
 4395 KFWIGGD  -12.8722  -12.6874    0.1849    0.2138
 4396 KFWIGGD  -12.8722  -12.6874    0.1849    0.2138
 4397 KMWIGGD  -13.6215  -14.7498   -1.1283    0.2138
 4398 KIWIGGE  -15.4148  -15.8514   -0.4366    0.2138
 4399 KIWIGGD  -15.3845  -15.5039   -0.1194    0.2138
 4400 KIWIGGD  -15.3845  -15.5039   -0.1194    0.2138
 4401 KIWIGGD  -15.3845  -15.5039   -0.1194    0.2138
 4402 KIWIGGD  -15.3845  -15.5039   -0.1194    0.2138
 4403 IKIIGGE  -11.0026  -12.0531   -1.0506    0.2138
 4404 EIIIGGK  -10.4274  -11.5894   -1.1620    0.2138
 4405 EIIIGGK  -10.4274  -11.5894   -1.1620    0.2138
 4406 LEIIGGE   -7.1090  -10.7593   -3.6503    0.2138
 4407 LELIGGD   -6.4038  -11.5267   -5.1229    0.2138
 4408 LILEGGE   -6.7366  -12.2880   -5.5514    0.2138
 4409 IIWEGGE  -10.0759  -11.3224   -1.2466    0.2138
 4410 IIWEGGE  -10.0759  -11.3224   -1.2466    0.2138
 4411 IIWEGGE  -10.0759  -11.3224   -1.2466    0.2138
 4412 IFIEGGE   -8.7077  -10.4555   -1.7477    0.2138
 4413 IIFEGGE   -9.0181  -10.7658   -1.7477    0.2138
 4414 LIVEGGE   -7.1519  -12.2879   -5.1360    0.2138
 4415 KIEVYGL   -8.8545  -10.4899   -1.6354    0.2138
 4416 KIEVYGF  -10.2957   -9.9171    0.3786    0.2138
 4417 ELKVYGF   -6.9607   -8.3718   -1.4111    0.2138
 4418 KIEVMGF  -10.7945  -10.9496   -0.1551    0.2138
 4419 KIEVLGF   -6.6329   -9.7689   -3.1360    0.2138
 4420 KIEVGGF   -9.0446  -11.1338   -2.0891    0.2138
 4421 EIGVKGF   -9.6636  -11.6414   -1.9777    0.2138
 4422 EVGIKGF   -9.1687  -11.1464   -1.9777    0.2138
 4423 EVGIKGL   -8.9345  -12.9263   -3.9917    0.2138
 4424 EIGVKGL   -9.4168  -13.4085   -3.9917    0.2138
 4425 DIGVRGL   -7.1406  -14.1791   -7.0386    0.2138
 4426 VIGVRGD   -8.2633  -14.9979   -6.7346    0.2138
 4427 VIGVRGD   -8.2633  -14.9979   -6.7346    0.2138
 4428 VIKVGGD  -14.5789  -18.0609   -3.4820    0.2138
 4429 VIKIGGD  -16.0395  -18.1473   -2.1077    0.2138
 4430 IIKIGGD  -17.0581  -17.7915   -0.7334    0.2138
 4431 IIKIGGD  -17.0581  -17.7915   -0.7334    0.2138
 4432 IIKVGGD  -15.1885  -17.2962   -2.1077    0.2138
 4433 IIKMGGE  -15.1620  -17.5814   -2.4194    0.2138
 4434 IIKMGGE  -15.1620  -17.5814   -2.4194    0.2138
 4435 IIKMGGE  -15.1620  -17.5814   -2.4194    0.2138
 4436 IIKMGGE  -15.1620  -17.5814   -2.4194    0.2138
 4437 IIKMGGE  -15.1620  -17.5814   -2.4194    0.2138
 4438 IIKIGGE  -14.5815  -15.6320   -1.0506    0.2138
 4439 IIKVGGE  -15.1721  -17.5970   -2.4249    0.2138
 4440 IIKVGGD  -15.6231  -17.7308   -2.1077    0.2138
 4441 IIKVGGD  -15.6231  -17.7308   -2.1077    0.2138
 4442 IIKVGGD  -15.6231  -17.7308   -2.1077    0.2138
 4443 IIKVGGD  -15.6231  -17.7308   -2.1077    0.2138
 4444 ILKIGGD  -13.5248  -16.0480   -2.5231    0.2138
 4445 ILRIGGE  -10.0979  -16.3022   -6.2043    0.2138
 4446 ILRIGGD  -11.9851  -17.8722   -5.8871    0.2138
 4447 VLRIGGD  -11.0081  -18.2695   -7.2614    0.2138
 4448 VLRIGGD  -11.0081  -18.2695   -7.2614    0.2138
 4449 VLKIGGD  -12.6514  -16.5488   -3.8974    0.2138
 4450 VVKIGGD  -12.8990  -16.3810   -3.4820    0.2138
 4451 VIKVGGD  -14.7612  -18.2432   -3.4820    0.2138
 4452 VFKVGGD  -14.7957  -18.0534   -3.2577    0.2138
 4453 VFKVGGD  -14.7957  -18.0534   -3.2577    0.2138
 4454 VGKVGWD  -14.0470  -16.2207   -2.1737    0.2138
 4455 VGKVGWD  -14.0470  -16.2207   -2.1737    0.2138
 4456 VGKVGWD  -14.0470  -16.2207   -2.1737    0.2138
 4457 VGKVGWD  -14.0470  -16.2207   -2.1737    0.2138
 4458 VGKVGWD  -14.0470  -16.2207   -2.1737    0.2138
 4459 VGKVGWD  -14.0470  -16.2207   -2.1737    0.2138
 4460 VGKVGWD  -14.0470  -16.2207   -2.1737    0.2138
 4461 VGKVGWD  -14.0470  -16.2207   -2.1737    0.2138
 4462 VGKVGWD  -14.0470  -16.2207   -2.1737    0.2138
 4463 VGKVGWD  -14.0470  -16.2207   -2.1737    0.2138
 4464 VGKVGWD  -14.0470  -16.2207   -2.1737    0.2138
 4465 VGKVGWE  -13.2751  -15.7659   -2.4909    0.2138
 4466 VGKVGWE  -13.2751  -15.7659   -2.4909    0.2138
 4467 VGKVGWE  -13.2751  -15.7659   -2.4909    0.2138
 4468 VGKVGWE  -13.2751  -15.7659   -2.4909    0.2138
 4469 VGKVGWE  -13.2751  -15.7659   -2.4909    0.2138
 4470 VGKVGWE  -13.2751  -15.7659   -2.4909    0.2138
 4471 VGKVGWE  -13.2751  -15.7659   -2.4909    0.2138
 4472 VGKVGWE  -13.2751  -15.7659   -2.4909    0.2138
 4473 VGRVGWE  -11.2523  -17.1072   -5.8549    0.2138
 4474 VGRVGWE  -11.2523  -17.1072   -5.8549    0.2138
 4475 LGRVGIE   -6.0764  -13.4321   -7.3557    0.2138
 4476 MGRVGIE   -5.3530  -12.2879   -6.9349    0.2138
 4477 VGRMGLE   -7.3840  -16.1085   -8.7246    0.2138
 4478 VGKMGLE   -9.2515  -14.6121   -5.3606    0.2138
 4479 LGKEGLM   -7.3190  -13.3179   -5.9989    0.2138
 4480 VMKMGLE   -9.0887  -11.2667   -2.1780    0.2138
 4481 VMKMGLE   -9.0887  -11.2667   -2.1780    0.2138
 4482 VMKMGLE   -9.0887  -11.2667   -2.1780    0.2138
 4483 VMKMGLE   -9.0887  -11.2667   -2.1780    0.2138
 4484 VMKMGLE   -9.0887  -11.2667   -2.1780    0.2138
 4485 VMKLGLE   -9.0627  -11.9816   -2.9189    0.2138
 4486 VMKLGLE   -9.0627  -11.9816   -2.9189    0.2138
 4487 VMKLGLE   -9.0627  -11.9816   -2.9189    0.2138
 4488 MMKIGLE  -10.3730  -12.1367   -1.7637    0.2138
 4489 MMKIGME  -10.3282  -10.7110   -0.3829    0.2138
 4490 KMMIGME  -10.8911  -11.3854   -0.4943    0.2138
 4491 KMIMGME   -9.9272  -10.4215   -0.4943    0.2138
 4492 KMIMGME   -9.9272  -10.4215   -0.4943    0.2138
 4493 KMIMGME   -9.9272  -10.4215   -0.4943    0.2138
 4494 KMIMGME   -9.9272  -10.4215   -0.4943    0.2138
 4495 KMIMGME   -9.9272  -10.4215   -0.4943    0.2138
 4496 KMIMGME   -9.9272  -10.4215   -0.4943    0.2138
 4497 KMIEGMM   -8.6865   -9.1808   -0.4943    0.2138
 4498 KMIEGMM   -8.6865   -9.1808   -0.4943    0.2138
 4499 MMIEGME   -6.8054   -8.1097   -1.3043    0.2138
 4500 MMIEGME   -6.8054   -8.1097   -1.3043    0.2138
 4501 IMMMGEE   -6.4668   -7.9939   -1.5271    0.2138
 4502 IVMMGED   -9.8511  -11.0665   -1.2154    0.2138
 4503 IIMVGED  -11.1443  -12.4308   -1.2866    0.2138
 4504 MIKVGMD  -12.7614  -12.8326   -0.0711    0.2138
 4505 MIKVGMD  -12.7614  -12.8326   -0.0711    0.2138
 4506 MVKIGME  -13.0735  -13.4618   -0.3883    0.2138
 4507 MVKIGME  -13.0735  -13.4618   -0.3883    0.2138
 4508 MVKIGME  -13.0735  -13.4618   -0.3883    0.2138
 4509 MVKIGMD  -12.7578  -12.8289   -0.0711    0.2138
 4510 FVKMGDM  -10.6514  -10.4983    0.1531    0.2138
 4511 FVKLGDM  -12.6296  -13.6973   -1.0677    0.2138
 4512 FVKLGDM  -12.6296  -13.6973   -1.0677    0.2138
 4513 FVKYGDM   -9.4066  -10.0797   -0.6731    0.2138
 4514 WFKYGDM   -8.2720   -8.8854   -0.6134    0.2138
 4515 WFKAGDM   -8.8984   -9.5670   -0.6686    0.2138
 4516 WFKAGMD   -8.1463   -8.8149   -0.6686    0.2138
 4517 WFKDGMA   -5.7482   -6.6396   -0.8914    0.2138
 4518 WFKEGAM   -9.9559  -11.1645   -1.2086    0.2138
 4519 WFKEGAM   -9.9559  -11.1645   -1.2086    0.2138
 4520 FWKEGAM   -9.4457  -10.6543   -1.2086    0.2138
 4521 FVKEGAM   -9.1523  -12.8206   -3.6683    0.2138
 4522 FWKEGAM   -9.5806  -10.7892   -1.2086    0.2138
 4523 LWKEGAM   -8.4908  -11.7134   -3.2226    0.2138
 4524 FWKEGAM   -9.7777  -10.9863   -1.2086    0.2138
 4525 FIKEGAM   -8.7073  -11.0013   -2.2940    0.2138
 4526 FIKMGEM   -9.2304   -9.4601   -0.2297    0.2138
 4527 FIKMGEM   -9.2304   -9.4601   -0.2297    0.2138
 4528 WIKEGMA   -7.6095   -9.0424   -1.4329    0.2138
 4529 AIKMGEW   -9.5358  -10.7458   -1.2100    0.2138
 4530 AIKMGEW   -9.5358  -10.7458   -1.2100    0.2138
 4531 AIKMGDW   -9.5052  -10.3981   -0.8929    0.2138
 4532 MIKAGDW   -9.0927   -9.9856   -0.8929    0.2138
 4533 MIKEGAW  -10.2314  -11.6642   -1.4329    0.2138
 4534 MIKEGAW  -10.9485  -12.3814   -1.4329    0.1750
 4535 KIMEGAW  -11.0604  -12.3818   -1.3214    0.1750
 4536 KMIEGAW  -11.6308  -12.9522   -1.3214    0.1750
 4537 KMIEGAW  -11.6308  -12.9522   -1.3214    0.1750
 4538 KMIAGEW  -10.6911  -12.0125   -1.3214    0.1750
 4539 KMIEGAW  -11.7218  -13.0432   -1.3214    0.1750
 4540 KMIEGAW  -11.7218  -13.0432   -1.3214    0.1750
 4541 KMIEGAW  -11.7218  -13.0432   -1.3214    0.1750
 4542 KAIEGMW  -11.3821  -12.7036   -1.3214    0.1750
 4543 KMIEGGW  -11.0200  -12.3540   -1.3340    0.1750
 4544 KMIEGGW  -11.0200  -12.3540   -1.3340    0.1750
 4545 KEWMGGW   -9.6740  -10.0340   -0.3600    0.1750
 4546 KEWMGGW   -9.6740  -10.0340   -0.3600    0.1750
 4547 KEVMGGW   -9.0216  -11.8413   -2.8197    0.1750
 4548 KEVMGGW   -9.0216  -11.8413   -2.8197    0.1750
 4549 KEMMGGW   -9.0996  -11.9139   -2.8143    0.1750
 4550 KEMMGGW   -9.0996  -11.9139   -2.8143    0.1750
 4551 KELMGGW   -8.6657  -11.9008   -3.2351    0.1750
 4552 DLEMGGW   -5.4839   -8.9891   -3.5051    0.1750
 4553 WLEMGGD   -5.9336   -9.5502   -3.6166    0.1750
 4554 WLRMGGD   -6.7776  -12.9481   -6.1706    0.1750
 4555 WLRMGGE   -6.9370  -13.4247   -6.4877    0.1750
 4556 WFRMGGE   -5.6051  -10.0788   -4.4737    0.1750
 4557 WFRMGGE   -5.6051  -10.0788   -4.4737    0.1750
 4558 WFRMGGE   -5.6051  -10.0788   -4.4737    0.1750
 4559 WFRMGGE   -5.6051  -10.0788   -4.4737    0.1750
 4560 WFRMGGE   -5.6051  -10.0788   -4.4737    0.1750
 4561 EWKMGGF   -9.4064  -10.4047   -0.9983    0.1750
 4562 EWKMGGF   -9.4064  -10.4047   -0.9983    0.1750
 4563 FWKMGGE   -8.1894   -9.2991   -1.1097    0.1750
 4564 FWKMGGE   -8.1894   -9.2991   -1.1097    0.1750
 4565 DWKFGGM   -5.2550   -5.9361   -0.6811    0.1750
 4566 DIGFKGW   -6.7045   -6.1854    0.5191    0.1750
 4567 DIKFGGW   -6.6771   -6.2693    0.4077    0.1750
 4568 DIKFGGW   -6.6771   -6.2693    0.4077    0.1750
 4569 DIKFGGW   -6.6771   -6.2693    0.4077    0.1750
 4570 DIGYKGW   -0.5066   -2.1269   -1.6203    0.1750
 4571 KIGYKGW    3.5795    1.1721   -2.4074    0.1750
 4572 DVGYKGW   -2.7114   -5.7060   -2.9946    0.1750
 4573 DVGIKGW   -3.0168   -3.8162   -0.7994    0.1750
 4574 EVGIKGW   -4.9213   -6.0379   -1.1166    0.1750
 4575 EFGIKGW   -4.5755   -4.3735    0.2020    0.1750
 4576 EIGGKGF   -4.8316  -10.2093   -5.3777    0.1750
 4577 EWGGKGF   -5.2823   -9.5746   -4.2923    0.1750
 4578 EWGGKGF   -5.2823   -9.5746   -4.2923    0.1750
 4579 EWGGKGF   -5.2823   -9.5746   -4.2923    0.1750
 4580 EWGGKGM   -5.7718  -11.6572   -5.8854    0.1750
 4581 MWGGKGE   -4.0501  -10.0470   -5.9969    0.1750
 4582 EWGGKGL   -3.4650   -9.7713   -6.3063    0.1750
 4583 EWKGGGW   -5.3674   -8.9100   -3.5426    0.1750
 4584 EWKGGGF   -4.1108   -8.5145   -4.4037    0.1750
 4585 EWKGGGL   -2.4094   -8.8272   -6.4177    0.1750
 4586 IWKGGGE   -5.6523  -10.3918   -4.7394    0.1750
 4587 IWKGGGD   -6.2239  -10.6462   -4.4223    0.1750
 4588 IYKGGGD   -1.0548   -8.7577   -7.7029    0.1750
 4589 VVKIGGD  -10.7739  -14.2559   -3.4820    0.1750
 4590 KVGIVGE  -11.0896  -14.7773   -3.6877    0.1750
 4591 KVGIVGD  -11.7668  -15.1373   -3.3706    0.1750
 4592 KVGIVGD  -11.7668  -15.1373   -3.3706    0.1750
 4593 KVGIIGD  -14.0586  -16.0549   -1.9963    0.1750
 4594 KFGIIGD  -13.8312  -14.2289   -0.3977    0.1750
 4595 KFIIGGD  -13.8146  -14.4352   -0.6206    0.1750
 4596 KFIIGGD  -14.4940  -15.1146   -0.6206    0.1750
 4597 KFIIGGD  -14.4940  -15.1146   -0.6206    0.1750
 4598 KFGIIGD  -14.5445  -14.9422   -0.3977    0.1750
 4599 KFGIIGD  -14.5445  -14.9422   -0.3977    0.1750
 4600 KFGIIGD  -14.5445  -14.9422   -0.3977    0.1750
 4601 KFGIIGD  -14.5445  -14.9422   -0.3977    0.1750
 4602 RFGIIGD  -11.6521  -15.4138   -3.7617    0.1750
 4603 KFGIIGD  -14.9473  -15.3450   -0.3977    0.1750
 4604 KFGIIGD  -14.9473  -15.3450   -0.3977    0.1750
 4605 KFGIIGD  -14.9473  -15.3450   -0.3977    0.1750
 4606 KFGIIGD  -14.9473  -15.3450   -0.3977    0.1750
 4607 KFGIIGD  -14.9473  -15.3450   -0.3977    0.1750
 4608 KFGIIGD  -14.9473  -15.3450   -0.3977    0.1750
 4609 KIGIIGD  -17.1994  -17.8214   -0.6220    0.1750
 4610 KIGIIGD  -17.1994  -17.8214   -0.6220    0.1750
 4611 KIGIIGD  -17.1994  -17.8214   -0.6220    0.1750
 4612 KFGIIGD  -14.9871  -15.3848   -0.3977    0.1750
 4613 KMGIIGD  -14.3380  -16.3289   -1.9909    0.1750
 4614 KMGIIGD  -14.3380  -16.3289   -1.9909    0.1750
 4615 KGGIIMD  -13.6956  -15.9093   -2.2137    0.1750
 4616 KGGIIMD  -13.6956  -15.9093   -2.2137    0.1750
 4617 KGGIIMD  -13.6956  -15.9093   -2.2137    0.1750
 4618 KGGIIMD  -13.6956  -15.9093   -2.2137    0.1750
 4619 KGGIIMD  -13.6956  -15.9093   -2.2137    0.1750
 4620 KGGIIMD  -13.6956  -15.9093   -2.2137    0.1750
 4621 KGGIIVD  -12.4867  -14.7059   -2.2191    0.1750
 4622 KVGIWGD  -15.6287  -16.5395   -0.9109    0.1750
 4623 EVGIWGK  -12.1403  -13.3683   -1.2280    0.1750
 4624 EIGIWGK  -14.0019  -14.2156   -0.2137    0.1750
 4625 EIGIWGK  -14.0019  -14.2156   -0.2137    0.1750
 4626 KIGIWGE  -15.6556  -15.8693   -0.2137    0.1750
 4627 KIGIWGE  -15.6556  -15.8693   -0.2137    0.1750
 4628 KIGIWGE  -15.6556  -15.8693   -0.2137    0.1750
 4629 KIGIWGE  -15.6556  -15.8693   -0.2137    0.1750
 4630 KIGIWGE  -15.6556  -15.8693   -0.2137    0.1750
 4631 KIGIWGD  -15.6845  -15.5811    0.1034    0.1750
 4632 KVGIWGD  -13.6752  -14.5861   -0.9109    0.1750
 4633 EVGIWGD  -11.5181  -13.2390   -1.7209    0.1750
 4634 KVGIIGD  -15.1590  -17.1553   -1.9963    0.1750
 4635 KVGIIGD  -15.1590  -17.1553   -1.9963    0.1750
 4636 KVGIIGD  -15.1590  -17.1553   -1.9963    0.1750
 4637 KLGIIGD  -15.2037  -17.6154   -2.4117    0.1750
 4638 KLGIIGE  -14.7822  -17.5110   -2.7289    0.1750
 4639 KLGIIGD  -14.7990  -17.2107   -2.4117    0.1750
 4640 KLGIIGD  -14.7990  -17.2107   -2.4117    0.1750
 4641 KLGIWGD  -14.6669  -15.9932   -1.3263    0.1750
 4642 KLGIWGD  -14.6669  -15.9932   -1.3263    0.1750
 4643 KLGIWGD  -14.6669  -15.9932   -1.3263    0.1750
 4644 KLGIWGD  -14.6669  -15.9932   -1.3263    0.1750
 4645 KLGIIGD  -14.8358  -17.2475   -2.4117    0.1750
 4646 KIGIIGE  -17.3710  -18.3102   -0.9391    0.1750
 4647 KIGIIGE  -17.3710  -18.3102   -0.9391    0.1750
 4648 KIGIIGE  -17.3710  -18.3102   -0.9391    0.1750
 4649 KIGIIGE  -17.3710  -18.3102   -0.9391    0.1750
 4650 KIGIIGE  -17.3710  -18.3102   -0.9391    0.1750
 4651 KIGIIGE  -17.3710  -18.3102   -0.9391    0.1750
 4652 KIGIIGE  -17.3710  -18.3102   -0.9391    0.1750
 4653 KIGIIGE  -17.3710  -18.3102   -0.9391    0.1750
 4654 KIGIIGE  -17.3710  -18.3102   -0.9391    0.1750
 4655 KIGIIGD  -17.1231  -17.7451   -0.6220    0.1750
 4656 KIGIIGD  -17.1231  -17.7451   -0.6220    0.1750
 4657 KIGIIGD  -17.1231  -17.7451   -0.6220    0.1750
 4658 KIGIIGE  -17.4527  -18.3918   -0.9391    0.1750
 4659 KIGIIGE  -17.4527  -18.3918   -0.9391    0.1750
 4660 KIGIIGE  -17.4527  -18.3918   -0.9391    0.1750
 4661 KIGIIGE  -17.4527  -18.3918   -0.9391    0.1750
 4662 KIGIIGE  -17.4527  -18.3918   -0.9391    0.1750
 4663 KIGIIGE  -17.4527  -18.3918   -0.9391    0.1750
 4664 KIGIIGD  -17.1304  -17.7524   -0.6220    0.1750
 4665 KIGIIGD  -17.1304  -17.7524   -0.6220    0.1750
 4666 KIGIIGD  -17.1304  -17.7524   -0.6220    0.1750
 4667 KIGIIGD  -17.1304  -17.7524   -0.6220    0.1750
 4668 KIGIIGD  -17.1304  -17.7524   -0.6220    0.1750
 4669 KIGIIGD  -17.1304  -17.7524   -0.6220    0.1750
 4670 KIGIIGD  -17.1304  -17.7524   -0.6220    0.1750
 4671 KIGIIGD  -17.1304  -17.7524   -0.6220    0.1750
 4672 KIGIIGD  -17.1304  -17.7524   -0.6220    0.1750
 4673 KIGIIGE  -17.4624  -18.4015   -0.9391    0.1750
 4674 KIGIIGE  -17.4624  -18.4015   -0.9391    0.1750
 4675 KIGIIGE  -17.4624  -18.4015   -0.9391    0.1750
 4676 KIGIIGD  -17.1476  -17.7696   -0.6220    0.1750
 4677 KIGIIGD  -17.1476  -17.7696   -0.6220    0.1750
 4678 KIGIIGE  -17.3319  -18.2711   -0.9391    0.1750
 4679 KIGIIGE  -17.3319  -18.2711   -0.9391    0.1750
 4680 KIGIIGE  -17.3319  -18.2711   -0.9391    0.1750
 4681 KIGIIGE  -17.3319  -18.2711   -0.9391    0.1750
 4682 KIGIIGE  -17.3319  -18.2711   -0.9391    0.1750
 4683 KIGIIGE  -17.3319  -18.2711   -0.9391    0.1750
 4684 KIGIIGE  -17.3319  -18.2711   -0.9391    0.1750
 4685 KIGIIGE  -17.3319  -18.2711   -0.9391    0.1750
 4686 KIGIIGE  -17.3319  -18.2711   -0.9391    0.1750
 4687 KIGIIGE  -17.3319  -18.2711   -0.9391    0.1750
 4688 KIGIIGE  -17.3319  -18.2711   -0.9391    0.1750
 4689 KIGIIGE  -17.3319  -18.2711   -0.9391    0.1750
 4690 KIGIIGE  -17.3319  -18.2711   -0.9391    0.1750
 4691 KIGIIGD  -17.1033  -17.7253   -0.6220    0.1750
 4692 KIGIIGD  -17.1033  -17.7253   -0.6220    0.1750
 4693 KIGIIGD  -17.1033  -17.7253   -0.6220    0.1750
 4694 KIGIIGD  -17.1033  -17.7253   -0.6220    0.1750
 4695 KIGIWGD  -16.4889  -16.3854    0.1034    0.1750
 4696 KIGIWGD  -16.4889  -16.3854    0.1034    0.1750
 4697 KIGIFGD  -15.0075  -15.4052   -0.3977    0.1750
 4698 KIGILGD  -13.4578  -15.8695   -2.4117    0.1750
 4699 KIGILGD  -13.4578  -15.8695   -2.4117    0.1750
 4700 KIGILGD  -13.4578  -15.8695   -2.4117    0.1750
 4701 KIGILGD  -13.4578  -15.8695   -2.4117    0.1750
 4702 KIGILGD  -13.4578  -15.8695   -2.4117    0.1750
 4703 KIGILGD  -13.4578  -15.8695   -2.4117    0.1750
 4704 KIGVLGD  -11.7689  -15.5549   -3.7860    0.1750
 4705 KIGVLGD  -11.7689  -15.5549   -3.7860    0.1750
 4706 KIGIFGD  -14.0751  -14.4728   -0.3977    0.1750
 4707 KIGIFGE  -13.6854  -14.4003   -0.7149    0.1750
 4708 KIGIFGE  -13.6854  -14.4003   -0.7149    0.1750
 4709 KIGIFGE  -13.6854  -14.4003   -0.7149    0.1750
 4710 KIGIFGE  -13.6854  -14.4003   -0.7149    0.1750
 4711 KIGIFGD  -14.1593  -14.5570   -0.3977    0.1750
 4712 KIGIFGE  -13.6476  -14.3624   -0.7149    0.1750
 4713 KIGIFGE  -13.3797  -14.0946   -0.7149    0.1750
 4714 KIGIWGE  -13.5760  -13.7897   -0.2137    0.1750
 4715 KIGIIGE  -13.0440  -13.9831   -0.9391    0.1750
 4716 KIGIMGE  -12.8782  -15.1862   -2.3080    0.1750
 4717 KIGIMGE  -12.8782  -15.1862   -2.3080    0.1750
 4718 KIGIMGD  -13.2773  -15.2682   -1.9909    0.1750
 4719 KIGIMGD  -13.2773  -15.2682   -1.9909    0.1750
 4720 KIGLMGE  -10.6332  -14.7309   -4.0977    0.1750
 4721 KIGIFGE  -13.7264  -14.4413   -0.7149    0.1750
 4722 KIGIFGE  -13.7264  -14.4413   -0.7149    0.1750
 4723 KIGIIGE  -13.4481  -14.3872   -0.9391    0.1750
 4724 KLGIIGE  -11.4255  -14.1544   -2.7289    0.1750
 4725 KLIIEGG  -11.7022  -14.6539   -2.9517    0.1750
 4726 KLIIEGG  -11.7022  -14.6539   -2.9517    0.1750
 4727 KLIIEGG  -13.2183  -16.1700   -2.9517    0.1750
 4728 LIKIEGG  -13.0012  -15.8415   -2.8403    0.1750
 4729 KILIEGG  -13.2930  -16.2447   -2.9517    0.1750
 4730 KILIEGG  -13.2930  -16.2447   -2.9517    0.1750
 4731 KILIDGG  -13.3813  -16.0158   -2.6346    0.1750
 4732 KILIDGG  -13.3813  -16.0158   -2.6346    0.1750
 4733 KILIDGG  -13.3813  -16.0158   -2.6346    0.1750
 4734 KILIDGG  -13.3813  -16.0158   -2.6346    0.1750
 4735 KILIDGG  -13.3791  -16.0136   -2.6346    0.2042
 4736 KIVIDGG  -13.1867  -15.4058   -2.2191    0.2042
 4737 KIDIVGG  -10.1955  -12.3032   -2.1077    0.2042
 4738 DIKIVGG  -10.9903  -13.0980   -2.1077    0.2042
 4739 GIKIVGD  -11.9917  -13.9880   -1.9963    0.2042
 4740 GIKIVGD  -11.9917  -13.9880   -1.9963    0.2042
 4741 GKLIVGD   -9.4271  -13.3246   -3.8974    0.2042
 4742 GKLIVGD   -9.6017  -13.4991   -3.8974    0.2042
 4743 GKILVGD   -9.1984  -13.0958   -3.8974    0.2042
 4744 GKILVGD   -9.1984  -13.0958   -3.8974    0.2042
 4745 GKILFGD   -6.5951   -8.8939   -2.2989    0.2042
 4746 GKILIGE   -8.8626  -11.7028   -2.8403    0.2042
 4747 GIKVIGE  -11.9627  -14.2762   -2.3134    0.2042
 4748 GVKIIGE  -12.0557  -14.3691   -2.3134    0.2042
 4749 GVKIIGE  -12.0557  -14.3691   -2.3134    0.2042
 4750 GVKIIGE  -12.0557  -14.3691   -2.3134    0.2042
 4751 GVKIIGE  -12.0557  -14.3691   -2.3134    0.2042
 4752 GLKVIGE  -11.2946  -15.3978   -4.1031    0.2042
 4753 GIKVLGE  -10.7626  -14.8658   -4.1031    0.2042
 4754 GIKVLGE  -10.7626  -14.8658   -4.1031    0.2042
 4755 GIKVLGE  -10.7626  -14.8658   -4.1031    0.2042
 4756 GIKVLGE  -10.7626  -14.8658   -4.1031    0.2042
 4757 GIKVLGE  -10.7626  -14.8658   -4.1031    0.2042
 4758 GIKVLGE  -10.7626  -14.8658   -4.1031    0.2042
 4759 GWKLVGE  -11.1390  -14.1567   -3.0177    0.2042
 4760 GWKLVGD  -11.1973  -13.8979   -2.7006    0.2042
 4761 GWKVMGD  -11.2916  -13.5713   -2.2797    0.2042
 4762 GWKVVGD  -11.2370  -13.5222   -2.2851    0.2042
 4763 GIKIVGE  -13.4522  -15.7657   -2.3134    0.2042
 4764 GIKIVGE  -13.4522  -15.7657   -2.3134    0.2042
 4765 GIKIVGE  -13.4522  -15.7657   -2.3134    0.2042
 4766 GIKIVGE  -13.4522  -15.7657   -2.3134    0.2042
 4767 GIKIVGE  -13.4522  -15.7657   -2.3134    0.2042
 4768 GIKVVGE  -12.7363  -16.4240   -3.6877    0.2042
 4769 GIRVVGE   -9.6875  -16.7392   -7.0517    0.2042
 4770 GIRVVGE   -9.6875  -16.7392   -7.0517    0.2042
 4771 GIRVVGE  -10.2422  -17.2939   -7.0517    0.2042
 4772 GIRVVGE  -10.2422  -17.2939   -7.0517    0.2042
 4773 GIRVVGE  -10.2422  -17.2939   -7.0517    0.2042
 4774 GIRVVGE  -10.2422  -17.2939   -7.0517    0.2042
 4775 GWRVVGE   -8.9392  -14.9055   -5.9663    0.2042
 4776 GWRVVGE   -8.9392  -14.9055   -5.9663    0.2042
 4777 GWRVVGD   -8.8541  -14.5032   -5.6491    0.2042
 4778 GWRVVGE   -9.1074  -15.0737   -5.9663    0.2042
 4779 GWRVVGE   -9.1074  -15.0737   -5.9663    0.2042
 4780 GWRVVGE   -9.1074  -15.0737   -5.9663    0.2042
 4781 GWRVVGE   -9.1074  -15.0737   -5.9663    0.2042
 4782 GWKVVGD  -12.1323  -14.4174   -2.2851    0.2042
 4783 GWKVVGE  -12.5001  -15.1024   -2.6023    0.2042
 4784 GGKVVWE  -11.8332  -14.6584   -2.8251    0.2042
 4785 GGKVVWE  -11.8332  -14.6584   -2.8251    0.2042
 4786 GGKVVWE  -11.8332  -14.6584   -2.8251    0.2042
 4787 GGKVVWD  -11.5662  -14.0742   -2.5080    0.2042
 4788 GGKVVWD  -11.5662  -14.0742   -2.5080    0.2042
 4789 GGKVMWD  -10.6377  -13.1403   -2.5026    0.2042
 4790 GGKVIWD  -12.0683  -13.2020   -1.1337    0.2042
 4791 GGKVVWD  -11.5671  -14.0751   -2.5080    0.2042
 4792 GGKVVWD  -11.5671  -14.0751   -2.5080    0.2042
 4793 GGKVVWE  -11.6769  -14.5021   -2.8251    0.2042
 4794 GGKVVWD  -11.5721  -14.0801   -2.5080    0.2042
 4795 GGKMVWE  -11.1811  -14.0008   -2.8197    0.2042
 4796 GGKMVWD  -11.0937  -13.5963   -2.5026    0.2042
 4797 GGKMVWD  -11.0937  -13.5963   -2.5026    0.2042
 4798 GGKMVWE  -11.1829  -14.0026   -2.8197    0.2042
 4799 GGKFVDW   -9.8592  -10.6572   -0.7980    0.2042
 4800 GEKFVGW   -9.2178  -10.3329   -1.1151    0.2042
 4801 GEKFVGW   -9.2178  -10.3329   -1.1151    0.2042
 4802 GEKFVGW   -9.2178  -10.3329   -1.1151    0.2042
 4803 GFKEVGW  -11.6706  -12.6743   -1.0037    0.2042
 4804 GWKEVGW  -12.9612  -13.1038   -0.1426    0.2042
 4805 GWKEVGW  -12.9612  -13.1038   -0.1426    0.2042
 4806 GWKEVGW  -12.9612  -13.1038   -0.1426    0.2042
 4807 GWKEVGW  -12.9612  -13.1038   -0.1426    0.2042
 4808 GWKEVGW  -12.9612  -13.1038   -0.1426    0.2042
 4809 GWKEVGW  -12.9612  -13.1038   -0.1426    0.2042
 4810 GVKEVGW  -11.1197  -13.7219   -2.6023    0.2042
 4811 GKMEVGW  -10.6527  -13.1382   -2.4854    0.2042
 4812 GKMDVGW   -9.0432  -11.2115   -2.1683    0.2042
 4813 GKLDVGW   -9.1601  -11.7492   -2.5891    0.2042
 4814 WKLVDGG   -9.9408  -12.7528   -2.8120    0.2042
 4815 KWLVDGG  -13.1031  -16.0265   -2.9234    0.2042
 4816 LWKVEGG  -12.7770  -15.9062   -3.1291    0.2042
 4817 LFKVEGG  -10.7193  -14.7096   -3.9903    0.2042
 4818 LFKVDGG   -9.2558  -12.9290   -3.6731    0.2042
 4819 LLKVDGG   -9.5939  -15.2810   -5.6871    0.2042
 4820 LLKVDGG   -9.5939  -15.2810   -5.6871    0.2042
 4821 ILKVDGG  -10.7467  -14.6441   -3.8974    0.2042
 4822 IVKVDGG  -10.5825  -14.0645   -3.4820    0.2042
 4823 IVKIDGG  -11.9609  -14.0686   -2.1077    0.2042
 4824 KIVIDGG  -15.5980  -17.8171   -2.2191    0.2042
 4825 KIVIDGG  -15.5980  -17.8171   -2.2191    0.2042
 4826 KIVIEGA  -15.6669  -18.0792   -2.4123    0.2042
 4827 KIIIEGA  -15.3796  -16.4176   -1.0380    0.2042
 4828 KIIIEGA  -15.3796  -16.4176   -1.0380    0.2042
 4829 KIIIEGA  -15.3796  -16.4176   -1.0380    0.2042
 4830 KIIIEGA  -15.3796  -16.4176   -1.0380    0.2042
 4831 KLIIEGA  -12.8151  -15.6428   -2.8277    0.2042
 4832 KIVIEGG  -16.7364  -19.2727   -2.5363    0.2042
 4833 KIVIEGG  -16.7364  -19.2727   -2.5363    0.2042
 4834 KIVIEGG  -16.7364  -19.2727   -2.5363    0.2042
 4835 KIIIEGG  -16.2928  -17.4548   -1.1620    0.2042
 4836 IIKIEGG  -17.2380  -18.2885   -1.0506    0.2042
 4837 IIKIEGG  -17.2380  -18.2885   -1.0506    0.2042
 4838 IIKIEGG  -17.2380  -18.2885   -1.0506    0.2042
 4839 IIKIEGG  -17.2380  -18.2885   -1.0506    0.2042
 4840 IIKVEGG  -15.6588  -18.0837   -2.4249    0.2042
 4841 VIKIEGG  -15.1210  -17.5459   -2.4249    0.2042
 4842 VIKIEGG  -15.1210  -17.5459   -2.4249    0.2042
 4843 FIKIEGG  -13.2920  -14.1183   -0.8263    0.2042
 4844 FIKIEGG  -13.2920  -14.1183   -0.8263    0.2042
 4845 LIKIEGG  -14.4829  -17.3232   -2.8403    0.2042
 4846 LIKIEGG  -14.4829  -17.3232   -2.8403    0.2042
 4847 IIKLEGG  -13.5889  -16.4292   -2.8403    0.2042
 4848 IIKLEGG  -13.5889  -16.4292   -2.8403    0.2042
 4849 IIKIEGG  -14.2467  -15.2973   -1.0506    0.2042
 4850 IIKIEGG  -14.2467  -15.2973   -1.0506    0.2042
 4851 IIKIEGG  -14.2467  -15.2973   -1.0506    0.2042
 4852 IIKVEGG  -15.2121  -17.6370   -2.4249    0.2042
 4853 IIKVEGG  -15.2121  -17.6370   -2.4249    0.2042
 4854 KIIVEGG  -14.9210  -17.4573   -2.5363    0.2042
 4855 KIIVEGG  -14.9210  -17.4573   -2.5363    0.2042
 4856 KIIVEGG  -14.9210  -17.4573   -2.5363    0.2042
 4857 KIIVEGG  -14.9210  -17.4573   -2.5363    0.2042
 4858 KIIVEGG  -14.9210  -17.4573   -2.5363    0.2042
 4859 KIIVDGG  -13.3053  -15.5244   -2.2191    0.2042
 4860 KIIVDGG  -13.3053  -15.5244   -2.2191    0.2042
 4861 KIVIDGG  -12.1296  -14.3487   -2.2191    0.2042
 4862 KIVLDGG  -10.2454  -14.2543   -4.0089    0.2042
 4863 KIVLEGG  -12.0366  -16.3626   -4.3260    0.2042
 4864 KIVMEGG  -11.5307  -15.4358   -3.9051    0.2042
 4865 EIVMKGG   -9.1390  -13.0441   -3.9051    0.2042
 4866 EIVMKGG   -9.1522  -13.0573   -3.9051    0.2042
 4867 EIVMKGG   -9.1522  -13.0573   -3.9051    0.2042
 4868 EIVVKGG  -10.6913  -14.6019   -3.9106    0.2042
 4869 EVVIKGG   -9.4734  -13.3840   -3.9106    0.2042
 4870 ELKIVGG   -7.1902  -11.4048   -4.2146    0.2042
 4871 ELKILGG   -8.6694  -13.2994   -4.6300    0.2042
 4872 DLLIKGG   -8.3087  -12.7330   -4.4243    0.2042
 4873 KLLIDGG   -9.4679  -13.8922   -4.4243    0.2042
 4874 KLIVDGG  -10.4399  -14.4487   -4.0089    0.2042
 4875 KWEVIGG  -10.3018  -11.6412   -1.3394    0.2042
 4876 KWEVIGG  -10.3018  -11.6412   -1.3394    0.2042
 4877 KWEVIGG  -10.3018  -11.6412   -1.3394    0.2042
 4878 IWEVKGG  -12.7779  -14.1174   -1.3394    0.2042
 4879 WIDVKGG  -12.6701  -13.6924   -1.0223    0.2042
 4880 WIEVKGG  -14.1714  -15.5108   -1.3394    0.2042
 4881 WIEVKGG  -14.1714  -15.5108   -1.3394    0.2042
 4882 WIEVKGG  -14.1714  -15.5108   -1.3394    0.2042
 4883 WIEIKGG  -14.1617  -14.4868   -0.3251    0.2042
 4884 WLEIKGG  -12.5291  -14.2839   -1.7549    0.2042
 4885 WLEIKGG  -12.5291  -14.2839   -1.7549    0.2042
 4886 WLEIKGG  -12.5291  -14.2839   -1.7549    0.2042
 4887 WLEIKGG  -12.5291  -14.2839   -1.7549    0.2042
 4888 WIEIKGG  -14.2670  -14.5921   -0.3251    0.2042
 4889 WIEIKGG  -14.2670  -14.5921   -0.3251    0.2042
 4890 FIEIKGG  -14.0765  -14.9028   -0.8263    0.2042
 4891 FIEIKGG  -14.0765  -14.9028   -0.8263    0.2042
 4892 FIEIKGG  -14.0765  -14.9028   -0.8263    0.2042
 4893 MIEIKGG  -11.9040  -14.3234   -2.4194    0.2042
 4894 FMEIKGG  -11.6463  -13.8415   -2.1951    0.2042
 4895 FMEIKGG  -11.6463  -13.8415   -2.1951    0.2042
 4896 FMEIKGG  -11.6463  -13.8415   -2.1951    0.2042
 4897 FMEIKGG  -11.6463  -13.8415   -2.1951    0.2042
 4898 FMEIKGG  -11.6463  -13.8415   -2.1951    0.2042
 4899 IMEIKGG  -11.5918  -14.0112   -2.4194    0.2042
 4900 IMEIKGG  -11.5918  -14.0112   -2.4194    0.2042
 4901 IMEIKGG  -11.5918  -14.0112   -2.4194    0.2042
 4902 FMEIKGG  -11.6463  -13.8415   -2.1951    0.2042
 4903 FMEIKGG  -11.6463  -13.8415   -2.1951    0.2042
 4904 FMEIKGG  -11.6463  -13.8415   -2.1951    0.2042
 4905 IMEIKGG  -11.5918  -14.0112   -2.4194    0.2042
 4906 VIEIKGG  -12.9870  -15.4118   -2.4249    0.2042
 4907 IIVEKGG  -11.7203  -14.3680   -2.6477    0.2042
 4908 IIVEKGG  -11.7203  -14.3680   -2.6477    0.2042
 4909 IIVEKGG  -11.7203  -14.3680   -2.6477    0.2042
 4910 VIIEKGG  -11.7921  -14.4398   -2.6477    0.2042
 4911 VIIEKGG  -11.8152  -14.4629   -2.6477    0.2042
 4912 IIVEKGG  -11.8281  -14.4758   -2.6477    0.2042
 4913 IEVIKGG  -11.1979  -13.6228   -2.4249    0.2042
 4914 IEVIKGG  -11.1979  -13.6228   -2.4249    0.2042
 4915 IIEVKGG  -14.3560  -16.7809   -2.4249    0.2042
 4916 IIEVKGG  -14.3560  -16.7809   -2.4249    0.2042
 4917 IFEVKGG  -12.5625  -14.7630   -2.2006    0.2042
 4918 IFEVKGG  -12.5625  -14.7630   -2.2006    0.2042
 4919 IWEVKGG  -14.7590  -16.0985   -1.3394    0.2042
 4920 IWEVKGG  -14.7590  -16.0985   -1.3394    0.2042
 4921 IWEVKGG  -14.7590  -16.0985   -1.3394    0.2042
 4922 IWEVKGG  -14.7590  -16.0985   -1.3394    0.2042
 4923 IWEVKGG  -14.7590  -16.0985   -1.3394    0.2042
 4924 IWEVKGG  -14.7590  -16.0985   -1.3394    0.2042
 4925 IWEVKGG  -14.7590  -16.0985   -1.3394    0.2042
 4926 IWEVKGG  -14.7590  -16.0985   -1.3394    0.2042
 4927 IWEVKGG  -14.7590  -16.0985   -1.3394    0.2042
 4928 IWEVKGG  -14.7590  -16.0985   -1.3394    0.2042
 4929 IWEVKGG  -14.7590  -16.0985   -1.3394    0.2042
 4930 IWEVKGG  -14.7590  -16.0985   -1.3394    0.2042
 4931 IWEVKGG  -14.7590  -16.0985   -1.3394    0.2042
 4932 IWEVKGG  -14.7590  -16.0985   -1.3394    0.2042
 4933 IWEVKGG  -14.7590  -16.0985   -1.3394    0.2042
 4934 FWEVKGG  -12.0693  -13.1845   -1.1151    0.2042
 4935 WFEVKGG  -11.4016  -12.5168   -1.1151    0.2042
 4936 WFEVKGG  -11.4016  -12.5168   -1.1151    0.2042
 4937 WGEIKFG  -11.6551  -11.4531    0.2020    0.2042
 4938 WGEIKFG  -11.6623  -11.4603    0.2020    0.2064
 4939 WGKIEFG  -11.3948  -11.1928    0.2020    0.2064
 4940 VGKIEFG  -10.7956  -12.7733   -1.9777    0.2064
 4941 FGKIEWG  -11.2919  -11.0899    0.2020    0.2064
 4942 LGKIEWG  -12.8177  -14.3497   -1.5320    0.2064
 4943 LGKIDWG  -12.9211  -14.1360   -1.2149    0.2064
 4944 LGKIEWG  -13.6911  -15.2231   -1.5320    0.2064
 4945 VGKIEWG  -13.4483  -14.5649   -1.1166    0.2064
 4946 WVKIEGG  -13.5469  -14.8863   -1.3394    0.2064
 4947 WIKVEGG  -13.8339  -15.1733   -1.3394    0.2064
 4948 WIKVEGG  -13.8339  -15.1733   -1.3394    0.2064
 4949 WIKVEGG  -13.8339  -15.1733   -1.3394    0.2064
 4950 VWKVEGG  -12.2719  -14.9856   -2.7137    0.2064
 4951 VWKVEGG  -12.2719  -14.9856   -2.7137    0.2064
 4952 VWKVEGG  -12.2719  -14.9856   -2.7137    0.2064
 4953 MIKVDGG  -10.4097  -13.8863   -3.4766    0.2064
 4954 GIKVEGM  -11.6618  -15.2327   -3.5709    0.2064
 4955 GIIVEGK  -11.5780  -14.0029   -2.4249    0.2064
 4956 GIEVIGK  -10.7733  -13.0868   -2.3134    0.2064
 4957 GVEIIGR   -7.3822  -13.0597   -5.6774    0.2064
 4958 GVEIIGR   -7.3822  -13.0597   -5.6774    0.2064
 4959 GVEIIGE   -8.0340  -11.1574   -3.1234    0.2064
 4960 GVEIIGD   -8.5840  -11.3903   -2.8063    0.2064
 4961 GVEIIGD   -8.5840  -11.3903   -2.8063    0.2064
 4962 GEVIMGD   -6.9465  -11.2331   -4.2866    0.2064
 4963 GMVIKGD   -9.5502  -13.0268   -3.4766    0.2064
 4964 GMVIKGD   -9.5502  -13.0268   -3.4766    0.2064
 4965 GMVIKGE   -9.6791  -13.4728   -3.7937    0.2064
 4966 GMVIKGD   -9.8122  -13.2888   -3.4766    0.2064
 4967 GMIIKGD  -11.4158  -13.5181   -2.1023    0.2064
 4968 GIMIKGD  -12.3775  -14.4797   -2.1023    0.2064
 4969 GIMIKGD  -12.3775  -14.4797   -2.1023    0.2064
 4970 GIMIKGD  -12.3775  -14.4797   -2.1023    0.2064
 4971 GEMIKGI   -9.5242  -11.8322   -2.3080    0.2064
 4972 GEMIKGI   -9.5242  -11.8322   -2.3080    0.2064
 4973 GEIIKGI  -11.6357  -12.5749   -0.9391    0.2064
 4974 GIIIKGD  -14.5668  -15.3002   -0.7334    0.2064
 4975 GIIIKGD  -14.5977  -15.3311   -0.7334    0.2064
 4976 GIIIKGD  -14.5977  -15.3311   -0.7334    0.2064
 4977 GIIEKGI  -12.0027  -13.0532   -1.0506    0.2064
 4978 GIIEKGW  -13.8180  -14.1431   -0.3251    0.2064
 4979 GLIEKGW  -12.4253  -14.1802   -1.7549    0.2064
 4980 GIIEKGW  -13.7527  -14.0778   -0.3251    0.2064
 4981 GIIEKGW  -13.7527  -14.0778   -0.3251    0.2064
 4982 GIIEKGW  -13.7527  -14.0778   -0.3251    0.2064
 4983 GIIEKGW  -13.7527  -14.0778   -0.3251    0.2064
 4984 GIIEKGW  -13.7527  -14.0778   -0.3251    0.2064
 4985 GIIDKGW  -12.7932  -12.8012   -0.0080    0.2064
 4986 GIIEKGW  -13.6996  -14.0247   -0.3251    0.2064
 4987 GIIEKGW  -13.6996  -14.0247   -0.3251    0.2064
 4988 GIIERGW   -9.7307  -13.4198   -3.6891    0.2064
 4989 GILEDGW   -9.1983  -11.4460   -2.2477    0.2064
 4990 GVIEEGW   -7.6445   -9.7939   -2.1494    0.2064
 4991 GIVEDGW   -8.8630  -10.6953   -1.8323    0.2064
 4992 GIVEDGW   -8.8630  -10.6953   -1.8323    0.2064
 4993 GIMEDGW   -9.1853  -11.0121   -1.8269    0.2064
 4994 GIFEDGW   -8.6735   -9.1872   -0.5137    0.2064
 4995 GIYEDGW   -5.4613   -8.1145   -2.6531    0.2064
 4996 GIYEDGW   -5.4613   -8.1145   -2.6531    0.2064
 4997 GIYEDGW   -5.4613   -8.1145   -2.6531    0.2064
 4998 GIYEDGW   -5.4613   -8.1145   -2.6531    0.2064
 4999 WILEDGG   -7.2027   -9.6732   -2.4706    0.2064
 5000 WIELEGG   -7.3954   -9.9603   -2.5649    0.2064
 5001 WIKLEGG  -10.4473  -12.2022   -1.7549    0.2064
 5002 WIDLEGG   -7.2406   -9.4883   -2.2477    0.2064
 5003 WIDLKGG   -9.5755  -11.0133   -1.4377    0.2064
 5004 WIDLKGG   -9.5755  -11.0133   -1.4377    0.2064
 5005 WILDKGG   -7.5509   -9.2115   -1.6606    0.2064
 5006 WIVDKGG   -8.9340  -10.1792   -1.2451    0.2064
 5007 WIVDDGG   -7.0431   -8.7811   -1.7380    0.2064
 5008 GIMEDGW   -9.0279  -10.8547   -1.8269    0.2064
 5009 GIIEDGW  -10.4114  -11.2294   -0.8180    0.2064
 5010 GIIEKGW  -13.6152  -13.9403   -0.3251    0.2064
 5011 WIIDKGG  -11.8048  -12.0357   -0.2309    0.2064
 5012 WIIDKGG  -11.8048  -12.0357   -0.2309    0.2064
 5013 FIIDKGG  -12.2675  -12.9995   -0.7320    0.2064
 5014 FIIDKGG  -12.2675  -12.9995   -0.7320    0.2064
 5015 MIIDKGG  -11.0390  -13.3642   -2.3251    0.2064
 5016 IIMEKGG  -10.7574  -13.3997   -2.6423    0.2064
 5017 IIKEMGG  -12.7735  -15.3044   -2.5309    0.2064
 5018 IIMEKGG  -11.7239  -14.3662   -2.6423    0.2064
 5019 IILEKGG  -12.8715  -15.9347   -3.0631    0.2064
 5020 IILEKGG  -12.8715  -15.9347   -3.0631    0.2064
 5021 IILEKGG  -12.8715  -15.9347   -3.0631    0.2064
 5022 IIIEKGG  -13.0223  -14.2958   -1.2734    0.2064
 5023 IIIEKGG  -13.0223  -14.2958   -1.2734    0.2064
 5024 IDIIKGG   -9.1024   -9.8358   -0.7334    0.2064
 5025 DIIIKGG   -9.9210  -10.7658   -0.8449    0.2064
 5026 DIIIKGG   -9.9210  -10.7658   -0.8449    0.2064
 5027 KIVIGGD  -11.8941  -14.1132   -2.2191    0.2064
 5028 EIGVWGD  -11.2205  -12.9414   -1.7209    0.2064
 5029 EIGEWGV   -9.2013  -11.1279   -1.9266    0.2064
 5030 KIGVWGE  -14.3552  -15.5832   -1.2280    0.2064
 5031 KIGVWGE  -14.3552  -15.5832   -1.2280    0.2064
 5032 KIGVIGE  -12.8468  -15.1603   -2.3134    0.2064
 5033 RIIVGGE  -10.4461  -16.3464   -5.9003    0.2064
 5034 EIIVGGR   -9.3667  -15.2670   -5.9003    0.2064
 5035 EWGVIGR   -9.0583  -13.6503   -4.5920    0.2064
 5036 EIGVWGK  -10.8375  -12.0655   -1.2280    0.2064
 5037 EIGVWGR   -9.3463  -13.9383   -4.5920    0.2064
 5038 IRGVWGD  -10.2887  -14.5635   -4.2749    0.2064
 5039 IKGVWGD  -13.0975  -14.0083   -0.9109    0.2064
 5040 KIGVWGD  -15.2747  -16.1856   -0.9109    0.2064
 5041 KIGVWGD  -15.2747  -16.1856   -0.9109    0.2064
 5042 KIGVWGD  -15.2747  -16.1856   -0.9109    0.2064
 5043 KIGVWGD  -15.2747  -16.1856   -0.9109    0.2064
 5044 DIGVWGK  -11.9184  -12.8292   -0.9109    0.2064
 5045 DIGVWGK  -11.9184  -12.8292   -0.9109    0.2064
 5046 KIGVWGD  -14.6708  -15.5816   -0.9109    0.2064
 5047 KIGVWGD  -14.6708  -15.5816   -0.9109    0.2064
 5048 KWGVIGD  -14.0525  -14.9634   -0.9109    0.2064
 5049 KWGVIGD  -14.0525  -14.9634   -0.9109    0.2064
 5050 KWGGIGD   -8.6503  -12.8497   -4.1994    0.2064
 5051 KIGGWGD   -9.1415  -13.3409   -4.1994    0.2064
 5052 KIGGWGD   -9.1415  -13.3409   -4.1994    0.2064
 5053 KIGGWGD   -9.1415  -13.3409   -4.1994    0.2064
 5054 KIGGWGD   -9.1415  -13.3409   -4.1994    0.2064
 5055 KIGVWGD  -13.9596  -14.8705   -0.9109    0.2064
 5056 KVGIWGD  -14.5940  -15.5048   -0.9109    0.2064
 5057 KFGVWGD  -13.1053  -13.7918   -0.6866    0.2064
 5058 KFGVWGD  -13.1053  -13.7918   -0.6866    0.2064
 5059 KFGVWGD  -13.1053  -13.7918   -0.6866    0.2064
 5060 KWGVWGD  -14.8062  -14.6317    0.1746    0.2064
 5061 KWGVWGD  -14.8062  -14.6317    0.1746    0.2064
 5062 KWGVWGD  -14.8062  -14.6317    0.1746    0.2064
 5063 KIGVWGD  -15.0767  -15.9875   -0.9109    0.2064
 5064 KIGVWGD  -15.0767  -15.9875   -0.9109    0.2064
 5065 KIGVWGE  -14.2940  -15.5220   -1.2280    0.2064
 5066 KIGVWGD  -15.2130  -16.1239   -0.9109    0.2064
 5067 KIGVWGD  -15.2130  -16.1239   -0.9109    0.2064
 5068 KIGVWGD  -15.2130  -16.1239   -0.9109    0.2064
 5069 KIGVWGD  -15.2130  -16.1239   -0.9109    0.2064
 5070 KIGVWGD  -15.2130  -16.1239   -0.9109    0.2064
 5071 KIGVWGE  -14.3017  -15.5297   -1.2280    0.2064
 5072 KIGVWGE  -14.3017  -15.5297   -1.2280    0.2064
 5073 KWGVIGD  -12.1922  -13.1031   -0.9109    0.2064
 5074 KWGIIGD  -12.3567  -12.2533    0.1034    0.2064
 5075 KWGIMGD  -12.6477  -13.5532   -0.9054    0.2064
 5076 KWGIVGD  -12.8730  -13.7839   -0.9109    0.2064
 5077 KWGVIGD  -15.0926  -16.0035   -0.9109    0.2064
 5078 KMGVIGD  -11.5922  -14.9574   -3.3651    0.2064
 5079 KMGVIGD  -11.5922  -14.9574   -3.3651    0.2064
 5080 MKGVIGE   -9.0698  -12.7521   -3.6823    0.2064
 5081 YKGVIGD   -7.2289  -11.4204   -4.1914    0.2064
 5082 YKGVIGD   -7.2289  -11.4204   -4.1914    0.2064
 5083 YKGVIGD   -7.2289  -11.4204   -4.1914    0.2064
 5084 LKGVIGD  -10.4719  -14.2579   -3.7860    0.2064
 5085 MKGVIGD  -10.1191  -13.4843   -3.3651    0.2064
 5086 MKGIVGD   -9.7603  -13.1254   -3.3651    0.2064
 5087 VKGIMGD  -10.6315  -13.9967   -3.3651    0.2064
 5088 VKGVMGD   -8.7835  -13.5229   -4.7394    0.2064
 5089 VMGVKGD   -8.6253  -13.3647   -4.7394    0.2064
 5090 VFGVKGD  -10.6491  -13.7954   -3.1463    0.2064
 5091 VIGVKGD  -12.5630  -15.9335   -3.3706    0.2064
 5092 VIGVKGD  -12.5630  -15.9335   -3.3706    0.2064
 5093 VIGVKGD  -12.5630  -15.9335   -3.3706    0.2064
 5094 VIGVKGD  -12.6383  -16.0088   -3.3706    0.2064
 5095 VIGVEGD  -10.7123  -14.8929   -4.1806    0.2064
 5096 VEGVWGD   -9.9619  -13.0570   -3.0951    0.2064
 5097 VEGVWGK  -10.0615  -12.6638   -2.6023    0.2064
 5098 VEGVIGK   -9.4125  -13.1002   -3.6877    0.2064
 5099 VEGVIGK   -9.4125  -13.1002   -3.6877    0.2064
 5100 VIGVEGK  -10.8719  -14.5596   -3.6877    0.2064
 5101 VIGVEGE  -10.5033  -15.0010   -4.4977    0.2064
 5102 VIGVKGE  -12.1780  -15.8657   -3.6877    0.2064
 5103 IIGVKGE  -12.5208  -14.8342   -2.3134    0.2064
 5104 IIGVKGD  -13.2686  -15.2649   -1.9963    0.2064
 5105 RIGVIGD  -11.9664  -17.3267   -5.3603    0.2064
 5106 RIGVWGD  -12.3344  -16.6092   -4.2749    0.2064
 5107 KIGVWGD  -14.6728  -15.5836   -0.9109    0.2064
 5108 KIGVWGD  -14.6728  -15.5836   -0.9109    0.2064
 5109 KIGVWGD  -14.6728  -15.5836   -0.9109    0.2064
 5110 KIGVWGD  -14.6728  -15.5836   -0.9109    0.2064
 5111 KIWVGGD  -13.4319  -14.5656   -1.1337    0.2064
 5112 KIWVGGD  -13.4319  -14.5656   -1.1337    0.2064
 5113 KIWVGGD  -13.4319  -14.5656   -1.1337    0.2064
 5114 KIWVGGE  -13.5531  -15.0040   -1.4509    0.2064
 5115 KIWVGGE  -13.5531  -15.0040   -1.4509    0.2064
 5116 KIWVGGE  -13.5531  -15.0040   -1.4509    0.2064
 5117 KIWVGGE  -13.5531  -15.0040   -1.4509    0.2064
 5118 KWIVGGE  -13.2263  -14.6772   -1.4509    0.2064
 5119 KWIVGGD  -12.6476  -13.7813   -1.1337    0.2064
 5120 KWVIGGD  -11.6240  -12.7577   -1.1337    0.2064
 5121 KWIIGGD  -13.1119  -13.2313   -0.1194    0.2064
 5122 KWIVGGD  -13.1740  -14.3077   -1.1337    0.2064
 5123 KGIIGWD  -15.7203  -15.6169    0.1034    0.2064
 5124 KGIIGWD  -15.7203  -15.6169    0.1034    0.2064
 5125 IGKIGWD  -15.8025  -15.5876    0.2149    0.2064
 5126 IGKIGWD  -15.8025  -15.5876    0.2149    0.2064
 5127 KGIIGWD  -15.8230  -15.7195    0.1034    0.2064
 5128 KGIIGWD  -15.8230  -15.7195    0.1034    0.2064
 5129 KGGIIWD  -15.0214  -15.1408   -0.1194    0.2064
 5130 IGGIKWD  -14.0562  -13.9528    0.1034    0.2064
 5131 IGGIKWE  -14.0940  -14.3077   -0.2137    0.2064
 5132 IGGIKWD  -14.6801  -14.5767    0.1034    0.2064
 5133 IGGIKWD  -14.6801  -14.5767    0.1034    0.2064
 5134 IGGIKWD  -14.6801  -14.5767    0.1034    0.2064
 5135 IGGIKWD  -14.6801  -14.5767    0.1034    0.2064
 5136 IGGIKWE  -13.9876  -14.2013   -0.2137    0.2064
 5137 IGGIKWE  -13.9876  -14.2013   -0.2137    0.2064
 5138 IGGIKWE  -13.9876  -14.2013   -0.2137    0.2064
 5139 IGGIKWD  -14.6823  -14.5788    0.1034    0.2064
 5140 IGGIKWD  -14.7576  -14.6542    0.1034    0.1773
 5141 IGGIKWD  -14.7576  -14.6542    0.1034    0.1773
 5142 LGGIKWE  -13.0687  -14.7122   -1.6434    0.1773
 5143 LGGIKEW  -10.6521  -12.4069   -1.7549    0.1773
 5144 KGGIIEW  -11.2688  -11.5939   -0.3251    0.1773
 5145 EGGVIKW   -9.7143  -11.0537   -1.3394    0.1773
 5146 WGGVIKD  -10.3608  -11.4946   -1.1337    0.1773
 5147 IKGVWGD  -11.9600  -12.8709   -0.9109    0.1773
 5148 IEGVWGD  -10.0075  -11.7284   -1.7209    0.1773
 5149 IKGVWGD  -12.0848  -12.9957   -0.9109    0.1773
 5150 IKGVWGD  -12.0848  -12.9957   -0.9109    0.1773
 5151 KIGVIGD  -15.3487  -17.3450   -1.9963    0.1773
 5152 KIGVIGD  -15.3487  -17.3450   -1.9963    0.1773
 5153 KIGVIGD  -15.3487  -17.3450   -1.9963    0.1773
 5154 KIGVIGD  -15.3487  -17.3450   -1.9963    0.1773
 5155 KIIVMGD  -16.6442  -17.0093   -0.3651    0.1773
 5156 KIIVMGD  -16.6442  -17.0093   -0.3651    0.1773
 5157 KIIVMGD  -16.6442  -17.0093   -0.3651    0.1773
 5158 KMIVMGD  -15.9507  -16.2447   -0.2940    0.1773
 5159 KMIVMGD  -15.9507  -16.2447   -0.2940    0.1773
 5160 KIIVMGD  -16.8293  -17.1944   -0.3651    0.1773
 5161 KMIVMGD  -16.1537  -16.4477   -0.2940    0.1773
 5162 KMIVMGD  -16.1537  -16.4477   -0.2940    0.1773
 5163 IMKVMGD  -15.2551  -15.4377   -0.1826    0.1773
 5164 IMKVDGM  -14.2201  -14.2912   -0.0711    0.1773
 5165 IIKVDGM  -14.3733  -14.5156   -0.1423    0.1773
 5166 VIKIDGM  -13.8484  -13.9906   -0.1423    0.1773
 5167 VIRIDGM  -13.0227  -16.5290   -3.5063    0.1773
 5168 IIRIDGM  -11.2269  -16.5589   -5.3320    0.1773
 5169 IIRVDGM  -13.8586  -17.3649   -3.5063    0.1773
 5170 IIKVDGM  -16.1000  -16.2423   -0.1423    0.1773
 5171 IIKVDGM  -16.1000  -16.2423   -0.1423    0.1773
 5172 VIKVMGD  -16.2209  -16.4089   -0.1880    0.1773
 5173 KIVVMGD  -16.1422  -16.4416   -0.2994    0.1773
 5174 KIVVMGD  -16.1422  -16.4416   -0.2994    0.1773
 5175 KIVIMGD  -16.4369  -16.8021   -0.3651    0.1773
 5176 KIVIMGD  -16.4369  -16.8021   -0.3651    0.1773
 5177 KIVIMGD  -16.4369  -16.8021   -0.3651    0.1773
 5178 VIKIMGD  -16.5807  -16.8344   -0.2537    0.1773
 5179 VIKIMGD  -16.5807  -16.8344   -0.2537    0.1773
 5180 VIMIKGD  -15.5908  -15.9559   -0.3651    0.1773
 5181 VIMIKGD  -15.5908  -15.9559   -0.3651    0.1773
 5182 IVMIKGD  -13.4818  -13.8470   -0.3651    0.1773
 5183 VVIIKGD  -14.6238  -14.9144   -0.2906    0.1773
 5184 VVIIKGD  -14.6238  -14.9144   -0.2906    0.1773
 5185 VVIIKGE  -14.5469  -15.1546   -0.6077    0.1773
 5186 VVIIKGE  -14.5469  -15.1546   -0.6077    0.1773
 5187 VVIIKGE  -14.5469  -15.1546   -0.6077    0.1773
 5188 VKIIMGE  -14.5180  -15.0888   -0.5709    0.1773
 5189 VMIIKGE  -14.5637  -15.2460   -0.6823    0.1773
 5190 VIIIKGE  -13.6073  -16.0407   -2.4334    0.1773
 5191 VIVIKGE  -15.2116  -15.8193   -0.6077    0.1773
 5192 IIVIEGE  -12.0500  -15.2934   -3.2434    0.1773
 5193 IIVVEGE  -13.4733  -14.8910   -1.4177    0.1773
 5194 ILVVRGE   -8.9444  -14.1458   -5.2014    0.1773
 5195 RLVVIGE   -9.7163  -14.9177   -5.2014    0.1773
 5196 REVVIGL   -7.0554  -12.2568   -5.2014    0.1773
 5197 REVVMGL   -7.3437  -13.1140   -5.7703    0.1773
 5198 DEVVMGW   -8.1652   -8.8692   -0.7040    0.1773
 5199 DVVEWGM   -7.6457   -8.1269   -0.4811    0.1773
 5200 KEVVWGM  -11.2347  -11.4458   -0.2111    0.1773
 5201 KKVVWGM   -6.6634   -7.3446   -0.6811    0.1773
 5202 EVKVWGM  -10.1657  -10.1540    0.0117    0.1773
 5203 FVKVEGM  -10.0949  -10.2643   -0.1694    0.1773
 5204 FVKVEGM  -10.0949  -10.2643   -0.1694    0.1773
 5205 FVKVEGM  -10.0949  -10.2643   -0.1694    0.1773
 5206 FVEVKGM  -11.0903  -11.2597   -0.1694    0.1773
 5207 FVEVKGM  -11.0903  -11.2597   -0.1694    0.1773
 5208 LMKVIGE  -11.1989  -12.9995   -1.8006    0.1773
 5209 MMVIKGD  -13.6054  -13.8994   -0.2940    0.1773
 5210 IMVVKGD  -14.5701  -14.8695   -0.2994    0.1773
 5211 IMVVKGE  -13.4536  -14.0702   -0.6166    0.1773
 5212 MVIVKGE  -11.9797  -12.5962   -0.6166    0.1773
 5213 IVMVKGE  -12.9868  -13.6034   -0.6166    0.1773
 5214 IMMVKGE  -12.9377  -13.5489   -0.6111    0.1773
 5215 VGMIKME  -11.3212  -11.7095   -0.3883    0.1773
 5216 VGMIKMD  -12.6119  -12.6830   -0.0711    0.1773
 5217 VGKIMMD  -13.9967  -14.1793   -0.1826    0.1773
 5218 VGKIMMD  -13.9967  -14.1793   -0.1826    0.1773
 5219 VGKIMMD  -13.9967  -14.1793   -0.1826    0.1773
 5220 VGKIMVD  -13.0968  -13.2848   -0.1880    0.1773
 5221 KGVIVMD  -14.9836  -15.2830   -0.2994    0.1773
 5222 KGVLVMD  -13.3055  -15.3947   -2.0891    0.1773
 5223 KGILMVD  -12.5654  -14.1603   -1.5949    0.1773
 5224 KGILMVD  -12.5654  -14.1603   -1.5949    0.1773
 5225 KGIVMVE  -13.0924  -13.7090   -0.6166    0.1773
 5226 KGIVMVE  -13.0924  -13.7090   -0.6166    0.1773
 5227 KGLFMEV   -8.5965  -10.0928   -1.4963    0.1773
 5228 LGKFEMV   -9.6477  -11.0325   -1.3849    0.1773
 5229 LMKMEGV   -9.7249  -11.9029   -2.1780    0.1773
 5230 LMKMEGV   -9.7249  -11.9029   -2.1780    0.1773
 5231 LMKMEGA   -6.9580  -12.4120   -5.4540    0.1773
 5232 LMKMEGM   -8.5971  -10.7697   -2.1726    0.1773
 5233 LEKMMGM   -7.2942   -9.5782   -2.2840    0.1773
 5234 LGKEVMM   -6.4831   -8.8839   -2.4009    0.1773
 5235 LGKFVME   -8.4290   -9.9253   -1.4963    0.1773
 5236 FGKEVLM   -5.9795   -7.5872   -1.6077    0.1773
 5237 FGKLELM   -5.5923  -10.0326   -4.4403    0.1773
 5238 FGKLEMM   -8.5073   -9.9668   -1.4594    0.1773
 5239 WGKMEVM  -10.0018  -10.0646   -0.0629    0.1773
 5240 WGKMEVM  -10.0018  -10.0646   -0.0629    0.1773
 5241 WGKMEVM  -10.0018  -10.0646   -0.0629    0.1773
 5242 WGKVEMM  -10.5662  -10.6290   -0.0629    0.1773
 5243 IGKVEMM  -11.5366  -11.9249   -0.3883    0.1773
 5244 IGKVEMM  -11.5366  -11.9249   -0.3883    0.1773
 5245 IGKVEMM  -11.5366  -11.9249   -0.3883    0.1773
 5246 IGKFEMM  -10.6656  -10.8953   -0.2297    0.1773
 5247 IGKFEMM  -10.6656  -10.8953   -0.2297    0.1773
 5248 MGKFEIM   -8.1051   -8.3349   -0.2297    0.1773
 5249 MGKYEWM  -10.3248  -10.4485   -0.1237    0.1773
 5250 MGKYEWM  -10.3248  -10.4485   -0.1237    0.1773
 5251 MGKVEWY   -8.8377   -8.9668   -0.1291    0.1773
 5252 MGKVEGW   -7.4739   -9.9593   -2.4854    0.1773
 5253 MGKVEMW  -11.6165  -11.6794   -0.0629    0.1773
 5254 MGKVEMW  -11.6165  -11.6794   -0.0629    0.1773
 5255 KGMVEMW  -10.2930  -10.4673   -0.1743    0.1773
 5256 KGMVEMW  -10.2930  -10.4673   -0.1743    0.1773
 5257 KGMVEMW  -10.2930  -10.4673   -0.1743    0.1773
 5258 KGMVEWM  -10.0379  -10.2121   -0.1743    0.1773
 5259 KGMVEWM  -10.0379  -10.2121   -0.1743    0.1773
 5260 MGKVDWM   -9.3139   -9.0597    0.2543    0.1773
 5261 MGKVDWM   -9.3139   -9.0597    0.2543    0.1773
 5262 WGKVDMM  -10.8537  -10.5994    0.2543    0.1773
 5263 WGKVDMM  -10.8537  -10.5994    0.2543    0.1773
 5264 WGRVDMM   -9.2851  -12.3948   -3.1097    0.1773
 5265 WGRVDMM   -9.2851  -12.3948   -3.1097    0.1773
 5266 WGRVDMM   -9.2851  -12.3948   -3.1097    0.1773
 5267 WMRVDGM  -10.3576  -13.4673   -3.1097    0.1773
 5268 WMRVDGM  -10.3576  -13.4673   -3.1097    0.1773
 5269 WGRVDMM   -9.6582  -12.7680   -3.1097    0.1773
 5270 MGRVDMW  -10.3776  -13.4873   -3.1097    0.1773
 5271 MGRVDMW  -10.3776  -13.4873   -3.1097    0.1773
 5272 VMRVDGW   -9.9685  -13.0036   -3.0351    0.1773
 5273 VMRVDGW   -9.9685  -13.0036   -3.0351    0.1773
 5274 VMRVEGW  -10.3682  -13.7204   -3.3523    0.1773
 5275 VIRVEGM  -12.4054  -16.1631   -3.7577    0.1773
 5276 VIRVEGM  -12.4054  -16.1631   -3.7577    0.1773
 5277 VIRVEGM  -12.4054  -16.1631   -3.7577    0.1773
 5278 VIRVDGM  -12.9955  -16.4361   -3.4406    0.1773
 5279 VIRVDGM  -12.9955  -16.4361   -3.4406    0.1773
 5280 VIRVDGM  -12.9955  -16.4361   -3.4406    0.1773
 5281 VIRIDGM  -12.8008  -16.3071   -3.5063    0.1773
 5282 VIRIDGM  -12.8008  -16.3071   -3.5063    0.1773
 5283 VIRIDGM  -13.1324  -16.6387   -3.5063    0.1773
 5284 VIRIDGM  -13.1324  -16.6387   -3.5063    0.1773
 5285 VIRIDGM  -13.1324  -16.6387   -3.5063    0.1773
 5286 VIRIDGM  -13.1324  -16.6387   -3.5063    0.1773
 5287 VIRIDGM  -13.1324  -16.6387   -3.5063    0.1773
 5288 VMRIEGM  -11.1109  -14.8632   -3.7523    0.1773
 5289 VMRIDGM  -11.5760  -15.0112   -3.4351    0.1773
 5290 VMRIDGM  -11.5760  -15.0112   -3.4351    0.1773
 5291 IVRIDGM  -10.0790  -13.5853   -3.5063    0.1773
 5292 IMKIAGD  -11.7973  -13.8870   -2.0897    0.1773
 5293 IMKIAGD  -11.7973  -13.8870   -2.0897    0.1773
 5294 IMRIAGD  -10.3793  -15.8330   -5.4537    0.1773
 5295 IMRIAGD  -10.3793  -15.8330   -5.4537    0.1773
 5296 IIKMAGD  -13.0933  -15.1830   -2.0897    0.1773
 5297 IIKMAGD  -13.0933  -15.1830   -2.0897    0.1773
 5298 IIKMAGD  -13.0933  -15.1830   -2.0897    0.1773
 5299 IFKMAGD  -11.3614  -13.2268   -1.8654    0.1773
 5300 IFKMAGD  -11.3614  -13.2268   -1.8654    0.1773
 5301 IFKMAGD  -11.3614  -13.2268   -1.8654    0.1773
 5302 IGKIAFD  -10.3906  -10.8871   -0.4966    0.1773
 5303 IGKIAFD  -10.3906  -10.8871   -0.4966    0.1773
 5304 IGKIAFD  -10.3906  -10.8871   -0.4966    0.1773
 5305 IGKIAFE  -10.1137  -10.9274   -0.8137    0.1773
 5306 IFKIAGD  -12.1827  -12.6793   -0.4966    0.1773
 5307 IWKIAGD  -11.1596  -12.8350   -1.6754    0.1773
 5308 IWKIAGD  -11.1596  -12.8350   -1.6754    0.1773
 5309 IFKIAGD  -12.7957  -13.2923   -0.4966    0.1773
 5310 IFKIAGE  -12.2466  -13.0604   -0.8137    0.1773
 5311 IFKIAGE  -12.2466  -13.0604   -0.8137    0.1773
 5312 IFKIAGE  -12.2466  -13.0604   -0.8137    0.1773
 5313 IKFVAGE   -9.6616  -11.8496   -2.1880    0.1773
 5314 IVFAKGE   -6.1416   -8.4411   -2.2994    0.1773
 5315 IFVADGD  -10.2996  -12.7747   -2.4751    0.1773
 5316 IFVAEGE  -10.7492  -13.8586   -3.1094    0.1773
 5317 IFVGEGE   -9.6582  -12.6688   -3.0106    0.1773
 5318 IFVGEGK   -8.8659  -11.0665   -2.2006    0.1773
 5319 IFVGEGE   -9.6631  -12.6737   -3.0106    0.1773
 5320 IFVGEGE   -9.7127  -12.7233   -3.0106    0.1773
 5321 IFVGKGE  -11.0289  -13.2295   -2.2006    0.1773
 5322 IFVAKGD  -12.8229  -14.8052   -1.9823    0.1773
 5323 IFVAKGD  -12.8229  -14.8052   -1.9823    0.1773
 5324 IFVAKGD  -12.8229  -14.8052   -1.9823    0.1773
 5325 VFIAKGD  -13.6336  -15.6159   -1.9823    0.1773
 5326 LFIAKGD  -12.7793  -15.1770   -2.3977    0.1773
 5327 IFIAKGD  -14.3942  -15.0022   -0.6080    0.1773
 5328 IFIAKGD  -14.3942  -15.0022   -0.6080    0.1773
 5329 IIIAKGD  -14.5179  -15.3502   -0.8323    0.1773
 5330 IIIAKGD  -14.5179  -15.3502   -0.8323    0.1773
 5331 IIIAKGD  -14.5179  -15.3502   -0.8323    0.1773
 5332 IIIAKGD  -14.5179  -15.3502   -0.8323    0.1773
 5333 IIIAKGE  -13.4659  -14.6153   -1.1494    0.1773
 5334 IIVAKGE  -12.1404  -14.6641   -2.5237    0.1773
 5335 VIIAKGD  -13.4839  -15.6905   -2.2066    0.1773
 5336 VIIMKGD  -13.0211  -13.3862   -0.3651    0.1773
 5337 VIIMKGE  -12.1210  -12.8032   -0.6823    0.1773
 5338 VIIMKGE  -12.1210  -12.8032   -0.6823    0.1773
 5339 VFIAKGE  -12.7370  -15.0364   -2.2994    0.1773
 5340 VFIAKGE  -12.7370  -15.0364   -2.2994    0.1773
 5341 VFIAKGE  -12.8284  -15.1279   -2.2994    0.1858
 5342 VFIAKGE  -12.8284  -15.1279   -2.2994    0.1858
 5343 IFVAKGE  -12.1427  -14.4421   -2.2994    0.1858
 5344 IFVAKGD  -13.5980  -15.5802   -1.9823    0.1858
 5345 KFIAIGD  -14.2949  -14.9029   -0.6080    0.1858
 5346 KFIAIGE  -13.8306  -14.7558   -0.9251    0.1858
 5347 KFIAIGE  -13.8306  -14.7558   -0.9251    0.1858
 5348 KFLAIGE  -12.8372  -15.5520   -2.7149    0.1858
 5349 KFLAIGE  -12.8372  -15.5520   -2.7149    0.1858
 5350 KFLAIGE  -12.8372  -15.5520   -2.7149    0.1858
 5351 KFLAIGE  -12.8372  -15.5520   -2.7149    0.1858
 5352 KFLAIGE  -12.8372  -15.5520   -2.7149    0.1858
 5353 KFLAIGE  -12.8372  -15.5520   -2.7149    0.1858
 5354 KFLAMGE  -11.9503  -16.0340   -4.0837    0.1858
 5355 KFIAMGE  -12.4736  -14.7676   -2.2940    0.1858
 5356 KFIAVGE  -13.7334  -16.0328   -2.2994    0.1858
 5357 KFIEVGA   -8.7191  -10.7957   -2.0766    0.1858
 5358 KEIIVGA  -11.1381  -13.6618   -2.5237    0.1858
 5359 KEVVIGM  -10.3388  -10.9554   -0.6166    0.1858
 5360 KEVIVGM  -11.4565  -12.0731   -0.6166    0.1858
 5361 KIIVMGE  -17.2435  -17.9258   -0.6823    0.1858
 5362 KIIVMGE  -17.2435  -17.9258   -0.6823    0.1858
 5363 KIMVMGD  -15.3452  -15.6392   -0.2940    0.1858
 5364 KMVVIGD  -14.2240  -14.5234   -0.2994    0.1858
 5365 IMKVIGD  -13.9087  -14.1624   -0.2537    0.1858
 5366 IMKVIGD  -13.9087  -14.1624   -0.2537    0.1858
 5367 IMKVIGD  -13.9087  -14.1624   -0.2537    0.1858
 5368 IMKVIGD  -13.9087  -14.1624   -0.2537    0.1858
 5369 IMKVIGD  -13.9087  -14.1624   -0.2537    0.1858
 5370 IMKIVGD  -14.2657  -14.5194   -0.2537    0.1858
 5371 IVKIVGD  -14.2185  -14.3977   -0.1791    0.1858
 5372 KIIVVGD  -17.6272  -17.9178   -0.2906    0.1858
 5373 KIIVVGD  -17.6272  -17.9178   -0.2906    0.1858
 5374 KIIVVGD  -17.6272  -17.9178   -0.2906    0.1858
 5375 KIVIVGD  -16.4437  -16.7342   -0.2906    0.1858
 5376 KIMIVGD  -16.4553  -16.8204   -0.3651    0.1858
 5377 KIMIVGD  -16.4553  -16.8204   -0.3651    0.1858
 5378 KIMIIGE  -13.2377  -15.7457   -2.5080    0.1858
 5379 KIMIAGE  -12.8082  -15.3265   -2.5183    0.1858
 5380 KIMIIGE  -13.2262  -15.7342   -2.5080    0.1858
 5381 KIMIIGE  -13.3505  -15.8585   -2.5080    0.1858
 5382 KMMIIGD  -13.7118  -14.1515   -0.4397    0.1858
 5383 KMMIIGE  -13.9206  -14.6774   -0.7569    0.1858
 5384 KMVIIGE  -13.6780  -14.3603   -0.6823    0.1858
 5385 KMVVIGD  -14.4609  -14.7604   -0.2994    0.1858
 5386 KVMIIGD  -14.8960  -15.2611   -0.3651    0.1858
 5387 KVIMIGD  -13.6030  -13.9682   -0.3651    0.1858
 5388 KVVMIGD  -13.5763  -13.8757   -0.2994    0.1858
 5389 KVLMIGD  -13.3934  -14.9883   -1.5949    0.1858
 5390 KVLMIGD  -13.3934  -14.9883   -1.5949    0.1858
 5391 KVLMIGD  -13.3934  -14.9883   -1.5949    0.1858
 5392 KVLMIGD  -13.3934  -14.9883   -1.5949    0.1858
 5393 KLLMVGD  -13.1322  -15.9567   -2.8246    0.1858
 5394 KLLMVGD  -13.1322  -15.9567   -2.8246    0.1858
 5395 KLLMVGD  -13.1322  -15.9567   -2.8246    0.1858
 5396 GDLMVGK   -5.4548  -10.7211   -5.2663    0.1858
 5397 GELMLGD   -4.0220  -10.5137   -6.4917    0.1858
 5398 GELMIGD   -6.0543  -10.7563   -4.7020    0.1858
 5399 GELMIGK   -7.1298  -11.3389   -4.2091    0.1858
 5400 GDLMIAK   -5.7952   -9.7861   -3.9909    0.1858
 5401 GDLAIMK   -5.4833   -9.4741   -3.9909    0.1858
 5402 GDIGLMK   -4.1126   -7.8932   -3.7806    0.1858
 5403 GEIGLMK   -4.5857   -8.6835   -4.0977    0.1858
 5404 GEIGKML   -4.8992   -8.9970   -4.0977    0.1858
 5405 GIIGKME   -6.2731   -8.5811   -2.3080    0.1858
 5406 GGIIDMK   -5.6076   -7.7099   -2.1023    0.1858
 5407 GGIIDMK   -5.6076   -7.7099   -2.1023    0.1858
 5408 GGIIKDM   -6.1310   -8.3447   -2.2137    0.1858
 5409 GGIWKDM   -8.4111   -9.5393   -1.1283    0.1858
 5410 GGMWKEI   -6.4281   -7.8735   -1.4454    0.1858
 5411 GGMWKDI   -7.0271   -8.1554   -1.1283    0.1858
 5412 GGMWKDW   -9.0838   -9.1267   -0.0429    0.1858
 5413 GGMWKDW   -9.0838   -9.1267   -0.0429    0.1858
 5414 GGMEKWW   -8.1167   -8.4767   -0.3600    0.1858
 5415 GGKEMWW   -7.9319   -8.4034   -0.4714    0.1858
 5416 GGKEMWW   -7.9319   -8.4034   -0.4714    0.1858
 5417 GGMEKWW   -7.8341   -8.1941   -0.3600    0.1858
 5418 GGMEKWW   -7.8341   -8.1941   -0.3600    0.1858
 5419 GGEMKWW   -7.8026   -8.0512   -0.2486    0.1858
 5420 WGEMKWG   -9.0643   -9.0901   -0.0257    0.1858
 5421 WGEMKWG   -9.0643   -9.0901   -0.0257    0.1858
 5422 WGEMKWG   -9.0643   -9.0901   -0.0257    0.1858
 5423 WGMEKWG   -9.4395   -9.5767   -0.1371    0.1858
 5424 IGMEKWG   -9.4212  -10.6438   -1.2226    0.1858
 5425 IGMEKWG   -9.4212  -10.6438   -1.2226    0.1858
 5426 WGMEKWG   -9.0487   -9.1859   -0.1371    0.1858
 5427 WGKEMWG  -10.7656  -11.0141   -0.2486    0.1858
 5428 WGKEMWG  -10.7656  -11.0141   -0.2486    0.1858
 5429 WGKEMWG  -10.7656  -11.0141   -0.2486    0.1858
 5430 MGMEKWG   -7.0924   -9.6838   -2.5914    0.1858
 5431 GGMEKMW   -7.0897   -9.9040   -2.8143    0.1858
 5432 GGMEKMW   -7.0897   -9.9040   -2.8143    0.1858
 5433 GGMEKMW   -7.0897   -9.9040   -2.8143    0.1858
 5434 GMMDKGW   -6.7629   -9.1486   -2.3857    0.1858
 5435 GKMDMGW   -8.0349  -10.1977   -2.1629    0.1858
 5436 GKMDMGW   -8.0349  -10.1977   -2.1629    0.1858
 5437 WKMDMGG   -8.2833  -10.5576   -2.2743    0.1858
 5438 WKMDMGG   -8.2833  -10.5576   -2.2743    0.1858
 5439 WKMDMGG   -8.2833  -10.5576   -2.2743    0.1858
 5440 WKMDMGG   -8.2833  -10.5576   -2.2743    0.1858
 5441 IKVDMGG   -9.0207  -12.3858   -3.3651    0.1858
 5442 VGVDKMG   -6.2985  -11.0379   -4.7394    0.1858
 5443 VGVDKMG   -6.2985  -11.0379   -4.7394    0.1858
 5444 VGVDKFG   -6.1617   -9.3080   -3.1463    0.1858
 5445 KGVDVFG   -6.6083   -9.7546   -3.1463    0.1858
 5446 KVVDFGG   -6.5020   -9.7597   -3.2577    0.1858
 5447 KVVFDGG   -9.5469  -12.9160   -3.3691    0.1858
 5448 KVVFDGG   -9.5469  -12.9160   -3.3691    0.1858
 5449 KMVFEGG   -9.7120  -13.3928   -3.6809    0.1858
 5450 KFVMEGG   -9.2804  -12.9612   -3.6809    0.1858
 5451 KFVMEGG   -9.2804  -12.9612   -3.6809    0.1858
 5452 KFAMEGG   -4.5920  -11.5489   -6.9569    0.1858
 5453 KVMEMGG   -7.1758  -12.3384   -5.1626    0.1858
 5454 KVEMMGG   -7.3229  -12.4855   -5.1626    0.1858
 5455 KVEMVGG   -7.8574  -13.0254   -5.1680    0.1858
 5456 KVEMVGG   -7.8574  -13.0254   -5.1680    0.1858
 5457 EVKMVGG   -8.6591  -13.8271   -5.1680    0.1858
 5458 EVKMVGG   -8.6591  -13.8271   -5.1680    0.1858
 5459 EVKMVGG   -8.8268  -13.9948   -5.1680    0.1858
 5460 GIKVVGE  -11.4358  -15.1235   -3.6877    0.1858
 5461 EIKVMGG  -12.2018  -15.9955   -3.7937    0.1858
 5462 EVKVIGG  -10.1523  -13.9515   -3.7991    0.1858
 5463 KVEVIGG  -10.4941  -14.2932   -3.7991    0.1858
 5464 KVEVIGG  -10.4941  -14.2932   -3.7991    0.1858
 5465 EVIVKGG  -10.6803  -14.5908   -3.9106    0.1858
 5466 EIKVVGG  -13.1588  -16.9579   -3.7991    0.1858
 5467 KIEVVGG  -11.5494  -15.3485   -3.7991    0.1858
 5468 KEIVVGG  -11.0304  -15.0524   -4.0220    0.1858
 5469 VEIVKGG  -12.2774  -16.0766   -3.7991    0.1858
 5470 VEIVKGG  -12.2774  -16.0766   -3.7991    0.1858
 5471 EVIVKGG  -13.0996  -17.0102   -3.9106    0.1858
 5472 EGIVEVG   -7.6600  -12.1577   -4.4977    0.1858
 5473 EGIVVEG   -8.8232  -13.4323   -4.6091    0.1858
 5474 EGIVEVG   -7.9355  -12.4332   -4.4977    0.1858
 5475 EGVVEMG   -7.2178  -13.0844   -5.8666    0.1858
 5476 KGVVEMG  -10.3599  -15.4165   -5.0566    0.1858
 5477 KGVVEMG  -10.3599  -15.4165   -5.0566    0.1858
 5478 KGVVEML   -9.8861  -12.1809   -2.2949    0.1858
 5479 KGVVEML   -9.8861  -12.1809   -2.2949    0.1858
 5480 RGVVEMA   -6.7879  -15.3073   -8.5194    0.1858
 5481 EGVVEIG   -4.7560   -9.2537   -4.4977    0.1858
 5482 EGVVRLG   -5.2850  -14.1264   -8.8414    0.1858
 5483 EGVVELG   -6.6202  -12.9076   -6.2874    0.1858
 5484 EGVVELG   -6.6202  -12.9076   -6.2874    0.1858
 5485 DMVVELG   -7.6480  -10.4357   -2.7877    0.1858
 5486 DMVVKLG  -10.2354  -12.2131   -1.9777    0.1858
 5487 EMVVKLG  -11.1629  -13.4578   -2.2949    0.1858
 5488 EMVVKLG  -11.1629  -13.4578   -2.2949    0.1858
 5489 EMKVLLG   -8.0127  -11.0430   -3.0303    0.1858
 5490 KEMVLLG   -8.6904  -11.9435   -3.2531    0.1858
 5491 KEMVMLG   -9.7503  -12.2626   -2.5123    0.1858
 5492 KMLVEMG   -8.3821  -10.6715   -2.2894    0.1858
 5493 LMKVEMG   -8.9528  -11.1308   -2.1780    0.1858
 5494 LMKVEMG   -8.9528  -11.1308   -2.1780    0.1858
 5495 LMKVMEG   -8.6028  -10.8923   -2.2894    0.1858
 5496 IMKLMEG   -8.2626  -10.1378   -1.8751    0.1858
 5497 IMKLMEG   -8.2626  -10.1378   -1.8751    0.1858
 5498 MMKLMEG   -7.2147   -9.4987   -2.2840    0.1858
 5499 LMKLMEG   -6.5026   -9.6075   -3.1049    0.1858
 5500 EMLMKLG   -4.0540   -7.1589   -3.1049    0.1858
 5501 EMFMKLG   -2.8143   -4.3852   -1.5709    0.1858
 5502 LMFEKMG   -3.0233   -4.7056   -1.6823    0.1858
 5503 EDFLMMG   -3.0534   -5.3400   -2.2866    0.1858
 5504 EDFLMMG   -3.0534   -5.3400   -2.2866    0.1858
 5505 EEMLMFG   -5.8391   -8.4428   -2.6037    0.1858
 5506 WEMEMFG   -3.3747   -5.7690   -2.3943    0.1858
 5507 WMEEMFG   -2.0043   -4.6215   -2.6171    0.1858
 5508 EMMEMFG   -6.6991   -7.7791   -1.0800    0.1858
 5509 EMMEMFG   -6.6991   -7.7791   -1.0800    0.1858
 5510 RMMEMFG   -5.5878   -9.2218   -3.6340    0.1858
 5511 REMMMMG   -4.9150  -10.3650   -5.4500    0.1858
 5512 MMRMMEG   -4.2673   -9.4944   -5.2271    0.1858
 5513 MIRMEMG   -4.1604   -7.9073   -3.7469    0.1858
 5514 MIRMEMG   -4.1604   -7.9073   -3.7469    0.1858
 5515 IMRMEMG   -7.2887  -11.0356   -3.7469    0.1858
 5516 IMRMDMG   -6.7558  -10.1855   -3.4297    0.1858
 5517 IMRMEMG   -7.2660  -11.0129   -3.7469    0.1858
 5518 EMEMIMG   -6.7849   -8.0892   -1.3043    0.1858
 5519 KMMMIEG  -11.4202  -12.0259   -0.6057    0.1858
 5520 KMMMIEG  -11.4202  -12.0259   -0.6057    0.1858
 5521 KLMMIEG  -11.9207  -13.9073   -1.9866    0.1858
 5522 ILMMKDG  -12.5991  -14.3799   -1.7809    0.1858
 5523 IMLMKDG  -12.2947  -14.0755   -1.7809    0.1858
 5524 MLIMKDG   -9.2576  -11.0385   -1.7809    0.1858
 5525 MIIMEDG   -7.2550   -8.6161   -1.3611    0.1858
 5526 IMIMDDG  -10.0387  -11.0827   -1.0440    0.1858
 5527 IMVMDDG  -10.6044  -11.5027   -0.8983    0.1858
 5528 IMVMDDG  -10.6044  -11.5027   -0.8983    0.1858
 5529 IMVMKDG  -11.9983  -12.4038   -0.4054    0.1858
 5530 WMVMKDG  -10.6018  -10.6818   -0.0800    0.1858
 5531 IMVMKEG  -11.4995  -12.2221   -0.7226    0.1858
 5532 IEKMVLG  -12.8830  -14.7950   -1.9120    0.1858
 5533 IEKMVLG  -12.8830  -14.7950   -1.9120    0.1858
 5534 IEKMVLG  -12.7689  -14.6809   -1.9120    0.1858
 5535 IEKMVLG  -12.7689  -14.6809   -1.9120    0.1858
 5536 IELMVKG  -13.4306  -15.2312   -1.8006    0.1858
 5537 IELMVKG  -13.4306  -15.2312   -1.8006    0.1858
 5538 IELMVKG  -13.4306  -15.2312   -1.8006    0.1858
 5539 IDLMVKG  -12.3147  -13.7981   -1.4834    0.1858
 5540 IELMVKG  -12.1437  -13.9443   -1.8006    0.1858
 5541 IDLMVKG  -12.2692  -13.7527   -1.4834    0.1858
 5542 IDLMVKG  -12.2692  -13.7527   -1.4834    0.1858
 5543 IELMVKG  -12.2105  -14.0111   -1.8006    0.1858
 5544 IELMVKG  -12.2105  -14.0111   -1.8006    0.1858
 5545 IELMVKG  -12.2105  -14.0111   -1.8006    0.1858
 5546 IELMVKG  -12.2105  -14.0111   -1.8006    0.1858
 5547 IELMVKG  -12.2105  -14.0111   -1.8006    0.1858
 5548 IELMVKG  -12.2105  -14.0111   -1.8006    0.1858
 5549 IELMVKG  -12.2105  -14.0111   -1.8006    0.1858
 5550 IELMVKG  -12.2105  -14.0111   -1.8006    0.1858
 5551 IELMVKG  -12.2105  -14.0111   -1.8006    0.1858
 5552 IELMVKG  -12.2105  -14.0111   -1.8006    0.1858
 5553 IEVMVKG  -12.2950  -12.8001   -0.5051    0.1858
 5554 IEVMVKG  -12.2950  -12.8001   -0.5051    0.1858
 5555 IEVMVKG  -12.2950  -12.8001   -0.5051    0.1858
 5556 IEVMVKG  -12.2950  -12.8001   -0.5051    0.1858
 5557 IDVMVKG  -12.6269  -12.8149   -0.1880    0.1858
 5558 IDVMVKG  -12.6269  -12.8149   -0.1880    0.1858
 5559 IDVMVKG  -12.6269  -12.8149   -0.1880    0.1858
 5560 IDVMVKG  -12.6269  -12.8149   -0.1880    0.1858
 5561 IDVMVKG  -12.6269  -12.8149   -0.1880    0.1858
 5562 IDVMVKG  -12.6269  -12.8149   -0.1880    0.1858
 5563 IDVMVKG  -12.6269  -12.8149   -0.1880    0.1858
 5564 IDVMVKG  -12.6269  -12.8149   -0.1880    0.1858
 5565 IDVMVKG  -12.6269  -12.8149   -0.1880    0.1858
 5566 IDVMVKG  -12.6269  -12.8149   -0.1880    0.1858
 5567 IDVMYKG   -8.7397   -9.7486   -1.0089    0.1858
 5568 IDVMYKG   -8.7397   -9.7486   -1.0089    0.1858
 5569 IDVMYKG   -8.7374   -9.7463   -1.0089    0.1829
 5570 IDKMYMG  -10.1834  -11.2983   -1.1149    0.1829
 5571 IEKMYMG  -11.4764  -12.9084   -1.4320    0.1829
 5572 IEKMYMG  -11.4764  -12.9084   -1.4320    0.1829
 5573 KMIMYEG   -7.4604   -8.8924   -1.4320    0.1829
 5574 KMIMMDG   -7.5795   -7.8681   -0.2886    0.1829
 5575 KMIMMDG   -7.5795   -7.8681   -0.2886    0.1829
 5576 KMYMIDG   -6.1056   -7.2204   -1.1149    0.1829
 5577 KMVMIDG   -9.4963   -9.7903   -0.2940    0.1829
 5578 KMIMVEG  -11.2242  -11.8354   -0.6111    0.1829
 5579 KMIMVDG  -11.3847  -11.6787   -0.2940    0.1829
 5580 IMKMVDG  -12.4531  -12.6357   -0.1826    0.1829
 5581 IMKMVDG  -12.4531  -12.6357   -0.1826    0.1829
 5582 IMKMVDG  -12.4531  -12.6357   -0.1826    0.1829
 5583 IMKMVDG  -12.4531  -12.6357   -0.1826    0.1829
 5584 IMKMVDG  -12.4531  -12.6357   -0.1826    0.1829
 5585 KMIMVDG  -12.2498  -12.5438   -0.2940    0.1829
 5586 IMKMVDG  -12.7320  -12.9146   -0.1826    0.1829
 5587 VAIMKDG   -8.8718  -12.5587   -3.6869    0.1829
 5588 VAIMKDG   -8.8718  -12.5587   -3.6869    0.1829
 5589 VIIMKDG  -10.7756  -11.2522   -0.4766    0.1829
 5590 KIIMVEG  -11.6171  -12.2994   -0.6823    0.1829
 5591 KIIMVEG  -11.6171  -12.2994   -0.6823    0.1829
 5592 KILMMEG  -11.3816  -13.3682   -1.9866    0.1829
 5593 KIIMMEG  -12.8314  -13.5883   -0.7569    0.1829
 5594 KIIMMDG  -13.2695  -13.7092   -0.4397    0.1829
 5595 KIIMMDG  -13.3937  -13.8334   -0.4397    0.1829
 5596 IIKMMDG  -13.3036  -13.6319   -0.3283    0.1829
 5597 IVKMMDG  -13.6226  -13.8052   -0.1826    0.1829
 5598 IVKMMDG  -13.6226  -13.8052   -0.1826    0.1829
 5599 IVKMMDG  -13.6226  -13.8052   -0.1826    0.1829
 5600 KVMMIDG  -10.1088  -10.4028   -0.2940    0.1829
 5601 KVMMIDG  -10.1088  -10.4028   -0.2940    0.1829
 5602 KVMMIDG  -10.1088  -10.4028   -0.2940    0.1829
 5603 KVIMMEG  -12.3457  -12.9569   -0.6111    0.1829
 5604 IVMMKEG  -11.5754  -12.2980   -0.7226    0.1829
 5605 LVMMEEG   -9.7257  -13.0479   -3.3223    0.1829
 5606 LVMMEDG   -9.7470  -12.7522   -3.0051    0.1829
 5607 LVMFEDG   -8.2484  -10.4604   -2.2120    0.1829
 5608 LVMFEDG   -8.2484  -10.4604   -2.2120    0.1829
 5609 VVMFDDG   -8.3220   -9.0015   -0.6794    0.1829
 5610 VVMFDDG   -8.3220   -9.0015   -0.6794    0.1829
 5611 MVVFDDG   -8.2150   -8.8945   -0.6794    0.1829
 5612 MVVFEDG  -10.0880  -11.0846   -0.9966    0.1829
 5613 FVVMEEG   -9.6609  -10.9747   -1.3137    0.1829
 5614 FVMMEKG   -7.7808   -8.2791   -0.4983    0.1829
 5615 VVLMEKG   -9.8125  -12.3302   -2.5177    0.1829
 5616 YVLMEKG   -7.8779  -11.2164   -3.3386    0.1829
 5617 YVLMEKG   -7.8779  -11.2164   -3.3386    0.1829
 5618 YVLMEKG   -7.8779  -11.2164   -3.3386    0.1829
 5619 GVLEMKY   -4.4028   -7.4071   -3.0043    0.1829
 5620 GVLEMKY   -4.4028   -7.4071   -3.0043    0.1829
 5621 GVLEMKY   -4.4028   -7.4071   -3.0043    0.1829
 5622 GVLVEKW   -7.2589  -10.4509   -3.1920    0.1829
 5623 GVLVEEW   -7.9516  -11.9536   -4.0020    0.1829
 5624 GVMVEEW   -9.8665  -10.8877   -1.0211    0.1829
 5625 GVMVKEW  -10.1199  -10.3310   -0.2111    0.1829
 5626 GVMVKEW  -10.6859  -10.8971   -0.2111    0.1829
 5627 GVMVKEW  -10.6859  -10.8971   -0.2111    0.1829
 5628 GVMVDDW  -10.8551  -11.2420   -0.3869    0.1829
 5629 GWMVDDV   -8.0650   -8.4519   -0.3869    0.1829
 5630 GWMVDDV   -8.0650   -8.4519   -0.3869    0.1829
 5631 GWMVDDV   -8.0650   -8.4519   -0.3869    0.1829
 5632 GMWVEDV   -7.2443   -7.9483   -0.7040    0.1829
 5633 GVVMEDW   -8.4512   -9.1552   -0.7040    0.1829
 5634 GVVMEDW   -8.7911   -9.4951   -0.7040    0.1829
 5635 GVVVEDW  -10.3217  -10.9511   -0.6294    0.1829
 5636 GVVVKDW  -11.7461  -11.5655    0.1806    0.1829
 5637 GVVKVDW  -11.8217  -11.4183    0.4034    0.1829
 5638 GVVKVDW  -11.8217  -11.4183    0.4034    0.1829
 5639 GVVKVDW  -11.8217  -11.4183    0.4034    0.1829
 5640 GVVKVDW  -11.8217  -11.4183    0.4034    0.1829
 5641 GVVKVEW  -10.8564  -10.7701    0.0863    0.1829
 5642 GVVKVEW  -10.8564  -10.7701    0.0863    0.1829
 5643 GVVKVEW  -10.8564  -10.7701    0.0863    0.1829
 5644 GVVKVEW  -10.8564  -10.7701    0.0863    0.1829
 5645 GVVKVEW  -10.8564  -10.7701    0.0863    0.1829
 5646 GVVKVEW  -10.8564  -10.7701    0.0863    0.1829
 5647 GVVKVEW  -10.8564  -10.7701    0.0863    0.1829
 5648 GVVKIEW   -7.3038   -9.0432   -1.7394    0.1829
 5649 GVVKYEW   -7.7646   -7.8991   -0.1346    0.1829
 5650 GVVKYEW   -7.7646   -7.8991   -0.1346    0.1829
 5651 GVVKYEW   -7.7646   -7.8991   -0.1346    0.1829
 5652 GVIKAEW   -8.1155   -9.3310   -1.2154    0.1829
 5653 GVIKAEW   -8.1155   -9.3310   -1.2154    0.1829
 5654 GVIKVEW   -8.5973  -10.3367   -1.7394    0.1829
 5655 GAIKVEF   -6.2492   -8.3258   -2.0766    0.1829
 5656 GIMKVEF   -8.1349   -8.2900   -0.1551    0.1829
 5657 GVMKIEF   -8.0789   -8.2340   -0.1551    0.1829
 5658 GVMKMEF   -9.0425   -9.2065   -0.1640    0.1829
 5659 GVMKVEF  -10.0140  -10.1834   -0.1694    0.1829
 5660 GVMKVEF  -10.0140  -10.1834   -0.1694    0.1829
 5661 FVMKVEG  -10.1529  -10.4338   -0.2809    0.1829
 5662 FVVKMEG  -10.3399  -10.6207   -0.2809    0.1829
 5663 IVVKMEG  -12.9831  -13.4883   -0.5051    0.1829
 5664 IVVKMEG  -12.9831  -13.4883   -0.5051    0.1829
 5665 IVVKMEG  -12.9831  -13.4883   -0.5051    0.1829
 5666 IVIKMEG  -12.6654  -13.2363   -0.5709    0.1829
 5667 VVIKMEG  -12.8442  -13.3494   -0.5051    0.1829
 5668 VVIMKEG  -11.6141  -12.3421   -0.7280    0.1829
 5669 VVKMIEG  -10.5106  -11.0158   -0.5051    0.1829
 5670 VVKIIEG  -12.0345  -12.5308   -0.4963    0.1829
 5671 VVKIIEG  -12.0345  -12.5308   -0.4963    0.1829
 5672 VVEIVEG  -10.9772  -12.2978   -1.3206    0.1829
 5673 VIKVVEG  -12.8684  -13.3790   -0.5106    0.1829
 5674 VVKIVEG  -15.0295  -15.5401   -0.5106    0.1829
 5675 VVKIVEG  -15.0295  -15.5401   -0.5106    0.1829
 5676 VVKIVEG  -15.0295  -15.5401   -0.5106    0.1829
 5677 VVKIVEG  -15.0295  -15.5401   -0.5106    0.1829
 5678 VIKIVEG  -13.3282  -13.8244   -0.4963    0.1829
 5679 VIKIMEG  -12.8579  -13.4288   -0.5709    0.1829
 5680 VIKVMEG  -12.3381  -12.8432   -0.5051    0.1829
 5681 VVKIEMG  -13.5402  -13.9339   -0.3937    0.1829
 5682 IVKVEMG  -13.2572  -13.6509   -0.3937    0.1829
 5683 IVKVEMG  -13.2572  -13.6509   -0.3937    0.1829
 5684 IMKVEGG   -8.7945  -12.5882   -3.7937    0.1829
 5685 IEMVRMG   -8.0958  -11.8480   -3.7523    0.1829
 5686 IEMVKMG  -10.2925  -10.6808   -0.3883    0.1829
 5687 IEIVKMG   -9.0078   -9.4672   -0.4594    0.1829
 5688 LEIVKMG   -7.7875   -9.4767   -1.6891    0.1829
 5689 KLIVEAG   -9.9204  -14.1224   -4.2020    0.1829
 5690 KMIVEAG   -9.6532  -13.4344   -3.7811    0.1829
 5691 KAIVEMG   -9.4424  -13.2235   -3.7811    0.1829
 5692 KAIVEMG   -9.4424  -13.2235   -3.7811    0.1829
 5693 KAVIEMG   -9.5602  -13.3413   -3.7811    0.1829
 5694 EAIVKMG  -10.7471  -14.5283   -3.7811    0.1829
 5695 EMIVKAG  -10.0263  -13.8074   -3.7811    0.1829
 5696 EMIVKAG  -10.0263  -13.8074   -3.7811    0.1829
 5697 EVMIKAG  -11.5454  -15.3265   -3.7811    0.1829
 5698 EVIMKAG  -10.4033  -14.1844   -3.7811    0.1829
 5699 EMIVKAG  -10.7921  -14.5733   -3.7811    0.1829
 5700 IEIVKAG  -11.8747  -14.1756   -2.3009    0.1829
 5701 IVIEKAG  -11.5812  -14.1049   -2.5237    0.1829
 5702 IVIEKGG  -10.5806  -13.2283   -2.6477    0.1829
 5703 EVIIKGG  -11.8101  -14.3464   -2.5363    0.1829
 5704 EVIIKGG  -11.8101  -14.3464   -2.5363    0.1829
 5705 KVIIEGG  -12.2630  -14.7992   -2.5363    0.1829
 5706 KVIIEAG  -13.3078  -15.7201   -2.4123    0.1829
 5707 KVWIEAG   -9.5598  -10.8866   -1.3269    0.1829
 5708 KVWIEAG   -9.5598  -10.8866   -1.3269    0.1829
 5709 GVKIDAW  -10.2186  -11.1168   -0.8983    0.1829
 5710 GVKIDAW  -10.2186  -11.1168   -0.8983    0.1829
 5711 GVKVDAW   -9.6940  -11.9666   -2.2726    0.1829
 5712 GVKVDAW   -9.6940  -11.9666   -2.2726    0.1829
 5713 GKVVDAW   -9.6437  -12.0277   -2.3840    0.1829
 5714 GKVVDAW   -9.6437  -12.0277   -2.3840    0.1829
 5715 GKVVDAW   -9.4886  -11.8726   -2.3840    0.1829
 5716 GEVVKAW  -10.1984  -12.8995   -2.7011    0.1829
 5717 GKLVEAV   -7.3424  -12.9186   -5.5763    0.1829
 5718 GKLVEAV   -7.3424  -12.9186   -5.5763    0.1829
 5719 GKIVEAF   -6.7401   -8.9281   -2.1880    0.1829
 5720 GEKVIGF   -7.3132   -9.5137   -2.2006    0.1829
 5721 EFKVIAG  -11.4594  -13.6474   -2.1880    0.1829
 5722 EFKVIAG  -11.4594  -13.6474   -2.1880    0.1829
 5723 IFKVEAG  -13.2737  -15.3502   -2.0766    0.1829
 5724 IFKVEAG  -13.2737  -15.3502   -2.0766    0.1829
 5725 KFIVEAG  -12.9717  -15.1597   -2.1880    0.1829
 5726 KFIVEAG  -12.9717  -15.1597   -2.1880    0.1829
 5727 KFIVEAG  -12.9717  -15.1597   -2.1880    0.1829
 5728 KFVVEAG  -12.2482  -15.8105   -3.5623    0.1829
 5729 KFVVEAG  -12.2482  -15.8105   -3.5623    0.1829
 5730 KMVVEAG  -10.8557  -16.0111   -5.1554    0.1829
 5731 KVVMEAG  -10.5989  -15.7543   -5.1554    0.1829
 5732 KVVMEAG  -10.5989  -15.7543   -5.1554    0.1829
 5733 KVVMEAG  -10.5989  -15.7543   -5.1554    0.1829
 5734 LVKMEAG  -10.8917  -16.3512   -5.4594    0.1829
 5735 MVKMEAG  -10.5600  -15.5986   -5.0386    0.1829
 5736 IVKAEMG  -10.6631  -14.3328   -3.6697    0.1829
 5737 IVKIEMG  -14.1149  -14.5743   -0.4594    0.1829
 5738 IVKIDMG  -12.5062  -12.6485   -0.1423    0.1829
 5739 IVKVDMG  -12.3753  -12.4518   -0.0766    0.1829
 5740 IMKVVDG  -12.7805  -12.9685   -0.1880    0.1829
 5741 IKMVVDG  -13.1429  -13.3309   -0.1880    0.1829
 5742 IKMVVDG  -13.1429  -13.3309   -0.1880    0.1829
 5743 IKMVVDG  -13.1429  -13.3309   -0.1880    0.1829
 5744 VMIVKDG  -13.4004  -13.8113   -0.4109    0.1829
 5745 VKIVMDG  -12.8617  -13.0497   -0.1880    0.1829
 5746 VIIVKDG  -13.0960  -13.4980   -0.4020    0.1829
 5747 VIIVKEG  -12.7666  -13.4858   -0.7191    0.1829
 5748 VLKVIEG  -13.0038  -14.7298   -1.7260    0.1829
 5749 VLKMIEG  -11.8961  -13.6967   -1.8006    0.1829
 5750 VLKIMEG  -12.7382  -14.5388   -1.8006    0.1829
 5751 MLKIVEG  -12.4139  -14.2144   -1.8006    0.1829
 5752 MLKIMEG  -12.1721  -14.0472   -1.8751    0.1829
 5753 MLKIMEG  -12.1721  -14.0472   -1.8751    0.1829
 5754 MLKIMEG  -12.1721  -14.0472   -1.8751    0.1829
 5755 MIKIVEG  -12.4054  -12.9763   -0.5709    0.1829
 5756 MIKIVEG  -12.4054  -12.9763   -0.5709    0.1829
 5757 MIKIVEG  -12.4054  -12.9763   -0.5709    0.1829
 5758 LIKIVEG   -8.6944  -12.2461   -3.5517    0.1829
 5759 ILKIVDG  -11.3742  -14.6088   -3.2346    0.1829
 5760 ILKIVDG  -11.3742  -14.6088   -3.2346    0.1829
 5761 ILKIVDG  -11.3742  -14.6088   -3.2346    0.1829
 5762 ILKIVDG  -11.3742  -14.6088   -3.2346    0.1829
 5763 IVIIKDG  -11.8193  -14.0471   -2.2277    0.1829
 5764 IVIIKDG  -11.8193  -14.0471   -2.2277    0.1829
 5765 IVIIREG   -7.8252  -13.7340   -5.9089    0.1829
 5766 IVVIREG   -9.8728  -13.9559   -4.0831    0.1829
 5767 IVVIREG   -9.8728  -13.9559   -4.0831    0.1829
 5768 IVMIDEG  -11.4972  -12.7837   -1.2866    0.1829
 5769 IVMVDKG  -10.8293  -11.2402   -0.4109    0.1829
 5770 IVMIDDG  -11.6784  -12.6478   -0.9694    0.1829
 5771 IVMIDDG  -11.6784  -12.6478   -0.9694    0.1829
 5772 IVMIDDG  -11.6771  -12.6465   -0.9694    0.1482
 5773 VVMLDEG   -9.0825  -12.0931   -3.0106    0.1482
 5774 EVILMDG   -8.7268  -11.1317   -2.4049    0.1482
 5775 KVILMDG  -11.0086  -12.6034   -1.5949    0.1482
 5776 KVIMMDG  -12.0180  -12.3120   -0.2940    0.1482
 5777 KLIMMDG  -10.0325  -11.7019   -1.6694    0.1482
 5778 KLIMMDG  -10.0325  -11.7019   -1.6694    0.1482
 5779 KLIMMEG   -9.6456  -11.6321   -1.9866    0.1482
 5780 ELIVMDG  -10.1434  -12.5482   -2.4049    0.1482
 5781 ELIVMDG  -10.1434  -12.5482   -2.4049    0.1482
 5782 LMIVDEG   -8.4736  -10.9899   -2.5163    0.1482
 5783 LMIVDDG   -9.6149  -11.8140   -2.1991    0.1482
 5784 LMIVDDG   -9.6149  -11.8140   -2.1991    0.1482
 5785 LMIVKDG  -11.5887  -13.2950   -1.7063    0.1482
 5786 LMKVIDG  -10.8329  -12.3164   -1.4834    0.1482
 5787 LMKVIDG  -10.8329  -12.3164   -1.4834    0.1482
 5788 MMIVKDG  -12.1001  -12.5055   -0.4054    0.1482
 5789 KMIVMDG  -11.9665  -12.2605   -0.2940    0.1482
 5790 KMIVVDG  -12.4007  -12.7001   -0.2994    0.1482
 5791 KIVVVEG  -12.9022  -13.5242   -0.6220    0.1482
 5792 IKVIVEG  -11.7470  -12.2433   -0.4963    0.1482
 5793 IVKIMEG  -13.5094  -14.0802   -0.5709    0.1482
 5794 VIKIMEG  -12.8847  -13.4556   -0.5709    0.1482
 5795 RIVIMEG   -9.6476  -13.6939   -4.0463    0.1482
 5796 RIVVEMG  -10.3853  -14.2545   -3.8691    0.1482
 5797 VIRVEMG  -11.4123  -15.1700   -3.7577    0.1482
 5798 VIKVEMG  -14.5563  -14.9500   -0.3937    0.1482
 5799 VIKVMEG  -13.9416  -14.4468   -0.5051    0.1482
 5800 VIKVMEG  -13.9416  -14.4468   -0.5051    0.1482
 5801 VIKVMEG  -13.9416  -14.4468   -0.5051    0.1482
 5802 VIKIMEG  -13.5836  -14.1545   -0.5709    0.1482
 5803 VIKIMEG  -13.5836  -14.1545   -0.5709    0.1482
 5804 VIKAMDG  -10.4016  -13.8656   -3.4640    0.1482
 5805 VIKAMDG  -10.4016  -13.8656   -3.4640    0.1482
 5806 VIKMADG   -9.6253  -13.0893   -3.4640    0.1482
 5807 VIKMADG   -9.6253  -13.0893   -3.4640    0.1482
 5808 KVILIDG   -9.9874  -13.3334   -3.3460    0.1482
 5809 ELIGIDG   -7.4047  -10.6264   -3.2217    0.1482
 5810 ELIGIDG   -7.4047  -10.6264   -3.2217    0.1482
 5811 ELIAIDG   -8.3648  -11.7968   -3.4320    0.1482
 5812 ELIAIDG   -8.3648  -11.7968   -3.4320    0.1482
 5813 LIIADDG   -8.1769  -11.4032   -3.2263    0.1482
 5814 LIDAIDG   -6.3939   -9.3973   -3.0034    0.1482
 5815 ILDAIDG   -6.8419   -9.8453   -3.0034    0.1482
 5816 ILEAIDG   -7.8966  -11.2172   -3.3206    0.1482
 5817 IALEIDG   -9.8233  -13.1439   -3.3206    0.1482
 5818 LALEIKG   -7.8902  -12.5077   -4.6174    0.1482
 5819 KALEILG   -9.5424  -14.1599   -4.6174    0.1482
 5820 KALEILG   -9.5424  -14.1599   -4.6174    0.1482
 5821 KALEILG   -9.5424  -14.1599   -4.6174    0.1482
 5822 KAIEILG   -9.7057  -12.5334   -2.8277    0.1482
 5823 LAIEIKG  -10.1202  -12.9479   -2.8277    0.1482
 5824 VAIEIKG  -10.6031  -13.0154   -2.4123    0.1482
 5825 VKMEIAG  -11.9233  -15.5930   -3.6697    0.1482
 5826 VKIEIAG  -13.2855  -15.5864   -2.3009    0.1482
 5827 IIVEKGG  -13.1612  -15.8089   -2.6477    0.1482
 5828 GIIEVGK  -12.1053  -14.4187   -2.3134    0.1482
 5829 GIIEMGK  -11.6004  -13.9084   -2.3080    0.1482
 5830 GIIEMGK  -11.6004  -13.9084   -2.3080    0.1482
 5831 GIIEMGK  -11.6405  -13.9485   -2.3080    0.1482
 5832 GKIEMGI  -11.3264  -13.5230   -2.1966    0.1482
 5833 GKIEIGM  -10.6790  -12.8755   -2.1966    0.1482
 5834 VKIEIGG  -12.8084  -15.1218   -2.3134    0.1482
 5835 VKIEIGG  -12.8084  -15.1218   -2.3134    0.1482
 5836 VIIEKGG  -13.3114  -15.9591   -2.6477    0.1482
 5837 GIIEKGV  -11.4201  -13.8450   -2.4249    0.1482
 5838 GVIEKGW  -12.0352  -13.3747   -1.3394    0.1482
 5839 GVIEKGW  -12.0352  -13.3747   -1.3394    0.1482
 5840 GFIEKGW  -10.8700  -10.8908   -0.0209    0.1482
 5841 GFIEKGF  -10.9546  -11.5566   -0.6020    0.1482
 5842 GWIEKGF  -10.9132  -10.9340   -0.0209    0.1482
 5843 GFIEKGF  -11.1503  -11.7523   -0.6020    0.1482
 5844 GWIEKGF  -11.9522  -11.9730   -0.0209    0.1482
 5845 GWIEKGF  -11.9522  -11.9730   -0.0209    0.1482
 5846 GWIEKGF  -11.9522  -11.9730   -0.0209    0.1482
 5847 GWIEKGF  -11.9522  -11.9730   -0.0209    0.1482
 5848 GWMEKGI   -7.5638   -8.8978   -1.3340    0.1482
 5849 GWMEKGI   -7.5638   -8.8978   -1.3340    0.1482
 5850 GIEMKGW   -7.0458   -8.1569   -1.1111    0.1482
 5851 GWEMKGI   -5.8533   -6.9644   -1.1111    0.1482
 5852 GIEMKGF   -5.5664   -7.5386   -1.9723    0.1482
 5853 GFEMRGI   -4.3746   -9.7109   -5.3363    0.1482
 5854 GFEMKGF   -7.0047   -8.7527   -1.7480    0.1482
 5855 GFDMKGF   -4.6071   -6.0380   -1.4309    0.1482
 5856 GFDMKGF   -4.6071   -6.0380   -1.4309    0.1482
 5857 GIDMKGF   -4.6316   -6.2868   -1.6551    0.1482
 5858 GIDMKGW   -7.3247   -8.1187   -0.7940    0.1482
 5859 GIDMKGW   -7.3247   -8.1187   -0.7940    0.1482
 5860 GIEMKGW   -8.3095   -9.4207   -1.1111    0.1482
 5861 GIDMKGW   -8.1596   -8.9536   -0.7940    0.1482
 5862 GVDIKGW  -10.4180  -11.2174   -0.7994    0.1482
 5863 GIDVKGW  -12.4485  -13.2480   -0.7994    0.1482
 5864 GIDVKGW  -12.4485  -13.2480   -0.7994    0.1482
 5865 GIEVKGW  -13.0044  -14.1210   -1.1166    0.1482
 5866 GIEVKGW  -13.0044  -14.1210   -1.1166    0.1482
 5867 GVEIKGW  -13.1852  -14.3018   -1.1166    0.1482
 5868 GVEIKGW  -13.1852  -14.3018   -1.1166    0.1482
 5869 GVEIKGW  -13.1852  -14.3018   -1.1166    0.1482
 5870 GVDIKGW  -12.7237  -13.5232   -0.7994    0.1482
 5871 GIDVKGW  -12.3868  -13.1863   -0.7994    0.1482
 5872 GVDIKGW  -12.6689  -13.4683   -0.7994    0.1482
 5873 GVDIKGW  -12.6689  -13.4683   -0.7994    0.1482
 5874 WVDIKGG  -13.0224  -14.0446   -1.0223    0.1482
 5875 WVDIKGG  -13.0224  -14.0446   -1.0223    0.1482
 5876 WVDIKGG  -13.0224  -14.0446   -1.0223    0.1482
 5877 WVDIKGG  -13.0224  -14.0446   -1.0223    0.1482
 5878 WVDIKGG  -13.0224  -14.0446   -1.0223    0.1482
 5879 IVDIKGG  -12.7057  -14.8134   -2.1077    0.1482
 5880 IIEVKGG  -13.2461  -15.6710   -2.4249    0.1482
 5881 WIKVEGG  -14.7898  -16.1292   -1.3394    0.1482
 5882 WIKVEGG  -14.7898  -16.1292   -1.3394    0.1482
 5883 WVKIEGG  -14.5002  -15.8397   -1.3394    0.1482
 5884 WVKIEGG  -14.5002  -15.8397   -1.3394    0.1482
 5885 WVKIEGG  -14.5002  -15.8397   -1.3394    0.1482
 5886 VIKIEGG  -16.1975  -18.6224   -2.4249    0.1482
 5887 LIKIEGG  -15.6987  -18.5390   -2.8403    0.1482
 5888 VIKIEGG  -16.1954  -18.6203   -2.4249    0.1482
 5889 VIKVEGG  -14.4240  -18.2231   -3.7991    0.1482
 5890 MVKVEGG  -11.0494  -16.2174   -5.1680    0.1482
 5891 LVKIEGG  -13.6961  -17.9107   -4.2146    0.1482
 5892 VVKIEGG  -14.1742  -17.9733   -3.7991    0.1482
 5893 LLKIEGG  -13.2030  -17.8330   -4.6300    0.1482
 5894 LLKIEGG  -11.7360  -16.3660   -4.6300    0.1482
 5895 LMKIEGG  -11.8060  -16.0152   -4.2091    0.1482
 5896 LMKIEGG  -11.8060  -16.0152   -4.2091    0.1482
 5897 LMKIEGG  -11.8060  -16.0152   -4.2091    0.1482
 5898 IMKLEGG   -7.5021  -11.7112   -4.2091    0.1482
 5899 IMELKGG   -6.7072  -10.9163   -4.2091    0.1482
 5900 IMKLEGG   -7.0605  -11.2696   -4.2091    0.1482
 5901 IMKLEGG   -7.0605  -11.2696   -4.2091    0.1482
 5902 IMKVEGG  -10.6675  -14.4612   -3.7937    0.1482
 5903 VMKIEGG  -10.7771  -14.5708   -3.7937    0.1482
 5904 IVKVEGG  -11.2159  -15.0151   -3.7991    0.1482
 5905 IKEVVGG   -7.7492  -11.6598   -3.9106    0.1482
 5906 GKEVIGW  -10.4542  -11.7936   -1.3394    0.1482
 5907 GGEVIKW  -10.4380  -11.7774   -1.3394    0.1482
 5908 GGKVIEW   -9.1990  -10.5385   -1.3394    0.1482
 5909 GGKVIEW   -9.1990  -10.5385   -1.3394    0.1482
 5910 GGKVIEW   -9.1990  -10.5385   -1.3394    0.1482
 5911 GGKVIEW   -9.1990  -10.5385   -1.3394    0.1482
 5912 GGKEIMW   -9.5229  -11.0798   -1.5569    0.1482
 5913 GGKEIMW   -9.5229  -11.0798   -1.5569    0.1482
 5914 GGKEIMW   -9.5229  -11.0798   -1.5569    0.1482
 5915 GGMEIKW   -9.2937  -10.5162   -1.2226    0.1482
 5916 GAMEIEW   -6.2205   -8.2405   -2.0200    0.1482
 5917 GAMIEKW  -10.7690  -12.2018   -1.4329    0.1482
 5918 GAMIEKW  -10.7690  -12.2018   -1.4329    0.1482
 5919 GAKIEMW  -11.6598  -12.8698   -1.2100    0.1482
 5920 GAKIEMW  -11.6598  -12.8698   -1.2100    0.1482
 5921 GAKIEMW  -11.6598  -12.8698   -1.2100    0.1482
 5922 GAKIEMW  -11.6598  -12.8698   -1.2100    0.1482
 5923 GALIEKW   -9.3716  -12.7053   -3.3337    0.1482
 5924 GAKIELW  -11.5289  -14.6397   -3.1109    0.1482
 5925 GAKIEMW  -13.8554  -15.0654   -1.2100    0.1482
 5926 GAKIEMW  -13.8554  -15.0654   -1.2100    0.1482
 5927 GAKIEMW  -13.8554  -15.0654   -1.2100    0.1482
 5928 GAKIEMW  -13.8554  -15.0654   -1.2100    0.1482
 5929 GAKIELW  -11.2875  -14.3984   -3.1109    0.1482
 5930 GAKIEMW  -13.8477  -15.0577   -1.2100    0.1482
 5931 GAKIEMW  -13.8477  -15.0577   -1.2100    0.1482
 5932 GAKIEMW  -13.8477  -15.0577   -1.2100    0.1482
 5933 GAKIEMW  -13.8477  -15.0577   -1.2100    0.1482
 5934 GAKIEMW  -13.8477  -15.0577   -1.2100    0.1482
 5935 GMKIEAW  -14.6482  -15.8582   -1.2100    0.1482
 5936 GMKIEAW  -14.8147  -16.0247   -1.2100    0.1482
 5937 GMKIEAW  -14.8147  -16.0247   -1.2100    0.1482
 5938 GMKIEAW  -14.8147  -16.0247   -1.2100    0.1482
 5939 GMKIEAW  -14.8147  -16.0247   -1.2100    0.1482
 5940 GMKIEAW  -14.8147  -16.0247   -1.2100    0.1482
 5941 GMKIDAW  -11.5412  -12.4341   -0.8929    0.1482
 5942 GMDIKAW  -10.6269  -11.5198   -0.8929    0.1482
 5943 GMDIKAW  -10.6520  -11.5449   -0.8929    0.1482
 5944 GMDIKAW  -10.6520  -11.5449   -0.8929    0.1482
 5945 WMDIKAG  -12.0670  -12.9598   -0.8929    0.1482
 5946 WMDIKAG  -12.0670  -12.9598   -0.8929    0.1482
 5947 WMEIKAG  -11.1126  -12.3226   -1.2100    0.1482
 5948 WMEIKAG  -11.1078  -12.3178   -1.2100    0.1482
 5949 WMEIKAG  -11.1078  -12.3178   -1.2100    0.1482
 5950 WMKIEAG   -8.7747   -9.9847   -1.2100    0.1482
 5951 WDMIEAG  -10.4266  -12.1294   -1.7029    0.1482
 5952 WEMIEAG  -11.3546  -13.3746   -2.0200    0.1482
 5953 WEMIRAG   -9.9214  -14.4954   -4.5740    0.1482
 5954 WEMIRAG   -9.9214  -14.4954   -4.5740    0.1482
 5955 WEMIKAG  -12.6489  -13.8589   -1.2100    0.1482
 5956 WEMIKAG  -12.6489  -13.8589   -1.2100    0.1482
 5957 WIMEKAG  -10.5012  -11.9340   -1.4329    0.1482
 5958 WIMEKAG  -10.5012  -11.9340   -1.4329    0.1482
 5959 WIMEKGG   -9.1320  -10.6889   -1.5569    0.1482
 5960 WIMEKGG   -9.1320  -10.6889   -1.5569    0.1482
 5961 WIMEKGG   -9.1320  -10.6889   -1.5569    0.1482
 5962 WEKIIGG  -10.1347  -10.5713   -0.4366    0.1482
 5963 GEKIIGW  -11.3219  -11.6470   -0.3251    0.1482
 5964 GEKIIGW  -11.3219  -11.6470   -0.3251    0.1482
 5965 GIKIEGW  -13.3415  -13.4438   -0.1023    0.1482
 5966 GLKIEGW  -12.0194  -13.5514   -1.5320    0.1482
 5967 GLKIEGW  -12.0194  -13.5514   -1.5320    0.1482
 5968 GLKIEGW  -12.0194  -13.5514   -1.5320    0.1482
 5969 GIKIEGW  -13.4005  -13.5027   -0.1023    0.1482
 5970 GIKIEGW  -13.4005  -13.5027   -0.1023    0.1482
 5971 GIKLDGW  -10.5710  -11.7858   -1.2149    0.1482
 5972 GIKLEGW  -12.1518  -13.6838   -1.5320    0.1482
 5973 GIKLEGW  -11.9989  -13.5309   -1.5320    0.1454
 5974 GIKLEGW  -11.9989  -13.5309   -1.5320    0.1454
 5975 GIKLEGW  -11.9989  -13.5309   -1.5320    0.1454
 5976 GIKLEGW  -11.9989  -13.5309   -1.5320    0.1454
 5977 GLKIEGW  -12.4679  -13.9999   -1.5320    0.1454
 5978 GLKIEGW  -12.4679  -13.9999   -1.5320    0.1454
 5979 GLKIEGW  -12.4679  -13.9999   -1.5320    0.1454
 5980 GLKIEGW  -12.4679  -13.9999   -1.5320    0.1454
 5981 GLKIEGW  -12.4679  -13.9999   -1.5320    0.1454
 5982 GLKIEGW  -12.4679  -13.9999   -1.5320    0.1454
 5983 GLKIEGW  -12.4679  -13.9999   -1.5320    0.1454
 5984 GFKIDGW  -10.1836   -9.6644    0.5191    0.1454
 5985 GFKDIGW   -8.9383   -8.5306    0.4077    0.1454
 5986 GFIEKGW   -9.8300   -9.8509   -0.0209    0.1454
 5987 GFIEKGW   -9.8300   -9.8509   -0.0209    0.1454
 5988 GFIEKGW   -9.8300   -9.8509   -0.0209    0.1454
 5989 GFIEKGW   -9.8300   -9.8509   -0.0209    0.1454
 5990 GFIEKGW   -9.8300   -9.8509   -0.0209    0.1454
 5991 GFIEKGW   -9.8300   -9.8509   -0.0209    0.1454
 5992 GWIEKGW   -8.3130   -9.9928   -1.6797    0.1454
 5993 GWIEKGW   -8.3130   -9.9928   -1.6797    0.1454
 5994 GMIEKGW   -8.5531   -9.8871   -1.3340    0.1454
 5995 GMEIKGW   -8.6532   -9.7644   -1.1111    0.1454
 5996 GMEIKGW   -8.6532   -9.7644   -1.1111    0.1454
 5997 GIEMKGW   -8.9179  -10.0290   -1.1111    0.1454
 5998 GVEVKGW   -9.3410  -11.8319   -2.4909    0.1454
 5999 GVEIKGW  -11.4028  -12.5194   -1.1166    0.1454
 6000 GIDVKGW  -11.2171  -12.0166   -0.7994    0.1454
 6001 GIDVKGW  -11.2171  -12.0166   -0.7994    0.1454
 6002 GIRVDGW  -10.9158  -15.0792   -4.1634    0.1454
 6003 GIRVDGW  -10.9158  -15.0792   -4.1634    0.1454
 6004 GIKVDGW  -13.6290  -14.4285   -0.7994    0.1454
 6005 GIKVEGW  -14.2600  -15.3766   -1.1166    0.1454
 6006 GIKVEGW  -14.2600  -15.3766   -1.1166    0.1454
 6007 GIKVEGW  -14.2600  -15.3766   -1.1166    0.1454
 6008 GIKVEGW  -14.2600  -15.3766   -1.1166    0.1454
 6009 GIKVEGW  -14.2600  -15.3766   -1.1166    0.1454
 6010 GIKVEGW  -14.2600  -15.3766   -1.1166    0.1454
 6011 GIKVEGW  -14.2600  -15.3766   -1.1166    0.1454
 6012 GIKVEGW  -14.2600  -15.3766   -1.1166    0.1454
 6013 GIKVEGW  -14.2600  -15.3766   -1.1166    0.1454
 6014 GIKVEGW  -14.2600  -15.3766   -1.1166    0.1454
 6015 GKIVEGW  -12.3938  -13.6218   -1.2280    0.1454
 6016 GKIIEGW  -12.3730  -12.5867   -0.2137    0.1454
 6017 GKIEIGW  -12.2351  -12.3374   -0.1023    0.1454
 6018 GKIDIGW  -10.6245  -10.4096    0.2149    0.1454
 6019 GKIDIGW  -10.4379  -10.2231    0.2149    0.1454
 6020 GKIEIGW  -12.0048  -12.1071   -0.1023    0.1454
 6021 GKIEIGW  -12.0048  -12.1071   -0.1023    0.1454
 6022 GKIEIGW  -12.0048  -12.1071   -0.1023    0.1454
 6023 GKIIEGW  -11.0991  -11.3128   -0.2137    0.1454
 6024 GEIIKGW  -11.0105  -11.2242   -0.2137    0.1454
 6025 GEIIDGW   -8.2979   -9.0045   -0.7066    0.1454
 6026 GKIIDGW  -10.1402  -10.0367    0.1034    0.1454
 6027 GKIIDGW  -10.1402  -10.0367    0.1034    0.1454
 6028 GIKIEGW  -13.5331  -13.6354   -0.1023    0.1454
 6029 GIKIEGW  -13.5331  -13.6354   -0.1023    0.1454
 6030 GIKIEGW  -13.5331  -13.6354   -0.1023    0.1454
 6031 GIKIDGW  -12.1880  -11.9731    0.2149    0.1454
 6032 WIDIRGG   -9.0743  -12.4463   -3.3720    0.1454
 6033 WIDIDGG   -6.7910   -7.2918   -0.5009    0.1454
 6034 LIRDIGG   -6.0106  -12.0092   -5.9986    0.1454
 6035 LWRDIGG   -6.3111  -11.2243   -4.9131    0.1454
 6036 IDRWLGG   -4.2795   -9.1926   -4.9131    0.1454
 6037 WIRELGG   -4.5753   -9.8056   -5.2303    0.1454
 6038 IWRELGG   -4.0638   -9.2940   -5.2303    0.1454
 6039 RWMELGG   -2.6504   -9.1382   -6.4877    0.1454
 6040 RWMELGG   -2.6504   -9.1382   -6.4877    0.1454
 6041 RIMEMGG   -2.9703  -10.1226   -7.1523    0.1454
 6042 FIREMGG   -4.9198  -10.5904   -5.6706    0.1454
 6043 WIEVKGG   -9.5899  -10.9293   -1.3394    0.1454
 6044 WIEIKGG   -9.9265  -10.2516   -0.3251    0.1454
 6045 WELIKGG  -10.7412  -12.4961   -1.7549    0.1454
 6046 WDVIKGG   -9.6209  -10.6432   -1.0223    0.1454
 6047 WDVVEGG   -7.8879  -11.0945   -3.2066    0.1454
 6048 WEIVEGG   -9.1973  -11.3467   -2.1494    0.1454
 6049 WEIVKGG  -10.7935  -12.1330   -1.3394    0.1454
 6050 WEIVKGG  -10.7935  -12.1330   -1.3394    0.1454
 6051 WELVKGG   -9.1506  -12.2798   -3.1291    0.1454
 6052 WELVKGG   -9.1506  -12.2798   -3.1291    0.1454
 6053 GELVKGW   -9.1500  -12.1677   -3.0177    0.1454
 6054 GKLVEGW   -8.9061  -11.9238   -3.0177    0.1454
 6055 GKLVEGW   -8.9061  -11.9238   -3.0177    0.1454
 6056 GGLVEKW   -8.9920  -12.2326   -3.2406    0.1454
 6057 GGLVEKW   -8.9920  -12.2326   -3.2406    0.1454
 6058 GGLVEKW   -8.9920  -12.2326   -3.2406    0.1454
 6059 GGLVEKW   -8.9920  -12.2326   -3.2406    0.1454
 6060 GGLVEKW   -8.9920  -12.2326   -3.2406    0.1454
 6061 GGLVEKW   -8.9920  -12.2326   -3.2406    0.1454
 6062 WGIVEKG   -9.7601  -11.0995   -1.3394    0.1454
 6063 WGVDVKG   -9.4983  -11.6720   -2.1737    0.1454
 6064 GGVEVKW  -11.2237  -13.8260   -2.6023    0.1454
 6065 VGVEWKG  -10.1719  -12.6627   -2.4909    0.1454
 6066 VGVEWKG  -10.1719  -12.6627   -2.4909    0.1454
 6067 FGVEMKG   -8.4180  -11.7646   -3.3466    0.1454
 6068 FGVEMKG   -8.4180  -11.7646   -3.3466    0.1454
 6069 FGVEMKG   -8.4180  -11.7646   -3.3466    0.1454
 6070 FGVEMKG   -8.4180  -11.7646   -3.3466    0.1454
 6071 FGVEVKG   -9.2250  -12.5770   -3.3520    0.1454
 6072 MGVEVKG   -8.9918  -13.9369   -4.9451    0.1454
 6073 IGVEVKG  -11.3542  -14.9305   -3.5763    0.1454
 6074 VGIEVKG  -11.6990  -15.2753   -3.5763    0.1454
 6075 WGIEVKG  -11.2846  -12.4011   -1.1166    0.1454
 6076 WGVEVKG   -9.7558  -12.2467   -2.4909    0.1454
 6077 KGVEVWG   -9.9062  -12.5085   -2.6023    0.1454
 6078 KGEVWWG   -9.4282   -9.6822   -0.2540    0.1454
 6079 KGEVLWG   -6.5638   -9.6930   -3.1291    0.1454
 6080 LGVEKWG   -8.2808  -11.2985   -3.0177    0.1454
 6081 FGEVKWG   -8.3252   -9.2175   -0.8923    0.1454
 6082 FWKVEGG  -11.7435  -12.8587   -1.1151    0.1454
 6083 FWKVEGG  -14.1032  -15.2183   -1.1151    0.1454
 6084 LWKIEGG  -11.3868  -13.1417   -1.7549    0.1454
 6085 LWKIEGG  -11.3868  -13.1417   -1.7549    0.1454
 6086 VWKIEGG  -12.4104  -13.7498   -1.3394    0.1454
 6087 FWKVEGG  -13.9571  -15.0723   -1.1151    0.1454
 6088 FWKVEGG  -13.9571  -15.0723   -1.1151    0.1454
 6089 FWKVEGG  -13.9571  -15.0723   -1.1151    0.1454
 6090 FWKVEGG  -14.1012  -15.2164   -1.1151    0.1454
 6091 FWKVEGG  -14.1012  -15.2164   -1.1151    0.1454
 6092 FWKVEGG  -14.1012  -15.2164   -1.1151    0.1454
 6093 WWKVEGG  -14.1238  -14.3778   -0.2540    0.1454
 6094 WWKVEGG  -14.1238  -14.3778   -0.2540    0.1454
 6095 WWKVEGG  -14.1238  -14.3778   -0.2540    0.1454
 6096 WWKVEGG  -14.1238  -14.3778   -0.2540    0.1454
 6097 WWKVEGG  -14.1238  -14.3778   -0.2540    0.1454
 6098 WWKVEGG  -14.1238  -14.3778   -0.2540    0.1454
 6099 WWKVEGG  -14.1238  -14.3778   -0.2540    0.1454
 6100 WWKVEGG  -14.1238  -14.3778   -0.2540    0.1454
 6101 WWKVEGG  -14.1238  -14.3778   -0.2540    0.1454
 6102 IWKIEGG  -13.4549  -13.7800   -0.3251    0.1454
 6103 IWKIDGG  -11.7404  -11.7484   -0.0080    0.1454
 6104 WIKIDGG  -11.1577  -11.1657   -0.0080    0.1454
 6105 WIKIDGG  -11.1577  -11.1657   -0.0080    0.1454
 6106 WIKIDGG  -11.1577  -11.1657   -0.0080    0.1454
 6107 WIKIEGG  -11.8429  -12.1680   -0.3251    0.1454
 6108 WIKIEGG  -11.8429  -12.1680   -0.3251    0.1454
 6109 WIKIEGG  -11.8429  -12.1680   -0.3251    0.1454
 6110 IIKIEGG  -13.0313  -14.0819   -1.0506    0.1454
 6111 IIKIDGG  -12.2296  -12.9631   -0.7334    0.1454
 6112 WIKIDGG  -11.2428  -11.2508   -0.0080    0.1454
 6113 IWKIDGG  -11.8390  -11.8470   -0.0080    0.1454
 6114 IWKIDGG  -11.8390  -11.8470   -0.0080    0.1454
 6115 IWKIDGG  -11.8390  -11.8470   -0.0080    0.1454
 6116 IVDIKGG   -7.5158   -9.6236   -2.1077    0.1454
 6117 IEIIKGG  -11.0252  -12.0758   -1.0506    0.1454
 6118 EIKIIGG  -11.4635  -12.5141   -1.0506    0.1454
 6119 EIKIIGG  -11.4635  -12.5141   -1.0506    0.1454
 6120 EIKIIGG  -11.4635  -12.5141   -1.0506    0.1454
 6121 KIEIIGG  -12.3480  -13.3985   -1.0506    0.1454
 6122 KIIEIGG  -12.9639  -14.0144   -1.0506    0.1454
 6123 IIKEIGG  -14.2590  -15.4210   -1.1620    0.1454
 6124 IIKEIGG  -14.2590  -15.4210   -1.1620    0.1454
 6125 IIKEIGG  -14.2590  -15.4210   -1.1620    0.1454
 6126 IIKEIGG  -14.2590  -15.4210   -1.1620    0.1454
 6127 IIKIEGG  -15.3398  -16.3904   -1.0506    0.1454
 6128 IIKIEGG  -15.3398  -16.3904   -1.0506    0.1454
 6129 KIIIEGG  -15.3267  -16.4887   -1.1620    0.1454
 6130 KIIIEGG  -15.3267  -16.4887   -1.1620    0.1454
 6131 EIIIKGG  -13.8034  -14.9654   -1.1620    0.1454
 6132 EIIIKGG  -13.8034  -14.9654   -1.1620    0.1454
 6133 EIIIKGG  -13.8034  -14.9654   -1.1620    0.1454
 6134 EIIIKGG  -13.8034  -14.9654   -1.1620    0.1454
 6135 EIIIKGG  -13.8034  -14.9654   -1.1620    0.1454
 6136 EIIIKGG  -13.8034  -14.9654   -1.1620    0.1454
 6137 EILIKGG  -11.4283  -14.3800   -2.9517    0.1454
 6138 KILIEGG  -13.5526  -16.5043   -2.9517    0.1454
 6139 KILIEGG  -13.5526  -16.5043   -2.9517    0.1454
 6140 KILIEGG  -13.5526  -16.5043   -2.9517    0.1454
 6141 KILIEGG  -13.5526  -16.5043   -2.9517    0.1454
 6142 KILIEGG  -13.5526  -16.5043   -2.9517    0.1454
 6143 LIKIEGG  -13.7421  -16.5824   -2.8403    0.1454
 6144 LIKIEGG  -13.7421  -16.5824   -2.8403    0.1454
 6145 KILIEGG  -13.8008  -16.7525   -2.9517    0.1454
 6146 KILIEGG  -14.0360  -16.9878   -2.9517    0.1454
 6147 KILIEGG  -14.0360  -16.9878   -2.9517    0.1454
 6148 KILIDGG  -13.7442  -16.3787   -2.6346    0.1454
 6149 KILIDGG  -13.7442  -16.3787   -2.6346    0.1454
 6150 KILIEGG  -14.0058  -16.9575   -2.9517    0.1454
 6151 KILIEGG  -14.0058  -16.9575   -2.9517    0.1454
 6152 KILVEGG  -13.4691  -17.7951   -4.3260    0.1454
 6153 KILVEGG  -13.4691  -17.7951   -4.3260    0.1454
 6154 KILVEGG  -13.4691  -17.7951   -4.3260    0.1454
 6155 KILVEGG  -13.4691  -17.7951   -4.3260    0.1454
 6156 KILVEGG  -13.4691  -17.7951   -4.3260    0.1454
 6157 KILVEGG  -13.4691  -17.7951   -4.3260    0.1454
 6158 KILVEGG  -13.4691  -17.7951   -4.3260    0.1454
 6159 KILIDGG  -13.8715  -16.5060   -2.6346    0.1454
 6160 KILIDGG  -13.8715  -16.5060   -2.6346    0.1454
 6161 KILIDGG  -13.8715  -16.5060   -2.6346    0.1454
 6162 KILIDGG  -13.8715  -16.5060   -2.6346    0.1454
 6163 LIKIDGG  -12.9145  -15.4377   -2.5231    0.1454
 6164 LIKIDGG  -12.9145  -15.4377   -2.5231    0.1454
 6165 LIKIDGG  -12.9145  -15.4377   -2.5231    0.1454
 6166 IIKIEGG  -13.1360  -14.1866   -1.0506    0.1454
 6167 IIKIEGG  -13.1360  -14.1866   -1.0506    0.1454
 6168 IIKIEGG  -13.1360  -14.1866   -1.0506    0.1454
 6169 IIKIDGG  -13.8349  -14.5683   -0.7334    0.1454
 6170 IIKIDGG  -13.8349  -14.5683   -0.7334    0.1454
 6171 IIKIDGG  -13.8349  -14.5683   -0.7334    0.1454
 6172 IIKIDGG  -13.8349  -14.5683   -0.7334    0.1454
 6173 MIKIDGG  -12.7840  -14.8863   -2.1023    0.1454
 6174 MIKIDGG  -12.7840  -14.8863   -2.1023    0.1454
 6175 MIKIDGG  -12.7462  -14.8485   -2.1023    0.1545
 6176 IIKIDGG  -14.0150  -14.7485   -0.7334    0.1545
 6177 IIKIDGG  -14.0150  -14.7485   -0.7334    0.1545
 6178 IIRVDGG  -11.2329  -16.7046   -5.4717    0.1545
 6179 ILRVDGG   -9.4150  -16.6764   -7.2614    0.1545
 6180 WLRVDGG   -9.4416  -15.6176   -6.1760    0.1545
 6181 LVRVDGG   -7.9679  -16.6036   -8.6357    0.1545
 6182 LVKVDGG  -10.4672  -15.7389   -5.2717    0.1545
 6183 KFLVDGG  -12.7623  -16.5469   -3.7846    0.1545
 6184 KFIVDGG  -12.1255  -14.1204   -1.9949    0.1545
 6185 KFIVDGG  -12.1255  -14.1204   -1.9949    0.1545
 6186 KIIIDGG  -12.6861  -13.5309   -0.8449    0.1545
 6187 KIVIDGG  -13.5133  -15.7325   -2.2191    0.1545
 6188 KIIVDGG  -12.3735  -14.5926   -2.2191    0.1545
 6189 KIIVDGG  -12.3735  -14.5926   -2.2191    0.1545
 6190 IVKIDGG  -13.8223  -15.9300   -2.1077    0.1545
 6191 IVKIEGG  -13.7779  -16.2027   -2.4249    0.1545
 6192 VIKIDGG  -14.6571  -16.7648   -2.1077    0.1545
 6193 KIVIEGG  -15.9118  -18.4481   -2.5363    0.1545
 6194 LIKIEGG  -14.7530  -17.5933   -2.8403    0.1545
 6195 KIVIEGG  -16.5292  -19.0655   -2.5363    0.1545
 6196 KIIIEGG  -15.2759  -16.4379   -1.1620    0.1545
 6197 IIKIEGG  -14.7712  -15.8218   -1.0506    0.1545
 6198 IIKIEGG  -14.7712  -15.8218   -1.0506    0.1545
 6199 IIKIEGG  -14.7712  -15.8218   -1.0506    0.1545
 6200 FIEIEGG  -10.5779  -12.2142   -1.6363    0.1545
 6201 FIEIEGG  -10.5779  -12.2142   -1.6363    0.1545
 6202 FIEIEGG  -10.5779  -12.2142   -1.6363    0.1545
 6203 FKIEIGG   -5.5131   -6.2280   -0.7149    0.1545
 6204 FKMEIGG   -6.6416   -8.7253   -2.0837    0.1545
 6205 FKVIEGG   -6.1186   -8.3191   -2.2006    0.1545
 6206 FEVIKGG   -8.1373  -10.3378   -2.2006    0.1545
 6207 FIVEEGG   -9.5325  -12.7659   -3.2334    0.1545
 6208 FIVEDGG   -8.8578  -11.7740   -2.9163    0.1545
 6209 FIFEDGG   -8.3627   -9.6804   -1.3177    0.1545
 6210 WEFIDGG   -7.8496   -8.3634   -0.5137    0.1545
 6211 GEFMDGW   -6.5381   -8.0293   -1.4911    0.1545
 6212 GEFMEGW   -6.1646   -7.9729   -1.8083    0.1545
 6213 GEFMEGW   -6.1508   -7.9590   -1.8083    0.1545
 6214 GDFMEGW   -4.4993   -5.9904   -1.4911    0.1545
 6215 GDFMDGW   -5.6580   -6.8320   -1.1740    0.1545
 6216 GEFMDGW   -6.7743   -8.2655   -1.4911    0.1545
 6217 FEFMDGG   -6.7193   -9.1830   -2.4637    0.1545
 6218 WEFMDGG   -6.4942   -8.0968   -1.6026    0.1545
 6219 DEWMFGG   -5.8849   -7.7103   -1.8254    0.1545
 6220 REWMFGG   -6.1069  -10.8035   -4.6966    0.1545
 6221 MEWKFGG   -7.4436   -8.4418   -0.9983    0.1545
 6222 MEWKFGG   -7.4436   -8.4418   -0.9983    0.1545
 6223 MEWKMGG   -5.4715   -8.0630   -2.5914    0.1545
 6224 AEWKMGL   -4.5946   -7.4829   -2.8883    0.1545
 6225 WELKMGA   -5.8134   -8.7017   -2.8883    0.1545
 6226 WKLEMGA   -5.0750   -7.9633   -2.8883    0.1545
 6227 WELDMGA   -4.8747   -8.2559   -3.3811    0.1545
 6228 EWLDMGA   -7.7507  -11.2432   -3.4926    0.1545
 6229 RWDLMGA   -5.4810  -11.5276   -6.0466    0.1545
 6230 RWDMMGA   -5.3317  -10.9574   -5.6257    0.1545
 6231 EWDMMGM   -7.7572   -8.3874   -0.6303    0.1545
 6232 DWEMMGM   -7.5861   -8.2164   -0.6303    0.1545
 6233 KWEMMGM   -9.3289   -9.4664   -0.1374    0.1545
 6234 KWEMMGY   -7.7230   -7.8467   -0.1237    0.1545
 6235 EWKMMGY   -8.8736   -8.9974   -0.1237    0.1545
 6236 MWKMEGY   -9.5299   -9.6536   -0.1237    0.1545
 6237 MWKMEGY   -9.5299   -9.6536   -0.1237    0.1545
 6238 KWMEMGY   -9.6144   -9.7381   -0.1237    0.1545
 6239 KWMEMGY   -9.6144   -9.7381   -0.1237    0.1545
 6240 KWEMMGY   -8.4718   -8.5955   -0.1237    0.1545
 6241 KWMMEGY   -9.6073   -9.8424   -0.2351    0.1545
 6242 KWMVEGV  -12.7636  -12.8633   -0.0997    0.1545
 6243 EWMVEGV  -11.9684  -12.8781   -0.9097    0.1545
 6244 EWMVEGV  -11.9684  -12.8781   -0.9097    0.1545
 6245 EWEVMGV  -12.8835  -13.6818   -0.7983    0.1545
 6246 EWEVMGV  -12.8835  -13.6818   -0.7983    0.1545
 6247 EWEVMGV  -12.8835  -13.6818   -0.7983    0.1545
 6248 MWEVKGV  -14.1718  -14.1601    0.0117    0.1545
 6249 LWEVKGV  -14.1743  -17.1435   -2.9691    0.1545
 6250 LWEVKGV  -14.1743  -17.1435   -2.9691    0.1545
 6251 LWEVKGV  -14.1743  -17.1435   -2.9691    0.1545
 6252 LWEVKGV  -14.1743  -17.1435   -2.9691    0.1545
 6253 LFEVKGV  -15.4601  -16.7704   -1.3103    0.1545
 6254 MFEVKGV  -15.5310  -15.7004   -0.1694    0.1545
 6255 MIEVKGV  -14.7657  -15.1594   -0.3937    0.1545
 6256 MIEVKGV  -14.7657  -15.1594   -0.3937    0.1545
 6257 IMEVKGI  -12.3431  -12.8025   -0.4594    0.1545
 6258 IMEVKGM  -10.5866  -10.9749   -0.3883    0.1545
 6259 KGEVIMM  -10.0394  -10.6505   -0.6111    0.1545
 6260 EGIIKMM  -14.7065  -15.3519   -0.6454    0.1545
 6261 KGIIMMD  -15.1200  -15.5597   -0.4397    0.1545
 6262 KGIIMMD  -15.1200  -15.5597   -0.4397    0.1545
 6263 KGIIMME  -14.4983  -15.2552   -0.7569    0.1545
 6264 KGIIMME  -14.4983  -15.2552   -0.7569    0.1545
 6265 KGIIMME  -14.4983  -15.2552   -0.7569    0.1545
 6266 KGIIMME  -14.4983  -15.2552   -0.7569    0.1545
 6267 KGIIMME  -14.4983  -15.2552   -0.7569    0.1545
 6268 KGIIMME  -14.4983  -15.2552   -0.7569    0.1545
 6269 KGIIMME  -14.4983  -15.2552   -0.7569    0.1545
 6270 KGIVMMD  -14.8068  -15.1008   -0.2940    0.1545
 6271 KGIVMMD  -14.8068  -15.1008   -0.2940    0.1545
 6272 KGIVMMD  -14.8068  -15.1008   -0.2940    0.1545
 6273 KGIVMMD  -14.8068  -15.1008   -0.2940    0.1545
 6274 KGIVMMD  -15.5390  -15.8330   -0.2940    0.1545
 6275 KGIVMMD  -15.5390  -15.8330   -0.2940    0.1545
 6276 KGIVMMD  -15.5390  -15.8330   -0.2940    0.1545
 6277 KGIVMMD  -15.5390  -15.8330   -0.2940    0.1545
 6278 KGIVMMD  -15.5390  -15.8330   -0.2940    0.1545
 6279 KGMVIMD  -14.7400  -15.0340   -0.2940    0.1545
 6280 MGKVIMD  -14.1311  -14.3137   -0.1826    0.1545
 6281 MGKVIMD  -14.1311  -14.3137   -0.1826    0.1545
 6282 MGKVIMD  -14.1311  -14.3137   -0.1826    0.1545
 6283 KGMVIMD  -14.7316  -15.0256   -0.2940    0.1545
 6284 KMMVIGD  -15.4403  -15.7343   -0.2940    0.1545
 6285 KMMVIGD  -15.4403  -15.7343   -0.2940    0.1545
 6286 KFMVIGE  -15.1607  -15.5387   -0.3780    0.1545
 6287 MIKVIGE  -14.2692  -14.8400   -0.5709    0.1545
 6288 MVKVIGE  -14.3980  -14.9032   -0.5051    0.1545
 6289 MVKVIGE  -14.3980  -14.9032   -0.5051    0.1545
 6290 KIMVVGD  -16.4040  -16.7034   -0.2994    0.1545
 6291 KFVVVGD  -14.5066  -14.5872   -0.0806    0.1545
 6292 KVVVVGD  -14.3626  -16.0418   -1.6791    0.1545
 6293 KVVVVGD  -14.3626  -16.0418   -1.6791    0.1545
 6294 KIVVVGD  -16.8380  -17.1429   -0.3049    0.1545
 6295 KIVVVGD  -16.8380  -17.1429   -0.3049    0.1545
 6296 KIVVVGD  -16.8380  -17.1429   -0.3049    0.1545
 6297 KIMVVGE  -15.7904  -16.4070   -0.6166    0.1545
 6298 KIVVVGE  -15.8160  -16.4380   -0.6220    0.1545
 6299 KIVVVGE  -15.8160  -16.4380   -0.6220    0.1545
 6300 KIMVVGE  -15.7987  -16.4153   -0.6166    0.1545
 6301 KIMVVGE  -15.7987  -16.4153   -0.6166    0.1545
 6302 MKVVIGE  -13.2095  -13.7147   -0.5051    0.1545
 6303 MKVVIGD  -14.1500  -14.3380   -0.1880    0.1545
 6304 MIKVIGD  -16.4320  -16.6857   -0.2537    0.1545
 6305 MIKVIGD  -16.4320  -16.6857   -0.2537    0.1545
 6306 VIKIVGD  -15.4214  -15.6006   -0.1791    0.1545
 6307 VIKVIGD  -14.4124  -14.5916   -0.1791    0.1545
 6308 VIKVIGD  -14.4124  -14.5916   -0.1791    0.1545
 6309 VIKVIGD  -14.4124  -14.5916   -0.1791    0.1545
 6310 VIKVIGD  -14.4124  -14.5916   -0.1791    0.1545
 6311 VIKVIGD  -14.4124  -14.5916   -0.1791    0.1545
 6312 VIKVIGE  -15.1083  -15.6046   -0.4963    0.1545
 6313 VIKVIGD  -14.7936  -14.9728   -0.1791    0.1545
 6314 VFKVIGE  -13.4949  -13.6869   -0.1920    0.1545
 6315 VFKVIGE  -13.4949  -13.6869   -0.1920    0.1545
 6316 VFKVIGD  -13.7613  -13.6362    0.1251    0.1545
 6317 VFKVIGD  -13.7613  -13.6362    0.1251    0.1545
 6318 IFKVVGD  -15.1183  -14.9931    0.1251    0.1545
 6319 IFKVVGD  -15.1183  -14.9931    0.1251    0.1545
 6320 IFKVVGD  -15.1183  -14.9931    0.1251    0.1545
 6321 IFKVVGD  -15.1183  -14.9931    0.1251    0.1545
 6322 FVDVVGK   -7.7918   -7.7610    0.0309    0.1545
 6323 IVDVVGK   -9.8945  -10.0879   -0.1934    0.1545
 6324 VVDVIGK   -9.5097   -9.7032   -0.1934    0.1545
 6325 VVDIVGR  -10.0967  -13.6541   -3.5574    0.1545
 6326 VVRIVGE  -14.3131  -18.1876   -3.8746    0.1545
 6327 VVRIVGD  -14.2598  -17.8172   -3.5574    0.1545
 6328 VVKIVGD  -17.8178  -18.0112   -0.1934    0.1545
 6329 VVKIMGD  -17.4069  -17.5949   -0.1880    0.1545
 6330 IVEIMGD  -12.7430  -13.8068   -1.0637    0.1545
 6331 IEVIMGD  -12.7913  -13.8550   -1.0637    0.1545
 6332 IEVIMGK  -13.3234  -13.8943   -0.5709    0.1545
 6333 EIVIMGK  -13.8794  -14.5617   -0.6823    0.1545
 6334 EIVIMGK  -13.8794  -14.5617   -0.6823    0.1545
 6335 KIVIMGE  -15.6052  -16.2875   -0.6823    0.1545
 6336 KIVIMGE  -17.0706  -17.7529   -0.6823    0.1545
 6337 KIMIMGE  -16.0026  -16.7595   -0.7569    0.1545
 6338 VIKIMGE  -16.6491  -17.2199   -0.5709    0.1545
 6339 VIKIMGE  -16.6491  -17.2199   -0.5709    0.1545
 6340 VIKIMGE  -16.6491  -17.2199   -0.5709    0.1545
 6341 VIKIMGD  -17.6353  -17.8890   -0.2537    0.1545
 6342 KIVIMGD  -17.4261  -17.7912   -0.3651    0.1545
 6343 KIVIMGD  -17.1789  -17.5440   -0.3651    0.1545
 6344 KIVIMGE  -16.5641  -17.2463   -0.6823    0.1545
 6345 KIVIMGD  -17.1789  -17.5441   -0.3651    0.1545
 6346 KIVIMGE  -16.5542  -17.2365   -0.6823    0.1545
 6347 KIVIMGE  -16.5542  -17.2365   -0.6823    0.1545
 6348 KIVIMGE  -16.5542  -17.2365   -0.6823    0.1545
 6349 KIVIMGE  -16.5542  -17.2365   -0.6823    0.1545
 6350 KIVIMGD  -17.1789  -17.5441   -0.3651    0.1545
 6351 KIVIMGE  -16.5542  -17.2365   -0.6823    0.1545
 6352 KIVIMGE  -16.5542  -17.2365   -0.6823    0.1545
 6353 KIVIMGE  -16.5542  -17.2365   -0.6823    0.1545
 6354 KIVIMGE  -16.5542  -17.2365   -0.6823    0.1545
 6355 EIMIVGK  -16.8446  -17.5269   -0.6823    0.1545
 6356 EIVIMGK  -16.7026  -17.3848   -0.6823    0.1545
 6357 EIVIMGK  -16.7026  -17.3848   -0.6823    0.1545
 6358 EIVIMGK  -16.7026  -17.3848   -0.6823    0.1545
 6359 EIVIMGK  -16.7026  -17.3848   -0.6823    0.1545
 6360 DIVIMGK  -15.6769  -16.0420   -0.3651    0.1545
 6361 DIVIMGK  -15.6769  -16.0420   -0.3651    0.1545
 6362 DIVIMGK  -15.6769  -16.0420   -0.3651    0.1545
 6363 MMVIDGK  -13.5968  -13.8908   -0.2940    0.1545
 6364 IMVIDGK  -11.1620  -11.5271   -0.3651    0.1545
 6365 MIVIDGK  -15.1491  -15.5143   -0.3651    0.1545
 6366 MIVIDGK  -15.1491  -15.5143   -0.3651    0.1545
 6367 MIVIEGK  -15.5529  -16.2351   -0.6823    0.1545
 6368 MIVIEGK  -15.5529  -16.2351   -0.6823    0.1545
 6369 VIVIEGK  -16.4193  -17.0270   -0.6077    0.1545
 6370 VIVIEGD  -16.3555  -17.4560   -1.1006    0.1545
 6371 VIVIEGD  -16.3555  -17.4560   -1.1006    0.1545
 6372 VIVIEGD  -16.3555  -17.4560   -1.1006    0.1545
 6373 VVIIDGD  -14.8628  -15.6462   -0.7834    0.1545
 6374 VIIVDGD  -14.3987  -15.1821   -0.7834    0.1545
 6375 IIVVDGD  -13.5511  -14.3346   -0.7834    0.1545
 6376 IIVVDGD  -14.0906  -14.8740   -0.7834    0.1537
 6377 IIVVDGD  -14.0906  -14.8740   -0.7834    0.1537
 6378 IIVVKGE  -14.8656  -15.4733   -0.6077    0.1537
 6379 LVVIDGE  -12.1660  -14.4963   -2.3303    0.1537
 6380 LVVIDGE  -12.1660  -14.4963   -2.3303    0.1537
 6381 LVMIDGE  -11.8877  -14.2926   -2.4049    0.1537
 6382 MVMIEGE  -11.8189  -13.2400   -1.4211    0.1537
 6383 MGVIEME  -11.4858  -12.6841   -1.1983    0.1537
 6384 MGVIDMD  -10.9751  -11.5391   -0.5640    0.1537
 6385 VGMIKMD  -12.7199  -12.7911   -0.0711    0.1537
 6386 VGMIKMD  -12.7484  -12.8195   -0.0711    0.1537
 6387 IGMVKMD  -12.1613  -12.2325   -0.0711    0.1537
 6388 IGMVKFD  -10.2875  -10.1255    0.1620    0.1537
 6389 IGFVDMK   -9.8547   -9.6927    0.1620    0.1537
 6390 IGFVDMD  -10.8331  -11.1640   -0.3309    0.1537
 6391 IGMVKMD  -13.6845  -13.7556   -0.0711    0.1537
 6392 VGMIKME  -12.5350  -12.9233   -0.3883    0.1537
 6393 MGVIKME  -11.1448  -11.5331   -0.3883    0.1537
 6394 MAVIKME  -12.3061  -12.9046   -0.5986    0.1537
 6395 MAKIVME  -13.7643  -14.3629   -0.5986    0.1537
 6396 KAMIVME  -15.4980  -16.2080   -0.7100    0.1537
 6397 KAMIVME  -15.4980  -16.2080   -0.7100    0.1537
 6398 EAMIVME  -11.8741  -13.3941   -1.5200    0.1537
 6399 EAMIVME  -11.8741  -13.3941   -1.5200    0.1537
 6400 RAMIVME  -12.0501  -16.1241   -4.0740    0.1537
 6401 RAMIMMD  -10.6557  -14.4871   -3.8314    0.1537
 6402 RAMIEMM   -8.9694  -13.0065   -4.0371    0.1537
 6403 RAVIMME   -8.9101  -12.9841   -4.0740    0.1537
 6404 RAVIMDM   -8.6080  -12.2534   -3.6454    0.1537
 6405 EAVIMDM   -6.9662   -8.0577   -1.0914    0.1537
 6406 DAVIMDM   -7.0077   -7.7820   -0.7743    0.1537
 6407 RAVIMMD  -11.9221  -15.6789   -3.7569    0.1537
 6408 RAVIMMD  -11.9221  -15.6789   -3.7569    0.1537
 6409 KAVIMMD  -15.0884  -15.4813   -0.3929    0.1537
 6410 KAVIVMD  -15.0362  -15.4345   -0.3983    0.1537
 6411 VAKIVMD  -16.0153  -16.3022   -0.2869    0.1537
 6412 VAKVVMD  -14.9088  -16.5699   -1.6611    0.1537
 6413 VAKVLMD  -12.1456  -14.2222   -2.0766    0.1537
 6414 VAKVLMD  -12.1456  -14.2222   -2.0766    0.1537
 6415 VAKVLMD  -12.1456  -14.2222   -2.0766    0.1537
 6416 VAKVLMD  -12.1456  -14.2222   -2.0766    0.1537
 6417 VAMVVKD  -12.5713  -14.4553   -1.8840    0.1537
 6418 VMMAVKD   -8.1060   -9.9845   -1.8786    0.1537
 6419 VMMAIKD   -8.7262   -9.2305   -0.5043    0.1537
 6420 VKMAIMD   -9.4787   -9.7601   -0.2814    0.1537
 6421 VKMIAME   -7.4218   -8.0203   -0.5986    0.1537
 6422 VKEIAMM   -6.2572   -6.9672   -0.7100    0.1537
 6423 VKEIAMY   -5.0809   -6.6172   -1.5363    0.1537
 6424 VEKIAMY   -9.0109  -10.5472   -1.5363    0.1537
 6425 VEKIAMY   -9.0109  -10.5472   -1.5363    0.1537
 6426 IEKVAMY   -9.1751  -10.7114   -1.5363    0.1537
 6427 IDKVAMV   -7.7508   -8.1491   -0.3983    0.1537
 6428 IDVVAMK   -8.6239   -8.9108   -0.2869    0.1537
 6429 VKIVGMD   -9.3289   -9.4054   -0.0766    0.1537
 6430 IKVVGMD   -7.6762   -7.7528   -0.0766    0.1537
 6431 IKVVDMG   -8.0852   -8.1618   -0.0766    0.1537
 6432 VEIVDMG   -9.3224  -10.2090   -0.8866    0.1537
 6433 VEIVKMG  -11.9995  -12.3932   -0.3937    0.1537
 6434 VDIVKMG  -11.6906  -11.7672   -0.0766    0.1537
 6435 VMIVKDG  -14.3605  -14.7714   -0.4109    0.1537
 6436 VMIVKDG  -14.3605  -14.7714   -0.4109    0.1537
 6437 VKIVMDG  -12.8879  -13.0759   -0.1880    0.1537
 6438 VMIVKDG  -14.1985  -14.6093   -0.4109    0.1537
 6439 VMIVKDG  -14.1985  -14.6093   -0.4109    0.1537
 6440 VMIVKDG  -14.1985  -14.6093   -0.4109    0.1537
 6441 VMKVIDG  -14.4686  -14.6566   -0.1880    0.1537
 6442 KFVVVDG  -14.3384  -14.4189   -0.0806    0.1537
 6443 KFVVVDG  -14.3384  -14.4189   -0.0806    0.1537
 6444 KFLVMDG  -11.0913  -12.3819   -1.2906    0.1537
 6445 KFMVLDG  -11.4583  -12.7488   -1.2906    0.1537
 6446 KFMVLDG  -11.4583  -12.7488   -1.2906    0.1537
 6447 FKLVVDG  -13.3171  -14.4217   -1.1046    0.1537
 6448 FKLVVDG  -13.3171  -14.4217   -1.1046    0.1537
 6449 FKLVVDG  -13.3171  -14.4217   -1.1046    0.1537
 6450 IKLVVDG  -13.2561  -14.6649   -1.4089    0.1537
 6451 VKLIVDG  -13.9948  -15.4036   -1.4089    0.1537
 6452 IEMVVDG  -11.9101  -12.9081   -0.9980    0.1537
 6453 IVMEVDG  -10.6222  -11.6202   -0.9980    0.1537
 6454 IMVEVDG  -11.0173  -12.0153   -0.9980    0.1537
 6455 FVVEMDG  -10.3598  -11.1335   -0.7737    0.1537
 6456 FEVVMDG  -11.8410  -12.6147   -0.7737    0.1537
 6457 MEVVMDG  -10.6755  -13.0423   -2.3669    0.1537
 6458 VEMVMDG  -10.3888  -12.7557   -2.3669    0.1537
 6459 VMEVMDG  -10.9174  -13.2843   -2.3669    0.1537
 6460 WMEVMDG  -10.9381  -11.6053   -0.6671    0.1537
 6461 WMEVMDG  -10.9381  -11.6053   -0.6671    0.1537
 6462 WVEVMDG  -11.7850  -12.3776   -0.5926    0.1537
 6463 WVEVMDG  -11.7850  -12.3776   -0.5926    0.1537
 6464 WVEVMDG  -11.7850  -12.3776   -0.5926    0.1537
 6465 WVMVKDG  -13.8211  -13.8265   -0.0054    0.1537
 6466 WVKVMDG  -13.9399  -13.7225    0.2174    0.1537
 6467 WVKVMDG  -13.9399  -13.7225    0.2174    0.1537
 6468 WVKVMDG  -13.9399  -13.7225    0.2174    0.1537
 6469 WMKVVDG  -13.4262  -13.2088    0.2174    0.1537
 6470 WMKVVDG  -13.4262  -13.2088    0.2174    0.1537
 6471 IMKVVDG  -14.2946  -14.4826   -0.1880    0.1537
 6472 IMKVVDG  -14.2946  -14.4826   -0.1880    0.1537
 6473 IMKIVDG  -14.3582  -14.6119   -0.2537    0.1537
 6474 IMKIVDG  -14.3582  -14.6119   -0.2537    0.1537
 6475 KMIIVDG  -15.8962  -16.2613   -0.3651    0.1537
 6476 VMIIKDG  -15.4196  -15.8961   -0.4766    0.1537
 6477 VMIIKDG  -15.4196  -15.8961   -0.4766    0.1537
 6478 VMIIKDG  -15.4196  -15.8961   -0.4766    0.1537
 6479 IMIVKDG  -15.3508  -15.8274   -0.4766    0.1537
 6480 EMIVIDG  -11.9138  -13.0889   -1.1751    0.1537
 6481 EIIVMDG  -11.5898  -12.7649   -1.1751    0.1537
 6482 EIIVVDG  -11.5569  -12.6574   -1.1006    0.1537
 6483 EIIVVDG  -11.5569  -12.6574   -1.1006    0.1537
 6484 EMIVIEG  -10.0014  -11.4937   -1.4923    0.1537
 6485 GMIVIEE   -9.0094  -10.6131   -1.6037    0.1537
 6486 GMIVMEE  -10.0026  -11.5352   -1.5326    0.1537
 6487 GFMVIED   -8.9819   -9.9642   -0.9823    0.1537
 6488 GVMVMED   -7.8963  -10.4860   -2.5897    0.1537
 6489 GVMVMDD   -8.3716  -10.6442   -2.2726    0.1537
 6490 GVMVMDD   -8.3716  -10.6442   -2.2726    0.1537
 6491 GVMVMDD   -8.3716  -10.6442   -2.2726    0.1537
 6492 GVMVMDE   -8.0290  -10.6187   -2.5897    0.1537
 6493 GVMVMDE   -8.1530  -10.7427   -2.5897    0.1537
 6494 ELMVEMG   -9.3818  -12.4812   -3.0994    0.1537
 6495 ELMVKMG  -10.4865  -12.7759   -2.2894    0.1537
 6496 ELMVKMG  -10.4865  -12.7759   -2.2894    0.1537
 6497 ELMVKMG  -10.4865  -12.7759   -2.2894    0.1537
 6498 KLMVEMG  -11.1939  -13.4833   -2.2894    0.1537
 6499 MLMEVKG   -8.7549  -11.0444   -2.2894    0.1537
 6500 MLLEVKG   -9.0118  -12.0421   -3.0303    0.1537
 6501 FLLVEKG   -5.4441  -10.1441   -4.7000    0.1537
 6502 MLLVEKG   -8.4044  -11.6576   -3.2531    0.1537
 6503 MILVEKG   -7.4775   -9.5009   -2.0234    0.1537
 6504 IMLVKEG  -10.6346  -12.6580   -2.0234    0.1537
 6505 IMLVKEG  -10.6346  -12.6580   -2.0234    0.1537
 6506 IMKVLDG  -11.0909  -12.5743   -1.4834    0.1537
 6507 ILMVDDG  -11.2420  -13.4411   -2.1991    0.1537
 6508 VLMIKDG  -12.8761  -14.5824   -1.7063    0.1537
 6509 VLMIKDG  -12.8761  -14.5824   -1.7063    0.1537
 6510 WVMVKDG  -13.2519  -13.2574   -0.0054    0.1537
 6511 WVMVKDG  -13.2519  -13.2574   -0.0054    0.1537
 6512 WVMVKDG  -13.2519  -13.2574   -0.0054    0.1537
 6513 WVMVKEG  -12.8177  -13.1403   -0.3226    0.1537
 6514 WVMVKEG  -12.8177  -13.1403   -0.3226    0.1537
 6515 WVEMKMG  -10.8112  -10.8740   -0.0629    0.1537
 6516 WVEMKMG  -10.8112  -10.8740   -0.0629    0.1537
 6517 WVEMKMG  -10.8112  -10.8740   -0.0629    0.1537
 6518 WVEMKMG  -10.8112  -10.8740   -0.0629    0.1537
 6519 FVEMKMG  -10.6896  -10.8536   -0.1640    0.1537
 6520 WVEMKMG  -10.7527  -10.8156   -0.0629    0.1537
 6521 WVEMKMG  -10.7527  -10.8156   -0.0629    0.1537
 6522 WVEMKMG  -10.7527  -10.8156   -0.0629    0.1537
 6523 WVEMKMG  -10.7527  -10.8156   -0.0629    0.1537
 6524 WVEMKMG  -10.7527  -10.8156   -0.0629    0.1537
 6525 WVDVKMG  -10.1277   -9.7988    0.3289    0.1537
 6526 IVDVKMG  -10.0080  -10.0845   -0.0766    0.1537
 6527 KVDIVMG  -10.9278  -11.1158   -0.1880    0.1537
 6528 KVVIDMG  -12.5235  -12.7115   -0.1880    0.1537
 6529 KVVIDMG  -12.5235  -12.7115   -0.1880    0.1537
 6530 KVVIDMG  -12.5235  -12.7115   -0.1880    0.1537
 6531 KVVIDMG  -12.5235  -12.7115   -0.1880    0.1537
 6532 KVVIDMG  -12.5235  -12.7115   -0.1880    0.1537
 6533 KVVIMDG  -14.9011  -15.2005   -0.2994    0.1537
 6534 KVIVMDG  -14.6055  -14.9049   -0.2994    0.1537
 6535 KVIVMDG  -14.6055  -14.9049   -0.2994    0.1537
 6536 KVIVMDG  -14.6055  -14.9049   -0.2994    0.1537
 6537 KVIMMDG  -13.7702  -14.0642   -0.2940    0.1537
 6538 KVIMMDG  -13.7702  -14.0642   -0.2940    0.1537
 6539 KIVIMDG  -14.4897  -14.8548   -0.3651    0.1537
 6540 KIVIMDG  -14.4897  -14.8548   -0.3651    0.1537
 6541 KIVIMDG  -14.4897  -14.8548   -0.3651    0.1537
 6542 KIVIVDG  -15.1348  -15.4254   -0.2906    0.1537
 6543 KIVIVDG  -15.1348  -15.4254   -0.2906    0.1537
 6544 KVVIVDG  -16.4735  -16.7784   -0.3049    0.1537
 6545 KVVIVDG  -16.4735  -16.7784   -0.3049    0.1537
 6546 VVVIKDG  -16.1921  -16.6084   -0.4163    0.1537
 6547 VVIIKDG  -15.5556  -15.9576   -0.4020    0.1537
 6548 IVIIKDG  -13.9311  -16.1588   -2.2277    0.1537
 6549 IVIIKDG  -13.9311  -16.1588   -2.2277    0.1537
 6550 IVIIKDG  -13.9311  -16.1588   -2.2277    0.1537
 6551 YVIIKDG  -12.5923  -12.4552    0.1371    0.1537
 6552 IVFYKEG  -10.1176  -10.0733    0.0443    0.1537
 6553 IVFVKEG  -11.8894  -12.3042   -0.4149    0.1537
 6554 IVFVKEG  -11.8894  -12.3042   -0.4149    0.1537
 6555 LVEVKFG   -8.6514   -9.9617   -1.3103    0.1537
 6556 MVEVKFG  -11.0378  -11.2072   -0.1694    0.1537
 6557 VVEMKMG  -10.1011  -11.8637   -1.7626    0.1537
 6558 VVEMKMG  -10.1011  -11.8637   -1.7626    0.1537
 6559 VVEMKLG   -9.8355  -12.0190   -2.1834    0.1537
 6560 MVEVKLG  -10.1716  -12.3550   -2.1834    0.1537
 6561 MVEVKLG  -10.1716  -12.3550   -2.1834    0.1537
 6562 KVEMMLG   -8.8423  -11.1317   -2.2894    0.1537
 6563 KVLMMDG   -9.9656  -12.0493   -2.0837    0.1537
 6564 KVLMMDG   -9.9656  -12.0493   -2.0837    0.1537
 6565 VLKMMDG  -12.6155  -14.5878   -1.9723    0.1537
 6566 VLKIMDG  -14.4972  -15.9806   -1.4834    0.1537
 6567 VLKVMDG  -15.0906  -17.0683   -1.9777    0.1537
 6568 KLVVMDG  -14.6742  -16.7634   -2.0891    0.1537
 6569 KLVVMDG  -14.6742  -16.7634   -2.0891    0.1537
 6570 MLVVKDG  -11.7242  -13.9247   -2.2006    0.1537
 6571 MLVVKEG  -10.1616  -12.6793   -2.5177    0.1537
 6572 VDVVKLG   -8.3545  -10.2263   -1.8717    0.1537
 6573 VDVVKLG   -8.3545  -10.2263   -1.8717    0.1537
 6574 IDVVDLG   -8.7779  -10.5681   -1.7903    0.1537
 6575 IDVVDLG   -8.7779  -10.5681   -1.7903    0.1537
 6576 IKVVDFG   -8.7282   -8.4916    0.2366    0.1537
 6577 VKVIDFG   -9.4563   -9.2198    0.2366    0.1537
 6578 VEVIDFG  -10.4767  -11.0501   -0.5734    0.1537
 6579 VEVIKFG  -12.5123  -12.5929   -0.0806    0.1537
 6580 VEVIKFG  -12.5612  -12.6417   -0.0806    0.1752
 6581 VDVIKFG  -12.8817  -12.6452    0.2366    0.1752
 6582 VDMIKFG  -12.4019  -12.2399    0.1620    0.1752
 6583 VEMIKFG  -12.4001  -12.5553   -0.1551    0.1752
 6584 VEMIKFG  -12.4001  -12.5553   -0.1551    0.1752
 6585 VEMIKFG  -12.4001  -12.5553   -0.1551    0.1752
 6586 VEMIKFG  -12.4001  -12.5553   -0.1551    0.1752
 6587 VEMIKFG  -12.4001  -12.5553   -0.1551    0.1752
 6588 VEMIKFG  -12.4001  -12.5553   -0.1551    0.1752
 6589 VEMIKFG  -12.4001  -12.5553   -0.1551    0.1752
 6590 VMEIKFG  -11.3953  -11.5504   -0.1551    0.1752
 6591 VMEIKFG  -11.3953  -11.5504   -0.1551    0.1752
 6592 VMKIEFG  -14.9077  -15.0629   -0.1551    0.1752
 6593 VMEIKFG  -13.5585  -13.7136   -0.1551    0.1752
 6594 VMEIKFG  -13.5585  -13.7136   -0.1551    0.1752
 6595 VMEIKFG  -13.5585  -13.7136   -0.1551    0.1752
 6596 VMEIKMG  -13.4411  -13.8294   -0.3883    0.1752
 6597 VMEIKMG  -13.4411  -13.8294   -0.3883    0.1752
 6598 VMEIKMG  -13.4411  -13.8294   -0.3883    0.1752
 6599 VMEIKMG  -13.4411  -13.8294   -0.3883    0.1752
 6600 IMEIKMG  -13.4984  -14.0324   -0.5340    0.1752
 6601 IMEIKMG  -13.6886  -14.2226   -0.5340    0.1752
 6602 IMEIKMG  -13.6886  -14.2226   -0.5340    0.1752
 6603 IMEIKMG  -13.6886  -14.2226   -0.5340    0.1752
 6604 IMEIKMG  -13.6886  -14.2226   -0.5340    0.1752
 6605 IMEIKMG  -13.6886  -14.2226   -0.5340    0.1752
 6606 IMEIDMG   -8.3260   -9.3528   -1.0269    0.1752
 6607 IDMIEMG   -9.2226  -10.2495   -1.0269    0.1752
 6608 IMMIEDG  -13.0078  -14.3690   -1.3611    0.1752
 6609 IMMIEEG  -12.0295  -13.7077   -1.6783    0.1752
 6610 MMIIDEG  -11.3247  -12.6859   -1.3611    0.1752
 6611 MMMIDEG  -11.2621  -12.4721   -1.2100    0.1752
 6612 DMMIMEG   -9.5361  -10.6346   -1.0986    0.1752
 6613 ELMIMEG  -10.7364  -13.5330   -2.7966    0.1752
 6614 EVMIVEG  -11.6195  -13.0460   -1.4266    0.1752
 6615 EVMIFEG  -11.0214  -12.2094   -1.1880    0.1752
 6616 GVMIFEE  -10.2120  -11.5114   -1.2994    0.1752
 6617 EVMIFDG  -12.4032  -13.2741   -0.8709    0.1752
 6618 FVMIEDG  -10.7809  -11.7632   -0.9823    0.1752
 6619 FVMIKDG  -11.2932  -11.4655   -0.1723    0.1752
 6620 IVVIKDG  -14.3161  -14.7181   -0.4020    0.1752
 6621 IVVIKDG  -14.3161  -14.7181   -0.4020    0.1752
 6622 VMVIKDG  -14.1046  -14.5154   -0.4109    0.1752
 6623 KMVIVDG  -15.6366  -15.9360   -0.2994    0.1752
 6624 KVVIMDG  -15.9341  -16.2335   -0.2994    0.1752
 6625 KVVIMDG  -15.9341  -16.2335   -0.2994    0.1752
 6626 KVVIMDG  -15.9341  -16.2335   -0.2994    0.1752
 6627 KVVIMDG  -15.9341  -16.2335   -0.2994    0.1752
 6628 EVVIMEG  -12.7851  -14.2117   -1.4266    0.1752
 6629 EVVILKG  -10.9393  -12.7767   -1.8374    0.1752
 6630 EVVILKG  -10.9393  -12.7767   -1.8374    0.1752
 6631 KVVIIEG  -14.3829  -14.9907   -0.6077    0.1752
 6632 VVKIIEG  -12.8975  -13.3938   -0.4963    0.1752
 6633 VEKIIVG  -11.9804  -12.5881   -0.6077    0.1752
 6634 VEKIMVG  -12.5366  -13.1532   -0.6166    0.1752
 6635 VEEIIMG   -8.3533   -9.8456   -1.4923    0.1752
 6636 VEKIIMG  -11.0055  -11.6878   -0.6823    0.1752
 6637 VMKIIEG  -12.3988  -12.9697   -0.5709    0.1752
 6638 KVMIIEG  -12.8731  -13.5554   -0.6823    0.1752
 6639 KAMIIEG  -11.3380  -13.8563   -2.5183    0.1752
 6640 KAMIIEG  -11.3380  -13.8563   -2.5183    0.1752
 6641 KDMIVAG  -11.0207  -14.7076   -3.6869    0.1752
 6642 KDMIVAG  -11.0207  -14.7076   -3.6869    0.1752
 6643 GEIIVAE  -10.2303  -13.5640   -3.3337    0.1752
 6644 GEIIVAK  -11.4839  -14.0076   -2.5237    0.1752
 6645 GKIIVAE   -8.9112  -11.4349   -2.5237    0.1752
 6646 GDVIIAE   -7.9130  -10.9296   -3.0166    0.1752
 6647 GDVIIAK   -9.5686  -11.7752   -2.2066    0.1752
 6648 GDVIIAK   -9.5686  -11.7752   -2.2066    0.1752
 6649 GEVIVAK  -10.2929  -14.1909   -3.8980    0.1752
 6650 GEVIVAK  -10.2929  -14.1909   -3.8980    0.1752
 6651 GEVIMAK   -9.6823  -13.5749   -3.8926    0.1752
 6652 GEVIMAK   -9.6823  -13.5749   -3.8926    0.1752
 6653 KEVIVMG  -13.5488  -14.2768   -0.7280    0.1752
 6654 EEMIVMG  -11.1981  -12.7307   -1.5326    0.1752
 6655 EEVIVMG  -11.4788  -13.0168   -1.5380    0.1752
 6656 EEVIVMG  -11.4788  -13.0168   -1.5380    0.1752
 6657 EELIVMG  -10.6325  -13.4659   -2.8334    0.1752
 6658 EELIVMG  -10.6325  -13.4659   -2.8334    0.1752
 6659 EELVVMG   -8.9868  -12.3146   -3.3277    0.1752
 6660 LEMVVEG  -10.3081  -13.4129   -3.1049    0.1752
 6661 LEMVVEG  -10.3081  -13.4129   -3.1049    0.1752
 6662 LEMVIEG   -9.7122  -12.3228   -2.6106    0.1752
 6663 LEMVIKG  -11.2424  -13.0429   -1.8006    0.1752
 6664 LEMVIKG  -11.2424  -13.0429   -1.8006    0.1752
 6665 VEMVIKG  -12.0314  -12.5366   -0.5051    0.1752
 6666 YEMVVKG  -10.1950  -12.8953   -2.7003    0.1752
 6667 YKLVVEG   -9.1251  -12.2462   -3.1211    0.1752
 6668 YKMVVEG   -9.2104  -11.9107   -2.7003    0.1752
 6669 YKMVVEG   -9.2104  -11.9107   -2.7003    0.1752
 6670 YKVVVEG   -9.9618  -12.6675   -2.7057    0.1752
 6671 VKVVVDG  -12.7304  -14.2981   -1.5677    0.1752
 6672 VKLVVDG  -13.2763  -15.2595   -1.9831    0.1752
 6673 KLMVVDG  -13.5013  -15.5905   -2.0891    0.1752
 6674 DVIVMDG   -8.7399   -9.5322   -0.7923    0.1752
 6675 EVIVMKG   -9.1441   -9.7606   -0.6166    0.1752
 6676 EVVMVEG   -9.1452  -11.9460   -2.8009    0.1752
 6677 EVMVVEG  -12.0024  -14.8032   -2.8009    0.1752
 6678 EVLVVEG  -12.3056  -15.5273   -3.2217    0.1752
 6679 KVLVVEG  -13.7203  -16.1321   -2.4117    0.1752
 6680 VVLEVKG  -10.5236  -12.8238   -2.3003    0.1752
 6681 LVVEVKG   -9.7268  -12.0271   -2.3003    0.1752
 6682 LVVVDKG   -8.4090  -10.6150   -2.2060    0.1752
 6683 LVVDVKG   -8.3608  -10.3440   -1.9831    0.1752
 6684 LVDVVKG   -8.9430  -10.9261   -1.9831    0.1752
 6685 LVDVVKG   -8.9430  -10.9261   -1.9831    0.1752
 6686 VVKMLEG  -10.7306  -13.0255   -2.2949    0.1752
 6687 KVMMLEG  -10.3152  -12.7161   -2.4009    0.1752
 6688 KVLMMEG  -10.4980  -12.8989   -2.4009    0.1752
 6689 KVVMEMG  -12.3689  -14.2429   -1.8740    0.1752
 6690 KVMMELG  -11.6328  -13.9222   -2.2894    0.1752
 6691 KVLMEMG  -12.0651  -14.3545   -2.2894    0.1752
 6692 KVLMEMG  -12.0651  -14.3545   -2.2894    0.1752
 6693 KVLMEMG  -12.0651  -14.3545   -2.2894    0.1752
 6694 KVMMDLG  -12.0095  -13.9817   -1.9723    0.1752
 6695 KVMMELG  -12.3283  -14.6178   -2.2894    0.1752
 6696 KVMMELG  -12.3283  -14.6178   -2.2894    0.1752
 6697 MVKMELG  -11.3237  -13.5017   -2.1780    0.1752
 6698 EVKMVLG  -10.5539  -12.8487   -2.2949    0.1752
 6699 EVKMVLG  -10.5539  -12.8487   -2.2949    0.1752
 6700 MVKEVLG   -9.4557  -11.8619   -2.4063    0.1752
 6701 FEVVKLG  -11.8580  -13.1683   -1.3103    0.1752
 6702 FEVVKLG  -11.8580  -13.1683   -1.3103    0.1752
 6703 FDVVKLG  -11.6952  -12.6883   -0.9931    0.1752
 6704 FDVVKLG  -11.6952  -12.6883   -0.9931    0.1752
 6705 FDVVKMG  -13.2237  -13.0760    0.1477    0.1752
 6706 IDVVKMG  -13.6089  -13.6854   -0.0766    0.1752
 6707 IELVKMG  -12.2532  -13.9424   -1.6891    0.1752
 6708 IEVVKMG  -13.0275  -13.4212   -0.3937    0.1752
 6709 IEVVKMG  -13.0275  -13.4212   -0.3937    0.1752
 6710 IEVVKMG  -13.0275  -13.4212   -0.3937    0.1752
 6711 IEVVKMG  -13.0275  -13.4212   -0.3937    0.1752
 6712 VEIVKMG  -12.4967  -12.8904   -0.3937    0.1752
 6713 VEIVKMG  -12.4967  -12.8904   -0.3937    0.1752
 6714 KELVVMG  -12.1034  -14.6211   -2.5177    0.1752
 6715 KELVVMG  -12.1034  -14.6211   -2.5177    0.1752
 6716 KDLVVMG  -11.0234  -13.2240   -2.2006    0.1752
 6717 KDLVVMG  -11.0234  -13.2240   -2.2006    0.1752
 6718 KELVVMG  -11.1768  -13.6945   -2.5177    0.1752
 6719 KDLVLMG   -8.9175  -11.8535   -2.9360    0.1752
 6720 KDLVLMG   -8.9175  -11.8535   -2.9360    0.1752
 6721 KDLVMLG   -8.3107  -11.2467   -2.9360    0.1752
 6722 KMLVDLG   -8.2089  -10.9220   -2.7131    0.1752
 6723 RMLVDMG   -8.2239  -13.5602   -5.3363    0.1752
 6724 RLMVEMG   -7.4167  -13.0702   -5.6534    0.1752
 6725 RLMVEMG   -7.4006  -13.0540   -5.6534    0.1752
 6726 RLMVEMG   -7.4006  -13.0540   -5.6534    0.1752
 6727 KLMVEMG  -11.8434  -14.1328   -2.2894    0.1752
 6728 KLMVEMG  -11.8434  -14.1328   -2.2894    0.1752
 6729 KLLVEMG  -12.0669  -15.0972   -3.0303    0.1752
 6730 KLLVEMG  -12.0669  -15.0972   -3.0303    0.1752
 6731 KLLVEMG  -12.0669  -15.0972   -3.0303    0.1752
 6732 KLMVELG  -10.2976  -13.3279   -3.0303    0.1752
 6733 KMMVELG   -9.8208  -12.1103   -2.2894    0.1752
 6734 KLMVEMG  -11.1682  -13.4576   -2.2894    0.1752
 6735 KLMVEMG  -11.1682  -13.4576   -2.2894    0.1752
 6736 KLMVEMG  -11.1682  -13.4576   -2.2894    0.1752
 6737 EMLVKMG  -10.8336  -13.1231   -2.2894    0.1752
 6738 DMLVKMG  -10.3321  -12.3044   -1.9723    0.1752
 6739 DMLVKMG  -10.3321  -12.3044   -1.9723    0.1752
 6740 LDMVKMG   -9.8758  -11.7367   -1.8609    0.1752
 6741 LEMVKMG  -10.2162  -12.3942   -2.1780    0.1752
 6742 LDMVKMG   -9.9172  -11.7781   -1.8609    0.1752
 6743 DLMIKMG   -9.5954  -11.1534   -1.5580    0.1752
 6744 DYMIKAG   -7.6973  -11.9821   -4.2849    0.1752
 6745 DMIIKAG  -10.8269  -12.9166   -2.0897    0.1752
 6746 DMIIRAG   -9.4609  -14.9146   -5.4537    0.1752
 6747 EMIIRAG   -9.2811  -15.0520   -5.7709    0.1752
 6748 IMEIKAG  -11.3970  -13.6924   -2.2954    0.1752
 6749 IMDIKAG   -9.9020  -11.8803   -1.9783    0.1752
 6750 ILDIKAG   -9.6332  -12.0324   -2.3991    0.1752
 6751 ILDIKAG   -9.6332  -12.0324   -2.3991    0.1752
 6752 KLEIIAG  -11.5212  -14.3489   -2.8277    0.1752
 6753 DIKLIAG   -9.1431  -11.6536   -2.5106    0.1752
 6754 KIALIDG   -9.1577  -11.7797   -2.6220    0.1752
 6755 KIVLIDG  -10.1047  -13.4507   -3.3460    0.1752
 6756 IVVVKDG  -14.1692  -14.5855   -0.4163    0.1752
 6757 ILVVKDG  -14.0455  -15.6772   -1.6317    0.1752
 6758 ILVVKDG  -14.0455  -15.6772   -1.6317    0.1752
 6759 IIVVKDG  -13.4009  -13.8029   -0.4020    0.1752
 6760 VIVVKDG  -12.8885  -13.3048   -0.4163    0.1752
 6761 VIVVKDG  -12.8885  -13.3048   -0.4163    0.1752
 6762 VIVVKDG  -12.8885  -13.3048   -0.4163    0.1752
 6763 VVIVKKG   -7.3729   -8.5764   -1.2034    0.1752
 6764 VVIVKKG   -7.3729   -8.5764   -1.2034    0.1752
 6765 VVVIKDG  -16.3789  -16.7952   -0.4163    0.1752
 6766 IVIVKDG  -15.1361  -15.5381   -0.4020    0.1752
 6767 VVLIKDG  -14.1868  -15.8186   -1.6317    0.1752
 6768 VVLIKDG  -14.1868  -15.8186   -1.6317    0.1752
 6769 VVLMRDG   -8.5483  -14.1128   -5.5646    0.1752
 6770 LVVMKDG  -13.2025  -15.4031   -2.2006    0.1752
 6771 LMVVKDG  -13.0912  -15.2918   -2.2006    0.1752
 6772 LMVVKDG  -13.0912  -15.2918   -2.2006    0.1752
 6773 MLVIKDG  -11.5360  -13.2423   -1.7063    0.1752
 6774 MVVIKDG  -14.1273  -14.5381   -0.4109    0.1752
 6775 VVMIKDG  -14.1183  -14.5292   -0.4109    0.1752
 6776 VVMIKDG  -14.1183  -14.5292   -0.4109    0.1752
 6777 VVFMKDG  -13.1019  -13.2885   -0.1866    0.1752
 6778 VVFMKDG  -13.1019  -13.2885   -0.1866    0.1752
 6779 VVFMKDG  -13.1019  -13.2885   -0.1866    0.1752
 6780 VVIMKDG  -13.4055  -13.8163   -0.4109    0.1752
 6781 VVIMKDG  -13.3526  -13.7634   -0.4109    0.1625
 6782 KVIMVDG  -14.1539  -14.4533   -0.2994    0.1625
 6783 KIVMVDG  -15.2021  -15.5016   -0.2994    0.1625
 6784 KIVMVDG  -15.2021  -15.5016   -0.2994    0.1625
 6785 KLVIVDG  -13.2232  -14.7435   -1.5203    0.1625
 6786 KVVIVDG  -14.0810  -14.3859   -0.3049    0.1625
 6787 KIVIVDG  -12.9347  -13.2253   -0.2906    0.1625
 6788 KIVIVDG  -12.9347  -13.2253   -0.2906    0.1625
 6789 KIVVVDG  -16.1844  -16.4892   -0.3049    0.1625
 6790 IKVVVDG  -15.9403  -16.1338   -0.1934    0.1625
 6791 IKVVIDG  -15.3662  -15.5454   -0.1791    0.1625
 6792 KLVVIDG  -12.4182  -13.9384   -1.5203    0.1625
 6793 ILVVKDG  -12.3647  -13.9964   -1.6317    0.1625
 6794 LIKVVDG  -15.5036  -16.9124   -1.4089    0.1625
 6795 FIKVVDG  -16.3920  -16.2668    0.1251    0.1625
 6796 FIKVVDG  -16.3920  -16.2668    0.1251    0.1625
 6797 VIKVVDG  -16.3316  -16.5250   -0.1934    0.1625
 6798 IIKVVDG  -16.2734  -16.4526   -0.1791    0.1625
 6799 IIKVVDG  -16.5773  -16.7565   -0.1791    0.1625
 6800 VIKVIDG  -16.4224  -16.6015   -0.1791    0.1625
 6801 IVKVMDG  -15.4803  -15.6683   -0.1880    0.1625
 6802 IVKMVDG  -15.4175  -15.6055   -0.1880    0.1625
 6803 VMKMIDG  -12.8752  -13.0577   -0.1826    0.1625
 6804 KMVMIDG  -12.8030  -13.0970   -0.2940    0.1625
 6805 KMVMIDG  -12.8030  -13.0970   -0.2940    0.1625
 6806 KMMVIDG  -13.1505  -13.4445   -0.2940    0.1625
 6807 KMMVIDG  -13.1505  -13.4445   -0.2940    0.1625
 6808 KVMVIDG  -15.9734  -16.2728   -0.2994    0.1625
 6809 KVMVIDG  -15.9734  -16.2728   -0.2994    0.1625
 6810 KVVVIDG  -16.3073  -16.6121   -0.3049    0.1625
 6811 KVVVIDG  -16.3073  -16.6121   -0.3049    0.1625
 6812 KVVVIDG  -16.3073  -16.6121   -0.3049    0.1625
 6813 KVIVVDG  -16.7964  -17.1012   -0.3049    0.1625
 6814 VVIVKDG  -16.1800  -16.5962   -0.4163    0.1625
 6815 VVIVKDG  -16.1800  -16.5962   -0.4163    0.1625
 6816 VVIVKDG  -16.1800  -16.5962   -0.4163    0.1625
 6817 VVIVKDG  -16.1800  -16.5962   -0.4163    0.1625
 6818 VVIVKDG  -16.1800  -16.5962   -0.4163    0.1625
 6819 VVIVKDG  -16.1800  -16.5962   -0.4163    0.1625
 6820 VKIVVDG  -15.4175  -15.6109   -0.1934    0.1625
 6821 VKIVVDG  -15.4175  -15.6109   -0.1934    0.1625
 6822 IKVVVDG  -14.6324  -14.8259   -0.1934    0.1625
 6823 IKFVVDG  -12.9987  -12.8735    0.1251    0.1625
 6824 MKFVVDG  -11.9042  -11.8679    0.0363    0.1625
 6825 VKFMVDG  -10.8444  -10.8082    0.0363    0.1625
 6826 VKFMVDG  -10.8444  -10.8082    0.0363    0.1625
 6827 IKFLVDG   -8.5506  -11.4808   -2.9303    0.1625
 6828 IKFLVDG   -8.5506  -11.4808   -2.9303    0.1625
 6829 IVFLKDG   -8.3261  -11.4792   -3.1531    0.1625
 6830 YVFLKDG   -8.9433  -10.3716   -1.4283    0.1625
 6831 VLFVDDG  -10.2748  -12.0950   -1.8203    0.1625
 6832 VLIVKDG  -14.1297  -15.7614   -1.6317    0.1625
 6833 VLIVKDG  -14.1297  -15.7614   -1.6317    0.1625
 6834 VLIVKDG  -14.1297  -15.7614   -1.6317    0.1625
 6835 ILVVKEG  -12.6891  -14.6380   -1.9489    0.1625
 6836 ILKVVEG  -13.4063  -15.1323   -1.7260    0.1625
 6837 KLIVVEG  -13.3889  -15.2263   -1.8374    0.1625
 6838 IMKVVEG  -13.2373  -13.7424   -0.5051    0.1625
 6839 ILKVVDG  -13.3130  -14.7218   -1.4089    0.1625
 6840 ILKVVDG  -13.3130  -14.7218   -1.4089    0.1625
 6841 ILKVVEG  -12.6805  -14.4065   -1.7260    0.1625
 6842 IVKVVEG  -12.9732  -13.4838   -0.5106    0.1625
 6843 IVEVVKG  -10.1357  -10.6463   -0.5106    0.1625
 6844 VVEIVKG  -10.2331  -10.7436   -0.5106    0.1625
 6845 IVEIVDG  -12.2904  -13.2795   -0.9891    0.1625
 6846 IVEIVDG  -12.2904  -13.2795   -0.9891    0.1625
 6847 IDIVVEG  -10.6239  -11.6130   -0.9891    0.1625
 6848 IKIVVDG  -12.1335  -12.3127   -0.1791    0.1625
 6849 VEIIVKG  -13.2873  -13.7836   -0.4963    0.1625
 6850 VEIIVKG  -13.2873  -13.7836   -0.4963    0.1625
 6851 AVIIEKG   -9.3309  -11.9661   -2.6351    0.1625
 6852 IVIAEKG   -9.2047  -11.8399   -2.6351    0.1625
 6853 IEIAVKG   -9.3993  -11.8116   -2.4123    0.1625
 6854 FEIAVKG   -6.6340   -8.8220   -2.1880    0.1625
 6855 FDIAVEG   -3.6429   -6.3238   -2.6809    0.1625
 6856 IEIAVEG   -8.8843  -12.1066   -3.2223    0.1625
 6857 VEIAIEG   -7.2919  -10.5142   -3.2223    0.1625
 6858 VEIAWDG   -7.0850   -8.9047   -1.8197    0.1625
 6859 DIVAWDG   -8.0786   -9.6926   -1.6140    0.1625
 6860 DLVAWDG   -7.9854  -11.3892   -3.4037    0.1625
 6861 DAVVWDG   -7.7818  -10.7701   -2.9883    0.1625
 6862 DAVVWKG   -9.7492  -12.2446   -2.4954    0.1625
 6863 DAVVWKG   -9.7492  -12.2446   -2.4954    0.1625
 6864 DAVIWKG  -11.4732  -12.5943   -1.1211    0.1625
 6865 IKVDWAG   -9.1304  -10.0286   -0.8983    0.1625
 6866 IWVDDAG   -7.0284   -8.6424   -1.6140    0.1625
 6867 WWVDKAG   -8.4835   -9.7992   -1.3157    0.1625
 6868 WWYAKDG   -6.5533   -7.5213   -0.9680    0.1625
 6869 WWVAKDG   -8.9811  -10.4082   -1.4271    0.1625
 6870 WWVAKDG   -8.9811  -10.4082   -1.4271    0.1625
 6871 VWKAVDG  -10.7569  -13.1409   -2.3840    0.1625
 6872 FWKAVDG   -9.1837   -9.9691   -0.7854    0.1625
 6873 VWKAVDG  -10.7580  -13.1420   -2.3840    0.1625
 6874 VWKDVAG   -9.8994  -12.3948   -2.4954    0.1625
 6875 VWKDVAG   -9.8994  -12.3948   -2.4954    0.1625
 6876 VWKDVAG   -9.8994  -12.3948   -2.4954    0.1625
 6877 VWDDVMG   -4.9569   -5.3438   -0.3869    0.1625
 6878 VWDKVMG   -5.0965   -4.9905    0.1060    0.1625
 6879 VWVKDMG   -7.5793   -7.4733    0.1060    0.1625
 6880 VWVKEMG   -7.9756   -8.1867   -0.2111    0.1625
 6881 AWIEDMG   -4.5841   -6.5098   -1.9257    0.1625
 6882 IWAEKMG   -8.4632   -9.8961   -1.4329    0.1625
 6883 VWMEKAG   -7.2722  -10.0794   -2.8071    0.1625
 6884 VWMEKAG   -7.2722  -10.0794   -2.8071    0.1625
 6885 VWMEKAG   -7.2722  -10.0794   -2.8071    0.1625
 6886 VWIEKAG   -7.8219   -9.2602   -1.4383    0.1625
 6887 VWIEKAG   -7.8219   -9.2602   -1.4383    0.1625
 6888 VWIEKAG   -7.8219   -9.2602   -1.4383    0.1625
 6889 VGIDKWG   -6.7434   -7.6542   -0.9109    0.1625
 6890 VGIDKWG   -6.7434   -7.6542   -0.9109    0.1625
 6891 VMIDKWG   -2.0799   -3.7996   -1.7197    0.1625
 6892 AMIDKWG   -0.7088   -1.8245   -1.1157    0.1625
 6893 IKADMWG   -5.7364   -6.6292   -0.8929    0.1625
 6894 IEWDIAG   -7.3826   -9.7566   -2.3740    0.1625
 6895 IDWKIAG   -9.1652  -10.7292   -1.5640    0.1625
 6896 LDLAIKG   -3.2386   -7.5389   -4.3003    0.1625
 6897 LDMAIEG   -5.3562  -10.0457   -4.6894    0.1625
 6898 LDMFIEG   -6.7707  -10.5856   -3.8149    0.1625
 6899 LEMFIKG   -5.2890   -8.6110   -3.3220    0.1625
 6900 IEMFIKG   -6.6172   -8.7094   -2.0923    0.1625
 6901 IEMAIKG   -5.4472   -7.8541   -2.4069    0.1625
 6902 KAMIIEG   -8.4077  -10.9260   -2.5183    0.1625
 6903 KEMIIAG   -7.6980  -10.3278   -2.6297    0.1625
 6904 IIKIEAG  -11.2808  -12.2074   -0.9266    0.1625
 6905 IIKIEAG  -11.2808  -12.2074   -0.9266    0.1625
 6906 IVKIEAG  -11.0473  -13.3481   -2.3009    0.1625
 6907 KVIIEAG  -12.0192  -14.4314   -2.4123    0.1625
 6908 KVIIEAG  -12.0192  -14.4314   -2.4123    0.1625
 6909 KVIIEMG  -12.4791  -13.0500   -0.5709    0.1625
 6910 IVKIEMG  -12.7713  -13.2307   -0.4594    0.1625
 6911 IVKMEMG  -12.8397  -13.2280   -0.3883    0.1625
 6912 IVKMELG  -11.9883  -13.6774   -1.6891    0.1625
 6913 IVKDMLG  -11.2457  -12.8406   -1.5949    0.1625
 6914 IVKDMLG  -11.2457  -12.8406   -1.5949    0.1625
 6915 KVIEMLG  -11.9313  -13.7319   -1.8006    0.1625
 6916 IVKEMLG  -12.0685  -13.9805   -1.9120    0.1625
 6917 IVKEMLG  -12.0685  -13.9805   -1.9120    0.1625
 6918 EVKIMLG  -12.7756  -14.5761   -1.8006    0.1625
 6919 EVMIKLG  -14.0090  -15.8096   -1.8006    0.1625
 6920 EVMVKLG  -13.9217  -16.2165   -2.2949    0.1625
 6921 EVMVKLG  -13.9217  -16.2165   -2.2949    0.1625
 6922 EVMVKLG  -13.9217  -16.2165   -2.2949    0.1625
 6923 EVMVKLG  -13.9217  -16.2165   -2.2949    0.1625
 6924 EVMVKLG  -13.9217  -16.2165   -2.2949    0.1625
 6925 VEMVKLG  -12.7717  -14.9551   -2.1834    0.1625
 6926 EVMVKLG  -14.1491  -16.4440   -2.2949    0.1625
 6927 EVLIKMG  -12.5047  -14.3052   -1.8006    0.1625
 6928 EVLIKMG  -12.5047  -14.3052   -1.8006    0.1625
 6929 EVMIKLG  -14.5375  -16.3381   -1.8006    0.1625
 6930 EVMIKLG  -14.5375  -16.3381   -1.8006    0.1625
 6931 EVMIKLG  -14.5375  -16.3381   -1.8006    0.1625
 6932 EVKVMLG  -12.3051  -14.5999   -2.2949    0.1625
 6933 EVMVKLG  -13.6128  -15.9076   -2.2949    0.1625
 6934 EVMVKLG  -13.6128  -15.9076   -2.2949    0.1625
 6935 DVMVKLG  -11.5798  -13.5575   -1.9777    0.1625
 6936 MVMDKLG   -9.2982  -11.3820   -2.0837    0.1625
 6937 LVKMDMG   -9.7168  -11.5777   -1.8609    0.1625
 6938 FVKMDMG   -8.6934   -8.5402    0.1531    0.1625
 6939 KVFMDMG   -9.7613   -9.7196    0.0417    0.1625
 6940 KVFMDMG   -9.7613   -9.7196    0.0417    0.1625
 6941 KVFMEMG   -9.9493  -10.2248   -0.2754    0.1625
 6942 KVFMEMG   -9.9493  -10.2248   -0.2754    0.1625
 6943 KVFVEMG   -8.8089   -9.0897   -0.2809    0.1625
 6944 KVFVELG   -8.5659   -9.9876   -1.4217    0.1625
 6945 KVFVELG   -8.5659   -9.9876   -1.4217    0.1625
 6946 KALFELG   -5.9469  -10.3400   -4.3931    0.1625
 6947 KFLAELG   -6.2046  -10.5978   -4.3931    0.1625
 6948 GFLAELK   -3.8048   -8.1979   -4.3931    0.1625
 6949 GFLADMK   -5.7097   -9.3649   -3.6551    0.1625
 6950 KFMADLL   -7.1239  -13.1373   -6.0134    0.1625
 6951 RFMADYL   -3.9858   -9.7287   -5.7429    0.1625
 6952 RMFADYL   -3.1055   -8.8484   -5.7429    0.1625
 6953 RFFGDYL   -2.2935   -7.7043   -5.4109    0.1625
 6954 RFFGDGL   -4.5020   -9.8291   -5.3271    0.1625
 6955 RFIGDGL   -5.8817  -11.4331   -5.5514    0.1625
 6956 RIIGDGM   -8.8365  -14.1914   -5.3549    0.1625
 6957 RIIGDGM   -8.8365  -14.1914   -5.3549    0.1625
 6958 RIIGDGM   -8.8365  -14.1914   -5.3549    0.1625
 6959 RIIGDGM   -8.8365  -14.1914   -5.3549    0.1625
 6960 RIIGDGM   -7.9821  -13.3369   -5.3549    0.1625
 6961 RIIGDGM   -7.9821  -13.3369   -5.3549    0.1625
 6962 RIIGDGW   -8.9472  -12.2078   -3.2606    0.1625
 6963 RIIGDGW   -8.9472  -12.2078   -3.2606    0.1625
 6964 EIIGDGW   -6.4807   -7.1873   -0.7066    0.1625
 6965 RIMGDGW   -8.1895  -12.4590   -4.2694    0.1625
 6966 RIMGDGW   -8.1895  -12.4590   -4.2694    0.1625
 6967 RIMGDGW   -8.0309  -12.3004   -4.2694    0.1625
 6968 RIMGDGW   -8.0309  -12.3004   -4.2694    0.1625
 6969 RIMGDGW   -8.0309  -12.3004   -4.2694    0.1625
 6970 RIMADGW   -9.0483  -13.4165   -4.3683    0.1625
 6971 KIMADGW   -9.3165  -10.3208   -1.0043    0.1625
 6972 KVMADGW   -7.0816   -9.4602   -2.3786    0.1625
 6973 RWMADGW   -7.1084  -11.7513   -4.6429    0.1625
 6974 RMFADGW   -6.8487  -10.9927   -4.1440    0.1625
 6975 RMFAEGW   -5.9168  -10.3779   -4.4611    0.1625
 6976 RFMAEGW   -7.3935  -11.8547   -4.4611    0.1625
 6977 KFMAEGW  -12.0666  -13.1637   -1.0971    0.1625
 6978 KFMAEGW  -11.4858  -12.5830   -1.0971    0.1625
 6979 KFMAEGW  -11.4858  -12.5830   -1.0971    0.1625
 6980 KFLAEGM   -9.5404  -13.5127   -3.9723    0.1625
 6981 RFLAEGF   -7.6255  -13.3686   -5.7431    0.1625
 6982 RFLAEGF   -7.6714  -13.4145   -5.7431    0.2028
 6983 RFLAEGF   -7.6714  -13.4145   -5.7431    0.2028
 6984 LFRAEGF   -6.4190  -12.0507   -5.6317    0.2028
 6985 LFRAEGI   -6.5369  -12.3929   -5.8560    0.2028
 6986 IFRAEGI   -7.2908  -11.3571   -4.0663    0.2028
 6987 IIRAEGF   -6.9834  -11.0497   -4.0663    0.2028
 6988 IIRAEGV   -8.0325  -13.6973   -5.6649    0.2028
 6989 IIKAEGV  -12.1254  -14.4262   -2.3009    0.2028
 6990 IIKAEGM  -11.1002  -13.3956   -2.2954    0.2028
 6991 IIKIEGG  -11.8636  -12.9141   -1.0506    0.2028
 6992 IIKGEGI  -12.4543  -13.3934   -0.9391    0.2028
 6993 IIKGEGI  -12.4543  -13.3934   -0.9391    0.2028
 6994 IIKGEGI  -12.4543  -13.3934   -0.9391    0.2028
 6995 IIKGEGI  -12.4543  -13.3934   -0.9391    0.2028
 6996 IIKGEGI  -12.4543  -13.3934   -0.9391    0.2028
 6997 IIKGEGI  -12.4543  -13.3934   -0.9391    0.2028
 6998 IIKGEGI  -12.4543  -13.3934   -0.9391    0.2028
 6999 IIKGEGI  -12.4543  -13.3934   -0.9391    0.2028
 7000 IIKVEGI  -12.7890  -14.9996   -2.2106    0.2028
 7001 IVKIEGI  -13.1557  -15.3662   -2.2106    0.2028
 7002 VIKIEGG  -15.6031  -18.0280   -2.4249    0.2028
 7003 GIKIEGV  -13.5855  -15.7875   -2.2020    0.2028
 7004 GIKIEGV  -13.5855  -15.7875   -2.2020    0.2028
 7005 GIKIEGV  -13.5855  -15.7875   -2.2020    0.2028
 7006 VIKIEGG  -15.5894  -18.0142   -2.4249    0.2028
 7007 VIKMEGG  -12.5392  -16.3329   -3.7937    0.2028
 7008 VIKMEGG  -12.5392  -16.3329   -3.7937    0.2028
 7009 VIKMEGG  -12.5392  -16.3329   -3.7937    0.2028
 7010 VIKMEGG  -12.5392  -16.3329   -3.7937    0.2028
 7011 VIKIEGG  -13.5934  -16.0183   -2.4249    0.2028
 7012 WIKIEGG  -12.9092  -13.2344   -0.3251    0.2028
 7013 WIKIEGG  -12.9092  -13.2344   -0.3251    0.2028
 7014 IIKIEGG  -14.3142  -15.3648   -1.0506    0.2028
 7015 IIKIEGG  -14.3142  -15.3648   -1.0506    0.2028
 7016 IIKIEGG  -14.3142  -15.3648   -1.0506    0.2028
 7017 IIKIEGG  -14.3142  -15.3648   -1.0506    0.2028
 7018 IIKIEGG  -14.3142  -15.3648   -1.0506    0.2028
 7019 IIKIEGG  -14.3142  -15.3648   -1.0506    0.2028
 7020 IIKIEGG  -14.3142  -15.3648   -1.0506    0.2028
 7021 IIKIEGG  -14.3142  -15.3648   -1.0506    0.2028
 7022 IIKIEGG  -14.3142  -15.3648   -1.0506    0.2028
 7023 IIKIEGG  -14.3142  -15.3648   -1.0506    0.2028
 7024 IIKIEGG  -14.3142  -15.3648   -1.0506    0.2028
 7025 IIKIEGG  -14.3142  -15.3648   -1.0506    0.2028
 7026 IIKIEGG  -14.3142  -15.3648   -1.0506    0.2028
 7027 IIKLEGG  -12.5801  -15.4204   -2.8403    0.2028
 7028 IIKLEGG  -12.5801  -15.4204   -2.8403    0.2028
 7029 LLKIEGG  -10.1847  -14.8147   -4.6300    0.2028
 7030 GLKLEGI   -7.6839  -12.0910   -4.4071    0.2028
 7031 GIKLEGI   -9.9711  -12.5885   -2.6174    0.2028
 7032 GLKIEGM  -10.7026  -14.6889   -3.9863    0.2028
 7033 ILKMEGG  -11.5292  -15.7384   -4.2091    0.2028
 7034 WLKMEGG  -10.5416  -13.6653   -3.1237    0.2028
 7035 WLKMEGG  -10.5416  -13.6653   -3.1237    0.2028
 7036 WLKMEGG  -10.5416  -13.6653   -3.1237    0.2028
 7037 WLKMEGG  -10.5416  -13.6653   -3.1237    0.2028
 7038 WLKMEGG  -10.5416  -13.6653   -3.1237    0.2028
 7039 WLKMEGG  -10.5416  -13.6653   -3.1237    0.2028
 7040 WLKMEGG  -10.5416  -13.6653   -3.1237    0.2028
 7041 WIKMEGG  -12.3053  -13.6393   -1.3340    0.2028
 7042 MIKMEGG  -11.5053  -15.2936   -3.7883    0.2028
 7043 MIKMEGG  -11.5053  -15.2936   -3.7883    0.2028
 7044 VIKMEGG  -12.6670  -16.4607   -3.7937    0.2028
 7045 VIKLEGG  -10.9889  -15.2034   -4.2146    0.2028
 7046 VLKLEGG   -9.2342  -15.2385   -6.0043    0.2028
 7047 ILKMEGG  -10.3355  -14.5446   -4.2091    0.2028
 7048 FMKLEGG   -8.4490  -12.4339   -3.9849    0.2028
 7049 FIKLEGG  -10.9837  -13.5997   -2.6160    0.2028
 7050 FIKLEGG  -10.9837  -13.5997   -2.6160    0.2028
 7051 FIKLEGG  -10.9837  -13.5997   -2.6160    0.2028
 7052 WIKLEGG  -11.8009  -13.5557   -1.7549    0.2028
 7053 WIKLDGG  -10.3347  -11.7724   -1.4377    0.2028
 7054 WIKLDGG  -10.3347  -11.7724   -1.4377    0.2028
 7055 KIWLDGG  -10.5080  -12.0572   -1.5491    0.2028
 7056 KIWLDGG  -10.5080  -12.0572   -1.5491    0.2028
 7057 KIGLDGW   -9.6588  -10.8737   -1.2149    0.2028
 7058 KIGVDGW  -11.4545  -12.2539   -0.7994    0.2028
 7059 KIDVGGW  -10.7836  -11.6945   -0.9109    0.2028
 7060 KVDIGGW   -9.4722  -10.3831   -0.9109    0.2028
 7061 KVDIWGG   -9.0192  -10.0415   -1.0223    0.2028
 7062 KVEIWGG   -8.9015  -10.2409   -1.3394    0.2028
 7063 KMEIWGG   -8.2571   -9.5911   -1.3340    0.2028
 7064 EIGMWGE   -7.7213   -9.7539   -2.0326    0.2028
 7065 EIGMWGR   -6.6273  -11.2139   -4.5866    0.2028
 7066 EIGMVGK   -8.3497  -12.0319   -3.6823    0.2028
 7067 EIGMWGK  -11.0343  -12.2569   -1.2226    0.2028
 7068 EIGMWGK  -11.0343  -12.2569   -1.2226    0.2028
 7069 EIGMWGK  -11.0343  -12.2569   -1.2226    0.2028
 7070 EIGMKGW  -10.8458  -11.9569   -1.1111    0.2028
 7071 EIGMKGW  -10.8458  -11.9569   -1.1111    0.2028
 7072 EIGMKGW  -10.8458  -11.9569   -1.1111    0.2028
 7073 EIGMKGW  -10.8458  -11.9569   -1.1111    0.2028
 7074 EIGMKGW  -10.8458  -11.9569   -1.1111    0.2028
 7075 EIGMKGW  -10.8458  -11.9569   -1.1111    0.2028
 7076 EIGMKGW  -10.8694  -11.9806   -1.1111    0.2028
 7077 KIGMEGW  -12.5293  -13.6405   -1.1111    0.2028
 7078 KIGMEGW  -12.5293  -13.6405   -1.1111    0.2028
 7079 KIGEMGW  -11.4040  -12.5151   -1.1111    0.2028
 7080 KEGIMGW   -8.3297   -9.6637   -1.3340    0.2028
 7081 KEGMIGW   -6.9787   -8.3127   -1.3340    0.2028
 7082 KEGMMGW   -6.8025   -9.5054   -2.7029    0.2028
 7083 KDGMMGW   -6.5853   -8.9710   -2.3857    0.2028
 7084 KDMMGGW   -6.7626   -9.2597   -2.4971    0.2028
 7085 KWMMGGD   -7.3191   -9.8162   -2.4971    0.2028
 7086 KWMAGGD   -4.9992  -10.7778   -5.7786    0.2028
 7087 MWKAGGD   -6.6604  -12.3275   -5.6671    0.2028
 7088 MGDAGWE   -2.6022   -8.8565   -6.2543    0.2028
 7089 FGGAEWD   -3.3844   -8.1570   -4.7726    0.2028
 7090 KGVADWF  -11.6834  -12.4688   -0.7854    0.2028
 7091 KGVADWF  -11.6834  -12.4688   -0.7854    0.2028
 7092 KGVADWF  -11.6834  -12.4688   -0.7854    0.2028
 7093 KGVADWF  -11.6834  -12.4688   -0.7854    0.2028
 7094 KGVADWF  -11.7655  -12.5509   -0.7854    0.2028
 7095 KGVADWF  -11.7655  -12.5509   -0.7854    0.2028
 7096 KGVADWF  -11.7655  -12.5509   -0.7854    0.2028
 7097 KGVADWF  -11.7655  -12.5509   -0.7854    0.2028
 7098 KGVADWF  -11.7655  -12.5509   -0.7854    0.2028
 7099 KGVMEWF  -11.2743  -12.8955   -1.6211    0.2028
 7100 KGVMEWY  -12.4315  -12.6721   -0.2406    0.2028
 7101 KGVMEWM  -12.3274  -12.5017   -0.1743    0.2028
 7102 KGVVEWM  -14.2757  -14.3754   -0.0997    0.2028
 7103 KGVVEWM  -14.2757  -14.3754   -0.0997    0.2028
 7104 KGMVEWM  -14.2145  -14.3888   -0.1743    0.2028
 7105 KGMVEWM  -14.2145  -14.3888   -0.1743    0.2028
 7106 KGMVEWM  -14.2145  -14.3888   -0.1743    0.2028
 7107 KGMVEMW  -14.3464  -14.5207   -0.1743    0.2028
 7108 KGMVEMW  -14.3464  -14.5207   -0.1743    0.2028
 7109 KGMVEMW  -14.3464  -14.5207   -0.1743    0.2028
 7110 KGVVEMW  -14.6779  -14.7777   -0.0997    0.2028
 7111 VGKVEMW  -13.7111  -13.6994    0.0117    0.2028
 7112 VGKVEMW  -13.7111  -13.6994    0.0117    0.2028
 7113 VGKVEMW  -13.7111  -13.6994    0.0117    0.2028
 7114 KGVVEMW  -13.8932  -13.9929   -0.0997    0.2028
 7115 KGVVEMW  -13.8932  -13.9929   -0.0997    0.2028
 7116 KGVVEMW  -13.8932  -13.9929   -0.0997    0.2028
 7117 KGVVDMW  -11.4936  -11.2761    0.2174    0.2028
 7118 KGVVDMW  -11.4936  -11.2761    0.2174    0.2028
 7119 KGVVEMW  -13.7282  -13.8280   -0.0997    0.2028
 7120 KGVVEMW  -13.7282  -13.8280   -0.0997    0.2028
 7121 MGVVEKW  -11.8858  -11.9855   -0.0997    0.2028
 7122 MGVVWKE  -12.3249  -12.5360   -0.2111    0.2028
 7123 MGVVWKE  -12.3249  -12.5360   -0.2111    0.2028
 7124 MGVVWKE  -12.3249  -12.5360   -0.2111    0.2028
 7125 EGVVWKM  -11.9489  -12.0486   -0.0997    0.2028
 7126 EKVVWGM  -12.3433  -12.5544   -0.2111    0.2028
 7127 EKVVWGM  -12.3433  -12.5544   -0.2111    0.2028
 7128 EKVVWGM  -12.3433  -12.5544   -0.2111    0.2028
 7129 EKVVWGM  -12.3433  -12.5544   -0.2111    0.2028
 7130 EKMVWGM  -10.1245  -10.4103   -0.2857    0.2028
 7131 EKMVWGM  -10.1245  -10.4103   -0.2857    0.2028
 7132 MDEVWGM   -7.8476   -8.5147   -0.6671    0.2028
 7133 MKEVWGM   -9.7187   -9.8929   -0.1743    0.2028
 7134 MKDVWGM   -8.9095   -8.7666    0.1429    0.2028
 7135 KMDVWGM   -9.9430   -9.6887    0.2543    0.2028
 7136 KMEVWGM  -10.8681  -10.9310   -0.0629    0.2028
 7137 KMEVWGM  -10.8681  -10.9310   -0.0629    0.2028
 7138 MKEVWGM  -10.7398  -10.9141   -0.1743    0.2028
 7139 MKEVWGM   -9.8225   -9.9968   -0.1743    0.2028
 7140 KMEVWGM  -10.1070  -10.1699   -0.0629    0.2028
 7141 KMEVWGM  -10.1070  -10.1699   -0.0629    0.2028
 7142 KMEVWGM  -10.1070  -10.1699   -0.0629    0.2028
 7143 KMDVWGM  -10.2635  -10.0092    0.2543    0.2028
 7144 KGDVWMM   -9.8717   -9.8402    0.0314    0.2028
 7145 DGMVWKM   -8.6669   -8.5240    0.1429    0.2028
 7146 VGMDMKW   -6.5353   -6.1696    0.3657    0.2028
 7147 VGMEMKW   -9.8071   -9.7585    0.0486    0.2028
 7148 VGVEMKW  -11.1487  -11.0255    0.1231    0.2028
 7149 VGVEVKW  -14.2899  -14.0922    0.1977    0.2028
 7150 VGIEVKW  -13.6654  -15.2934   -1.6280    0.2028
 7151 VGIEMKW  -13.4932  -15.1957   -1.7026    0.2028
 7152 KGVEMVW  -12.2161  -12.3158   -0.0997    0.2028
 7153 KGVEMVW  -12.2161  -12.3158   -0.0997    0.2028
 7154 KGVVMEW  -13.4170  -13.5167   -0.0997    0.2028
 7155 EGVVVKW  -13.5512  -13.5764   -0.0251    0.2028
 7156 EGVMVKW  -11.3384  -11.4381   -0.0997    0.2028
 7157 EGVMVKW  -11.3384  -11.4381   -0.0997    0.2028
 7158 WGVMVKE  -11.4727  -11.6839   -0.2111    0.2028
 7159 WGMMVKE  -11.1986  -11.4843   -0.2857    0.2028
 7160 WGMMVKE  -11.1986  -11.4843   -0.2857    0.2028
 7161 WGLMVKE   -8.9795  -12.2461   -3.2666    0.2028
 7162 WGAMVKE   -7.2121  -10.0192   -2.8071    0.2028
 7163 WAKMVAE   -8.8438  -11.6384   -2.7946    0.2028
 7164 WAKMVME   -9.1427  -11.0959   -1.9531    0.2028
 7165 FAKMVME   -8.7993   -9.1736   -0.3743    0.2028
 7166 FAKMVME   -8.7993   -9.1736   -0.3743    0.2028
 7167 FAKMVME   -8.7993   -9.1736   -0.3743    0.2028
 7168 FAKMVME   -8.7993   -9.1736   -0.3743    0.2028
 7169 FAKVVME   -9.6489  -10.0287   -0.3797    0.2028
 7170 FAKIVME   -9.8830  -11.9284   -2.0454    0.2028
 7171 FMKIVAE  -11.5124  -13.5578   -2.0454    0.2028
 7172 MVKIVAE  -15.2038  -15.8078   -0.6040    0.2028
 7173 MVKIVAE  -15.2038  -15.8078   -0.6040    0.2028
 7174 KVMIVEA  -14.0760  -14.6800   -0.6040    0.2028
 7175 IVEMVEA   -9.2383  -10.5409   -1.3026    0.2028
 7176 VVEMIEG   -8.5172   -9.8323   -1.3151    0.2028
 7177 VVEMIGE   -9.7932  -11.1084   -1.3151    0.2028
 7178 VVEIIGK   -9.7997  -10.2960   -0.4963    0.2028
 7179 VVIKLGE   -9.7369  -11.4629   -1.7260    0.2028
 7180 VKVILGE  -13.7877  -15.5136   -1.7260    0.2028
 7181 VLVIKGE  -15.8113  -17.6487   -1.8374    0.2028
 7182 VLVIKGE  -15.8113  -17.6487   -1.8374    0.2028
 7183 VLVIKGE  -15.6381  -17.4755   -1.8374    0.2284
 7184 KLVIVGE  -15.7876  -17.6250   -1.8374    0.2284
 7185 KIVIVGE  -17.6587  -18.2664   -0.6077    0.2284
 7186 KIVILGE  -15.3201  -18.9833   -3.6631    0.2284
 7187 KIIVLGE  -13.4431  -17.1062   -3.6631    0.2284
 7188 KYIVLGE  -12.5653  -14.4236   -1.8583    0.2284
 7189 KYVVWGE  -13.1725  -13.5299   -0.3574    0.2284
 7190 KYVVWGE  -13.1725  -13.5299   -0.3574    0.2284
 7191 KYVVWGE  -13.1725  -13.5299   -0.3574    0.2284
 7192 KIVVFGE  -14.1669  -14.4703   -0.3034    0.2284
 7193 KVVVFGE  -14.0370  -14.4347   -0.3977    0.2284
 7194 KVMVVGE  -10.7666  -12.7575   -1.9909    0.2284
 7195 KVMVVGE  -10.7666  -12.7575   -1.9909    0.2284
 7196 KWMVVGE  -11.7107  -11.9218   -0.2111    0.2284
 7197 KWMVVGE  -11.7107  -11.9218   -0.2111    0.2284
 7198 KWMVVGE  -11.7107  -11.9218   -0.2111    0.2284
 7199 KGMVAWE   -9.9691  -12.7762   -2.8071    0.2284
 7200 KGVMAWE  -11.1034  -13.9105   -2.8071    0.2284
 7201 KGVMEWA  -10.6698  -13.3655   -2.6957    0.2284
 7202 KGVMEWA  -10.6698  -13.3655   -2.6957    0.2284
 7203 RGVMEWA   -8.0905  -14.1502   -6.0597    0.2284
 7204 RGVVEWA   -8.9165  -14.9817   -6.0651    0.2284
 7205 RGVVEWA   -8.9165  -14.9817   -6.0651    0.2284
 7206 RGVVEWY   -9.4405  -13.0505   -3.6100    0.2284
 7207 RGMVEWY   -8.7955  -12.4001   -3.6046    0.2284
 7208 RGMVEWY   -8.7955  -12.4001   -3.6046    0.2284
 7209 RGMMDWY   -7.2521  -10.5341   -3.2820    0.2284
 7210 RGMMDWY   -7.2521  -10.5341   -3.2820    0.2284
 7211 EGMVKWY   -9.2023   -9.4428   -0.2406    0.2284
 7212 EGMVKWA   -8.7731  -11.4688   -2.6957    0.2284
 7213 VGMEDWA   -7.8435  -11.0321   -3.1886    0.2284
 7214 VGVEDWA   -8.4322  -11.6262   -3.1940    0.2284
 7215 VGAEVWD   -8.4939  -11.5765   -3.0826    0.2284
 7216 VGEVVWK  -12.8900  -12.9151   -0.0251    0.2284
 7217 VGEVVWE  -12.2598  -13.0949   -0.8351    0.2284
 7218 VGKVVWE  -16.1211  -16.1463   -0.0251    0.2284
 7219 VGKVVWE  -16.1211  -16.1463   -0.0251    0.2284
 7220 VGKVVWE  -16.1211  -16.1463   -0.0251    0.2284
 7221 KGVVVWE  -15.5951  -15.7316   -0.1366    0.2284
 7222 VGVKVWE  -12.9696  -12.8833    0.0863    0.2284
 7223 VGVKVWE  -12.9696  -12.8833    0.0863    0.2284
 7224 VGVKVWE  -12.9696  -12.8833    0.0863    0.2284
 7225 VGVKVWE  -12.9696  -12.8833    0.0863    0.2284
 7226 VGVEVWE  -12.0124  -12.7361   -0.7237    0.2284
 7227 VGVEVWD  -12.5074  -12.9139   -0.4066    0.2284
 7228 VGVVDWK  -13.0321  -12.6287    0.4034    0.2284
 7229 VGVVEWK  -12.9696  -12.8833    0.0863    0.2284
 7230 VGVVEWK  -12.9696  -12.8833    0.0863    0.2284
 7231 VGVVEWD  -13.4670  -13.8735   -0.4066    0.2284
 7232 VGVVKWD  -14.9905  -14.5871    0.4034    0.2284
 7233 LGVVKWD  -11.6129  -14.2649   -2.6520    0.2284
 7234 LFVVKGD  -13.2185  -14.4345   -1.2160    0.2284
 7235 VFKVVGD  -15.6784  -15.6476    0.0309    0.2284
 7236 VFKVVGD  -15.6784  -15.6476    0.0309    0.2284
 7237 KFVVVGD  -15.3941  -15.4747   -0.0806    0.2284
 7238 KFVVVGD  -15.3941  -15.4747   -0.0806    0.2284
 7239 KFVVVGD  -15.3941  -15.4747   -0.0806    0.2284
 7240 VFKVVGD  -15.8203  -15.7894    0.0309    0.2284
 7241 VFKVVGD  -15.8203  -15.7894    0.0309    0.2284
 7242 VLKVVGD  -15.4256  -17.4087   -1.9831    0.2284
 7243 VGKVVLD  -14.3154  -16.2986   -1.9831    0.2284
 7244 KGVVVLD  -14.3153  -16.4099   -2.0946    0.2284
 7245 KGVVILD  -12.9421  -14.4624   -1.5203    0.2284
 7246 VGKVILD  -12.9160  -14.3249   -1.4089    0.2284
 7247 VGIVKLD  -13.9202  -15.2176   -1.2974    0.2284
 7248 VGVVIKD  -13.0885  -13.3933   -0.3049    0.2284
 7249 VGVVIKD  -13.0885  -13.3933   -0.3049    0.2284
 7250 KVVIVGD  -17.6579  -17.9627   -0.3049    0.2284
 7251 KVIVVGD  -17.4627  -17.7676   -0.3049    0.2284
 7252 KVVIVGE  -16.7995  -17.4215   -0.6220    0.2284
 7253 KVVIVGE  -16.7995  -17.4215   -0.6220    0.2284
 7254 KVVIMGE  -17.2889  -17.9054   -0.6166    0.2284
 7255 KVVIMGE  -17.2889  -17.9054   -0.6166    0.2284
 7256 KVIVMGD  -16.4786  -16.7781   -0.2994    0.2284
 7257 KVIVMGD  -16.4786  -16.7781   -0.2994    0.2284
 7258 KIIVMGD  -17.4138  -17.7790   -0.3651    0.2284
 7259 KIIVMGD  -17.4138  -17.7790   -0.3651    0.2284
 7260 KIIVMGD  -17.4138  -17.7790   -0.3651    0.2284
 7261 KIIVMGD  -17.4714  -17.8365   -0.3651    0.2284
 7262 KIIVMGD  -17.4714  -17.8365   -0.3651    0.2284
 7263 KIIVMGD  -17.4714  -17.8365   -0.3651    0.2284
 7264 KIIVMGD  -17.4714  -17.8365   -0.3651    0.2284
 7265 KIIVMGD  -17.4714  -17.8365   -0.3651    0.2284
 7266 KIIVMGD  -17.4714  -17.8365   -0.3651    0.2284
 7267 KIIVMGE  -17.1068  -17.7891   -0.6823    0.2284
 7268 KIIVMGE  -17.1068  -17.7891   -0.6823    0.2284
 7269 KIMVIGE  -16.2394  -16.9217   -0.6823    0.2284
 7270 KIMVIGE  -16.2394  -16.9217   -0.6823    0.2284
 7271 KIMVVGE  -16.9258  -17.5423   -0.6166    0.2284
 7272 KIFVVGD  -15.1901  -15.1764    0.0137    0.2284
 7273 KIFVVGD  -15.1901  -15.1764    0.0137    0.2284
 7274 KIFVVGD  -15.1901  -15.1764    0.0137    0.2284
 7275 KIFVVGE  -14.8992  -15.2026   -0.3034    0.2284
 7276 KIFVVGE  -14.8992  -15.2026   -0.3034    0.2284
 7277 KIFVVGE  -14.8992  -15.2026   -0.3034    0.2284
 7278 KIFVVGE  -14.8992  -15.2026   -0.3034    0.2284
 7279 KIFVMGE  -14.5761  -14.9541   -0.3780    0.2284
 7280 KIFMVGE  -12.7264  -13.1044   -0.3780    0.2284
 7281 KIMMVGE  -15.2495  -15.8606   -0.6111    0.2284
 7282 KIMVVGE  -17.6195  -18.2361   -0.6166    0.2284
 7283 KIMVVGE  -17.6195  -18.2361   -0.6166    0.2284
 7284 KIVVMGE  -17.8310  -18.4476   -0.6166    0.2284
 7285 KIVVMGE  -17.8310  -18.4476   -0.6166    0.2284
 7286 KIVIMGE  -17.2670  -17.9493   -0.6823    0.2284
 7287 KIVIMGE  -17.2670  -17.9493   -0.6823    0.2284
 7288 KIVIMGE  -17.2670  -17.9493   -0.6823    0.2284
 7289 KIVVVGE  -17.5247  -18.1467   -0.6220    0.2284
 7290 KIVVVGE  -17.5247  -18.1467   -0.6220    0.2284
 7291 KIVVVGD  -18.1227  -18.4275   -0.3049    0.2284
 7292 KIVVVGE  -17.6276  -18.2496   -0.6220    0.2284
 7293 KIVVVGE  -17.6276  -18.2496   -0.6220    0.2284
 7294 KIVVVGE  -17.6276  -18.2496   -0.6220    0.2284
 7295 KMIVVGE  -16.5131  -17.1297   -0.6166    0.2284
 7296 KMIVVGE  -16.5038  -17.1204   -0.6166    0.2284
 7297 KMIVVGD  -16.5101  -16.8095   -0.2994    0.2284
 7298 KMVIVGE  -16.1486  -16.7652   -0.6166    0.2284
 7299 KVVIMGE  -16.6761  -17.2927   -0.6166    0.2284
 7300 KVMIMGE  -16.1857  -16.7969   -0.6111    0.2284
 7301 KWMVMGE  -16.3883  -16.6740   -0.2857    0.2284
 7302 KIVVMGE  -16.2337  -16.8503   -0.6166    0.2284
 7303 KIVVMGE  -16.2337  -16.8503   -0.6166    0.2284
 7304 KIVIMGE  -15.7156  -16.3979   -0.6823    0.2284
 7305 KIVIMGE  -15.7156  -16.3979   -0.6823    0.2284
 7306 KLIVMGE  -15.4550  -17.3670   -1.9120    0.2284
 7307 ILKMVGE  -14.3451  -16.1457   -1.8006    0.2284
 7308 MLKMVGE  -12.8847  -15.1741   -2.2894    0.2284
 7309 VVKMVGE  -13.6783  -15.5577   -1.8794    0.2284
 7310 VVKVMGE  -14.5550  -16.4345   -1.8794    0.2284
 7311 VMIVKGE  -13.6962  -14.3128   -0.6166    0.2284
 7312 VIIVKGE  -14.2227  -14.8304   -0.6077    0.2284
 7313 VIIVKGD  -15.1017  -15.3922   -0.2906    0.2284
 7314 VVIIEGD  -13.8973  -14.9979   -1.1006    0.2284
 7315 VVIIEGD  -13.8973  -14.9979   -1.1006    0.2284
 7316 VIVIKGD  -16.6383  -16.9289   -0.2906    0.2284
 7317 VIVIKGD  -16.6383  -16.9289   -0.2906    0.2284
 7318 IIVVKGD  -14.9678  -15.2584   -0.2906    0.2284
 7319 IIEVVGD  -12.4401  -13.4292   -0.9891    0.2284
 7320 EILVVGD  -12.7686  -15.0988   -2.3303    0.2284
 7321 EILVVGK  -13.8075  -15.6449   -1.8374    0.2284
 7322 KLIVVGD  -14.2333  -15.7536   -1.5203    0.2284
 7323 ILVKVGD  -11.6611  -13.0700   -1.4089    0.2284
 7324 IVLKVGD  -11.6483  -13.0571   -1.4089    0.2284
 7325 VIVEVGE  -14.9648  -16.2854   -1.3206    0.2284
 7326 VVIEVGE  -13.9796  -15.3002   -1.3206    0.2284
 7327 EMIVVGE  -12.3812  -13.8077   -1.4266    0.2284
 7328 EMVVIGE  -12.3174  -13.7440   -1.4266    0.2284
 7329 IMVVDGE  -12.0776  -13.1870   -1.1094    0.2284
 7330 DEIIVGM  -10.8606  -12.0357   -1.1751    0.2284
 7331 DVIIEGM  -11.2306  -12.2943   -1.0637    0.2284
 7332 DVIIKGM  -13.4453  -13.6990   -0.2537    0.2284
 7333 DIVIKGM  -13.4476  -13.7013   -0.2537    0.2284
 7334 KVIIDGM  -13.8733  -14.1270   -0.2537    0.2284
 7335 VEIIMGD  -12.4748  -13.5386   -1.0637    0.2284
 7336 DVILMGE  -10.1350  -12.5399   -2.4049    0.2284
 7337 DLIVMGE  -11.0457  -13.4505   -2.4049    0.2284
 7338 RVIVMGE  -10.9525  -14.9331   -3.9806    0.2284
 7339 KVIIMGE  -15.8190  -16.5013   -0.6823    0.2284
 7340 KVIIMGE  -15.8190  -16.5013   -0.6823    0.2284
 7341 KVIIMGE  -15.8190  -16.5013   -0.6823    0.2284
 7342 KVIIMGE  -15.8190  -16.5013   -0.6823    0.2284
 7343 KIIIMGE  -14.9370  -17.4450   -2.5080    0.2284
 7344 KIIIGGE  -15.0662  -16.2282   -1.1620    0.2284
 7345 KIVIGGE  -13.8989  -16.4352   -2.5363    0.2284
 7346 KIVIGGE  -13.8989  -16.4352   -2.5363    0.2284
 7347 KIVIGGE  -13.8989  -16.4352   -2.5363    0.2284
 7348 KIFIGGE  -15.8448  -16.7826   -0.9377    0.2284
 7349 KIFIGGE  -15.8448  -16.7826   -0.9377    0.2284
 7350 KIFIGGE  -15.8448  -16.7826   -0.9377    0.2284
 7351 KIIIGGD  -14.7238  -15.5686   -0.8449    0.2284
 7352 KIIIGGD  -14.7238  -15.5686   -0.8449    0.2284
 7353 KIGIIGD  -15.0505  -15.6725   -0.6220    0.2284
 7354 RIGIWGD  -12.2867  -15.5473   -3.2606    0.2284
 7355 KIGIWGD  -13.8508  -13.7474    0.1034    0.2284
 7356 KIGIWGD  -13.8508  -13.7474    0.1034    0.2284
 7357 KIGIWGD  -13.8508  -13.7474    0.1034    0.2284
 7358 KIGIWGD  -13.8508  -13.7474    0.1034    0.2284
 7359 KLGIWGD  -11.8839  -13.2102   -1.3263    0.2284
 7360 KLGIWGD  -11.8839  -13.2102   -1.3263    0.2284
 7361 IKGIWGD  -11.1148  -11.0113    0.1034    0.2284
 7362 IGGIKWD  -10.2961  -10.1927    0.1034    0.2284
 7363 KGIIGWE  -12.3839  -12.5976   -0.2137    0.2284
 7364 KGIIGWE  -12.3839  -12.5976   -0.2137    0.2284
 7365 KGIIGWE  -12.3839  -12.5976   -0.2137    0.2284
 7366 FGKIGWE   -8.3406   -8.1386    0.2020    0.2284
 7367 FGKIGWE   -8.3406   -8.1386    0.2020    0.2284
 7368 IGKIGWE  -12.3429  -12.4451   -0.1023    0.2284
 7369 IGELGKW   -7.8047   -9.3367   -1.5320    0.2284
 7370 IGKLGEW   -8.9602  -10.4922   -1.5320    0.2284
 7371 IGKLGEW   -8.9602  -10.4922   -1.5320    0.2284
 7372 IGKLGWE  -11.0809  -12.6129   -1.5320    0.2284
 7373 KGILGWE  -10.9616  -12.6051   -1.6434    0.2284
 7374 KGILGWD  -10.7897  -12.1160   -1.3263    0.2284
 7375 KGILGWD  -10.7897  -12.1160   -1.3263    0.2284
 7376 KGWVGID   -9.5434  -10.4543   -0.9109    0.2284
 7377 KGWVGME  -10.9805  -13.5774   -2.5969    0.2284
 7378 KGWVGME  -10.9805  -13.5774   -2.5969    0.2284
 7379 KGWVGWD  -12.5112  -12.3366    0.1746    0.2284
 7380 KGWVGWD  -12.5112  -12.3366    0.1746    0.2284
 7381 KGWVGWE  -12.0324  -12.1750   -0.1426    0.2284
 7382 KGWVGWE  -12.0324  -12.1750   -0.1426    0.2284
 7383 KGWVGWE  -12.0324  -12.1750   -0.1426    0.2284
 7384 KGWVGWE  -12.0209  -12.1635   -0.1426    0.2031
 7385 KGWVGWE  -12.0209  -12.1635   -0.1426    0.2031
 7386 KGWVGWE  -12.0209  -12.1635   -0.1426    0.2031
 7387 KGEVGWW  -11.0302  -11.1728   -0.1426    0.2031
 7388 EGKVGWL   -9.7601  -12.7778   -3.0177    0.2031
 7389 EGKVGWL   -9.7601  -12.7778   -3.0177    0.2031
 7390 EGLVGKW   -7.4861  -10.5039   -3.0177    0.2031
 7391 DGLVGKL   -4.9905  -10.5662   -5.5757    0.2031
 7392 LGDVGKL   -4.0346   -9.4989   -5.4643    0.2031
 7393 WGLVGKD   -8.6832  -11.4952   -2.8120    0.2031
 7394 WGLVGKD   -8.6832  -11.4952   -2.8120    0.2031
 7395 WGWVGKE  -10.1844  -10.4384   -0.2540    0.2031
 7396 WGWVGKE  -10.1844  -10.4384   -0.2540    0.2031
 7397 WGIVGKE   -9.3826  -10.7220   -1.3394    0.2031
 7398 WGIVGKE   -9.3826  -10.7220   -1.3394    0.2031
 7399 WGIIGKD  -11.2382  -11.2462   -0.0080    0.2031
 7400 WGIIGKE  -11.0798  -11.4050   -0.3251    0.2031
 7401 WGIIGKE  -11.0798  -11.4050   -0.3251    0.2031
 7402 WGVIGKE  -10.4278  -11.7672   -1.3394    0.2031
 7403 KGVIMWD  -11.2501  -12.9698   -1.7197    0.2031
 7404 VGKIMWD  -11.7952  -13.4035   -1.6083    0.2031
 7405 KGVIVWD  -14.0009  -15.6460   -1.6451    0.2031
 7406 KGVIEWV  -12.2764  -14.1273   -1.8509    0.2031
 7407 KGVIEWG  -13.6019  -14.8299   -1.2280    0.2031
 7408 KGLIEWG  -13.3696  -15.0131   -1.6434    0.2031
 7409 KGVIEWG  -13.5385  -14.7665   -1.2280    0.2031
 7410 KGVIEWG  -13.5385  -14.7665   -1.2280    0.2031
 7411 KGVIEWG  -13.5385  -14.7665   -1.2280    0.2031
 7412 KGVIEWG  -13.5385  -14.7665   -1.2280    0.2031
 7413 VGKIEWG  -13.6873  -14.8038   -1.1166    0.2031
 7414 IGKIEWG  -14.5731  -14.6754   -0.1023    0.2031
 7415 IGKIEWG  -14.5731  -14.6754   -0.1023    0.2031
 7416 IGKIEWG  -14.5731  -14.6754   -0.1023    0.2031
 7417 IGKIEWG  -14.5731  -14.6754   -0.1023    0.2031
 7418 IGKIEWG  -14.5731  -14.6754   -0.1023    0.2031
 7419 IGKIEWG  -14.5731  -14.6754   -0.1023    0.2031
 7420 IGKIEWG  -14.5731  -14.6754   -0.1023    0.2031
 7421 IGKIEWG  -14.5731  -14.6754   -0.1023    0.2031
 7422 IGRIEWG  -12.1521  -15.6184   -3.4663    0.2031
 7423 IGRIEWG  -12.1521  -15.6184   -3.4663    0.2031
 7424 IGKIEWG  -15.3812  -15.4835   -0.1023    0.2031
 7425 IGKIEWG  -15.3812  -15.4835   -0.1023    0.2031
 7426 IGKIEWG  -15.3812  -15.4835   -0.1023    0.2031
 7427 IGKIEWG  -15.3812  -15.4835   -0.1023    0.2031
 7428 IGKIEWG  -15.3812  -15.4835   -0.1023    0.2031
 7429 IGKIEWG  -15.3812  -15.4835   -0.1023    0.2031
 7430 IGKIEWG  -15.3812  -15.4835   -0.1023    0.2031
 7431 IGKVEWG  -13.5571  -14.6736   -1.1166    0.2031
 7432 VGKIEWG  -14.6355  -15.7520   -1.1166    0.2031
 7433 VGKIEWG  -14.6355  -15.7520   -1.1166    0.2031
 7434 VGKIEWG  -14.6355  -15.7520   -1.1166    0.2031
 7435 IGKVEWG  -13.5904  -14.7070   -1.1166    0.2031
 7436 IGKVEWG  -13.5904  -14.7070   -1.1166    0.2031
 7437 IGKVEWG  -13.5904  -14.7070   -1.1166    0.2031
 7438 IGKVEWG  -13.5904  -14.7070   -1.1166    0.2031
 7439 VGKVEWG  -12.3501  -14.8409   -2.4909    0.2031
 7440 VGKVEWG  -12.3501  -14.8409   -2.4909    0.2031
 7441 IGKMEWG  -12.4123  -13.5235   -1.1111    0.2031
 7442 IGKMEWG  -12.4123  -13.5235   -1.1111    0.2031
 7443 IGKMEWG  -12.4123  -13.5235   -1.1111    0.2031
 7444 IGKMEWG  -12.4123  -13.5235   -1.1111    0.2031
 7445 IGKIEWG  -15.4637  -15.5660   -0.1023    0.2031
 7446 IGKIEVG  -13.6713  -15.8733   -2.2020    0.2031
 7447 IGKIEWG  -15.4694  -15.5716   -0.1023    0.2031
 7448 IGKIEWG  -15.4694  -15.5716   -0.1023    0.2031
 7449 IGKIEWG  -15.4694  -15.5716   -0.1023    0.2031
 7450 IGKIEWG  -15.4694  -15.5716   -0.1023    0.2031
 7451 IGKIEWG  -15.4694  -15.5716   -0.1023    0.2031
 7452 IGKIEWG  -15.4694  -15.5716   -0.1023    0.2031
 7453 IGKIEWG  -15.4694  -15.5716   -0.1023    0.2031
 7454 IGKIEWG  -15.4694  -15.5716   -0.1023    0.2031
 7455 IGKIEWG  -15.4694  -15.5716   -0.1023    0.2031
 7456 KGIVEWG  -12.8212  -14.0492   -1.2280    0.2031
 7457 KGIVEWG  -12.8212  -14.0492   -1.2280    0.2031
 7458 KGIVEWG  -12.8212  -14.0492   -1.2280    0.2031
 7459 KGIVEWG  -12.8212  -14.0492   -1.2280    0.2031
 7460 KGIVEWG  -12.8212  -14.0492   -1.2280    0.2031
 7461 KGVIEWG  -14.1718  -15.3998   -1.2280    0.2031
 7462 KGVIEWG  -14.1718  -15.3998   -1.2280    0.2031
 7463 KGIVEWG  -12.8374  -14.0654   -1.2280    0.2031
 7464 VGKVEWG  -12.1705  -14.6613   -2.4909    0.2031
 7465 VGKVEWG  -12.1705  -14.6613   -2.4909    0.2031
 7466 VGKIEWG  -14.4441  -15.5606   -1.1166    0.2031
 7467 VGKIEWG  -14.4441  -15.5606   -1.1166    0.2031
 7468 VGKIEWG  -14.4441  -15.5606   -1.1166    0.2031
 7469 KGVIEWG  -14.0226  -15.2506   -1.2280    0.2031
 7470 KGVIEWG  -14.0226  -15.2506   -1.2280    0.2031
 7471 KGIIEWG  -14.4916  -14.7053   -0.2137    0.2031
 7472 KGIIEWG  -14.4916  -14.7053   -0.2137    0.2031
 7473 KGIIEWG  -14.4916  -14.7053   -0.2137    0.2031
 7474 KGIIEWG  -14.4916  -14.7053   -0.2137    0.2031
 7475 KGMIEWG  -13.1849  -14.4075   -1.2226    0.2031
 7476 KGIIEWG  -14.4273  -14.6410   -0.2137    0.2031
 7477 KILIEGG  -13.1814  -16.1331   -2.9517    0.2031
 7478 KILIEGG  -13.1814  -16.1331   -2.9517    0.2031
 7479 LIKIEGG  -11.9758  -14.8161   -2.8403    0.2031
 7480 VIKIEAG  -13.1289  -15.4298   -2.3009    0.2031
 7481 KIVIEAG  -14.5729  -16.9852   -2.4123    0.2031
 7482 IKVIEAG  -13.9265  -16.2273   -2.3009    0.2031
 7483 IVKIEAG  -16.1264  -18.4273   -2.3009    0.2031
 7484 IAVIEKG  -12.1809  -14.8160   -2.6351    0.2031
 7485 IALIEKG  -12.0264  -15.0770   -3.0506    0.2031
 7486 IALIEKG  -12.0264  -15.0770   -3.0506    0.2031
 7487 IALIEKG  -12.0264  -15.0770   -3.0506    0.2031
 7488 IAKIELG  -14.0629  -16.7792   -2.7163    0.2031
 7489 IAKIELG  -14.0629  -16.7792   -2.7163    0.2031
 7490 IGKIEAG  -10.2716  -15.7496   -5.4780    0.2031
 7491 IGKIEFG  -13.7147  -14.3181   -0.6034    0.2031
 7492 IGKIEFG  -13.7147  -14.3181   -0.6034    0.2031
 7493 IGKIEFG  -13.7147  -14.3181   -0.6034    0.2031
 7494 IGKIEWG  -15.2813  -15.3836   -0.1023    0.2031
 7495 IGKIEWG  -15.2813  -15.3836   -0.1023    0.2031
 7496 IGKIEWG  -15.2813  -15.3836   -0.1023    0.2031
 7497 IGKIEWG  -15.2813  -15.3836   -0.1023    0.2031
 7498 IGKIEWG  -15.2813  -15.3836   -0.1023    0.2031
 7499 KGIIEWG  -14.6130  -14.8268   -0.2137    0.2031
 7500 KGIIEWG  -14.6130  -14.8268   -0.2137    0.2031
 7501 KGIIEWG  -14.6130  -14.8268   -0.2137    0.2031
 7502 KGIIEWG  -14.6130  -14.8268   -0.2137    0.2031
 7503 KGIIEWG  -14.6130  -14.8268   -0.2137    0.2031
 7504 KGIIEWG  -14.6130  -14.8268   -0.2137    0.2031
 7505 KGVIEWG  -14.0661  -15.2941   -1.2280    0.2031
 7506 KGVIDWG  -12.2776  -13.1885   -0.9109    0.2031
 7507 KGVIDWG  -12.2776  -13.1885   -0.9109    0.2031
 7508 KGVIDWG  -12.2776  -13.1885   -0.9109    0.2031
 7509 KGVIEWG  -13.9781  -15.2061   -1.2280    0.2031
 7510 KGIIEWG  -15.1849  -15.3986   -0.2137    0.2031
 7511 KGIIEWG  -15.1849  -15.3986   -0.2137    0.2031
 7512 KGIIEWG  -15.1849  -15.3986   -0.2137    0.2031
 7513 KGIIEWG  -15.1849  -15.3986   -0.2137    0.2031
 7514 KGIIEWG  -15.1849  -15.3986   -0.2137    0.2031
 7515 KGLIEWG  -13.6620  -15.3055   -1.6434    0.2031
 7516 KGLIEWG  -13.6620  -15.3055   -1.6434    0.2031
 7517 KGLIEWG  -13.6620  -15.3055   -1.6434    0.2031
 7518 KGVIEWG  -14.0423  -15.2703   -1.2280    0.2031
 7519 KGVIEWG  -14.0423  -15.2703   -1.2280    0.2031
 7520 KGLIEWG  -13.6298  -15.2732   -1.6434    0.2031
 7521 KGIIEWG  -15.2113  -15.4250   -0.2137    0.2031
 7522 KGIIEWG  -15.2113  -15.4250   -0.2137    0.2031
 7523 KGILEWG  -12.0237  -13.6671   -1.6434    0.2031
 7524 KGILEWG  -12.0237  -13.6671   -1.6434    0.2031
 7525 KGIIEFG  -11.5852  -12.3000   -0.7149    0.2031
 7526 KGIIEFG  -11.5852  -12.3000   -0.7149    0.2031
 7527 KGIIDFG   -9.9696  -10.3673   -0.3977    0.2031
 7528 KGIIDFG   -9.9696  -10.3673   -0.3977    0.2031
 7529 KGIIEFG  -11.9055  -12.6204   -0.7149    0.2031
 7530 KGIIEFG  -11.9055  -12.6204   -0.7149    0.2031
 7531 KGIIEFG  -11.9055  -12.6204   -0.7149    0.2031
 7532 IGKIEFG  -11.4257  -12.0291   -0.6034    0.2031
 7533 KGIIEFG  -10.2047  -10.9195   -0.7149    0.2031
 7534 KGIIEFG  -10.2047  -10.9195   -0.7149    0.2031
 7535 KGIIEFG  -10.2047  -10.9195   -0.7149    0.2031
 7536 KGIIEFG  -10.2047  -10.9195   -0.7149    0.2031
 7537 KGIIEFG  -10.2047  -10.9195   -0.7149    0.2031
 7538 KGIIEFG  -10.2047  -10.9195   -0.7149    0.2031
 7539 KGIMEWG  -11.1716  -12.3942   -1.2226    0.2031
 7540 KGIMEWG  -11.1716  -12.3942   -1.2226    0.2031
 7541 KGMMEWG  -10.0195  -12.6110   -2.5914    0.2031
 7542 MGKMEWG   -8.9560  -11.4360   -2.4800    0.2031
 7543 FGKMEWG   -8.2080   -9.0948   -0.8869    0.2031
 7544 FGKMDWG   -6.7078   -7.2775   -0.5697    0.2031
 7545 FGRFDVG   -6.2619  -11.0622   -4.8003    0.2031
 7546 RGFFDIG   -6.0333   -9.5707   -3.5374    0.2031
 7547 KGIFDFG  -10.3221  -10.4955   -0.1734    0.2031
 7548 RGIFDFG   -8.8821  -12.4195   -3.5374    0.2031
 7549 RGIFDVG   -8.7130  -13.8490   -5.1360    0.2031
 7550 KGIFDVG  -10.1210  -11.8930   -1.7720    0.2031
 7551 KGIFDVG  -10.1210  -11.8930   -1.7720    0.2031
 7552 KGIFDVG  -10.1210  -11.8930   -1.7720    0.2031
 7553 WGIIDKG   -8.3759   -8.3839   -0.0080    0.2031
 7554 DGFIWKG   -6.3461   -6.0498    0.2963    0.2031
 7555 FGDMWKG   -3.8381   -4.5192   -0.6811    0.2031
 7556 LGWKDVG   -1.9036   -4.6042   -2.7006    0.2031
 7557 WGIKDIG   -4.3518   -4.2483    0.1034    0.2031
 7558 WGIKVDG   -6.7868   -7.5863   -0.7994    0.2031
 7559 WGIKVDG   -6.7295   -7.5290   -0.7994    0.2031
 7560 MGIKVDG   -5.5621   -8.8158   -3.2537    0.2031
 7561 MGVVKDG   -7.9336  -12.7845   -4.8509    0.2031
 7562 MLVVKDG  -10.8269  -13.0275   -2.2006    0.2031
 7563 VFVVKDG  -11.0781  -11.2701   -0.1920    0.2031
 7564 VMVVKDG  -13.5467  -15.3318   -1.7851    0.2031
 7565 VFVVKDG  -12.9357  -13.1277   -0.1920    0.2031
 7566 VVVVKEG  -12.5218  -14.6295   -2.1077    0.2031
 7567 LKVVVEG  -12.8761  -15.1764   -2.3003    0.2031
 7568 LKVVVEG  -12.8761  -15.1764   -2.3003    0.2031
 7569 KLVIVEG  -11.6089  -13.4463   -1.8374    0.2031
 7570 KIVLVDG  -12.0665  -13.5867   -1.5203    0.2031
 7571 KLVLVDG  -10.8805  -13.6305   -2.7500    0.2031
 7572 KFVLVDG  -11.5861  -12.8021   -1.2160    0.2031
 7573 VKILVDG  -13.7528  -15.1617   -1.4089    0.2031
 7574 VKIMVDG  -13.7304  -13.9184   -0.1880    0.2031
 7575 VKMIVDG  -15.8520  -16.0400   -0.1880    0.2031
 7576 VIMVKDG  -13.3540  -13.7649   -0.4109    0.2031
 7577 VFKVIDG  -11.8591  -11.7339    0.1251    0.2031
 7578 VFKVIDG  -11.8591  -11.7339    0.1251    0.2031
 7579 VVKVIDG  -13.6308  -13.8243   -0.1934    0.2031
 7580 VVKIVDG  -15.3591  -15.5525   -0.1934    0.2031
 7581 VIKVVDG  -13.1310  -13.3244   -0.1934    0.2031
 7582 IVKVVDG  -15.2367  -15.4302   -0.1934    0.2031
 7583 IVKVVDG  -15.2367  -15.4302   -0.1934    0.2031
 7584 IVKVVDG  -15.2367  -15.4302   -0.1934    0.2031
 7585 IVKVVDG  -15.2367  -15.4302   -0.1934    0.2031
 7586 IIKVVDG  -13.3924  -13.5716   -0.1791    0.2031
 7587 IKIVVEG  -14.7302  -15.2264   -0.4963    0.2031
 7588 IKLVVEG  -13.8593  -15.5853   -1.7260    0.2031
 7589 IKLVVEG  -13.8593  -15.5853   -1.7260    0.2031
 7590 VVIVKEG  -12.9743  -13.7077   -0.7334    0.2031
 7591 FVIVKEG   -9.9860  -10.4009   -0.4149    0.2031
 7592 VVIVKEG  -13.0074  -13.7409   -0.7334    0.2031
 7593 IVVVKEG  -12.8596  -13.5930   -0.7334    0.2031
 7594 IVVVDEG  -11.8439  -13.0702   -1.2263    0.2031
 7595 IVVIDEG  -11.5164  -12.7284   -1.2120    0.2031
 7596 IVVIDEG  -11.5284  -12.7404   -1.2120    0.1961
 7597 IVIVDEG  -11.1505  -12.3625   -1.2120    0.1961
 7598 IVMVDEG  -11.5911  -12.8120   -1.2209    0.1961
 7599 IVMVEEG  -12.5867  -14.1247   -1.5380    0.1961
 7600 IVMVEEG  -12.5867  -14.1247   -1.5380    0.1961
 7601 VIAVEEG   -7.2390  -12.0584   -4.8194    0.1961
 7602 EIFVVEG  -10.3997  -11.5131   -1.1134    0.1961
 7603 EVVVIDG  -11.4164  -12.5313   -1.1149    0.1961
 7604 VVIIEDG  -14.0479  -15.2599   -1.2120    0.1961
 7605 EVIIVDG  -12.8799  -13.9805   -1.1006    0.1961
 7606 EVIIVDG  -12.8799  -13.9805   -1.1006    0.1961
 7607 DVIIVDG  -11.5679  -12.3514   -0.7834    0.1961
 7608 EIAIVDA   -8.5811  -11.5851   -3.0040    0.1961
 7609 VIAIDDA   -9.3610  -12.1593   -2.7983    0.1961
 7610 IIAVEDA   -9.4114  -12.5268   -3.1154    0.1961
 7611 IIAVEDA   -9.4114  -12.5268   -3.1154    0.1961
 7612 IVAIEEA   -9.7660  -13.1986   -3.4326    0.1961
 7613 IVAIEDA   -8.7398  -11.8552   -3.1154    0.1961
 7614 IVAIDDA   -8.1354  -10.9337   -2.7983    0.1961
 7615 IVAIDAD  -10.5389  -13.2257   -2.6869    0.1961
 7616 ILAIKAD  -12.4368  -15.7663   -3.3294    0.1961
 7617 ILAIKAD  -12.4368  -15.7663   -3.3294    0.1961
 7618 ILKIAAD  -14.0857  -17.4151   -3.3294    0.1961
 7619 IVKIAAD  -14.5147  -16.7087   -2.1940    0.1961
 7620 IVKLAAD  -12.0399  -16.0236   -3.9837    0.1961
 7621 IVKMAAD  -12.5784  -16.1413   -3.5629    0.1961
 7622 IVKMDAA  -10.2643  -13.7157   -3.4514    0.1961
 7623 IVKMDAM  -11.7261  -11.8961   -0.1700    0.1961
 7624 VIKMEGM  -14.1512  -14.5395   -0.3883    0.1961
 7625 VIKMEGM  -14.1512  -14.5395   -0.3883    0.1961
 7626 MVKMEGI  -13.5993  -13.9876   -0.3883    0.1961
 7627 IVKMEGY  -11.1170  -12.3316   -1.2146    0.1961
 7628 IVKMEGY  -11.1170  -12.3316   -1.2146    0.1961
 7629 IVKLEGY  -11.7998  -13.4352   -1.6354    0.1961
 7630 IVKLEGY  -11.7998  -13.4352   -1.6354    0.1961
 7631 KVIVDGY  -12.0709  -13.0852   -1.0143    0.1961
 7632 RIFVDGY  -11.1405  -13.9202   -2.7797    0.1961
 7633 RVFIDGY  -10.8099  -13.5896   -2.7797    0.1961
 7634 RVFIDGY  -10.8099  -13.5896   -2.7797    0.1961
 7635 RVFIDGY  -10.8099  -13.5896   -2.7797    0.1961
 7636 RVFIDGY  -10.8099  -13.5896   -2.7797    0.1961
 7637 KMFIDGY   -9.2896   -8.6999    0.5897    0.1961
 7638 KMFIDGY   -9.2896   -8.6999    0.5897    0.1961
 7639 KMFIDGY   -9.2896   -8.6999    0.5897    0.1961
 7640 KMFIDGY   -9.2896   -8.6999    0.5897    0.1961
 7641 KMFIDGY   -9.2896   -8.6999    0.5897    0.1961
 7642 YIIVDGD   -9.7663  -10.0105   -0.2443    0.1961
 7643 VIIVDGD  -12.9689  -13.7523   -0.7834    0.1961
 7644 VLDVIGK   -9.1670  -10.5759   -1.4089    0.1961
 7645 DIMVLGK  -11.2339  -12.8288   -1.5949    0.1961
 7646 DIMVMGK  -12.7491  -13.0431   -0.2940    0.1961
 7647 DIMVMGR  -11.6814  -15.3394   -3.6580    0.1961
 7648 DIMVMGR  -11.9647  -15.6227   -3.6580    0.1961
 7649 KIMVLGD  -15.0030  -16.5979   -1.5949    0.1961
 7650 KMMVMGD  -14.9272  -16.5901   -1.6629    0.1961
 7651 KMLVMGD  -15.2487  -17.3324   -2.0837    0.1961
 7652 KMLVMGE  -14.6493  -17.0501   -2.4009    0.1961
 7653 KMLVMGE  -14.6493  -17.0501   -2.4009    0.1961
 7654 KVLVMGE  -14.6241  -17.0304   -2.4063    0.1961
 7655 KWMVMGE  -15.6882  -15.9739   -0.2857    0.1961
 7656 KWMVMGE  -15.6882  -15.9739   -0.2857    0.1961
 7657 KWMVMGE  -15.1168  -15.4025   -0.2857    0.1961
 7658 KWMVMGE  -15.1168  -15.4025   -0.2857    0.1961
 7659 KWMVMGE  -15.1168  -15.4025   -0.2857    0.1961
 7660 KIMVMGE  -15.7482  -16.3593   -0.6111    0.1961
 7661 KIMVMGE  -15.7482  -16.3593   -0.6111    0.1961
 7662 KIMVMGE  -15.7482  -16.3593   -0.6111    0.1961
 7663 KIMVMGE  -15.7482  -16.3593   -0.6111    0.1961
 7664 KVVVFGE  -11.9837  -12.3814   -0.3977    0.1961
 7665 EVVIFGD   -8.4915   -9.2878   -0.7963    0.1961
 7666 KVVVLGD  -12.9526  -15.0472   -2.0946    0.1961
 7667 LGVVLKD  -10.6351  -13.3851   -2.7500    0.1961
 7668 LGVVKLD  -11.9477  -14.4748   -2.5271    0.1961
 7669 LEVVKLG  -10.4834  -13.3277   -2.8443    0.1961
 7670 LEVVKIG  -10.1778  -11.7924   -1.6146    0.1961
 7671 LEVVKIG  -10.1778  -11.7924   -1.6146    0.1961
 7672 LKVVEGI   -8.8580  -10.4726   -1.6146    0.1961
 7673 LKVEVGI   -8.4007   -9.9038   -1.5031    0.1961
 7674 LDVDVGI   -5.3366   -7.0155   -1.6789    0.1961
 7675 VKMDVGG   -8.1893  -12.9287   -4.7394    0.1961
 7676 VEMDVGG   -6.4570  -12.0065   -5.5494    0.1961
 7677 IEMDMGG   -6.7745  -10.9442   -4.1697    0.1961
 7678 FEMKMGG   -7.5451  -10.9976   -3.4526    0.1961
 7679 IEFKMGG   -7.2333   -9.3170   -2.0837    0.1961
 7680 LEVMKGG   -6.1581  -11.7415   -5.5834    0.1961
 7681 LEVMKGG   -6.1581  -11.7415   -5.5834    0.1961
 7682 LEKVMGG   -9.0580  -14.7528   -5.6949    0.1961
 7683 LEKFMGG   -9.6528  -13.7491   -4.0963    0.1961
 7684 LEKFMGG   -9.6528  -13.7491   -4.0963    0.1961
 7685 LEKFMGG   -9.6528  -13.7491   -4.0963    0.1961
 7686 KLEFMGG   -7.0027  -10.9875   -3.9849    0.1961
 7687 KLEFMGG   -7.0027  -10.9875   -3.9849    0.1961
 7688 KELFMGG   -6.2888  -10.4965   -4.2077    0.1961
 7689 KELFMGG   -6.2888  -10.4965   -4.2077    0.1961
 7690 KELFMGG   -6.2888  -10.4965   -4.2077    0.1961
 7691 KDMFIGG   -9.2651  -11.3660   -2.1009    0.1961
 7692 KDMFIGG   -9.2651  -11.3660   -2.1009    0.1961
 7693 KEMFIGG   -9.8973  -12.3153   -2.4180    0.1961
 7694 FEMFKGG   -8.4467  -10.4176   -1.9709    0.1961
 7695 FEVFKGG   -8.6342  -10.6105   -1.9763    0.1961
 7696 LFAEKGG   -4.7453  -12.2345   -7.4891    0.1961
 7697 WWEAKGG   -7.9081  -11.4381   -3.5300    0.1961
 7698 WWEAKGG   -7.9081  -11.4381   -3.5300    0.1961
 7699 WWEAKGG   -7.9081  -11.4381   -3.5300    0.1961
 7700 WWKAEGG   -5.8106   -9.3406   -3.5300    0.1961
 7701 WGKAEWG   -5.7386   -9.0457   -3.3071    0.1961
 7702 WGKAEWG   -5.7386   -9.0457   -3.3071    0.1961
 7703 WGKVEWG   -9.9345   -9.9656   -0.0311    0.1961
 7704 WGKVEWG   -9.9345   -9.9656   -0.0311    0.1961
 7705 WGKVEWG   -9.9345   -9.9656   -0.0311    0.1961
 7706 WGKVEWG   -9.9345   -9.9656   -0.0311    0.1961
 7707 WGKVDWG   -8.9320   -8.6460    0.2860    0.1961
 7708 WGRVDWG   -9.0350  -12.1130   -3.0780    0.1961
 7709 WGRVDWG   -9.0350  -12.1130   -3.0780    0.1961
 7710 VGRVDWG   -8.4225  -13.9602   -5.5377    0.1961
 7711 VGRVDWG   -8.4225  -13.9602   -5.5377    0.1961
 7712 WGRVDWG   -9.1549  -12.2329   -3.0780    0.1961
 7713 WGKVDWG  -10.2601   -9.9741    0.2860    0.1961
 7714 FGKVDWG  -10.1976  -10.7727   -0.5751    0.1961
 7715 FGKDIWG   -7.4695   -7.1733    0.2963    0.1961
 7716 LGKDIWG   -7.1921   -8.6299   -1.4377    0.1961
 7717 VGKDIWG   -7.3397   -8.3620   -1.0223    0.1961
 7718 FGKDIMG   -5.4734   -7.3514   -1.8780    0.1961
 7719 LGKDIMG   -4.4238   -8.3158   -3.8920    0.1961
 7720 LGRDIWG   -5.3736  -10.1753   -4.8017    0.1961
 7721 RGVDIWG   -5.4441   -9.7189   -4.2749    0.1961
 7722 EGVDIWG   -7.2368   -8.9577   -1.7209    0.1961
 7723 EGVDIWG   -7.2368   -8.9577   -1.7209    0.1961
 7724 EGVDIWG   -7.2368   -8.9577   -1.7209    0.1961
 7725 RGIDLWG   -6.2114  -10.9017   -4.6903    0.1961
 7726 DGIDIGW   -5.2034   -5.4814   -0.2780    0.1961
 7727 KGIGIDW   -8.0193   -7.8045    0.2149    0.1961
 7728 DGIGIKW   -8.8127   -8.5978    0.2149    0.1961
 7729 IGIDIKG  -12.2446  -12.7552   -0.5106    0.1961
 7730 IGIDIKG  -12.2310  -12.7416   -0.5106    0.1961
 7731 IGIDIKG  -12.2310  -12.7416   -0.5106    0.1961
 7732 IGIDIKG  -12.2310  -12.7416   -0.5106    0.1961
 7733 IGMEIKG  -11.8043  -14.0008   -2.1966    0.1961
 7734 IGMEIKG  -11.8043  -14.0008   -2.1966    0.1961
 7735 IGIEIKG  -12.1503  -12.9780   -0.8277    0.1961
 7736 IGIEIKG  -12.1503  -12.9780   -0.8277    0.1961
 7737 IGIEIKG  -12.1503  -12.9780   -0.8277    0.1961
 7738 IGLEIKG  -11.9818  -14.5992   -2.6174    0.1961
 7739 IGMEIKG  -11.8516  -14.0482   -2.1966    0.1961
 7740 IGMEIKG  -11.8516  -14.0482   -2.1966    0.1961
 7741 IGMEIKG  -11.8516  -14.0482   -2.1966    0.1961
 7742 IGLEIKG  -11.9901  -14.6075   -2.6174    0.1961
 7743 IGLEIKG  -11.9901  -14.6075   -2.6174    0.1961
 7744 IGLEIKG  -11.9901  -14.6075   -2.6174    0.1961
 7745 IGLEIKG  -11.9901  -14.6075   -2.6174    0.1961
 7746 IGLEIKG  -11.9901  -14.6075   -2.6174    0.1961
 7747 IGMEIKG  -11.8642  -14.0608   -2.1966    0.1961
 7748 IGMEIKG  -11.8642  -14.0608   -2.1966    0.1961
 7749 IGIEIKG  -12.1513  -12.9790   -0.8277    0.1961
 7750 IGIDIKG  -10.3513  -10.8619   -0.5106    0.1961
 7751 IGIEIKG  -11.9084  -12.7361   -0.8277    0.1961
 7752 IGIVEKG  -10.9359  -13.3608   -2.4249    0.1961
 7753 IGFVEKG   -9.5554  -11.7560   -2.2006    0.1961
 7754 FGKVEVG   -8.9605  -12.3125   -3.3520    0.1961
 7755 LGKVEVG   -8.0251  -13.3911   -5.3660    0.1961
 7756 VGKVELG   -9.0304  -14.3964   -5.3660    0.1961
 7757 VGKIELG  -11.2172  -15.2089   -3.9917    0.1961
 7758 IGLVKEG   -8.8613  -13.0759   -4.2146    0.1961
 7759 IGVVKEG   -8.9321  -12.7313   -3.7991    0.1961
 7760 IGLVKEG   -8.9460  -13.1606   -4.2146    0.1961
 7761 VGIFEKG  -10.5957  -12.7963   -2.2006    0.1961
 7762 IGVFEKG  -10.9981  -13.1987   -2.2006    0.1961
 7763 IGVFEKG  -10.9981  -13.1987   -2.2006    0.1961
 7764 IGVIEKG  -10.8530  -13.2779   -2.4249    0.1961
 7765 IGVIKDG   -9.9999  -12.1076   -2.1077    0.1961
 7766 IGKVIEG   -9.5269  -11.8403   -2.3134    0.1961
 7767 IGIIKEG  -11.8047  -12.8552   -1.0506    0.1961
 7768 IGIIEKG  -11.6149  -12.6655   -1.0506    0.1961
 7769 WGIIEKG  -10.0400  -10.3651   -0.3251    0.1961
 7770 WGIIKEG   -9.2399   -9.5651   -0.3251    0.1961
 7771 WGILKEG   -7.2807   -9.0356   -1.7549    0.1961
 7772 WGIFKEG   -8.0463   -8.0671   -0.0209    0.1961
 7773 FGIWKEG   -7.8988   -7.9196   -0.0209    0.1961
 7774 FGIWKEG   -7.8988   -7.9196   -0.0209    0.1961
 7775 FGIYKDG   -6.2950   -8.9993   -2.7043    0.1961
 7776 FGKYIDG   -7.3861   -9.9790   -2.5929    0.1961
 7777 FGKWIDG  -10.9804  -10.5727    0.4077    0.1961
 7778 MGKWIDG  -10.0424  -10.9479   -0.9054    0.1961
 7779 MGKWIDG  -10.0424  -10.9479   -0.9054    0.1961
 7780 MGKWIDG  -10.0424  -10.9479   -0.9054    0.1961
 7781 LGKWMDG   -9.6656  -12.3607   -2.6951    0.1961
 7782 LGKWMDG   -9.6656  -12.3607   -2.6951    0.1961
 7783 LGKVMDG   -8.1920  -13.3468   -5.1549    0.1961
 7784 LGKIMEG   -9.0337  -13.1314   -4.0977    0.1961
 7785 LGKVIDG  -10.0240  -13.8100   -3.7860    0.1961
 7786 LIKVIEG   -9.1632  -12.7149   -3.5517    0.1961
 7787 VLKIIEG   -9.5827  -13.1344   -3.5517    0.1961
 7788 ILKVIEG  -10.1499  -13.7016   -3.5517    0.1961
 7789 IIKVVEG  -12.5581  -13.0544   -0.4963    0.1961
 7790 IIKVVEG  -12.5581  -13.0544   -0.4963    0.1961
 7791 IIKVMDG  -12.8612  -13.1149   -0.2537    0.1961
 7792 IIKVMDG  -12.8612  -13.1149   -0.2537    0.1961
 7793 LIKVMDG  -13.0617  -14.5451   -1.4834    0.1961
 7794 IVKIMDG  -12.8265  -13.0802   -0.2537    0.1961
 7795 IYKIMDG  -11.9876  -11.6622    0.3254    0.1961
 7796 IYKIMDG  -11.9876  -11.6622    0.3254    0.1961
 7797 IYKIMDG  -11.8834  -11.5580    0.3254    0.1517
 7798 IYKIMDG  -11.8834  -11.5580    0.3254    0.1517
 7799 IYKIMDG  -11.8834  -11.5580    0.3254    0.1517
 7800 IYKIDMG  -11.1109  -10.6741    0.4369    0.1517
 7801 IYKIMDG  -13.2638  -12.9383    0.3254    0.1517
 7802 IYKIMDG  -13.2638  -12.9383    0.3254    0.1517
 7803 IVKIMDG  -16.1002  -16.3540   -0.2537    0.1517
 7804 IVKIMDG  -16.1002  -16.3540   -0.2537    0.1517
 7805 IMMVKDG  -12.2308  -12.6363   -0.4054    0.1517
 7806 IMKVMDG  -13.1797  -13.3623   -0.1826    0.1517
 7807 KIMVMDG  -12.6845  -12.9785   -0.2940    0.1517
 7808 KIMVMDG  -12.6845  -12.9785   -0.2940    0.1517
 7809 KMMVIDG  -12.8432  -13.1372   -0.2940    0.1517
 7810 KIVVVDG  -13.3972  -13.7020   -0.3049    0.1517
 7811 LKVVVDG  -12.4633  -14.4464   -1.9831    0.1517
 7812 LKVVVDG  -12.8786  -14.8618   -1.9831    0.1517
 7813 KLMVVDG  -14.4351  -16.5243   -2.0891    0.1517
 7814 KLMVVDG  -14.4351  -16.5243   -2.0891    0.1517
 7815 KLMVVDG  -14.4351  -16.5243   -2.0891    0.1517
 7816 KLMVVDG  -14.4351  -16.5243   -2.0891    0.1517
 7817 KVMIVDG  -16.4341  -16.7335   -0.2994    0.1517
 7818 KVMIVDG  -16.4341  -16.7335   -0.2994    0.1517
 7819 KVMIVDG  -16.4341  -16.7335   -0.2994    0.1517
 7820 MVKIVDG  -15.1674  -15.3554   -0.1880    0.1517
 7821 MMKIVDG  -13.2211  -13.4037   -0.1826    0.1517
 7822 LMKIMDG  -12.3216  -13.8796   -1.5580    0.1517
 7823 LMKIMDG  -12.3216  -13.8796   -1.5580    0.1517
 7824 LMKIMDG  -12.3216  -13.8796   -1.5580    0.1517
 7825 MLKIMDG  -12.9552  -14.5132   -1.5580    0.1517
 7826 MLKIMDG  -12.9552  -14.5132   -1.5580    0.1517
 7827 MVKIMDG  -14.6490  -14.8315   -0.1826    0.1517
 7828 MIKIMDG  -13.0649  -13.3932   -0.3283    0.1517
 7829 KIMIMEG  -12.7020  -13.4588   -0.7569    0.1517
 7830 KMMIMEG  -10.8370  -11.4427   -0.6057    0.1517
 7831 KMMIEMG  -10.8788  -11.3731   -0.4943    0.1517
 7832 KMVIEMG   -9.6487  -10.1484   -0.4997    0.1517
 7833 MVMIKEG  -11.2873  -12.0099   -0.7226    0.1517
 7834 LVVIKEG  -12.3502  -14.2991   -1.9489    0.1517
 7835 VVLIKEG  -12.4533  -14.4021   -1.9489    0.1517
 7836 VVLIKEG  -12.4533  -14.4021   -1.9489    0.1517
 7837 VVLIKEG  -12.4533  -14.4021   -1.9489    0.1517
 7838 LVVIKDG  -14.2361  -15.8678   -1.6317    0.1517
 7839 LVKIVDG  -15.2639  -16.6728   -1.4089    0.1517
 7840 VLKIVDG  -16.1219  -17.5308   -1.4089    0.1517
 7841 VLKIVDG  -16.1219  -17.5308   -1.4089    0.1517
 7842 VLKIVDG  -16.1219  -17.5308   -1.4089    0.1517
 7843 LIKVVDG  -14.5556  -15.9645   -1.4089    0.1517
 7844 LKIVVDG  -14.1848  -15.5937   -1.4089    0.1517
 7845 LKMVVDG  -14.2963  -16.2740   -1.9777    0.1517
 7846 MKLVVEG  -13.0662  -15.3610   -2.2949    0.1517
 7847 VKLVVEG  -13.4685  -15.7688   -2.3003    0.1517
 7848 VKLIVEG  -13.2901  -15.0161   -1.7260    0.1517
 7849 VKMIVEG  -13.4283  -13.9335   -0.5051    0.1517
 7850 VKLIVEG  -13.2042  -14.9302   -1.7260    0.1517
 7851 VKLIVEG  -13.2042  -14.9302   -1.7260    0.1517
 7852 VKLVVEG  -13.3458  -15.6461   -2.3003    0.1517
 7853 VKLVVEG  -13.3458  -15.6461   -2.3003    0.1517
 7854 VKLVVEG  -13.1136  -15.4139   -2.3003    0.1517
 7855 VKLVVEG  -13.1136  -15.4139   -2.3003    0.1517
 7856 VKLVVDG  -13.6233  -15.6064   -1.9831    0.1517
 7857 VKLVVDG  -13.6233  -15.6064   -1.9831    0.1517
 7858 VKLVVDG  -13.6233  -15.6064   -1.9831    0.1517
 7859 VKLVVDG  -13.6233  -15.6064   -1.9831    0.1517
 7860 VKLVVDG  -13.6233  -15.6064   -1.9831    0.1517
 7861 IKLVVDG  -14.1298  -15.5387   -1.4089    0.1517
 7862 IKLVVDG  -14.1298  -15.5387   -1.4089    0.1517
 7863 IKLVVDG  -14.1298  -15.5387   -1.4089    0.1517
 7864 IKLVVDG  -14.1298  -15.5387   -1.4089    0.1517
 7865 KLVVIDG  -11.8448  -13.3651   -1.5203    0.1517
 7866 KLVVIDG  -11.8448  -13.3651   -1.5203    0.1517
 7867 KLVVIDG  -12.7909  -14.3112   -1.5203    0.1517
 7868 KVLIVDG  -15.7373  -17.2575   -1.5203    0.1517
 7869 KVLIVDG  -15.7373  -17.2575   -1.5203    0.1517
 7870 KVLIVDG  -15.7373  -17.2575   -1.5203    0.1517
 7871 KILVVEG  -12.9618  -14.7992   -1.8374    0.1517
 7872 KVLVIEG  -13.0655  -14.9029   -1.8374    0.1517
 7873 KVVIIEG  -13.6537  -14.2614   -0.6077    0.1517
 7874 IVVIKDG  -14.4099  -14.8119   -0.4020    0.1517
 7875 IVVIKDG  -14.4099  -14.8119   -0.4020    0.1517
 7876 IVVIKEG  -13.6157  -14.3348   -0.7191    0.1517
 7877 IVVIKEG  -13.6157  -14.3348   -0.7191    0.1517
 7878 VIKIVEG  -12.7650  -13.2613   -0.4963    0.1517
 7879 VVKIVDG  -14.9078  -15.1012   -0.1934    0.1517
 7880 MVKIVDG  -14.2040  -14.3920   -0.1880    0.1517
 7881 MVKIVDG  -14.2040  -14.3920   -0.1880    0.1517
 7882 LVKIVDG  -13.0100  -14.4189   -1.4089    0.1517
 7883 LKVIVDG  -12.1494  -13.5582   -1.4089    0.1517
 7884 MVKIVDG  -15.1053  -15.2933   -0.1880    0.1517
 7885 MVKIVDG  -15.9066  -16.0946   -0.1880    0.1517
 7886 VIKIMDG  -13.4973  -13.7511   -0.2537    0.1517
 7887 VFKIMEG  -12.1506  -12.4172   -0.2666    0.1517
 7888 IFKVMEG  -11.7284  -11.9949   -0.2666    0.1517
 7889 IFKVEMG  -14.1137  -14.2688   -0.1551    0.1517
 7890 IFKVEMG  -14.1137  -14.2688   -0.1551    0.1517
 7891 IVKVEMG  -14.5536  -14.9473   -0.3937    0.1517
 7892 IVKIEMG  -14.5759  -15.0353   -0.4594    0.1517
 7893 IVKIEMG  -14.5759  -15.0353   -0.4594    0.1517
 7894 IVKIEMG  -14.5759  -15.0353   -0.4594    0.1517
 7895 IVKIEMG  -14.5759  -15.0353   -0.4594    0.1517
 7896 IVKIEGG  -14.4234  -16.8483   -2.4249    0.1517
 7897 IVKIEGG  -14.4234  -16.8483   -2.4249    0.1517
 7898 IVKIEGG  -14.4234  -16.8483   -2.4249    0.1517
 7899 IVKIEMG  -15.0959  -15.5553   -0.4594    0.1517
 7900 IVKIEMG  -15.0959  -15.5553   -0.4594    0.1517
 7901 IVKIEMG  -15.0959  -15.5553   -0.4594    0.1517
 7902 IVKIEMG  -15.0959  -15.5553   -0.4594    0.1517
 7903 IVKIEMG  -15.0959  -15.5553   -0.4594    0.1517
 7904 IVKIEMG  -15.0959  -15.5553   -0.4594    0.1517
 7905 IVKVEMG  -15.1111  -15.5048   -0.3937    0.1517
 7906 IVKVEMG  -15.1111  -15.5048   -0.3937    0.1517
 7907 IVKVEMG  -15.1111  -15.5048   -0.3937    0.1517
 7908 IVKVEMG  -15.1111  -15.5048   -0.3937    0.1517
 7909 IEKVVMG  -13.8495  -14.4661   -0.6166    0.1517
 7910 KVIVDMG  -13.6498  -13.8378   -0.1880    0.1517
 7911 KVVVMDG  -10.3408  -12.0145   -1.6737    0.1517
 7912 KVVVIGD  -14.3412  -14.6460   -0.3049    0.1517
 7913 KVVIVGD  -15.5601  -15.8650   -0.3049    0.1517
 7914 KVVIVGE  -15.4562  -16.0782   -0.6220    0.1517
 7915 KVVIVGE  -15.4562  -16.0782   -0.6220    0.1517
 7916 KVVIVGE  -15.4562  -16.0782   -0.6220    0.1517
 7917 KVIIVGE  -16.1014  -16.7091   -0.6077    0.1517
 7918 EVIIMGE  -11.7667  -13.2590   -1.4923    0.1517
 7919 EVIEIGM  -10.0816  -11.3510   -1.2694    0.1517
 7920 EEIVMGM  -11.0157  -12.4369   -1.4211    0.1517
 7921 MEIVMGE  -11.5989  -12.9086   -1.3097    0.1517
 7922 KIEVMGM  -12.2993  -12.6876   -0.3883    0.1517
 7923 EIKVMGM  -13.7762  -14.1645   -0.3883    0.1517
 7924 EIKIMGM  -13.3555  -13.8895   -0.5340    0.1517
 7925 EIKIMGM  -13.7780  -14.3120   -0.5340    0.1517
 7926 EIKIMGI  -10.9776  -13.2627   -2.2851    0.1517
 7927 EIKIMGI  -10.9776  -13.2627   -2.2851    0.1517
 7928 EIIIAGK  -12.5731  -13.7225   -1.1494    0.1517
 7929 EMIIVGK  -12.9935  -13.6758   -0.6823    0.1517
 7930 EMIIVGK  -14.0663  -14.7486   -0.6823    0.1517
 7931 EMIIVGK  -14.0663  -14.7486   -0.6823    0.1517
 7932 EIMIVGK  -14.8472  -15.5295   -0.6823    0.1517
 7933 EIMVIGK  -14.5880  -15.2703   -0.6823    0.1517
 7934 EIMVIGK  -14.5880  -15.2703   -0.6823    0.1517
 7935 EVKVIGM  -13.5569  -13.9506   -0.3937    0.1517
 7936 EMKIVGM  -13.5954  -13.9837   -0.3883    0.1517
 7937 EMKIVGM  -15.4331  -15.8214   -0.3883    0.1517
 7938 EMKIMGM  -14.6585  -15.0413   -0.3829    0.1517
 7939 EMKIMGM  -14.6585  -15.0413   -0.3829    0.1517
 7940 EMMIKGM  -12.5276  -13.0219   -0.4943    0.1517
 7941 EMMIMGK  -13.3972  -14.0029   -0.6057    0.1517
 7942 MKEIMGM  -10.6744  -11.1687   -0.4943    0.1517
 7943 MKEIMGM  -10.6744  -11.1687   -0.4943    0.1517
 7944 MMEIKGM  -11.9816  -12.3644   -0.3829    0.1517
 7945 MMMIDGE   -9.6574  -10.7559   -1.0986    0.1517
 7946 IMMIDGD  -10.5947  -11.5273   -0.9326    0.1517
 7947 IIMMDGD  -10.2401  -11.1727   -0.9326    0.1517
 7948 LIMMRGD   -8.6265  -13.6599   -5.0334    0.1517
 7949 LLMMRGD   -6.7589  -13.0221   -6.2631    0.1517
 7950 MLMMEGD   -8.5170  -11.4052   -2.8883    0.1517
 7951 MELIMGE   -8.7270  -11.4121   -2.6851    0.1517
 7952 IELIMGE   -7.3647  -11.8010   -4.4363    0.1517
 7953 IGLIMKE   -7.6765  -11.4143   -3.7377    0.1517
 7954 IGVIMKE  -10.3940  -11.0763   -0.6823    0.1517
 7955 VGVIMKE  -12.6690  -13.2856   -0.6166    0.1517
 7956 VGVIMKE  -12.6690  -13.2856   -0.6166    0.1517
 7957 VGVIMKE  -12.6690  -13.2856   -0.6166    0.1517
 7958 VGVIMKD  -13.2209  -13.5203   -0.2994    0.1517
 7959 VGVIKMD  -13.9405  -14.0171   -0.0766    0.1517
 7960 VMVIKGE  -14.3597  -14.9763   -0.6166    0.1517
 7961 VMVIKGE  -14.3597  -14.9763   -0.6166    0.1517
 7962 VVKIMGE  -13.2735  -13.7786   -0.5051    0.1517
 7963 KVVIMGE  -12.1369  -12.7535   -0.6166    0.1517
 7964 MKIVMGE  -10.1450  -10.6447   -0.4997    0.1517
 7965 MIVVKGE  -11.6680  -12.2846   -0.6166    0.1517
 7966 MIVVKGE  -11.6680  -12.2846   -0.6166    0.1517
 7967 VIMVEGK  -12.0759  -12.6925   -0.6166    0.1517
 7968 VIMVDGE  -13.8283  -14.9377   -1.1094    0.1517
 7969 MIMVKGE  -13.5459  -14.1571   -0.6111    0.1517
 7970 IIMVKGE  -14.3548  -15.0371   -0.6823    0.1517
 7971 IIMVKGE  -14.3548  -15.0371   -0.6823    0.1517
 7972 IIMVEGD  -14.2020  -15.3772   -1.1751    0.1517
 7973 IFMVKGD  -16.3001  -16.3609   -0.0609    0.1517
 7974 KFMVIGD  -15.9877  -16.0485   -0.0609    0.1517
 7975 KFMVIGD  -15.9877  -16.0485   -0.0609    0.1517
 7976 KIMVIGD  -15.7698  -16.1349   -0.3651    0.1517
 7977 KIMVIGE  -14.8491  -15.5314   -0.6823    0.1517
 7978 KIMIVGE  -16.3873  -17.0696   -0.6823    0.1517
 7979 KIMVIGE  -14.8640  -15.5463   -0.6823    0.1517
 7980 KIMVIGD  -15.6654  -16.0305   -0.3651    0.1517
 7981 KVMIIGD  -15.9095  -16.2746   -0.3651    0.1517
 7982 KIMIVGD  -18.3451  -18.7102   -0.3651    0.1517
 7983 KIMIVGE  -17.6661  -18.3483   -0.6823    0.1517
 7984 EIMIVGK  -15.1482  -15.8305   -0.6823    0.1517
 7985 EKMIVGI  -13.8028  -14.4851   -0.6823    0.1517
 7986 EKLIVGV  -14.4256  -16.2630   -1.8374    0.1517
 7987 EKLIVGV  -14.4256  -16.2630   -1.8374    0.1517
 7988 VKEIVGV  -12.8368  -13.3474   -0.5106    0.1517
 7989 VIKVVGE  -15.9873  -16.4978   -0.5106    0.1517
 7990 IVKVVGE  -15.4565  -15.9671   -0.5106    0.1517
 7991 IVKVVGE  -15.4565  -15.9671   -0.5106    0.1517
 7992 KVIVVGE  -15.0565  -15.6785   -0.6220    0.1517
 7993 KVVIVGE  -15.9311  -16.5531   -0.6220    0.1517
 7994 KIVVMGE  -16.4929  -17.1095   -0.6166    0.1517
 7995 KWMVVGD  -15.9034  -15.7974    0.1060    0.1517
 7996 KGMVVWE  -15.0159  -15.2270   -0.2111    0.1517
 7997 KGMVMWD  -13.9449  -13.9135    0.0314    0.1517
 7998 KGMVMWD  -13.9449  -13.9135    0.0314    0.1517
 7999 KGMVMWD  -14.5571  -14.5257    0.0314    0.1488
 8000 KGMVMWD  -14.5571  -14.5257    0.0314    0.1488
 8001 KGMVMWD  -14.5571  -14.5257    0.0314    0.1488
 8002 KGMVMWD  -14.5571  -14.5257    0.0314    0.1488
 8003 KGMVVWD  -15.7785  -15.6725    0.1060    0.1488
 8004 KGMVVWD  -15.7785  -15.6725    0.1060    0.1488
 8005 KGMVVWD  -15.7785  -15.6725    0.1060    0.1488
 8006 KGMVVWD  -15.7785  -15.6725    0.1060    0.1488
 8007 KGMVVWD  -15.7785  -15.6725    0.1060    0.1488
 8008 KGMVVWD  -15.7785  -15.6725    0.1060    0.1488
 8009 KGMVVWD  -15.7785  -15.6725    0.1060    0.1488
 8010 KGVVEWM  -13.4898  -13.5895   -0.0997    0.1488
 8011 KGVVEWM  -13.4898  -13.5895   -0.0997    0.1488
 8012 KWVVDGM  -13.2562  -13.0387    0.2174    0.1488
 8013 KFVVDGM  -13.5232  -13.4869    0.0363    0.1488
 8014 KMVVDGF  -13.1806  -13.1443    0.0363    0.1488
 8015 KMVVDGF  -13.1806  -13.1443    0.0363    0.1488
 8016 VMKVDGW  -12.5699  -12.2410    0.3289    0.1488
 8017 VMKVDGW  -12.5699  -12.2410    0.3289    0.1488
 8018 KMVVDGW  -12.6863  -12.4689    0.2174    0.1488
 8019 KMMVDGW  -12.3956  -12.2527    0.1429    0.1488
 8020 KMMVDGW  -12.3956  -12.2527    0.1429    0.1488
 8021 DMMVEGW   -8.7678   -9.4349   -0.6671    0.1488
 8022 LWMVEGD  -10.6849  -14.4443   -3.7594    0.1488
 8023 LFMVEGD  -12.1886  -14.2891   -2.1006    0.1488
 8024 VLMVEGE  -12.0732  -15.2894   -3.2163    0.1488
 8025 VLMVEGE  -12.0732  -15.2894   -3.2163    0.1488
 8026 VLMVKGE  -11.8172  -14.2235   -2.4063    0.1488
 8027 VEMVKGV  -11.8690  -13.6370   -1.7680    0.1488
 8028 EVMVRGV   -9.1061  -14.3495   -5.2434    0.1488
 8029 KVMVEGV  -14.1167  -15.9962   -1.8794    0.1488
 8030 KVMVEGV  -14.1167  -15.9962   -1.8794    0.1488
 8031 KLMVEGV  -14.3498  -16.6447   -2.2949    0.1488
 8032 MLKVEGV  -14.5215  -16.7049   -2.1834    0.1488
 8033 MWKVEGV  -14.6256  -14.6138    0.0117    0.1488
 8034 WEKVMGV  -11.7410  -11.8407   -0.0997    0.1488
 8035 LVKVMGE  -12.1642  -14.4590   -2.2949    0.1488
 8036 LVMVKGD  -11.4336  -13.5228   -2.0891    0.1488
 8037 MVLVKGD  -11.8358  -13.9249   -2.0891    0.1488
 8038 MVLVKGE  -10.8512  -13.2575   -2.4063    0.1488
 8039 IVKVLGE   -9.9679  -11.6939   -1.7260    0.1488
 8040 VIEVLGK  -11.0406  -12.7666   -1.7260    0.1488
 8041 ILEVVGK  -12.7278  -14.4538   -1.7260    0.1488
 8042 IIDVVGK  -13.8617  -14.0408   -0.1791    0.1488
 8043 VIDIVGK  -13.2495  -13.4286   -0.1791    0.1488
 8044 VIDIVGK  -13.2495  -13.4286   -0.1791    0.1488
 8045 VDIIVGK  -12.0739  -12.2530   -0.1791    0.1488
 8046 VIDIVGK  -13.0302  -13.2094   -0.1791    0.1488
 8047 VIDIVGK  -13.0302  -13.2094   -0.1791    0.1488
 8048 VVDIIGK  -12.2451  -12.4242   -0.1791    0.1488
 8049 IVDIVGK  -11.9546  -12.1338   -0.1791    0.1488
 8050 VVDIIGK  -12.3065  -12.4856   -0.1791    0.1488
 8051 VIEIVGK  -14.0779  -14.5742   -0.4963    0.1488
 8052 VIEIVGK  -14.0779  -14.5742   -0.4963    0.1488
 8053 VIEIVGK  -14.0779  -14.5742   -0.4963    0.1488
 8054 IIEIMGK  -11.1665  -13.5631   -2.3966    0.1488
 8055 IIEAMGK  -10.3441  -12.7509   -2.4069    0.1488
 8056 IIEVMGK  -13.9113  -14.4821   -0.5709    0.1488
 8057 IIKVMGE  -15.3653  -15.9361   -0.5709    0.1488
 8058 IIKMMGE  -13.8220  -14.4674   -0.6454    0.1488
 8059 VIKMMGE  -14.1579  -14.6576   -0.4997    0.1488
 8060 VIKMMGE  -14.1579  -14.6576   -0.4997    0.1488
 8061 FIKMMGE   -9.8126  -10.1538   -0.3411    0.1488
 8062 MIKEMGF  -11.2555  -11.5967   -0.3411    0.1488
 8063 VIKEMGF  -11.9519  -12.2185   -0.2666    0.1488
 8064 VLKEMGM  -11.6805  -13.9700   -2.2894    0.1488
 8065 VLKEMGI  -11.0499  -12.8504   -1.8006    0.1488
 8066 EIKVMGI  -13.1753  -13.6347   -0.4594    0.1488
 8067 EIKIMGV  -15.0337  -15.4931   -0.4594    0.1488
 8068 VIKIMGE  -16.7163  -17.2872   -0.5709    0.1488
 8069 KIVIMGE  -17.4754  -18.1577   -0.6823    0.1488
 8070 KIVIMGE  -17.4754  -18.1577   -0.6823    0.1488
 8071 KIVIMGE  -17.4754  -18.1577   -0.6823    0.1488
 8072 KIVIMGE  -17.4754  -18.1577   -0.6823    0.1488
 8073 KIVIMGE  -17.4754  -18.1577   -0.6823    0.1488
 8074 KIVIMGE  -17.4754  -18.1577   -0.6823    0.1488
 8075 KIVIMGE  -17.4754  -18.1577   -0.6823    0.1488
 8076 KIVIMGE  -17.4754  -18.1577   -0.6823    0.1488
 8077 KIVIMGE  -17.4754  -18.1577   -0.6823    0.1488
 8078 KIVIMGE  -17.4754  -18.1577   -0.6823    0.1488
 8079 KIVIAGE  -15.0586  -17.5823   -2.5237    0.1488
 8080 KIVIAGE  -15.0586  -17.5823   -2.5237    0.1488
 8081 KIIIAGE  -15.3385  -16.4879   -1.1494    0.1488
 8082 KIIIAGE  -15.3385  -16.4879   -1.1494    0.1488
 8083 KIIIAGE  -15.3385  -16.4879   -1.1494    0.1488
 8084 KIVIAGE  -15.3614  -17.8851   -2.5237    0.1488
 8085 KIVIYGE  -15.1048  -15.1734   -0.0686    0.1488
 8086 KIVIYGE  -15.1048  -15.1734   -0.0686    0.1488
 8087 KIVIYGE  -15.1048  -15.1734   -0.0686    0.1488
 8088 KIVIGGE  -14.6276  -17.1639   -2.5363    0.1488
 8089 VIKIGGE  -15.4845  -17.9093   -2.4249    0.1488
 8090 VIKIGGD  -15.4086  -17.5163   -2.1077    0.1488
 8091 VIKIGGD  -15.4086  -17.5163   -2.1077    0.1488
 8092 VIRIGGD  -14.3476  -19.8194   -5.4717    0.1488
 8093 VIRIGGD  -14.3476  -19.8194   -5.4717    0.1488
 8094 VIRIGGD  -14.3476  -19.8194   -5.4717    0.1488
 8095 VIRIGGD  -14.3476  -19.8194   -5.4717    0.1488
 8096 RIVIGGD  -11.2749  -16.8580   -5.5831    0.1488
 8097 RVIIGGE   -8.8321  -14.7323   -5.9003    0.1488
 8098 IVRIGGE  -10.9336  -16.7225   -5.7889    0.1488
 8099 IVKIGGE  -13.2946  -15.7194   -2.4249    0.1488
 8100 IIKVGGE  -13.9217  -16.3466   -2.4249    0.1488
 8101 IIKVGGE  -13.9217  -16.3466   -2.4249    0.1488
 8102 VIKIGGE  -14.3759  -16.8008   -2.4249    0.1488
 8103 IIKVGGE  -13.8663  -16.2911   -2.4249    0.1488
 8104 IIKVEGG  -12.0946  -14.5194   -2.4249    0.1488
 8105 LIKVEGG  -10.9755  -15.1901   -4.2146    0.1488
 8106 LIKVEGG  -10.9755  -15.1901   -4.2146    0.1488
 8107 KILVEGG  -11.9805  -16.3065   -4.3260    0.1488
 8108 KIVIEGG  -13.0587  -15.5950   -2.5363    0.1488
 8109 EVIIKGG  -12.5289  -15.0652   -2.5363    0.1488
 8110 EFIIKGG  -12.2855  -13.2232   -0.9377    0.1488
 8111 KFIIEGG  -13.1428  -14.0805   -0.9377    0.1488
 8112 KFIIEGG  -13.1428  -14.0805   -0.9377    0.1488
 8113 KFIIEGG  -13.1428  -14.0805   -0.9377    0.1488
 8114 KFWIDGG  -11.6881  -11.5033    0.1849    0.1488
 8115 WFKIDGG  -11.9200  -11.6237    0.2963    0.1488
 8116 GFDIRGW   -8.5239  -11.3687   -2.8449    0.1488
 8117 GFEIRGW   -6.5131   -9.6751   -3.1620    0.1488
 8118 GFDIDGW   -5.9415   -5.9153    0.0263    0.1488
 8119 GFEIDGW   -7.9869   -8.2778   -0.2909    0.1488
 8120 GFRIDGW   -8.9868  -11.8316   -2.8449    0.1488
 8121 GFEIWGD   -7.1114   -7.5137   -0.4023    0.1488
 8122 GFKIWGD   -9.9895   -9.5818    0.4077    0.1488
 8123 GWKIFGK   -4.5390   -4.9184   -0.3794    0.1488
 8124 WMKIKGG   -3.8070   -5.6110   -1.8040    0.1488
 8125 WMEIKGG   -7.6693   -9.0033   -1.3340    0.1488
 8126 WMEIKGG   -7.6693   -9.0033   -1.3340    0.1488
 8127 WVKIDGG   -7.7710   -8.7933   -1.0223    0.1488
 8128 WVKIDGG   -7.7710   -8.7933   -1.0223    0.1488
 8129 WLKIDGG   -8.0247   -9.4625   -1.4377    0.1488
 8130 WIKIDGG   -9.5011   -9.5091   -0.0080    0.1488
 8131 WIKIDGG   -9.5011   -9.5091   -0.0080    0.1488
 8132 WIKIDGG   -9.5011   -9.5091   -0.0080    0.1488
 8133 WIDIDGG   -9.5315  -10.0324   -0.5009    0.1488
 8134 IRIIDGG   -9.2231  -13.3205   -4.0974    0.1488
 8135 KIIIDGG  -16.1225  -16.9673   -0.8449    0.1488
 8136 KIIIDGG  -16.1225  -16.9673   -0.8449    0.1488
 8137 KIIIDGG  -16.1225  -16.9673   -0.8449    0.1488
 8138 KIIIDGG  -16.1225  -16.9673   -0.8449    0.1488
 8139 KIIIDGG  -16.1225  -16.9673   -0.8449    0.1488
 8140 KIIIDGG  -16.1225  -16.9673   -0.8449    0.1488
 8141 KIIIEGG  -16.6739  -17.8359   -1.1620    0.1488
 8142 KIIIEGG  -16.6739  -17.8359   -1.1620    0.1488
 8143 KIIIEGG  -16.6739  -17.8359   -1.1620    0.1488
 8144 KIIIEGG  -16.6739  -17.8359   -1.1620    0.1488
 8145 KIIIDGG  -16.6023  -17.4471   -0.8449    0.1488
 8146 IIKIEGG  -16.9614  -18.0120   -1.0506    0.1488
 8147 IIKIEGG  -16.9614  -18.0120   -1.0506    0.1488
 8148 IIKIEGG  -16.9614  -18.0120   -1.0506    0.1488
 8149 VIKIEGG  -15.7682  -18.1931   -2.4249    0.1488
 8150 IIKIEGG  -17.0558  -18.1064   -1.0506    0.1488
 8151 IFKIEGG  -14.8010  -15.6273   -0.8263    0.1488
 8152 IFKIEGG  -14.8010  -15.6273   -0.8263    0.1488
 8153 IIKIEGG  -16.8076  -17.8581   -1.0506    0.1488
 8154 IIKIEGG  -16.8076  -17.8581   -1.0506    0.1488
 8155 IIKIEGG  -16.8076  -17.8581   -1.0506    0.1488
 8156 IIKIEGG  -16.8076  -17.8581   -1.0506    0.1488
 8157 IIKIEGG  -16.8076  -17.8581   -1.0506    0.1488
 8158 IIKIEGG  -16.8076  -17.8581   -1.0506    0.1488
 8159 IIKIEGG  -16.8076  -17.8581   -1.0506    0.1488
 8160 IIKIEGG  -16.8076  -17.8581   -1.0506    0.1488
 8161 IIEIKGG  -14.3163  -15.3669   -1.0506    0.1488
 8162 IIEIKGG  -14.3163  -15.3669   -1.0506    0.1488
 8163 IIEIKGG  -14.3163  -15.3669   -1.0506    0.1488
 8164 IIEIKGG  -14.3163  -15.3669   -1.0506    0.1488
 8165 IIEIKGG  -14.3163  -15.3669   -1.0506    0.1488
 8166 IIEIKGG  -14.3163  -15.3669   -1.0506    0.1488
 8167 IIEIKGG  -14.3163  -15.3669   -1.0506    0.1488
 8168 IIEIRGG  -12.5150  -16.9296   -4.4146    0.1488
 8169 IIEIEGG  -11.6567  -13.5173   -1.8606    0.1488
 8170 IIKIEGG  -15.1920  -16.2426   -1.0506    0.1488
 8171 IIKIEGG  -15.3492  -16.3998   -1.0506    0.1488
 8172 IIKIEGG  -15.3492  -16.3998   -1.0506    0.1488
 8173 IIKIEGG  -15.3492  -16.3998   -1.0506    0.1488
 8174 IIKIEGG  -15.3492  -16.3998   -1.0506    0.1488
 8175 IIKIEGG  -15.3492  -16.3998   -1.0506    0.1488
 8176 KIEIIGG  -14.3392  -15.3898   -1.0506    0.1488
 8177 EIIIKGG  -15.2607  -16.4227   -1.1620    0.1488
 8178 EIIIKGG  -15.2607  -16.4227   -1.1620    0.1488
 8179 EIIIKGG  -15.7613  -16.9233   -1.1620    0.1488
 8180 IIEIKGG  -15.4058  -16.4563   -1.0506    0.1488
 8181 IIEIKGG  -15.4058  -16.4563   -1.0506    0.1488
 8182 IIEIKGG  -15.4058  -16.4563   -1.0506    0.1488
 8183 IIEIKGG  -15.4058  -16.4563   -1.0506    0.1488
 8184 IIKIEGG  -16.5804  -17.6309   -1.0506    0.1488
 8185 IIKIEGG  -16.5804  -17.6309   -1.0506    0.1488
 8186 IIKIEGG  -16.5804  -17.6309   -1.0506    0.1488
 8187 IIKIEGG  -16.5804  -17.6309   -1.0506    0.1488
 8188 IIKIEGG  -16.5804  -17.6309   -1.0506    0.1488
 8189 IIKIEGG  -16.5804  -17.6309   -1.0506    0.1488
 8190 IIKIEGG  -16.5804  -17.6309   -1.0506    0.1488
 8191 IIKIEGG  -16.5804  -17.6309   -1.0506    0.1488
 8192 IIKIEGG  -16.5804  -17.6309   -1.0506    0.1488
 8193 IIKIEGG  -16.5804  -17.6309   -1.0506    0.1488
 8194 IIKIEGG  -16.5804  -17.6309   -1.0506    0.1488
 8195 IIKIEGG  -16.5804  -17.6309   -1.0506    0.1488
 8196 IIKIEGG  -16.5804  -17.6309   -1.0506    0.1488
 8197 IIKIEGG  -16.5804  -17.6309   -1.0506    0.1488
 8198 IIKIEGG  -16.5804  -17.6309   -1.0506    0.1488
 8199 IIKIEGG  -16.5804  -17.6309   -1.0506    0.1488
 8200 IIKIEGG  -16.5834  -17.6339   -1.0506    0.1944
 8201 IFKIEGG  -14.4176  -15.2439   -0.8263    0.1944
 8202 IFKIEGG  -14.4176  -15.2439   -0.8263    0.1944
 8203 IFKIEGG  -14.4176  -15.2439   -0.8263    0.1944
 8204 IFKIEGG  -14.4176  -15.2439   -0.8263    0.1944
 8205 IIKLEGG  -11.3827  -14.2230   -2.8403    0.1944
 8206 IVKLEGG  -11.3779  -15.5924   -4.2146    0.1944
 8207 ILKVEGG  -12.8063  -17.0209   -4.2146    0.1944
 8208 IIKVDGG  -13.3218  -15.4295   -2.1077    0.1944
 8209 VIKIDGG  -13.5977  -15.7054   -2.1077    0.1944
 8210 IIKVDGG  -13.4358  -15.5435   -2.1077    0.1944
 8211 IIKVEGG  -14.1722  -16.5970   -2.4249    0.1944
 8212 WIKVEGG  -13.0697  -14.4091   -1.3394    0.1944
 8213 VIKVEGG  -13.6587  -17.4579   -3.7991    0.1944
 8214 VIKVEGG  -13.6587  -17.4579   -3.7991    0.1944
 8215 VIKVEGG  -13.6587  -17.4579   -3.7991    0.1944
 8216 VIKVEGG  -13.6587  -17.4579   -3.7991    0.1944
 8217 VIKVEGG  -13.6587  -17.4579   -3.7991    0.1944
 8218 VIKVEGG  -13.6587  -17.4579   -3.7991    0.1944
 8219 VIKVEGG  -13.6587  -17.4579   -3.7991    0.1944
 8220 VIKVEGG  -13.6587  -17.4579   -3.7991    0.1944
 8221 KIVVEGG  -12.4057  -16.3163   -3.9106    0.1944
 8222 KIVVEGG  -12.4057  -16.3163   -3.9106    0.1944
 8223 KIVIEGG  -13.1794  -15.7156   -2.5363    0.1944
 8224 VIKIEGG  -13.7622  -16.1870   -2.4249    0.1944
 8225 IVKIEGG  -12.2942  -14.7191   -2.4249    0.1944
 8226 VVKIEGG  -11.4912  -15.2903   -3.7991    0.1944
 8227 VIKIEGG  -13.4225  -15.8474   -2.4249    0.1944
 8228 IVKIEGG  -11.9588  -14.3836   -2.4249    0.1944
 8229 IVKIEGG  -11.9588  -14.3836   -2.4249    0.1944
 8230 IVKIEGG  -11.9588  -14.3836   -2.4249    0.1944
 8231 KVIIEGG  -11.6495  -14.1858   -2.5363    0.1944
 8232 KVIIEGG  -11.6495  -14.1858   -2.5363    0.1944
 8233 KVIIEGG  -11.6495  -14.1858   -2.5363    0.1944
 8234 EVMIKGG   -9.3004  -13.2055   -3.9051    0.1944
 8235 KVEFIGG   -9.8100  -12.0105   -2.2006    0.1944
 8236 KVEFIGG   -9.8100  -12.0105   -2.2006    0.1944
 8237 IVEIKGG  -11.3307  -13.7556   -2.4249    0.1944
 8238 MIEIKGG  -11.8168  -14.2362   -2.4194    0.1944
 8239 MIEIKGG  -11.8168  -14.2362   -2.4194    0.1944
 8240 MIKIEGG  -12.6793  -15.0987   -2.4194    0.1944
 8241 IMKIEGG  -11.5752  -13.9946   -2.4194    0.1944
 8242 IKMIEGG  -11.4212  -13.8406   -2.4194    0.1944
 8243 IKMIEGG  -11.4212  -13.8406   -2.4194    0.1944
 8244 IIKIEGG  -16.4595  -17.5101   -1.0506    0.1944
 8245 IIKIEGG  -16.4595  -17.5101   -1.0506    0.1944
 8246 KIIIEGG  -16.4495  -17.6115   -1.1620    0.1944
 8247 KIIIEGG  -16.4495  -17.6115   -1.1620    0.1944
 8248 KIIIGGE  -15.0014  -16.1634   -1.1620    0.1944
 8249 KIIIGGE  -15.0014  -16.1634   -1.1620    0.1944
 8250 KIIIAGD  -15.9343  -16.7666   -0.8323    0.1944
 8251 KIIIEGA  -16.5476  -17.5856   -1.0380    0.1944
 8252 KVIIEGA  -14.5222  -16.9345   -2.4123    0.1944
 8253 KVIIEGA  -14.5222  -16.9345   -2.4123    0.1944
 8254 KVIIEGV  -16.1677  -16.6640   -0.4963    0.1944
 8255 KVIIEGV  -16.1677  -16.6640   -0.4963    0.1944
 8256 KIIVEGV  -17.0824  -17.5787   -0.4963    0.1944
 8257 KVVIEGV  -16.4457  -16.9563   -0.5106    0.1944
 8258 KVVIEGV  -16.4365  -16.9471   -0.5106    0.1944
 8259 KVVIEGV  -16.4365  -16.9471   -0.5106    0.1944
 8260 KVVIEGV  -17.2739  -17.7845   -0.5106    0.1944
 8261 KVVIEGV  -17.2739  -17.7845   -0.5106    0.1944
 8262 KVVVEGL  -14.2782  -16.5785   -2.3003    0.1944
 8263 KIVVEGL  -15.6972  -17.4232   -1.7260    0.1944
 8264 KIVVEGL  -15.6972  -17.4232   -1.7260    0.1944
 8265 KIVVEGL  -15.6972  -17.4232   -1.7260    0.1944
 8266 KIVVEGL  -15.6972  -17.4232   -1.7260    0.1944
 8267 KIVVEGL  -15.6972  -17.4232   -1.7260    0.1944
 8268 KIVVEGL  -15.6972  -17.4232   -1.7260    0.1944
 8269 KIMVEGL  -15.1683  -16.9689   -1.8006    0.1944
 8270 KIMVLGE  -12.4056  -14.3176   -1.9120    0.1944
 8271 KIMVLGE  -12.4056  -14.3176   -1.9120    0.1944
 8272 KIMVLGE  -12.4056  -14.3176   -1.9120    0.1944
 8273 KIMVLGE  -12.4056  -14.3176   -1.9120    0.1944
 8274 KMMVLGE  -11.3750  -13.7758   -2.4009    0.1944
 8275 KMMVLGE  -11.3750  -13.7758   -2.4009    0.1944
 8276 VMMELGK  -10.5565  -12.8459   -2.2894    0.1944
 8277 VMMEVGD  -10.9492  -13.3161   -2.3669    0.1944
 8278 IVMEVGD  -11.0159  -12.0139   -0.9980    0.1944
 8279 IVMVEGD  -12.4968  -13.6062   -1.1094    0.1944
 8280 VVMIEGD  -14.1587  -15.2681   -1.1094    0.1944
 8281 VVMIEGD  -14.1587  -15.2681   -1.1094    0.1944
 8282 VIMIEGD  -15.0488  -16.2240   -1.1751    0.1944
 8283 VIMIEGD  -15.0488  -16.2240   -1.1751    0.1944
 8284 VIMIDGD  -14.7633  -15.6213   -0.8580    0.1944
 8285 MIVIDGD  -14.0949  -14.9529   -0.8580    0.1944
 8286 MIVIDGD  -14.0949  -14.9529   -0.8580    0.1944
 8287 MIVIDGD  -14.0949  -14.9529   -0.8580    0.1944
 8288 MIVIDGE  -13.4591  -14.6343   -1.1751    0.1944
 8289 MIVIDGE  -13.4591  -14.6343   -1.1751    0.1944
 8290 MIVIDGE  -13.4591  -14.6343   -1.1751    0.1944
 8291 MIVIEGE  -13.1730  -14.6652   -1.4923    0.1944
 8292 MVVIKGE  -13.8739  -14.4904   -0.6166    0.1944
 8293 IVVIKGE  -14.3507  -14.9584   -0.6077    0.1944
 8294 IVVIDGE  -12.9405  -14.0411   -1.1006    0.1944
 8295 IDVIVGE  -11.7509  -12.7401   -0.9891    0.1944
 8296 IDVIGVE   -9.0581   -9.9358   -0.8777    0.1944
 8297 IDLVGAD   -8.4477  -12.7140   -4.2663    0.1944
 8298 LKLVGAD   -8.1593  -13.7225   -5.5631    0.1944
 8299 LKLVGAE   -7.2255  -13.1057   -5.8803    0.1944
 8300 WELVGAE   -6.0953   -9.9104   -3.8151    0.1944
 8301 RWLVGAE   -5.0748  -11.5554   -6.4806    0.1944
 8302 RMLVGAE   -4.0331  -12.9680   -8.9349    0.1944
 8303 RMLVGGE   -2.8068  -11.8656   -9.0589    0.1944
 8304 RMLVGGE   -2.8068  -11.8656   -9.0589    0.1944
 8305 EGWVGFE   -5.6061   -7.4199   -1.8137    0.1944
 8306 EGWVGME   -6.6375  -10.0444   -3.4069    0.1944
 8307 EGFVGMK   -7.3034  -10.7614   -3.4580    0.1944
 8308 KGFIGME  -10.6564  -12.7402   -2.0837    0.1944
 8309 KGFIGMD  -11.1990  -12.9655   -1.7666    0.1944
 8310 KGFIGMD  -11.1990  -12.9655   -1.7666    0.1944
 8311 KGFIGLD  -10.1690  -12.3564   -2.1874    0.1944
 8312 KGMVGLD   -9.4861  -14.6410   -5.1549    0.1944
 8313 KGMVGLD   -9.4861  -14.6410   -5.1549    0.1944
 8314 KGMVGID   -7.8334  -11.1985   -3.3651    0.1944
 8315 KGMVGID   -7.8334  -11.1985   -3.3651    0.1944
 8316 KGMVGID   -7.7872  -11.1523   -3.3651    0.1944
 8317 KGMVGID   -7.7872  -11.1523   -3.3651    0.1944
 8318 KGMVGID   -7.7872  -11.1523   -3.3651    0.1944
 8319 IGWVGKD   -8.5171   -9.5394   -1.0223    0.1944
 8320 KGWVGID   -9.2660  -10.1768   -0.9109    0.1944
 8321 KGIVGFD  -10.3307  -12.1027   -1.7720    0.1944
 8322 KGIFGVD  -10.1433  -11.9153   -1.7720    0.1944
 8323 KGMFGLD   -8.7767  -12.3330   -3.5563    0.1944
 8324 KGMFGLD   -8.7767  -12.3330   -3.5563    0.1944
 8325 LGMFGKE   -5.6012   -9.5860   -3.9849    0.1944
 8326 LGMFGKE   -5.1272   -9.1121   -3.9849    0.1944
 8327 KGMFGLE   -8.6956  -12.5691   -3.8734    0.1944
 8328 KGMFGLE   -8.6956  -12.5691   -3.8734    0.1944
 8329 KGFFGLE   -8.0899  -10.3702   -2.2803    0.1944
 8330 KGFFGME   -8.1483  -10.0077   -1.8594    0.1944
 8331 KGFIGVE   -8.2837  -10.3728   -2.0891    0.1944
 8332 KGVIGFE   -9.4095  -11.4987   -2.0891    0.1944
 8333 KGVVLFE   -9.2071  -10.7403   -1.5331    0.1944
 8334 KGVVEFL   -7.4004   -8.8221   -1.4217    0.1944
 8335 KGVVEFL   -7.4004   -8.8221   -1.4217    0.1944
 8336 KGVFEVL   -5.6428   -7.0645   -1.4217    0.1944
 8337 KGVFKVW   -2.2143   -4.2309   -2.0166    0.1944
 8338 KGLVKVW   -3.3380   -6.8886   -3.5506    0.1944
 8339 EGLVKVI   -9.4662  -11.1922   -1.7260    0.1944
 8340 EGLVKVM  -10.5388  -12.8336   -2.2949    0.1944
 8341 EGLVKVM  -10.5388  -12.8336   -2.2949    0.1944
 8342 EGLVKVM  -10.5388  -12.8336   -2.2949    0.1944
 8343 EGIVKVM  -10.3758  -10.8809   -0.5051    0.1944
 8344 EGVMKMM  -10.4078  -12.2764   -1.8686    0.1944
 8345 EGIVKMM  -10.9693  -11.4691   -0.4997    0.1944
 8346 DGIVKMM   -9.1858   -9.3684   -0.1826    0.1944
 8347 MGIVKMD  -11.6494  -11.7205   -0.0711    0.1944
 8348 DGVVKWM  -11.1879  -10.9705    0.2174    0.1944
 8349 DWKVVGG   -7.6926  -10.0892   -2.3966    0.1944
 8350 EWKVVGG   -8.8124  -11.5261   -2.7137    0.1944
 8351 ELVVKGG   -9.2612  -14.9615   -5.7003    0.1944
 8352 EFLVKGG  -12.2412  -16.3429   -4.1017    0.1944
 8353 EFVVKGG  -11.8766  -15.5629   -3.6863    0.1944
 8354 GFVVKGD   -9.6841  -12.9418   -3.2577    0.1944
 8355 FFVVKGD  -11.0623  -10.7443    0.3180    0.1944
 8356 FFIVKGD   -8.3788   -9.8865   -1.5077    0.1944
 8357 FFIVKGD   -8.3788   -9.8865   -1.5077    0.1944
 8358 EFMVKGF  -11.2019  -11.1642    0.0377    0.1944
 8359 EFMVKGF  -11.2019  -11.1642    0.0377    0.1944
 8360 ELMVKGF  -11.1654  -12.6616   -1.4963    0.1944
 8361 KLMVEGF  -12.3588  -13.8551   -1.4963    0.1944
 8362 KLMVEGM  -11.9447  -14.2342   -2.2894    0.1944
 8363 KMLVMGE  -11.7911  -14.1919   -2.4009    0.1944
 8364 KMLVMGE  -11.7911  -14.1919   -2.4009    0.1944
 8365 KFLVMGE  -11.7541  -13.3619   -1.6077    0.1944
 8366 LFKVVGE  -12.7309  -14.1526   -1.4217    0.1944
 8367 KVLVFGE  -11.3942  -12.9274   -1.5331    0.1944
 8368 KVLIFGE   -9.7928  -13.1516   -3.3589    0.1944
 8369 KILVIGE  -10.7277  -14.3909   -3.6631    0.1944
 8370 KFLVIGE  -10.8398  -14.1987   -3.3589    0.1944
 8371 EFLVIGE   -6.1282  -10.2971   -4.1689    0.1944
 8372 EFLVIGE   -7.7796  -11.9484   -4.1689    0.1944
 8373 RFVVIGE   -9.8941  -13.5616   -3.6674    0.1944
 8374 RFVMIGE   -8.4515  -12.1935   -3.7420    0.1944
 8375 VFRMVGE  -10.1489  -13.7938   -3.6449    0.1944
 8376 VFRMVGD  -11.4225  -14.7502   -3.3277    0.1944
 8377 VFRMVGD  -11.4225  -14.7502   -3.3277    0.1944
 8378 VFRMVGD  -11.4225  -14.7502   -3.3277    0.1944
 8379 VFRMVGD  -11.4225  -14.7502   -3.3277    0.1944
 8380 VFRMVGE  -11.0862  -14.7311   -3.6449    0.1944
 8381 VEEMVGF   -8.6221   -9.7130   -1.0909    0.1944
 8382 VEKMVGF  -11.9431  -12.2239   -0.2809    0.1944
 8383 VEKMVGF  -11.9431  -12.2239   -0.2809    0.1944
 8384 IEKMVGL  -10.1171  -11.9177   -1.8006    0.1944
 8385 IEKMVGL  -10.1171  -11.9177   -1.8006    0.1944
 8386 VEKMIGM  -12.2387  -12.7384   -0.4997    0.1944
 8387 VEKMIGM  -12.2387  -12.7384   -0.4997    0.1944
 8388 VEKMIGM  -12.2387  -12.7384   -0.4997    0.1944
 8389 VEKMIGM  -12.2387  -12.7384   -0.4997    0.1944
 8390 IEKMVGM  -12.2721  -12.7718   -0.4997    0.1944
 8391 IEKMVGM  -12.2721  -12.7718   -0.4997    0.1944
 8392 IEKMVGM  -12.2721  -12.7718   -0.4997    0.1944
 8393 VEKMIGM  -12.5976  -13.0973   -0.4997    0.1944
 8394 VMKMIGE  -12.7547  -13.2544   -0.4997    0.1944
 8395 MKMMIGE  -11.0503  -11.5446   -0.4943    0.1944
 8396 EMMMIGE   -8.2316   -9.6473   -1.4157    0.1944
 8397 EEMMIGM   -9.2762  -10.6919   -1.4157    0.1944
 8398 EEMMIGM   -9.2762  -10.6919   -1.4157    0.1944
 8399 IEMMIGE  -10.5206  -11.9760   -1.4554    0.1944
 8400 IEMMIGD  -11.5042  -12.6425   -1.1383    0.1944
 8401 IEMMIGD  -11.5042  -12.6425   -1.1383    0.1944
 8402 IEMMIGD  -11.3857  -12.5239   -1.1383    0.2906
 8403 IEMMIGK   -9.9135  -10.5589   -0.6454    0.2906
 8404 IDMKIGM   -9.3417   -9.4471   -0.1054    0.2906
 8405 IMMKIGD  -11.4617  -11.7900   -0.3283    0.2906
 8406 MMIKIGD  -10.7744  -11.1027   -0.3283    0.2906
 8407 IMIKVGD  -11.6726  -11.9263   -0.2537    0.2906
 8408 EMWMVGD  -10.5152  -11.2938   -0.7786    0.2906
 8409 MEWMVGD  -10.9239  -11.5910   -0.6671    0.2906
 8410 MEWMVGD  -10.9239  -11.5910   -0.6671    0.2906
 8411 MEWVVGD  -10.9124  -11.5050   -0.5926    0.2906
 8412 EMWVVGK  -12.1779  -12.3891   -0.2111    0.2906
 8413 EMWVVGK  -12.1779  -12.3891   -0.2111    0.2906
 8414 DMFVVGK   -9.1792   -9.2544   -0.0751    0.2906
 8415 DGMVVKF   -8.5582   -8.5220    0.0363    0.2906
 8416 FGDVVKM   -8.0953   -7.9476    0.1477    0.2906
 8417 VGDVKVF   -8.2944   -8.1521    0.1423    0.2906
 8418 VGKVMDF  -10.5627  -10.4150    0.1477    0.2906
 8419 VGDIKMF  -10.8318  -10.6698    0.1620    0.2906
 8420 VGDIKMY   -9.6570  -10.5544   -0.8974    0.2906
 8421 VGEIKMW  -10.9805  -12.7945   -1.8140    0.2906
 8422 VMEIKGW  -11.9125  -13.7265   -1.8140    0.2906
 8423 VMEIKGW  -11.9125  -13.7265   -1.8140    0.2906
 8424 VMEIKGW  -11.9125  -13.7265   -1.8140    0.2906
 8425 VVEIKGW  -11.8172  -13.5566   -1.7394    0.2906
 8426 VVEIKGW  -11.8172  -13.5566   -1.7394    0.2906
 8427 VVDIKGL  -11.8173  -13.1147   -1.2974    0.2906
 8428 EVVIKGW  -11.6799  -13.5308   -1.8509    0.2906
 8429 EVVIKGA  -10.1002  -13.8868   -3.7866    0.2906
 8430 EVVIKGM  -13.3396  -13.8448   -0.5051    0.2906
 8431 KVVIEGM  -14.7352  -15.2403   -0.5051    0.2906
 8432 EVVIKGM  -14.5120  -15.0172   -0.5051    0.2906
 8433 KVVIEGM  -15.0810  -15.5862   -0.5051    0.2906
 8434 KVVIEGM  -15.0810  -15.5862   -0.5051    0.2906
 8435 KVVIEGM  -15.0810  -15.5862   -0.5051    0.2906
 8436 KLVIEGM  -14.1478  -15.9483   -1.8006    0.2906
 8437 KLMIEGM  -12.9695  -14.8446   -1.8751    0.2906
 8438 KIMLEGM  -12.3316  -14.2067   -1.8751    0.2906
 8439 MIKLEGM  -11.8969  -13.6606   -1.7637    0.2906
 8440 MIKIEGM  -13.2436  -13.7776   -0.5340    0.2906
 8441 MIKIEGM  -13.2436  -13.7776   -0.5340    0.2906
 8442 MIKIEGM  -13.2436  -13.7776   -0.5340    0.2906
 8443 MIKIEGM  -13.2436  -13.7776   -0.5340    0.2906
 8444 MIKIEGM  -13.2436  -13.7776   -0.5340    0.2906
 8445 VIKIEGM  -13.1461  -13.6056   -0.4594    0.2906
 8446 KVVIEGM  -14.5968  -15.1019   -0.5051    0.2906
 8447 KVVMEGI  -12.8264  -13.3315   -0.5051    0.2906
 8448 KVVMEGI  -12.8264  -13.3315   -0.5051    0.2906
 8449 RVVMEGI  -11.0242  -14.8933   -3.8691    0.2906
 8450 RVIMEGM  -11.4844  -15.3481   -3.8637    0.2906
 8451 KIVMEGM  -14.7617  -15.2614   -0.4997    0.2906
 8452 KIMMEGM  -12.9218  -13.4161   -0.4943    0.2906
 8453 MIKMEGM  -13.3372  -13.7201   -0.3829    0.2906
 8454 MIKMEGM  -13.3372  -13.7201   -0.3829    0.2906
 8455 MMKIEGM  -11.1135  -11.4963   -0.3829    0.2906
 8456 MMKIEGM  -11.1135  -11.4963   -0.3829    0.2906
 8457 MMKIEGM  -11.1135  -11.4963   -0.3829    0.2906
 8458 MIKIEGM  -11.7991  -12.3331   -0.5340    0.2906
 8459 MIKIEGM  -11.7991  -12.3331   -0.5340    0.2906
 8460 MIKIEGM  -11.7991  -12.3331   -0.5340    0.2906
 8461 MIKLEGM  -11.9158  -13.6795   -1.7637    0.2906
 8462 MIKLDGM  -10.3278  -11.7744   -1.4466    0.2906
 8463 MIKLDGM  -10.3278  -11.7744   -1.4466    0.2906
 8464 MFKVDGM  -12.4863  -12.3331    0.1531    0.2906
 8465 MFKVDGM  -14.8706  -14.7175    0.1531    0.2906
 8466 MFKVDGM  -14.8706  -14.7175    0.1531    0.2906
 8467 MIKVDGM  -14.9284  -14.9996   -0.0711    0.2906
 8468 MIKVDGM  -14.9284  -14.9996   -0.0711    0.2906
 8469 MIKVDGM  -14.9284  -14.9996   -0.0711    0.2906
 8470 MIKVDGM  -14.9284  -14.9996   -0.0711    0.2906
 8471 MIKVDGM  -14.9284  -14.9996   -0.0711    0.2906
 8472 MIKVDGM  -14.9284  -14.9996   -0.0711    0.2906
 8473 MIKVDGM  -14.9284  -14.9996   -0.0711    0.2906
 8474 MIKVDGM  -14.9284  -14.9996   -0.0711    0.2906
 8475 MVKIEGM  -15.4953  -15.8836   -0.3883    0.2906
 8476 MVKIEGM  -15.4953  -15.8836   -0.3883    0.2906
 8477 MIKIEGM  -16.0975  -16.6315   -0.5340    0.2906
 8478 MIKIEGM  -16.0975  -16.6315   -0.5340    0.2906
 8479 MIKIEGM  -15.7157  -16.2497   -0.5340    0.2906
 8480 VIKIEGY  -15.5109  -15.3567    0.1543    0.2906
 8481 VIKIEGY  -15.5109  -15.3567    0.1543    0.2906
 8482 VIKIDGY  -15.0865  -14.6150    0.4714    0.2906
 8483 VIRIDGY  -12.8514  -15.7440   -2.8926    0.2906
 8484 VIKIDGY  -15.3605  -14.8891    0.4714    0.2906
 8485 MIKIDGY  -13.7954  -13.3585    0.4369    0.2906
 8486 DIKIMGY  -11.9889  -11.5520    0.4369    0.2906
 8487 MIKIEGY  -14.4798  -14.3600    0.1197    0.2906
 8488 MIKIEGY  -14.4798  -14.3600    0.1197    0.2906
 8489 MIKIEGY  -14.4798  -14.3600    0.1197    0.2906
 8490 MIKIEGY  -14.4798  -14.3600    0.1197    0.2906
 8491 MIKIDGY  -13.1473  -12.7104    0.4369    0.2906
 8492 MIKIDGY  -13.1473  -12.7104    0.4369    0.2906
 8493 MIKIDGF  -11.2902  -12.9539   -1.6637    0.2906
 8494 MIKIDGF  -11.2902  -12.9539   -1.6637    0.2906
 8495 MYKIDGI   -8.9935   -8.5566    0.4369    0.2906
 8496 DYKIMGI   -9.3815   -8.9446    0.4369    0.2906
 8497 DLKIMGM  -10.0238  -11.4704   -1.4466    0.2906
 8498 DMLIKGG   -7.2886  -11.2920   -4.0034    0.2906
 8499 GMLIEGD   -9.0689  -13.7709   -4.7020    0.2906
 8500 GMLIEMD   -9.9270  -12.2950   -2.3680    0.2906
 8501 GMMIKMD  -12.2123  -12.3894   -0.1771    0.2906
 8502 GMMIKDV  -11.8174  -12.1114   -0.2940    0.2906
 8503 GMMIKDV  -11.8174  -12.1114   -0.2940    0.2906
 8504 GLMIKDV  -10.2522  -11.8470   -1.5949    0.2906
 8505 GLMVKDV   -9.2139  -11.3031   -2.0891    0.2906
 8506 GLMVKDV   -9.2139  -11.3031   -2.0891    0.2906
 8507 GLMLKDV   -6.9234   -9.7480   -2.8246    0.2906
 8508 GLMLKDV   -6.9234   -9.7480   -2.8246    0.2906
 8509 GLMLKDV   -6.9234   -9.7480   -2.8246    0.2906
 8510 GLMVKDL   -7.9854  -10.8100   -2.8246    0.2906
 8511 GLMVKDL   -7.9854  -10.8100   -2.8246    0.2906
 8512 GLMVKDL   -7.9854  -10.8100   -2.8246    0.2906
 8513 GLMVKEL   -9.6432  -12.7850   -3.1417    0.2906
 8514 GLMVKEW   -9.7716  -13.0382   -3.2666    0.2906
 8515 GLMVKEW   -9.7716  -13.0382   -3.2666    0.2906
 8516 GEMVKMW  -13.4331  -13.6073   -0.1743    0.2906
 8517 GEMVKMW  -10.7479  -10.9222   -0.1743    0.2906
 8518 GELVKMW   -6.5126   -9.6678   -3.1551    0.2906
 8519 GEAVKMW   -6.2510   -8.9467   -2.6957    0.2906
 8520 GEAVKMW   -6.2510   -8.9467   -2.6957    0.2906
 8521 WMAVKEG   -7.8713  -10.7899   -2.9186    0.2906
 8522 IIAVEEG   -7.6566  -11.1018   -3.4451    0.2906
 8523 VIAMEEG   -6.1629  -10.9769   -4.8140    0.2906
 8524 VIALEEG   -4.8524  -10.0872   -5.2349    0.2906
 8525 VVVEEAG   -4.1855  -10.2678   -6.0823    0.2906
 8526 VVVADKG   -5.9227  -10.9892   -5.0666    0.2906
 8527 LVAVRDG   -5.2879  -14.1339   -8.8460    0.2906
 8528 IVGVKDG  -10.5044  -13.9864   -3.4820    0.2906
 8529 IVGVKEG  -11.8653  -15.6644   -3.7991    0.2906
 8530 KIGVIEG  -13.0304  -15.3438   -2.3134    0.2906
 8531 KIGVIDG  -12.2840  -14.2803   -1.9963    0.2906
 8532 KFGVIDG  -11.1551  -12.9271   -1.7720    0.2906
 8533 KIGVIDG  -11.9070  -13.9033   -1.9963    0.2906
 8534 KLGVIDG  -12.3597  -16.1457   -3.7860    0.2906
 8535 KLGVIDG  -12.3597  -16.1457   -3.7860    0.2906
 8536 KVGVIDG  -11.9600  -15.3306   -3.3706    0.2906
 8537 KVGFIDG  -11.5829  -13.3549   -1.7720    0.2906
 8538 KVIFGDG  -11.9060  -13.7894   -1.8834    0.2906
 8539 KVIVGEG  -11.6719  -15.4711   -3.7991    0.2906
 8540 VVKIGEG  -10.9358  -14.6235   -3.6877    0.2906
 8541 IVKVGEG  -10.9285  -14.6162   -3.6877    0.2906
 8542 IVKFGDG  -12.3832  -14.1552   -1.7720    0.2906
 8543 IVKFGDG  -12.3832  -14.1552   -1.7720    0.2906
 8544 VVKFGDG  -11.1057  -14.2520   -3.1463    0.2906
 8545 VVKFGDG  -11.1057  -14.2520   -3.1463    0.2906
 8546 WLKFGDG   -8.6731   -9.7751   -1.1020    0.2906
 8547 GYKFGDW   -7.5882   -8.9842   -1.3960    0.2906
 8548 WGKFGDG   -6.8569  -10.7206   -3.8637    0.2906
 8549 WGKWGDG   -6.2862   -9.2887   -3.0026    0.2906
 8550 GGKWGDW   -5.6787   -8.7927   -3.1140    0.2906
 8551 GGKDGWW   -6.5705   -9.9074   -3.3369    0.2906
 8552 GGKDGWW   -6.5705   -9.9074   -3.3369    0.2906
 8553 GGWDGKW   -6.7961   -9.9101   -3.1140    0.2906
 8554 GGWDGKW   -6.7961   -9.9101   -3.1140    0.2906
 8555 GGWDGKW   -6.7961   -9.9101   -3.1140    0.2906
 8556 GGWEGKW   -7.2500  -10.6812   -3.4311    0.2906
 8557 GAWEGKW   -8.4309  -11.8494   -3.4186    0.2906
 8558 GAWEGKW   -8.4309  -11.8494   -3.4186    0.2906
 8559 GAWEGKW   -8.4309  -11.8494   -3.4186    0.2906
 8560 GAWEGKW   -8.4309  -11.8494   -3.4186    0.2906
 8561 GAWEGKW   -8.4309  -11.8494   -3.4186    0.2906
 8562 GAWEGKW   -8.4309  -11.8494   -3.4186    0.2906
 8563 GGMEGKW   -4.8101  -10.6956   -5.8854    0.2906
 8564 GGFEGKW   -5.4850   -9.7773   -4.2923    0.2906
 8565 GGFEGKW   -6.0020  -10.2942   -4.2923    0.2906
 8566 GAFEGKI   -4.5986   -9.9637   -5.3651    0.2906
 8567 GAVEGKW   -6.9422  -12.8205   -5.8783    0.2906
 8568 GAIEGKW   -8.2185  -12.7225   -4.5040    0.2906
 8569 GMWEGKW   -9.1588   -9.2960   -0.1371    0.2906
 8570 GGWEGKW   -7.3343  -10.7654   -3.4311    0.2906
 8571 GGWEGKW   -7.3343  -10.7654   -3.4311    0.2906
 8572 GGWEGKW   -7.3343  -10.7654   -3.4311    0.2906
 8573 GGWEGKW   -7.3343  -10.7654   -3.4311    0.2906
 8574 GEWGGKW   -5.2442   -8.6753   -3.4311    0.2906
 8575 GEWGGKW   -5.2442   -8.6753   -3.4311    0.2906
 8576 GEWGGKW   -5.2442   -8.6753   -3.4311    0.2906
 8577 GEWGGKW   -5.2442   -8.6753   -3.4311    0.2906
 8578 GKWGGEW   -5.4667   -8.8978   -3.4311    0.2906
 8579 GKWGGEW   -5.2687   -8.6998   -3.4311    0.2906
 8580 GKWGGEW   -5.2687   -8.6998   -3.4311    0.2906
 8581 GKWGGEW   -5.2687   -8.6998   -3.4311    0.2906
 8582 GKWGGEW   -5.2687   -8.6998   -3.4311    0.2906
 8583 GKWGGDW   -5.0748   -8.1888   -3.1140    0.2906
 8584 GKWVGDW   -6.0631   -5.8885    0.1746    0.2906
 8585 GWKMGDW   -4.8404   -4.5489    0.2914    0.2906
 8586 GKIMGEI   -5.0000   -7.3080   -2.3080    0.2906
 8587 GEIMGEI   -1.2765   -4.3945   -3.1180    0.2906
 8588 GKIMGEI   -5.3475   -7.6555   -2.3080    0.2906
 8589 GKVMGEI   -3.4860   -7.1683   -3.6823    0.2906
 8590 GKMMGEI   -3.7520   -7.4289   -3.6769    0.2906
 8591 GKYMGEI   -2.9376   -7.4407   -4.5031    0.2906
 8592 GKIMGEY   -3.8030   -8.3061   -4.5031    0.2906
 8593 GKIMWDY   -2.1025   -3.1316   -1.0291    0.2906
 8594 GKIVWDM   -3.2943   -4.9026   -1.6083    0.2906
 8595 GKVIWDM   -8.2514   -9.8596   -1.6083    0.2906
 8596 GVKIMDM  -12.3802  -12.4514   -0.0711    0.2906
 8597 GIKVMDM  -11.8223  -11.8935   -0.0711    0.2906
 8598 GIKVMDV  -12.0990  -12.1755   -0.0766    0.2906
 8599 GIKVMEV  -11.8743  -12.2680   -0.3937    0.2906
 8600 GIKVMDV  -12.4093  -12.4859   -0.0766    0.2906
 8601 GVKVMDV  -12.4388  -13.8896   -1.4509    0.2906
 8602 GVKVMDV  -12.4388  -13.8896   -1.4509    0.2906
 8603 GVKVMDV  -12.4311  -13.8820   -1.4509    0.3428
 8604 GVKVMDV  -12.4311  -13.8820   -1.4509    0.3428
 8605 GVKVMDW  -13.8715  -13.5427    0.3289    0.3428
 8606 GVKVMDW  -13.8715  -13.5427    0.3289    0.3428
 8607 GVKVDMM  -10.9734  -12.4188   -1.4454    0.3428
 8608 GVKVMMD  -12.6247  -14.1816   -1.5569    0.3428
 8609 GVKVMMD  -12.6247  -14.1816   -1.5569    0.3428
 8610 GVKVMMD  -12.6247  -14.1816   -1.5569    0.3428
 8611 GVKVMME  -12.8819  -14.7559   -1.8740    0.3428
 8612 GVKVMMD  -12.8789  -14.4357   -1.5569    0.3428
 8613 GVKVMMD  -12.8789  -14.4357   -1.5569    0.3428
 8614 GVKVMEM  -11.7148  -13.4774   -1.7626    0.3428
 8615 GVKVMEM  -11.7148  -13.4774   -1.7626    0.3428
 8616 GVKVMEM  -11.7148  -13.4774   -1.7626    0.3428
 8617 GLKIMEM  -11.3967  -13.1604   -1.7637    0.3428
 8618 GFKIEAM  -10.8144  -12.8855   -2.0711    0.3428
 8619 GFKIEAM  -10.8144  -12.8855   -2.0711    0.3428
 8620 GFKIEAM  -10.8144  -12.8855   -2.0711    0.3428
 8621 GFKIEAM  -10.8144  -12.8855   -2.0711    0.3428
 8622 GFKIEMM  -10.1689  -10.3986   -0.2297    0.3428
 8623 EFKMMMG   -7.7445   -8.0145   -0.2700    0.3428
 8624 EFKMMMG   -7.7445   -8.0145   -0.2700    0.3428
 8625 MFKIEMG   -9.5946   -9.8243   -0.2297    0.3428
 8626 KFEIMMG   -8.1020   -8.4431   -0.3411    0.3428
 8627 MFIEKMG   -7.4882   -7.9408   -0.4526    0.3428
 8628 MFIEKMG   -7.4882   -7.9408   -0.4526    0.3428
 8629 IFIEKMG   -6.9070   -9.1107   -2.2037    0.3428
 8630 IFIDKGG   -8.4514   -9.1834   -0.7320    0.3428
 8631 IWIDKGG  -11.7271  -11.9579   -0.2309    0.3428
 8632 IWIDKGG  -11.7271  -11.9579   -0.2309    0.3428
 8633 IWIEKGG  -13.4768  -14.0248   -0.5480    0.3428
 8634 IWKEVGG  -13.8910  -15.3419   -1.4509    0.3428
 8635 IWKVEGG  -15.8686  -17.2080   -1.3394    0.3428
 8636 IWKVEGG  -15.8686  -17.2080   -1.3394    0.3428
 8637 IWRVEGG  -13.5141  -18.2175   -4.7034    0.3428
 8638 IWRVEGG  -13.5141  -18.2175   -4.7034    0.3428
 8639 IWRVEGG  -13.5141  -18.2175   -4.7034    0.3428
 8640 IWRVEGG  -13.5141  -18.2175   -4.7034    0.3428
 8641 WWRVEGG  -12.6713  -16.2893   -3.6180    0.3428
 8642 WWRVEGG  -12.6713  -16.2893   -3.6180    0.3428
 8643 WWKVDGG  -13.3392  -13.2760    0.0631    0.3428
 8644 WIKVDGG  -12.2300  -13.2523   -1.0223    0.3428
 8645 WIKVEGG  -13.8409  -15.1804   -1.3394    0.3428
 8646 WFKVEGG  -13.7046  -14.8197   -1.1151    0.3428
 8647 IFKVEGG  -13.9241  -16.1246   -2.2006    0.3428
 8648 IFKVEGG  -13.9241  -16.1246   -2.2006    0.3428
 8649 IWKVEGG  -14.5479  -15.8873   -1.3394    0.3428
 8650 IWKVEGG  -14.5479  -15.8873   -1.3394    0.3428
 8651 IWKVEGG  -14.5479  -15.8873   -1.3394    0.3428
 8652 IWKVEGG  -14.5479  -15.8873   -1.3394    0.3428
 8653 IWKVDGG  -12.9176  -13.9399   -1.0223    0.3428
 8654 IWKVDGG  -12.9176  -13.9399   -1.0223    0.3428
 8655 IWKVEGG  -15.1502  -16.4897   -1.3394    0.3428
 8656 IWKVEGG  -15.1502  -16.4897   -1.3394    0.3428
 8657 IWKVEGG  -15.1502  -16.4897   -1.3394    0.3428
 8658 IWKVEGG  -15.1502  -16.4897   -1.3394    0.3428
 8659 IWKMEGG  -12.8720  -14.2060   -1.3340    0.3428
 8660 IWKMEGG  -12.8720  -14.2060   -1.3340    0.3428
 8661 IWKMEGG  -12.8720  -14.2060   -1.3340    0.3428
 8662 IWKMEGG  -12.8720  -14.2060   -1.3340    0.3428
 8663 IWKVEGG  -14.4451  -15.7845   -1.3394    0.3428
 8664 VFKVEGG  -12.7921  -16.3669   -3.5749    0.3428
 8665 KFVVEGG  -12.4899  -16.1761   -3.6863    0.3428
 8666 KFVIEGG  -14.8896  -17.2016   -2.3120    0.3428
 8667 KFVIEGG  -14.8896  -17.2016   -2.3120    0.3428
 8668 KFVIEGG  -14.8896  -17.2016   -2.3120    0.3428
 8669 KFVIEGG  -14.8896  -17.2016   -2.3120    0.3428
 8670 VFKIEGG  -15.7154  -17.9160   -2.2006    0.3428
 8671 VFKIEGG  -15.7154  -17.9160   -2.2006    0.3428
 8672 WFKIEGG  -14.9968  -15.0177   -0.0209    0.3428
 8673 VFKIEGG  -15.7374  -17.9380   -2.2006    0.3428
 8674 VFKIEGG  -15.7374  -17.9380   -2.2006    0.3428
 8675 VFKIEGG  -15.7374  -17.9380   -2.2006    0.3428
 8676 VFKIEGG  -15.7374  -17.9380   -2.2006    0.3428
 8677 VFKIEGG  -15.7374  -17.9380   -2.2006    0.3428
 8678 LFKIEGG  -15.0152  -17.6312   -2.6160    0.3428
 8679 KFLIEGG  -14.6718  -17.3993   -2.7274    0.3428
 8680 KFIIEGG  -15.2167  -16.1544   -0.9377    0.3428
 8681 KFEIIGG  -13.8254  -14.6516   -0.8263    0.3428
 8682 KIEIIGG  -13.3001  -14.3506   -1.0506    0.3428
 8683 KIEIIGG  -13.3001  -14.3506   -1.0506    0.3428
 8684 KEIIIGG  -12.9660  -14.2394   -1.2734    0.3428
 8685 KEIVIGG  -11.5560  -14.2037   -2.6477    0.3428
 8686 KEIVIMG  -11.4337  -12.2274   -0.7937    0.3428
 8687 KEIVIMG  -11.4337  -12.2274   -0.7937    0.3428
 8688 KMIVIEG  -13.2309  -13.9132   -0.6823    0.3428
 8689 KLLVIEG  -10.9307  -15.8236   -4.8929    0.3428
 8690 DLLVIDG   -9.0749  -14.1434   -5.0686    0.3428
 8691 DLLVIDG   -9.0749  -14.1434   -5.0686    0.3428
 8692 DLLVVEG  -10.8377  -14.3977   -3.5600    0.3428
 8693 DLLVVEG  -10.7961  -14.3561   -3.5600    0.3428
 8694 VLLVEDG  -11.5423  -15.2137   -3.6714    0.3428
 8695 VLLVEDG  -11.5611  -15.2326   -3.6714    0.3428
 8696 VLFVEDG  -10.1094  -12.2469   -2.1374    0.3428
 8697 VVFVEDG  -10.4375  -11.4395   -1.0020    0.3428
 8698 VLFVEDG  -10.3972  -12.5347   -2.1374    0.3428
 8699 FLVVEDG  -11.8742  -14.0116   -2.1374    0.3428
 8700 FLVVEDG  -11.8742  -14.0116   -2.1374    0.3428
 8701 FFVVEDG  -10.7445  -11.3479   -0.6034    0.3428
 8702 FFVVDEG   -9.9311  -10.5345   -0.6034    0.3428
 8703 FFVVDEG   -9.9311  -10.5345   -0.6034    0.3428
 8704 VFFVDKG   -8.1442   -7.9376    0.2066    0.3428
 8705 VFLVDKG   -8.8131  -10.1406   -1.3274    0.3428
 8706 VFLVKDG  -12.5740  -13.9015   -1.3274    0.3428
 8707 LFVVKDG  -12.6330  -13.9605   -1.3274    0.3428
 8708 LFVVKDG  -12.6330  -13.9605   -1.3274    0.3428
 8709 LFVVEDG  -12.1991  -14.3365   -2.1374    0.3428
 8710 VFVVEDG  -13.1829  -14.1849   -1.0020    0.3428
 8711 VFVVEDG  -13.1829  -14.1849   -1.0020    0.3428
 8712 YFVVEDG   -9.1276  -10.9505   -1.8229    0.3428
 8713 YFVVKDG  -10.5274  -11.5403   -1.0129    0.3428
 8714 FYVVKDG  -11.6803  -12.6932   -1.0129    0.3428
 8715 WYVVKEG  -10.5812  -11.0500   -0.4689    0.3428
 8716 WYVVKEG  -10.5812  -11.0500   -0.4689    0.3428
 8717 WYVVKEG  -10.5812  -11.0500   -0.4689    0.3428
 8718 MYVVKDG  -10.8345  -13.4405   -2.6060    0.3428
 8719 MYVVKDG  -10.8345  -13.4405   -2.6060    0.3428
 8720 VYMVKDG   -9.3594  -11.9654   -2.6060    0.3428
 8721 VWMVKDG  -10.3749  -10.3803   -0.0054    0.3428
 8722 VWMVKDG  -10.3749  -10.3803   -0.0054    0.3428
 8723 MWKVVDG  -11.8875  -11.6700    0.2174    0.3428
 8724 IKMVVDG  -14.5795  -14.7675   -0.1880    0.3428
 8725 IKMVVDG  -14.5795  -14.7675   -0.1880    0.3428
 8726 IKMVVDG  -14.5795  -14.7675   -0.1880    0.3428
 8727 IMKVVDG  -15.9654  -16.1534   -0.1880    0.3428
 8728 IMKVVDG  -15.9654  -16.1534   -0.1880    0.3428
 8729 IDKVVMG  -13.0395  -13.3389   -0.2994    0.3428
 8730 IDMVKVG  -11.5330  -11.6096   -0.0766    0.3428
 8731 IEMVKVG  -12.6354  -13.0291   -0.3937    0.3428
 8732 IEMVKMG  -13.6958  -14.0841   -0.3883    0.3428
 8733 VEMIKMG  -12.4367  -12.8250   -0.3883    0.3428
 8734 IMKVEMG  -13.0430  -13.4313   -0.3883    0.3428
 8735 IMKVEMG  -13.0430  -13.4313   -0.3883    0.3428
 8736 IMKVEMG  -13.2677  -13.6560   -0.3883    0.3428
 8737 IMEVKMG  -11.4266  -11.8149   -0.3883    0.3428
 8738 IMMVKEG  -11.4552  -12.1778   -0.7226    0.3428
 8739 MMIVKEG  -10.4172  -11.1398   -0.7226    0.3428
 8740 MEIVKMG  -11.3112  -11.6994   -0.3883    0.3428
 8741 MEIVKMG  -11.3112  -11.6994   -0.3883    0.3428
 8742 KEIVMMG  -11.3263  -12.0488   -0.7226    0.3428
 8743 KEIVMMG  -11.3263  -12.0488   -0.7226    0.3428
 8744 MEVVKMG  -10.8934  -12.6560   -1.7626    0.3428
 8745 MEVVKMG  -10.8934  -12.6560   -1.7626    0.3428
 8746 MEMVKMG   -9.7237  -11.4808   -1.7571    0.3428
 8747 KEIVMMG  -11.5838  -12.3063   -0.7226    0.3428
 8748 KEMIVMG  -11.1281  -11.8507   -0.7226    0.3428
 8749 KEMIVLG  -11.3057  -13.3291   -2.0234    0.3428
 8750 KMEIMLG   -9.7701  -11.6453   -1.8751    0.3428
 8751 KMDIMMG   -8.7604   -8.9376   -0.1771    0.3428
 8752 KVEIMMG   -9.9784  -10.4781   -0.4997    0.3428
 8753 KVEIMMG   -9.9784  -10.4781   -0.4997    0.3428
 8754 KVLIMEG  -10.8255  -12.7375   -1.9120    0.3428
 8755 KVLIMDG  -11.1841  -12.7790   -1.5949    0.3428
 8756 KVLIGDG   -8.2867  -12.1842   -3.8974    0.3428
 8757 KVLIVDG  -11.4073  -12.9276   -1.5203    0.3428
 8758 KVLIVDG  -11.4073  -12.9276   -1.5203    0.3428
 8759 KVLIVDG  -11.4073  -12.9276   -1.5203    0.3428
 8760 KVVMLDG  -12.1180  -14.2072   -2.0891    0.3428
 8761 KLLMVDG  -13.3162  -16.1408   -2.8246    0.3428
 8762 KMLMVDG  -12.2645  -14.3482   -2.0837    0.3428
 8763 KMLMVDG  -12.2645  -14.3482   -2.0837    0.3428
 8764 KMLMVDG  -12.2645  -14.3482   -2.0837    0.3428
 8765 KVLMMDG  -12.6634  -14.7471   -2.0837    0.3428
 8766 KVLMMDG  -12.6634  -14.7471   -2.0837    0.3428
 8767 KLVMMDG  -12.4068  -14.4905   -2.0837    0.3428
 8768 KLMMMDG  -11.7788  -13.8571   -2.0783    0.3428
 8769 KLMMDMG   -9.5780  -11.5448   -1.9669    0.3428
 8770 KLMMDMG   -9.5780  -11.5448   -1.9669    0.3428
 8771 KLIMDMG  -10.0069  -11.5649   -1.5580    0.3428
 8772 KLIMDMG  -10.0069  -11.5649   -1.5580    0.3428
 8773 KVVMMDG  -12.1852  -13.8534   -1.6683    0.3428
 8774 KVVMMDG  -12.1852  -13.8534   -1.6683    0.3428
 8775 KVVMMDG  -12.1852  -13.8534   -1.6683    0.3428
 8776 KVVMMDG  -12.1852  -13.8534   -1.6683    0.3428
 8777 KVVFMDG  -13.1513  -13.2265   -0.0751    0.3428
 8778 KVVFIEG  -10.7909  -11.0944   -0.3034    0.3428
 8779 YIKFVDG  -11.7030  -11.1187    0.5843    0.3428
 8780 VIKFADG   -9.0235  -10.8944   -1.8709    0.3428
 8781 LIAFKDG   -9.4036  -11.9127   -2.5091    0.3428
 8782 VIAFKDG   -9.2731  -11.3669   -2.0937    0.3428
 8783 WIAFKDG   -8.2552   -9.8492   -1.5940    0.3428
 8784 MGIVKDG   -6.3538   -9.8304   -3.4766    0.3428
 8785 VIMVKDG  -12.1401  -12.5510   -0.4109    0.3428
 8786 VMIVKDG  -13.0192  -13.4300   -0.4109    0.3428
 8787 VKIVMDG  -11.9086  -12.0966   -0.1880    0.3428
 8788 VKIVVDG  -11.2035  -11.3969   -0.1934    0.3428
 8789 KVVIIDG  -14.6759  -14.9664   -0.2906    0.3428
 8790 KVIVIDG  -12.8284  -13.1189   -0.2906    0.3428
 8791 KVIVIEG  -12.4052  -13.0129   -0.6077    0.3428
 8792 KVIVIEG  -12.4052  -13.0129   -0.6077    0.3428
 8793 IVIVKDG  -16.1725  -16.5745   -0.4020    0.3428
 8794 IVIVKDG  -16.1725  -16.5745   -0.4020    0.3428
 8795 IIVVKDG  -16.0814  -16.4834   -0.4020    0.3428
 8796 IIVVKDG  -16.0814  -16.4834   -0.4020    0.3428
 8797 IVIVKDG  -16.7331  -17.1351   -0.4020    0.3428
 8798 IVIVKDG  -16.7331  -17.1351   -0.4020    0.3428
 8799 IVIVKEG  -14.9367  -15.6559   -0.7191    0.3428
 8800 KIIVVEG  -13.1048  -13.7125   -0.6077    0.3428
 8801 KVIVVEG  -14.7458  -15.3678   -0.6220    0.3428
 8802 KVIVIEG  -13.2100  -13.8178   -0.6077    0.3428
 8803 KVIVIEG  -13.2100  -13.8178   -0.6077    0.3428
 8804 KVIVIEG  -13.2095  -13.8172   -0.6077    0.3339
 8805 KYIVIDG  -12.6214  -12.3729    0.2486    0.3339
 8806 KYIVIDG  -12.6214  -12.3729    0.2486    0.3339
 8807 KYIVIDG  -12.6214  -12.3729    0.2486    0.3339
 8808 KYIVIDG  -12.6214  -12.3729    0.2486    0.3339
 8809 IMIVKDG  -16.1032  -16.5798   -0.4766    0.3339
 8810 IKIVMDG  -16.0341  -16.2878   -0.2537    0.3339
 8811 IMIVKDG  -16.2374  -16.7139   -0.4766    0.3339
 8812 IMIVKDG  -16.2374  -16.7139   -0.4766    0.3339
 8813 IIVVKDG  -14.0565  -14.4585   -0.4020    0.3339
 8814 IIVVKDG  -14.0565  -14.4585   -0.4020    0.3339
 8815 IIVVKDG  -14.0565  -14.4585   -0.4020    0.3339
 8816 IVIVKDG  -12.5320  -12.9340   -0.4020    0.3339
 8817 VKMVIDG  -14.1813  -14.3693   -0.1880    0.3339
 8818 VKMVIDG  -14.1813  -14.3693   -0.1880    0.3339
 8819 VIMVKDG  -13.5714  -13.9822   -0.4109    0.3339
 8820 VMIVKDG  -16.0892  -16.5001   -0.4109    0.3339
 8821 VMIIKDG  -15.0664  -15.5430   -0.4766    0.3339
 8822 VMIIKDG  -15.0664  -15.5430   -0.4766    0.3339
 8823 YMIIKDG  -14.0490  -13.9464    0.1026    0.3339
 8824 YMILKDG  -11.6966  -13.3437   -1.6471    0.3339
 8825 YMILKDG  -11.6966  -13.3437   -1.6471    0.3339
 8826 YMILKDG  -11.6966  -13.3437   -1.6471    0.3339
 8827 GMILKDY   -9.3208  -10.8565   -1.5357    0.3339
 8828 GMILKDY   -9.3208  -10.8565   -1.5357    0.3339
 8829 GMILKDM  -10.7003  -12.3698   -1.6694    0.3339
 8830 GMIVKDM  -13.7872  -14.0812   -0.2940    0.3339
 8831 GMIVKDM  -13.7872  -14.0812   -0.2940    0.3339
 8832 GMIVKDM  -13.7872  -14.0812   -0.2940    0.3339
 8833 GMIVMDK  -12.7909  -13.1964   -0.4054    0.3339
 8834 GMIVMDK  -12.7909  -13.1964   -0.4054    0.3339
 8835 GMIVMDK  -12.8668  -13.2722   -0.4054    0.3339
 8836 GKIVMDM  -13.2572  -13.4397   -0.1826    0.3339
 8837 GMIVMDK  -12.8087  -13.2141   -0.4054    0.3339
 8838 GMIVMDK  -12.8087  -13.2141   -0.4054    0.3339
 8839 GFIVMDK  -11.9117  -12.0840   -0.1723    0.3339
 8840 GFIVMDK  -11.9117  -12.0840   -0.1723    0.3339
 8841 GFIVKDM  -10.9999  -11.0608   -0.0609    0.3339
 8842 GFIVKDM  -10.9999  -11.0608   -0.0609    0.3339
 8843 GFIVKDM  -10.9999  -11.0608   -0.0609    0.3339
 8844 GFIVKDM  -10.9999  -11.0608   -0.0609    0.3339
 8845 GFIVKDM  -10.9999  -11.0608   -0.0609    0.3339
 8846 GMIVKDM  -11.2211  -11.5151   -0.2940    0.3339
 8847 GMIVKDL   -9.7381  -11.3330   -1.5949    0.3339
 8848 GFIVLDK   -9.0916  -12.2447   -3.1531    0.3339
 8849 GLIVMDK  -11.0376  -12.7439   -1.7063    0.3339
 8850 KYIVMDG  -12.9784  -14.0987   -1.1203    0.3339
 8851 KYIVMDG  -12.9784  -14.0987   -1.1203    0.3339
 8852 KIIVMDG  -13.9414  -14.3066   -0.3651    0.3339
 8853 KMVVIDG  -14.6653  -14.9647   -0.2994    0.3339
 8854 KMVVIDG  -14.6653  -14.9647   -0.2994    0.3339
 8855 KMVIVDG  -14.9150  -15.2144   -0.2994    0.3339
 8856 VMVIKDG  -13.6394  -14.0503   -0.4109    0.3339
 8857 VMKIVDG  -15.3675  -15.5555   -0.1880    0.3339
 8858 IKMIVDG  -14.9577  -15.2115   -0.2537    0.3339
 8859 IKIMVDG  -13.6029  -13.8566   -0.2537    0.3339
 8860 IKVMIDG  -11.6034  -11.8571   -0.2537    0.3339
 8861 IKVMIDG  -11.6034  -11.8571   -0.2537    0.3339
 8862 IKVMIDG  -11.6034  -11.8571   -0.2537    0.3339
 8863 IKMMIDG  -11.4215  -11.7498   -0.3283    0.3339
 8864 IKMAVDG  -10.3802  -13.8442   -3.4640    0.3339
 8865 IKAMVDG   -8.0700  -11.5340   -3.4640    0.3339
 8866 VMAMKDG   -6.5404  -11.5961   -5.0557    0.3339
 8867 VMAMKDG   -6.5404  -11.5961   -5.0557    0.3339
 8868 VMAMKDG   -6.5404  -11.5961   -5.0557    0.3339
 8869 VMAMKDG   -6.5404  -11.5961   -5.0557    0.3339
 8870 KMVMADG   -8.2121  -13.1564   -4.9443    0.3339
 8871 EMLMVDG   -8.9774  -11.8711   -2.8937    0.3339
 8872 KMLMVDG  -12.0258  -14.1095   -2.0837    0.3339
 8873 KMLMVDG  -12.0258  -14.1095   -2.0837    0.3339
 8874 KMLMVDG  -12.0258  -14.1095   -2.0837    0.3339
 8875 KMLMIDG  -11.2235  -12.8929   -1.6694    0.3339
 8876 EMLMIDG   -8.3918  -10.8713   -2.4794    0.3339
 8877 EMLMIDG   -8.6761  -11.1555   -2.4794    0.3339
 8878 EMLMIDG   -8.6761  -11.1555   -2.4794    0.3339
 8879 IMEMIDG   -8.0230   -9.1613   -1.1383    0.3339
 8880 IMEMMDG   -9.1818  -10.1690   -0.9871    0.3339
 8881 IMEMMDG   -9.1818  -10.1690   -0.9871    0.3339
 8882 EMIMMDG   -8.4785   -9.5771   -1.0986    0.3339
 8883 KMIMMDG  -11.5570  -11.8456   -0.2886    0.3339
 8884 KMIMMDG  -11.5570  -11.8456   -0.2886    0.3339
 8885 MMIMKDG  -10.4994  -10.8994   -0.4000    0.3339
 8886 KMIMMDG  -12.3197  -12.6083   -0.2886    0.3339
 8887 KMIMMDG  -12.3197  -12.6083   -0.2886    0.3339
 8888 KMIMMDG  -12.3197  -12.6083   -0.2886    0.3339
 8889 KMIMMDG  -12.3197  -12.6083   -0.2886    0.3339
 8890 KMIMMDG  -12.3197  -12.6083   -0.2886    0.3339
 8891 KMIMMDG  -12.3197  -12.6083   -0.2886    0.3339
 8892 MMKMIEG   -8.3182   -8.8125   -0.4943    0.3339
 8893 MMKMIDG   -8.6020   -8.7791   -0.1771    0.3339
 8894 MMKMIEG   -8.3571   -8.8514   -0.4943    0.3339
 8895 KMMMIDG   -9.6413   -9.9299   -0.2886    0.3339
 8896 KMMMMDG   -8.1672   -9.8246   -1.6574    0.3339
 8897 KMMMMEG   -7.8601   -9.8347   -1.9746    0.3339
 8898 KLMMMEG   -6.1281   -8.5235   -2.3954    0.3339
 8899 KMMMMDG   -7.7131   -9.3705   -1.6574    0.3339
 8900 KMMMMDG   -7.7131   -9.3705   -1.6574    0.3339
 8901 KMMMVDG   -9.3946  -11.0575   -1.6629    0.3339
 8902 KMMMVDG   -9.3946  -11.0575   -1.6629    0.3339
 8903 KMMIVDG   -8.8416   -9.1356   -0.2940    0.3339
 8904 FKMMVDG  -10.8033  -10.7616    0.0417    0.3339
 8905 GKMFVDM   -9.1642   -9.1225    0.0417    0.3339
 8906 GKMFVDY   -8.4947   -9.2793   -0.7846    0.3339
 8907 GKMFVDV   -9.4218   -9.3855    0.0363    0.3339
 8908 GDLFVKV   -6.3465   -7.4511   -1.1046    0.3339
 8909 GKLFVDV   -5.5920   -6.6966   -1.1046    0.3339
 8910 GKLFVDV   -5.5920   -6.6966   -1.1046    0.3339
 8911 GELFVDV   -6.3050   -8.2196   -1.9146    0.3339
 8912 GVLEVKV   -9.9234  -12.1122   -2.1889    0.3339
 8913 GVLEVKV   -9.9234  -12.1122   -2.1889    0.3339
 8914 GVLEVKV   -9.9234  -12.1122   -2.1889    0.3339
 8915 GVLEVKV   -9.9234  -12.1122   -2.1889    0.3339
 8916 GVLEIDV  -10.0560  -12.1635   -2.1074    0.3339
 8917 IVLEVDG  -12.6964  -14.9153   -2.2189    0.3339
 8918 IVLDVKG  -11.7822  -13.1911   -1.4089    0.3339
 8919 IVLDVKG  -11.7822  -13.1911   -1.4089    0.3339
 8920 IVLEVKG  -12.6389  -14.3649   -1.7260    0.3339
 8921 IVLEVKG  -12.6389  -14.3649   -1.7260    0.3339
 8922 IVLEVKG  -12.6249  -14.3509   -1.7260    0.3339
 8923 WVLDVKG   -9.1222  -11.8856   -2.7634    0.3339
 8924 WVLDVDG   -8.7101  -11.9664   -3.2563    0.3339
 8925 WVLDVKG  -10.3214  -13.0849   -2.7634    0.3339
 8926 WVLEVKG  -11.0781  -14.1586   -3.0806    0.3339
 8927 WVLEVKG  -11.0781  -14.1586   -3.0806    0.3339
 8928 WELVVKG  -10.9190  -13.9995   -3.0806    0.3339
 8929 WELVVKG  -10.9190  -13.9995   -3.0806    0.3339
 8930 WELVVKG  -10.9190  -13.9995   -3.0806    0.3339
 8931 WELVVKG   -9.3048  -12.3854   -3.0806    0.3339
 8932 LELVVDG  -11.1225  -14.5711   -3.4486    0.3339
 8933 LELVVDG  -11.1225  -14.5711   -3.4486    0.3339
 8934 KELVVLG  -13.6569  -16.8354   -3.1786    0.3339
 8935 LELVVKG  -11.4127  -14.3684   -2.9557    0.3339
 8936 KELVVLG  -13.1460  -16.3245   -3.1786    0.3339
 8937 VEKVVLG  -12.8609  -15.2727   -2.4117    0.3339
 8938 KVEVVLG  -12.6653  -14.9656   -2.3003    0.3339
 8939 KLEVVLG  -13.8969  -16.8526   -2.9557    0.3339
 8940 KLVVELG  -14.4465  -17.4022   -2.9557    0.3339
 8941 KLVVELG  -14.4465  -17.4022   -2.9557    0.3339
 8942 KLVVELG  -14.4465  -17.4022   -2.9557    0.3339
 8943 MLKVELG  -13.1585  -16.0773   -2.9189    0.3339
 8944 MLKVELG  -13.1585  -16.0773   -2.9189    0.3339
 8945 VLKIELG  -12.2129  -16.8829   -4.6700    0.3339
 8946 VLKIELG  -12.2129  -16.8829   -4.6700    0.3339
 8947 VLKIELG  -12.2129  -16.8829   -4.6700    0.3339
 8948 VVDIKLG  -10.6085  -11.9059   -1.2974    0.3339
 8949 MVDIKMG  -10.0204  -10.0916   -0.0711    0.3339
 8950 MVEIKMG  -10.9601  -11.3484   -0.3883    0.3339
 8951 KVIEVMG  -10.1296  -10.6348   -0.5051    0.3339
 8952 KVFMVDG  -12.6734  -12.7486   -0.0751    0.3339
 8953 KVVMFDG  -13.5922  -13.6674   -0.0751    0.3339
 8954 KVVMVDG  -14.5404  -16.2142   -1.6737    0.3339
 8955 KVVMVDG  -14.5404  -16.2142   -1.6737    0.3339
 8956 KVVIVDG  -16.8249  -17.1297   -0.3049    0.3339
 8957 KVIIVDG  -17.1863  -17.4768   -0.2906    0.3339
 8958 VVMIEDG  -14.1008  -15.3216   -1.2209    0.3339
 8959 VVIIDDG  -13.8176  -14.7125   -0.8949    0.3339
 8960 VVIIEDG  -14.7277  -15.9397   -1.2120    0.3339
 8961 VVIIEDG  -14.7277  -15.9397   -1.2120    0.3339
 8962 IVVIEEG  -12.9637  -14.4929   -1.5291    0.3339
 8963 EVVIVEG  -12.6968  -14.1288   -1.4320    0.3339
 8964 EVWIVEG   -9.9128  -12.6851   -2.7723    0.3339
 8965 EVLIVEG  -12.4856  -15.1330   -2.6474    0.3339
 8966 EVLIVEG  -12.4856  -15.1330   -2.6474    0.3339
 8967 EVVIVEG  -12.8633  -14.2953   -1.4320    0.3339
 8968 EVFIVDG  -12.9416  -13.7378   -0.7963    0.3339
 8969 EVLIVDG  -13.9297  -16.2599   -2.3303    0.3339
 8970 VILVEDG  -12.5488  -14.9905   -2.4417    0.3339
 8971 VVLIEDG  -12.3394  -14.7811   -2.4417    0.3339
 8972 VVLIKDG  -12.9989  -14.6306   -1.6317    0.3339
 8973 FVMLDKG   -9.5497  -10.9517   -1.4020    0.3339
 8974 WVMLKEG   -7.2551  -10.6331   -3.3780    0.3339
 8975 WVMVKDG  -12.3222  -12.3277   -0.0054    0.3339
 8976 WVMVKDG  -12.3222  -12.3277   -0.0054    0.3339
 8977 WVMVKDG  -12.3222  -12.3277   -0.0054    0.3339
 8978 WVMVKDG  -12.3222  -12.3277   -0.0054    0.3339
 8979 WVMVKDG  -12.3222  -12.3277   -0.0054    0.3339
 8980 VWMVKDG  -11.2859  -11.2914   -0.0054    0.3339
 8981 VWMVKDG  -11.3400  -11.3455   -0.0054    0.3339
 8982 VWMVKDG  -11.3400  -11.3455   -0.0054    0.3339
 8983 VWMVKDG  -11.3400  -11.3455   -0.0054    0.3339
 8984 VWVVKDG  -11.9668  -11.8976    0.0691    0.3339
 8985 KWVVVDG  -15.2684  -15.0878    0.1806    0.3339
 8986 KWVVVDG  -15.2684  -15.0878    0.1806    0.3339
 8987 KWVVVEG  -14.3156  -14.4522   -0.1366    0.3339
 8988 KWVVVDG  -15.0402  -14.8596    0.1806    0.3339
 8989 KWVVVDG  -15.0402  -14.8596    0.1806    0.3339
 8990 KWVVVDG  -15.0402  -14.8596    0.1806    0.3339
 8991 KWVVVDG  -15.0402  -14.8596    0.1806    0.3339
 8992 VWKVVDG  -14.4293  -14.1373    0.2920    0.3339
 8993 KWVVVDG  -14.3656  -14.1850    0.1806    0.3339
 8994 KWVVVDG  -14.3656  -14.1850    0.1806    0.3339
 8995 KWVVVEG  -13.6651  -13.8017   -0.1366    0.3339
 8996 KWVVVEG  -13.6651  -13.8017   -0.1366    0.3339
 8997 KWVVVEG  -13.6651  -13.8017   -0.1366    0.3339
 8998 KWVVVDG  -14.3725  -14.1919    0.1806    0.3339
 8999 KWMVVDG  -13.9725  -13.8665    0.1060    0.3339
 9000 KWMVVDG  -13.9725  -13.8665    0.1060    0.3339
 9001 KWIVVDG  -13.0394  -14.6846   -1.6451    0.3339
 9002 KWIVVDG  -13.0394  -14.6846   -1.6451    0.3339
 9003 KWIVVDG  -13.0394  -14.6846   -1.6451    0.3339
 9004 LMKVIDG  -11.1342  -12.6176   -1.4834    0.3339
 9005 LMKVIDG  -11.1344  -12.6179   -1.4834    0.3331
 9006 LMKVIDG  -11.1344  -12.6179   -1.4834    0.3331
 9007 LVKMIDG  -10.4654  -11.9488   -1.4834    0.3331
 9008 LVKMIDG  -10.4654  -11.9488   -1.4834    0.3331
 9009 LMDIVKG   -8.1358   -9.6192   -1.4834    0.3331
 9010 LMKIVEG  -13.0260  -14.8266   -1.8006    0.3331
 9011 LMKIVEG  -13.0260  -14.8266   -1.8006    0.3331
 9012 KMMVIEG  -14.4285  -15.0396   -0.6111    0.3331
 9013 KMMVIEG  -14.4285  -15.0396   -0.6111    0.3331
 9014 KMMVIEG  -14.4285  -15.0396   -0.6111    0.3331
 9015 KMLVIEG  -14.1304  -16.0424   -1.9120    0.3331
 9016 KMLVIEG  -14.1304  -16.0424   -1.9120    0.3331
 9017 MLKVIEG  -11.3184  -13.1189   -1.8006    0.3331
 9018 MLKVIEG  -11.3184  -13.1189   -1.8006    0.3331
 9019 MIKVIEG  -11.3270  -11.8979   -0.5709    0.3331
 9020 MIKVIEG  -11.3270  -11.8979   -0.5709    0.3331
 9021 MYKVIEG   -9.2972  -10.6232   -1.3260    0.3331
 9022 MFKVIEG  -12.1702  -12.4368   -0.2666    0.3331
 9023 KFMVIEG  -12.9127  -13.2907   -0.3780    0.3331
 9024 KFVVIEG  -13.9402  -14.2436   -0.3034    0.3331
 9025 KFVVIEG  -13.9402  -14.2436   -0.3034    0.3331
 9026 KFIVVDG  -13.2502  -13.2365    0.0137    0.3331
 9027 KFIVVDG  -13.2502  -13.2365    0.0137    0.3331
 9028 KFIVVDG  -13.2502  -13.2365    0.0137    0.3331
 9029 IFKDVVG   -9.5540   -9.5403    0.0137    0.3331
 9030 VDKFIFG   -7.1610   -8.6687   -1.5077    0.3331
 9031 VFKFGDG   -7.3792   -8.9269   -1.5477    0.3331
 9032 VFKFIDG   -9.3011  -10.6974   -1.3963    0.3331
 9033 VFKFIDG   -9.3011  -10.6974   -1.3963    0.3331
 9034 VFKYIDG  -10.7441  -10.1598    0.5843    0.3331
 9035 VVKMIDG  -14.0775  -14.2655   -0.1880    0.3331
 9036 VIKDVMG  -11.3331  -11.6325   -0.2994    0.3331
 9037 VIKDMMG  -10.9620  -11.2560   -0.2940    0.3331
 9038 VIKMMDG  -12.5952  -12.7777   -0.1826    0.3331
 9039 IVKMMDG  -13.5970  -13.7796   -0.1826    0.3331
 9040 IVKIMDG  -14.0178  -14.2715   -0.2537    0.3331
 9041 VIKIMEG  -15.1752  -15.7461   -0.5709    0.3331
 9042 VIKIMEG  -15.1752  -15.7461   -0.5709    0.3331
 9043 VMKIIEG  -13.7290  -14.2998   -0.5709    0.3331
 9044 VVIIKEG  -13.9150  -14.6342   -0.7191    0.3331
 9045 KLIVVEG  -12.5786  -14.4160   -1.8374    0.3331
 9046 KFIVVEG  -12.4606  -12.7640   -0.3034    0.3331
 9047 KFVIVEG  -11.7191  -12.0225   -0.3034    0.3331
 9048 KFIVVEG  -13.7647  -14.0681   -0.3034    0.3331
 9049 KFMVVEG  -13.6975  -14.0897   -0.3923    0.3331
 9050 KFMVVDG  -12.5289  -12.6040   -0.0751    0.3331
 9051 FKMVVDG  -12.1955  -12.1592    0.0363    0.3331
 9052 FKMVVDG  -12.1955  -12.1592    0.0363    0.3331
 9053 FMKVVDG  -13.0981  -13.0618    0.0363    0.3331
 9054 VVKVVDG  -11.2309  -12.7986   -1.5677    0.3331
 9055 VVKVVEG  -12.2483  -14.1331   -1.8849    0.3331
 9056 VKIVVEG  -12.9038  -13.4143   -0.5106    0.3331
 9057 IVIVKDG  -15.4265  -15.8285   -0.4020    0.3331
 9058 IVVIKDG  -15.0775  -15.4795   -0.4020    0.3331
 9059 IVVIKDG  -15.0775  -15.4795   -0.4020    0.3331
 9060 ILVVKDG  -14.8406  -16.4723   -1.6317    0.3331
 9061 ILVVKDG  -14.8406  -16.4723   -1.6317    0.3331
 9062 ILVVKDG  -14.8406  -16.4723   -1.6317    0.3331
 9063 ILVVKDG  -14.8406  -16.4723   -1.6317    0.3331
 9064 ILVVEDG  -12.5242  -14.9659   -2.4417    0.3331
 9065 LIVVEDG  -11.6928  -14.1345   -2.4417    0.3331
 9066 LILVDDG   -8.8461  -14.0261   -5.1800    0.3331
 9067 LILVDDG   -8.8461  -14.0261   -5.1800    0.3331
 9068 FILVDKG   -7.6812  -10.8343   -3.1531    0.3331
 9069 LIKIDAG  -12.0471  -14.4462   -2.3991    0.3331
 9070 IIKIDAG  -13.2944  -13.9038   -0.6094    0.3331
 9071 IIKIDAG  -13.2944  -13.9038   -0.6094    0.3331
 9072 IIKMDAG  -11.9483  -13.9266   -1.9783    0.3331
 9073 IIKMDAG  -11.9483  -13.9266   -1.9783    0.3331
 9074 IIKMDAG  -11.9483  -13.9266   -1.9783    0.3331
 9075 WIKMEAG  -11.5695  -12.7795   -1.2100    0.3331
 9076 WIKMEAG  -11.5695  -12.7795   -1.2100    0.3331
 9077 WIKMEAG  -11.5695  -12.7795   -1.2100    0.3331
 9078 KVFMEAG  -10.4122  -13.9691   -3.5569    0.3331
 9079 KVFMEAG  -10.4122  -13.9691   -3.5569    0.3331
 9080 KIFEMAG   -8.2074  -10.3900   -2.1826    0.3331
 9081 IKFVEAG   -9.3009  -11.3774   -2.0766    0.3331
 9082 IKFVAEG   -9.2329  -11.4209   -2.1880    0.3331
 9083 VKFIAEG   -7.9541  -10.1421   -2.1880    0.3331
 9084 VKVIMDG   -9.2283   -9.4163   -0.1880    0.3331
 9085 VKVIMDG   -9.2283   -9.4163   -0.1880    0.3331
 9086 VMVIKDG  -10.6932  -11.1041   -0.4109    0.3331
 9087 VLVIKDG  -10.7929  -12.4246   -1.6317    0.3331
 9088 VLVIKDG  -10.7929  -12.4246   -1.6317    0.3331
 9089 VLVVKEG  -12.7703  -15.2935   -2.5231    0.3331
 9090 VWVVKEG  -13.6822  -13.9302   -0.2480    0.3331
 9091 MWVVKEG  -12.8340  -13.1566   -0.3226    0.3331
 9092 KWVVMEG  -13.7881  -13.9993   -0.2111    0.3331
 9093 KWVVMEG  -13.7881  -13.9993   -0.2111    0.3331
 9094 KWMVVEG  -13.7160  -13.9272   -0.2111    0.3331
 9095 KWMVVEG  -13.7160  -13.9272   -0.2111    0.3331
 9096 KEMVVMG  -10.5842  -12.6810   -2.0969    0.3331
 9097 KMIVVEG  -11.7561  -12.3726   -0.6166    0.3331
 9098 KMIVVEG  -11.7561  -12.3726   -0.6166    0.3331
 9099 KMVVVEG  -11.0026  -12.9934   -1.9909    0.3331
 9100 MKVVVEG  -10.6627  -12.5421   -1.8794    0.3331
 9101 VKVVMEG  -10.9638  -12.8432   -1.8794    0.3331
 9102 LKVVWEG  -10.1280  -13.2086   -3.0806    0.3331
 9103 LKVVWEG  -10.1280  -13.2086   -3.0806    0.3331
 9104 LKVVWEG  -10.1280  -13.2086   -3.0806    0.3331
 9105 LKVVWEG  -10.1280  -13.2086   -3.0806    0.3331
 9106 LVKVWDG   -9.2109  -11.9744   -2.7634    0.3331
 9107 LKVVIDG  -11.5277  -12.9366   -1.4089    0.3331
 9108 VKVVIDG  -12.3984  -12.5919   -0.1934    0.3331
 9109 VVIVKDG  -13.7546  -14.1709   -0.4163    0.3331
 9110 DVIVKLG  -13.8701  -15.2790   -1.4089    0.3331
 9111 GVIVKLD  -13.8304  -15.2393   -1.4089    0.3331
 9112 GVIVKLD  -13.8304  -15.2393   -1.4089    0.3331
 9113 GVIVKLD  -13.8304  -15.2393   -1.4089    0.3331
 9114 GVIVKLD  -13.8304  -15.2393   -1.4089    0.3331
 9115 GVVIKLD  -12.6117  -14.0206   -1.4089    0.3331
 9116 GVMIKLD  -11.7180  -13.2014   -1.4834    0.3331
 9117 GVMIKMD  -12.1145  -12.2970   -0.1826    0.3331
 9118 GVKIMME  -13.4666  -13.9663   -0.4997    0.3331
 9119 GVKIMMD  -13.8193  -14.0019   -0.1826    0.3331
 9120 GVKIMLE  -13.0780  -14.8786   -1.8006    0.3331
 9121 GVKIMLD  -13.3594  -14.8428   -1.4834    0.3331
 9122 GVKIMLD  -13.3594  -14.8428   -1.4834    0.3331
 9123 GVKVMLD  -12.9447  -14.9224   -1.9777    0.3331
 9124 GVKLVMD  -12.6022  -14.5799   -1.9777    0.3331
 9125 GVKMVMD  -12.2769  -13.8338   -1.5569    0.3331
 9126 GVKMVMD  -12.2769  -13.8338   -1.5569    0.3331
 9127 GVKMVMD  -12.2769  -13.8338   -1.5569    0.3331
 9128 GVKIVAD   -7.5524  -11.0219   -3.4694    0.3331
 9129 GVKILAD   -9.6389  -13.5237   -3.8849    0.3331
 9130 GKLIVDA   -6.8602  -10.7451   -3.8849    0.3331
 9131 KGLIVDM  -11.8411  -13.3245   -1.4834    0.3331
 9132 KVMIVDG  -14.1512  -14.4506   -0.2994    0.3331
 9133 KVMIVDG  -14.1512  -14.4506   -0.2994    0.3331
 9134 KMLIVEG  -11.7349  -13.6469   -1.9120    0.3331
 9135 DVLMIEG   -3.6116   -6.0164   -2.4049    0.3331
 9136 DVELIMG   -4.1719   -6.4653   -2.2934    0.3331
 9137 ELMVIKG   -7.4211   -9.3331   -1.9120    0.3331
 9138 LEMVIKG  -10.4030  -12.2036   -1.8006    0.3331
 9139 VEMVIKG  -11.2242  -11.7294   -0.5051    0.3331
 9140 VEMVKIG   -9.7556  -10.1493   -0.3937    0.3331
 9141 VEMVKIG   -9.9553  -10.3490   -0.3937    0.3331
 9142 MEVVKLG   -9.4417  -11.6252   -2.1834    0.3331
 9143 MDVVKLG   -9.3256  -11.1919   -1.8663    0.3331
 9144 KDVVMMG  -11.4397  -13.2194   -1.7797    0.3331
 9145 GDMVVMK  -10.5615  -12.2298   -1.6683    0.3331
 9146 GDMVMMK   -9.5710  -11.2338   -1.6629    0.3331
 9147 GDMVMMK   -9.5710  -11.2338   -1.6629    0.3331
 9148 MDMIMKG  -12.3381  -12.5153   -0.1771    0.3331
 9149 LDVIVKG  -12.6708  -14.0796   -1.4089    0.3331
 9150 LDVIVEG  -11.0045  -13.2234   -2.2189    0.3331
 9151 LDVIVEG  -11.0045  -13.2234   -2.2189    0.3331
 9152 LDVVIKG  -10.9403  -12.3492   -1.4089    0.3331
 9153 LDVVVKG  -11.7387  -13.7218   -1.9831    0.3331
 9154 WDVVVKG  -12.1273  -11.8353    0.2920    0.3331
 9155 WDVVVKG  -12.1273  -11.8353    0.2920    0.3331
 9156 IDLVVKG  -12.6503  -14.0592   -1.4089    0.3331
 9157 IDVVMKG  -12.7439  -12.9319   -0.1880    0.3331
 9158 IDVVLRG   -9.0645  -13.8373   -4.7729    0.3331
 9159 IDVVLDG   -9.9905  -11.8922   -1.9017    0.3331
 9160 IKVVLDG  -12.7377  -14.1466   -1.4089    0.3331
 9161 IKVVLDG  -12.7377  -14.1466   -1.4089    0.3331
 9162 KLVVIDG  -13.7041  -15.2243   -1.5203    0.3331
 9163 KLVVMDG  -13.9055  -15.9947   -2.0891    0.3331
 9164 KLVVMDG  -13.9055  -15.9947   -2.0891    0.3331
 9165 KLVVDMG  -13.1734  -15.1511   -1.9777    0.3331
 9166 KLVVEMG  -14.2413  -16.5361   -2.2949    0.3331
 9167 KLVVEMG  -14.2413  -16.5361   -2.2949    0.3331
 9168 KLVVMDG  -14.3755  -16.4647   -2.0891    0.3331
 9169 KLVVMDG  -14.3755  -16.4647   -2.0891    0.3331
 9170 KLVVVDG  -15.2291  -17.3236   -2.0946    0.3331
 9171 KLLVVDG  -14.9663  -17.7163   -2.7500    0.3331
 9172 KLLVVDG  -14.9663  -17.7163   -2.7500    0.3331
 9173 KLLVVDG  -14.9663  -17.7163   -2.7500    0.3331
 9174 KLLVVDG  -14.9663  -17.7163   -2.7500    0.3331
 9175 KLLVVDG  -13.7045  -16.4545   -2.7500    0.3331
 9176 KLVVLDG  -13.2827  -16.0327   -2.7500    0.3331
 9177 LKVVLDG  -12.4347  -15.0733   -2.6386    0.3331
 9178 KLVVLDG  -13.6833  -16.4333   -2.7500    0.3331
 9179 LVLVKDG   -8.9227  -11.7841   -2.8614    0.3331
 9180 LFLVKDG   -9.4386  -13.8214   -4.3829    0.3331
 9181 LLIVKDG   -9.3228  -14.0099   -4.6871    0.3331
 9182 KMIVLDG  -12.5709  -14.1657   -1.5949    0.3331
 9183 KMIVLDG  -12.5709  -14.1657   -1.5949    0.3331
 9184 EMIVLDG  -10.0933  -12.4982   -2.4049    0.3331
 9185 EMIVLDG  -10.0933  -12.4982   -2.4049    0.3331
 9186 IFKVVDG  -15.4552  -15.3300    0.1251    0.3331
 9187 IFKVVDG  -15.4552  -15.3300    0.1251    0.3331
 9188 IFKVVDG  -15.4552  -15.3300    0.1251    0.3331
 9189 IFKVMDG  -14.8177  -14.7672    0.0506    0.3331
 9190 IFKVMDG  -14.8177  -14.7672    0.0506    0.3331
 9191 IFKVMDG  -14.8177  -14.7672    0.0506    0.3331
 9192 IFKVMDG  -14.8177  -14.7672    0.0506    0.3331
 9193 IFKVMEG  -14.2313  -14.4978   -0.2666    0.3331
 9194 IFKVMEG  -14.2313  -14.4978   -0.2666    0.3331
 9195 IFKVMEG  -14.2313  -14.4978   -0.2666    0.3331
 9196 IFKVMEG  -14.2313  -14.4978   -0.2666    0.3331
 9197 IFKVMEG  -14.2313  -14.4978   -0.2666    0.3331
 9198 IVKVMDG  -14.2118  -14.3998   -0.1880    0.3331
 9199 IVKVMDG  -14.2118  -14.3998   -0.1880    0.3331
 9200 ILKVMDG  -14.9793  -16.4627   -1.4834    0.3331
 9201 MLKVMDG  -13.5991  -15.5714   -1.9723    0.3331
 9202 KLMVMDG  -13.3826  -15.4663   -2.0837    0.3331
 9203 IMKVMDG  -14.7939  -14.9765   -0.1826    0.3331
 9204 IMKLMDG  -11.7285  -13.2865   -1.5580    0.3331
 9205 IMMLKDG  -10.3192  -12.1001   -1.7809    0.3331
 9206 IMMLKDG  -10.2689  -12.0498   -1.7809    0.3522
 9207 IEMLKMG   -8.3151  -10.0788   -1.7637    0.3522
 9208 LDMIKMG   -8.4082   -9.8548   -1.4466    0.3522
 9209 LIMDKMG   -7.3292   -8.9987   -1.6694    0.3522
 9210 LKMDIMG   -4.6943   -6.1409   -1.4466    0.3522
 9211 IVKDIMG   -8.3252   -8.6903   -0.3651    0.3522
 9212 IIKEVMG  -11.5140  -12.1963   -0.6823    0.3522
 9213 EIKIVMG  -11.4538  -12.0246   -0.5709    0.3522
 9214 IEEIVMG  -10.2538  -11.7461   -1.4923    0.3522
 9215 VVEIKMG  -12.8270  -13.2208   -0.3937    0.3522
 9216 VVEIKMG  -12.8270  -13.2208   -0.3937    0.3522
 9217 YIEVKMG  -12.2097  -13.4242   -1.2146    0.3522
 9218 VIEVKLG  -13.2624  -14.8770   -1.6146    0.3522
 9219 VIEVKLG  -13.2624  -14.8770   -1.6146    0.3522
 9220 VIDVKAG   -9.8302  -13.1882   -3.3580    0.3522
 9221 VWDVKAG  -10.5882  -12.8608   -2.2726    0.3522
 9222 VWKVDAG  -13.3438  -15.6163   -2.2726    0.3522
 9223 VWEVKAG  -11.7080  -14.2977   -2.5897    0.3522
 9224 LWEVKAG  -10.7972  -13.8023   -3.0051    0.3522
 9225 LWEVKAG  -10.7972  -13.8023   -3.0051    0.3522
 9226 LWEVKAG  -10.7972  -13.8023   -3.0051    0.3522
 9227 LWEVKAG  -10.7972  -13.8023   -3.0051    0.3522
 9228 LFEVKAG  -10.8771  -14.7434   -3.8663    0.3522
 9229 VFEVKAG  -11.4598  -14.9106   -3.4509    0.3522
 9230 VFEVRAG   -8.3313  -15.1462   -6.8149    0.3522
 9231 VFEVRAG   -8.3313  -15.1462   -6.8149    0.3522
 9232 VFEVEAG   -7.6399  -11.9008   -4.2609    0.3522
 9233 VFRVEAG   -8.3561  -15.1709   -6.8149    0.3522
 9234 VFRVDAG   -7.4071  -13.9048   -6.4977    0.3522
 9235 VLRVADG   -7.2569  -15.8801   -8.6231    0.3522
 9236 LVGVRDG   -6.2684  -14.9041   -8.6357    0.3522
 9237 LIRVGDG   -8.5776  -15.7276   -7.1500    0.3522
 9238 LMRVGDG   -7.6293  -16.1482   -8.5189    0.3522
 9239 LMRVGDG   -7.6293  -16.1482   -8.5189    0.3522
 9240 IMRVGDG   -8.9015  -15.6307   -6.7291    0.3522
 9241 IMRVGDG   -8.9015  -15.6307   -6.7291    0.3522
 9242 IMKVGDG  -12.4116  -15.7768   -3.3651    0.3522
 9243 IMKIGDG  -12.2581  -14.2490   -1.9909    0.3522
 9244 IMKIGDG  -12.2581  -14.2490   -1.9909    0.3522
 9245 MIKIGDG  -11.2314  -13.2222   -1.9909    0.3522
 9246 IKMIGDG  -11.3294  -13.3202   -1.9909    0.3522
 9247 IKVIGDG  -11.1264  -13.1227   -1.9963    0.3522
 9248 IKILGDG  -11.1507  -13.5625   -2.4117    0.3522
 9249 IIKLGDG  -10.9245  -13.3362   -2.4117    0.3522
 9250 KIIMGDG  -10.1339  -12.2362   -2.1023    0.3522
 9251 KIFIGDG  -11.1659  -11.6750   -0.5091    0.3522
 9252 IKGIIDG  -11.6859  -12.3079   -0.6220    0.3522
 9253 IKGIIDG  -11.6859  -12.3079   -0.6220    0.3522
 9254 IKGIIDG  -11.6859  -12.3079   -0.6220    0.3522
 9255 IIGKIDG   -9.7834  -10.4054   -0.6220    0.3522
 9256 LIGKIDG   -7.8718  -10.2836   -2.4117    0.3522
 9257 VIGKIDG   -8.1603  -10.1566   -1.9963    0.3522
 9258 VKIIGDG  -10.7090  -12.7053   -1.9963    0.3522
 9259 VKIIGDG  -10.7090  -12.7053   -1.9963    0.3522
 9260 IIKIGDG  -13.8880  -14.5100   -0.6220    0.3522
 9261 IIKIGDG  -13.8880  -14.5100   -0.6220    0.3522
 9262 IKGIIDG  -13.3886  -14.0106   -0.6220    0.3522
 9263 IKGIIDG  -13.3886  -14.0106   -0.6220    0.3522
 9264 IKGLIDG  -10.6406  -13.0523   -2.4117    0.3522
 9265 IKGLWDG  -10.9754  -12.3017   -1.3263    0.3522
 9266 IKGLWDG  -10.9754  -12.3017   -1.3263    0.3522
 9267 IKGLIDG  -10.5676  -12.9793   -2.4117    0.3522
 9268 IKGLIDG  -10.5676  -12.9793   -2.4117    0.3522
 9269 IKGLIDG  -10.5676  -12.9793   -2.4117    0.3522
 9270 IKGIFDG   -9.5631   -9.9608   -0.3977    0.3522
 9271 VKGIWDG  -10.6320  -11.5428   -0.9109    0.3522
 9272 VKWIGDG  -11.4365  -12.3474   -0.9109    0.3522
 9273 IKWVGDG  -13.7927  -14.7035   -0.9109    0.3522
 9274 IKWVGDG  -13.7927  -14.7035   -0.9109    0.3522
 9275 WKWVGDG  -12.8926  -12.7181    0.1746    0.3522
 9276 WKWVGDG  -12.8926  -12.7181    0.1746    0.3522
 9277 WKWVGDG  -12.8926  -12.7181    0.1746    0.3522
 9278 WKWVGDG  -12.8926  -12.7181    0.1746    0.3522
 9279 WKWVGDG  -12.8926  -12.7181    0.1746    0.3522
 9280 WKGVWDG  -11.6350  -11.4604    0.1746    0.3522
 9281 WKGVWDG  -11.6350  -11.4604    0.1746    0.3522
 9282 WKGVWDG  -11.6350  -11.4604    0.1746    0.3522
 9283 WKGVWDG  -11.6350  -11.4604    0.1746    0.3522
 9284 WKGVVDG   -8.0120  -10.2971   -2.2851    0.3522
 9285 WKGVVEG   -6.9925   -9.5948   -2.6023    0.3522
 9286 WKGIVEG   -7.7393   -8.9673   -1.2280    0.3522
 9287 WKGIVEG   -9.1657  -10.3937   -1.2280    0.3522
 9288 WKGIMEG   -9.2010  -10.4236   -1.2226    0.3522
 9289 WKGIVEG   -9.1398  -10.3678   -1.2280    0.3522
 9290 WKGIWEG   -9.7401  -11.3084   -1.5683    0.3522
 9291 YKGIWEG   -8.2141  -10.2630   -2.0489    0.3522
 9292 IKGIWEG  -11.3041  -11.5179   -0.2137    0.3522
 9293 IKGIWEG  -11.3041  -11.5179   -0.2137    0.3522
 9294 IKWIGEG  -12.4846  -12.6983   -0.2137    0.3522
 9295 KIWIGEG  -13.2075  -13.5326   -0.3251    0.3522
 9296 EIWIGKG  -11.8640  -12.1892   -0.3251    0.3522
 9297 EIWIGKG  -11.8640  -12.1892   -0.3251    0.3522
 9298 EIWIGKG  -11.8640  -12.1892   -0.3251    0.3522
 9299 EIWIGKG  -11.8640  -12.1892   -0.3251    0.3522
 9300 GIIIGKD  -11.0770  -11.9218   -0.8449    0.3522
 9301 GIKIGID   -7.5692   -8.0798   -0.5106    0.3522
 9302 GIKIGMD  -12.7907  -14.6702   -1.8794    0.3522
 9303 GIKIGMD  -12.7907  -14.6702   -1.8794    0.3522
 9304 GIKIGMD  -12.7907  -14.6702   -1.8794    0.3522
 9305 GIKIGMD  -12.7907  -14.6702   -1.8794    0.3522
 9306 GIKIGMD  -12.7907  -14.6702   -1.8794    0.3522
 9307 GVKIGMD  -11.1583  -14.4120   -3.2537    0.3522
 9308 GVKIGLD  -12.1919  -15.8664   -3.6746    0.3522
 9309 GVKIGLD  -12.1919  -15.8664   -3.6746    0.3522
 9310 GVKIGMD  -12.1984  -15.4521   -3.2537    0.3522
 9311 GVKIGMD  -12.1984  -15.4521   -3.2537    0.3522
 9312 GMKIGVD  -13.0668  -16.3205   -3.2537    0.3522
 9313 GMKIGVD  -13.0668  -16.3205   -3.2537    0.3522
 9314 GLKIGVD  -12.0969  -15.7715   -3.6746    0.3522
 9315 GWKIGDV  -11.2110  -12.0104   -0.7994    0.3522
 9316 GKWIGEI  -10.4845  -10.6982   -0.2137    0.3522
 9317 GKIIGDW  -11.0748  -10.9714    0.1034    0.3522
 9318 GIKIGDW  -13.0496  -12.8347    0.2149    0.3522
 9319 GIKIGDW  -13.0496  -12.8347    0.2149    0.3522
 9320 GIKIGDW  -13.0496  -12.8347    0.2149    0.3522
 9321 GFKIGDW  -12.2238  -11.7046    0.5191    0.3522
 9322 GMKIGDW  -12.3536  -13.1476   -0.7940    0.3522
 9323 GMKIGDW  -12.3536  -13.1476   -0.7940    0.3522
 9324 GMKIGDW  -12.3536  -13.1476   -0.7940    0.3522
 9325 GMKIGDW  -12.3536  -13.1476   -0.7940    0.3522
 9326 GLKIGDW  -12.7987  -14.0135   -1.2149    0.3522
 9327 GLKIGDW  -13.9576  -15.1725   -1.2149    0.3522
 9328 GLKIGDW  -13.9576  -15.1725   -1.2149    0.3522
 9329 GLKIGDW  -13.9576  -15.1725   -1.2149    0.3522
 9330 GLKIGDW  -13.9576  -15.1725   -1.2149    0.3522
 9331 GLKIGDW  -13.9576  -15.1725   -1.2149    0.3522
 9332 GLKIGDW  -13.9576  -15.1725   -1.2149    0.3522
 9333 GLKIGDW  -13.9576  -15.1725   -1.2149    0.3522
 9334 GIKIGDW  -13.2070  -12.9922    0.2149    0.3522
 9335 GIKIGDW  -13.2070  -12.9922    0.2149    0.3522
 9336 GIKIGDW  -13.2070  -12.9922    0.2149    0.3522
 9337 GIKIGDW  -13.2070  -12.9922    0.2149    0.3522
 9338 GIKIGDW  -13.2070  -12.9922    0.2149    0.3522
 9339 GIWIGDK  -11.4194  -11.5389   -0.1194    0.3522
 9340 GIKIGEW  -12.5261  -12.6284   -0.1023    0.3522
 9341 GIKIGEW  -12.5261  -12.6284   -0.1023    0.3522
 9342 GIKIGEW  -12.5261  -12.6284   -0.1023    0.3522
 9343 GIKIGEW  -12.5261  -12.6284   -0.1023    0.3522
 9344 WIKIGDG  -13.5012  -13.3978    0.1034    0.3522
 9345 WIKIGDG  -13.5012  -13.3978    0.1034    0.3522
 9346 WVKIGDG  -13.7745  -14.6854   -0.9109    0.3522
 9347 WVKIGDG  -13.7745  -14.6854   -0.9109    0.3522
 9348 WVKIGDG  -13.7745  -14.6854   -0.9109    0.3522
 9349 WVKIGDG  -13.7745  -14.6854   -0.9109    0.3522
 9350 GVKIGDW  -14.0042  -14.8036   -0.7994    0.3522
 9351 GVKIGDW  -14.0042  -14.8036   -0.7994    0.3522
 9352 GVKIGDW  -14.0042  -14.8036   -0.7994    0.3522
 9353 GMKIGDW  -12.7372  -13.5312   -0.7940    0.3522
 9354 GMKIGDW  -12.7372  -13.5312   -0.7940    0.3522
 9355 GMKIGDW  -12.7372  -13.5312   -0.7940    0.3522
 9356 GMKIGDW  -12.7372  -13.5312   -0.7940    0.3522
 9357 GMKIGDW  -12.7372  -13.5312   -0.7940    0.3522
 9358 GMKIGDW  -12.7372  -13.5312   -0.7940    0.3522
 9359 WMKIGDG  -11.4393  -12.3448   -0.9054    0.3522
 9360 IVKIGDG  -11.8243  -13.8206   -1.9963    0.3522
 9361 IVKIGDG  -11.8243  -13.8206   -1.9963    0.3522
 9362 KVIIGEG  -12.0354  -14.4603   -2.4249    0.3522
 9363 EVIIGEG  -10.9348  -14.1696   -3.2349    0.3522
 9364 EVIIGEG  -10.9348  -14.1696   -3.2349    0.3522
 9365 EIIIGDG  -11.0359  -12.5793   -1.5434    0.3522
 9366 EVIIGKG  -10.6240  -13.0488   -2.4249    0.3522
 9367 EVIIGKG  -10.6240  -13.0488   -2.4249    0.3522
 9368 KVIIGDG  -13.7919  -15.8996   -2.1077    0.3522
 9369 KLIIGDG  -13.6887  -16.2119   -2.5231    0.3522
 9370 KIGIWDG  -15.0257  -14.9223    0.1034    0.3522
 9371 KIGIWDG  -15.0257  -14.9223    0.1034    0.3522
 9372 KIGIWDG  -15.0257  -14.9223    0.1034    0.3522
 9373 KIGIWEG  -14.9209  -15.1346   -0.2137    0.3522
 9374 KIGIWEG  -14.9209  -15.1346   -0.2137    0.3522
 9375 KIGIWEG  -14.9209  -15.1346   -0.2137    0.3522
 9376 KIGIWEG  -14.9209  -15.1346   -0.2137    0.3522
 9377 KIGIWEG  -14.9209  -15.1346   -0.2137    0.3522
 9378 KIGIWDG  -16.1773  -16.0738    0.1034    0.3522
 9379 KIGLWDG  -12.9886  -14.3149   -1.3263    0.3522
 9380 KIGLWDG  -12.9886  -14.3149   -1.3263    0.3522
 9381 KIGLWDG  -12.9886  -14.3149   -1.3263    0.3522
 9382 KIGLWDG  -12.9886  -14.3149   -1.3263    0.3522
 9383 KIGLWDG  -12.9886  -14.3149   -1.3263    0.3522
 9384 KIGLWEG  -12.6550  -14.2984   -1.6434    0.3522
 9385 KIGLWEG  -12.6550  -14.2984   -1.6434    0.3522
 9386 KIGLWEG  -12.6550  -14.2984   -1.6434    0.3522
 9387 KIGLWEG  -12.6550  -14.2984   -1.6434    0.3522
 9388 KIGIWEG  -13.0677  -13.2814   -0.2137    0.3522
 9389 KIGIWEG  -13.0677  -13.2814   -0.2137    0.3522
 9390 KIGMWEG  -12.8943  -14.1169   -1.2226    0.3522
 9391 KIGMWEG  -12.8943  -14.1169   -1.2226    0.3522
 9392 KIGLWEG  -12.8601  -14.5036   -1.6434    0.3522
 9393 KFGIWEG  -11.9160  -11.8254    0.0906    0.3522
 9394 KLGIWDG  -12.9380  -14.2643   -1.3263    0.3522
 9395 KIGIWDG  -12.2741  -12.1707    0.1034    0.3522
 9396 IKGIWDG  -12.1010  -11.9976    0.1034    0.3522
 9397 IKWIGDG  -11.6778  -11.5744    0.1034    0.3522
 9398 IKWIGDG  -11.6778  -11.5744    0.1034    0.3522
 9399 IKYIGEG  -10.4753  -13.6096   -3.1343    0.3522
 9400 IKYIGEG  -10.4753  -13.6096   -3.1343    0.3522
 9401 IKLIGEG  -10.8541  -13.5830   -2.7289    0.3522
 9402 IKFIGEG  -13.1970  -13.9119   -0.7149    0.3522
 9403 IKFIGEG  -13.1970  -13.9119   -0.7149    0.3522
 9404 IKFIGEG  -13.1970  -13.9119   -0.7149    0.3522
 9405 IKFIGEG  -13.1970  -13.9119   -0.7149    0.3522
 9406 IKFIGEG  -13.1970  -13.9119   -0.7149    0.3522
 9407 IKFIGEG  -13.2213  -13.9362   -0.7149    0.3424
 9408 IKFIGEG  -13.2213  -13.9362   -0.7149    0.3424
 9409 LKFIGEG  -10.8447  -13.3492   -2.5046    0.3424
 9410 VKFIGEG  -11.7211  -13.8103   -2.0891    0.3424
 9411 IFKVGEG  -11.4187  -13.5079   -2.0891    0.3424
 9412 IFKVGEG  -11.4187  -13.5079   -2.0891    0.3424
 9413 IFKVGEG  -11.4187  -13.5079   -2.0891    0.3424
 9414 KFIVGEG  -11.6840  -13.8846   -2.2006    0.3424
 9415 KFFVGEG   -9.9689  -11.9452   -1.9763    0.3424
 9416 KFWVGEG  -11.0147  -12.1299   -1.1151    0.3424
 9417 KFWVGDG   -9.5431  -10.3411   -0.7980    0.3424
 9418 KFWVGDG   -9.5431  -10.3411   -0.7980    0.3424
 9419 KFVVGDG   -8.4062  -11.6639   -3.2577    0.3424
 9420 VFKVGDG   -9.5135  -12.6597   -3.1463    0.3424
 9421 VFKVGEG  -10.5504  -14.0138   -3.4634    0.3424
 9422 VFKVGEG  -10.5504  -14.0138   -3.4634    0.3424
 9423 VFKVGEG  -10.5504  -14.0138   -3.4634    0.3424
 9424 LFKVGEG  -10.2906  -14.1694   -3.8789    0.3424
 9425 LFKVGDG   -9.2408  -12.8025   -3.5617    0.3424
 9426 FLKVGDG   -9.0834  -12.6451   -3.5617    0.3424
 9427 GLGVKDF   -8.5958  -12.1576   -3.5617    0.3424
 9428 GLGVKDF   -8.5958  -12.1576   -3.5617    0.3424
 9429 GLGVKDF   -9.6819  -13.2436   -3.5617    0.3424
 9430 GLGIKDF   -9.7265  -11.9139   -2.1874    0.3424
 9431 GLGIKDF   -9.7265  -11.9139   -2.1874    0.3424
 9432 GLGIKEW  -10.2077  -11.8511   -1.6434    0.3424
 9433 GLGIKEW  -10.2077  -11.8511   -1.6434    0.3424
 9434 GLGIKEW  -10.2077  -11.8511   -1.6434    0.3424
 9435 GLGIKEW  -10.2077  -11.8511   -1.6434    0.3424
 9436 GLGIKEW  -10.2077  -11.8511   -1.6434    0.3424
 9437 GLGIKEW  -10.2077  -11.8511   -1.6434    0.3424
 9438 GLGIEEW   -7.4770   -9.9304   -2.4534    0.3424
 9439 GLGIEEW   -7.4770   -9.9304   -2.4534    0.3424
 9440 GLGIEDW   -7.9214  -10.0577   -2.1363    0.3424
 9441 GLGIEDW   -7.9214  -10.0577   -2.1363    0.3424
 9442 GLGIEDW   -7.9214  -10.0577   -2.1363    0.3424
 9443 GLGIEDW   -7.9214  -10.0577   -2.1363    0.3424
 9444 WLGIKDG   -8.3062   -9.7439   -1.4377    0.3424
 9445 WLGIKEG   -8.9822  -10.7370   -1.7549    0.3424
 9446 WLGIKEG   -8.9822  -10.7370   -1.7549    0.3424
 9447 WLGIDDG   -7.8252   -9.7557   -1.9306    0.3424
 9448 WLGIKDG   -8.3580   -9.7957   -1.4377    0.3424
 9449 WLGIKDG   -8.3580   -9.7957   -1.4377    0.3424
 9450 KLGIWDG   -9.2420  -10.5682   -1.3263    0.3424
 9451 KLGVWDG   -8.6158  -11.3163   -2.7006    0.3424
 9452 KLGVWDG   -8.6158  -11.3163   -2.7006    0.3424
 9453 KLGVWDG   -8.6158  -11.3163   -2.7006    0.3424
 9454 KLGVWDG   -8.6158  -11.3163   -2.7006    0.3424
 9455 KLGVWDG   -8.6158  -11.3163   -2.7006    0.3424
 9456 KLGVWDG   -8.6158  -11.3163   -2.7006    0.3424
 9457 DLGVWDG   -5.8257   -9.0191   -3.1934    0.3424
 9458 RLGVWEG   -6.0483  -12.4300   -6.3817    0.3424
 9459 WLGVEDG   -7.7104  -11.3324   -3.6220    0.3424
 9460 WLGVDDG   -6.9385  -10.2434   -3.3049    0.3424
 9461 WLGVDDG   -6.9385  -10.2434   -3.3049    0.3424
 9462 WLGVDEG   -7.8063  -11.4283   -3.6220    0.3424
 9463 WFGVDEG   -6.9248   -8.5328   -1.6080    0.3424
 9464 WFGVDEG   -6.9248   -8.5328   -1.6080    0.3424
 9465 WFGVKEG   -9.6097  -10.7249   -1.1151    0.3424
 9466 WFGMKEG   -7.2835   -8.3932   -1.1097    0.3424
 9467 WFGMKEG   -7.2835   -8.3932   -1.1097    0.3424
 9468 KFGEWMG   -8.9878   -9.9861   -0.9983    0.3424
 9469 KFGEWMG   -8.9878   -9.9861   -0.9983    0.3424
 9470 KFGEWMG   -8.9878   -9.9861   -0.9983    0.3424
 9471 KFGEWMG   -8.9878   -9.9861   -0.9983    0.3424
 9472 KFGEWMG   -8.9878   -9.9861   -0.9983    0.3424
 9473 KFGEWMG   -8.9878   -9.9861   -0.9983    0.3424
 9474 KFGEILG   -8.5101  -11.0147   -2.5046    0.3424
 9475 KFGEILG   -7.4133   -9.9178   -2.5046    0.3424
 9476 KFGEILG   -7.4133   -9.9178   -2.5046    0.3424
 9477 KFGEILG   -7.4133   -9.9178   -2.5046    0.3424
 9478 LFIEGKG   -6.4918   -9.1078   -2.6160    0.3424
 9479 MKIEGFG   -7.3374   -9.3097   -1.9723    0.3424
 9480 MKIEGFG   -7.3374   -9.3097   -1.9723    0.3424
 9481 IKWEGFG   -8.5682   -8.3662    0.2020    0.3424
 9482 IKWEGFG   -8.5682   -8.3662    0.2020    0.3424
 9483 IKWEGFG   -8.5682   -8.3662    0.2020    0.3424
 9484 IKWEGFG   -8.5682   -8.3662    0.2020    0.3424
 9485 IKWEGFG   -8.5682   -8.3662    0.2020    0.3424
 9486 IKGEWFG   -9.0042   -8.9137    0.0906    0.3424
 9487 IKGEIFG   -8.5656   -9.2805   -0.7149    0.3424
 9488 IKGEIFG   -8.5656   -9.2805   -0.7149    0.3424
 9489 IKGEIFG   -8.5656   -9.2805   -0.7149    0.3424
 9490 IKGEIMG   -7.2551   -9.5631   -2.3080    0.3424
 9491 IKGEIMG   -7.2551   -9.5631   -2.3080    0.3424
 9492 IKGMIEG   -7.4241   -9.7321   -2.3080    0.3424
 9493 LKGVIEG   -7.6585  -11.7616   -4.1031    0.3424
 9494 LKGVIEG   -7.6585  -11.7616   -4.1031    0.3424
 9495 GKGVMEW   -5.9205   -8.5173   -2.5969    0.3424
 9496 WKGVMEG   -6.7242   -9.3211   -2.5969    0.3424
 9497 WKGVEMG   -6.8600   -9.3454   -2.4854    0.3424
 9498 VKGVEFG   -5.5456   -8.8976   -3.3520    0.3424
 9499 VKGVEFG   -5.5456   -8.8976   -3.3520    0.3424
 9500 VKGVEFG   -5.5456   -8.8976   -3.3520    0.3424
 9501 EKGVVFG   -5.3239   -9.0101   -3.6863    0.3424
 9502 EEGVWFG   -5.4502   -7.4868   -2.0366    0.3424
 9503 EEGVWLG   -6.4474  -10.4979   -4.0506    0.3424
 9504 DEGIWLG   -4.6700   -7.0291   -2.3591    0.3424
 9505 REGIWLG   -3.0767   -8.3070   -5.2303    0.3424
 9506 DDGIWLG   -4.8431   -6.8851   -2.0420    0.3424
 9507 DDGIFLG   -2.8948   -5.7979   -2.9031    0.3424
 9508 DLGIFKG   -4.5746   -6.7620   -2.1874    0.3424
 9509 DLGIFKG   -4.5746   -6.7620   -2.1874    0.3424
 9510 FLGIDKG   -5.6658   -7.9646   -2.2989    0.3424
 9511 FLGIDKG   -5.6658   -7.9646   -2.2989    0.3424
 9512 KLGIDFG   -6.9315   -9.0075   -2.0760    0.3424
 9513 KLGIDLG   -7.2079  -11.2979   -4.0900    0.3424
 9514 KLGIELG   -8.0023  -12.4095   -4.4071    0.3424
 9515 KLGIELG   -8.0023  -12.4095   -4.4071    0.3424
 9516 KLGIELG   -8.0023  -12.4095   -4.4071    0.3424
 9517 KLGIELG   -8.0023  -12.4095   -4.4071    0.3424
 9518 KIGVELG   -8.4004  -12.3922   -3.9917    0.3424
 9519 KIGVEMG   -8.3095  -11.8804   -3.5709    0.3424
 9520 KIGVEMG   -8.3095  -11.8804   -3.5709    0.3424
 9521 GIGVEMK   -4.0604   -7.6312   -3.5709    0.3424
 9522 GIGVMEK   -5.9116   -9.7053   -3.7937    0.3424
 9523 GRGVIEM   -3.3257  -10.3720   -7.0463    0.3424
 9524 GRGVWEI   -4.9438   -9.5358   -4.5920    0.3424
 9525 GKGVWEI   -8.4416   -9.6696   -1.2280    0.3424
 9526 GIGVWEK  -10.3426  -11.6821   -1.3394    0.3424
 9527 GIGVWEK  -10.3426  -11.6821   -1.3394    0.3424
 9528 GIWVGEK  -12.0155  -13.4664   -1.4509    0.3424
 9529 GFWVGEK   -9.8299  -11.0565   -1.2266    0.3424
 9530 GKWVGEF  -10.7218  -11.7255   -1.0037    0.3424
 9531 GKWVGEF  -10.7218  -11.7255   -1.0037    0.3424
 9532 GKWVGEF  -10.7218  -11.7255   -1.0037    0.3424
 9533 GKWVGEF  -10.7218  -11.7255   -1.0037    0.3424
 9534 GFWVGDK  -11.1774  -12.0868   -0.9094    0.3424
 9535 GFWVGDD   -9.9254  -11.3277   -1.4023    0.3424
 9536 GFWVGDD   -9.9254  -11.3277   -1.4023    0.3424
 9537 GFWVGDD   -9.9254  -11.3277   -1.4023    0.3424
 9538 GFFVGDD   -8.3268  -10.5902   -2.2634    0.3424
 9539 GFFVGDD   -8.3268  -10.5902   -2.2634    0.3424
 9540 GFFVGDD   -8.3268  -10.5902   -2.2634    0.3424
 9541 GFFVGDD   -8.7254  -10.9888   -2.2634    0.3424
 9542 GFFVGDK   -9.1938  -10.9644   -1.7706    0.3424
 9543 GFFVGDK   -9.1938  -10.9644   -1.7706    0.3424
 9544 GFIVGDD   -8.7610  -11.2487   -2.4877    0.3424
 9545 GFIVGDD   -8.7610  -11.2487   -2.4877    0.3424
 9546 GFIVGDD   -8.7610  -11.2487   -2.4877    0.3424
 9547 GFIVMDD   -9.9909  -10.6561   -0.6651    0.3424
 9548 GVIVMDD   -9.1173  -10.0211   -0.9037    0.3424
 9549 GVIVEMD  -10.5914  -11.5894   -0.9980    0.3424
 9550 GVIVDME   -8.1094   -9.1074   -0.9980    0.3424
 9551 GVVIRMD   -8.4518  -12.0039   -3.5520    0.3424
 9552 GVVIKMD  -12.0967  -12.2847   -0.1880    0.3424
 9553 GVEIKMV  -11.2384  -11.6321   -0.3937    0.3424
 9554 GVEIKMY  -10.2524  -11.4670   -1.2146    0.3424
 9555 GVEIKGM   -8.6434  -12.2143   -3.5709    0.3424
 9556 GLMIKGE   -9.2070  -13.4161   -4.2091    0.3424
 9557 GLMIKGE   -9.2070  -13.4161   -4.2091    0.3424
 9558 GIMVKGE  -10.2196  -14.0134   -3.7937    0.3424
 9559 GIKVMGE  -10.0603  -13.7425   -3.6823    0.3424
 9560 MIKVEGG  -11.1236  -14.9173   -3.7937    0.3424
 9561 VIKMEGG  -11.5805  -15.3742   -3.7937    0.3424
 9562 VIKMEGG  -11.5805  -15.3742   -3.7937    0.3424
 9563 VIKMEGG  -11.5805  -15.3742   -3.7937    0.3424
 9564 VIEMKGG   -9.8476  -13.6413   -3.7937    0.3424
 9565 VIEMKGG   -9.8476  -13.6413   -3.7937    0.3424
 9566 VIEMKGG   -9.8476  -13.6413   -3.7937    0.3424
 9567 VFEVKGG  -11.2140  -14.7889   -3.5749    0.3424
 9568 VWEVKGG  -12.3108  -15.0245   -2.7137    0.3424
 9569 VWKVEGG  -14.5151  -17.2289   -2.7137    0.3424
 9570 VWKVEGG  -14.5151  -17.2289   -2.7137    0.3424
 9571 KWVVEGG  -14.3491  -17.1743   -2.8251    0.3424
 9572 KWIVEGG  -15.1395  -16.5903   -1.4509    0.3424
 9573 KWIVEGG  -15.1395  -16.5903   -1.4509    0.3424
 9574 KWIVEGG  -15.1395  -16.5903   -1.4509    0.3424
 9575 KWIVEGG  -15.1395  -16.5903   -1.4509    0.3424
 9576 KWIVEGG  -15.1395  -16.5903   -1.4509    0.3424
 9577 KWIVEGG  -15.1395  -16.5903   -1.4509    0.3424
 9578 KWIVEGG  -15.1395  -16.5903   -1.4509    0.3424
 9579 KWIVEGG  -15.1395  -16.5903   -1.4509    0.3424
 9580 EWIVKGG  -13.7856  -15.2365   -1.4509    0.3424
 9581 EWIVKGG  -13.7856  -15.2365   -1.4509    0.3424
 9582 EWIVKGG  -13.7856  -15.2365   -1.4509    0.3424
 9583 EWKVIGG  -12.6575  -13.9970   -1.3394    0.3424
 9584 KWEVIGG  -12.9482  -14.2876   -1.3394    0.3424
 9585 KWIVEGG  -14.4499  -15.9007   -1.4509    0.3424
 9586 KWIVEGG  -14.4499  -15.9007   -1.4509    0.3424
 9587 KGIVEWG  -12.2601  -13.4881   -1.2280    0.3424
 9588 KGVIEWG  -11.6339  -12.8619   -1.2280    0.3424
 9589 KGVIDWG  -10.1416  -11.0524   -0.9109    0.3424
 9590 IGKIDWG  -12.6640  -12.4491    0.2149    0.3424
 9591 IGKIDWG  -12.6640  -12.4491    0.2149    0.3424
 9592 IGKIDWG  -12.6640  -12.4491    0.2149    0.3424
 9593 IGKIDWG  -12.6640  -12.4491    0.2149    0.3424
 9594 IGKMDWG  -11.2129  -12.0069   -0.7940    0.3424
 9595 IGKMDWG  -11.2129  -12.0069   -0.7940    0.3424
 9596 IGKMKWG   -8.1527   -9.7338   -1.5811    0.3424
 9597 IGKMDWG  -11.7592  -12.5532   -0.7940    0.3424
 9598 IGKMDWG  -11.7592  -12.5532   -0.7940    0.3424
 9599 IGKMDWG  -11.7592  -12.5532   -0.7940    0.3424
 9600 WGKEMWG  -10.1996  -10.4481   -0.2486    0.3424
 9601 GWKEMGW   -9.8319   -9.9691   -0.1371    0.3424
 9602 GWKEMGW   -9.8319   -9.9691   -0.1371    0.3424
 9603 GVKEMGW   -9.4433  -12.0402   -2.5969    0.3424
 9604 GVKDMGW   -8.4241  -10.7038   -2.2797    0.3424
 9605 GVKWVGD  -10.6945  -12.9796   -2.2851    0.3424
 9606 GIKVVGE  -12.1191  -15.8068   -3.6877    0.3424
 9607 GIKVVGE  -12.1191  -15.8068   -3.6877    0.3424
 9608 GIKVVGE  -12.0667  -15.7544   -3.6877    0.3510
 9609 GIKVVGE  -12.0667  -15.7544   -3.6877    0.3510
 9610 GIKVVGE  -12.0667  -15.7544   -3.6877    0.3510
 9611 GIKVVGE  -12.0667  -15.7544   -3.6877    0.3510
 9612 GIKVVGE  -12.0667  -15.7544   -3.6877    0.3510
 9613 GIKVVGE  -12.0667  -15.7544   -3.6877    0.3510
 9614 GYKVVGE   -9.0835  -14.9663   -5.8829    0.3510
 9615 GYKVIGE   -8.2662  -12.7748   -4.5086    0.3510
 9616 GWKVVGE  -10.2473  -12.8496   -2.6023    0.3510
 9617 GGKVVWE  -10.1614  -12.9866   -2.8251    0.3510
 9618 GGKVVWD  -10.3907  -12.8987   -2.5080    0.3510
 9619 GGKIVWE  -10.7420  -12.1929   -1.4509    0.3510
 9620 EGKIVWG  -11.4382  -12.7776   -1.3394    0.3510
 9621 EGKIVWG  -11.4382  -12.7776   -1.3394    0.3510
 9622 EGKIVWG  -11.4382  -12.7776   -1.3394    0.3510
 9623 VWKIEGG  -14.9401  -16.2796   -1.3394    0.3510
 9624 VWKIEGG  -14.9401  -16.2796   -1.3394    0.3510
 9625 VWKIEGG  -14.9401  -16.2796   -1.3394    0.3510
 9626 IWKVEGG  -15.4422  -16.7816   -1.3394    0.3510
 9627 IWKVEGG  -15.4422  -16.7816   -1.3394    0.3510
 9628 IWKVEGG  -15.4422  -16.7816   -1.3394    0.3510
 9629 IGKVEWG  -13.9460  -15.0626   -1.1166    0.3510
 9630 IGKVEWG  -13.9460  -15.0626   -1.1166    0.3510
 9631 IGKVEWG  -13.9460  -15.0626   -1.1166    0.3510
 9632 IGKVEWG  -13.9460  -15.0626   -1.1166    0.3510
 9633 IGKVEWG  -14.1511  -15.2676   -1.1166    0.3510
 9634 IGKVEWG  -14.1511  -15.2676   -1.1166    0.3510
 9635 IGKVEWG  -14.1511  -15.2676   -1.1166    0.3510
 9636 IGKVEWG  -14.1511  -15.2676   -1.1166    0.3510
 9637 IGKVDWG  -12.6521  -13.4516   -0.7994    0.3510
 9638 KGIVDWG  -13.1270  -14.0379   -0.9109    0.3510
 9639 KGIVDWG  -12.9531  -13.8640   -0.9109    0.3510
 9640 KGIVDWG  -12.9531  -13.8640   -0.9109    0.3510
 9641 KGIVDWG  -12.9531  -13.8640   -0.9109    0.3510
 9642 KGIVDWG  -12.9531  -13.8640   -0.9109    0.3510
 9643 KGIVDWG  -12.9531  -13.8640   -0.9109    0.3510
 9644 KGIVDWG  -12.9531  -13.8640   -0.9109    0.3510
 9645 KGIFDWG  -12.1203  -11.7125    0.4077    0.3510
 9646 KGIFDWG  -12.1203  -11.7125    0.4077    0.3510
 9647 IGKFDWG  -12.2694  -11.7502    0.5191    0.3510
 9648 IGKVDWG  -13.5407  -14.3401   -0.7994    0.3510
 9649 KGIVEWG  -13.5905  -14.8185   -1.2280    0.3510
 9650 KGIVDWG  -13.3726  -14.2835   -0.9109    0.3510
 9651 IGKMDWG  -12.7476  -13.5416   -0.7940    0.3510
 9652 IGKMDWG  -13.0738  -13.8678   -0.7940    0.3510
 9653 VGKMDWG  -11.5546  -13.7229   -2.1683    0.3510
 9654 KGVMEWG  -12.9566  -15.5534   -2.5969    0.3510
 9655 KGVMEWG  -12.9566  -15.5534   -2.5969    0.3510
 9656 KGVMEWG  -12.9566  -15.5534   -2.5969    0.3510
 9657 KGVMEWG  -12.9566  -15.5534   -2.5969    0.3510
 9658 KGVMEWG  -12.9566  -15.5534   -2.5969    0.3510
 9659 KGVMEWG  -12.9566  -15.5534   -2.5969    0.3510
 9660 KGVMEWG  -12.9566  -15.5534   -2.5969    0.3510
 9661 KGVMEWG  -12.9566  -15.5534   -2.5969    0.3510
 9662 KGVMEWY  -12.2566  -12.4972   -0.2406    0.3510
 9663 KGVMEWY  -12.2566  -12.4972   -0.2406    0.3510
 9664 KGVMEWY  -12.2566  -12.4972   -0.2406    0.3510
 9665 KGVMEWY  -12.2566  -12.4972   -0.2406    0.3510
 9666 KGMMEWY  -11.1244  -11.3595   -0.2351    0.3510
 9667 KWMMEGY   -7.8557   -8.0909   -0.2351    0.3510
 9668 KWYMEGM   -6.9198   -7.1549   -0.2351    0.3510
 9669 KYYMEGM   -6.4726   -9.9883   -3.5157    0.3510
 9670 KYMMAGE   -7.4897  -13.5720   -6.0823    0.3510
 9671 KFLMAGE  -10.2559  -14.3397   -4.0837    0.3510
 9672 KFLMAGE  -10.2559  -14.3397   -4.0837    0.3510
 9673 KFLVAGE  -10.0410  -14.1301   -4.0891    0.3510
 9674 KFLVAGD   -9.4356  -13.2076   -3.7720    0.3510
 9675 KWLVMGD  -10.8790  -13.8284   -2.9494    0.3510
 9676 KWMVMGD  -12.8733  -12.8419    0.0314    0.3510
 9677 KWMVMGD  -12.8733  -12.8419    0.0314    0.3510
 9678 KWMVMGD  -12.8733  -12.8419    0.0314    0.3510
 9679 KIVVMGE  -14.1891  -14.8057   -0.6166    0.3510
 9680 KIVVFGE  -13.9068  -14.2102   -0.3034    0.3510
 9681 KFVMLGE  -11.2391  -12.8469   -1.6077    0.3510
 9682 KLVMFGE  -11.7751  -13.3829   -1.6077    0.3510
 9683 KLVMFGE  -11.7751  -13.3829   -1.6077    0.3510
 9684 KLVMGGE   -9.4881  -15.1829   -5.6949    0.3510
 9685 KLVVVGE  -14.2002  -16.6119   -2.4117    0.3510
 9686 KVLLVGE  -13.9681  -17.0352   -3.0671    0.3510
 9687 KVLVVGD  -14.7670  -16.8616   -2.0946    0.3510
 9688 KVLVVGD  -14.7670  -16.8616   -2.0946    0.3510
 9689 KMFVVGD  -12.9740  -13.0492   -0.0751    0.3510
 9690 KMFIVGD  -12.0949  -12.1557   -0.0609    0.3510
 9691 KMFIVGE  -11.7107  -12.0887   -0.3780    0.3510
 9692 KMIIVGD  -14.7665  -15.1316   -0.3651    0.3510
 9693 KIMIVGD  -15.7211  -16.0863   -0.3651    0.3510
 9694 KIMVIGD  -15.7993  -16.1644   -0.3651    0.3510
 9695 KILVIGE  -14.1479  -17.8110   -3.6631    0.3510
 9696 KVIVIGE  -14.7498  -15.3575   -0.6077    0.3510
 9697 KYIVIGE  -13.4424  -13.5109   -0.0686    0.3510
 9698 YEIVIGE   -7.8308   -8.5979   -0.7671    0.3510
 9699 EYIVIGE   -9.9423  -10.8208   -0.8786    0.3510
 9700 KYIVIGE  -13.4673  -13.5358   -0.0686    0.3510
 9701 KYIVIGE  -13.4673  -13.5358   -0.0686    0.3510
 9702 RILVVGE  -12.5107  -17.7121   -5.2014    0.3510
 9703 KIMVVGE  -16.0945  -16.7111   -0.6166    0.3510
 9704 EIMVVGK  -15.5708  -16.1874   -0.6166    0.3510
 9705 EIMVVGK  -15.4421  -16.0586   -0.6166    0.3510
 9706 IGVVVDE  -10.7534  -11.8682   -1.1149    0.3510
 9707 VEIVIDG  -10.6287  -11.6178   -0.9891    0.3510
 9708 VEIVIDG  -10.6287  -11.6178   -0.9891    0.3510
 9709 VDIVIDG   -8.9776   -9.6496   -0.6720    0.3510
 9710 IDVVIDG   -9.5209  -10.1929   -0.6720    0.3510
 9711 VKIVIDG  -12.5892  -12.7683   -0.1791    0.3510
 9712 VKIVIDG  -12.5892  -12.7683   -0.1791    0.3510
 9713 VFIVKDG  -13.7860  -13.8838   -0.0977    0.3510
 9714 VFVIKDG  -13.7957  -13.8934   -0.0977    0.3510
 9715 GFVIKDV  -11.1611  -11.1473    0.0137    0.3510
 9716 GFKIVEV  -13.6487  -13.7293   -0.0806    0.3510
 9717 GFKVVEI  -12.6635  -12.7441   -0.0806    0.3510
 9718 GFKIVDV  -12.7956  -12.5591    0.2366    0.3510
 9719 GFKIVDV  -12.7956  -12.5591    0.2366    0.3510
 9720 GFKIVDV  -12.7956  -12.5591    0.2366    0.3510
 9721 GLKIVDV  -12.6026  -13.9001   -1.2974    0.3510
 9722 GMKIVDV  -13.4840  -13.5606   -0.0766    0.3510
 9723 GMKIVMD  -12.5762  -12.7588   -0.1826    0.3510
 9724 GMKIVMD  -12.5762  -12.7588   -0.1826    0.3510
 9725 GMKIVMD  -12.5762  -12.7588   -0.1826    0.3510
 9726 GMKIVMD  -12.5762  -12.7588   -0.1826    0.3510
 9727 GMKIVMD  -12.5762  -12.7588   -0.1826    0.3510
 9728 GMKIVME  -12.4290  -12.9288   -0.4997    0.3510
 9729 GMKIVME  -12.4290  -12.9288   -0.4997    0.3510
 9730 GMKIVME  -12.4290  -12.9288   -0.4997    0.3510
 9731 GMKIVME  -12.4290  -12.9288   -0.4997    0.3510
 9732 GMKIVME  -12.4290  -12.9288   -0.4997    0.3510
 9733 GMKIVME  -12.4290  -12.9288   -0.4997    0.3510
 9734 GMKIVMD  -12.6755  -12.8581   -0.1826    0.3510
 9735 GMKIMME  -11.8636  -12.3579   -0.4943    0.3510
 9736 GMKIMME  -11.8636  -12.3579   -0.4943    0.3510
 9737 GMKVMMD  -10.9387  -12.4901   -1.5514    0.3510
 9738 GFKVMME  -11.6830  -11.9585   -0.2754    0.3510
 9739 GFKVEMM  -11.1786  -11.3426   -0.1640    0.3510
 9740 GFKVEMM  -11.1786  -11.3426   -0.1640    0.3510
 9741 GFKVEMM  -11.1786  -11.3426   -0.1640    0.3510
 9742 GFKVMEM  -11.6216  -11.7856   -0.1640    0.3510
 9743 GFKVMEG   -7.7165  -11.1745   -3.4580    0.3510
 9744 GFKVMDG   -9.8098  -12.9507   -3.1409    0.3510
 9745 GFKVMGD  -10.9352  -14.0760   -3.1409    0.3510
 9746 GFKVMDG   -9.5400  -12.6808   -3.1409    0.3510
 9747 GFKVMDG   -9.5400  -12.6808   -3.1409    0.3510
 9748 GFKVLDG   -8.2404  -11.8021   -3.5617    0.3510
 9749 GFKGLDM   -6.1967   -9.6416   -3.4449    0.3510
 9750 GFKGLDL   -5.4967   -9.3624   -3.8657    0.3510
 9751 GFKGLDF   -5.8463   -7.6981   -1.8517    0.3510
 9752 GFFILDK   -2.5532   -7.2277   -4.6746    0.3510
 9753 GFAIFDK   -6.1101   -6.6053   -0.4951    0.3510
 9754 GFAIKDF   -7.4018   -7.7855   -0.3837    0.3510
 9755 GFDIKAF   -6.9898   -7.1507   -0.1609    0.3510
 9756 GFDMKAF   -5.9296   -7.4593   -1.5297    0.3510
 9757 GWFMKAD   -6.7134   -7.4934   -0.7800    0.3510
 9758 GWMMKAD   -8.0779  -10.4510   -2.3731    0.3510
 9759 GWMMKAD   -8.0779  -10.4510   -2.3731    0.3510
 9760 GWKMMAD   -9.0117  -11.3849   -2.3731    0.3510
 9761 GWKMMAD   -9.0117  -11.3849   -2.3731    0.3510
 9762 GWMMKAD   -8.3734  -10.7466   -2.3731    0.3510
 9763 GWKMMAE   -9.5242  -12.2145   -2.6903    0.3510
 9764 GWKMMGE   -9.4959  -12.0873   -2.5914    0.3510
 9765 GWKMMGE   -9.4959  -12.0873   -2.5914    0.3510
 9766 GFKMMGE  -10.4675  -13.9201   -3.4526    0.3510
 9767 GFKMMGE  -10.4675  -13.9201   -3.4526    0.3510
 9768 GFFMKGD   -7.8729   -9.5266   -1.6537    0.3510
 9769 GFFMKGE   -7.3999   -9.3707   -1.9709    0.3510
 9770 GFFMEGE   -6.2738   -9.0547   -2.7809    0.3510
 9771 GFVMEGE   -6.8328  -11.2122   -4.3794    0.3510
 9772 GFMMEGD   -6.8271  -10.8840   -4.0569    0.3510
 9773 GFMMEGD   -6.8271  -10.8840   -4.0569    0.3510
 9774 GFMMDGD   -7.2452  -10.9849   -3.7397    0.3510
 9775 GFAMDGD   -2.0444   -9.0656   -7.0211    0.3510
 9776 GFAMRGD   -2.0037  -11.8960   -9.8923    0.3510
 9777 GFAMKGE   -5.2281  -12.0735   -6.8454    0.3510
 9778 GFAMKGE   -5.2281  -12.0735   -6.8454    0.3510
 9779 GFAMKGD   -5.7282  -12.2564   -6.5283    0.3510
 9780 GFAMKGD   -5.7282  -12.2564   -6.5283    0.3510
 9781 GFAMKGD   -5.7282  -12.2564   -6.5283    0.3510
 9782 GFAMKGD   -5.7282  -12.2564   -6.5283    0.3510
 9783 GFAMKGD   -5.7282  -12.2564   -6.5283    0.3510
 9784 GFAMKGD   -5.7282  -12.2564   -6.5283    0.3510
 9785 GFAMKGD   -5.7282  -12.2564   -6.5283    0.3510
 9786 GFAMEGK   -4.1864  -11.0318   -6.8454    0.3510
 9787 GFAMDGK   -3.8568  -10.3850   -6.5283    0.3510
 9788 GFAMDGE   -2.6228   -9.9611   -7.3383    0.3510
 9789 GFWMDGK   -6.3719   -7.1645   -0.7926    0.3510
 9790 GFWVDGK   -5.4128   -6.2108   -0.7980    0.3510
 9791 GFWEKGV   -6.9038   -8.0190   -1.1151    0.3510
 9792 GFWEVGK   -9.1549  -10.1586   -1.0037    0.3510
 9793 GFWVEGE   -8.3570  -10.2822   -1.9251    0.3510
 9794 GFWEVGR   -5.6535  -10.0212   -4.3677    0.3510
 9795 GFWEVGR   -5.6535  -10.0212   -4.3677    0.3510
 9796 GFWEIGK   -9.9125   -9.8219    0.0906    0.3510
 9797 GFWEIGD   -8.9756   -9.3779   -0.4023    0.3510
 9798 GFWEIGD   -8.9756   -9.3779   -0.4023    0.3510
 9799 GFFDIGD   -7.2255   -7.8918   -0.6663    0.3510
 9800 GFIDIGD   -8.7912   -9.6818   -0.8906    0.3510
 9801 GFIDIGD   -8.7912   -9.6818   -0.8906    0.3510
 9802 GFVEIGK   -9.0049  -11.0940   -2.0891    0.3510
 9803 GFVIEGK   -9.6895  -11.8901   -2.2006    0.3510
 9804 GFVIEGK   -9.6895  -11.8901   -2.2006    0.3510
 9805 GFKIEGV  -10.1200  -12.0977   -1.9777    0.3510
 9806 GFKIEGV  -10.1200  -12.0977   -1.9777    0.3510
 9807 GFKIEGM   -9.8082  -11.7804   -1.9723    0.3510
 9808 GFKIEGM   -9.8082  -11.7804   -1.9723    0.3510
 9809 GFKIEGM   -9.8014  -11.7736   -1.9723    0.3659
 9810 GFKIEGV  -10.1217  -12.0994   -1.9777    0.3659
 9811 GFKIEGV  -10.1217  -12.0994   -1.9777    0.3659
 9812 GFKIEGV  -10.1217  -12.0994   -1.9777    0.3659
 9813 GFKIEGV  -10.1217  -12.0994   -1.9777    0.3659
 9814 GFKIEGM   -9.8305  -11.8028   -1.9723    0.3659
 9815 GFKIEGF  -10.0213  -10.4004   -0.3791    0.3659
 9816 GFKIEGF  -10.0213  -10.4004   -0.3791    0.3659
 9817 GFKIDGF   -9.3018   -9.3638   -0.0620    0.3659
 9818 GFKIEGV   -9.5528  -11.5306   -1.9777    0.3659
 9819 GFKIEGI  -10.0642  -10.6676   -0.6034    0.3659
 9820 GFKIEGL   -8.6141  -11.0073   -2.3931    0.3659
 9821 GFKIEGL   -8.6141  -11.0073   -2.3931    0.3659
 9822 GFKIEGV   -9.5615  -11.5392   -1.9777    0.3659
 9823 GFKIEGV   -9.5615  -11.5392   -1.9777    0.3659
 9824 GFKIEGV   -9.5615  -11.5392   -1.9777    0.3659
 9825 GFKIEGV   -9.4176  -11.3953   -1.9777    0.3659
 9826 GIKIEGW  -11.3140  -11.4162   -0.1023    0.3659
 9827 GIKVEGW  -12.0352  -13.1517   -1.1166    0.3659
 9828 GIKVEGW  -12.0352  -13.1517   -1.1166    0.3659
 9829 GIKVEGW  -12.0352  -13.1517   -1.1166    0.3659
 9830 GIKVEGW  -12.0352  -13.1517   -1.1166    0.3659
 9831 GFKVEGW  -12.3538  -13.2461   -0.8923    0.3659
 9832 GFKVEGW  -12.3538  -13.2461   -0.8923    0.3659
 9833 GIKVEGW  -12.5430  -13.6596   -1.1166    0.3659
 9834 GIWVDGK   -9.6656  -10.6879   -1.0223    0.3659
 9835 GIWVDGK   -9.6656  -10.6879   -1.0223    0.3659
 9836 GIWVDGK   -9.3265  -10.3488   -1.0223    0.3659
 9837 GWIVDGE   -8.3256  -10.1579   -1.8323    0.3659
 9838 GWIVEGE  -10.2420  -12.3914   -2.1494    0.3659
 9839 GWIVEGE  -10.2420  -12.3914   -2.1494    0.3659
 9840 GWEEIGI   -4.8426   -5.8663   -1.0237    0.3659
 9841 GWEEIGV   -4.7510   -6.7890   -2.0380    0.3659
 9842 GIEEIGW   -5.8537   -6.8774   -1.0237    0.3659
 9843 GIEKIGW   -6.8784   -7.0922   -0.2137    0.3659
 9844 GIEIKGW  -12.5936  -12.6959   -0.1023    0.3659
 9845 GIEIKGW  -12.5936  -12.6959   -0.1023    0.3659
 9846 GFEIKGW  -13.7761  -13.5741    0.2020    0.3659
 9847 GFKIEGW  -12.8987  -12.6967    0.2020    0.3659
 9848 GFKIEGW  -12.8987  -12.6967    0.2020    0.3659
 9849 GFKIEGW  -12.8987  -12.6967    0.2020    0.3659
 9850 GFKIEGW  -12.8987  -12.6967    0.2020    0.3659
 9851 GFKIEGW  -12.8987  -12.6967    0.2020    0.3659
 9852 GFKIEGW  -12.8987  -12.6967    0.2020    0.3659
 9853 GFKIEGW  -12.8987  -12.6967    0.2020    0.3659
 9854 GFKIEGW  -12.8987  -12.6967    0.2020    0.3659
 9855 GFKIEGW  -12.8987  -12.6967    0.2020    0.3659
 9856 GFKIEGW  -12.8987  -12.6967    0.2020    0.3659
 9857 GFKVEGW  -11.9741  -12.8664   -0.8923    0.3659
 9858 GFKIEGW  -12.8229  -12.6209    0.2020    0.3659
 9859 GFKIEGW  -12.8229  -12.6209    0.2020    0.3659
 9860 GFEIKGW  -12.5599  -12.3579    0.2020    0.3659
 9861 GFEIKGW  -12.5599  -12.3579    0.2020    0.3659
 9862 GFEIKGW  -12.5599  -12.3579    0.2020    0.3659
 9863 GFEIKGW  -12.5599  -12.3579    0.2020    0.3659
 9864 GFEIKGW  -12.5599  -12.3579    0.2020    0.3659
 9865 GFEIKGW  -12.5599  -12.3579    0.2020    0.3659
 9866 GFDIKGW  -11.6719  -11.1527    0.5191    0.3659
 9867 GFDIKGW  -11.6719  -11.1527    0.5191    0.3659
 9868 GFEIKGW  -13.1908  -12.9888    0.2020    0.3659
 9869 GFEIKGW  -13.1908  -12.9888    0.2020    0.3659
 9870 GFEIKGW  -13.1908  -12.9888    0.2020    0.3659
 9871 GFEIKGW  -13.1908  -12.9888    0.2020    0.3659
 9872 GFEIKGW  -13.1908  -12.9888    0.2020    0.3659
 9873 GFEIKGW  -13.1908  -12.9888    0.2020    0.3659
 9874 GFEIKGW  -13.1908  -12.9888    0.2020    0.3659
 9875 WIEIKGG  -13.8836  -14.2087   -0.3251    0.3659
 9876 WIEIKGG  -13.8836  -14.2087   -0.3251    0.3659
 9877 WIEIKGG  -13.8836  -14.2087   -0.3251    0.3659
 9878 WIEIKGG  -13.8836  -14.2087   -0.3251    0.3659
 9879 WIEIKGG  -13.8836  -14.2087   -0.3251    0.3659
 9880 IIEIKGG  -14.4125  -15.4631   -1.0506    0.3659
 9881 FIDIKGG  -12.6128  -13.1220   -0.5091    0.3659
 9882 IIDIKGG  -13.4323  -14.1658   -0.7334    0.3659
 9883 IIKIEGG  -16.8170  -17.8676   -1.0506    0.3659
 9884 IFKIEGG  -16.1802  -17.0065   -0.8263    0.3659
 9885 IFKIEGG  -16.1802  -17.0065   -0.8263    0.3659
 9886 KFIIEGG  -15.0432  -15.9809   -0.9377    0.3659
 9887 KFIIEGG  -15.0432  -15.9809   -0.9377    0.3659
 9888 KFIIEGG  -15.0432  -15.9809   -0.9377    0.3659
 9889 KFIIEGG  -15.0432  -15.9809   -0.9377    0.3659
 9890 KFIIEGG  -15.0432  -15.9809   -0.9377    0.3659
 9891 KFIIEGG  -15.0432  -15.9809   -0.9377    0.3659
 9892 KFIIDGG  -13.8076  -14.4282   -0.6206    0.3659
 9893 KFIIDGG  -13.8076  -14.4282   -0.6206    0.3659
 9894 KFIIDGG  -13.8076  -14.4282   -0.6206    0.3659
 9895 VFKIDGG  -13.3687  -15.2521   -1.8834    0.3659
 9896 VFKIDGG  -13.3687  -15.2521   -1.8834    0.3659
 9897 KFVIDGG  -13.1098  -15.1046   -1.9949    0.3659
 9898 VFKMDGG  -11.3433  -14.5956   -3.2523    0.3659
 9899 VFKMDGG  -11.3433  -14.5956   -3.2523    0.3659
 9900 VFKMEGG  -12.5396  -16.1090   -3.5694    0.3659
 9901 VIKMEGG  -12.6988  -16.4925   -3.7937    0.3659
 9902 WIKMEGG  -13.4028  -14.7368   -1.3340    0.3659
 9903 WIKMEGG  -13.4028  -14.7368   -1.3340    0.3659
 9904 WMKIEGG  -13.1181  -14.4521   -1.3340    0.3659
 9905 WMKIEGG  -13.1181  -14.4521   -1.3340    0.3659
 9906 WMKVEGG  -12.3262  -15.0345   -2.7083    0.3659
 9907 VMKVEGG  -11.6161  -16.7841   -5.1680    0.3659
 9908 KMVVEGG  -12.1376  -17.4170   -5.2794    0.3659
 9909 KFVVEGG  -14.4233  -18.1096   -3.6863    0.3659
 9910 KFVVEGG  -14.4233  -18.1096   -3.6863    0.3659
 9911 KFLVEGG  -13.7990  -17.9007   -4.1017    0.3659
 9912 KFLVEGG  -13.7990  -17.9007   -4.1017    0.3659
 9913 KILVEGG  -13.4963  -17.8223   -4.3260    0.3659
 9914 KILVEGG  -13.4963  -17.8223   -4.3260    0.3659
 9915 KFLVEGG  -13.5048  -17.6065   -4.1017    0.3659
 9916 KFFVEGG  -12.9090  -14.9967   -2.0877    0.3659
 9917 KFIVEGG  -15.0963  -17.4083   -2.3120    0.3659
 9918 KFIVEGG  -15.0963  -17.4083   -2.3120    0.3659
 9919 KFIVEGG  -15.0963  -17.4083   -2.3120    0.3659
 9920 KWIVEGG  -16.2382  -17.6891   -1.4509    0.3659
 9921 KWIVEGG  -16.2382  -17.6891   -1.4509    0.3659
 9922 KWIVEGG  -16.2382  -17.6891   -1.4509    0.3659
 9923 KWIVDGG  -15.7475  -16.8812   -1.1337    0.3659
 9924 KWIVDGG  -15.7475  -16.8812   -1.1337    0.3659
 9925 KWIVDGG  -15.7475  -16.8812   -1.1337    0.3659
 9926 KWIVEGG  -16.0793  -17.5302   -1.4509    0.3659
 9927 KWIVEGG  -16.0793  -17.5302   -1.4509    0.3659
 9928 KWIVEGG  -16.0793  -17.5302   -1.4509    0.3659
 9929 KWVVEGG  -15.0159  -17.8411   -2.8251    0.3659
 9930 VWKVEGG  -14.9432  -17.6569   -2.7137    0.3659
 9931 VWKVEGG  -14.9432  -17.6569   -2.7137    0.3659
 9932 VWKVEGG  -14.9432  -17.6569   -2.7137    0.3659
 9933 LWKVEGG  -14.3945  -17.5236   -3.1291    0.3659
 9934 LWKVEGG  -14.3945  -17.5236   -3.1291    0.3659
 9935 LWKVEGG  -14.3945  -17.5236   -3.1291    0.3659
 9936 LWKVEGG  -14.3945  -17.5236   -3.1291    0.3659
 9937 LWKVEGG  -14.3945  -17.5236   -3.1291    0.3659
 9938 LWKVEGG  -14.3945  -17.5236   -3.1291    0.3659
 9939 VWKLEGG  -11.7357  -14.8648   -3.1291    0.3659
 9940 VWKLEGG  -11.7357  -14.8648   -3.1291    0.3659
 9941 VWRMDGG   -7.3148  -13.0699   -5.7551    0.3659
 9942 VWKMDGG   -8.7716  -11.1627   -2.3911    0.3659
 9943 VWKMDGG   -8.7716  -11.1627   -2.3911    0.3659
 9944 MWKVDGG  -11.5368  -13.9279   -2.3911    0.3659
 9945 MWKVDGG  -11.5368  -13.9279   -2.3911    0.3659
 9946 MWKVDGG  -11.5368  -13.9279   -2.3911    0.3659
 9947 LWRVDGG  -10.9773  -17.1533   -6.1760    0.3659
 9948 VWRVDGG  -11.7148  -17.4754   -5.7606    0.3659
 9949 VWKVDGG  -13.0899  -15.4864   -2.3966    0.3659
 9950 IWKVDGG  -14.2976  -15.3199   -1.0223    0.3659
 9951 IWKVDGG  -14.2976  -15.3199   -1.0223    0.3659
 9952 IWKVDGG  -14.2976  -15.3199   -1.0223    0.3659
 9953 IWKVDGG  -14.2976  -15.3199   -1.0223    0.3659
 9954 IWKVDGG  -14.2976  -15.3199   -1.0223    0.3659
 9955 IWKVDGG  -14.2976  -15.3199   -1.0223    0.3659
 9956 IWKVDGG  -14.2976  -15.3199   -1.0223    0.3659
 9957 IWKVEGG  -15.8025  -17.1419   -1.3394    0.3659
 9958 IWKVEGG  -15.8025  -17.1419   -1.3394    0.3659
 9959 IWKVEGG  -15.8025  -17.1419   -1.3394    0.3659
 9960 IWKVEGG  -15.8025  -17.1419   -1.3394    0.3659
 9961 IWKVEGG  -15.8025  -17.1419   -1.3394    0.3659
 9962 IWKVEGG  -15.8025  -17.1419   -1.3394    0.3659
 9963 IWKVEGG  -15.8025  -17.1419   -1.3394    0.3659
 9964 IWKVDGG  -14.4891  -15.5114   -1.0223    0.3659
 9965 IWKVDGG  -14.4891  -15.5114   -1.0223    0.3659
 9966 WIKVDGG  -11.8922  -12.9145   -1.0223    0.3659
 9967 WIKVDGG  -11.8922  -12.9145   -1.0223    0.3659
 9968 WVKIDGG  -11.3474  -12.3697   -1.0223    0.3659
 9969 VVKLEGG  -11.5993  -17.1882   -5.5889    0.3659
 9970 IIKLEGG  -15.1364  -17.9766   -2.8403    0.3659
 9971 IIKLEGG  -15.1364  -17.9766   -2.8403    0.3659
 9972 IIKLEGG  -15.1364  -17.9766   -2.8403    0.3659
 9973 IIKLEGG  -15.1364  -17.9766   -2.8403    0.3659
 9974 IIKLEGG  -15.1364  -17.9766   -2.8403    0.3659
 9975 IIKMEGG  -14.5851  -17.0045   -2.4194    0.3659
 9976 IIKMEGG  -14.5851  -17.0045   -2.4194    0.3659
 9977 IIKMEGG  -14.5851  -17.0045   -2.4194    0.3659
 9978 KIIIEGG  -15.9104  -17.0724   -1.1620    0.3659
 9979 KIIIEGG  -15.9104  -17.0724   -1.1620    0.3659
 9980 IIKIEGG  -16.3183  -17.3688   -1.0506    0.3659
 9981 IIKIEGG  -16.3183  -17.3688   -1.0506    0.3659
 9982 IIKIEGG  -16.3183  -17.3688   -1.0506    0.3659
 9983 IIKIEGG  -16.3183  -17.3688   -1.0506    0.3659
 9984 IIKIEGG  -16.3183  -17.3688   -1.0506    0.3659
 9985 IIKIEGG  -16.3183  -17.3688   -1.0506    0.3659
 9986 IIKIEGG  -16.3183  -17.3688   -1.0506    0.3659
 9987 IIKIEGG  -16.3183  -17.3688   -1.0506    0.3659
 9988 IIKIEGG  -16.3183  -17.3688   -1.0506    0.3659
 9989 IIKIEGG  -16.3183  -17.3688   -1.0506    0.3659
 9990 IWKIEGG  -15.6372  -15.9624   -0.3251    0.3659
 9991 IWKIEGG  -15.6372  -15.9624   -0.3251    0.3659
 9992 IWKIEGG  -15.6372  -15.9624   -0.3251    0.3659
 9993 WGKIEMG  -10.9461  -12.0573   -1.1111    0.3659
 9994 WGKIEMG  -10.9461  -12.0573   -1.1111    0.3659
 9995 WGKIEMG  -10.9461  -12.0573   -1.1111    0.3659
 9996 VGKIEWG  -14.0351  -15.1517   -1.1166    0.3659
 9997 VGKIEWG  -14.0351  -15.1517   -1.1166    0.3659
 9998 WGKVEWG  -12.8112  -12.8423   -0.0311    0.3659
 9999 WGKVEWG  -12.8112  -12.8423   -0.0311    0.3659
10000 WGKVEWG  -12.8112  -12.8423   -0.0311    0.3659
