    0 ALMMRMR   17.7153    8.1344   -9.5809    0.0000
    1 LLLMEGR    2.6258   -6.9354   -9.5611    0.0000
    2 MLLVEGR   -3.6720  -10.1777   -6.5057    0.0000
    3 MLLVEGE   -7.8704  -11.8221   -3.9517    0.0000
    4 LLMVEGD   -6.8541  -10.4886   -3.6346    0.0000
    5 MLLVEGD   -8.5670  -12.2016   -3.6346    0.0000
    6 MLLVDGE   -6.5181  -10.1526   -3.6346    0.0000
    7 MLVVDGD   -8.8952  -11.4772   -2.5820    0.0000
    8 MLVVDGD   -8.8952  -11.4772   -2.5820    0.0000
    9 VLVVDAE   -8.5561  -11.4481   -2.8920    0.0000
   10 VLVVEAE   -8.8480  -12.0572   -3.2091    0.0000
   11 ALVVELE   -6.0586  -11.6032   -5.5446    0.0000
   12 ALVVEVE   -7.6723  -10.8814   -3.2091    0.0000
   13 ALVVEVE   -7.6723  -10.8814   -3.2091    0.0000
   14 ALVVEVE   -7.6723  -10.8814   -3.2091    0.0000
   15 ALVVVEK   -5.8208   -8.4428   -2.6220    0.0000
   16 ALVVVDD   -8.5934  -11.3912   -2.7977    0.0000
   17 ALVVVDD   -8.5934  -11.3912   -2.7977    0.0000
   18 ALVVIED   -6.2526  -10.4731   -4.2206    0.0000
   19 KLVVIEA   -5.9359   -9.4407   -3.5049    0.0000
   20 KLVVIAE   -4.2525   -7.8688   -3.6163    0.0000
   21 VLVEIAK   -1.4776   -4.9825   -3.5049    0.0000
   22 VLMDKAI   -1.7512   -5.1249   -3.3737    0.0000
   23 VLAMDDI   -2.3741   -6.2407   -3.8666    0.0000
   24 MLAGEID   -3.9020   -8.5914   -4.6894    0.0000
   25 ALMGEIE   -5.1624  -10.1690   -5.0066    0.0000
   26 ILMGEEA   -2.1375   -7.2555   -5.1180    0.0000
   27 MLGIDAE   -4.5360   -9.1140   -4.5780    0.0000
   28 MLGIDEA   -3.7579   -8.4473   -4.6894    0.0000
   29 MLGIEEW   -4.0445   -9.8354   -5.7909    0.0000
   30 MLGIEEM   -7.0825   -9.7676   -2.6851    0.0000
   31 MLGIEEM   -7.0825   -9.7676   -2.6851    0.0000
   32 MLGMEME   -5.6668   -8.6494   -2.9826    0.0000
   33 MLGVEEM   -6.8545   -9.9540   -3.0994    0.0000
   34 GLMVMEE   -4.2530   -7.5753   -3.3223    0.0000
   35 GLVVMDD   -8.2694  -10.9629   -2.6934    0.0000
   36 GLVVMED   -8.0104  -11.0210   -3.0106    0.0000
   37 GLVVFED   -8.5154  -10.6528   -2.1374    0.0000
   38 GLVVFEK   -8.2070   -9.8515   -1.6446    0.0000
   39 ELVVFGK   -8.4723  -10.0055   -1.5331    0.0000
   40 ALEVFGK   -5.2772   -9.2549   -3.9777    0.0000
   41 VLEVFGK   -7.7794   -9.2011   -1.4217    0.0000
   42 VLEVFGE   -7.8187  -10.0504   -2.2317    0.0000
   43 VLVFEGE   -7.9939  -10.3370   -2.3431    0.0000
   44 VLVFEGE   -7.9939  -10.3370   -2.3431    0.0000
   45 VLVFEGD   -8.2259  -10.2519   -2.0260    0.0000
   46 VLVEFGD   -8.4137  -10.3283   -1.9146    0.0000
   47 VLEVFGK   -7.6949   -9.1167   -1.4217    0.0000
   48 VLEVFGK   -7.7947   -9.2164   -1.4217    0.0000
   49 ELVVFGK   -8.8519  -10.3850   -1.5331    0.0000
   50 GLVVFEK   -8.5174  -10.1620   -1.6446    0.0000
   51 GLVVEMD   -8.7736  -11.5613   -2.7877    0.0000
   52 GLMVEMD   -8.2511  -11.0333   -2.7823    0.0000
   53 GLLVEME   -8.9889  -12.8292   -3.8403    0.0000
   54 GLLVEME   -8.9889  -12.8292   -3.8403    0.0000
   55 MLLVEGD  -10.0293  -13.6639   -3.6346    0.0000
   56 MLMVDGD   -9.1881  -11.7647   -2.5766    0.0000
   57 MLIVDGD   -9.8301  -11.9178   -2.0877    0.0000
   58 MLIVDGD   -9.8301  -11.9178   -2.0877    0.0000
   59 MLMVDGD   -9.1059  -11.6825   -2.5766    0.0000
   60 MLMVDGD   -9.1059  -11.6825   -2.5766    0.0000
   61 MLMVDGD   -9.1059  -11.6825   -2.5766    0.0000
   62 MLIVDGD   -9.8186  -11.9063   -2.0877    0.0000
   63 MLIVEGD  -10.2303  -12.6352   -2.4049    0.0000
   64 MLIVEGD  -10.2303  -12.6352   -2.4049    0.0000
   65 MLMVKGD   -8.7468  -10.8305   -2.0837    0.0000
   66 MLMVDGD   -9.3979  -11.9745   -2.5766    0.0000
   67 MLMVEGD   -9.4729  -12.3666   -2.8937    0.0000
   68 MLMVEGD   -9.4729  -12.3666   -2.8937    0.0000
   69 MLMVEGD   -9.4729  -12.3666   -2.8937    0.0000
   70 MLLVDGK   -8.4719  -11.2964   -2.8246    0.0000
   71 MLIVDGK   -8.8165  -10.4114   -1.5949    0.0000
   72 ILMVEGK   -7.4625   -9.3745   -1.9120    0.0000
   73 MLKVEGI   -8.8334  -10.5225   -1.6891    0.0000
   74 ELKVMGI   -6.4877   -8.1769   -1.6891    0.0000
   75 ELKVMGI   -7.5163   -9.2055   -1.6891    0.0000
   76 DLKVVGM   -6.9888   -8.8551   -1.8663    0.0000
   77 MLVVKGD   -8.1935  -10.2826   -2.0891    0.0000
   78 MLVVKGD   -8.1935  -10.2826   -2.0891    0.0000
   79 MLVVKGD   -8.1935  -10.2826   -2.0891    0.0000
   80 KLVMDGI   -6.6331   -8.1166   -1.4834    0.0000
   81 KLVIEGM   -7.6431   -9.4437   -1.8006    0.0000
   82 KLIIEGV   -7.8710  -11.4227   -3.5517    0.0000
   83 KLVIEGM   -7.7179   -9.5184   -1.8006    0.0000
   84 KLVIDGM   -7.4105   -8.8939   -1.4834    0.0000
   85 KLAMDGM   -2.4897   -7.7380   -5.2483    0.0000
   86 KLAMDGG   -0.9130   -9.5667   -8.6537    0.0000
   87 KLAMDGG   -0.9130   -9.5667   -8.6537    0.0000
   88 GLAGDLK    1.4565   -7.3952   -8.8517    0.0000
   89 LLAIDGK   -3.8054   -8.2171   -4.4117    0.0000
   90 KLLADGI   -5.4666   -9.7669   -4.3003    0.0000
   91 KLLADGI   -5.4666   -9.7669   -4.3003    0.0000
   92 KLALEGI   -5.8231  -10.4405   -4.6174    0.0000
   93 KLAIEGM   -4.6724   -8.8690   -4.1966    0.0000
   94 ILEKMGA   -4.6386   -8.8351   -4.1966    0.0000
   95 ILKEGGW   -3.6061   -5.4724   -1.8663    0.0000
   96 ILKEGGW   -3.6061   -5.4724   -1.8663    0.0000
   97 KLIEWGG   -5.6816   -7.4365   -1.7549    0.0000
   98 KLIEWGG   -5.6816   -7.4365   -1.7549    0.0000
   99 ELIKWGG   -4.6892   -6.4441   -1.7549    0.0000
  100 ALIKWGE   -3.3651   -6.5874   -3.2223    0.0000
  101 KLIAWGE   -3.0022   -6.3360   -3.3337    0.0000
  102 KLYAWGE   -1.6906   -5.7395   -4.0489    0.0000
  103 ELYAWGD   -0.6837   -5.2254   -4.5417    0.0000
  104 ELKAWGY   -4.2426   -8.0686   -3.8260    0.0000
  105 ELKAWGW   -2.7795   -7.2449   -4.4654    0.0000
  106 GLEGWKW   -4.3726   -7.0591   -2.6866    0.0000
  107 WLEGWKG   -4.3059   -7.1039   -2.7980    0.0000
  108 GLEGWKW   -4.9355   -7.6221   -2.6866    0.0000
  109 GLEGFKW   -6.1177   -7.4254   -1.3077    0.0000
  110 GLEGFKW   -6.1177   -7.4254   -1.3077    0.0000
  111 KLGEFGW   -5.8853   -7.1930   -1.3077    0.0000
  112 KLGDFGW   -4.9549   -5.9455   -0.9906    0.0000
  113 KLGDFGI   -4.6034   -6.6794   -2.0760    0.0000
  114 KLLDFGI   -3.6443   -9.5185   -5.8743    0.0000
  115 KLLDFGY   -4.0516   -7.5210   -3.4694    0.0000
  116 KLLDFGY   -4.0516   -7.5210   -3.4694    0.0000
  117 KLLDFGY   -4.0516   -7.5210   -3.4694    0.0000
  118 LLKDFGY   -2.4827   -6.0636   -3.5809    0.0000
  119 VLKDFGV   -6.4201   -7.5246   -1.1046    0.0000
  120 ILKFDGV   -3.0319   -5.8507   -2.8189    0.0000
  121 ILKVEGY   -5.8943   -7.5297   -1.6354    0.0000
  122 VLKVEGL   -6.7966   -9.6409   -2.8443    0.0000
  123 LLKVDGV   -6.6107   -9.1378   -2.5271    0.0000
  124 LLKVDGV   -6.6107   -9.1378   -2.5271    0.0000
  125 ILKMDGV   -6.4731   -7.8451   -1.3720    0.0000
  126 ILKMVGD   -5.7896   -7.2730   -1.4834    0.0000
  127 ILKMVGE   -5.9065   -7.7070   -1.8006    0.0000
  128 ILKVMGE   -6.1060   -7.9066   -1.8006    0.0000
  129 DLKVMGI   -4.3166   -5.6886   -1.3720    0.0000
  130 KLIVMGE   -8.5969  -10.5089   -1.9120    0.0000
  131 KLIVMGE   -8.5969  -10.5089   -1.9120    0.0000
  132 KLIVMGD   -8.9899  -10.5848   -1.5949    0.0000
  133 KLIVMGD   -8.9899  -10.5848   -1.5949    0.0000
  134 KLIVMGD   -8.9899  -10.5848   -1.5949    0.0000
  135 KLILMGD   -5.3872  -10.0375   -4.6503    0.0000
  136 KLIMAGD   -6.4248  -10.4157   -3.9909    0.0000
  137 KLIVFGD   -6.6274   -9.6691   -3.0417    0.0000
  138 KLIGFGD   -7.6369   -9.8243   -2.1874    0.0000
  139 KLIGFGD   -7.8985  -10.0859   -2.1874    0.0000
  140 KLIGFGD   -7.8985  -10.0859   -2.1874    0.0000
  141 ILKGFGD   -7.5390   -9.7265   -2.1874    0.0000
  142 ILKGFGD   -7.5390   -9.7265   -2.1874    0.0000
  143 ILKGFGE   -7.1793   -9.6839   -2.5046    0.0000
  144 ILKGVGE   -5.4197   -9.5228   -4.1031    0.0000
  145 FLKGWGE   -6.4705   -7.8897   -1.4191    0.0000
  146 FLKGWGE   -6.4705   -7.8897   -1.4191    0.0000
  147 FLKGWGD   -6.5001   -7.6021   -1.1020    0.0000
  148 DLKGWGF   -4.5557   -5.5462   -0.9906    0.0000
  149 DLKGWGM   -4.7092   -7.2929   -2.5837    0.0000
  150 WLKGMGD   -6.4035   -9.0986   -2.6951    0.0000
  151 MLKGWGD   -7.7310  -10.4261   -2.6951    0.0000
  152 MLKGWGD   -7.7310  -10.4261   -2.6951    0.0000
  153 MLKGWGD   -7.7310  -10.4261   -2.6951    0.0000
  154 MLKGWGD   -7.7310  -10.4261   -2.6951    0.0000
  155 MLKGDGW   -6.4697   -9.1648   -2.6951    0.0000
  156 LLKGDGW   -5.4876   -8.6036   -3.1160    0.0000
  157 LLKGDGW   -5.4876   -8.6036   -3.1160    0.0000
  158 LLKGDGW   -5.3171   -8.4331   -3.1160    0.0000
  159 LLKGDGW   -5.3171   -8.4331   -3.1160    0.0000
  160 MLKGDGW   -6.2330   -8.9282   -2.6951    0.0000
  161 MLKGWGD   -7.7278  -10.4230   -2.6951    0.0000
  162 WLKGMGD   -6.5774   -9.2725   -2.6951    0.0000
  163 ILKGMGD   -6.2787  -10.0593   -3.7806    0.0000
  164 ILKGMGD   -6.2787  -10.0593   -3.7806    0.0000
  165 ILKGMDG   -5.2476   -9.0282   -3.7806    0.0000
  166 KLVGMGD   -4.5224   -9.6772   -5.1549    0.0000
  167 MLKGVGD   -4.7614   -9.9163   -5.1549    0.0000
  168 KLMGVGD   -4.3721   -9.5269   -5.1549    0.0000
  169 KLMGYMD   -4.6984   -7.4915   -2.7931    0.0000
  170 KLMGFMD   -7.3447   -8.5984   -1.2537    0.0000
  171 KLMGFMD   -7.3447   -8.5984   -1.2537    0.0000
  172 KLMGFME   -6.3838   -7.9547   -1.5709    0.0000
  173 KLMGFEM   -4.6389   -6.0983   -1.4594    0.0000
  174 KLMGFME   -6.9008   -8.4717   -1.5709    0.0000
  175 KLGMFEM   -4.3583   -5.8178   -1.4594    0.0000
  176 KLGMFEM   -4.3583   -5.8178   -1.4594    0.0000
  177 KLGLFEM   -2.4518   -6.8921   -4.4403    0.0000
  178 KLGLFEV   -4.7108   -9.0765   -4.3657    0.0000
  179 KLGLFEV   -4.7108   -9.0765   -4.3657    0.0000
  180 KLGLFEV   -4.7108   -9.0765   -4.3657    0.0000
  181 KLGLMEF   -0.8849   -5.3252   -4.4403    0.0000
  182 KLGMEGF   -3.5925   -7.3545   -3.7620    0.0000
  183 FLGKEGV   -5.0840   -9.0743   -3.9903    0.0000
  184 FLGKEGW   -6.5895   -8.1201   -1.5306    0.0000
  185 FLGKEGW   -6.5558   -8.0864   -1.5306    0.0000
  186 FLGKEGW   -6.5558   -8.0864   -1.5306    0.0000
  187 FLGKEGW   -6.5558   -8.0864   -1.5306    0.0000
  188 FLKGEGW   -8.5113   -9.9305   -1.4191    0.0000
  189 FLKGEGW   -8.5113   -9.9305   -1.4191    0.0000
  190 FLKGDGW   -8.2323   -9.3343   -1.1020    0.0000
  191 FLKGEGW   -8.8626  -10.2817   -1.4191    0.0000
  192 FLKGEGV   -8.0474  -11.9262   -3.8789    0.0000
  193 FLKGEGV   -8.0474  -11.9262   -3.8789    0.0000
  194 FLKGVGD   -7.0938  -10.6555   -3.5617    0.0000
  195 KLFGVGD   -7.1887  -10.7504   -3.5617    0.0000
  196 KLVGFGD   -7.0670  -10.6287   -3.5617    0.0000
  197 KLVGWGD   -7.8067  -10.5072   -2.7006    0.0000
  198 KLIGWGD   -9.5129  -10.8391   -1.3263    0.0000
  199 KLIGWGD   -9.5129  -10.8391   -1.3263    0.0000
  200 KLIGDGW   -7.6727   -8.9990   -1.3263    0.0000
  201 KLIGDGW   -7.6727   -8.9990   -1.3263    0.0000
  202 KLIGDGW   -7.6727   -8.9990   -1.3263    0.0000
  203 KLIGDGW   -7.6727   -8.9990   -1.3263    0.0000
  204 KLIGDGW   -7.6727   -8.9990   -1.3263    0.0000
  205 KLVGDGW   -5.9868   -8.6873   -2.7006    0.0000
  206 KLMGDGW   -5.9443   -8.6394   -2.6951    0.0000
  207 KLMGDGW   -5.9443   -8.6394   -2.6951    0.0000
  208 KLIGDGW   -7.7003   -9.0266   -1.3263    0.0000
  209 KLIGWGD   -9.0077  -10.3340   -1.3263    0.0000
  210 KLIGDGW   -8.2610   -9.5873   -1.3263    0.0000
  211 KLIGDGW   -8.2610   -9.5873   -1.3263    0.0000
  212 KLIGEGW   -8.9408  -10.5842   -1.6434    0.0000
  213 KLIGEGW   -8.9408  -10.5842   -1.6434    0.0000
  214 KLGIDGW   -8.1120   -9.3269   -1.2149    0.0000
  215 KLGIWGD   -9.1359  -10.4622   -1.3263    0.0000
  216 KLGIWGE   -8.2888   -9.9323   -1.6434    0.0000
  217 KLGIWGE   -8.0755   -9.7189   -1.6434    0.0000
  218 KLGIWGE   -8.0755   -9.7189   -1.6434    0.0000
  219 KLGFFGE   -5.9223   -8.2026   -2.2803    0.0000
  220 KLGFFGE   -5.9223   -8.2026   -2.2803    0.0000
  221 KLGFFGE   -5.9223   -8.2026   -2.2803    0.0000
  222 KLGFWGE   -7.0946   -8.5137   -1.4191    0.0000
  223 KLGFWGE   -7.0946   -8.5137   -1.4191    0.0000
  224 KLGVFGE   -5.2734   -9.1523   -3.8789    0.0000
  225 KLEVFGV   -7.6249   -8.9352   -1.3103    0.0000
  226 KLVVFGE   -9.5431  -11.0762   -1.5331    0.0000
  227 KLVMVGE   -7.5140   -9.9203   -2.4063    0.0000
  228 KLMMVGD   -7.4468   -9.5305   -2.0837    0.0000
  229 KLMMVGE   -6.7984   -9.1992   -2.4009    0.0000
  230 KLVMMGE   -8.5596  -10.9604   -2.4009    0.0000
  231 KLVMMGE   -8.5596  -10.9604   -2.4009    0.0000
  232 KLVMMGD   -9.2231  -11.3068   -2.0837    0.0000
  233 KLVVFGD  -10.6209  -11.8369   -1.2160    0.0000
  234 KLVVFGD  -10.6209  -11.8369   -1.2160    0.0000
  235 KLIVFGD   -9.3910  -12.4327   -3.0417    0.0000
  236 KLIVFGD   -9.3910  -12.4327   -3.0417    0.0000
  237 KLMVVGD   -9.2870  -11.3762   -2.0891    0.0000
  238 KLMVEGV   -9.3569  -11.6518   -2.2949    0.0000
  239 KLMVEGV   -9.3569  -11.6518   -2.2949    0.0000
  240 KLMVEGV   -9.3569  -11.6518   -2.2949    0.0000
  241 MLEVKGV   -6.9939   -9.1773   -2.1834    0.0000
  242 MLVVKGE   -7.8313  -10.2376   -2.4063    0.0000
  243 MLVVEGD   -9.6582  -12.5573   -2.8991    0.0000
  244 GLVVEME   -8.7649  -11.8698   -3.1049    0.0000
  245 GLVVDME   -8.3864  -11.1741   -2.7877    0.0000
  246 GLVVEME   -8.5168  -11.6217   -3.1049    0.0000
  247 GLVVEMK   -8.0520  -10.3469   -2.2949    0.0000
  248 MLIVEGK   -8.6382  -10.5502   -1.9120    0.0000
  249 MLIVEGK   -8.6382  -10.5502   -1.9120    0.0000
  250 MLMVEGK   -8.7657  -11.1665   -2.4009    0.0000
  251 MLIVEGK  -10.0371  -11.9491   -1.9120    0.0000
  252 ELIVMGD   -7.4873   -9.8922   -2.4049    0.0000
  253 ILKVMGD   -9.3839  -10.8674   -1.4834    0.0000
  254 ILKVMGD   -9.3839  -10.8674   -1.4834    0.0000
  255 ILKVMGD   -9.3031  -10.7865   -1.4834    0.0000
  256 ILKVVGD   -8.6731  -10.0820   -1.4089    0.0000
  257 KLIVVGD   -8.8830  -10.4033   -1.5203    0.0000
  258 KLIVVGD   -8.8830  -10.4033   -1.5203    0.0000
  259 KLIVVGD   -8.8830  -10.4033   -1.5203    0.0000
  260 KLMVVGD   -8.1430  -10.2322   -2.0891    0.0000
  261 KLMVVGD   -8.1430  -10.2322   -2.0891    0.0000
  262 KLVMWGD   -6.6719   -9.6213   -2.9494    0.0000
  263 KLVMFGD   -8.9830  -10.2736   -1.2906    0.0000
  264 KLVDFGF   -4.4692   -6.9838   -2.5146    0.0000
  265 KLVDYGF   -4.8444   -5.9384   -1.0940    0.0000
  266 GLVDFKY   -5.4067   -6.5007   -1.0940    0.0000
  267 GLVDFKY   -5.4067   -6.5007   -1.0940    0.0000
  268 GLVEFKY   -5.5176   -6.9288   -1.4111    0.0000
  269 GLEVFKV   -8.0031   -9.3134   -1.3103    0.0000
  270 GLVVFKE   -8.8599  -10.5044   -1.6446    0.0000
  271 GLVVFKE   -8.8599  -10.5044   -1.6446    0.0000
  272 GLVVFKE   -8.8599  -10.5044   -1.6446    0.0000
  273 GLVVFEE   -8.0445  -10.4991   -2.4546    0.0000
  274 GLVVFED   -8.6813  -10.8187   -2.1374    0.0000
  275 ELVVFGD   -7.3788   -9.4048   -2.0260    0.0000
  276 ELVVFGK   -7.9429   -9.4761   -1.5331    0.0000
  277 ELVVFGK   -7.9429   -9.4761   -1.5331    0.0000
  278 ELVVFGK   -7.9429   -9.4761   -1.5331    0.0000
  279 ELVVFGK   -7.9429   -9.4761   -1.5331    0.0000
  280 KLVVFGE   -9.9206  -11.4538   -1.5331    0.0000
  281 KLVVFGE   -9.9206  -11.4538   -1.5331    0.0000
  282 KLVVFGD  -10.0773  -11.2933   -1.2160    0.0000
  283 KLVVFGD  -10.0773  -11.2933   -1.2160    0.0000
  284 KLVVFGD  -10.0773  -11.2933   -1.2160    0.0000
  285 GLVVFKD   -7.7608   -9.0882   -1.3274    0.0000
  286 GLVVFKD   -7.7608   -9.0882   -1.3274    0.0000
  287 GLEVVID   -4.4901   -6.7090   -2.2189    0.0000
  288 GLVVEIE   -6.3964   -8.9323   -2.5360    0.0000
  289 GLVDIVE   -6.3728   -8.5917   -2.2189    0.0000
  290 GLIVVDE   -8.4624  -10.9041   -2.4417    0.0000
  291 GLVIVED   -8.3111  -10.7528   -2.4417    0.0000
  292 GLVIDEV   -7.1299   -9.4602   -2.3303    0.0000
  293 GLVIEVE   -8.0941  -10.6301   -2.5360    0.0000
  294 VLEVEGI   -7.1022   -9.5268   -2.4246    0.0000
  295 VLIVEGD   -9.4882  -11.8185   -2.3303    0.0000
  296 ILVVGED   -6.8864   -9.3282   -2.4417    0.0000
  297 ILVVDGD   -9.0375  -11.0506   -2.0131    0.0000
  298 ILVVDGD   -9.0375  -11.0506   -2.0131    0.0000
  299 MLVVDGD   -9.5304  -12.1124   -2.5820    0.0000
  300 MLVVEGD   -9.4786  -12.3777   -2.8991    0.0000
  301 MLIVDGD   -9.0708  -11.1585   -2.0877    0.0000
  302 MLIVDGD   -9.0708  -11.1585   -2.0877    0.0000
  303 MLIMDGD   -7.9921  -10.1544   -2.1623    0.0000
  304 MLIMDGD   -7.9921  -10.1544   -2.1623    0.0000
  305 MLIMDGD   -7.9921  -10.1544   -2.1623    0.0000
  306 MLIMDGD   -7.9921  -10.1544   -2.1623    0.0000
  307 MLIMDGD   -7.9921  -10.1544   -2.1623    0.0000
  308 MLIMDGD   -7.9921  -10.1544   -2.1623    0.0000
  309 MLIMDGD   -7.9921  -10.1544   -2.1623    0.0000
  310 MLIVDGD   -9.2882  -11.3759   -2.0877    0.0000
  311 MLIVDGD   -9.2882  -11.3759   -2.0877    0.0000
  312 MLLVEGD   -9.2690  -12.9036   -3.6346    0.0000
  313 MLVVEGD   -9.4645  -12.3636   -2.8991    0.0000
  314 MLVVEGK   -8.0044  -10.4107   -2.4063    0.0000
  315 FLKVDGV   -7.0073   -8.0005   -0.9931    0.0000
  316 VLKVDGF   -7.9954   -8.9885   -0.9931    0.0000
  317 VLEADMF   -1.1269   -4.7835   -3.6566    0.0000
  318 MLDVAEF   -1.9786   -5.6352   -3.6566    0.0000
  319 ALDVVEM   -4.1792   -6.9544   -2.7751    0.0000
  320 ALVVEDM   -7.7873  -10.7853   -2.9980    0.0000
  321 RLMVEGV   -4.7789  -10.4378   -5.6589    0.0000
  322 RLMVVGE   -4.0254   -9.7957   -5.7703    0.0000
  323 RLMVEGV   -5.0808  -10.7397   -5.6589    0.0000
  324 ELMVEGV   -6.5025   -9.6074   -3.1049    0.0000
  325 GLEVMEV   -4.7377   -7.7311   -2.9934    0.0000
  326 GLEVMRF   -3.3944   -8.1432   -4.7489    0.0000
  327 ALDVMRI   -1.0701   -7.5850   -6.5149    0.0000
  328 ALDVVRI   -0.8977   -7.3379   -6.4403    0.0000
  329 ALVYVDD   -5.4207   -9.0393   -3.6186    0.0000
  330 ALVYKDV   -2.8121   -5.8264   -3.0143    0.0000
  331 ALVYDDM   -4.5418   -8.0435   -3.5017    0.0000
  332 ALVYDMD   -4.0311   -7.4214   -3.3903    0.0000
  333 ALMYEVD   -3.8249   -7.5323   -3.7074    0.0000
  334 MLAFEVD   -4.0444   -7.8124   -3.7680    0.0000
  335 MLFADVD   -5.3277   -8.7785   -3.4509    0.0000
  336 MLDAVFD   -2.6620   -6.1128   -3.4509    0.0000
  337 MLVAFDE   -5.4394   -9.4303   -3.9909    0.0000
  338 MLVEFDA   -5.9640   -9.6206   -3.6566    0.0000
  339 MLVEADV   -6.7175   -9.4926   -2.7751    0.0000
  340 ALVEYDV   -4.2695   -7.8709   -3.6014    0.0000
  341 ALVEYVD   -5.4618   -9.1746   -3.7129    0.0000
  342 ALLEYVE   -4.3450   -9.3104   -4.9654    0.0000
  343 ALLEMVE   -4.8231  -10.4423   -5.6191    0.0000
  344 GLIMDVE   -4.6096   -6.9030   -2.2934    0.0000
  345 GLIMMKE   -1.7095   -3.8075   -2.0980    0.0000
  346 ILMGMEE   -4.6541   -7.4507   -2.7966    0.0000
  347 ILMGMDK   -4.8618   -6.5312   -1.6694    0.0000
  348 MLMGYKD   -3.7233   -6.6279   -2.9046    0.0000
  349 MLKGMMD   -4.4830   -6.4499   -1.9669    0.0000
  350 MLKGMMD   -4.4830   -6.4499   -1.9669    0.0000
  351 MLKGMMD   -4.4830   -6.4499   -1.9669    0.0000
  352 MLGKMVD   -3.9662   -5.9385   -1.9723    0.0000
  353 MLKGMVE   -7.1706   -9.4600   -2.2894    0.0000
  354 MLKGMVD   -7.3806   -9.3529   -1.9723    0.0000
  355 MLKGDVM   -8.9758  -10.9480   -1.9723    0.0000
  356 MLKGDVF   -9.9824  -11.1615   -1.1791    0.0000
  357 MLKGDVF   -9.9824  -11.1615   -1.1791    0.0000
  358 MLKGDVF   -9.9824  -11.1615   -1.1791    0.0000
  359 MLKGDVI   -8.7582  -10.2416   -1.4834    0.0000
  360 MLKGEIV   -8.2851  -10.0857   -1.8006    0.0000
  361 MLKGEVM   -9.2068  -11.4962   -2.2894    0.0000
  362 MLKGEVM   -9.2068  -11.4962   -2.2894    0.0000
  363 MLKGMVE   -8.9024  -11.1918   -2.2894    0.0000
  364 MLKGMVE   -8.9024  -11.1918   -2.2894    0.0000
  365 ELKGMVM   -5.7356   -8.0250   -2.2894    0.0000
  366 ELVGMKM   -5.9835   -8.1615   -2.1780    0.0000
  367 DLVGMME   -4.5278   -7.3100   -2.7823    0.0000
  368 DLVGMMK   -5.8493   -7.8216   -1.9723    0.0000
  369 MLVGVDK   -3.4479   -5.5370   -2.0891    0.0000
  370 MLMGKEV   -2.4834   -4.8843   -2.4009    0.0000
  371 MLMGDKY   -2.2878   -5.1924   -2.9046    0.0000
  372 DLLGMKA   -2.2903   -7.8481   -5.5577    0.0000
  373 DLLGAMK   -2.0539   -7.7230   -5.6691    0.0000
  374 DLMGAKM   -2.7374   -7.8743   -5.1369    0.0000
  375 ELAGMKL   -1.0176   -6.8925   -5.8749    0.0000
  376 ELKGMAL   -2.2224   -8.2086   -5.9863    0.0000
  377 KLVGMAE   -4.5734  -10.1443   -5.5709    0.0000
  378 KLLGWAE   -5.1257   -9.5777   -4.4520    0.0000
  379 KLIGWAE   -6.4193   -9.6416   -3.2223    0.0000
  380 ILKGWAD   -7.6793  -10.5845   -2.9051    0.0000
  381 ILKGVAD   -6.6588  -10.5437   -3.8849    0.0000
  382 ILKGAEV   -5.2314   -9.3220   -4.0906    0.0000
  383 ALKGIEV   -3.8666   -7.9572   -4.0906    0.0000
  384 KLIGVEA   -4.3703   -8.4609   -4.0906    0.0000
  385 KLIGVDA   -4.5929   -8.3663   -3.7734    0.0000
  386 KLIGVMD   -8.6244  -10.1079   -1.4834    0.0000
  387 KLIGVMD   -8.6244  -10.1079   -1.4834    0.0000
  388 KLIGVMD   -8.6244  -10.1079   -1.4834    0.0000
  389 KLIGVMD   -8.6244  -10.1079   -1.4834    0.0000
  390 KLIGVMD   -8.6244  -10.1079   -1.4834    0.0000
  391 KLIGVMD   -8.6244  -10.1079   -1.4834    0.0000
  392 KLVGVMD   -7.5001   -9.4778   -1.9777    0.0000
  393 KLVGMMD   -8.0088   -9.9810   -1.9723    0.0000
  394 KLVGMMD   -8.0088   -9.9810   -1.9723    0.0000
  395 MLIGMDK   -6.3736   -8.0431   -1.6694    0.0000
  396 ILEGMDM   -3.3595   -5.6161   -2.2566    0.0000
  397 ILEGMMD   -3.1996   -5.5676   -2.3680    0.0000
  398 ILMGMEE   -5.8879   -8.6845   -2.7966    0.0000
  399 ILMGMDE   -5.6841   -8.1635   -2.4794    0.0000
  400 ILMGMDD   -5.4633   -7.6256   -2.1623    0.0000
  401 ILMGEMD   -5.8711   -8.2391   -2.3680    0.0000
  402 ILMGEAD   -4.4855   -9.1750   -4.6894    0.0000
  403 ILIGEAD   -7.6476  -10.9681   -3.3206    0.0000
  404 ILIGDAD   -7.3353  -10.3387   -3.0034    0.0000
  405 ILIGDGD   -6.8630   -9.8790   -3.0160    0.0000
  406 ILIGDDG   -5.2341   -8.3615   -3.1274    0.0000
  407 ILIGEEG   -6.2684  -10.0301   -3.7617    0.0000
  408 ILIGEEG   -6.2684  -10.0301   -3.7617    0.0000
  409 ILIGEEG   -6.2684  -10.0301   -3.7617    0.0000
  410 FLIGDDG   -5.4686   -8.3717   -2.9031    0.0000
  411 FLIGDKG   -6.1583   -8.5685   -2.4103    0.0000
  412 FLIGDKG   -6.1583   -8.5685   -2.4103    0.0000
  413 FLIGDKG   -6.1583   -8.5685   -2.4103    0.0000
  414 FLIGEKG   -6.5428   -9.2702   -2.7274    0.0000
  415 KLIGEFG   -6.2860   -8.7905   -2.5046    0.0000
  416 KLIGEFG   -6.2860   -8.7905   -2.5046    0.0000
  417 GLIGFEK   -6.7701   -9.3861   -2.6160    0.0000
  418 GLIGIKE   -7.4997  -10.3400   -2.8403    0.0000
  419 ALIGFKE   -7.9417  -10.6566   -2.7149    0.0000
  420 ALIGFDE   -6.9751  -10.1828   -3.2077    0.0000
  421 GLIGDFE   -5.6285   -8.6259   -2.9974    0.0000
  422 GLIGDMK   -5.6292   -9.4098   -3.7806    0.0000
  423 GLIGDMK   -5.6292   -9.4098   -3.7806    0.0000
  424 GLIGEME   -6.0836  -10.9914   -4.9077    0.0000
  425 GLIGEME   -6.0836  -10.9914   -4.9077    0.0000
  426 GLIGEID   -6.7800  -10.0017   -3.2217    0.0000
  427 GLIGDIK   -6.0481   -8.4599   -2.4117    0.0000
  428 GLIGIDK   -7.0113   -9.5344   -2.5231    0.0000
  429 GLIGIDK   -7.0113   -9.5344   -2.5231    0.0000
  430 GLIGIDD   -7.4973  -10.5133   -3.0160    0.0000
  431 GLIGIDD   -7.4822  -10.4982   -3.0160    0.0000
  432 GLIGWDD   -7.8914   -9.8220   -1.9306    0.0000
  433 GLIGWDD   -7.8914   -9.8220   -1.9306    0.0000
  434 GLIGIDE   -7.1774  -10.5105   -3.3331    0.0000
  435 GLIGIDE   -7.1774  -10.5105   -3.3331    0.0000
  436 GLIGIDD   -7.4678  -10.4838   -3.0160    0.0000
  437 GLIGIKD   -7.5109  -10.0341   -2.5231    0.0000
  438 GLIGIKD   -7.5767  -10.0999   -2.5231    0.0000
  439 KLIGIGD   -8.6699  -11.0816   -2.4117    0.0000
  440 KLIGIGE   -6.6788   -9.4077   -2.7289    0.0000
  441 KLIGIGE   -6.6788   -9.4077   -2.7289    0.0000
  442 KLIGIGE   -6.6788   -9.4077   -2.7289    0.0000
  443 KLIGWGE   -6.9834   -8.6269   -1.6434    0.0000
  444 KLIGWGE   -6.9834   -8.6269   -1.6434    0.0000
  445 ILKGWGD   -7.0744   -8.4007   -1.3263    0.0000
  446 ILKGVGE   -6.2301  -10.3333   -4.1031    0.0000
  447 ILKGEGV   -6.2075  -10.3107   -4.1031    0.0000
  448 ILKGEGV   -6.2075  -10.3107   -4.1031    0.0000
  449 VLKGIGE   -3.6424   -7.7455   -4.1031    0.0000
  450 ILKGVGE   -5.3957   -9.4988   -4.1031    0.0000
  451 KLIGVGE   -6.4527  -10.5558   -4.1031    0.0000
  452 KLIGMGE   -6.8345  -10.9323   -4.0977    0.0000
  453 ELIGMGE   -4.1979   -9.1056   -4.9077    0.0000
  454 ELIGMGK   -5.5654   -9.6631   -4.0977    0.0000
  455 ELIGMGK   -5.5654   -9.6631   -4.0977    0.0000
  456 ELWGMGK   -5.2611   -8.2734   -3.0123    0.0000
  457 ELWGVGK   -4.6608   -7.6785   -3.0177    0.0000
  458 ELWGVGK   -4.6608   -7.6785   -3.0177    0.0000
  459 ELYGMGK   -0.8606   -7.1535   -6.2929    0.0000
  460 ELGYMGE    1.0515   -6.0514   -7.1029    0.0000
  461 MLGMEGD   -4.4075  -10.3669   -5.9594    0.0000
  462 MLGIDGE   -4.3053   -8.8958   -4.5906    0.0000
  463 MLGIEGD   -5.4767  -10.0673   -4.5906    0.0000
  464 MLGIEGD   -5.4767  -10.0673   -4.5906    0.0000
  465 MLGIEGD   -5.4767  -10.0673   -4.5906    0.0000
  466 MLGWEGD   -5.7085   -9.2137   -3.5051    0.0000
  467 MLGIEGD   -5.4757  -10.0663   -4.5906    0.0000
  468 VLGIEGD   -4.9065   -9.5025   -4.5960    0.0000
  469 WLGIEGD   -7.3863   -9.5225   -2.1363    0.0000
  470 WLGIEGD   -7.3863   -9.5225   -2.1363    0.0000
  471 WLGIDGE   -6.2452   -8.3815   -2.1363    0.0000
  472 WLGIDGE   -6.2452   -8.3815   -2.1363    0.0000
  473 WLGIEGE   -6.6564   -9.1098   -2.4534    0.0000
  474 WLGIEGE   -6.6564   -9.1098   -2.4534    0.0000
  475 WLGIEGE   -6.6564   -9.1098   -2.4534    0.0000
  476 WLGIEGE   -6.6564   -9.1098   -2.4534    0.0000
  477 WLGIEGE   -6.6564   -9.1098   -2.4534    0.0000
  478 WLGIDGE   -6.2485   -8.3848   -2.1363    0.0000
  479 WLGMEGD   -5.5017   -9.0069   -3.5051    0.0000
  480 WLGLEGD   -5.1506   -9.0766   -3.9260    0.0000
  481 WLGLEGD   -5.1506   -9.0766   -3.9260    0.0000
  482 WLGFDGD   -5.0763   -6.6711   -1.5949    0.0000
  483 VLGFDAD   -3.2009   -7.2429   -4.0420    0.0000
  484 VLGFDAD   -3.2009   -7.2429   -4.0420    0.0000
  485 VLGFDAD   -3.2009   -7.2429   -4.0420    0.0000
  486 MLFGDVD   -8.4854  -10.1574   -1.6720    0.0000
  487 MLFGEVK   -7.7058   -9.2020   -1.4963    0.0000
  488 MLMGEVK   -6.9027   -9.1921   -2.2894    0.0000
  489 MLVGEVE   -7.8462  -10.9510   -3.1049    0.0000
  490 MLVGDVE   -7.6221  -10.4098   -2.7877    0.0000
  491 MLFGDVD   -8.0473   -9.7193   -1.6720    0.0000
  492 MLDGFVD   -5.2360   -6.9080   -1.6720    0.0000
  493 MLKGFVD   -8.1443   -9.3235   -1.1791    0.0000
  494 MLKGFVD   -8.1443   -9.3235   -1.1791    0.0000
  495 MLKGFVD   -8.1443   -9.3235   -1.1791    0.0000
  496 MLKGFVE   -7.7454   -9.2417   -1.4963    0.0000
  497 MLKGWME   -5.2127   -8.4424   -3.2297    0.0000
  498 MLKGEMY   -5.5480   -8.6583   -3.1103    0.0000
  499 MLEGMKV   -4.4403   -6.6183   -2.1780    0.0000
  500 MLVGEKM   -3.9958   -6.3966   -2.4009    0.0000
  501 MLIGEKM   -4.2923   -6.2788   -1.9866    0.0000
  502 MLMGEKI   -4.0426   -6.0291   -1.9866    0.0000
  503 MLMGEKI   -4.0386   -6.0251   -1.9866    0.0031
  504 MLIGEKL   -3.4700   -8.4375   -4.9674    0.0031
  505 KLLGEML   -2.9607   -9.0464   -6.0857    0.0031
  506 KLLGEMM   -5.3649   -8.4697   -3.1049    0.0031
  507 KLLGEMV   -4.6205   -7.6508   -3.0303    0.0031
  508 KLLGEVY   -4.5953   -8.1319   -3.5366    0.0031
  509 KLLGDVY   -4.2967   -7.5161   -3.2194    0.0031
  510 KLVGDVL   -6.6092   -9.2478   -2.6386    0.0031
  511 KLVGELV   -6.9999   -9.9556   -2.9557    0.0031
  512 KLVGELV   -6.9999   -9.9556   -2.9557    0.0031
  513 KLLGEVV   -7.3476  -10.3033   -2.9557    0.0031
  514 KLIGEVV   -8.4298  -10.1558   -1.7260    0.0031
  515 ELIGEVV   -7.0794   -9.6154   -2.5360    0.0031
  516 ELIGEVV   -7.0794   -9.6154   -2.5360    0.0031
  517 ELGIVVE   -6.1887   -8.7247   -2.5360    0.0031
  518 KLIGVVE   -8.8436  -10.5696   -1.7260    0.0031
  519 KLIGVVE   -8.8436  -10.5696   -1.7260    0.0031
  520 KLIGVVE   -8.8436  -10.5696   -1.7260    0.0031
  521 KLIGYVE   -7.8706   -9.6174   -1.7469    0.0031
  522 KLMGFVE   -8.5280  -10.0242   -1.4963    0.0031
  523 MLKGEVF   -9.1519  -10.6482   -1.4963    0.0031
  524 KLMGEVI   -5.2935   -7.0940   -1.8006    0.0031
  525 ELMGEIV   -2.5695   -5.1801   -2.6106    0.0031
  526 ELVGEIV   -4.8055   -7.3415   -2.5360    0.0031
  527 KLVGEIV   -6.8018   -8.5278   -1.7260    0.0031
  528 KLVGIVE   -7.6483   -9.3743   -1.7260    0.0031
  529 KLVGIVE   -7.6483   -9.3743   -1.7260    0.0031
  530 KLGIIVE   -5.0084   -8.5601   -3.5517    0.0031
  531 KLGIEAV   -5.0952   -9.1858   -4.0906    0.0031
  532 KLIGDAV   -5.9555   -9.8404   -3.8849    0.0031
  533 KLIGEVA   -6.2369  -10.4389   -4.2020    0.0031
  534 KLVGEIA   -4.2826   -8.4846   -4.2020    0.0031
  535 KLVGEIA   -4.2826   -8.4846   -4.2020    0.0031
  536 ALVGVDK   -3.9642   -9.3348   -5.3706    0.0031
  537 ALVGWDK   -6.0851   -8.9960   -2.9109    0.0031
  538 ALKGWEV   -7.2542  -10.2593   -3.0051    0.0031
  539 ALKGWEV   -7.2542  -10.2593   -3.0051    0.0031
  540 ALKGVDW   -6.5407   -9.2287   -2.6880    0.0031
  541 ALKGVDW   -6.5407   -9.2287   -2.6880    0.0031
  542 ALKGVDW   -6.5407   -9.2287   -2.6880    0.0031
  543 ALKGWDV   -6.7672   -9.4552   -2.6880    0.0031
  544 DLKGWAV   -3.9142   -6.7136   -2.7994    0.0031
  545 DLKGWAM   -3.9864   -6.7804   -2.7940    0.0031
  546 MLGKDAW   -2.5240   -5.4295   -2.9054    0.0031
  547 MLGKWDM   -4.6267   -7.4278   -2.8011    0.0031
  548 GLGMWDK   -2.8017   -5.6083   -2.8066    0.0031
  549 GLGMWDD   -5.6318   -8.9313   -3.2994    0.0031
  550 GLGIWDE   -7.6141   -9.8618   -2.2477    0.0031
  551 GLGIWDE   -7.6141   -9.8618   -2.2477    0.0031
  552 GLGIWDE   -7.6141   -9.8618   -2.2477    0.0031
  553 GLGIWDK   -7.5481   -8.9858   -1.4377    0.0031
  554 GLGIWDK   -7.5481   -8.9858   -1.4377    0.0031
  555 GLGIWDK   -7.5481   -8.9858   -1.4377    0.0031
  556 GLGIIDE   -5.8569   -9.1900   -3.3331    0.0031
  557 GLGIWDD   -7.8789   -9.8094   -1.9306    0.0031
  558 GLGIWDD   -7.8789   -9.8094   -1.9306    0.0031
  559 GLGIWDK   -8.2238   -9.6615   -1.4377    0.0031
  560 GLGIWDK   -8.2238   -9.6615   -1.4377    0.0031
  561 GLGIWED   -7.3249   -9.5726   -2.2477    0.0031
  562 GLGIWDD   -8.4461  -10.3766   -1.9306    0.0031
  563 GLGIWDD   -8.4461  -10.3766   -1.9306    0.0031
  564 GLGIWDD   -8.4461  -10.3766   -1.9306    0.0031
  565 GLGIWDK   -8.1432   -9.5809   -1.4377    0.0031
  566 GLGIWDK   -8.1432   -9.5809   -1.4377    0.0031
  567 GLGIWDE   -8.1475  -10.3952   -2.2477    0.0031
  568 GLGIWDE   -8.1475  -10.3952   -2.2477    0.0031
  569 GLGIFDE   -6.4794   -9.5883   -3.1089    0.0031
  570 GLIGWDD   -7.8476   -9.7782   -1.9306    0.0031
  571 GLIGIDD   -7.2992  -10.3152   -3.0160    0.0031
  572 GLIGEID   -6.8837  -10.1054   -3.2217    0.0031
  573 GLIGDWE   -4.7156   -6.8519   -2.1363    0.0031
  574 GLIGDVK   -5.2395   -9.0255   -3.7860    0.0031
  575 GLVGEWK   -5.2120   -8.2298   -3.0177    0.0031
  576 GLIGEWE   -6.3367   -8.7902   -2.4534    0.0031
  577 GLEGWKI   -4.9418   -6.4738   -1.5320    0.0031
  578 GLEGWKI   -4.9418   -6.4738   -1.5320    0.0031
  579 GLEGWKI   -4.9418   -6.4738   -1.5320    0.0031
  580 YLEGVKW   -3.5494   -5.9394   -2.3900    0.0031
  581 GLGEWEW   -2.5002   -5.9968   -3.4966    0.0031
  582 GLGWDEF   -0.9266   -2.8386   -1.9120    0.0031
  583 GLGLDEW   -3.4707   -7.3967   -3.9260    0.0031
  584 GLGLEEW   -4.4139   -8.6570   -4.2431    0.0031
  585 GLGWEEL   -3.2052   -7.4484   -4.2431    0.0031
  586 GLGWEDL   -3.6095   -7.5355   -3.9260    0.0031
  587 GLGWDDL   -2.6967   -6.3055   -3.6089    0.0031
  588 GLGDWLE   -1.7342   -5.6602   -3.9260    0.0031
  589 GLGDWYE   -1.3570   -5.6885   -4.3314    0.0031
  590 GLGDWLE   -3.6049   -7.5309   -3.9260    0.0031
  591 GLGLWDK   -6.4904   -9.7179   -3.2274    0.0031
  592 GLGLEDW   -4.0953   -8.0213   -3.9260    0.0031
  593 GLGIEDW   -6.2294   -8.3657   -2.1363    0.0031
  594 GLGVEDW   -4.5074   -8.0180   -3.5106    0.0031
  595 GLGIEEW   -5.8058   -8.2592   -2.4534    0.0031
  596 GLGIEEW   -5.8058   -8.2592   -2.4534    0.0031
  597 GLGIEEW   -5.8058   -8.2592   -2.4534    0.0031
  598 GLGIEDW   -6.0800   -8.2163   -2.1363    0.0031
  599 GLGIEDW   -6.0800   -8.2163   -2.1363    0.0031
  600 GLGIEDW   -6.0800   -8.2163   -2.1363    0.0031
  601 GLGIWDE   -8.5770  -10.8248   -2.2477    0.0031
  602 GLGIWEE   -8.2855  -10.8503   -2.5649    0.0031
  603 GLGIWDE   -8.6210  -10.8687   -2.2477    0.0031
  604 GLGIFDD   -6.3430   -9.1347   -2.7917    0.0031
  605 GLGIIDK   -5.7943   -8.3174   -2.5231    0.0031
  606 GLGIIDK   -5.7943   -8.3174   -2.5231    0.0031
  607 GLGIIDD   -6.4826   -9.4986   -3.0160    0.0031
  608 GLGIIDK   -6.2283   -8.7514   -2.5231    0.0031
  609 GLIGIED   -6.2998   -9.6329   -3.3331    0.0031
  610 GLIGDLE   -4.3399   -9.3513   -5.0114    0.0031
  611 GLIGDIE   -5.4073   -8.6290   -3.2217    0.0031
  612 GLIGDIE   -5.4073   -8.6290   -3.2217    0.0031
  613 GLIGFDE   -6.3544   -9.4633   -3.1089    0.0031
  614 GLIGDFE   -4.8107   -7.8081   -2.9974    0.0031
  615 GLIGEFK   -5.1985   -7.7030   -2.5046    0.0031
  616 FLIGEGK   -6.8006   -9.4166   -2.6160    0.0031
  617 FLIGDGK   -6.8870   -9.1858   -2.2989    0.0031
  618 FLIGDGK   -6.8870   -9.1858   -2.2989    0.0031
  619 FLFGDGK   -7.4353   -9.5099   -2.0746    0.0031
  620 FLFGEGK   -7.2494   -9.6411   -2.3917    0.0031
  621 FLFGDGD   -7.2248   -9.7922   -2.5674    0.0031
  622 FLFGEGD   -7.1076   -9.9921   -2.8846    0.0031
  623 WLFGEGD   -7.8223   -9.8457   -2.0234    0.0031
  624 WLFGEGD   -7.8223   -9.8457   -2.0234    0.0031
  625 WLFGDGD   -7.9421   -9.6484   -1.7063    0.0031
  626 WLFGEGD   -7.7953   -9.8188   -2.0234    0.0031
  627 WLFGEGD   -7.7953   -9.8188   -2.0234    0.0031
  628 WLFGEGD   -7.7953   -9.8188   -2.0234    0.0031
  629 WLFGEGD   -7.7953   -9.8188   -2.0234    0.0031
  630 ELFGMGK   -5.4307   -9.3042   -3.8734    0.0031
  631 ELKGMGF   -5.5167   -9.2787   -3.7620    0.0031
  632 KLEGMGF   -3.5967   -7.3587   -3.7620    0.0031
  633 ELEGMGF   -2.2481   -6.8201   -4.5720    0.0031
  634 ELEGMGV   -0.9119   -7.0824   -6.1706    0.0031
  635 MLEGEGV   -1.8181   -8.1001   -6.2820    0.0031
  636 ELMGVGE   -1.2492   -7.5312   -6.2820    0.0031
  637 ELMGIGK   -3.6684   -7.7661   -4.0977    0.0031
  638 KLMGIGE   -5.0843   -9.1820   -4.0977    0.0031
  639 KLMGWGE   -6.6138   -9.6261   -3.0123    0.0031
  640 KLWGIGD   -7.0458   -8.3721   -1.3263    0.0031
  641 KLLGIGD   -5.8781  -10.0795   -4.2014    0.0031
  642 KLLGIGD   -5.8781  -10.0795   -4.2014    0.0031
  643 KLLGIGD   -5.8781  -10.0795   -4.2014    0.0031
  644 KLLGDGI   -5.7366   -9.9380   -4.2014    0.0031
  645 KLFGDGW   -5.3899   -6.4919   -1.1020    0.0031
  646 DLKGFGW   -5.3437   -6.3343   -0.9906    0.0031
  647 ILKGFGE   -7.9087  -10.4132   -2.5046    0.0031
  648 ILKGFGE   -7.9087  -10.4132   -2.5046    0.0031
  649 ILKGMGE   -7.7572  -11.8549   -4.0977    0.0031
  650 MLKGFGD   -7.1691  -10.7254   -3.5563    0.0031
  651 MLKGFGD   -7.1691  -10.7254   -3.5563    0.0031
  652 MLKGDGF   -7.0795  -10.6357   -3.5563    0.0031
  653 MLKGEGF   -7.3863  -11.2597   -3.8734    0.0031
  654 MLKGEGF   -7.3863  -11.2597   -3.8734    0.0031
  655 MLKGEGF   -7.3863  -11.2597   -3.8734    0.0031
  656 MLKGEGF   -7.3863  -11.2597   -3.8734    0.0031
  657 MLKGEGV   -6.0890  -11.5610   -5.4720    0.0031
  658 MLKGEGF   -5.7921   -9.6655   -3.8734    0.0031
  659 MLKGEGW   -7.7207  -10.7330   -3.0123    0.0031
  660 MLKGEGW   -7.7207  -10.7330   -3.0123    0.0031
  661 MLKGEGW   -7.7207  -10.7330   -3.0123    0.0031
  662 MLKGDGV   -6.0534  -11.2082   -5.1549    0.0031
  663 MLKGDGF   -5.7772   -9.3335   -3.5563    0.0031
  664 MLKGDGL   -5.8658  -11.4360   -5.5703    0.0031
  665 MLKGDGL   -5.8658  -11.4360   -5.5703    0.0031
  666 MLKGDGL   -5.8658  -11.4360   -5.5703    0.0031
  667 MLKGDGL   -5.8658  -11.4360   -5.5703    0.0031
  668 MLKGDGL   -5.8658  -11.4360   -5.5703    0.0031
  669 MLKGDGL   -5.8658  -11.4360   -5.5703    0.0031
  670 MLKGDGL   -5.8658  -11.4360   -5.5703    0.0031
  671 MLKGEGV   -5.9615  -11.4335   -5.4720    0.0031
  672 MLKGEGV   -5.9615  -11.4335   -5.4720    0.0031
  673 FLKGDGV   -5.4568   -9.0185   -3.5617    0.0031
  674 FLKGEGV   -5.4014   -9.2802   -3.8789    0.0031
  675 FLKGEGF   -5.3577   -7.6380   -2.2803    0.0031
  676 GLKGFGE   -3.2166  -10.2726   -7.0560    0.0031
  677 GLKGFGD   -3.2544   -9.9933   -6.7389    0.0031
  678 GLKGFGD   -3.2544   -9.9933   -6.7389    0.0031
  679 WLKGFGD   -8.3269   -9.4289   -1.1020    0.0031
  680 WLKGFGD   -8.3269   -9.4289   -1.1020    0.0031
  681 FLKGWGD   -7.2463   -8.3483   -1.1020    0.0031
  682 WLKGFGD   -8.3092   -9.4112   -1.1020    0.0031
  683 WLKGFGE   -7.3122   -8.7314   -1.4191    0.0031
  684 WLKGFGE   -7.3122   -8.7314   -1.4191    0.0031
  685 WLKGFGD   -8.5419   -9.6439   -1.1020    0.0031
  686 WLKGFGD   -8.5419   -9.6439   -1.1020    0.0031
  687 WLKGFGD   -8.5419   -9.6439   -1.1020    0.0031
  688 WLKGFGD   -8.5419   -9.6439   -1.1020    0.0031
  689 WLDGFGD   -3.2397   -4.8346   -1.5949    0.0031
  690 WLDGFGD   -3.2397   -4.8346   -1.5949    0.0031
  691 WLFGDGD   -7.1142   -8.8205   -1.7063    0.0031
  692 WLFGDGD   -7.1142   -8.8205   -1.7063    0.0031
  693 WLFGDGD   -7.1142   -8.8205   -1.7063    0.0031
  694 WLFGDGD   -7.1142   -8.8205   -1.7063    0.0031
  695 WLFGDGD   -7.1142   -8.8205   -1.7063    0.0031
  696 WLFGEGD   -7.4170   -9.4404   -2.0234    0.0031
  697 WLFGEGD   -7.4170   -9.4404   -2.0234    0.0031
  698 FLFGEGD   -6.0740   -8.9585   -2.8846    0.0031
  699 FLWGEGD   -5.6635   -7.6869   -2.0234    0.0031
  700 FLIGEGD   -6.0795   -9.1883   -3.1089    0.0031
  701 WLIGEGD   -7.2442   -9.4919   -2.2477    0.0031
  702 WLIGDGD   -6.8432   -8.7738   -1.9306    0.0031
  703 WLIGEGD   -7.1546   -9.4023   -2.2477    0.0031
  704 WLIGEGD   -7.2360   -9.4837   -2.2477    0.0785
  705 DLIGEGW   -5.0722   -7.2085   -2.1363    0.0785
  706 DLIGEGW   -5.0722   -7.2085   -2.1363    0.0785
  707 WLIGEGD   -7.0361   -9.2838   -2.2477    0.0785
  708 WLIGEGD   -7.0361   -9.2838   -2.2477    0.0785
  709 ILEGWGD   -5.8723   -8.0086   -2.1363    0.0785
  710 ILEGWGD   -5.8723   -8.0086   -2.1363    0.0785
  711 ILEGWGD   -5.8723   -8.0086   -2.1363    0.0785
  712 ILEGWGD   -5.3971   -7.5334   -2.1363    0.0785
  713 ILEGWGE   -5.3236   -7.7771   -2.4534    0.0785
  714 ILEGWGE   -5.1702   -7.6237   -2.4534    0.0785
  715 ILWGEGE   -6.1440   -8.7088   -2.5649    0.0785
  716 ILGEWGE   -5.3284   -7.7818   -2.4534    0.0785
  717 ILGEWGE   -5.3284   -7.7818   -2.4534    0.0785
  718 ILGKWGE   -5.5942   -7.2376   -1.6434    0.0785
  719 ILGEWGE   -5.8928   -8.3462   -2.4534    0.0785
  720 MLGKWGE   -5.1524   -8.1646   -3.0123    0.0785
  721 ELKGWGI   -8.3195   -9.8515   -1.5320    0.0785
  722 ILKGWGE   -9.3124  -10.9558   -1.6434    0.0785
  723 ILKGWGE   -9.3124  -10.9558   -1.6434    0.0785
  724 ILKGWGE   -9.3124  -10.9558   -1.6434    0.0785
  725 ILKGWGE   -9.3124  -10.9558   -1.6434    0.0785
  726 MLKGWGD   -7.8410  -10.5361   -2.6951    0.0785
  727 WLKGMGD   -6.6341   -9.3292   -2.6951    0.0785
  728 WLKGMGD   -6.6341   -9.3292   -2.6951    0.0785
  729 WLKGMGD   -6.6341   -9.3292   -2.6951    0.0785
  730 WLKGMGD   -6.6341   -9.3292   -2.6951    0.0785
  731 WLKGMGD   -6.6341   -9.3292   -2.6951    0.0785
  732 KLWGMGD   -6.6198   -9.3150   -2.6951    0.0785
  733 KLWGDGV   -5.5529   -8.2535   -2.7006    0.0785
  734 KLWGDGV   -5.5529   -8.2535   -2.7006    0.0785
  735 KLLGDGW   -5.9437   -9.0597   -3.1160    0.0785
  736 ELLGDGW   -2.8758   -6.8018   -3.9260    0.0785
  737 RLGIDGW   -2.3457   -6.9245   -4.5789    0.0785
  738 RLGDWGI   -0.3274   -4.9063   -4.5789    0.0785
  739 GLRDWGI    0.2418   -4.4485   -4.6903    0.0785
  740 RLGDWGI   -1.0446   -5.6234   -4.5789    0.0785
  741 RLGDWGI   -1.0446   -5.6234   -4.5789    0.0785
  742 GLEDWGM   -0.4864   -3.9916   -3.5051    0.0785
  743 KLGVWEL   -2.8234   -8.8479   -6.0246    0.0785
  744 KLGVWDL   -2.5639   -8.2713   -5.7074    0.0785
  745 KLGVWDG   -5.6635   -8.3640   -2.7006    0.0785
  746 KLGVWDG   -5.6635   -8.3640   -2.7006    0.0785
  747 DLGVWKG   -3.8657   -6.5663   -2.7006    0.0785
  748 KLGVWDA   -7.1115   -9.7995   -2.6880    0.0785
  749 KLGVWDA   -7.1115   -9.7995   -2.6880    0.0785
  750 KLGVWAE   -5.0605   -8.1771   -3.1166    0.0785
  751 KLGIWAE   -5.2001   -8.4223   -3.2223    0.0785
  752 KLGIWAE   -5.2001   -8.4223   -3.2223    0.0785
  753 KLGIWAE   -5.2001   -8.4223   -3.2223    0.0785
  754 KLGIWAE   -5.2001   -8.4223   -3.2223    0.0785
  755 KLGIWAD   -6.3750   -9.2802   -2.9051    0.0785
  756 KLGIWAD   -6.3750   -9.2802   -2.9051    0.0785
  757 ILGKWAE   -5.5735   -8.7958   -3.2223    0.0785
  758 ILGKWAE   -5.5735   -8.7958   -3.2223    0.0785
  759 VLGKWAE   -5.4282   -8.5448   -3.1166    0.0785
  760 WLGVKAD   -0.1798   -2.8678   -2.6880    0.0785
  761 ILGVEAD   -4.8452   -9.4286   -4.5834    0.0785
  762 ILVGDAD   -5.1753   -9.5530   -4.3777    0.0785
  763 ILVGDAD   -5.1753   -9.5530   -4.3777    0.0785
  764 ILVGDAK   -5.0647   -8.9495   -3.8849    0.0785
  765 ILKGADV   -6.4421  -10.2156   -3.7734    0.0785
  766 ILKGMDV   -8.7210  -10.0930   -1.3720    0.0785
  767 ILKGMDV   -7.9237   -9.2957   -1.3720    0.0785
  768 VLKGMDV   -7.6797   -9.5460   -1.8663    0.0785
  769 LLKGIDV   -2.2591   -6.6119   -4.3529    0.0785
  770 VLDGIKV   -2.0556   -3.3530   -1.2974    0.0785
  771 ELVGWKV   -3.7591   -6.7282   -2.9691    0.0785
  772 ELVGKIV   -4.5706   -6.2966   -1.7260    0.0785
  773 GLEVKVV   -5.8445   -8.0333   -2.1889    0.0785
  774 GLVVKDV   -7.3263   -9.4209   -2.0946    0.0785
  775 GLVVEDV   -7.7253  -10.6299   -2.9046    0.0785
  776 GLVVEDF   -8.0889  -10.1149   -2.0260    0.0785
  777 GLMVEDF   -6.9814   -9.0819   -2.1006    0.0785
  778 GLVVKDF   -7.8611   -9.0771   -1.2160    0.0785
  779 GLVMDVK   -6.0741   -8.0518   -1.9777    0.0785
  780 GLVVIDK   -8.5464  -10.1781   -1.6317    0.0785
  781 GLIVVDK   -8.8480  -10.4797   -1.6317    0.0785
  782 GLIVMDD   -8.8012  -11.0003   -2.1991    0.0785
  783 GLIVMDD   -8.8012  -11.0003   -2.1991    0.0785
  784 GLMVMDD   -7.4655  -10.1535   -2.6880    0.0785
  785 GLMVMDK   -7.4341   -9.6292   -2.1951    0.0785
  786 GLMVMEK   -7.0560   -9.5683   -2.5123    0.0785
  787 ELMVMGK   -6.9703   -9.3711   -2.4009    0.0785
  788 ELMVMGK   -6.9703   -9.3711   -2.4009    0.0785
  789 MLEVMGK   -8.2776  -10.5670   -2.2894    0.0785
  790 MLEIMGK   -8.2716  -10.1467   -1.8751    0.0785
  791 MLEIMGK   -8.2716  -10.1467   -1.8751    0.0785
  792 MLEIFGK   -6.7630  -10.0850   -3.3220    0.0785
  793 MLEVFGK   -8.9568  -10.4530   -1.4963    0.0785
  794 MLEVFGK   -8.9568  -10.4530   -1.4963    0.0785
  795 MLKVFGE  -10.0952  -11.5915   -1.4963    0.0785
  796 GLKVFME   -7.6779   -9.1742   -1.4963    0.0785
  797 GLKMFVE   -5.8852   -7.3815   -1.4963    0.0785
  798 GLKVFMD   -7.6875   -8.8666   -1.1791    0.0785
  799 GLKVDMF   -7.1063   -8.1740   -1.0677    0.0785
  800 MLKVEGF   -9.9006  -11.2854   -1.3849    0.0785
  801 MLKVDGF   -9.3600  -10.4277   -1.0677    0.0785
  802 MLKVEGF  -10.0516  -11.4364   -1.3849    0.0785
  803 MLKVEGF  -10.0516  -11.4364   -1.3849    0.0785
  804 MLKVEGF  -10.0516  -11.4364   -1.3849    0.0785
  805 MLKIEGF   -6.9234  -10.1340   -3.2106    0.0785
  806 MLKIFGD   -6.4554   -9.4603   -3.0049    0.0785
  807 KLMIFGD   -6.4541   -9.5704   -3.1163    0.0785
  808 KLMIFGD   -6.4541   -9.5704   -3.1163    0.0785
  809 KLMIFGD   -6.4541   -9.5704   -3.1163    0.0785
  810 KLMIFGD   -6.4541   -9.5704   -3.1163    0.0785
  811 KLMIFGD   -6.4541   -9.5704   -3.1163    0.0785
  812 KLAIFGD   -7.3216   -9.7193   -2.3977    0.0785
  813 KLAIDGF   -4.8238   -7.1101   -2.2863    0.0785
  814 KLAVGDF   -2.7342   -6.3947   -3.6606    0.0785
  815 KLAMADF   -2.0960   -5.8500   -3.7540    0.0785
  816 KLAVFDA   -5.4404   -9.1998   -3.7594    0.0785
  817 KLAVFDA   -5.4404   -9.1998   -3.7594    0.0785
  818 KLAIFDA   -5.2973   -8.3225   -3.0251    0.0785
  819 ALAIWDK   -2.5858   -7.4927   -4.9069    0.0785
  820 ALIGFDK   -1.7192   -4.1169   -2.3977    0.0785
  821 ALDGFKI   -2.7168   -4.8917   -2.1749    0.0785
  822 ALGDFKI   -1.7274   -3.9022   -2.1749    0.0785
  823 ALADFKI   -1.7488   -4.6625   -2.9137    0.0785
  824 ALADFEV   -2.0424   -6.5004   -4.4580    0.0785
  825 ALDVFEA   -3.1662   -7.6242   -4.4580    0.0785
  826 DLVAIKA   -3.9898   -7.9735   -3.9837    0.0785
  827 DLVVIKA   -3.6639   -6.8516   -3.1877    0.0785
  828 DLVAYVK   -5.5300   -8.5443   -3.0143    0.0785
  829 DLVAVVK   -7.1308   -9.3242   -2.1934    0.0785
  830 DLVAVVK   -7.1308   -9.3242   -2.1934    0.0785
  831 DLVAKVM   -6.1659   -8.2424   -2.0766    0.0785
  832 KLIMAVD   -2.1477   -5.5214   -3.3737    0.0785
  833 KLIMEVA   -2.3881   -5.9675   -3.5794    0.0785
  834 ELIMEVA   -0.9202   -5.3096   -4.3894    0.0785
  835 ELIMDVA   -1.7514   -5.8237   -4.0723    0.0785
  836 ALIEDVM   -3.0424   -7.2261   -4.1837    0.0785
  837 MLVAEID   -4.8884   -8.9607   -4.0723    0.0785
  838 MLVGEVD   -6.2315   -9.0192   -2.7877    0.0785
  839 MLVGEVD   -6.2315   -9.0192   -2.7877    0.0785
  840 MLGVEVK   -6.9127   -9.0961   -2.1834    0.0785
  841 ALVVEVE   -6.8491  -10.0582   -3.2091    0.0785
  842 ALVEEVV   -6.9694  -10.2900   -3.3206    0.0785
  843 ALVKEVV   -7.2143   -9.7248   -2.5106    0.0785
  844 ALEVVVK   -6.7296   -9.1287   -2.3991    0.0785
  845 ALEVVVK   -6.7296   -9.1287   -2.3991    0.0785
  846 ALEVVVD   -6.5528   -9.4448   -2.8920    0.0785
  847 ALVEVVD   -7.2550  -10.1470   -2.8920    0.0785
  848 VLVDMDA   -4.8061   -7.2641   -2.4580    0.0785
  849 VLDVMGR   -1.8254   -7.1672   -5.3417    0.0785
  850 VLMDVGR   -0.8984   -6.2401   -5.3417    0.0785
  851 VLMEVGD   -5.6211   -8.4088   -2.7877    0.0785
  852 VLMIEAD   -6.4673  -10.5395   -4.0723    0.0785
  853 WLMIEAD   -1.6354   -8.8880   -7.2526    0.0785
  854 WLGLEAD   -3.8802   -8.7136   -4.8334    0.0785
  855 WLGMEAD   -4.6718   -8.1644   -3.4926    0.0785
  856 WLMGEAD   -5.6315   -9.2355   -3.6040    0.0785
  857 MLWGEAD   -6.4670  -10.0710   -3.6040    0.0785
  858 MLWGEGE   -5.0994   -9.0331   -3.9337    0.0785
  859 RLMGWGE   -2.8365   -9.2128   -6.3763    0.0785
  860 RLFGMGE   -0.7031   -7.9405   -7.2374    0.0785
  861 RLFGMGE   -0.7031   -7.9405   -7.2374    0.0785
  862 KLFGMGE   -4.2206   -8.0941   -3.8734    0.0785
  863 KLVGMGE   -4.4042   -9.8762   -5.4720    0.0785
  864 KLWGMGE   -6.0201   -9.0324   -3.0123    0.0785
  865 FLKGMGE   -4.6706   -8.5441   -3.8734    0.0785
  866 KLMGFGE   -6.3471  -10.2206   -3.8734    0.0785
  867 KLMGFID   -7.0440  -10.0489   -3.0049    0.0785
  868 KLMGFID   -7.0228  -10.0277   -3.0049    0.0785
  869 KLMGFAD   -7.0858  -10.7410   -3.6551    0.0785
  870 KLMGFAD   -7.0858  -10.7410   -3.6551    0.0785
  871 KLMGFID   -7.0440  -10.0489   -3.0049    0.0785
  872 KLMGFMD   -9.3428  -10.5965   -1.2537    0.0785
  873 KLMGFMD   -9.3428  -10.5965   -1.2537    0.0785
  874 KLMGFMD   -9.3428  -10.5965   -1.2537    0.0785
  875 FLVGKMD   -4.0979   -5.2770   -1.1791    0.0785
  876 FLMGEME   -5.1132   -7.4941   -2.3809    0.0785
  877 MLMGEME   -3.9169   -7.0109   -3.0940    0.0785
  878 MLIGEME   -4.2719   -6.9571   -2.6851    0.0785
  879 MLIGEMD   -4.9330   -7.3010   -2.3680    0.0785
  880 MLFGEAD   -4.0565   -8.5216   -4.4651    0.0785
  881 DLFGFAD   -4.3721   -6.9269   -2.5549    0.0785
  882 ALFGFDD   -6.4770   -9.1433   -2.6663    0.0785
  883 ALFGFDD   -6.4770   -9.1433   -2.6663    0.0785
  884 GLFGFDE   -5.9314   -8.8160   -2.8846    0.0785
  885 GLFGFDK   -5.9591   -8.0337   -2.0746    0.0785
  886 GLIGFDK   -6.0663   -8.3651   -2.2989    0.0785
  887 GLIGIDE   -5.9598   -9.2930   -3.3331    0.0785
  888 GLIGEME   -5.8153  -10.7230   -4.9077    0.0785
  889 GLIGEEI   -4.5392   -8.1895   -3.6503    0.0785
  890 ELIGKGW   -5.4217   -7.0651   -1.6434    0.0785
  891 ELIGKGW   -5.4217   -7.0651   -1.6434    0.0785
  892 ELIGKGW   -5.4217   -7.0651   -1.6434    0.0785
  893 WLKGIGD   -5.5093   -6.8356   -1.3263    0.0785
  894 WLKGWGD   -4.4542   -6.9351   -2.4809    0.0785
  895 ILKGFGD   -5.8453   -8.0327   -2.1874    0.0785
  896 ILKGFGD   -5.8453   -8.0327   -2.1874    0.0785
  897 WLKGFGD   -7.6894   -8.7914   -1.1020    0.0785
  898 ILKGFGD   -7.5854   -9.7728   -2.1874    0.0785
  899 DLKGFGW   -6.5085   -7.4991   -0.9906    0.0785
  900 GLKGFEW   -7.8278   -9.1355   -1.3077    0.0785
  901 GLKGFEW   -7.8278   -9.1355   -1.3077    0.0785
  902 GLKGFEW   -7.8278   -9.1355   -1.3077    0.0785
  903 GLKGFEW   -7.8278   -9.1355   -1.3077    0.0785
  904 GLKGYEW   -4.2225   -7.9497   -3.7271    0.0785
  905 GLKGYEW   -4.0595   -7.7866   -3.7271    0.0678
  906 GLKGYEI   -4.1517   -8.9643   -4.8126    0.0678
  907 GLKGYEI   -4.1517   -8.9643   -4.8126    0.0678
  908 GLKGFDI   -7.5610   -9.6370   -2.0760    0.0678
  909 GLKGVDI   -6.1017   -9.7763   -3.6746    0.0678
  910 GLKGVDI   -6.1017   -9.7763   -3.6746    0.0678
  911 GLKGVDI   -6.1017   -9.7763   -3.6746    0.0678
  912 GLKGVDV   -4.7771   -9.8259   -5.0489    0.0678
  913 GLKGVDV   -4.7771   -9.8259   -5.0489    0.0678
  914 GLKGVDV   -4.7771   -9.8259   -5.0489    0.0678
  915 GLKGVEV   -5.2843  -10.6503   -5.3660    0.0678
  916 GLKGVDV   -4.9908  -10.0397   -5.0489    0.0678
  917 GLKGVDV   -4.9908  -10.0397   -5.0489    0.0678
  918 GLKGVDV   -4.9908  -10.0397   -5.0489    0.0678
  919 GLKGVEI   -5.6664   -9.6582   -3.9917    0.0678
  920 GLKGFEI   -6.7813   -9.1744   -2.3931    0.0678
  921 GLKGFEI   -6.7813   -9.1744   -2.3931    0.0678
  922 GLKGFEI   -6.7813   -9.1744   -2.3931    0.0678
  923 GLKGFEI   -6.7813   -9.1744   -2.3931    0.0678
  924 GLKGFDI   -6.3547   -8.4307   -2.0760    0.0678
  925 GLKGFEM   -5.9020   -9.6640   -3.7620    0.0678
  926 GLKGFEV   -6.3985  -10.1659   -3.7674    0.0678
  927 GLKGFEF   -5.6944   -7.8633   -2.1689    0.0678
  928 GLKGFEF   -5.6944   -7.8633   -2.1689    0.0678
  929 GLKGFEW   -8.1941   -9.5018   -1.3077    0.0678
  930 GLKGFEW   -8.1941   -9.5018   -1.3077    0.0678
  931 GLKGFEW   -8.1941   -9.5018   -1.3077    0.0678
  932 GLKGFEW   -8.1941   -9.5018   -1.3077    0.0678
  933 GLKGFEW   -8.1941   -9.5018   -1.3077    0.0678
  934 ELKGFGW   -5.0593   -6.3670   -1.3077    0.0678
  935 KLWGFGE   -6.4805   -7.8997   -1.4191    0.0678
  936 KLWGFGE   -6.1589   -7.5780   -1.4191    0.0678
  937 KLGFWGE   -5.8189   -7.2380   -1.4191    0.0678
  938 KLGFWGD   -6.6777   -7.7797   -1.1020    0.0678
  939 KLGFWGD   -6.6777   -7.7797   -1.1020    0.0678
  940 WLGFEGD   -5.2700   -7.1820   -1.9120    0.0678
  941 WLGFEGD   -5.2700   -7.1820   -1.9120    0.0678
  942 WLFGEGD   -5.7661   -7.7896   -2.0234    0.0678
  943 WLFGEGD   -5.7661   -7.7896   -2.0234    0.0678
  944 WLFGEGD   -5.9014   -7.9248   -2.0234    0.0678
  945 WLEGFGD   -4.9066   -6.8186   -1.9120    0.0678
  946 WLEGFGD   -4.9066   -6.8186   -1.9120    0.0678
  947 WLEGFGD   -4.9066   -6.8186   -1.9120    0.0678
  948 FLEGFGD   -3.5659   -6.3390   -2.7731    0.0678
  949 FLRGFGD   -2.4286   -7.7558   -5.3271    0.0678
  950 FLRGDGM   -0.7789   -7.6992   -6.9203    0.0678
  951 FLRGDGM   -0.7789   -7.6992   -6.9203    0.0678
  952 MLRGDGF   -0.4143   -7.3346   -6.9203    0.0678
  953 MLRGDGF   -0.9961   -7.9164   -6.9203    0.0678
  954 MLRGDGF   -0.9961   -7.9164   -6.9203    0.0678
  955 FLEGDGF   -1.0375   -3.8107   -2.7731    0.0678
  956 FLDGFGD   -2.1151   -4.5711   -2.4560    0.0678
  957 YLKVFGD   -7.0499   -8.2553   -1.2054    0.0678
  958 YLKVFGD   -7.8724   -9.0778   -1.2054    0.0678
  959 ILKVYGE   -6.0561   -7.8030   -1.7469    0.0678
  960 ILKVVGE   -6.5159   -8.2419   -1.7260    0.0678
  961 ILKVVGE   -6.5159   -8.2419   -1.7260    0.0678
  962 ILKVVGE   -6.5159   -8.2419   -1.7260    0.0678
  963 ILKEVGV   -5.8240   -7.5500   -1.7260    0.0678
  964 VLKEVGI   -5.7652   -7.4912   -1.7260    0.0678
  965 VLKEVGV   -5.5911   -7.8914   -2.3003    0.0678
  966 VLKEFGM   -6.9074   -8.4037   -1.4963    0.0678
  967 VLKEFGV   -6.8314   -8.2531   -1.4217    0.0678
  968 VLEKFGV   -5.9825   -7.4042   -1.4217    0.0678
  969 VLEVFGK   -6.3205   -7.7422   -1.4217    0.0678
  970 VLEVFGK   -6.3205   -7.7422   -1.4217    0.0678
  971 VLEVVGK   -4.9497   -7.2500   -2.3003    0.0678
  972 VLEKFGV   -6.1275   -7.5492   -1.4217    0.0678
  973 MLEKFGV   -7.3802   -8.8765   -1.4963    0.0678
  974 MLEKFGV   -7.3802   -8.8765   -1.4963    0.0678
  975 MLEKFGV   -7.3802   -8.8765   -1.4963    0.0678
  976 KLEMFGV   -4.7066   -6.0914   -1.3849    0.0678
  977 KLEMFGV   -4.7066   -6.0914   -1.3849    0.0678
  978 KLMVMGE   -5.0831   -7.4840   -2.4009    0.0678
  979 MLGVKGD   -1.2227   -6.3775   -5.1549    0.0678
  980 LLMVKGD   -3.8894   -6.7140   -2.8246    0.0678
  981 LLMVKGD   -3.8894   -6.7140   -2.8246    0.0678
  982 ILMVKGD   -4.9557   -6.5506   -1.5949    0.0678
  983 ILMVKGD   -4.9557   -6.5506   -1.5949    0.0678
  984 ILKVMGD   -8.1577   -9.6411   -1.4834    0.0678
  985 KLIVMGD  -10.5358  -12.1306   -1.5949    0.0678
  986 KLIVMGE   -8.3457  -10.2577   -1.9120    0.0678
  987 MLIKEGY   -5.3299   -7.1827   -1.8529    0.0678
  988 MLIKEGY   -5.3299   -7.1827   -1.8529    0.0678
  989 MLKIEGY   -6.2724   -7.9024   -1.6300    0.0678
  990 MLKIEGV   -6.5907   -8.2798   -1.6891    0.0678
  991 ALVIEGD   -5.9910  -10.7973   -4.8063    0.0678
  992 ALVIMEK   -6.1946   -9.9969   -3.8023    0.0678
  993 ALVIMED   -6.5953  -10.8904   -4.2951    0.0678
  994 ALVIDKA   -5.2439   -9.3390   -4.0951    0.0678
  995 ALVIDKA   -5.3038   -9.3990   -4.0951    0.0678
  996 KLVIDMA   -7.9241  -11.1864   -3.2623    0.0678
  997 KLVIDMA   -7.9241  -11.1864   -3.2623    0.0678
  998 KLVIDAM   -6.4596   -9.7219   -3.2623    0.0678
  999 KLVVADM   -7.1793   -9.2559   -2.0766    0.0678
 1000 KLVVAEM   -6.4442   -8.8379   -2.3937    0.0678
 1001 KLVVAEM   -6.4442   -8.8379   -2.3937    0.0678
 1002 KLVVEGG   -6.1548  -11.8551   -5.7003    0.0678
 1003 KLVVEVY   -4.4156   -7.1996   -2.7840    0.0678
 1004 KLVVEVY   -4.4156   -7.1996   -2.7840    0.0678
 1005 DLVVYVD   -3.5889   -6.6600   -3.0711    0.0678
 1006 KLVVYVD   -5.5153   -8.0936   -2.5783    0.0678
 1007 KLVVYAD   -6.0563   -9.0706   -3.0143    0.0678
 1008 KLVVAVD   -6.6442   -8.8376   -2.1934    0.0678
 1009 KLIVGDV   -7.0087   -8.4175   -1.4089    0.0678
 1010 RLIVDGV   -5.9093  -10.6821   -4.7729    0.0678
 1011 VLIEVGD   -6.6914   -8.9102   -2.2189    0.0678
 1012 VLIEVGD   -6.6914   -8.9102   -2.2189    0.0678
 1013 VLIKVGE   -6.7966   -8.5226   -1.7260    0.0678
 1014 MLIEVGK   -4.6165   -6.4170   -1.8006    0.0678
 1015 MLEIVGK   -4.8707   -6.6713   -1.8006    0.0678
 1016 MLKIVGE   -6.2491   -8.0497   -1.8006    0.0678
 1017 VLKIEGM   -7.0358   -8.7250   -1.6891    0.0678
 1018 KLVLEGM   -7.5572  -10.5875   -3.0303    0.0678
 1019 KLVMEGL   -5.6609   -8.6912   -3.0303    0.0678
 1020 KLVMDGL   -6.5684   -9.2815   -2.7131    0.0678
 1021 KLVVDGM   -7.6530   -9.6307   -1.9777    0.0678
 1022 KLVVDGF   -8.3995   -9.5041   -1.1046    0.0678
 1023 KLVVADF   -5.0506   -7.9340   -2.8834    0.0678
 1024 KLVVFDA   -7.1648  -10.0482   -2.8834    0.0678
 1025 RLVVFDA   -5.1477  -11.3952   -6.2474    0.0678
 1026 KLVVFDG  -10.2283  -11.4443   -1.2160    0.0678
 1027 KLVVFDG  -10.2283  -11.4443   -1.2160    0.0678
 1028 KLVVFDG  -10.2283  -11.4443   -1.2160    0.0678
 1029 KLVVFGD  -10.2254  -11.4414   -1.2160    0.0678
 1030 KLVVFGD  -10.2254  -11.4414   -1.2160    0.0678
 1031 KLVVFGD  -10.2254  -11.4414   -1.2160    0.0678
 1032 VLVKFGD   -8.5731   -9.6776   -1.1046    0.0678
 1033 VLVDFGD   -6.7835   -8.3809   -1.5974    0.0678
 1034 VLVDFGD   -6.7835   -8.3809   -1.5974    0.0678
 1035 MLVKFGD   -7.6370   -8.8161   -1.1791    0.0678
 1036 KLVMFGD   -9.8721  -11.1627   -1.2906    0.0678
 1037 KLMVFGD   -9.7844  -11.0750   -1.2906    0.0678
 1038 KLMVFGD   -9.7844  -11.0750   -1.2906    0.0678
 1039 KLMVFGD   -9.7844  -11.0750   -1.2906    0.0678
 1040 KLMVFGD   -9.7844  -11.0750   -1.2906    0.0678
 1041 KLMVFGD   -9.7844  -11.0750   -1.2906    0.0678
 1042 KLMVFDG   -8.0468   -9.3374   -1.2906    0.0678
 1043 KLMVFDG   -8.0468   -9.3374   -1.2906    0.0678
 1044 KLMVFEG   -7.2454   -8.8531   -1.6077    0.0678
 1045 KLMVFEG   -7.2454   -8.8531   -1.6077    0.0678
 1046 KLMVFEG   -7.2454   -8.8531   -1.6077    0.0678
 1047 KLMVFEG   -7.2454   -8.8531   -1.6077    0.0678
 1048 KLMVMEA   -5.8095   -8.1978   -2.3883    0.0678
 1049 KLVMFEA   -3.7528   -7.0279   -3.2751    0.0678
 1050 KLMVFEA   -6.7230   -9.9981   -3.2751    0.0678
 1051 KLMVFEA   -6.7230   -9.9981   -3.2751    0.0678
 1052 KLMVFEA   -6.7230   -9.9981   -3.2751    0.0678
 1053 KLVVFDG   -9.1343  -10.3503   -1.2160    0.0678
 1054 KLVVFGD  -11.0394  -12.2554   -1.2160    0.0678
 1055 KLVVFGD  -11.0394  -12.2554   -1.2160    0.0678
 1056 KLVVFGD  -11.0394  -12.2554   -1.2160    0.0678
 1057 KLVVFGD  -11.0394  -12.2554   -1.2160    0.0678
 1058 KLVVFGD  -11.0394  -12.2554   -1.2160    0.0678
 1059 KLVVFGD  -11.0394  -12.2554   -1.2160    0.0678
 1060 KLVVFGD  -11.0394  -12.2554   -1.2160    0.0678
 1061 KLIVFGD   -9.6729  -12.7146   -3.0417    0.0678
 1062 KLIVVGD  -10.3174  -11.8377   -1.5203    0.0678
 1063 KLIVVGD  -10.3174  -11.8377   -1.5203    0.0678
 1064 KLIVDGV  -10.2212  -11.6301   -1.4089    0.0678
 1065 KLVIDGV   -9.6874  -11.0963   -1.4089    0.0678
 1066 KLVIVGD   -9.7314  -11.2517   -1.5203    0.0678
 1067 KLVVVGD   -9.1438  -11.2383   -2.0946    0.0678
 1068 KLVVVGD   -9.1438  -11.2383   -2.0946    0.0678
 1069 KLMVVGD   -8.7603  -10.8494   -2.0891    0.0678
 1070 KLVVDGV   -8.6759  -10.6591   -1.9831    0.0678
 1071 KLVVDGV   -8.6759  -10.6591   -1.9831    0.0678
 1072 KLIVDGV   -9.6217  -11.0305   -1.4089    0.0678
 1073 KLIVDGV   -9.6217  -11.0305   -1.4089    0.0678
 1074 KLIVDGV   -9.6217  -11.0305   -1.4089    0.0678
 1075 KLIVDGV   -9.6217  -11.0305   -1.4089    0.0678
 1076 KLIVDGV   -9.6217  -11.0305   -1.4089    0.0678
 1077 KLIVDGV   -9.6217  -11.0305   -1.4089    0.0678
 1078 KLIVDGV   -9.6217  -11.0305   -1.4089    0.0678
 1079 KLIVEGV   -9.7814  -11.5074   -1.7260    0.0678
 1080 KLIVEGV   -9.7814  -11.5074   -1.7260    0.0678
 1081 KLIVEGV   -9.7814  -11.5074   -1.7260    0.0678
 1082 KLIVEGV   -9.7814  -11.5074   -1.7260    0.0678
 1083 KLIVEGV   -9.7814  -11.5074   -1.7260    0.0678
 1084 VLIVDGK   -6.0037   -7.5240   -1.5203    0.0678
 1085 VLIVDGK   -6.0037   -7.5240   -1.5203    0.0678
 1086 VLIVKGE   -5.2453   -7.0827   -1.8374    0.0678
 1087 VLIKVGE   -7.0555   -8.7815   -1.7260    0.0678
 1088 VLIKYGE   -6.5675   -8.3144   -1.7469    0.0678
 1089 DLIVFGE   -4.1297   -7.9814   -3.8517    0.0678
 1090 ELIVFGD   -4.9138   -8.7655   -3.8517    0.0678
 1091 VLEVFGD   -6.7306   -8.6452   -1.9146    0.0678
 1092 YLKVFGD   -5.0302   -6.2356   -1.2054    0.0678
 1093 FLKVYGD   -4.8158   -6.0212   -1.2054    0.0678
 1094 FLKVEGM   -4.6218   -6.0067   -1.3849    0.0678
 1095 FLKVEGM   -4.9060   -6.2909   -1.3849    0.0678
 1096 FLKVEGM   -4.9060   -6.2909   -1.3849    0.0678
 1097 FLVVEGK   -5.4160   -6.9492   -1.5331    0.0678
 1098 FLVVEGD   -8.1425  -10.1685   -2.0260    0.0678
 1099 VLVDFGD   -6.7368   -8.3342   -1.5974    0.0678
 1100 VLVDFGD   -6.7368   -8.3342   -1.5974    0.0678
 1101 VLVDFGD   -6.7368   -8.3342   -1.5974    0.0678
 1102 VLVFDGD   -6.3509   -8.0597   -1.7089    0.0678
 1103 VLVVDGK   -7.5977   -9.6923   -2.0946    0.0678
 1104 VLIVDGK   -8.6033  -10.1236   -1.5203    0.0678
 1105 MLIVDGE   -9.5162  -11.9210   -2.4049    0.0678
 1106 VLIVDGE   -9.0862  -11.4165   -2.3303    0.0678
 1107 VLLVDGE   -8.3212  -11.8812   -3.5600    0.0678
 1108 VLLVDGE   -8.6194  -12.1794   -3.5600    0.0697
 1109 VLIVEGE  -10.0251  -12.6725   -2.6474    0.0697
 1110 VLIVEGD   -9.8079  -12.1382   -2.3303    0.0697
 1111 VLIVEGE   -9.6663  -12.3137   -2.6474    0.0697
 1112 VLIVEGE   -9.6663  -12.3137   -2.6474    0.0697
 1113 VLIVEGE   -9.6663  -12.3137   -2.6474    0.0697
 1114 VLIVEGD   -9.8290  -12.1593   -2.3303    0.0697
 1115 VLFVEGD   -7.7652   -9.7912   -2.0260    0.0697
 1116 VLEVDGV   -5.9176   -8.5993   -2.6817    0.0697
 1117 MLKVDGM   -9.0039  -10.8647   -1.8609    0.0697
 1118 MLKVDGM   -9.0039  -10.8647   -1.8609    0.0697
 1119 MLKVDGF   -8.3008   -9.3685   -1.0677    0.0697
 1120 MLKVDGF   -8.3008   -9.3685   -1.0677    0.0697
 1121 KLIVDGV   -9.1796  -10.5885   -1.4089    0.0697
 1122 KLIVDGV   -9.1796  -10.5885   -1.4089    0.0697
 1123 KLIVDGV   -9.1796  -10.5885   -1.4089    0.0697
 1124 KLIVDGV   -9.1796  -10.5885   -1.4089    0.0697
 1125 KLIVDGM   -8.9388  -10.4223   -1.4834    0.0697
 1126 MLIVDGK   -9.4963  -11.0912   -1.5949    0.0697
 1127 MLKVDGI  -10.0949  -11.4669   -1.3720    0.0697
 1128 MLKVDGI  -10.0949  -11.4669   -1.3720    0.0697
 1129 MLKVDGI  -10.0949  -11.4669   -1.3720    0.0697
 1130 MLKVDGY   -8.4262  -11.1133   -2.6871    0.0697
 1131 MLKVDGI  -10.0940  -11.4660   -1.3720    0.0697
 1132 MLKVDGI  -10.0940  -11.4660   -1.3720    0.0697
 1133 MLKVDGI  -10.0940  -11.4660   -1.3720    0.0697
 1134 MLKVDGI  -10.0940  -11.4660   -1.3720    0.0697
 1135 MLKVEGI  -10.4614  -12.1505   -1.6891    0.0697
 1136 MLKVEGI  -10.4614  -12.1505   -1.6891    0.0697
 1137 MLKVEGF  -10.4448  -11.8297   -1.3849    0.0697
 1138 MLKVDGF  -10.2282  -11.2960   -1.0677    0.0697
 1139 MLKVEGF  -10.4682  -11.8531   -1.3849    0.0697
 1140 MLKVEGV   -9.8220  -12.0054   -2.1834    0.0697
 1141 MLKVEGV   -9.8220  -12.0054   -2.1834    0.0697
 1142 VLKVDGM   -8.5962  -10.4624   -1.8663    0.0697
 1143 KLMVVGD   -8.5918  -10.6809   -2.0891    0.0697
 1144 KLMVYGD   -7.9080  -10.8180   -2.9100    0.0697
 1145 MLKIYGD   -4.4272   -5.8515   -1.4243    0.0697
 1146 KLMIYAD   -6.3101   -9.1046   -2.7946    0.0697
 1147 KLMIYAD   -6.3101   -9.1046   -2.7946    0.0697
 1148 KLMIGAD   -5.4328   -9.3123   -3.8794    0.0697
 1149 KLAMDGI    0.4960   -3.3835   -3.8794    0.0697
 1150 KLGIEAM   -2.2924   -6.3775   -4.0851    0.0697
 1151 KLILMAE   -4.6709  -11.4172   -6.7463    0.0697
 1152 KLILGVE   -3.8719   -8.6533   -4.7814    0.0697
 1153 KLVLEGV   -8.8955  -11.8512   -2.9557    0.0697
 1154 KLVLEGV   -8.8955  -11.8512   -2.9557    0.0697
 1155 VLKVEAM   -8.0915  -10.3738   -2.2823    0.0697
 1156 VLKVDAM   -8.2152  -10.1803   -1.9651    0.0697
 1157 VLKMDAV   -4.4093   -6.3744   -1.9651    0.0697
 1158 ALKVVDM   -5.9269   -7.8921   -1.9651    0.0697
 1159 ALKVVEM   -6.5270   -8.8093   -2.2823    0.0697
 1160 MLKVVEA   -7.7873  -10.0696   -2.2823    0.0697
 1161 MLKVAEV   -8.1345  -10.4168   -2.2823    0.0697
 1162 MLEVAEV   -6.4288   -9.5211   -3.0923    0.0697
 1163 MLDVEGV   -6.7838   -9.4601   -2.6763    0.0697
 1164 MLVVEGD   -9.6975  -12.5967   -2.8991    0.0697
 1165 MLVVEDG   -9.4683  -12.4789   -3.0106    0.0697
 1166 MLAVDEV   -7.7382  -10.7362   -2.9980    0.0697
 1167 MLAVDVD   -9.2091  -11.7785   -2.5694    0.0697
 1168 ALMVDVD   -8.1285  -10.6979   -2.5694    0.0697
 1169 ALMVDVD   -8.1285  -10.6979   -2.5694    0.0697
 1170 ALMVDVE   -7.6086  -10.4951   -2.8866    0.0697
 1171 ALMVDVE   -7.6086  -10.4951   -2.8866    0.0697
 1172 ALMVDVE   -7.6086  -10.4951   -2.8866    0.0697
 1173 ALMVDVK   -6.7380   -8.8145   -2.0766    0.0697
 1174 ALMVDKV   -7.0140   -9.2020   -2.1880    0.0697
 1175 ALMVDKV   -7.0140   -9.2020   -2.1880    0.0697
 1176 ALVVDKM   -6.7370   -8.9250   -2.1880    0.0697
 1177 ALMVEKV   -8.1128  -10.6179   -2.5051    0.0697
 1178 ALMVEKV   -8.1128  -10.6179   -2.5051    0.0697
 1179 KLMVEAM   -7.8705  -10.2588   -2.3883    0.0697
 1180 ALKVMME   -5.0835   -7.4718   -2.3883    0.0697
 1181 ALKVMEM   -7.6282   -9.9051   -2.2769    0.0697
 1182 KLAVMEY   -4.7193   -7.9339   -3.2146    0.0697
 1183 KLGLMEV   -4.4228   -7.3417   -2.9189    0.0697
 1184 KLGVMEV   -5.6666   -7.8501   -2.1834    0.0697
 1185 GLKVMEV   -5.5524   -7.7359   -2.1834    0.0697
 1186 GLKVVEF   -5.9402   -7.2505   -1.3103    0.0697
 1187 GLKVVEF   -5.9402   -7.2505   -1.3103    0.0697
 1188 GLKVVDF   -5.7463   -6.7394   -0.9931    0.0697
 1189 GLKVVDF   -5.7463   -6.7394   -0.9931    0.0697
 1190 GLKVVDF   -5.7463   -6.7394   -0.9931    0.0697
 1191 GLKVVDM   -5.3953   -7.2616   -1.8663    0.0697
 1192 MLEVVGE   -3.1787   -6.2836   -3.1049    0.0697
 1193 MLKVVGE   -4.5830   -6.8779   -2.2949    0.0697
 1194 VLKVVGE   -5.5471   -7.8474   -2.3003    0.0697
 1195 VLVVEGE   -6.9152  -10.1369   -3.2217    0.0697
 1196 MLLEEGV   -6.2655  -10.2173   -3.9517    0.0697
 1197 MLLEEGV   -6.2655  -10.2173   -3.9517    0.0697
 1198 MLLEEGV   -6.2655  -10.2173   -3.9517    0.0697
 1199 MLLVEGE   -7.8138  -11.7655   -3.9517    0.0697
 1200 MLVLEGE   -8.5254  -12.4772   -3.9517    0.0697
 1201 MLLVEGE   -8.9180  -12.8697   -3.9517    0.0697
 1202 MLLVEGE   -8.9180  -12.8697   -3.9517    0.0697
 1203 MLLVEGE   -8.9180  -12.8697   -3.9517    0.0697
 1204 MLIVEGE  -10.1360  -12.8580   -2.7220    0.0697
 1205 ALIVEGE   -6.7129  -11.8364   -5.1234    0.0697
 1206 ALIVDGE   -6.7585  -11.5647   -4.8063    0.0697
 1207 ALIDVGE   -3.9770   -8.6719   -4.6949    0.0697
 1208 ALIVEME   -6.7084  -11.0979   -4.3894    0.0697
 1209 ALIVDME   -6.4324  -10.5047   -4.0723    0.0697
 1210 ALIVDME   -6.4324  -10.5047   -4.0723    0.0697
 1211 ALIVDDM   -5.2471   -9.1137   -3.8666    0.0697
 1212 ALIVDMD   -6.8534  -10.6085   -3.7551    0.0697
 1213 ALIVDMD   -6.8534  -10.6085   -3.7551    0.0697
 1214 ALVVDMK   -7.6999   -9.7765   -2.0766    0.0697
 1215 ALVVEMK   -7.9653  -10.3591   -2.3937    0.0697
 1216 ALVVVED   -8.6666  -11.7814   -3.1149    0.0697
 1217 ALVVVDD   -8.5568  -11.3545   -2.7977    0.0697
 1218 ALVVVED   -7.8017  -10.9166   -3.1149    0.0697
 1219 ALDVVVD   -6.0348   -8.6097   -2.5749    0.0697
 1220 ALEVVVD   -5.9415   -8.8335   -2.8920    0.0697
 1221 ALVVVED   -7.7573  -10.8721   -3.1149    0.0697
 1222 ALVVVDD   -7.8793  -10.6770   -2.7977    0.0697
 1223 ALVVYDD   -6.3131   -9.9317   -3.6186    0.0697
 1224 ALVVFED   -7.0976  -11.0139   -3.9163    0.0697
 1225 ALEVFVD   -6.0616   -9.7551   -3.6934    0.0697
 1226 ALVVYDE   -5.7551   -9.6908   -3.9357    0.0697
 1227 ALVVFDE   -6.6798  -10.5961   -3.9163    0.0697
 1228 ALVVFDE   -6.6798  -10.5961   -3.9163    0.0697
 1229 ALVVFDE   -6.6798  -10.5961   -3.9163    0.0697
 1230 KLVVFAE   -6.9162  -10.2282   -3.3120    0.0697
 1231 KLVVMGE   -6.8933   -9.2996   -2.4063    0.0697
 1232 KLVVMEG   -7.6420  -10.0483   -2.4063    0.0697
 1233 KLVVGDV   -7.6076   -9.5907   -1.9831    0.0697
 1234 KLVVGEV   -7.6700   -9.9703   -2.3003    0.0697
 1235 MLVVKEA   -6.6044   -9.1095   -2.5051    0.0697
 1236 MLVVKEA   -6.6044   -9.1095   -2.5051    0.0697
 1237 MLVVDEA   -6.6783   -9.6763   -2.9980    0.0697
 1238 MLVVADE   -7.1256  -10.2351   -3.1094    0.0697
 1239 ALEVMEV   -5.8666   -8.9589   -3.0923    0.0697
 1240 ALVVMEE   -7.5881  -11.0147   -3.4266    0.0697
 1241 ALVVMDD   -7.5147  -10.3070   -2.7923    0.0697
 1242 ALVVMED   -7.4646  -10.5740   -3.1094    0.0697
 1243 ALMVKVD   -7.4123   -9.4889   -2.0766    0.0697
 1244 FLVVMKD   -2.7711   -7.6359   -4.8649    0.0697
 1245 MLVVYKD   -5.6915   -8.4558   -2.7643    0.0697
 1246 MLKVDIA   -4.2094   -7.3603   -3.1509    0.0697
 1247 MLRVDVM   -1.4331   -7.8808   -6.4477    0.0697
 1248 MLRVDVV   -2.9667   -9.3399   -6.3731    0.0697
 1249 VLKVMDV   -5.9189   -8.9280   -3.0091    0.0697
 1250 MLKVMDV   -6.6763   -9.7600   -3.0837    0.0697
 1251 MLMVVDD   -6.3998  -10.3106   -3.9109    0.0697
 1252 MLMVDVD   -8.0015  -11.6895   -3.6880    0.0697
 1253 MLMGDVD   -6.1100   -8.5751   -2.4651    0.0697
 1254 MLVGDMD   -7.3427   -9.8079   -2.4651    0.0697
 1255 MLVGDLE   -7.4269  -10.9500   -3.5231    0.0697
 1256 MLVGDLE   -7.4269  -10.9500   -3.5231    0.0697
 1257 MLVGELE   -7.7694  -11.6097   -3.8403    0.0697
 1258 MLVGELD   -7.6157  -11.1389   -3.5231    0.0697
 1259 MLVGDLD   -7.2403  -10.4463   -3.2060    0.0697
 1260 MLMGELD   -7.9628  -11.5605   -3.5977    0.0697
 1261 MLMGDLD   -7.5462  -10.8267   -3.2806    0.0697
 1262 MLMGDLE   -7.6830  -11.2807   -3.5977    0.0697
 1263 MLMGDLE   -7.6830  -11.2807   -3.5977    0.0697
 1264 MLMGDLE   -7.6830  -11.2807   -3.5977    0.0697
 1265 MLMGELD   -7.9764  -11.5741   -3.5977    0.0697
 1266 MLMGELD   -7.9764  -11.5741   -3.5977    0.0697
 1267 MLMGDME   -7.0826   -9.8594   -2.7769    0.0697
 1268 MLMGDVE   -7.6131  -10.3954   -2.7823    0.0697
 1269 MLVGDVE   -8.0187  -10.8064   -2.7877    0.0697
 1270 MLIGDVE   -8.8566  -11.1500   -2.2934    0.0697
 1271 MLIGKVD   -7.6819   -9.1653   -1.4834    0.0697
 1272 MLIGDVK   -8.1406   -9.6241   -1.4834    0.0697
 1273 MLIGDVK   -8.1406   -9.6241   -1.4834    0.0697
 1274 MLKGDVM   -8.1715  -10.1438   -1.9723    0.0697
 1275 MLVGDEV   -6.8907   -9.7898   -2.8991    0.0697
 1276 MLVGEDV   -7.1689  -10.0681   -2.8991    0.0697
 1277 MLVGEDV   -7.1689  -10.0681   -2.8991    0.0697
 1278 MLVGDEV   -6.8891   -9.7882   -2.8991    0.0697
 1279 FLVGDEV   -5.6700   -7.6960   -2.0260    0.0697
 1280 FLVGDEV   -5.6700   -7.6960   -2.0260    0.0697
 1281 MLVGVED   -6.6932   -9.5923   -2.8991    0.0697
 1282 MLVGVKD   -6.7217   -8.8108   -2.0891    0.0697
 1283 MLVGEDV   -6.4958   -9.3949   -2.8991    0.0697
 1284 MLWGDDV   -4.1121   -7.5543   -3.4423    0.0697
 1285 MLLGDDV   -5.4399   -8.7573   -3.3174    0.0697
 1286 MLLGVDK   -3.9141   -6.7387   -2.8246    0.0697
 1287 MLLGKDV   -4.6321   -7.4566   -2.8246    0.0697
 1288 MLLGKDV   -4.6321   -7.4566   -2.8246    0.0697
 1289 MLLGKEV   -4.8214   -7.9632   -3.1417    0.0697
 1290 MLMGVEK   -3.9468   -6.3476   -2.4009    0.0697
 1291 KLMGVEM   -5.0570   -7.2350   -2.1780    0.0697
 1292 KLMGVEV   -6.6032   -8.7867   -2.1834    0.0697
 1293 KLMGVDV   -5.7431   -7.6094   -1.8663    0.0697
 1294 KLIGDVV   -7.7079   -9.1168   -1.4089    0.0697
 1295 KLIGEVV   -7.7927   -9.5187   -1.7260    0.0697
 1296 KLMGEVV   -7.0906   -9.3855   -2.2949    0.0697
 1297 KLMGEVV   -7.0906   -9.3855   -2.2949    0.0697
 1298 MLKGEVV   -9.0617  -11.3565   -2.2949    0.0697
 1299 FLVGVDE   -4.8194   -6.8454   -2.0260    0.0697
 1300 FLVGDDV   -5.5066   -7.2155   -1.7089    0.0697
 1301 FLVGDEV   -5.7913   -7.8173   -2.0260    0.0697
 1302 FLVGDEV   -5.8332   -7.8592   -2.0260    0.0697
 1303 FLVGDDV   -5.5438   -7.2527   -1.7089    0.0697
 1304 LLFGDDV   -1.3729   -6.1372   -4.7643    0.0697
 1305 LLFGDDV   -1.3729   -6.1372   -4.7643    0.0697
 1306 LLYGEDV   -1.9252   -6.0661   -4.1409    0.0697
 1307 LLYGEDV   -1.9252   -6.0661   -4.1409    0.0697
 1308 LLIGEKA   -4.2557   -8.9845   -4.7289    0.0697
 1309 LLIGEKA   -4.2506   -8.9795   -4.7289    0.0884
 1310 LLIGAKE   -3.8640   -8.5929   -4.7289    0.0884
 1311 ALIGELD   -5.9871  -11.0974   -5.1103    0.0884
 1312 ILLGEGD   -5.3901  -10.5129   -5.1229    0.0884
 1313 FLWGEGD   -6.2742   -8.2976   -2.0234    0.0884
 1314 FLWGEGD   -6.2742   -8.2976   -2.0234    0.0884
 1315 FLWGDGD   -6.0672   -7.7735   -1.7063    0.0884
 1316 FLWGEGD   -6.4060   -8.4295   -2.0234    0.0884
 1317 FLWGEGD   -6.4060   -8.4295   -2.0234    0.0884
 1318 FLWGEGK   -4.3401   -5.8706   -1.5306    0.0884
 1319 KLWGEGF   -5.9164   -7.3355   -1.4191    0.0884
 1320 KLWGEGF   -5.9164   -7.3355   -1.4191    0.0884
 1321 KLWGDGF   -6.0126   -7.1146   -1.1020    0.0884
 1322 KLWGEGF   -6.0086   -7.4278   -1.4191    0.0884
 1323 KLWGEGF   -5.7095   -7.1286   -1.4191    0.0884
 1324 KLVGEGF   -4.3893   -8.2681   -3.8789    0.0884
 1325 VLKGEGF   -4.5187   -8.3976   -3.8789    0.0884
 1326 LLKGEGF   -3.3408   -7.6351   -4.2943    0.0884
 1327 LLKGEGF   -3.3043   -7.5986   -4.2943    0.0884
 1328 LLKGDGV   -3.5165   -9.0922   -5.5757    0.0884
 1329 MLKGDGV   -5.8274  -10.9822   -5.1549    0.0884
 1330 MLKGDGV   -5.8274  -10.9822   -5.1549    0.0884
 1331 MLKGDGV   -5.8274  -10.9822   -5.1549    0.0884
 1332 MLKGDGF   -7.0275  -10.5838   -3.5563    0.0884
 1333 MLKGDGF   -7.0275  -10.5838   -3.5563    0.0884
 1334 MLKGEGV   -6.0718  -11.5438   -5.4720    0.0884
 1335 LLKGEGW   -5.1568   -8.5900   -3.4331    0.0884
 1336 LLKGEGW   -5.1568   -8.5900   -3.4331    0.0884
 1337 KLLGEGW   -4.8702   -8.3033   -3.4331    0.0884
 1338 KLMGEGW   -5.2440   -8.2563   -3.0123    0.0884
 1339 KLMGEGW   -5.2440   -8.2563   -3.0123    0.0884
 1340 KLLGEGW   -5.6135   -9.0467   -3.4331    0.0884
 1341 VLEGWGK   -3.8121   -6.8298   -3.0177    0.0884
 1342 VLEGWGE   -4.3385   -8.1662   -3.8277    0.0884
 1343 ELVGWGE   -3.8609   -7.6886   -3.8277    0.0884
 1344 ELFGWGE   -3.6206   -5.8497   -2.2291    0.0884
 1345 KLIGWGE   -7.8307   -9.4741   -1.6434    0.0884
 1346 KLIGWGD   -8.2272   -9.5535   -1.3263    0.0884
 1347 KLIGWGD   -8.2272   -9.5535   -1.3263    0.0884
 1348 KLIGWGD   -8.2272   -9.5535   -1.3263    0.0884
 1349 KLGIWGD   -7.4793   -8.8056   -1.3263    0.0884
 1350 KLGFWGD   -6.0918   -7.1938   -1.1020    0.0884
 1351 KLGFWGD   -6.0918   -7.1938   -1.1020    0.0884
 1352 KLGWFGE   -6.6829   -8.1021   -1.4191    0.0884
 1353 KLGWFGE   -6.7477   -8.1669   -1.4191    0.0884
 1354 KLGWFGD   -6.9580   -8.0600   -1.1020    0.0884
 1355 KLGWFGD   -6.9580   -8.0600   -1.1020    0.0884
 1356 KLGWFGD   -6.9580   -8.0600   -1.1020    0.0884
 1357 KLGFWGD   -7.1147   -8.2167   -1.1020    0.0884
 1358 KLGFWGD   -7.1147   -8.2167   -1.1020    0.0884
 1359 KLGIWGD   -8.8931  -10.2194   -1.3263    0.0884
 1360 KLGIWGD   -8.8931  -10.2194   -1.3263    0.0884
 1361 KLGIWGD   -8.8931  -10.2194   -1.3263    0.0884
 1362 KLGIWGE   -8.5721  -10.2155   -1.6434    0.0884
 1363 KLGIWGE   -8.5721  -10.2155   -1.6434    0.0884
 1364 KLGIWGD   -9.0080  -10.3342   -1.3263    0.0884
 1365 KLGIWGD   -9.0080  -10.3342   -1.3263    0.0884
 1366 DLGIWGK   -5.1506   -6.4768   -1.3263    0.0884
 1367 DLGIWGR   -3.8182   -8.5085   -4.6903    0.0884
 1368 ELGIWGR   -3.3782   -8.3856   -5.0074    0.0884
 1369 KLGIWGE   -8.8431  -10.4865   -1.6434    0.0884
 1370 KLGIWGD   -9.2441  -10.5704   -1.3263    0.0884
 1371 KLGIWGE   -8.6966  -10.3400   -1.6434    0.0884
 1372 KLGIWGE   -8.6966  -10.3400   -1.6434    0.0884
 1373 KLGIWGD   -9.7910  -11.1173   -1.3263    0.0884
 1374 KLGIWGD   -9.7910  -11.1173   -1.3263    0.0884
 1375 KLGIWGD   -9.7910  -11.1173   -1.3263    0.0884
 1376 KLGIWGD   -9.7910  -11.1173   -1.3263    0.0884
 1377 KLGIWGD   -9.7910  -11.1173   -1.3263    0.0884
 1378 KLGMWGD   -7.9843  -10.6794   -2.6951    0.0884
 1379 KLGMWGD   -7.9843  -10.6794   -2.6951    0.0884
 1380 KLGMWGD   -7.9843  -10.6794   -2.6951    0.0884
 1381 KLGIWGD   -9.9906  -11.3169   -1.3263    0.0884
 1382 KLGIWGD   -9.9906  -11.3169   -1.3263    0.0884
 1383 KLGIWGD   -9.9906  -11.3169   -1.3263    0.0884
 1384 KLGIWGD   -9.9906  -11.3169   -1.3263    0.0884
 1385 KLGIWGD   -9.9906  -11.3169   -1.3263    0.0884
 1386 KLGIWGD   -9.9906  -11.3169   -1.3263    0.0884
 1387 KLGIWGD   -9.9906  -11.3169   -1.3263    0.0884
 1388 KLGFWGD   -7.8171   -8.9191   -1.1020    0.0884
 1389 KLGWFGD   -8.1021   -9.2041   -1.1020    0.0884
 1390 KLGFWGD   -7.8468   -8.9488   -1.1020    0.0884
 1391 KLGFWGD   -7.8468   -8.9488   -1.1020    0.0884
 1392 KLGFWGD   -7.8468   -8.9488   -1.1020    0.0884
 1393 KLGWFGD   -7.9919   -9.0939   -1.1020    0.0884
 1394 KLGWFGE   -6.8967   -8.3158   -1.4191    0.0884
 1395 KLGWFGE   -6.8967   -8.3158   -1.4191    0.0884
 1396 KLGWFGE   -6.8967   -8.3158   -1.4191    0.0884
 1397 KLGWFGE   -6.8967   -8.3158   -1.4191    0.0884
 1398 KLGFWGE   -6.3871   -7.8063   -1.4191    0.0884
 1399 KLGWFGE   -6.8203   -8.2395   -1.4191    0.0884
 1400 KLGFWGD   -7.4406   -8.5426   -1.1020    0.0884
 1401 KLGFWGD   -7.4406   -8.5426   -1.1020    0.0884
 1402 KLGFWGD   -7.4406   -8.5426   -1.1020    0.0884
 1403 KLGIWGE   -8.4413  -10.0847   -1.6434    0.0884
 1404 KLGIWGE   -8.4413  -10.0847   -1.6434    0.0884
 1405 KLGIEGW   -7.6175   -9.1496   -1.5320    0.0884
 1406 KLGWEGW   -5.8332   -8.5198   -2.6866    0.0884
 1407 KLGFEGW   -6.1122   -7.4199   -1.3077    0.0884
 1408 KLGFEGW   -6.1122   -7.4199   -1.3077    0.0884
 1409 KLGFDGW   -5.6662   -6.6567   -0.9906    0.0884
 1410 KLGFWGE   -6.3884   -7.8076   -1.4191    0.0884
 1411 KLGWFGE   -6.6397   -8.0589   -1.4191    0.0884
 1412 ELGWEGF   -2.1485   -4.2662   -2.1177    0.0884
 1413 KLGWEGF   -5.3005   -6.6082   -1.3077    0.0884
 1414 MLGWEGK   -0.9880   -4.0003   -3.0123    0.0884
 1415 MLGWEGK   -0.9880   -4.0003   -3.0123    0.0884
 1416 MLGWKGE   -2.3976   -5.4098   -3.0123    0.0884
 1417 MLGWDGD   -3.6608   -6.8488   -3.1880    0.0884
 1418 MLGWEGD   -4.6917   -8.1969   -3.5051    0.0884
 1419 WLGMEGD   -4.5085   -8.0136   -3.5051    0.0884
 1420 WLGMEGD   -4.5085   -8.0136   -3.5051    0.0884
 1421 WLGMEGE   -2.9445   -6.7667   -3.8223    0.0884
 1422 WLGMEGE   -2.9445   -6.7667   -3.8223    0.0884
 1423 WLGIEGE   -5.8267   -8.2801   -2.4534    0.0884
 1424 WLGIEGD   -6.4013   -8.5376   -2.1363    0.0884
 1425 WLGIEGD   -6.4013   -8.5376   -2.1363    0.0884
 1426 WLGIEGD   -6.4013   -8.5376   -2.1363    0.0884
 1427 WLGIEGD   -6.4013   -8.5376   -2.1363    0.0884
 1428 DLGIDGW   -4.1615   -5.8692   -1.7077    0.0884
 1429 ILDGDGW   -3.4602   -5.2794   -1.8191    0.0884
 1430 GLDGDII   -1.6633   -4.5679   -2.9046    0.0884
 1431 GLEGDMI   -2.8177   -7.4083   -4.5906    0.0884
 1432 GLKGMDI   -5.7055   -9.3747   -3.6691    0.0884
 1433 GLKGMDF   -5.3860   -8.8309   -3.4449    0.0884
 1434 GLKGMDF   -5.3860   -8.8309   -3.4449    0.0884
 1435 GLKGMDF   -5.3860   -8.8309   -3.4449    0.0884
 1436 GLKGMDF   -5.3860   -8.8309   -3.4449    0.0884
 1437 GLKGMDF   -5.3860   -8.8309   -3.4449    0.0884
 1438 GLKGIDF   -6.5514   -8.6274   -2.0760    0.0884
 1439 GLKGIDF   -6.6961   -8.7721   -2.0760    0.0884
 1440 GLKGIDI   -6.6953   -8.9956   -2.3003    0.0884
 1441 GLKGIDI   -6.6953   -8.9956   -2.3003    0.0884
 1442 GLKGWDI   -6.1903   -7.4052   -1.2149    0.0884
 1443 GLKGWDI   -6.1903   -7.4052   -1.2149    0.0884
 1444 GLKGWDA   -1.9966   -7.8618   -5.8651    0.0884
 1445 GLKGWDF   -6.0778   -7.0683   -0.9906    0.0884
 1446 GLKGWDM   -5.0711   -7.6548   -2.5837    0.0884
 1447 GLKGWDM   -5.0711   -7.6548   -2.5837    0.0884
 1448 GLKGWEM   -3.2529   -6.1538   -2.9009    0.0884
 1449 GLKGWDM   -4.2087   -6.7924   -2.5837    0.0884
 1450 GLKGWDL   -3.5077   -6.5122   -3.0046    0.0884
 1451 GLKGWDL   -3.5077   -6.5122   -3.0046    0.0884
 1452 GLKGWDI   -5.2929   -6.5077   -1.2149    0.0884
 1453 GLKGVDI   -4.8016   -8.4762   -3.6746    0.0884
 1454 GLKGVDI   -4.8016   -8.4762   -3.6746    0.0884
 1455 GLKGVDI   -4.8263   -8.5009   -3.6746    0.0884
 1456 GLIGFDD   -6.3356   -9.1273   -2.7917    0.0884
 1457 GLIGFDD   -6.3356   -9.1273   -2.7917    0.0884
 1458 DLIGWKG   -8.3450   -9.6713   -1.3263    0.0884
 1459 DLIGGKW   -6.6971   -8.1348   -1.4377    0.0884
 1460 DLIGWKG   -8.2669   -9.5932   -1.3263    0.0884
 1461 DLIGGKW   -6.7660   -8.2037   -1.4377    0.0884
 1462 DLIGGKW   -6.7660   -8.2037   -1.4377    0.0884
 1463 DLIGGKW   -6.7660   -8.2037   -1.4377    0.0884
 1464 DLIGGKF   -6.2505   -8.5493   -2.2989    0.0884
 1465 KLIGGDF   -5.9579   -8.2567   -2.2989    0.0884
 1466 KLIGYDF   -3.9440   -6.1837   -2.2397    0.0884
 1467 DLIGYKF   -2.9410   -5.1807   -2.2397    0.0884
 1468 DLIGYKV   -4.4093   -5.7276   -1.3183    0.0884
 1469 DLIGYKV   -4.4093   -5.7276   -1.3183    0.0884
 1470 DLIGVKM   -6.0588   -7.4308   -1.3720    0.0884
 1471 DLMGVKI   -5.4725   -6.8445   -1.3720    0.0884
 1472 DLMGVKI   -5.4725   -6.8445   -1.3720    0.0884
 1473 DLMGVIK   -5.5068   -6.9902   -1.4834    0.0884
 1474 DLMGIVK   -5.7424   -7.2258   -1.4834    0.0884
 1475 DLGVVVK   -5.0181   -7.0013   -1.9831    0.0884
 1476 GLDVVVE   -4.7771   -7.5702   -2.7931    0.0884
 1477 GLEVVIE   -6.2518   -8.7878   -2.5360    0.0884
 1478 GLEVMIK   -6.2425   -8.0431   -1.8006    0.0884
 1479 GLMGEIK   -1.5889   -5.6866   -4.0977    0.0884
 1480 GLIVEIE   -4.8209   -9.1826   -4.3617    0.0884
 1481 GLIVDEG   -3.6134   -8.4323   -4.8189    0.0884
 1482 GLVDVEY   -2.8766   -6.3792   -3.5026    0.0884
 1483 GLVDVKY   -3.7132   -6.4058   -2.6926    0.0884
 1484 YLKEVVG   -2.1010   -5.3335   -3.2326    0.0884
 1485 GLKEVMM   -4.5180   -6.9189   -2.4009    0.0884
 1486 GLKVMEM   -6.4688   -8.6468   -2.1780    0.0884
 1487 GLMVEVK   -7.1390   -9.4339   -2.2949    0.0884
 1488 GLMVDVE   -7.0221   -9.8098   -2.7877    0.0884
 1489 GLVVEVE   -8.2084  -11.3187   -3.1103    0.0884
 1490 GLLVVDE   -8.2247  -11.8961   -3.6714    0.0884
 1491 GLLVDVE   -8.6488  -12.0974   -3.4486    0.0884
 1492 GLLVEVE   -9.4601  -13.2258   -3.7657    0.0884
 1493 GLLVEVE   -9.4601  -13.2258   -3.7657    0.0884
 1494 GLLVEVE   -9.4601  -13.2258   -3.7657    0.0884
 1495 GLLVDVK   -8.0615  -10.7001   -2.6386    0.0884
 1496 GLVVELK   -7.5636  -10.5193   -2.9557    0.0884
 1497 GLVVELE   -7.9123  -11.6780   -3.7657    0.0884
 1498 GLVVELE   -7.9123  -11.6780   -3.7657    0.0884
 1499 VLGVELD   -6.9155  -10.2526   -3.3371    0.0884
 1500 WLLVEGD   -4.4893  -11.2296   -6.7403    0.0884
 1501 ILLVEGD   -5.1457  -10.5314   -5.3857    0.0884
 1502 LLIVDGE   -5.8428  -11.2285   -5.3857    0.0884
 1503 LLVLDGE   -4.9689  -11.5843   -6.6154    0.0884
 1504 LLVLDGE   -4.9689  -11.5843   -6.6154    0.0884
 1505 MLVIDGE   -7.7564  -10.1612   -2.4049    0.0884
 1506 MLVIEGD   -8.5443  -10.9492   -2.4049    0.0884
 1507 GLVIEGE   -5.9609  -10.9854   -5.0246    0.0884
 1508 GLVLEEF   -4.7031  -10.1016   -5.3986    0.0884
 1509 GLELEVF   -2.4427   -7.6184   -5.1757    0.0884
 1510 VLEVEGF   -6.2483   -8.3686   -2.1203    0.0884
 1511 VLEVEGF   -6.3656   -8.4858   -2.1203    0.0886
 1512 VLKVEGF   -6.7114   -8.0217   -1.3103    0.0886
 1513 KLVVEGV   -7.6603   -9.9606   -2.3003    0.0886
 1514 ELVKVGV   -4.1752   -6.3640   -2.1889    0.0886
 1515 VLKVVGE   -5.2715   -7.5718   -2.3003    0.0886
 1516 VLVVEGK   -7.7489  -10.1607   -2.4117    0.0886
 1517 GLVVEKV   -7.1580   -9.5697   -2.4117    0.0886
 1518 GLLVEEV   -7.8714  -11.7485   -3.8771    0.0886
 1519 GLLVEEV   -7.8714  -11.7485   -3.8771    0.0886
 1520 GLLVEEV   -7.8254  -11.7026   -3.8771    0.0886
 1521 GLLVEEY   -6.8419  -11.2999   -4.4580    0.0886
 1522 GLLVKEY   -6.5722  -10.2202   -3.6480    0.0886
 1523 GLLVKDY   -6.8865  -10.2173   -3.3309    0.0886
 1524 GLLAKDF   -4.2252   -8.4126   -4.1874    0.0886
 1525 GLIAKDL   -2.7351   -7.1468   -4.4117    0.0886
 1526 GLKAMDY   -2.7068   -8.6700   -5.9631    0.0886
 1527 GLMAEYK    1.5143   -4.8775   -6.3917    0.0886
 1528 GLEAMFK   -2.4297   -6.4019   -3.9723    0.0886
 1529 GLEIAFE   -4.1725   -7.5860   -3.4134    0.0886
 1530 GLEIAIE   -4.3228   -7.9605   -3.6377    0.0886
 1531 GLKIAIE   -4.1995   -7.0272   -2.8277    0.0886
 1532 GLKIAEM   -4.0460   -8.1312   -4.0851    0.0886
 1533 GLKIEMM   -3.8719   -5.6356   -1.7637    0.0886
 1534 GLKIEIM   -4.0635   -7.5783   -3.5149    0.0886
 1535 GLMIEGK   -3.5464   -7.7555   -4.2091    0.0886
 1536 KLMVEGI   -9.1171  -10.9177   -1.8006    0.0886
 1537 KLMVDGI   -8.5672  -10.0507   -1.4834    0.0886
 1538 KLIVIGD   -8.2628  -11.6088   -3.3460    0.0886
 1539 KLIVFGD   -8.6564  -11.6981   -3.0417    0.0886
 1540 KLVIMGD   -9.7568  -11.3517   -1.5949    0.0886
 1541 KLVIMGD   -9.7568  -11.3517   -1.5949    0.0886
 1542 KLMLMGD   -7.7389  -10.6381   -2.8991    0.0886
 1543 KLMGMGD   -4.4357   -9.5851   -5.1494    0.0886
 1544 KLMGMGD   -4.4357   -9.5851   -5.1494    0.0886
 1545 KLMGVGD   -5.0166  -10.1714   -5.1549    0.0886
 1546 FLVGVKD   -6.4200   -7.6360   -1.2160    0.0886
 1547 FLVGVKD   -6.4200   -7.6360   -1.2160    0.0886
 1548 KLFGVVE   -6.3607   -7.7824   -1.4217    0.0886
 1549 KLFGVEV   -6.8306   -8.1409   -1.3103    0.0886
 1550 KLFGVVE   -6.5145   -7.9362   -1.4217    0.0886
 1551 KLIGVVD   -8.1657   -9.5746   -1.4089    0.0886
 1552 KLIGVVD   -8.1657   -9.5746   -1.4089    0.0886
 1553 KLIGDVV   -7.9810   -9.3898   -1.4089    0.0886
 1554 DLIGVVD   -6.0226   -7.9243   -1.9017    0.0886
 1555 DLVGVIK   -6.1492   -7.5581   -1.4089    0.0886
 1556 DLVGVLK   -5.6302   -8.2687   -2.6386    0.0886
 1557 DLVGVLK   -5.6302   -8.2687   -2.6386    0.0886
 1558 DLKGVLV   -5.9045   -8.5430   -2.6386    0.0886
 1559 DLMGVKV   -6.1668   -8.0330   -1.8663    0.0886
 1560 DLMGFKM   -6.8557   -7.9980   -1.1423    0.0886
 1561 DLMGMIK   -5.8660   -7.4240   -1.5580    0.0886
 1562 KLMGMDI   -5.4438   -6.8904   -1.4466    0.0886
 1563 MLKGVDI   -8.8231  -10.1951   -1.3720    0.0886
 1564 MLGDVDV   -3.6604   -6.0196   -2.3591    0.0886
 1565 MLGVDEV   -5.2522   -8.0399   -2.7877    0.0886
 1566 MLGVEDI   -6.4003   -8.6937   -2.2934    0.0886
 1567 MLGVEDV   -6.2135   -9.0012   -2.7877    0.0886
 1568 GLMVEDV   -6.1078   -9.0069   -2.8991    0.0886
 1569 MLGVDDY   -4.1099   -7.4013   -3.2914    0.0886
 1570 MLMVEDG   -4.8668   -7.8720   -3.0051    0.0886
 1571 VLMVEGK   -5.4528   -7.8591   -2.4063    0.0886
 1572 FLMVEEG   -3.7104   -6.2396   -2.5291    0.0886
 1573 MLEVEGF   -6.8802   -9.0751   -2.1949    0.0886
 1574 MLEVEGF   -6.8802   -9.0751   -2.1949    0.0886
 1575 MLEVEGF   -6.8802   -9.0751   -2.1949    0.0886
 1576 ELEVVGF   -4.7862   -6.9065   -2.1203    0.0886
 1577 VLDVEGF   -5.4325   -7.2356   -1.8031    0.0886
 1578 MLVDEGF   -6.5756   -8.6761   -2.1006    0.0886
 1579 MLVLEGD   -7.0057  -10.6403   -3.6346    0.0886
 1580 MLVVDGE   -7.7811  -10.6802   -2.8991    0.0886
 1581 MLIVDGE   -9.5169  -11.9218   -2.4049    0.0886
 1582 MLIVDGE   -9.5032  -11.9081   -2.4049    0.0886
 1583 MLIVDGD   -8.9510  -11.0387   -2.0877    0.0886
 1584 MLVVDGD   -8.5794  -11.1614   -2.5820    0.0886
 1585 MLVVDGD   -8.5794  -11.1614   -2.5820    0.0886
 1586 LLVVDGD   -7.7726  -11.0154   -3.2429    0.0886
 1587 YLFVDGD   -4.2998   -6.1095   -1.8097    0.0886
 1588 FLLVDGD   -5.2067   -9.9710   -4.7643    0.0886
 1589 KLLVFGD   -8.0586  -12.3300   -4.2714    0.0886
 1590 KLIVFGD   -8.3834  -11.4251   -3.0417    0.0886
 1591 KLIAFGD   -7.1601   -9.5578   -2.3977    0.0886
 1592 KLIAFGD   -7.1601   -9.5578   -2.3977    0.0886
 1593 KLIAFGD   -7.1601   -9.5578   -2.3977    0.0886
 1594 KLFAFGD   -6.1020   -8.2755   -2.1734    0.0886
 1595 KLFVFGD   -3.7427   -6.4801   -2.7374    0.0886
 1596 KLVMFGD   -9.0206  -10.3112   -1.2906    0.0886
 1597 KLVMWGD   -7.9179  -10.8674   -2.9494    0.0886
 1598 KLVMWGE   -6.9820  -10.2486   -3.2666    0.0886
 1599 KLMVEGW   -7.8849  -11.0401   -3.1551    0.0886
 1600 KLMVEGW   -7.8849  -11.0401   -3.1551    0.0886
 1601 KLMVEGF   -8.6656  -10.1619   -1.4963    0.0886
 1602 KLVVEGM   -8.3053  -10.6001   -2.2949    0.0886
 1603 KLVIEGM   -8.2388  -10.0394   -1.8006    0.0886
 1604 KLVVDGM   -7.9386   -9.9163   -1.9777    0.0886
 1605 MLVVDGK   -7.7937   -9.8829   -2.0891    0.0886
 1606 MLVKVGE   -6.6959   -8.9907   -2.2949    0.0886
 1607 MLVEFGE   -7.6892   -9.9955   -2.3063    0.0886
 1608 MLVEFGE   -7.6892   -9.9955   -2.3063    0.0886
 1609 MLVEFGE   -7.6892   -9.9955   -2.3063    0.0886
 1610 MLVEFGE   -7.6892   -9.9955   -2.3063    0.0886
 1611 MLVKFGE   -8.0822   -9.5785   -1.4963    0.0886
 1612 KLVMFGE   -8.7453  -10.3531   -1.6077    0.0886
 1613 KLVMFGE   -8.7453  -10.3531   -1.6077    0.0886
 1614 KLVVFGE   -9.7889  -11.3220   -1.5331    0.0886
 1615 VLVEFGE   -6.6890   -8.9207   -2.2317    0.0886
 1616 VLVFDGE   -6.1251   -8.1511   -2.0260    0.0886
 1617 FLVVEGD   -6.9020   -8.9280   -2.0260    0.0886
 1618 FLVVDGD   -6.7220   -8.4308   -1.7089    0.0886
 1619 FLVVDGD   -6.7220   -8.4308   -1.7089    0.0886
 1620 ILVVGDD   -7.4004   -9.5250   -2.1246    0.0886
 1621 ILVVDGE   -8.6100  -10.9403   -2.3303    0.0886
 1622 ILVVDGD   -8.8693  -10.8824   -2.0131    0.0886
 1623 MLVVDGD   -9.1588  -11.7408   -2.5820    0.0886
 1624 MLLVDGD   -9.1597  -12.4771   -3.3174    0.0886
 1625 MLLVDGD   -9.1597  -12.4771   -3.3174    0.0886
 1626 MLLVDGD   -9.1597  -12.4771   -3.3174    0.0886
 1627 MLLVEGD  -10.0371  -13.6716   -3.6346    0.0886
 1628 MLLVEGD  -10.0371  -13.6716   -3.6346    0.0886
 1629 LLMVEGD   -8.0780  -11.7125   -3.6346    0.0886
 1630 LLMVEGE   -7.5254  -11.4771   -3.9517    0.0886
 1631 LLMVEGD   -7.6323  -11.2669   -3.6346    0.0886
 1632 LLMVEGE   -7.5224  -11.4741   -3.9517    0.0886
 1633 MLLVEGE   -9.0001  -12.9518   -3.9517    0.0886
 1634 MLLVEGE   -9.0001  -12.9518   -3.9517    0.0886
 1635 ILLVEGE   -6.8700  -12.5728   -5.7029    0.0886
 1636 ILLVEGE   -6.8700  -12.5728   -5.7029    0.0886
 1637 ILLVEGE   -6.8700  -12.5728   -5.7029    0.0886
 1638 MLLVEGE   -9.2646  -13.2163   -3.9517    0.0886
 1639 MLLVEGE   -9.2646  -13.2163   -3.9517    0.0886
 1640 MLLVEGE   -9.2646  -13.2163   -3.9517    0.0886
 1641 VLLVEGD   -9.0708  -12.6308   -3.5600    0.0886
 1642 VLLVEGE   -9.3429  -13.2200   -3.8771    0.0886
 1643 KLLVEGV   -8.6495  -11.6052   -2.9557    0.0886
 1644 VLLVEGD   -9.5909  -13.1509   -3.5600    0.0886
 1645 VLLVEGD   -9.4157  -12.9757   -3.5600    0.0886
 1646 VLLVEGD   -9.4157  -12.9757   -3.5600    0.0886
 1647 ELLVVGK   -6.3468   -9.4139   -3.0671    0.0886
 1648 VLLVEGK   -8.2746  -11.3418   -3.0671    0.0886
 1649 VLLVEGK   -8.2746  -11.3418   -3.0671    0.0886
 1650 VLVVEAK   -8.4636  -10.8627   -2.3991    0.0886
 1651 VLVKEAV   -8.2272  -10.7378   -2.5106    0.0886
 1652 VLVKAEV   -6.4269   -8.7146   -2.2877    0.0886
 1653 VLVKVGE   -6.9373   -9.2376   -2.3003    0.0886
 1654 KLVVVGE   -7.2749   -9.6866   -2.4117    0.0886
 1655 VLKVVGE   -7.8808  -10.1811   -2.3003    0.0886
 1656 VLKVVGE   -7.8808  -10.1811   -2.3003    0.0886
 1657 ELKVVGV   -6.9590   -9.1479   -2.1889    0.0886
 1658 VLKVMGD   -8.5079  -10.4856   -1.9777    0.0886
 1659 KLMVMGD   -8.8292  -10.9129   -2.0837    0.0886
 1660 KLMVYGD   -7.4778  -10.3878   -2.9100    0.0886
 1661 KLMVYGE   -6.9710  -10.1982   -3.2271    0.0886
 1662 KLMVYGD   -7.8698  -10.7798   -2.9100    0.0886
 1663 MLKIYGD   -7.0750   -8.4993   -1.4243    0.0886
 1664 MLEIYGD   -5.9936   -8.2278   -2.2343    0.0886
 1665 MLEIYGD   -5.9936   -8.2278   -2.2343    0.0886
 1666 MLKIYGD   -6.7411   -8.1654   -1.4243    0.0886
 1667 MLKIYGD   -6.7411   -8.1654   -1.4243    0.0886
 1668 MLKIYGD   -6.7411   -8.1654   -1.4243    0.0886
 1669 MLEIYGD   -6.1013   -8.3355   -2.2343    0.0886
 1670 MLKIYGD   -7.1830   -8.6073   -1.4243    0.0886
 1671 KLMIYGD   -8.1222   -9.6579   -1.5357    0.0886
 1672 MLKIYGD   -7.1030   -8.5273   -1.4243    0.0886
 1673 MLKIYGD   -7.0913   -8.5155   -1.4243    0.0886
 1674 VLEIYGE   -4.4815   -7.0383   -2.5569    0.0886
 1675 MLEVYGE   -4.6174   -8.5431   -3.9257    0.0886
 1676 MLEVMGE   -6.4662   -9.5656   -3.0994    0.0886
 1677 MLEFMGE   -4.3702   -6.7511   -2.3809    0.0886
 1678 MLEIMGE   -5.6853   -8.3704   -2.6851    0.0886
 1679 MLELMGE   -5.5893   -9.5042   -3.9149    0.0886
 1680 MLKFMGE   -4.1366   -5.7075   -1.5709    0.0886
 1681 KLMFMGD   -3.9392   -5.3044   -1.3651    0.0886
 1682 KLMMFGD   -3.4837   -4.8489   -1.3651    0.0886
 1683 MLVKFGD   -5.2865   -6.4656   -1.1791    0.0886
 1684 MLVKMGD   -5.9793   -7.9516   -1.9723    0.0886
 1685 MLVKMGD   -5.9793   -7.9516   -1.9723    0.0886
 1686 MLKVMGD   -9.7769  -11.7492   -1.9723    0.0886
 1687 MLKVMGD   -9.7769  -11.7492   -1.9723    0.0886
 1688 MLKVMGD   -9.7769  -11.7492   -1.9723    0.0886
 1689 ILKVMGD  -10.2111  -11.6945   -1.4834    0.0886
 1690 VLKVMGD   -9.8197  -11.7974   -1.9777    0.0886
 1691 VLKVMGD   -9.8197  -11.7974   -1.9777    0.0886
 1692 ILKVMGD  -10.1885  -11.6719   -1.4834    0.0886
 1693 KLIVMGD  -11.2926  -12.8875   -1.5949    0.0886
 1694 KLVVMGD  -10.4707  -12.5598   -2.0891    0.0886
 1695 GLVVKVD   -6.5396   -8.5227   -1.9831    0.0886
 1696 KLVVGVD   -7.1751   -9.1583   -1.9831    0.0886
 1697 KLVVGVD   -7.1751   -9.1583   -1.9831    0.0886
 1698 KLVVGID   -7.8339   -9.2428   -1.4089    0.0886
 1699 KLVVGIE   -6.2069   -7.9329   -1.7260    0.0886
 1700 KLVEGIV   -5.7401   -7.4661   -1.7260    0.0886
 1701 KLVVGIE   -7.4700   -9.1960   -1.7260    0.0886
 1702 KLVVGIE   -7.4700   -9.1960   -1.7260    0.0886
 1703 KLVVGIE   -7.4700   -9.1960   -1.7260    0.0886
 1704 ELVVGIK   -6.9373   -8.6633   -1.7260    0.0886
 1705 DLVVGIK   -6.5664   -7.9752   -1.4089    0.0886
 1706 ILVVGDE   -8.6804  -11.1221   -2.4417    0.0886
 1707 ILVVGDE   -8.6804  -11.1221   -2.4417    0.0886
 1708 ILVVGED   -7.6527  -10.0944   -2.4417    0.0886
 1709 ILVVDEG   -7.8447  -10.2864   -2.4417    0.0886
 1710 ILVVDGD   -9.6447  -11.6579   -2.0131    0.0886
 1711 ILMVDGE   -9.8215  -12.2264   -2.4049    0.0886
 1712 ILMVDGD   -9.5167  -11.6044   -2.0877    0.0886
 1713 ILMVDGD  -10.0289  -12.1166   -2.0877    0.0975
 1714 ILMVDGD  -10.0289  -12.1166   -2.0877    0.0975
 1715 MLIVDGD  -10.4640  -12.5517   -2.0877    0.0975
 1716 MLMVDGD   -9.2530  -11.8295   -2.5766    0.0975
 1717 MLMVDGD   -9.2530  -11.8295   -2.5766    0.0975
 1718 MLMVDGD   -9.2530  -11.8295   -2.5766    0.0975
 1719 MLMVKGD   -8.4151  -10.4988   -2.0837    0.0975
 1720 KLMVWGD   -8.5926  -11.5421   -2.9494    0.0975
 1721 KLMVWGD   -8.5926  -11.5421   -2.9494    0.0975
 1722 KLMVWGD   -8.5926  -11.5421   -2.9494    0.0975
 1723 VLKVVGD   -8.2916  -10.2748   -1.9831    0.0975
 1724 LLEVVGD   -6.0540   -9.5026   -3.4486    0.0975
 1725 LLDVVGD   -4.9133   -8.0448   -3.1314    0.0975
 1726 LLDVVGK   -4.4805   -7.1191   -2.6386    0.0975
 1727 FLDVFGD   -2.7448   -5.8637   -3.1189    0.0975
 1728 ILDVFGD   -4.4451   -7.8682   -3.4231    0.0975
 1729 GLDVFFK   -3.1658   -5.7918   -2.6260    0.0975
 1730 LLDVMGK   -3.4148   -6.1280   -2.7131    0.0975
 1731 GLLVMKE   -8.0137  -11.2669   -3.2531    0.0975
 1732 GLLVMDK   -8.2670  -11.2030   -2.9360    0.0975
 1733 GLLVMDK   -8.2670  -11.2030   -2.9360    0.0975
 1734 GLLVMEK   -8.5184  -11.7715   -3.2531    0.0975
 1735 GLLVDME   -8.4802  -12.0034   -3.5231    0.0975
 1736 GLLVDME   -8.4802  -12.0034   -3.5231    0.0975
 1737 GLLVDVE   -9.0551  -12.5037   -3.4486    0.0975
 1738 GLLVDVE   -8.6516  -12.1002   -3.4486    0.0975
 1739 GLLVDVE   -8.6516  -12.1002   -3.4486    0.0975
 1740 GLLVKVD   -8.4611  -11.0997   -2.6386    0.0975
 1741 GLLVDVK   -8.7877  -11.4262   -2.6386    0.0975
 1742 GLLVDVK   -8.7877  -11.4262   -2.6386    0.0975
 1743 GLLVDVK   -8.7877  -11.4262   -2.6386    0.0975
 1744 GLLVVEE   -7.7960  -11.7845   -3.9886    0.0975
 1745 GLLVVEE   -7.7960  -11.7845   -3.9886    0.0975
 1746 GLLVVEK   -7.9156  -11.0941   -3.1786    0.0975
 1747 GLLVVEK   -7.9156  -11.0941   -3.1786    0.0975
 1748 GLLVEVE   -9.5596  -13.3253   -3.7657    0.0975
 1749 GLLVEVK   -8.7711  -11.7268   -2.9557    0.0975
 1750 GLLVEVE   -9.5014  -13.2671   -3.7657    0.0975
 1751 GLLVEVE   -9.5014  -13.2671   -3.7657    0.0975
 1752 GLVVEVE   -8.4163  -11.5266   -3.1103    0.0975
 1753 GLIVEVE   -7.5731  -10.1091   -2.5360    0.0975
 1754 GLKVVEI   -7.6431   -9.2577   -1.6146    0.0975
 1755 GLKVVEI   -7.6421   -9.2566   -1.6146    0.0975
 1756 GLKIEVV   -7.4046   -9.0192   -1.6146    0.0975
 1757 GLKIDVV   -7.2204   -8.5178   -1.2974    0.0975
 1758 GLKIDVV   -7.2204   -8.5178   -1.2974    0.0975
 1759 VLKIEGV   -7.4965   -9.1111   -1.6146    0.0975
 1760 ILVVEAK   -6.9603  -10.4652   -3.5049    0.0975
 1761 ILVVEAK   -6.9603  -10.4652   -3.5049    0.0975
 1762 VLIVEAD   -8.4761  -12.4738   -3.9977    0.0975
 1763 VLIVEAD   -8.4761  -12.4738   -3.9977    0.0975
 1764 VLVIDAE   -6.3728  -10.3705   -3.9977    0.0975
 1765 VLVIDAE   -6.1559  -10.1536   -3.9977    0.0975
 1766 VLVEDAI   -4.7130   -8.8221   -4.1091    0.0975
 1767 VLVEEMF   -2.9703   -8.8509   -5.8806    0.0975
 1768 VLGEMEF   -3.0304   -5.2252   -2.1949    0.0975
 1769 VLGAMEE   -0.5320   -7.0242   -6.4923    0.0975
 1770 MLGEYVK   -1.2205   -4.3362   -3.1157    0.0975
 1771 MLGMWDD   -4.0591   -7.5760   -3.5169    0.0975
 1772 MLGMFED   -4.8930   -7.0681   -2.1751    0.0975
 1773 MLGVEVD   -6.0328   -8.7091   -2.6763    0.0975
 1774 MLMVDVD   -4.6317   -8.3197   -3.6880    0.0975
 1775 MLMVDVD   -4.6317   -8.3197   -3.6880    0.0975
 1776 ALMVDVD   -6.9491   -9.5185   -2.5694    0.0975
 1777 ALMVDVD   -6.9491   -9.5185   -2.5694    0.0975
 1778 ALMVDVD   -6.6095   -9.1789   -2.5694    0.0975
 1779 VLEVEAM   -6.2580   -9.3503   -3.0923    0.0975
 1780 VLVEDAM   -6.5224   -9.5204   -2.9980    0.0975
 1781 VLVMEAE   -8.0315  -11.2352   -3.2037    0.0975
 1782 MLVEEAV   -7.7080  -11.0232   -3.3151    0.0975
 1783 MLVKEAV   -7.5022  -10.0073   -2.5051    0.0975
 1784 KLVEMAM   -5.8519   -8.2402   -2.3883    0.0975
 1785 KLVEAVM   -1.4917   -3.8854   -2.3937    0.0975
 1786 KLMVGEA   -2.3500   -7.9209   -5.5709    0.0975
 1787 MLEVGKY   -3.9664   -6.9707   -3.0043    0.0975
 1788 MLEVGKV   -6.8126   -8.9960   -2.1834    0.0975
 1789 ELVVMGK   -4.4803   -6.8866   -2.4063    0.0975
 1790 MLKVEGV   -8.5310  -10.7144   -2.1834    0.0975
 1791 MLKVEGV   -8.5310  -10.7144   -2.1834    0.0975
 1792 MLKVDGL   -7.6099  -10.2116   -2.6017    0.0975
 1793 MLKVDGV   -8.2167  -10.0830   -1.8663    0.0975
 1794 ILKVVDG   -5.1145   -6.5233   -1.4089    0.0975
 1795 ILVVGDK   -7.1941   -8.8258   -1.6317    0.0975
 1796 ILKVGDI   -5.0730   -8.1961   -3.1231    0.0975
 1797 ILKVGDL   -4.0275   -8.3803   -4.3529    0.0975
 1798 KLLVGEI   -4.6035   -9.3849   -4.7814    0.0975
 1799 KLMVEGI   -9.1062  -10.9068   -1.8006    0.0975
 1800 KLMVDGW   -7.9791  -10.8171   -2.8380    0.0975
 1801 KLIVDGW   -6.1805  -10.7697   -4.5891    0.0975
 1802 KLIVDGW   -6.1805  -10.7697   -4.5891    0.0975
 1803 KLIVDGM   -8.7018  -10.1852   -1.4834    0.0975
 1804 KLIVEGM   -8.8712  -10.6718   -1.8006    0.0975
 1805 ILKVEGM   -7.2346   -8.9237   -1.6891    0.0975
 1806 MLKVEGI   -9.6404  -11.3296   -1.6891    0.0975
 1807 MLKVEGI   -9.6404  -11.3296   -1.6891    0.0975
 1808 MLKVEGI   -9.6404  -11.3296   -1.6891    0.0975
 1809 MLKVEGI   -9.6404  -11.3296   -1.6891    0.0975
 1810 MLKVEGI   -9.6404  -11.3296   -1.6891    0.0975
 1811 MLKVEGV   -9.1471  -11.3306   -2.1834    0.0975
 1812 MLKVDGM   -9.0800  -10.9409   -1.8609    0.0975
 1813 MLKVDGM   -9.0800  -10.9409   -1.8609    0.0975
 1814 MLKVDGM   -9.0812  -10.9421   -1.8609    0.0975
 1815 MLKVDGM   -9.0812  -10.9421   -1.8609    0.0975
 1816 ILKVDGY   -7.0465   -8.3648   -1.3183    0.0975
 1817 ILKVMGD   -7.8078   -9.2912   -1.4834    0.0975
 1818 ILKVMGD   -7.8078   -9.2912   -1.4834    0.0975
 1819 VLKVMGD   -8.2652  -10.2429   -1.9777    0.0975
 1820 WLMVKGD   -5.1537   -8.1031   -2.9494    0.0975
 1821 ILMVKGD   -6.9297   -8.5246   -1.5949    0.0975
 1822 ILMVKGD   -6.9297   -8.5246   -1.5949    0.0975
 1823 MLKVEGM   -6.5108   -8.6888   -2.1780    0.0975
 1824 KLVVEGM   -7.3961   -9.6910   -2.2949    0.0975
 1825 KLVVEMG   -7.7584  -10.0533   -2.2949    0.0975
 1826 KLVGEMV   -6.9253   -9.2202   -2.2949    0.0975
 1827 KLVGEMV   -6.9253   -9.2202   -2.2949    0.0975
 1828 KLLGDMV   -7.0174   -9.7306   -2.7131    0.0975
 1829 KLMGDMV   -6.6499   -8.6221   -1.9723    0.0975
 1830 KLMGDMV   -6.6499   -8.6221   -1.9723    0.0975
 1831 KLMGDMV   -6.6499   -8.6221   -1.9723    0.0975
 1832 KLMGDMV   -6.6499   -8.6221   -1.9723    0.0975
 1833 KLMGFDV   -7.8851   -8.9528   -1.0677    0.0975
 1834 KLVGFDY   -6.7788   -7.8728   -1.0940    0.0975
 1835 KLVGFDY   -6.7788   -7.8728   -1.0940    0.0975
 1836 KLVGFDY   -6.7788   -7.8728   -1.0940    0.0975
 1837 KLVGFDY   -6.7788   -7.8728   -1.0940    0.0975
 1838 KLVGFDY   -6.7788   -7.8728   -1.0940    0.0975
 1839 KLYGFDV   -6.6828   -7.7768   -1.0940    0.0975
 1840 KLIGFDG   -7.9671  -10.1545   -2.1874    0.0975
 1841 KLIGFDA   -8.1289  -10.3038   -2.1749    0.0975
 1842 KLMGFDA   -6.4495   -9.9932   -3.5437    0.0975
 1843 KLLGFDV   -6.4469  -10.4955   -4.0486    0.0975
 1844 KLLGFEV   -6.2885  -10.6542   -4.3657    0.0975
 1845 KLVGFEV   -8.5534   -9.8637   -1.3103    0.0975
 1846 KLFGVEV   -6.3238   -7.6341   -1.3103    0.0975
 1847 KLVGVDV   -7.6346   -9.5063   -1.8717    0.0975
 1848 KLVGVDV   -7.6346   -9.5063   -1.8717    0.0975
 1849 KLVGVDV   -7.6346   -9.5063   -1.8717    0.0975
 1850 KLIGMDV   -8.4950   -9.8670   -1.3720    0.0975
 1851 KLLGVDV   -7.6532  -10.1804   -2.5271    0.0975
 1852 KLLGVEV   -7.4809  -10.3251   -2.8443    0.0975
 1853 KLLGVEV   -7.4809  -10.3251   -2.8443    0.0975
 1854 KLLGVEV   -7.4809  -10.3251   -2.8443    0.0975
 1855 KLLGVEV   -7.4809  -10.3251   -2.8443    0.0975
 1856 KLIGVEV   -8.0026   -9.6172   -1.6146    0.0975
 1857 KLIGFDV   -7.7612  -10.5801   -2.8189    0.0975
 1858 KLIGYDV   -8.4213   -9.7396   -1.3183    0.0975
 1859 KLIGYDV   -8.4213   -9.7396   -1.3183    0.0975
 1860 KLIGYEV   -7.9655   -9.6009   -1.6354    0.0975
 1861 KLIGYEV   -7.9655   -9.6009   -1.6354    0.0975
 1862 KLIGYEV   -7.9655   -9.6009   -1.6354    0.0975
 1863 KLIGYEV   -7.9655   -9.6009   -1.6354    0.0975
 1864 KLIGYEV   -7.9655   -9.6009   -1.6354    0.0975
 1865 KLVGMEI   -5.9300   -7.6191   -1.6891    0.0975
 1866 KLVGMEI   -5.9300   -7.6191   -1.6891    0.0975
 1867 KLVGMEI   -5.9300   -7.6191   -1.6891    0.0975
 1868 MLVGEKV   -7.9583  -10.3646   -2.4063    0.0975
 1869 MLVGEKV   -7.9583  -10.3646   -2.4063    0.0975
 1870 MLVGEEV   -8.3146  -11.5308   -3.2163    0.0975
 1871 MLVGEEI   -7.7530  -10.4750   -2.7220    0.0975
 1872 MLVGEDI   -7.5121   -9.9170   -2.4049    0.0975
 1873 MLVGEEI   -8.0696  -10.7916   -2.7220    0.0975
 1874 MLVGEEI   -8.0696  -10.7916   -2.7220    0.0975
 1875 MLVGDDI   -7.6862   -9.7740   -2.0877    0.0975
 1876 MLVGDKI   -7.9041   -9.4989   -1.5949    0.0975
 1877 MLVGDKI   -7.9041   -9.4989   -1.5949    0.0975
 1878 MLVGDKF   -6.9497   -8.2403   -1.2906    0.0975
 1879 MLVGEKF   -7.0963   -8.7040   -1.6077    0.0975
 1880 MLVGEEF   -6.9416   -9.3593   -2.4177    0.0975
 1881 MLIGEKF   -4.3251   -7.7586   -3.4334    0.0975
 1882 MLIGEKF   -4.3251   -7.7586   -3.4334    0.0975
 1883 MLIGDEF   -4.7142   -8.6405   -3.9263    0.0975
 1884 MLGAEEF   -2.2497   -7.0319   -4.7823    0.0975
 1885 MLMAEFK   -4.7412   -8.0909   -3.3497    0.0975
 1886 MLMAEKF   -4.3807   -7.8418   -3.4611    0.0975
 1887 MLMAEKV   -7.3671   -9.8669   -2.4997    0.0975
 1888 MLMAEKV   -7.3671   -9.8669   -2.4997    0.0975
 1889 MLMAEDV   -7.9069  -10.8995   -2.9926    0.0975
 1890 MLMADEV   -7.6671  -10.6597   -2.9926    0.0975
 1891 MLDAVEM   -3.1141   -5.8838   -2.7697    0.0975
 1892 MLMAVDE   -7.8670  -10.9710   -3.1040    0.0975
 1893 MLMAMED   -8.2114  -11.3100   -3.0986    0.0975
 1894 MLMAMDE   -7.7870  -10.8856   -3.0986    0.0975
 1895 MLMAMDE   -7.7688  -10.8674   -3.0986    0.0975
 1896 MLVAMDE   -7.9975  -11.1015   -3.1040    0.0975
 1897 MLVAMDK   -6.7216   -9.0156   -2.2940    0.0975
 1898 MLVADMK   -6.9327   -9.0038   -2.0711    0.0975
 1899 MLMAEVD   -9.9791  -12.8602   -2.8811    0.0975
 1900 MLMAEVE  -10.1826  -13.3808   -3.1983    0.0975
 1901 MLIADVE   -6.8231  -10.8954   -4.0723    0.0975
 1902 MLYAEVD   -6.6433  -10.3507   -3.7074    0.0975
 1903 MLMAEVK   -7.7377  -10.1259   -2.3883    0.0975
 1904 MLMAEVK   -7.7377  -10.1259   -2.3883    0.0975
 1905 MLKAEVM   -9.6591  -11.9359   -2.2769    0.0975
 1906 MLKAEVV  -10.4710  -12.7533   -2.2823    0.0975
 1907 MLKAEVV  -10.4710  -12.7533   -2.2823    0.0975
 1908 MLKAEVV  -10.4710  -12.7533   -2.2823    0.0975
 1909 MLKAEVV  -10.4710  -12.7533   -2.2823    0.0975
 1910 MLKAEVV  -10.4710  -12.7533   -2.2823    0.0975
 1911 MLKAEVV  -10.4710  -12.7533   -2.2823    0.0975
 1912 MLKEAVV   -8.4574  -10.9625   -2.5051    0.0975
 1913 MLKDAVV   -7.6666   -9.8546   -2.1880    0.0975
 1914 MLKDAVV   -7.7116   -9.8996   -2.1880    0.1674
 1915 MLKADVI   -8.6152  -11.7661   -3.1509    0.1674
 1916 MLKADVI   -8.6152  -11.7661   -3.1509    0.1674
 1917 MLKADLV   -6.2190  -10.5995   -4.3806    0.1674
 1918 MLKADLV   -6.2190  -10.5995   -4.3806    0.1674
 1919 MLKADLV   -6.3587  -10.7393   -4.3806    0.1674
 1920 MLKADLV   -6.3587  -10.7393   -4.3806    0.1674
 1921 MLKADLV   -6.3587  -10.7393   -4.3806    0.1674
 1922 MLKADLV   -6.3587  -10.7393   -4.3806    0.1674
 1923 MLKADAV   -6.2674  -11.5085   -5.2411    0.1674
 1924 MLKADVV  -10.6444  -12.6096   -1.9651    0.1674
 1925 MLKADVV  -10.6444  -12.6096   -1.9651    0.1674
 1926 MLAKDVV   -8.3898  -10.5778   -2.1880    0.1674
 1927 MLAKDVV   -8.3898  -10.5778   -2.1880    0.1674
 1928 MLAKDVG   -4.3975   -9.7626   -5.3651    0.1674
 1929 MLAKDAV   -4.1574   -9.6214   -5.4640    0.1674
 1930 MLAKEVA   -4.5067  -10.2879   -5.7811    0.1674
 1931 MLAKDLV   -5.6044  -10.2079   -4.6034    0.1674
 1932 MLGKDLV   -5.9149   -8.7395   -2.8246    0.1674
 1933 MLGKDLV   -5.9149   -8.7395   -2.8246    0.1674
 1934 MLGKDLV   -5.9149   -8.7395   -2.8246    0.1674
 1935 MLGVDLK   -5.3979   -7.9997   -2.6017    0.1674
 1936 YLGVDLE   -1.9365   -5.8545   -3.9180    0.1674
 1937 YLGVDVE   -3.7821   -7.2846   -3.5026    0.1674
 1938 YLEVDVG   -2.9367   -6.4393   -3.5026    0.1674
 1939 MLDVEVG   -5.0134   -7.6897   -2.6763    0.1674
 1940 MLDVDVG   -3.8952   -6.2543   -2.3591    0.1674
 1941 MLEVGVD   -5.4258   -8.1021   -2.6763    0.1674
 1942 GLMIEDV   -7.2483   -9.6531   -2.4049    0.1674
 1943 GLMIEVK   -7.8625   -9.6631   -1.8006    0.1674
 1944 GLIVEMK   -7.4683   -9.2689   -1.8006    0.1674
 1945 GLIVEKM   -6.9043   -8.8163   -1.9120    0.1674
 1946 GLEVVEM   -4.4911   -7.4845   -2.9934    0.1674
 1947 GLKVVEM   -5.7028   -7.8863   -2.1834    0.1674
 1948 GLEVVKL   -6.7735   -9.6178   -2.8443    0.1674
 1949 GLEVIKV   -8.6613  -10.2759   -1.6146    0.1674
 1950 GLEVIKV   -8.6613  -10.2759   -1.6146    0.1674
 1951 GLEVIKV   -8.6613  -10.2759   -1.6146    0.1674
 1952 GLEVIKV   -8.6613  -10.2759   -1.6146    0.1674
 1953 GLEVIKM   -8.4048  -10.0939   -1.6891    0.1674
 1954 GLEVMKI   -8.0397   -9.7288   -1.6891    0.1674
 1955 GLEKVMV   -2.2758   -4.6820   -2.4063    0.1674
 1956 GLVMKVD   -3.5083   -5.4860   -1.9777    0.1674
 1957 GLVVKME   -0.5055   -2.8003   -2.2949    0.1674
 1958 GLVLKME   -1.1334   -4.1637   -3.0303    0.1674
 1959 GLDLKVM   -0.9035   -3.5052   -2.6017    0.1674
 1960 MLELKGV   -3.3036   -6.2224   -2.9189    0.1674
 1961 MLELEGV   -6.1235   -9.8524   -3.7289    0.1674
 1962 MLLVEGE   -9.1417  -13.0934   -3.9517    0.1674
 1963 MLLVEGE   -9.1417  -13.0934   -3.9517    0.1674
 1964 MLMVEGE   -9.4013  -12.6122   -3.2109    0.1674
 1965 FLMVEGE   -7.5709   -9.9886   -2.4177    0.1674
 1966 ILMVEGD   -9.0778  -11.4827   -2.4049    0.1674
 1967 GLMVEEM   -5.4087   -8.6196   -3.2109    0.1674
 1968 MLMVDEG   -5.1084   -8.1135   -3.0051    0.1674
 1969 GLMVDEM   -5.6406   -8.5343   -2.8937    0.1674
 1970 GLMVMED   -5.2157   -8.2208   -3.0051    0.1674
 1971 ELIVMGD   -3.9273   -6.3322   -2.4049    0.1674
 1972 ILEVMGE   -6.2174   -8.8280   -2.6106    0.1674
 1973 ILMVEGE   -9.3163  -12.0383   -2.7220    0.1674
 1974 ILMVEGE   -9.3163  -12.0383   -2.7220    0.1674
 1975 MLVVEGE   -9.1215  -12.3378   -3.2163    0.1674
 1976 MLVVEGE   -9.1215  -12.3378   -3.2163    0.1674
 1977 KLMVEGV   -9.0181  -11.3130   -2.2949    0.1674
 1978 KLVVEGM   -8.9340  -11.2288   -2.2949    0.1674
 1979 KLVVEGV   -9.1015  -11.4018   -2.3003    0.1674
 1980 KLIVEGV  -10.1001  -11.8261   -1.7260    0.1674
 1981 KLIVEGV  -10.1001  -11.8261   -1.7260    0.1674
 1982 KLIVEGV  -10.1001  -11.8261   -1.7260    0.1674
 1983 KLIVDGV   -9.8459  -11.2547   -1.4089    0.1674
 1984 KLVVDGI   -9.2933  -10.7021   -1.4089    0.1674
 1985 KLMVDGI   -8.5901  -10.0735   -1.4834    0.1674
 1986 MLIVEGD   -9.4769  -11.8817   -2.4049    0.1674
 1987 MLMVEGD   -8.6767  -11.5704   -2.8937    0.1674
 1988 MLMVDGD   -8.9020  -11.4786   -2.5766    0.1674
 1989 VLVMDGD   -7.0998   -9.6818   -2.5820    0.1674
 1990 VLVVDGD   -9.0474  -11.6349   -2.5874    0.1674
 1991 VLVVDGD   -9.0474  -11.6349   -2.5874    0.1674
 1992 VLVVEGD   -9.2218  -12.1264   -2.9046    0.1674
 1993 VLVVEGE   -9.0878  -12.3095   -3.2217    0.1674
 1994 VLVVEEG   -8.7881  -12.1212   -3.3331    0.1674
 1995 VLVVEEG   -8.7881  -12.1212   -3.3331    0.1674
 1996 VLVVDGE   -8.4044  -11.3090   -2.9046    0.1674
 1997 VLVVDAD   -8.9997  -11.5746   -2.5749    0.1674
 1998 VLDVVAD   -4.8831   -7.4579   -2.5749    0.1674
 1999 ALDVVDV   -4.1780   -6.6415   -2.4634    0.1674
 2000 ALDVVKV   -5.3311   -7.3016   -1.9706    0.1674
 2001 VLVVKAD   -7.1885   -9.2705   -2.0820    0.1674
 2002 DLVVKAY   -2.2610   -5.1639   -2.9029    0.1674
 2003 ALAVDVE   -3.5844   -9.7524   -6.1680    0.1674
 2004 LLDVEVA   -0.4378   -5.5538   -5.1160    0.1674
 2005 GLDLVDA   -0.9536   -7.0096   -6.0560    0.1674
 2006 ALEIVDG   -2.4706   -7.1655   -4.6949    0.1674
 2007 ALIIDDG   -5.7928   -9.0191   -3.2263    0.1674
 2008 GLIIDDG   -7.1013  -10.2287   -3.1274    0.1674
 2009 GLIIDDA   -7.0885  -10.2033   -3.1149    0.1674
 2010 GLIIADD   -7.8450  -11.0713   -3.2263    0.1674
 2011 GLIIADD   -7.8450  -11.0713   -3.2263    0.1674
 2012 GLIIDDM   -5.9716   -9.8850   -3.9134    0.1674
 2013 GLIIDDY   -6.1974   -9.4571   -3.2597    0.1674
 2014 GLIIEDG   -7.1286  -10.5732   -3.4446    0.1674
 2015 GLIIEDM   -6.0610  -10.2916   -4.2306    0.1674
 2016 VLIDIGD   -3.9683   -7.6957   -3.7274    0.1674
 2017 VLIDVGD   -5.6410   -7.5427   -1.9017    0.1674
 2018 MLIVEGD   -9.7348  -12.1396   -2.4049    0.1674
 2019 MLIMEGD   -8.7724  -11.2518   -2.4794    0.1674
 2020 MLIMEGD   -8.7724  -11.2518   -2.4794    0.1674
 2021 MLIMEGD   -8.7724  -11.2518   -2.4794    0.1674
 2022 MLIMEGD   -8.7724  -11.2518   -2.4794    0.1674
 2023 MLVMEGD   -8.3774  -11.2711   -2.8937    0.1674
 2024 MLGLEGD   -3.3212   -9.7015   -6.3803    0.1674
 2025 MLGLEGD   -3.3212   -9.7015   -6.3803    0.1674
 2026 MLGFEGD   -3.8739   -8.2402   -4.3663    0.1674
 2027 MLGDFGK   -1.8507   -5.4069   -3.5563    0.1674
 2028 MLGEFGK   -2.7951   -6.6686   -3.8734    0.1674
 2029 MLGDFGK   -2.1372   -5.6935   -3.5563    0.1674
 2030 MLGLDGK   -1.7357   -7.3060   -5.5703    0.1674
 2031 MLGWDGK   -4.1976   -6.8927   -2.6951    0.1674
 2032 MLGEWGE   -3.6223   -7.4446   -3.8223    0.1674
 2033 MLGEWGK   -3.5809   -6.5932   -3.0123    0.1674
 2034 ELGMWGK   -3.4615   -6.4738   -3.0123    0.1674
 2035 WLGMEGK   -1.4950   -4.5073   -3.0123    0.1674
 2036 WLGMDGK   -1.5028   -4.1979   -2.6951    0.1674
 2037 MLGWDGK   -4.0206   -6.7157   -2.6951    0.1674
 2038 MLGKDGW   -4.3561   -7.1626   -2.8066    0.1674
 2039 LLKGDGW   -3.5638   -6.6798   -3.1160    0.1674
 2040 LLKGEGW   -5.6323   -9.0654   -3.4331    0.1674
 2041 LLKGEGW   -5.6323   -9.0654   -3.4331    0.1674
 2042 KLVGEGF   -7.5474  -11.4262   -3.8789    0.1674
 2043 KLGVEGF   -6.7651  -10.5325   -3.7674    0.1674
 2044 KLIVDGF   -8.2113  -11.1416   -2.9303    0.1674
 2045 KLIVDGF   -8.2113  -11.1416   -2.9303    0.1674
 2046 KLMVDGF   -9.1921  -10.3712   -1.1791    0.1674
 2047 KLMVDGF   -9.1921  -10.3712   -1.1791    0.1674
 2048 KLIVDGM   -9.2445  -10.7279   -1.4834    0.1674
 2049 KLIIVGD   -7.8951  -11.2411   -3.3460    0.1674
 2050 KLIIVGD   -7.8951  -11.2411   -3.3460    0.1674
 2051 KLIVIGD   -7.8998  -11.2458   -3.3460    0.1674
 2052 KLMVIGD   -7.9115   -9.5064   -1.5949    0.1674
 2053 KLVMIGD   -9.1304  -10.7252   -1.5949    0.1674
 2054 KLVIMGD  -10.1010  -11.6959   -1.5949    0.1674
 2055 KLVIMGD  -10.1010  -11.6959   -1.5949    0.1674
 2056 KLVIMGD  -10.1010  -11.6959   -1.5949    0.1674
 2057 KLVIVGE   -9.7592  -11.5966   -1.8374    0.1674
 2058 KLVIVGE   -9.7592  -11.5966   -1.8374    0.1674
 2059 KLVIVGE   -9.7592  -11.5966   -1.8374    0.1674
 2060 KLVIVGE   -9.7592  -11.5966   -1.8374    0.1674
 2061 KLVVIGE   -9.3933  -11.2307   -1.8374    0.1674
 2062 KLVVWGE   -8.9986  -12.1906   -3.1920    0.1674
 2063 KLVEVGV   -8.3658  -10.5547   -2.1889    0.1674
 2064 KLLEVGV   -7.6499  -10.4941   -2.8443    0.1674
 2065 KLLEVGL   -4.3357  -10.2354   -5.8997    0.1674
 2066 KLLEYGL   -4.4488   -9.7694   -5.3206    0.1674
 2067 KLLEYGL   -4.4488   -9.7694   -5.3206    0.1674
 2068 KLLEAGW   -5.5667   -9.9072   -4.3406    0.1674
 2069 KLLEAGW   -4.3979   -8.7385   -4.3406    0.1674
 2070 KLLEAGL   -3.3765   -9.6722   -6.2957    0.1674
 2071 KLLVEGW   -4.4000  -10.5360   -6.1360    0.1674
 2072 ALKVEGW   -6.3801   -9.3853   -3.0051    0.1674
 2073 ALKVEGW   -6.3801   -9.3853   -3.0051    0.1674
 2074 ALKVDGF   -5.9730   -9.5221   -3.5491    0.1674
 2075 MLKVFGE   -5.5966   -7.0929   -1.4963    0.1674
 2076 MLKVFGE   -5.5966   -7.0929   -1.4963    0.1674
 2077 GLKVFEM   -8.0164   -9.4013   -1.3849    0.1674
 2078 GLKVFEM   -8.0164   -9.4013   -1.3849    0.1674
 2079 DLKVFGM   -6.9971   -8.0648   -1.0677    0.1674
 2080 KLDVMGM   -5.4323   -7.2931   -1.8609    0.1674
 2081 ELEVMGM   -3.9588   -6.9468   -2.9880    0.1674
 2082 GLELMDM   -3.5880   -7.0742   -3.4863    0.1674
 2083 GLMLDDM   -5.4386   -8.8306   -3.3920    0.1674
 2084 GLVLMDD   -8.3341  -11.7630   -3.4289    0.1674
 2085 GLVIIDD   -6.3435  -10.2937   -3.9503    0.1674
 2086 GLVIGEE   -3.3881   -8.5241   -5.1360    0.1674
 2087 GLVGWEE   -3.9056   -7.8447   -3.9391    0.1674
 2088 GLVGWEE   -3.9056   -7.8447   -3.9391    0.1674
 2089 GLMGWKE   -6.6647   -9.7884   -3.1237    0.1674
 2090 GLIGEKW   -8.1572   -9.9121   -1.7549    0.1674
 2091 GLIGDKW   -7.5398   -8.9775   -1.4377    0.1674
 2092 GLIGDEW   -5.7905   -8.0382   -2.2477    0.1674
 2093 GLIGWDE   -6.7963   -9.0440   -2.2477    0.1674
 2094 GLIGWDE   -6.7963   -9.0440   -2.2477    0.1674
 2095 GLIGWDK   -6.7889   -8.2267   -1.4377    0.1674
 2096 KLIGWGE   -7.4007   -9.0442   -1.6434    0.1674
 2097 KLIGEGW   -7.7986   -9.4420   -1.6434    0.1674
 2098 KLIGEGW   -7.7986   -9.4420   -1.6434    0.1674
 2099 KLIGEGW   -7.7986   -9.4420   -1.6434    0.1674
 2100 KLIGEGW   -7.7986   -9.4420   -1.6434    0.1674
 2101 ILKGEGW   -6.3099   -7.9534   -1.6434    0.1674
 2102 ILKGWGE   -6.1190   -7.7624   -1.6434    0.1674
 2103 ILKGWGE   -5.9428   -7.5862   -1.6434    0.1674
 2104 LLEGWGE   -3.4383   -7.6815   -4.2431    0.1674
 2105 LLVGEGE   -3.3610  -10.1752   -6.8143    0.1674
 2106 LLVGEGE   -3.3610  -10.1752   -6.8143    0.1674
 2107 WLIGEGD   -6.3782   -8.6259   -2.2477    0.1674
 2108 WLIGEGD   -6.3782   -8.6259   -2.2477    0.1674
 2109 WLIGEGD   -6.3782   -8.6259   -2.2477    0.1674
 2110 WLIGEGD   -6.3782   -8.6259   -2.2477    0.1674
 2111 WLIGEGD   -6.3782   -8.6259   -2.2477    0.1674
 2112 WLLGDGD   -5.6633   -9.3836   -3.7203    0.1674
 2113 WLLGDGE   -5.1970   -9.2344   -4.0374    0.1674
 2114 WLLGDGE   -5.1970   -9.2344   -4.0374    0.1674
 2115 WLLGDGE   -4.8877   -8.9251   -4.0374    0.1843
 2116 WLLGDGD   -5.7267   -9.4470   -3.7203    0.1843
 2117 VLLGDGE   -1.7376   -8.2347   -6.4971    0.1843
 2118 VLLGDGE   -1.7376   -8.2347   -6.4971    0.1843
 2119 LLVGEGD   -4.0829  -10.5801   -6.4971    0.1843
 2120 VLMGEGD   -4.6534  -10.7297   -6.0763    0.1843
 2121 VLFGEGD   -4.6311   -9.1143   -4.4831    0.1843
 2122 VLFGEGD   -4.6311   -9.1143   -4.4831    0.1843
 2123 MLGFEGD   -4.9776   -9.3439   -4.3663    0.1843
 2124 MLGFDGE   -3.4608   -7.8271   -4.3663    0.1843
 2125 MLGFDGE   -3.4608   -7.8271   -4.3663    0.1843
 2126 MLGKWGD   -5.7474   -8.4426   -2.6951    0.1843
 2127 MLGKWGD   -5.7474   -8.4426   -2.6951    0.1843
 2128 MLGKWGD   -5.7045   -8.3996   -2.6951    0.1843
 2129 MLGKWGE   -5.0602   -8.0725   -3.0123    0.1843
 2130 MLGEWGE   -4.5025   -8.3248   -3.8223    0.1843
 2131 MLGWEGE   -4.6647   -8.4870   -3.8223    0.1843
 2132 MLGEWGD   -3.9107   -7.4159   -3.5051    0.1843
 2133 LLGKWGD   -2.7778   -5.8938   -3.1160    0.1843
 2134 MLGEWGD   -4.4973   -8.0024   -3.5051    0.1843
 2135 MLGEFGD   -3.1894   -7.5557   -4.3663    0.1843
 2136 MLGFEGD   -3.3446   -7.7109   -4.3663    0.1843
 2137 MLGKFGD   -3.6516   -7.2078   -3.5563    0.1843
 2138 MLGEFGD   -3.5499   -7.9162   -4.3663    0.1843
 2139 MLGEWGE   -5.3834   -9.2057   -3.8223    0.1843
 2140 MLGKWGE   -5.5718   -8.5841   -3.0123    0.1843
 2141 MLGKWGE   -5.5718   -8.5841   -3.0123    0.1843
 2142 MLGKWGE   -5.5718   -8.5841   -3.0123    0.1843
 2143 MLGKWGD   -6.0421   -8.7372   -2.6951    0.1843
 2144 MLGKWGD   -6.0421   -8.7372   -2.6951    0.1843
 2145 MLGKWGD   -7.0392   -9.7343   -2.6951    0.1843
 2146 KLGIWGD  -10.2125  -11.5388   -1.3263    0.1843
 2147 KLGIWGD  -10.2125  -11.5388   -1.3263    0.1843
 2148 KLGIDGW   -7.1570   -8.3719   -1.2149    0.1843
 2149 KLGIWGD   -7.7328   -9.0591   -1.3263    0.1843
 2150 KLGIWGD   -7.7328   -9.0591   -1.3263    0.1843
 2151 KLGIWGD   -7.7328   -9.0591   -1.3263    0.1843
 2152 KLGIWGD   -7.7328   -9.0591   -1.3263    0.1843
 2153 KLGIWGD   -7.7328   -9.0591   -1.3263    0.1843
 2154 KLGIWGD   -7.7328   -9.0591   -1.3263    0.1843
 2155 KLGIWGE   -7.2613   -8.9047   -1.6434    0.1843
 2156 KLGIWGE   -7.2613   -8.9047   -1.6434    0.1843
 2157 KLGIWGE   -7.2613   -8.9047   -1.6434    0.1843
 2158 KLGIFGE   -7.3604   -9.8650   -2.5046    0.1843
 2159 KLGIFGE   -7.3604   -9.8650   -2.5046    0.1843
 2160 KLGIFGE   -7.3604   -9.8650   -2.5046    0.1843
 2161 KLGIFGE   -7.3604   -9.8650   -2.5046    0.1843
 2162 KLIGFGE   -7.8790  -10.3836   -2.5046    0.1843
 2163 KLGIFGE   -7.4291   -9.9337   -2.5046    0.1843
 2164 KLGIFGE   -7.4291   -9.9337   -2.5046    0.1843
 2165 KLGIFGD   -8.1367  -10.3241   -2.1874    0.1843
 2166 KLGIFGD   -8.1367  -10.3241   -2.1874    0.1843
 2167 KLGIFGD   -8.1367  -10.3241   -2.1874    0.1843
 2168 KLGIFGD   -8.1367  -10.3241   -2.1874    0.1843
 2169 KLGIFGE   -7.2252   -9.7298   -2.5046    0.1843
 2170 KLGIWGD   -9.0924  -10.4187   -1.3263    0.1843
 2171 KLIGWGD   -8.3967   -9.7229   -1.3263    0.1843
 2172 KLIGWGD   -8.3967   -9.7229   -1.3263    0.1843
 2173 KLMGWGD   -7.5675  -10.2626   -2.6951    0.1843
 2174 KLGMWGD   -6.6508   -9.3460   -2.6951    0.1843
 2175 KLGMWGE   -6.5380   -9.5502   -3.0123    0.1843
 2176 KLGMWGE   -6.5380   -9.5502   -3.0123    0.1843
 2177 KLGVWGE   -6.9196   -9.9373   -3.0177    0.1843
 2178 KLVGWGE   -7.4344  -10.4521   -3.0177    0.1843
 2179 KLVGWGE   -7.4344  -10.4521   -3.0177    0.1843
 2180 VLKGWGE   -6.4485   -9.4662   -3.0177    0.1843
 2181 ALKGWGD   -4.4550  -10.4315   -5.9766    0.1843
 2182 ALKGWGD   -3.9174   -9.8940   -5.9766    0.1843
 2183 WLKGAGD   -2.6271   -8.6036   -5.9766    0.1843
 2184 MLKGAGD   -2.1225  -10.5534   -8.4309    0.1843
 2185 MLKGAGD   -2.1225  -10.5534   -8.4309    0.1843
 2186 MLKGDGA   -1.7113  -10.1422   -8.4309    0.1843
 2187 MLKGDGA   -1.7113  -10.1422   -8.4309    0.1843
 2188 MLKGDGM   -4.0486   -9.1980   -5.1494    0.1843
 2189 LLKGDGM   -2.0643   -7.6346   -5.5703    0.1843
 2190 LLGMDGK   -0.7091   -6.2794   -5.5703    0.1843
 2191 GLGVDLK   -2.1586   -7.6229   -5.4643    0.1843
 2192 VLGVELK   -5.4440   -8.2883   -2.8443    0.1843
 2193 VLGVEKF   -6.4861   -7.9078   -1.4217    0.1843
 2194 MLGVEKF   -5.7303   -7.2266   -1.4963    0.1843
 2195 MLGVEKF   -5.7303   -7.2266   -1.4963    0.1843
 2196 MLGVEKF   -5.7303   -7.2266   -1.4963    0.1843
 2197 MLGVEDI   -5.0271   -7.3205   -2.2934    0.1843
 2198 MLGVEKI   -3.5998   -5.4003   -1.8006    0.1843
 2199 MLGVEID   -4.2194   -6.4014   -2.1820    0.1843
 2200 MLGVEIE   -4.4595   -6.9586   -2.4991    0.1843
 2201 MLMVDGD   -5.6752   -8.2517   -2.5766    0.1843
 2202 MLVMEGD   -6.2973   -9.1910   -2.8937    0.1843
 2203 ELVMMAK   -7.1397   -9.6394   -2.4997    0.1843
 2204 MLVEMAK   -7.8558  -10.2441   -2.3883    0.1843
 2205 ELVMMAK   -7.4060   -9.9057   -2.4997    0.1843
 2206 ELVEMAM   -5.7998   -8.9981   -3.1983    0.1843
 2207 ELVAMEM   -3.0079   -6.2062   -3.1983    0.1843
 2208 DLVAMVE   -4.8130   -7.8110   -2.9980    0.1843
 2209 MLVADVR    0.9681   -4.4725   -5.4406    0.1843
 2210 MLFADVR    2.7534   -3.5686   -6.3220    0.1843
 2211 RLMADVG    1.1630   -7.4547   -8.6177    0.1843
 2212 KLVAEIG   -3.2127   -7.4147   -4.2020    0.1843
 2213 KLAVEIV   -3.7508   -7.2556   -3.5049    0.1843
 2214 KLAVEIV   -3.7508   -7.2556   -3.5049    0.1843
 2215 ALKVDMV   -5.3466   -7.3118   -1.9651    0.1843
 2216 ALKVMDV   -6.2611   -8.2263   -1.9651    0.1843
 2217 ALKVMDV   -6.2611   -8.2263   -1.9651    0.1843
 2218 ALKVMDV   -6.2611   -8.2263   -1.9651    0.1843
 2219 ALKVMDV   -6.2611   -8.2263   -1.9651    0.1843
 2220 ALKVMDV   -6.2611   -8.2263   -1.9651    0.1843
 2221 ALDVMKV   -6.8201   -8.7853   -1.9651    0.1843
 2222 DLAVMEV   -4.9550   -7.8415   -2.8866    0.1843
 2223 KLAVMEV   -7.9386  -10.3323   -2.3937    0.1843
 2224 KLAVMEV   -7.9386  -10.3323   -2.3937    0.1843
 2225 KLAVMEV   -7.9386  -10.3323   -2.3937    0.1843
 2226 KLAVMEV   -7.9386  -10.3323   -2.3937    0.1843
 2227 ALKVMEV   -7.6265   -9.9087   -2.2823    0.1843
 2228 ALKVMEV   -7.6265   -9.9087   -2.2823    0.1843
 2229 ALKVMEV   -7.6265   -9.9087   -2.2823    0.1843
 2230 ALKVMEV   -7.6265   -9.9087   -2.2823    0.1843
 2231 ALDVMKV   -5.3417   -7.3069   -1.9651    0.1843
 2232 ALDVMEV   -4.1890   -6.9641   -2.7751    0.1843
 2233 ALVVMED   -7.6939  -10.8033   -3.1094    0.1843
 2234 ALVVMED   -7.6939  -10.8033   -3.1094    0.1843
 2235 ELVVMAD   -6.4221   -9.4201   -2.9980    0.1843
 2236 ELVVMAD   -6.4221   -9.4201   -2.9980    0.1843
 2237 ELVVMAD   -6.5987   -9.5967   -2.9980    0.1843
 2238 KLVVMAD   -9.6882  -11.8762   -2.1880    0.1843
 2239 KLVVMAD   -9.6882  -11.8762   -2.1880    0.1843
 2240 KLVVMAD   -9.6882  -11.8762   -2.1880    0.1843
 2241 KLVVMAD   -9.6882  -11.8762   -2.1880    0.1843
 2242 KLVVMGD   -9.3210  -11.4102   -2.0891    0.1843
 2243 KLVVMGD   -9.3210  -11.4102   -2.0891    0.1843
 2244 KLIVMGD  -10.0249  -11.6198   -1.5949    0.1843
 2245 KLVIMGD   -8.4046   -9.9994   -1.5949    0.1843
 2246 KLLIYGD   -4.4178   -8.4143   -3.9966    0.1843
 2247 KLLIYGD   -4.4178   -8.4143   -3.9966    0.1843
 2248 KLLIAGD   -4.7460   -9.1578   -4.4117    0.1843
 2249 KLGIALE   -1.2578   -5.8752   -4.6174    0.1843
 2250 KLEIALG   -1.2844   -5.9019   -4.6174    0.1843
 2251 KLEIALG   -1.2844   -5.9019   -4.6174    0.1843
 2252 KLEIALA   -1.0809   -5.9572   -4.8763    0.1843
 2253 KLAIELA   -0.6224   -5.4986   -4.8763    0.1843
 2254 KLAIELA   -0.6224   -5.4986   -4.8763    0.1843
 2255 KLAIELA   -0.6224   -5.4986   -4.8763    0.1843
 2256 KLAIELG   -0.8077   -5.4252   -4.6174    0.1843
 2257 KLAIELG   -0.8077   -5.4252   -4.6174    0.1843
 2258 KLAIELG   -0.8077   -5.4252   -4.6174    0.1843
 2259 KLAIEMG   -2.2013   -6.3979   -4.1966    0.1843
 2260 KLIIEAG   -6.0568   -8.8845   -2.8277    0.1843
 2261 KLIIEAG   -6.0568   -8.8845   -2.8277    0.1843
 2262 KLIIEAA   -5.3063   -8.9528   -3.6466    0.1843
 2263 KLMIEAA   -5.6253   -9.9207   -4.2954    0.1843
 2264 KLMIEAG   -5.6595   -9.8561   -4.1966    0.1843
 2265 KLMIEAG   -5.6595   -9.8561   -4.1966    0.1843
 2266 KLVIAEG   -4.8258   -9.1392   -4.3134    0.1843
 2267 KLIVAEG   -4.4979   -8.8114   -4.3134    0.1843
 2268 KLVIAEG   -5.2519   -9.5654   -4.3134    0.1843
 2269 KLVIAEG   -5.2519   -9.5654   -4.3134    0.1843
 2270 KLVLEMG   -7.7286  -10.7589   -3.0303    0.1843
 2271 KLVLEMG   -6.8729   -9.9032   -3.0303    0.1843
 2272 MLVLEGK   -5.0959   -8.2376   -3.1417    0.1843
 2273 VLMLDGK   -4.3340   -7.1586   -2.8246    0.1843
 2274 VLKLDGM   -4.3346   -6.9363   -2.6017    0.1843
 2275 VLKVMGD   -4.8207   -6.7984   -1.9777    0.1843
 2276 KLDVMGV   -5.6895   -7.5558   -1.8663    0.1843
 2277 KLMVDGV   -7.7318   -9.7095   -1.9777    0.1843
 2278 KLLVDGV   -8.9733  -11.6119   -2.6386    0.1843
 2279 KLLVDGV   -8.9733  -11.6119   -2.6386    0.1843
 2280 KLLVDGV   -8.9733  -11.6119   -2.6386    0.1843
 2281 KLIVDGV   -8.7793  -10.1881   -1.4089    0.1843
 2282 KLIVDGV   -8.7793  -10.1881   -1.4089    0.1843
 2283 VLVKDGI   -5.1239   -6.6442   -1.5203    0.1843
 2284 VLVVDGK   -8.3294  -10.4240   -2.0946    0.1843
 2285 VLMVDGK   -8.3633  -10.4524   -2.0891    0.1843
 2286 KLMVDGV   -8.9467  -10.9244   -1.9777    0.1843
 2287 KLMVDGV   -8.9467  -10.9244   -1.9777    0.1843
 2288 KLMVDGV   -8.9467  -10.9244   -1.9777    0.1843
 2289 KLIVDGV   -9.5376  -10.9465   -1.4089    0.1843
 2290 KLVIDGV   -9.0246  -10.4335   -1.4089    0.1843
 2291 VLVIDGK   -8.0643   -9.5846   -1.5203    0.1843
 2292 GLVIDVK   -7.3070   -8.7159   -1.4089    0.1843
 2293 GLIVDVK   -7.9331   -9.3419   -1.4089    0.1843
 2294 GLIVEVK   -7.8582   -9.5842   -1.7260    0.1843
 2295 ELIVGVE   -5.3900   -7.9260   -2.5360    0.1843
 2296 VLIGVED   -2.5298   -4.8601   -2.3303    0.1843
 2297 FLIGVED   -1.1964   -5.0481   -3.8517    0.1843
 2298 FLVGVEE   -3.0216   -5.3647   -2.3431    0.1843
 2299 FLVGEEV   -6.3721   -8.7152   -2.3431    0.1843
 2300 FLVGEKV   -6.7763   -8.3095   -1.5331    0.1843
 2301 FLKGEVV   -5.0960   -6.5177   -1.4217    0.1843
 2302 FLMGEVD   -7.3332   -9.3223   -1.9891    0.1843
 2303 FLVGEVD   -7.2821   -9.1967   -1.9146    0.1843
 2304 FLGVEVD   -6.1441   -7.9472   -1.8031    0.1843
 2305 MLGVEVD   -7.0522   -9.7284   -2.6763    0.1843
 2306 MLVVEGD   -6.9740   -9.8731   -2.8991    0.1843
 2307 MLGVEVE   -7.0226  -10.0160   -2.9934    0.1843
 2308 GLEVMVE   -4.8753   -7.9802   -3.1049    0.1843
 2309 GLDVMVE   -4.0024   -6.7901   -2.7877    0.1843
 2310 GLDKMVV   -2.1855   -4.2746   -2.0891    0.1843
 2311 GLDIVVK   -4.8200   -6.2288   -1.4089    0.1843
 2312 DLGLVVD   -2.9715   -6.1029   -3.1314    0.1843
 2313 GLDLVVE   -3.7470   -7.1956   -3.4486    0.1843
 2314 DLVEVGM   -1.9049   -4.5812   -2.6763    0.1843
 2315 ELVKVGM   -4.8927   -7.0762   -2.1834    0.1843
 2316 ELDVVGI   -4.0145   -6.1220   -2.1074    0.1843
 2317 ELDVVGI   -4.2614   -6.3688   -2.1074    0.0967
 2318 VLVIEGK   -6.2969   -8.1343   -1.8374    0.0967
 2319 VLVMEAK   -6.7592   -9.1529   -2.3937    0.0967
 2320 VLVMEAE   -8.3882  -11.5919   -3.2037    0.0967
 2321 VLVMEGE   -7.9634  -11.1796   -3.2163    0.0967
 2322 VLIMEGE   -7.5190  -10.2410   -2.7220    0.0967
 2323 VLVMEGE   -8.0711  -11.2874   -3.2163    0.0967
 2324 VLVMEGE   -8.0711  -11.2874   -3.2163    0.0967
 2325 VLMVEGE   -8.9219  -12.1382   -3.2163    0.0967
 2326 DLMVEGF   -6.4443   -8.4335   -1.9891    0.0967
 2327 MLDVKGF   -6.1110   -7.1787   -1.0677    0.0967
 2328 MLDYKGF   -3.2540   -4.3425   -1.0886    0.0967
 2329 MLDMEGF   -3.9695   -5.9218   -1.9523    0.0967
 2330 MLDMEGM   -2.8448   -5.5103   -2.6654    0.0967
 2331 MLEMDGM   -2.8986   -5.5640   -2.6654    0.0967
 2332 MLVEDGM   -5.2486   -8.1423   -2.8937    0.0967
 2333 FLVKDGA   -1.1892   -4.9612   -3.7720    0.0967
 2334 FLVEEGL   -2.1577   -7.5563   -5.3986    0.0967
 2335 FLEVEGA   -2.3446   -7.0208   -4.6763    0.0967
 2336 ALMVEID   -4.5281   -8.6004   -4.0723    0.0967
 2337 GLLVEID   -5.7534  -11.0277   -5.2743    0.0967
 2338 GLLVEKI   -5.8511  -10.7440   -4.8929    0.0967
 2339 GLMVEKI   -5.6240   -7.5360   -1.9120    0.0967
 2340 GLMVEKM   -5.0534   -7.4542   -2.4009    0.0967
 2341 GLMVKDV   -4.8358   -6.9249   -2.0891    0.0967
 2342 GLVVMDD   -8.9604  -11.6539   -2.6934    0.0967
 2343 GLVDMDV   -5.5797   -7.9389   -2.3591    0.0967
 2344 GLVDMDV   -5.5797   -7.9389   -2.3591    0.0967
 2345 GLMDFDV   -4.9205   -6.4811   -1.5606    0.0967
 2346 GLVDVKM   -4.7591   -6.6254   -1.8663    0.0967
 2347 KLVDIGM   -6.6659   -8.0379   -1.3720    0.0967
 2348 KLVIDGM   -8.8058  -10.2892   -1.4834    0.0967
 2349 KLVIEGM   -9.4382  -11.2388   -1.8006    0.0967
 2350 KLIVEGM   -8.7833  -10.5839   -1.8006    0.0967
 2351 KLIMEGV   -7.9118   -9.7123   -1.8006    0.0967
 2352 KLVMEGI   -6.7693   -8.5699   -1.8006    0.0967
 2353 MLVKEGL   -4.6456   -7.7874   -3.1417    0.0967
 2354 MLVKEGL   -6.7184   -9.8601   -3.1417    0.0967
 2355 MLLEEGV   -4.4811   -8.4328   -3.9517    0.0967
 2356 MLLEDGV   -3.7349   -7.3695   -3.6346    0.0967
 2357 MLLEKGV   -2.7118   -5.8535   -3.1417    0.0967
 2358 MLLEVGK   -3.9925   -7.0228   -3.0303    0.0967
 2359 VLELMGK   -3.1851   -6.2154   -3.0303    0.0967
 2360 VLEKMGL   -4.9110   -7.9412   -3.0303    0.0967
 2361 VLEKMGL   -4.9110   -7.9412   -3.0303    0.0967
 2362 VLEKMGL   -4.9110   -7.9412   -3.0303    0.0967
 2363 VLEKMGL   -4.9110   -7.9412   -3.0303    0.0967
 2364 VLEKMGL   -4.9110   -7.9412   -3.0303    0.0967
 2365 VLELMGK   -4.8747   -7.9050   -3.0303    0.0967
 2366 GLELMAK   -1.6854   -7.6716   -5.9863    0.0967
 2367 ALELMGE   -2.8722   -9.6685   -6.7963    0.0967
 2368 WLMLEGK   -0.2200   -6.5420   -6.3220    0.0967
 2369 LLMYEGK   -1.0952   -4.7378   -3.6426    0.0967
 2370 VLMYEAD   -1.8234   -5.5308   -3.7074    0.0967
 2371 YLEVMAD   -1.4482   -5.1556   -3.7074    0.0967
 2372 YLEVMAD   -2.7867   -6.4942   -3.7074    0.0967
 2373 ALKVFAD   -2.3239   -6.0833   -3.7594    0.0967
 2374 KLAVFAD   -6.9124  -10.7832   -3.8709    0.0967
 2375 KLAVFAD   -6.9124  -10.7832   -3.8709    0.0967
 2376 KLLVFGD   -7.9362  -12.2076   -4.2714    0.0967
 2377 KLLVVGD   -8.1320  -10.8820   -2.7500    0.0967
 2378 KLLVVDG   -7.6320  -10.3820   -2.7500    0.0967
 2379 KLLVVDG   -7.6320  -10.3820   -2.7500    0.0967
 2380 KLLVGEV   -8.8466  -11.8023   -2.9557    0.0967
 2381 KLLVGEV   -8.8466  -11.8023   -2.9557    0.0967
 2382 KLLVAEV   -7.6194  -12.3540   -4.7346    0.0967
 2383 KLLVAEY   -6.6298  -10.7852   -4.1554    0.0967
 2384 KLLVAEY   -6.6298  -10.7852   -4.1554    0.0967
 2385 KLMVYDA   -5.2762   -8.1737   -2.8974    0.0967
 2386 KLMVYDA   -5.2797   -8.1771   -2.8974    0.0967
 2387 KLMVYDV   -5.2399   -7.7813   -2.5414    0.0967
 2388 KLMVYEV   -6.0767   -8.9352   -2.8586    0.0967
 2389 KLMVYEV   -6.0767   -8.9352   -2.8586    0.0967
 2390 KLMVEAV   -7.5175   -9.9112   -2.3937    0.0967
 2391 KLVVEAV   -9.7523  -12.1515   -2.3991    0.0967
 2392 KLVVAEV   -9.4516  -11.8508   -2.3991    0.0967
 2393 KLVIAEV   -7.8795  -11.3843   -3.5049    0.0967
 2394 KLVIGEV   -9.0945  -10.8205   -1.7260    0.0967
 2395 KLVIMEG  -10.1242  -12.0362   -1.9120    0.0967
 2396 KLVIEMG   -9.4565  -11.2571   -1.8006    0.0967
 2397 KLVIMDG   -9.4236  -11.0185   -1.5949    0.0967
 2398 KLVVMEG   -6.8832   -9.2895   -2.4063    0.0967
 2399 KLVVMEG   -6.8832   -9.2895   -2.4063    0.0967
 2400 KLLVMEY   -1.6159   -7.5299   -5.9140    0.0967
 2401 KLLVMDG   -7.4659  -10.2905   -2.8246    0.0967
 2402 KLLVMDG   -7.4659  -10.2905   -2.8246    0.0967
 2403 KLVVMDG   -7.9052   -9.9944   -2.0891    0.0967
 2404 KLVVDMG   -8.9058  -10.8835   -1.9777    0.0967
 2405 KLVVDGM   -6.1434   -8.1211   -1.9777    0.0967
 2406 MLLVDGK   -5.0575   -7.8821   -2.8246    0.0967
 2407 MLVLDGD   -8.6636  -11.9810   -3.3174    0.0967
 2408 MLVLKGD   -8.0413  -10.8658   -2.8246    0.0967
 2409 KLVLMGD   -8.5799  -11.4044   -2.8246    0.0967
 2410 KLVLMGD   -8.5799  -11.4044   -2.8246    0.0967
 2411 KLVLMGD   -8.5799  -11.4044   -2.8246    0.0967
 2412 KLVLYGD   -7.9001  -11.2309   -3.3309    0.0967
 2413 KLVLFGD   -7.8605  -12.1319   -4.2714    0.0967
 2414 KLVVFGE   -9.2788  -10.8120   -1.5331    0.0967
 2415 KLVVFGE   -9.2788  -10.8120   -1.5331    0.0967
 2416 GLVVFKE   -6.1872   -7.8317   -1.6446    0.0967
 2417 GLVVFED   -8.7239  -10.8614   -2.1374    0.0967
 2418 GLVVFED   -8.5857  -10.7231   -2.1374    0.0967
 2419 GLMVVED   -6.9358   -9.9464   -3.0106    0.0967
 2420 GLMVVEE   -7.6082  -10.9359   -3.3277    0.0967
 2421 GLVVEME   -8.0617  -11.1666   -3.1049    0.0967
 2422 GLVVEME   -8.0617  -11.1666   -3.1049    0.0967
 2423 GLVVEFE   -7.4498   -9.6816   -2.2317    0.0967
 2424 GLVVEFE   -7.4498   -9.6816   -2.2317    0.0967
 2425 GLVVEFE   -7.4498   -9.6816   -2.2317    0.0967
 2426 GLVVEFE   -7.4498   -9.6816   -2.2317    0.0967
 2427 GLVVEFE   -7.4498   -9.6816   -2.2317    0.0967
 2428 GLVVEFE   -7.4498   -9.6816   -2.2317    0.0967
 2429 GLVVEFE   -7.4498   -9.6816   -2.2317    0.0967
 2430 GLVVEFE   -7.4806   -9.7123   -2.2317    0.0967
 2431 GLVVEFE   -7.4561   -9.6878   -2.2317    0.0967
 2432 GLVVFEE   -8.0567  -10.5113   -2.4546    0.0967
 2433 GLVVFEE   -8.0567  -10.5113   -2.4546    0.0967
 2434 GLVVFED   -7.9410  -10.0784   -2.1374    0.0967
 2435 GLVVFDK   -8.8875  -10.2149   -1.3274    0.0967
 2436 GLVVFDK   -8.8875  -10.2149   -1.3274    0.0967
 2437 GLVMFDE   -8.2046  -10.4166   -2.2120    0.0967
 2438 GLVMFDD   -7.9925   -9.8873   -1.8949    0.0967
 2439 GLMVFDD   -7.6612   -9.5560   -1.8949    0.0967
 2440 GLMVFDD   -7.6612   -9.5560   -1.8949    0.0967
 2441 GLMVFED   -7.7411   -9.9531   -2.2120    0.0967
 2442 GLVVFED   -8.4809  -10.6183   -2.1374    0.0967
 2443 GLVVFED   -8.4809  -10.6183   -2.1374    0.0967
 2444 GLLVVED   -7.3450  -11.0164   -3.6714    0.0967
 2445 GLLVVEE   -7.5277  -11.5162   -3.9886    0.0967
 2446 GLMVVEE   -7.5919  -10.9196   -3.3277    0.0967
 2447 GLMLVEE   -4.4608   -8.5240   -4.0631    0.0967
 2448 VLMLKEG   -3.1970   -6.4501   -3.2531    0.0967
 2449 VLMLEEG   -4.0379   -8.1010   -4.0631    0.0967
 2450 ELMLEVG   -4.4160   -8.2563   -3.8403    0.0967
 2451 KLMLEVG   -4.4734   -7.5037   -3.0303    0.0967
 2452 KLMLEVG   -4.4734   -7.5037   -3.0303    0.0967
 2453 KLMLDVG   -4.5080   -7.2211   -2.7131    0.0967
 2454 KLMLDVG   -3.6123   -6.3254   -2.7131    0.0967
 2455 KLMLDVG   -3.6123   -6.3254   -2.7131    0.0967
 2456 MLKVGVD   -7.2647   -9.1310   -1.8663    0.0967
 2457 MLKVGVD   -7.2647   -9.1310   -1.8663    0.0967
 2458 ALKVDVM   -7.6654   -9.6306   -1.9651    0.0967
 2459 ALKVDVV   -7.5760   -9.5466   -1.9706    0.0967
 2460 ALKVDVV   -7.8431   -9.8137   -1.9706    0.0967
 2461 ALKVEVV   -7.6987   -9.9864   -2.2877    0.0967
 2462 ALKVVVE   -7.6828  -10.0819   -2.3991    0.0967
 2463 ALKVVVE   -7.6828  -10.0819   -2.3991    0.0967
 2464 ALKVVVE   -7.6828  -10.0819   -2.3991    0.0967
 2465 ALKVVEV   -6.9533   -9.2410   -2.2877    0.0967
 2466 ALKVVEV   -6.9533   -9.2410   -2.2877    0.0967
 2467 ALKVVVE   -7.4164   -9.8156   -2.3991    0.0967
 2468 KLVAEVV   -6.7994   -9.1985   -2.3991    0.0967
 2469 ALVKVVE   -4.8913   -7.2905   -2.3991    0.0967
 2470 ALVMEVK   -7.8278  -10.2215   -2.3937    0.0967
 2471 DLVMEIG   -4.8931   -7.1866   -2.2934    0.0967
 2472 GLVMEMD   -7.0692   -9.8515   -2.7823    0.0967
 2473 GLVMDMD   -6.8031   -9.2682   -2.4651    0.0967
 2474 GLVMDMD   -6.8031   -9.2682   -2.4651    0.0967
 2475 GLVMMDD   -7.3154  -10.0034   -2.6880    0.0967
 2476 GLVMDMD   -6.2449   -8.7100   -2.4651    0.0967
 2477 GLVMEMD   -7.7966  -10.5789   -2.7823    0.0967
 2478 GLVMEMK   -7.1991   -9.4886   -2.2894    0.0967
 2479 GLVMWEK   -5.7930   -9.1710   -3.3780    0.0967
 2480 GLVMWKD   -5.1936   -8.2545   -3.0609    0.0967
 2481 MLKGWVD   -5.7707   -8.6087   -2.8380    0.0967
 2482 MLKGWVD   -5.7707   -8.6087   -2.8380    0.0967
 2483 MLKGWVD   -5.7707   -8.6087   -2.8380    0.0967
 2484 MLKGWVE   -5.2093   -8.3645   -3.1551    0.0967
 2485 MLKGFEV   -8.0249   -9.4098   -1.3849    0.0967
 2486 KLMGWDV   -6.1811   -8.9077   -2.7266    0.0967
 2487 KLMGWDV   -6.1811   -8.9077   -2.7266    0.0967
 2488 KLMGWEV   -6.3088   -9.3526   -3.0437    0.0967
 2489 KLMGWEV   -6.3088   -9.3526   -3.0437    0.0967
 2490 KLWGIEV    0.2033   -4.5915   -4.7949    0.0967
 2491 KLVGIEW   -1.8530   -6.6479   -4.7949    0.0967
 2492 KLVGGEW   -5.9938   -9.1229   -3.1291    0.0967
 2493 KLMGGEW   -5.5200   -8.6438   -3.1237    0.0967
 2494 KLMGWDG   -5.3947   -8.0899   -2.6951    0.0967
 2495 KLMGWGD   -5.7478   -8.4430   -2.6951    0.0967
 2496 KLMGWGD   -5.7478   -8.4430   -2.6951    0.0967
 2497 KLFGWGD   -5.8537   -6.9557   -1.1020    0.0967
 2498 KLVGWGD   -6.2661   -8.9667   -2.7006    0.0967
 2499 KLVGEGW   -6.4959   -9.5136   -3.0177    0.0967
 2500 KLVGEGW   -6.4959   -9.5136   -3.0177    0.0967
 2501 KLVGWAD   -6.8810   -9.6805   -2.7994    0.0967
 2502 VLKGWAD   -6.1254   -8.9248   -2.7994    0.0967
 2503 WLKGVAD   -4.3509   -7.1503   -2.7994    0.0967
 2504 LLKGVAD   -3.5403   -9.2148   -5.6746    0.0967
 2505 VLKGMAE   -4.7164  -10.2872   -5.5709    0.0967
 2506 VLMGDAD   -3.9574   -9.7040   -5.7466    0.0967
 2507 VLIGDAD   -5.4725   -9.8502   -4.3777    0.0967
 2508 MLIGEAD   -6.2084  -10.8979   -4.6894    0.0967
 2509 MLIGEAK   -4.4520   -8.6486   -4.1966    0.0967
 2510 ILKGEAM   -5.5186   -9.7152   -4.1966    0.0967
 2511 ALKGVEM   -1.5900   -7.0494   -5.4594    0.0967
 2512 MLKGVEA   -3.6399   -9.0993   -5.4594    0.0967
 2513 MLKGVEY   -4.3749   -7.3792   -3.0043    0.0967
 2514 MLKGVDY   -5.1122   -7.7993   -2.6871    0.0967
 2515 MLKGIDY   -5.4629   -6.7757   -1.3129    0.0967
 2516 MLKGIEY   -4.8164   -6.4464   -1.6300    0.0967
 2517 MLKGYEY   -2.5086   -6.3338   -3.8251    0.0967
 2518 MLKGYEI   -5.9253   -7.5553   -1.6300    0.0967
 2519 MLKGYEI   -5.9612   -7.5913   -1.6300    0.0977
 2520 MLKGYEI   -5.9612   -7.5913   -1.6300    0.0977
 2521 MLEGVKI   -5.9615   -7.6506   -1.6891    0.0977
 2522 MLEGVKV   -6.2773   -8.4607   -2.1834    0.0977
 2523 MLEGMKV   -6.1645   -8.3425   -2.1780    0.0977
 2524 MLEGVKI   -6.4468   -8.1360   -1.6891    0.0977
 2525 MLEGVKI   -6.4468   -8.1360   -1.6891    0.0977
 2526 MLEGVKI   -6.4468   -8.1360   -1.6891    0.0977
 2527 MLEGMKF   -3.9949   -5.4544   -1.4594    0.0977
 2528 MLKGMEI   -4.0325   -5.7962   -1.7637    0.0977
 2529 MLKGIEM   -4.5042   -6.2680   -1.7637    0.0977
 2530 MLKGEMI   -5.3945   -7.2697   -1.8751    0.0977
 2531 MLKGIEM   -4.2652   -6.0289   -1.7637    0.0977
 2532 MLMGEMK   -5.1992   -7.4833   -2.2840    0.0977
 2533 MLKGFME   -4.0300   -5.6009   -1.5709    0.0977
 2534 MLKGDMF   -3.5973   -4.8510   -1.2537    0.0977
 2535 KLMGEMF   -4.7793   -6.3502   -1.5709    0.0977
 2536 KLMGEGW   -3.2115   -6.2238   -3.0123    0.0977
 2537 KLMGEGW   -3.2115   -6.2238   -3.0123    0.0977
 2538 KLMGDGW   -3.2210   -5.9161   -2.6951    0.0977
 2539 KLMGDAW   -3.6442   -6.4382   -2.7940    0.0977
 2540 ALVGKDW   -1.4582   -4.3691   -2.9109    0.0977
 2541 ALVGWDK   -5.4960   -8.4069   -2.9109    0.0977
 2542 ALVGWED   -5.5424   -9.2633   -3.7209    0.0977
 2543 ALVGDDY   -1.9241   -8.6084   -6.6843    0.0977
 2544 MLVGDDY   -2.0613   -5.4641   -3.4029    0.0977
 2545 MLGEDVY   -0.3081   -4.0281   -3.7200    0.0977
 2546 LLGEMDV   -3.0818   -6.4935   -3.4117    0.0977
 2547 DLGLMEV   -1.8360   -5.2477   -3.4117    0.0977
 2548 DLGKMLM   -0.6143   -3.4020   -2.7877    0.0977
 2549 MLGEDLM   -0.5650   -4.2741   -3.7091    0.0977
 2550 MLGEDLM   -0.5650   -4.2741   -3.7091    0.0977
 2551 MLGLEME   -2.3999   -6.2033   -3.8034    0.0977
 2552 MLGMELE   -3.6494   -7.4529   -3.8034    0.0977
 2553 MLMGELE   -3.6630   -7.5778   -3.9149    0.0977
 2554 MLIGEME   -5.1475   -7.8326   -2.6851    0.0977
 2555 MLMGEIE   -4.7624   -7.4475   -2.6851    0.0977
 2556 MLIGDVE   -6.8310   -9.1245   -2.2934    0.0977
 2557 MLVGDVE   -5.9568   -8.7445   -2.7877    0.0977
 2558 MLVGEVD   -7.3769  -10.1646   -2.7877    0.0977
 2559 FLMGEVD   -6.8204   -8.8095   -1.9891    0.0977
 2560 MLFGELD   -4.7419   -9.7865   -5.0446    0.0977
 2561 MLIGELD   -6.0018  -11.3506   -5.3489    0.0977
 2562 ALIGELE   -5.7512  -11.1787   -5.4274    0.0977
 2563 ALVGELE   -4.1475  -10.9492   -6.8017    0.0977
 2564 ALVGELK   -3.7805   -9.7722   -5.9917    0.0977
 2565 ALVGKLD   -3.3721   -9.0467   -5.6746    0.0977
 2566 ALVGEID   -5.0544   -9.7492   -4.6949    0.0977
 2567 ALFGEID   -5.2697   -8.3660   -3.0963    0.0977
 2568 ALFGEID   -5.2697   -8.3660   -3.0963    0.0977
 2569 ALKGEIF   -7.0868   -9.6902   -2.6034    0.0977
 2570 ILKGEAF   -6.5448   -9.1482   -2.6034    0.0977
 2571 FLKGEAF   -6.6803   -9.0595   -2.3791    0.0977
 2572 KLFGEAF   -8.3326  -10.7118   -2.3791    0.0977
 2573 KLFGEAF   -8.3326  -10.7118   -2.3791    0.0977
 2574 KLMGDAF   -6.9991  -10.6543   -3.6551    0.0977
 2575 KLMGAAD   -2.3514  -10.8811   -8.5297    0.0977
 2576 KLMGVAD   -5.1891  -10.4428   -5.2537    0.0977
 2577 KLMGVAD   -5.1891  -10.4428   -5.2537    0.0977
 2578 ALIGVKE   -6.1723  -10.4857   -4.3134    0.0977
 2579 ALIGMKE   -6.3188  -10.6268   -4.3080    0.0977
 2580 ALIGMDD   -4.8055   -9.2892   -4.4837    0.0977
 2581 ALIGDMD   -5.3621   -9.7344   -4.3723    0.0977
 2582 ALIGEMD   -5.4697  -10.1591   -4.6894    0.0977
 2583 ALIGEVD   -5.8206  -10.5154   -4.6949    0.0977
 2584 ALMGEIK   -5.5519   -9.7485   -4.1966    0.0977
 2585 ALMGEIK   -5.5519   -9.7485   -4.1966    0.0977
 2586 ELIGWKA   -6.2630   -9.3739   -3.1109    0.0977
 2587 ELIGWKA   -6.2630   -9.3739   -3.1109    0.0977
 2588 ELIGWKA   -6.2630   -9.3739   -3.1109    0.0977
 2589 ELIGWKV   -4.7185   -9.5133   -4.7949    0.0977
 2590 ELIGWKV   -4.7185   -9.5133   -4.7949    0.0977
 2591 ELAGVKW   -3.9709   -6.9760   -3.0051    0.0977
 2592 ELAGVKW   -3.9709   -6.9760   -3.0051    0.0977
 2593 ELAGWKV   -4.7506   -7.7557   -3.0051    0.0977
 2594 ELVGWKG   -6.7659   -9.7837   -3.0177    0.0977
 2595 GLVGWRE   -0.8850   -7.3781   -6.4931    0.0977
 2596 ALVGWRD   -1.2373   -7.5122   -6.2749    0.0977
 2597 MLVGWED   -6.7065  -10.4659   -3.7594    0.0977
 2598 MLVGWED   -6.7065  -10.4659   -3.7594    0.0977
 2599 GLVGWED   -5.5482   -9.1702   -3.6220    0.0977
 2600 GLVGWDE   -6.1870   -9.8090   -3.6220    0.0977
 2601 GLVGWKE   -6.1190   -9.2481   -3.1291    0.0977
 2602 GLKGWVE   -6.8685   -9.8862   -3.0177    0.0977
 2603 GLKGWVE   -6.8685   -9.8862   -3.0177    0.0977
 2604 GLKGFVE   -5.7780   -9.6569   -3.8789    0.0977
 2605 GLKGIEM   -5.1382   -9.1245   -3.9863    0.0977
 2606 GLKGWEM   -6.1259   -9.0268   -2.9009    0.0977
 2607 GLKGWEF   -5.5567   -6.8644   -1.3077    0.0977
 2608 GLKGWEF   -6.3043   -7.6120   -1.3077    0.0977
 2609 GLKGIEW   -5.9775   -7.5095   -1.5320    0.0977
 2610 GLKGIEM   -5.7308   -9.7171   -3.9863    0.0977
 2611 GLKGMEI   -5.8853   -9.8716   -3.9863    0.0977
 2612 GLKGMEI   -5.8853   -9.8716   -3.9863    0.0977
 2613 GLKGMEI   -5.8853   -9.8716   -3.9863    0.0977
 2614 GLKGMID   -4.3655   -8.1460   -3.7806    0.0977
 2615 GLKGMID   -4.3655   -8.1460   -3.7806    0.0977
 2616 GLKGMDI   -5.2393   -8.9085   -3.6691    0.0977
 2617 GLKGYDI   -3.2611   -7.7566   -4.4954    0.0977
 2618 GLKGVEI   -5.7354   -9.7271   -3.9917    0.0977
 2619 GLKGIDV   -5.9929   -9.6675   -3.6746    0.0977
 2620 GLKGIDV   -5.9929   -9.6675   -3.6746    0.0977
 2621 GLKGIDW   -7.5481   -8.7630   -1.2149    0.0977
 2622 GLKGIDV   -5.9909   -9.6655   -3.6746    0.0977
 2623 GLKGIDV   -5.9909   -9.6655   -3.6746    0.0977
 2624 GLKGDIW   -5.6844   -7.0107   -1.3263    0.0977
 2625 GLIGDKW   -6.3149   -7.7526   -1.4377    0.0977
 2626 GLIGDKW   -6.3149   -7.7526   -1.4377    0.0977
 2627 GLIGEKW   -6.3804   -8.1352   -1.7549    0.0977
 2628 GLIGEKW   -6.3804   -8.1352   -1.7549    0.0977
 2629 GLIGEEW   -5.7212   -8.2861   -2.5649    0.0977
 2630 GLIGEDW   -6.2248   -8.4725   -2.2477    0.0977
 2631 GLIGDDW   -5.7341   -7.6646   -1.9306    0.0977
 2632 GLIGDWE   -5.5961   -7.7324   -2.1363    0.0977
 2633 GLIGDEW   -5.6121   -7.8598   -2.2477    0.0977
 2634 GLIGDEG   -0.9923   -8.9883   -7.9960    0.0977
 2635 GLIGKEW   -2.9820   -4.7369   -1.7549    0.0977
 2636 GLGIKEW   -2.6830   -4.3264   -1.6434    0.0977
 2637 GLGEIEI   -3.2644   -6.6919   -3.4274    0.0977
 2638 GLGEVIE   -2.0528   -6.9660   -4.9131    0.0977
 2639 GLGIIEK   -5.0883   -7.9286   -2.8403    0.0977
 2640 GLGIIEE   -5.2222   -8.8725   -3.6503    0.0977
 2641 GLGMIKE   -3.0596   -7.2688   -4.2091    0.0977
 2642 GLGMFEK   -3.9595   -7.9444   -3.9849    0.0977
 2643 GLGMIEE   -3.6053   -8.6245   -5.0191    0.0977
 2644 GLGVVDE   -2.5663   -8.6480   -6.0817    0.0977
 2645 GLGLVDE   -2.5447   -9.0418   -6.4971    0.0977
 2646 GLLAVDE   -2.0171   -8.7245   -6.7074    0.0977
 2647 GLWAVDE   -2.6683   -6.5006   -3.8323    0.0977
 2648 GLWAFEE   -4.3595   -8.3104   -3.9509    0.0977
 2649 GLVAFEK   -3.9906   -8.1912   -4.2006    0.0977
 2650 ELVAFGK   -5.5990   -9.6882   -4.0891    0.0977
 2651 FLVADGK   -6.3682  -10.1402   -3.7720    0.0977
 2652 FLVADGK   -6.3682  -10.1402   -3.7720    0.0977
 2653 MLVDAGK   -3.7207   -8.9744   -5.2537    0.0977
 2654 MLVEAGK   -4.9452  -10.5160   -5.5709    0.0977
 2655 MLVDWGK   -6.1484   -8.9864   -2.8380    0.0977
 2656 WLVDMGK   -5.2274   -8.0654   -2.8380    0.0977
 2657 MLVDKGW   -4.0523   -7.0017   -2.9494    0.0977
 2658 ALVEKGW   -3.7943   -7.0223   -3.2280    0.0977
 2659 LLVEKAG   -2.7556   -8.8588   -6.1031    0.0977
 2660 LLVEYAE   -4.2166   -9.1820   -4.9654    0.0977
 2661 LLVEYGE   -4.3736   -8.7201   -4.3466    0.0977
 2662 LLVEVGE   -4.8042   -8.5699   -3.7657    0.0977
 2663 LLVEMGE   -5.8502   -9.6905   -3.8403    0.0977
 2664 FLEVMGE   -5.0264   -7.3327   -2.3063    0.0977
 2665 MLKVFGE   -7.8088   -9.3051   -1.4963    0.0977
 2666 MLKVFGE   -7.8088   -9.3051   -1.4963    0.0977
 2667 MLEVWGD   -5.4080   -9.0560   -3.6480    0.0977
 2668 MLEVWGE   -5.2777   -9.2428   -3.9651    0.0977
 2669 ELMVWGE   -4.3115   -8.3881   -4.0766    0.0977
 2670 GLVVWEE   -4.4557   -8.5691   -4.1134    0.0977
 2671 VLVEFGE   -5.7944   -8.0261   -2.2317    0.0977
 2672 VLKGFVE   -3.1920   -4.6137   -1.4217    0.0977
 2673 ELIGFVK   -5.9525   -9.1999   -3.2474    0.0977
 2674 ELIGGKF   -4.9838   -7.5998   -2.6160    0.0977
 2675 GLEIGKF   -4.7572   -7.1503   -2.3931    0.0977
 2676 KLEIGGF   -4.9372   -7.4418   -2.5046    0.0977
 2677 KLGIGEF   -6.0687   -8.4618   -2.3931    0.0977
 2678 KLGIGEF   -6.0687   -8.4618   -2.3931    0.0977
 2679 KLGIGEF   -6.0687   -8.4618   -2.3931    0.0977
 2680 KLGIGEF   -6.0687   -8.4618   -2.3931    0.0977
 2681 KLGIGEW   -6.1266   -7.6586   -1.5320    0.0977
 2682 KLGIGEW   -6.1266   -7.6586   -1.5320    0.0977
 2683 KLGIGEW   -6.1266   -7.6586   -1.5320    0.0977
 2684 KLGIGEW   -6.1266   -7.6586   -1.5320    0.0977
 2685 KLGIGEV   -4.9898   -8.9816   -3.9917    0.0977
 2686 KLGIGEI   -4.8741   -7.4915   -2.6174    0.0977
 2687 KLGIGEI   -4.8741   -7.4915   -2.6174    0.0977
 2688 KLGIGDI   -3.7405   -6.0408   -2.3003    0.0977
 2689 GLDIKGV   -2.6388   -6.3134   -3.6746    0.0977
 2690 GLDKIGI   -4.3037   -6.7154   -2.4117    0.0977
 2691 YLDKVGW   -2.9486   -5.1329   -2.1843    0.0977
 2692 VLAKEGW   -3.5203   -6.7483   -3.2280    0.0977
 2693 MLKAEGW   -5.8192   -8.8189   -2.9997    0.0977
 2694 MLKAWGE   -6.1669   -9.2780   -3.1111    0.0977
 2695 MLRAWGE   -2.9021   -9.3772   -6.4751    0.0977
 2696 WLRADGM   -0.6708   -6.7173   -6.0466    0.0977
 2697 WLLVDGR    2.9245   -6.3698   -9.2943    0.0977
 2698 WLGVDGR    2.8586   -3.2060   -6.0646    0.0977
 2699 WLIVDGR    2.2991   -5.7655   -8.0646    0.0977
 2700 ELVIDGG   -4.5106   -9.3294   -4.8189    0.0977
 2701 GLVIDEI   -5.5654   -9.7214   -4.1560    0.0977
 2702 GLIVDEA   -4.9273   -9.7336   -4.8063    0.0977
 2703 GLIVWED   -4.7122  -10.3342   -5.6220    0.0977
 2704 GLIGWDD   -5.8254   -7.7560   -1.9306    0.0977
 2705 GLIGWDD   -5.8254   -7.7560   -1.9306    0.0977
 2706 GLGIWKD   -5.7144   -7.1521   -1.4377    0.0977
 2707 KLGIWGD   -7.7475   -9.0738   -1.3263    0.0977
 2708 KLGIWGD   -7.7475   -9.0738   -1.3263    0.0977
 2709 KLGIFGD   -7.2949   -9.4823   -2.1874    0.0977
 2710 KLGIFGD   -7.2949   -9.4823   -2.1874    0.0977
 2711 KLGIFGD   -7.2949   -9.4823   -2.1874    0.0977
 2712 KLGIMGD   -5.8275   -9.6080   -3.7806    0.0977
 2713 KLIGMGD   -6.5754  -10.3559   -3.7806    0.0977
 2714 KLIGMGD   -6.5754  -10.3559   -3.7806    0.0977
 2715 KLIGMGD   -6.5754  -10.3559   -3.7806    0.0977
 2716 KLIGMGD   -6.5754  -10.3559   -3.7806    0.0977
 2717 KLGIMGD   -5.9394   -9.7200   -3.7806    0.0977
 2718 KLGIMGE   -5.0582   -9.1559   -4.0977    0.0977
 2719 KLGIMGE   -5.0582   -9.1559   -4.0977    0.0977
 2720 KLIGMGE   -5.7002   -9.7979   -4.0977    0.0977
 2721 VLKGEGF   -4.1232   -8.0021   -3.8789    0.0977
 2722 VLKGEGF   -6.0432   -9.9221   -3.8789    0.2327
 2723 VLKGEGF   -6.0432   -9.9221   -3.8789    0.2327
 2724 MLKGEGF   -6.1426  -10.0160   -3.8734    0.2327
 2725 MLKGEGF   -6.1426  -10.0160   -3.8734    0.2327
 2726 MLKGDGF   -6.2139   -9.7702   -3.5563    0.2327
 2727 MLKGDGF   -6.2139   -9.7702   -3.5563    0.2327
 2728 ALKGFGD   -2.9145   -9.7522   -6.8377    0.2327
 2729 LLKGFGD   -6.3564  -10.3335   -3.9771    0.2327
 2730 KLLGFGD   -6.2645  -10.2416   -3.9771    0.2327
 2731 LLKGFGD   -6.2805  -10.2576   -3.9771    0.2327
 2732 ILKGFGD   -7.6075   -9.7949   -2.1874    0.2327
 2733 ILKGWGD   -8.6671   -9.9934   -1.3263    0.2327
 2734 ILKGWGD   -8.6671   -9.9934   -1.3263    0.2327
 2735 KLIGWGD   -9.0300  -10.3563   -1.3263    0.2327
 2736 KLIGWGD   -9.0300  -10.3563   -1.3263    0.2327
 2737 KLIGWGD   -9.0300  -10.3563   -1.3263    0.2327
 2738 KLIGWGD   -9.0300  -10.3563   -1.3263    0.2327
 2739 KLIGWGD   -9.0300  -10.3563   -1.3263    0.2327
 2740 GLIGWKD   -7.8131   -9.2508   -1.4377    0.2327
 2741 GLIGDKW   -6.8047   -8.2424   -1.4377    0.2327
 2742 GLKGIDF   -5.8924   -7.9684   -2.0760    0.2327
 2743 GLKGIDF   -5.8924   -7.9684   -2.0760    0.2327
 2744 GLKGFDI   -5.9641   -8.0401   -2.0760    0.2327
 2745 GLKGFDV   -5.0018   -8.4520   -3.4503    0.2327
 2746 GLKGFDV   -5.0018   -8.4520   -3.4503    0.2327
 2747 GLKGFDV   -5.0018   -8.4520   -3.4503    0.2327
 2748 GLKGFVD   -5.6262   -9.1879   -3.5617    0.2327
 2749 GLKGFIE   -6.0356   -8.5402   -2.5046    0.2327
 2750 GLKGEIF   -5.5358   -8.0404   -2.5046    0.2327
 2751 GLKGEWF   -4.5652   -5.9843   -1.4191    0.2327
 2752 GLKGEIF   -5.5206   -8.0252   -2.5046    0.2327
 2753 GLGFIEK   -3.9855   -6.6015   -2.6160    0.2327
 2754 GLGEFID   -3.6656   -6.6630   -2.9974    0.2327
 2755 GLGFEVD   -3.3516   -7.6119   -4.2603    0.2327
 2756 GLGMEVD   -3.1439   -8.9973   -5.8534    0.2327
 2757 GLGMDVD   -3.1890   -8.7253   -5.5363    0.2327
 2758 GLGLEVD   -2.6999   -8.9742   -6.2743    0.2327
 2759 GLGVDLE   -2.9048   -9.1791   -6.2743    0.2327
 2760 MLGLEVE   -5.7047   -9.4335   -3.7289    0.2327
 2761 DLVGMVE   -4.2979   -7.0856   -2.7877    0.2327
 2762 KLMGVVE   -5.7007   -7.9955   -2.2949    0.2327
 2763 MLVGVED   -4.1569   -7.0560   -2.8991    0.2327
 2764 MLVGFED   -5.3724   -7.4730   -2.1006    0.2327
 2765 MLVGFED   -5.3808   -7.4814   -2.1006    0.2327
 2766 MLVGFED   -5.3808   -7.4814   -2.1006    0.2327
 2767 VLMGFEK   -3.1139   -4.7217   -1.6077    0.2327
 2768 KLEGFMV   -4.4226   -5.9189   -1.4963    0.2327
 2769 KLEGMFV   -4.6280   -6.1243   -1.4963    0.2327
 2770 KLEGFMF   -0.9345   -3.9522   -3.0177    0.2327
 2771 ELMGEFF    2.7381   -1.0896   -3.8277    0.2327
 2772 KLMGEFW    0.4343   -4.2423   -4.6766    0.2327
 2773 MLKGEFW   -1.4122   -6.0888   -4.6766    0.2327
 2774 GLKGWFE   -3.7279   -5.1470   -1.4191    0.2327
 2775 GLKGWEF   -3.8520   -5.1597   -1.3077    0.2327
 2776 GLKGWEA    0.1896   -5.9927   -6.1823    0.2327
 2777 GLKGWDM   -3.9417   -6.5254   -2.5837    0.2327
 2778 GLKGWMD   -4.3723   -7.0675   -2.6951    0.2327
 2779 GLKGWDM   -3.7785   -6.3622   -2.5837    0.2327
 2780 GLRGWDM   -2.6810   -8.6287   -5.9477    0.2327
 2781 GLDGMKW   -4.2184   -6.8021   -2.5837    0.2327
 2782 GLDGWKM   -4.0021   -6.5858   -2.5837    0.2327
 2783 KLDGWGV   -3.6086   -6.1977   -2.5891    0.2327
 2784 KLDYWGV   -3.6710   -5.7439   -2.0729    0.2327
 2785 KLVYWGE   -5.3313   -7.9442   -2.6129    0.2327
 2786 KLVAWGE   -5.7803   -9.0083   -3.2280    0.2327
 2787 KLVAWGD   -6.7640   -9.6749   -2.9109    0.2327
 2788 KLVAWGD   -6.7640   -9.6749   -2.9109    0.2327
 2789 KLVAWGD   -6.7640   -9.6749   -2.9109    0.2327
 2790 KLVAYGE   -2.4811   -8.9897   -6.5086    0.2327
 2791 KLVAFGE   -5.3633   -9.4524   -4.0891    0.2327
 2792 KLVAFGE   -5.3633   -9.4524   -4.0891    0.2327
 2793 KLVAFGE   -5.3633   -9.4524   -4.0891    0.2327
 2794 KLVAFGE   -5.3633   -9.4524   -4.0891    0.2327
 2795 KLVAFGE   -5.3633   -9.4524   -4.0891    0.2327
 2796 KLVLEGF   -3.4867   -7.9638   -4.4771    0.2327
 2797 KLVGFGE   -4.8654   -8.7442   -3.8789    0.2327
 2798 KLVIFGE   -6.4100   -9.7688   -3.3589    0.2327
 2799 KLVAFGE   -5.4792   -9.5683   -4.0891    0.2327
 2800 KLVAWGE   -6.2928   -9.5208   -3.2280    0.2327
 2801 KLVAWGE   -6.2928   -9.5208   -3.2280    0.2327
 2802 KLVEMGA   -4.9034  -10.3628   -5.4594    0.2327
 2803 KLVEMGV   -8.2662  -10.4497   -2.1834    0.2327
 2804 KLVVMGE   -8.1104  -10.5167   -2.4063    0.2327
 2805 KLVVFGE   -8.8120  -10.3451   -1.5331    0.2327
 2806 KLVVFGD   -9.2839  -10.4999   -1.2160    0.2327
 2807 KLVVFGE   -9.8001  -11.3333   -1.5331    0.2327
 2808 KLVVFGE   -9.8001  -11.3333   -1.5331    0.2327
 2809 KLVVFGE   -9.8001  -11.3333   -1.5331    0.2327
 2810 KLVVFGD   -9.2528  -10.4688   -1.2160    0.2327
 2811 KLVDFGV   -7.5538   -8.5470   -0.9931    0.2327
 2812 KLVVFGD   -9.2633  -10.4793   -1.2160    0.2327
 2813 VLKVFGD   -8.2680   -9.3726   -1.1046    0.2327
 2814 VLKVFGD   -8.2680   -9.3726   -1.1046    0.2327
 2815 FLKVGGD   -3.3248   -6.9979   -3.6731    0.2327
 2816 FLKVGGD   -3.3248   -6.9979   -3.6731    0.2327
 2817 FLKVYGD   -5.5133   -6.7187   -1.2054    0.2327
 2818 KLLVYGD   -8.0248  -11.3556   -3.3309    0.2327
 2819 KLLVYGD   -8.0248  -11.3556   -3.3309    0.2327
 2820 KLMVIGD   -7.1632   -8.7580   -1.5949    0.2327
 2821 KLMVIGD   -7.1632   -8.7580   -1.5949    0.2327
 2822 KLIVMGD   -9.5707  -11.1655   -1.5949    0.2327
 2823 KLIVMGD   -9.5707  -11.1655   -1.5949    0.2327
 2824 KLIVMGD   -9.5707  -11.1655   -1.5949    0.2327
 2825 KLIVVGD   -8.9762  -10.4965   -1.5203    0.2327
 2826 KLIVMGD   -9.2487  -10.8436   -1.5949    0.2327
 2827 KLIVDGM   -8.3253   -9.8087   -1.4834    0.2327
 2828 KLIVDGA   -7.8338  -11.7186   -3.8849    0.2327
 2829 KLIADGV   -6.1833  -10.0682   -3.8849    0.2327
 2830 KLIADGV   -5.9796   -9.8645   -3.8849    0.2327
 2831 KLIIDGL   -4.1464  -10.4364   -6.2900    0.2327
 2832 KLIVDGW   -6.6306  -11.2197   -4.5891    0.2327
 2833 KLIVDGF   -6.3502   -9.2804   -2.9303    0.2327
 2834 KLIVDGI   -6.5117   -9.7463   -3.2346    0.2327
 2835 KLIVIGD   -6.8316  -10.1776   -3.3460    0.2327
 2836 KLIVVGE   -8.6808  -10.5182   -1.8374    0.2327
 2837 KLVVIGE   -6.6060   -8.4434   -1.8374    0.2327
 2838 KLMVVGE   -7.2874   -9.6937   -2.4063    0.2327
 2839 KLVVEGV   -9.0892  -11.3895   -2.3003    0.2327
 2840 VLKVEGI   -8.4357  -10.0502   -1.6146    0.2327
 2841 VLKEVGI   -6.0539   -7.7799   -1.7260    0.2327
 2842 VLKEVGF   -6.1849   -7.6066   -1.4217    0.2327
 2843 ELKVVGF   -6.1664   -7.4767   -1.3103    0.2327
 2844 GLKVFDV   -8.8780   -9.8711   -0.9931    0.2327
 2845 GLKVFDV   -8.8780   -9.8711   -0.9931    0.2327
 2846 GLKVFDV   -8.8780   -9.8711   -0.9931    0.2327
 2847 GLKVMDV   -8.4140  -10.2803   -1.8663    0.2327
 2848 GLKVMDV   -8.4140  -10.2803   -1.8663    0.2327
 2849 GLKVMDV   -8.4140  -10.2803   -1.8663    0.2327
 2850 GLKVMDV   -8.4140  -10.2803   -1.8663    0.2327
 2851 GLKVEMV   -5.9046   -8.0880   -2.1834    0.2327
 2852 GLKVEMV   -5.9046   -8.0880   -2.1834    0.2327
 2853 GLKVMDV   -7.8375   -9.7038   -1.8663    0.2327
 2854 GLKIMDV   -6.5543   -7.9263   -1.3720    0.2327
 2855 GLKVIDM   -8.0923   -9.4643   -1.3720    0.2327
 2856 GLKVYEM   -5.6708   -8.6751   -3.0043    0.2327
 2857 GLKVYEM   -5.6708   -8.6751   -3.0043    0.2327
 2858 GLKVIEM   -7.4190   -9.1082   -1.6891    0.2327
 2859 GLKVIDM   -7.9647   -9.3367   -1.3720    0.2327
 2860 GLKVFDM   -8.5832   -9.6510   -1.0677    0.2327
 2861 GLKVFDM   -8.5832   -9.6510   -1.0677    0.2327
 2862 GLKVFDM   -8.5832   -9.6510   -1.0677    0.2327
 2863 GLKVFDM   -8.5832   -9.6510   -1.0677    0.2327
 2864 GLKGMDV   -2.6378   -7.6812   -5.0434    0.2327
 2865 GLKGMDF   -3.5677   -7.0125   -3.4449    0.2327
 2866 GLRGVDI   -1.8692   -8.9078   -7.0386    0.2327
 2867 GLRGVDI   -1.8692   -8.9078   -7.0386    0.2327
 2868 GLRGVDI   -1.8692   -8.9078   -7.0386    0.2327
 2869 GLKGVDI   -5.1481   -8.8226   -3.6746    0.2327
 2870 GLKGVDI   -5.1481   -8.8226   -3.6746    0.2327
 2871 GLKGVDI   -5.1481   -8.8226   -3.6746    0.2327
 2872 GLKGFDI   -6.4025   -8.4785   -2.0760    0.2327
 2873 GLKGFDI   -6.4025   -8.4785   -2.0760    0.2327
 2874 GLKGMDI   -4.4177   -8.0869   -3.6691    0.2327
 2875 GLKGFDW   -7.2888   -8.2794   -0.9906    0.2327
 2876 GLKGFDF   -6.3310   -8.1827   -1.8517    0.2327
 2877 GLKGFDW   -7.2856   -8.2762   -0.9906    0.2327
 2878 GLKGFDF   -6.3219   -8.1736   -1.8517    0.2327
 2879 GLKGFDV   -5.4551   -8.9054   -3.4503    0.2327
 2880 GLKGFEV   -3.7873   -7.5547   -3.7674    0.2327
 2881 GLKGFDV   -5.3504   -8.8007   -3.4503    0.2327
 2882 GLKGFDV   -5.3504   -8.8007   -3.4503    0.2327
 2883 GLKGWVD   -5.8991   -8.5997   -2.7006    0.2327
 2884 GLKGFVE   -5.1625   -9.0414   -3.8789    0.2327
 2885 GLKGFVE   -5.1625   -9.0414   -3.8789    0.2327
 2886 GLKGFEW   -7.1665   -8.4742   -1.3077    0.2327
 2887 GLKGWEF   -7.2485   -8.5562   -1.3077    0.2327
 2888 GLKGWEW   -6.2597   -8.9463   -2.6866    0.2327
 2889 GLKGWEW   -6.2597   -8.9463   -2.6866    0.2327
 2890 GLKGWEW   -6.2597   -8.9463   -2.6866    0.2327
 2891 GLKGWEW   -6.2597   -8.9463   -2.6866    0.2327
 2892 GLKGWEI   -5.6134   -7.1454   -1.5320    0.2327
 2893 GLKGWDI   -5.8995   -7.1144   -1.2149    0.2327
 2894 GLKGWDI   -5.8995   -7.1144   -1.2149    0.2327
 2895 GLKGIDF   -6.4891   -8.5651   -2.0760    0.2327
 2896 GLKGFEI   -5.6813   -8.0745   -2.3931    0.2327
 2897 GLKGFEI   -5.6813   -8.0745   -2.3931    0.2327
 2898 GLKGFEI   -5.6813   -8.0745   -2.3931    0.2327
 2899 GLKGIDI   -5.6062   -7.9065   -2.3003    0.2327
 2900 GLRGIDI   -4.5466  -10.2109   -5.6643    0.2327
 2901 GLRGIDI   -4.5466  -10.2109   -5.6643    0.2327
 2902 GLRGFDI   -4.7196  -10.1596   -5.4400    0.2327
 2903 GLRGIDW   -5.7502  -10.3291   -4.5789    0.2327
 2904 GLRGIDW   -5.7502  -10.3291   -4.5789    0.2327
 2905 GLRGIDI   -5.0082  -10.6725   -5.6643    0.2327
 2906 GLRGIDI   -5.0082  -10.6725   -5.6643    0.2327
 2907 GLRGIDI   -5.0082  -10.6725   -5.6643    0.2327
 2908 GLRGIDI   -5.0082  -10.6725   -5.6643    0.2327
 2909 GLRGIDI   -5.0082  -10.6725   -5.6643    0.2327
 2910 GLKGWDI   -7.3393   -8.5541   -1.2149    0.2327
 2911 GLKGWID   -7.6094   -8.9357   -1.3263    0.2327
 2912 GLKGWID   -7.6094   -8.9357   -1.3263    0.2327
 2913 ILKGIGD   -7.7389  -10.1506   -2.4117    0.2327
 2914 ILKGIGD   -7.7389  -10.1506   -2.4117    0.2327
 2915 KLIGIGD   -8.1526  -10.5643   -2.4117    0.2327
 2916 KLIGIGD   -8.1526  -10.5643   -2.4117    0.2327
 2917 KLIGIGD   -8.1526  -10.5643   -2.4117    0.2327
 2918 KLIGIGD   -8.1526  -10.5643   -2.4117    0.2327
 2919 KLIGIGE   -5.2998   -8.0287   -2.7289    0.2327
 2920 KLIGEGI   -5.2984   -8.0273   -2.7289    0.2327
 2921 KLIGEGF   -5.8426   -8.3472   -2.5046    0.2327
 2922 KLIGWGE   -8.3740  -10.0175   -1.6434    0.2327
 2923 KLIGWGE   -7.9903   -9.6337   -1.6434    0.2403
 2924 KLIGWGE   -7.9903   -9.6337   -1.6434    0.2403
 2925 KLIGWGD   -8.8550  -10.1812   -1.3263    0.2403
 2926 KLIGWGD   -8.8550  -10.1812   -1.3263    0.2403
 2927 KLIGWGD   -8.8550  -10.1812   -1.3263    0.2403
 2928 KLIGWGD   -8.8550  -10.1812   -1.3263    0.2403
 2929 KLIGWGD   -8.8550  -10.1812   -1.3263    0.2403
 2930 KLIGWGD   -8.8550  -10.1812   -1.3263    0.2403
 2931 ILKGMGD   -5.5878   -9.3683   -3.7806    0.2403
 2932 ILKGMGD   -5.5878   -9.3683   -3.7806    0.2403
 2933 ILKGVGD   -4.6853   -8.4713   -3.7860    0.2403
 2934 VLKGVGD   -3.6166   -8.7769   -5.1603    0.2403
 2935 FLKGVGE   -2.4825   -6.3614   -3.8789    0.2403
 2936 FLKGVGE   -2.4825   -6.3614   -3.8789    0.2403
 2937 KLFGEGV   -6.6817  -10.5606   -3.8789    0.2403
 2938 KLFGEGV   -6.6817  -10.5606   -3.8789    0.2403
 2939 KLFGEGV   -6.6817  -10.5606   -3.8789    0.2403
 2940 KLFGEGV   -6.7094  -10.5882   -3.8789    0.2403
 2941 KLFGEGV   -6.7094  -10.5882   -3.8789    0.2403
 2942 FLKGEGV   -5.2999   -9.1788   -3.8789    0.2403
 2943 FLKGEGV   -5.2999   -9.1788   -3.8789    0.2403
 2944 KLFGEGV   -7.2720  -11.1508   -3.8789    0.2403
 2945 KLFGEGV   -7.2720  -11.1508   -3.8789    0.2403
 2946 KLFGEGV   -7.2720  -11.1508   -3.8789    0.2403
 2947 KLFGEGW   -7.5174   -8.9366   -1.4191    0.2403
 2948 KLFGEGV   -7.2822  -11.1610   -3.8789    0.2403
 2949 WLKGEGV   -6.4518   -9.4696   -3.0177    0.2403
 2950 WLKGEGV   -6.4518   -9.4696   -3.0177    0.2403
 2951 KLWGEGV   -7.0412  -10.0590   -3.0177    0.2403
 2952 KLWGDGV   -7.1713   -9.8718   -2.7006    0.2403
 2953 KLWGDGF   -6.9312   -8.0332   -1.1020    0.2403
 2954 KLFGEGW   -7.1221   -8.5412   -1.4191    0.2403
 2955 KLWGEGI   -5.1787   -6.8221   -1.6434    0.2403
 2956 KLWGEGF   -5.9384   -7.3575   -1.4191    0.2403
 2957 WLKGEGI   -6.6380   -8.2815   -1.6434    0.2403
 2958 KLFGIGE   -5.5157   -8.0202   -2.5046    0.2403
 2959 KLWGIGE   -5.7928   -7.4362   -1.6434    0.2403
 2960 KLVGEGI   -4.7064   -8.8096   -4.1031    0.2403
 2961 KLVGDGI   -4.2711   -8.0571   -3.7860    0.2403
 2962 VLKGDGI   -4.1514   -7.9374   -3.7860    0.2403
 2963 VLKGDGI   -4.1514   -7.9374   -3.7860    0.2403
 2964 VLKGIGD   -4.2328   -8.0188   -3.7860    0.2403
 2965 VLKGDGI   -5.9911   -9.7771   -3.7860    0.2403
 2966 VLKGDGI   -5.9911   -9.7771   -3.7860    0.2403
 2967 VLIGDGK   -4.3560   -8.2534   -3.8974    0.2403
 2968 ILVGDGD   -4.4955   -8.8858   -4.3903    0.2403
 2969 ILVGDGD   -4.4955   -8.8858   -4.3903    0.2403
 2970 ILVGDGD   -4.4955   -8.8858   -4.3903    0.2403
 2971 ILVGDGE   -4.7559   -9.4633   -4.7074    0.2403
 2972 ILVGEGE   -4.9327   -9.9573   -5.0246    0.2403
 2973 ILVGDGD   -4.7006   -9.0909   -4.3903    0.2403
 2974 ILVGEGD   -4.4888   -9.1963   -4.7074    0.2403
 2975 ELVGDGM   -0.9288   -6.8937   -5.9649    0.2403
 2976 ELEVVGM   -3.9411   -6.9345   -2.9934    0.2403
 2977 DLVVVGD   -3.8518   -6.4392   -2.5874    0.2403
 2978 DLIVVGK   -5.3453   -6.8656   -1.5203    0.2403
 2979 DLEVVGI   -3.6314   -5.7389   -2.1074    0.2403
 2980 DLIVVGE   -3.4642   -5.7945   -2.3303    0.2403
 2981 DLLVVGE   -3.1771   -6.7371   -3.5600    0.2403
 2982 GLVVEDL   -6.7064  -10.2664   -3.5600    0.2403
 2983 GLVVDLE   -6.3370   -9.7855   -3.4486    0.2403
 2984 GLVVELD   -6.8224  -10.2710   -3.4486    0.2403
 2985 VLLVDGD   -7.0409  -10.2838   -3.2429    0.2403
 2986 VLIVEGD   -7.6703  -10.0006   -2.3303    0.2403
 2987 MLIIEGD   -6.4605  -10.6911   -4.2306    0.2403
 2988 MLIIEGD   -6.8205  -11.0510   -4.2306    0.2403
 2989 MLIIEGD   -6.8205  -11.0510   -4.2306    0.2403
 2990 GLIIEAD   -7.1304  -10.4509   -3.3206    0.2403
 2991 GLIIEGD   -7.4815  -10.8146   -3.3331    0.2403
 2992 GLIIEGD   -7.4815  -10.8146   -3.3331    0.2403
 2993 DLIIEGG   -5.2444   -8.6890   -3.4446    0.2403
 2994 GLIIEGD   -7.5152  -10.8483   -3.3331    0.2403
 2995 GLILDGD   -6.3796  -11.1853   -4.8057    0.2403
 2996 GLILDGK   -6.1798  -10.4926   -4.3129    0.2403
 2997 GLILDGK   -6.1798  -10.4926   -4.3129    0.2403
 2998 KLIIEAG   -8.5611  -11.3888   -2.8277    0.2403
 2999 KLIIEGA   -8.1242  -10.9519   -2.8277    0.2403
 3000 KLIIAGE   -7.5422  -10.4814   -2.9391    0.2403
 3001 KLIIAGE   -7.5422  -10.4814   -2.9391    0.2403
 3002 KLIIGAE   -7.6720  -10.4997   -2.8277    0.2403
 3003 KLIIGAE   -7.6720  -10.4997   -2.8277    0.2403
 3004 KLIIEAG   -8.4676  -11.2953   -2.8277    0.2403
 3005 KLIIEAG   -8.4676  -11.2953   -2.8277    0.2403
 3006 KLILEAG   -7.0298  -11.6472   -4.6174    0.2403
 3007 KLILEAG   -7.0676  -11.6850   -4.6174    0.2403
 3008 KLILEAG   -7.0676  -11.6850   -4.6174    0.2403
 3009 KLILEAG   -7.0676  -11.6850   -4.6174    0.2403
 3010 KLILEAG   -7.0676  -11.6850   -4.6174    0.2403
 3011 KLIVEAG   -7.4813  -11.6834   -4.2020    0.2403
 3012 GLIKDGM   -4.4615   -8.3535   -3.8920    0.2403
 3013 GLIDMGD   -3.3756   -7.6491   -4.2734    0.2403
 3014 GLIDYDM   -4.3831   -6.1888   -1.8057    0.2403
 3015 ALIDYDV   -4.0934   -7.0834   -2.9900    0.2403
 3016 ALDVYDI   -4.1886   -7.1786   -2.9900    0.2403
 3017 ALDVYEG    0.1858   -6.7042   -6.8900    0.2403
 3018 ALDVEIF   -2.6581   -8.0658   -5.4077    0.2403
 3019 ALEVEIY   -4.4576   -8.0819   -3.6243    0.2403
 3020 ALEVVIE   -4.9560   -9.2708   -4.3149    0.2403
 3021 ALIVVEE   -4.8983   -9.4360   -4.5377    0.2403
 3022 ALIVYEE   -5.4778   -9.4364   -3.9586    0.2403
 3023 ALIVYEE   -5.4778   -9.4364   -3.9586    0.2403
 3024 ALIVYEE   -5.5209   -9.4795   -3.9586    0.2403
 3025 ALLVYEE   -5.8767  -11.0650   -5.1883    0.2403
 3026 ALLVMEE   -5.7575  -11.5995   -5.8420    0.2403
 3027 ALLVMEE   -5.7575  -11.5995   -5.8420    0.2403
 3028 VLLEEAV   -2.5119   -8.1679   -5.6560    0.2403
 3029 VLMKEAV   -3.4340   -5.9391   -2.5051    0.2403
 3030 VLMKEAV   -3.4340   -5.9391   -2.5051    0.2403
 3031 VLEVAME   -5.8662   -9.0699   -3.2037    0.2403
 3032 VLEVAME   -5.9995   -9.2032   -3.2037    0.2403
 3033 ILEVAMD   -4.8292   -8.9015   -4.0723    0.2403
 3034 VLEIAMD   -5.1408   -9.2131   -4.0723    0.2403
 3035 VLEIAMD   -5.1408   -9.2131   -4.0723    0.2403
 3036 VLEIMAD   -6.0248  -10.0971   -4.0723    0.2403
 3037 ALIMEAD   -5.3701  -10.1583   -4.7883    0.2403
 3038 ALIMEAE   -5.0379  -10.1434   -5.1054    0.2403
 3039 ALVMDAD   -3.9931   -9.8385   -5.8454    0.2403
 3040 ALVFDAD   -1.1003   -5.3526   -4.2523    0.2403
 3041 ALVYVEE   -1.7530   -6.0059   -4.2529    0.2403
 3042 MLEGVVE   -2.2538   -5.3586   -3.1049    0.2403
 3043 FLVGVEE   -3.9258   -6.2689   -2.3431    0.2403
 3044 LLVGVEE   -3.8217   -7.6988   -3.8771    0.2403
 3045 LLVGVEE   -3.8217   -7.6988   -3.8771    0.2403
 3046 LLVGVEE   -3.8217   -7.6988   -3.8771    0.2403
 3047 ILMGVEE   -3.5275   -6.2495   -2.7220    0.2403
 3048 VLVGVEE   -3.6439   -6.8656   -3.2217    0.2403
 3049 VLVGEIE   -6.6230   -9.1590   -2.5360    0.2403
 3050 VLVGEIE   -6.6230   -9.1590   -2.5360    0.2403
 3051 ILVGEEG   -2.5707   -7.7067   -5.1360    0.2403
 3052 ELVGEIG   -2.0916   -7.0048   -4.9131    0.2403
 3053 KLVGEWG   -4.5498   -7.5675   -3.0177    0.2403
 3054 KLVGGEW   -4.5226   -7.6517   -3.1291    0.2403
 3055 KLVGFEW   -2.7897   -7.2803   -4.4906    0.2403
 3056 KLAGFEW   -2.4700   -5.2766   -2.8066    0.2403
 3057 KLAVVEW   -1.7449   -6.6044   -4.8594    0.2403
 3058 KLAVIEV   -2.5211   -6.0259   -3.5049    0.2403
 3059 KLAVIEV   -2.5211   -6.0259   -3.5049    0.2403
 3060 KLAVVVE   -5.4301   -7.9407   -2.5106    0.2403
 3061 KLAVFVD   -6.4203   -9.4151   -2.9949    0.2403
 3062 KLVGFVD   -7.8997   -9.0043   -1.1046    0.2403
 3063 KLVGFDV   -6.4335   -7.4266   -0.9931    0.2403
 3064 KLIGFID   -3.9783   -8.7343   -4.7560    0.2403
 3065 KLIGFGD   -6.4800   -8.6675   -2.1874    0.2403
 3066 KLIGFVD   -6.5989   -9.5292   -2.9303    0.2403
 3067 KLIGFMD   -6.7124   -9.7173   -3.0049    0.2403
 3068 KLIGYFD   -4.8789   -7.2300   -2.3511    0.2403
 3069 KLIGYFD   -4.8789   -7.2300   -2.3511    0.2403
 3070 KLIGYFD   -4.8789   -7.2300   -2.3511    0.2403
 3071 KLIGGFD   -5.3638   -7.6627   -2.2989    0.2403
 3072 KLIGDVM   -6.4857   -7.9691   -1.4834    0.2403
 3073 KLMGEVI   -6.6364   -8.4370   -1.8006    0.2403
 3074 KLDGMVI   -2.9266   -4.4100   -1.4834    0.2403
 3075 KLMGEVI   -5.3837   -7.1842   -1.8006    0.2403
 3076 KLVGEMI   -5.1224   -6.9229   -1.8006    0.2403
 3077 KLVGEMI   -5.1224   -6.9229   -1.8006    0.2403
 3078 MLVGDKI   -6.3756   -7.9705   -1.5949    0.2403
 3079 KLVGEMI   -7.0110   -8.8116   -1.8006    0.2403
 3080 KLVGEMI   -7.0110   -8.8116   -1.8006    0.2403
 3081 KLIGEMV   -7.9128   -9.7134   -1.8006    0.2403
 3082 KLIGEMV   -7.9128   -9.7134   -1.8006    0.2403
 3083 KLMGEMV   -7.5267   -9.8161   -2.2894    0.2403
 3084 KLVGEMV   -7.8509  -10.1457   -2.2949    0.2403
 3085 MLVGEKV   -7.3063   -9.7125   -2.4063    0.2403
 3086 ELVGEMV   -4.5932   -7.6981   -3.1049    0.2403
 3087 MLIGEEV   -8.2128  -10.9348   -2.7220    0.2403
 3088 MLEGDIV   -5.7767   -8.0702   -2.2934    0.2403
 3089 YLDGDIV   -1.1828   -3.1053   -1.9226    0.2403
 3090 YLIVGDD   -3.4250   -5.5704   -2.1454    0.2403
 3091 YLVVGDD   -3.9169   -7.4366   -3.5197    0.2403
 3092 VLVAADD   -3.3096   -9.3833   -6.0737    0.2403
 3093 ELVVADV   -5.2786   -8.1706   -2.8920    0.2403
 3094 ELVVMKV   -5.7301   -9.1678   -3.4377    0.2403
 3095 ELVVMKV   -5.7301   -9.1678   -3.4377    0.2403
 3096 ELVVGKV   -5.8943   -8.1946   -2.3003    0.2403
 3097 ELVVGKV   -5.8943   -8.1946   -2.3003    0.2403
 3098 DLVVGKV   -5.1764   -7.1596   -1.9831    0.2403
 3099 DLVVGVK   -6.3690   -8.3521   -1.9831    0.2403
 3100 DLKVGVV   -6.5589   -8.4306   -1.8717    0.2403
 3101 DLKVGVV   -6.5589   -8.4306   -1.8717    0.2403
 3102 DLKVGVI   -6.6978   -7.9952   -1.2974    0.2403
 3103 DLKVGVI   -6.6978   -7.9952   -1.2974    0.2403
 3104 DLKVGVI   -6.6978   -7.9952   -1.2974    0.2403
 3105 DLKVGVI   -6.6978   -7.9952   -1.2974    0.2403
 3106 DLKVGVI   -6.6978   -7.9952   -1.2974    0.2403
 3107 DLVVKGI   -4.5557   -5.9645   -1.4089    0.2403
 3108 VLKVDGI   -9.1125  -10.4099   -1.2974    0.2403
 3109 KLIVDGV  -10.2121  -11.6210   -1.4089    0.2403
 3110 KLIVEGV  -10.2786  -12.0046   -1.7260    0.2403
 3111 KLIVEGV  -10.2786  -12.0046   -1.7260    0.2403
 3112 KLIVEGV  -10.5593  -12.2853   -1.7260    0.2403
 3113 KLIVEGV  -10.5593  -12.2853   -1.7260    0.2403
 3114 KLIVEGV  -10.5593  -12.2853   -1.7260    0.2403
 3115 KLIFEGV   -4.5034   -7.7508   -3.2474    0.2403
 3116 KLIEFGM   -6.2958   -9.5064   -3.2106    0.2403
 3117 KLIDAGM   -4.5062   -8.2742   -3.7680    0.2403
 3118 KLIAEGM   -5.7101   -9.9067   -4.1966    0.2403
 3119 KLIMEGI   -5.2277   -8.8540   -3.6263    0.2403
 3120 KLIMDGI   -5.0708   -8.3799   -3.3091    0.2403
 3121 KLIMDGI   -5.0708   -8.3799   -3.3091    0.2403
 3122 KLIVDGV  -10.3590  -11.7679   -1.4089    0.2403
 3123 VLIEDGV   -6.4399   -8.7702   -2.3303    0.2403
 3124 VLIEDGV   -6.5080   -8.8383   -2.3303    0.2618
 3125 VLEIDGV   -6.7306   -8.8380   -2.1074    0.2618
 3126 VLVDGEV   -3.7435   -6.5367   -2.7931    0.2618
 3127 VLVGEDV   -4.8869   -7.7914   -2.9046    0.2618
 3128 KLVVEVG   -6.9525   -9.2528   -2.3003    0.2618
 3129 KLVVEVA   -7.0517   -9.4509   -2.3991    0.2618
 3130 ELVVEVA   -7.7162  -10.9253   -3.2091    0.2618
 3131 ELAVEVV   -6.2946   -9.5037   -3.2091    0.2618
 3132 KLVVEAV   -8.3903  -10.7894   -2.3991    0.2618
 3133 VLKVDAV   -8.2616  -10.2322   -1.9706    0.2618
 3134 VLEVDAV   -7.0225   -9.8030   -2.7806    0.2618
 3135 VLVVDAK   -8.3350  -10.4170   -2.0820    0.2618
 3136 KLVVDAV   -8.7061  -10.7881   -2.0820    0.2618
 3137 VLKVDAV  -10.2704  -12.2409   -1.9706    0.2618
 3138 VLKVDAI   -8.8495  -11.9258   -3.0763    0.2618
 3139 VLKIEAV   -7.7832  -11.1766   -3.3934    0.2618
 3140 VLKIEAV   -7.7832  -11.1766   -3.3934    0.2618
 3141 KLVIVAE   -4.4633   -8.0796   -3.6163    0.2618
 3142 KLVMVAD   -5.3674   -7.5554   -2.1880    0.2618
 3143 KLVMWAD   -5.9254  -10.6537   -4.7283    0.2618
 3144 KLVWMAD   -6.0120  -10.7403   -4.7283    0.2618
 3145 KLGWMAD   -4.9687   -7.7627   -2.7940    0.2618
 3146 KLVWMAD   -6.2732  -11.0015   -4.7283    0.2618
 3147 KLVWMAD   -6.2732  -11.0015   -4.7283    0.2618
 3148 KLVWAAE   -7.2247  -10.5515   -3.3269    0.2618
 3149 KLVWAAE   -7.2247  -10.5515   -3.3269    0.2618
 3150 ALVKWAE   -4.7699   -7.9853   -3.2154    0.2618
 3151 ALAKWVE   -4.5633   -7.7788   -3.2154    0.2618
 3152 ALAKWVD   -4.5169   -7.4152   -2.8983    0.2618
 3153 ALAKWVE   -5.0868   -8.3022   -3.2154    0.2618
 3154 ALAKWEV   -5.1973   -8.3013   -3.1040    0.2618
 3155 ALAKFEV   -4.3621   -8.3272   -3.9651    0.2618
 3156 ALAKFID   -4.9118   -7.9369   -3.0251    0.2618
 3157 KLAAFID   -4.2555   -7.3921   -3.1366    0.2618
 3158 KLGAFID   -4.3393   -6.6255   -2.2863    0.2618
 3159 KLGIFAD   -4.7407   -7.0270   -2.2863    0.2618
 3160 KLGLFAD   -4.0354   -8.1114   -4.0760    0.2618
 3161 LLGKFAD   -3.0665   -7.1425   -4.0760    0.2618
 3162 LLKGFAD   -5.7808   -9.8568   -4.0760    0.2618
 3163 LLKGFAD   -5.7808   -9.8568   -4.0760    0.2618
 3164 LLKGFAD   -5.7808   -9.8568   -4.0760    0.2618
 3165 LLKGFAD   -5.7808   -9.8568   -4.0760    0.2618
 3166 LLKGFAD   -5.7808   -9.8568   -4.0760    0.2618
 3167 LLKGFAD   -5.7808   -9.8568   -4.0760    0.2618
 3168 VLKGFDA   -5.2963   -8.8455   -3.5491    0.2618
 3169 FLKGFDA   -5.9169   -7.8674   -1.9506    0.2618
 3170 VLKGFDA   -5.1928   -8.7420   -3.5491    0.2618
 3171 VLKGFDA   -5.1928   -8.7420   -3.5491    0.2618
 3172 GLKGFDI   -5.9671   -8.0431   -2.0760    0.2618
 3173 GLKGFDI   -5.9671   -8.0431   -2.0760    0.2618
 3174 GLKGFDI   -5.9671   -8.0431   -2.0760    0.2618
 3175 ALKGFDI   -6.2166   -8.3915   -2.1749    0.2618
 3176 ALKGFDI   -6.2166   -8.3915   -2.1749    0.2618
 3177 ALKGFDI   -6.2166   -8.3915   -2.1749    0.2618
 3178 ALKGFDI   -6.2166   -8.3915   -2.1749    0.2618
 3179 ALKGIDF   -3.0981   -5.2730   -2.1749    0.2618
 3180 ILKGDAF   -3.2552   -5.5415   -2.2863    0.2618
 3181 ILKGDAM   -3.6120   -7.4914   -3.8794    0.2618
 3182 MLRGDAM   -0.3921   -9.0044   -8.6123    0.2618
 3183 VLKGDAI   -4.4209   -8.3058   -3.8849    0.2618
 3184 VLKGDAY   -2.2472   -8.3272   -6.0800    0.2618
 3185 VLKGDMY   -3.5954   -6.3940   -2.7986    0.2618
 3186 VLKGEMY   -4.0895   -7.2052   -3.1157    0.2618
 3187 VLKGEMY   -4.0895   -7.2052   -3.1157    0.2618
 3188 VLKGEMI   -4.9641   -6.7647   -1.8006    0.2618
 3189 VLKGEMI   -4.9641   -6.7647   -1.8006    0.2618
 3190 MLMGDVD   -6.1017   -8.5668   -2.4651    0.2618
 3191 MLMGDDW   -5.0276   -8.5445   -3.5169    0.2618
 3192 MLMGEDW   -5.8783   -9.7123   -3.8340    0.2618
 3193 MLMGEDW   -5.8783   -9.7123   -3.8340    0.2618
 3194 MLMGEDM   -5.7420   -8.6303   -2.8883    0.2618
 3195 MLMGMDE   -5.4125   -8.3008   -2.8883    0.2618
 3196 MLMGEDI   -6.3642   -8.8436   -2.4794    0.2618
 3197 MLMGEDM   -4.9984   -7.8866   -2.8883    0.2618
 3198 MLLGEEM   -4.6669   -8.6932   -4.0263    0.2618
 3199 MLMGEME   -5.6520   -8.7460   -3.0940    0.2618
 3200 MLMGEEM   -4.9711   -8.1766   -3.2054    0.2618
 3201 ELMGEMF   -2.6516   -5.0324   -2.3809    0.2618
 3202 ELIGEMV   -4.2865   -6.8970   -2.6106    0.2618
 3203 KLIGEMV   -6.4908   -8.2913   -1.8006    0.2618
 3204 ILVGEKV   -4.9027   -6.7401   -1.8374    0.2618
 3205 VLKGEIV   -7.1039   -8.8299   -1.7260    0.2618
 3206 VLKGEII   -4.9876   -8.5393   -3.5517    0.2618
 3207 ALKGDIV   -5.7609   -9.6458   -3.8849    0.2618
 3208 ALKGDIV   -5.7609   -9.6458   -3.8849    0.2618
 3209 ALKGDIV   -5.7609   -9.6458   -3.8849    0.2618
 3210 ALKGDVF   -5.7657   -9.4262   -3.6606    0.2618
 3211 ALKGDIV   -5.7649   -9.6498   -3.8849    0.2618
 3212 ALKGDIM   -5.7237   -9.6031   -3.8794    0.2618
 3213 ALKGDIM   -5.7237   -9.6031   -3.8794    0.2618
 3214 ALKGDIL   -5.3792   -9.6795   -4.3003    0.2618
 3215 ALKGDIM   -5.5073   -9.3867   -3.8794    0.2618
 3216 ALIGDKW   -6.7676   -9.7842   -3.0166    0.2618
 3217 ALIGDKW   -6.7676   -9.7842   -3.0166    0.2618
 3218 ALIGDKI   -6.9557   -9.5777   -2.6220    0.2618
 3219 KLIGADI   -5.3484   -7.7476   -2.3991    0.2618
 3220 KLIGADI   -5.4124   -7.8115   -2.3991    0.2618
 3221 ILIGDAK   -5.4861   -7.9966   -2.5106    0.2618
 3222 ALIGEIK   -5.8490   -8.6767   -2.8277    0.2618
 3223 ALIGEIK   -6.1919   -9.0196   -2.8277    0.2618
 3224 ALIGDID   -6.8789   -9.8823   -3.0034    0.2618
 3225 ALIGDID   -6.8789   -9.8823   -3.0034    0.2618
 3226 ALIGDIK   -7.1142   -9.6248   -2.5106    0.2618
 3227 ALIGDIK   -7.1142   -9.6248   -2.5106    0.2618
 3228 DLIGAIK   -6.1950   -8.7056   -2.5106    0.2618
 3229 DLIGAIK   -6.3552   -8.8657   -2.5106    0.2618
 3230 DLIGAIK   -6.3552   -8.8657   -2.5106    0.2618
 3231 DLIGAKI   -6.8599   -9.2590   -2.3991    0.2618
 3232 ALIGEIK   -6.7369   -9.5646   -2.8277    0.2618
 3233 ALIGELD   -5.8933  -11.0036   -5.1103    0.2618
 3234 ALVGELE   -3.8298  -10.6315   -6.8017    0.2618
 3235 ALVGEME   -4.1125  -10.4934   -6.3809    0.2618
 3236 ALIGEWD   -3.1917   -6.9068   -3.7151    0.2618
 3237 ALIGEVD   -5.4529  -10.1477   -4.6949    0.2618
 3238 ALIGEVD   -5.4529  -10.1477   -4.6949    0.2618
 3239 ALIGEVE   -5.6677  -10.6797   -5.0120    0.2618
 3240 ALIGEVE   -5.6677  -10.6797   -5.0120    0.2618
 3241 ALMGEID   -5.9205  -10.6099   -4.6894    0.2618
 3242 ALMGEID   -5.9205  -10.6099   -4.6894    0.2618
 3243 MLMGDID   -5.3541   -7.4050   -2.0509    0.2618
 3244 ILMGDMD   -4.7882   -6.8391   -2.0509    0.2618
 3245 ILMGEMD   -4.9538   -7.3218   -2.3680    0.2618
 3246 MLIGDME   -5.8680   -8.2360   -2.3680    0.2618
 3247 MLMGDMD   -4.6522   -7.1119   -2.4597    0.2618
 3248 MLMGMED   -2.8707   -5.7590   -2.8883    0.2618
 3249 MLMGMDD   -2.5811   -5.1522   -2.5711    0.2618
 3250 FLMGEMK   -4.0448   -5.6157   -1.5709    0.2618
 3251 FLKGEVM   -6.8821   -8.3784   -1.4963    0.2618
 3252 FLKGEVM   -6.4089   -7.9052   -1.4963    0.2618
 3253 MLVGFEK   -2.6951   -4.3028   -1.6077    0.2618
 3254 MLVGFEE   -3.4488   -5.8665   -2.4177    0.2618
 3255 MLEGFVE   -3.8134   -6.1197   -2.3063    0.2618
 3256 MLEGFVD   -4.3780   -6.3671   -1.9891    0.2618
 3257 ELVGFEM   -5.6386   -7.8335   -2.1949    0.2618
 3258 DLMGFEV   -5.4849   -7.3626   -1.8777    0.2618
 3259 MLDVFEG   -5.9642   -7.9534   -1.9891    0.2618
 3260 MLDGMEV   -4.7341   -7.4049   -2.6709    0.2618
 3261 MLMGDID   -7.9471   -9.9979   -2.0509    0.2618
 3262 MLMGDID   -7.9471   -9.9979   -2.0509    0.2618
 3263 MLGMDID   -6.8943   -8.8337   -1.9394    0.2618
 3264 MLGMEKI   -4.6114   -6.4865   -1.8751    0.2618
 3265 MLGMDKI   -4.6908   -6.2488   -1.5580    0.2618
 3266 MLGMDEW   -4.9189   -8.6414   -3.7226    0.2618
 3267 MLGMDEF   -5.1729   -7.2366   -2.0637    0.2618
 3268 MLGMDEL   -4.8099   -8.4077   -3.5977    0.2618
 3269 VLLGDEL    0.7407   -5.8747   -6.6154    0.2618
 3270 ELLGEAL   -1.1886   -8.4058   -7.2171    0.2618
 3271 ELFGEAL   -2.6815   -7.8847   -5.2031    0.2618
 3272 ELFGEAL   -2.6815   -7.8847   -5.2031    0.2618
 3273 ELFGEAW   -4.4949   -8.2229   -3.7280    0.2618
 3274 ELFGEAL   -3.6861   -8.8892   -5.2031    0.2618
 3275 ELVGEAL   -1.8080   -8.6097   -6.8017    0.2618
 3276 ELFGEAL   -3.5771   -8.7803   -5.2031    0.2618
 3277 ELLGEAF   -3.6188   -8.8220   -5.2031    0.2618
 3278 ILLGEKA   -3.8408   -8.5696   -4.7289    0.2618
 3279 ILLGKAE   -4.5483   -9.1657   -4.6174    0.2618
 3280 ILLGKAE   -4.5483   -9.1657   -4.6174    0.2618
 3281 ALLGDIE   -5.7863  -10.8966   -5.1103    0.2618
 3282 ALGLEIE   -4.0033   -9.3193   -5.3160    0.2618
 3283 ALALEIE   -4.0962   -9.7825   -5.6863    0.2618
 3284 ALALEIE   -4.9220  -10.6083   -5.6863    0.2618
 3285 ALALEIE   -4.9220  -10.6083   -5.6863    0.2618
 3286 ALAVEIE   -5.3633  -10.4741   -5.1109    0.2618
 3287 GLIIEVE   -4.5121   -8.8738   -4.3617    0.2618
 3288 GLLIEAE   -5.1555  -10.5830   -5.4274    0.2618
 3289 ALLIEGD   -4.6996   -9.9213   -5.2217    0.2618
 3290 YLMIDGE   -3.1672   -5.5130   -2.3457    0.2618
 3291 MLMIDGE   -4.6321   -7.1116   -2.4794    0.2618
 3292 YLMIDGD   -3.9990   -6.0275   -2.0286    0.2618
 3293 ALMIDGD   -3.2666   -7.7503   -4.4837    0.2618
 3294 MLIAEGD   -4.0662   -8.8671   -4.8009    0.2618
 3295 ILFADGE   -4.9777   -8.1854   -3.2077    0.2618
 3296 ILFADGE   -4.9777   -8.1854   -3.2077    0.2618
 3297 ILFAEGE   -4.6220   -8.1469   -3.5249    0.2618
 3298 LLLAEGD   -3.1150  -10.1264   -7.0114    0.2618
 3299 LLLAEGD   -3.1150  -10.1264   -7.0114    0.2618
 3300 LLLADGD   -3.1445   -9.8388   -6.6943    0.2618
 3301 MLLIDGD   -3.1751   -8.3182   -5.1431    0.2618
 3302 MLLVDGD   -8.4172  -11.7347   -3.3174    0.2618
 3303 MLLVDGK   -6.5438   -9.3684   -2.8246    0.2618
 3304 MLLVDGK   -6.5438   -9.3684   -2.8246    0.2618
 3305 MLLVDGK   -6.5438   -9.3684   -2.8246    0.2618
 3306 MLLVDGD   -8.7000  -12.0174   -3.3174    0.2618
 3307 VLLVEGD   -7.8184  -11.3784   -3.5600    0.2618
 3308 VLLVEGD   -7.8184  -11.3784   -3.5600    0.2618
 3309 GLLVEVD   -8.2277  -11.6763   -3.4486    0.2618
 3310 GLLVDVE   -8.5743  -12.0229   -3.4486    0.2618
 3311 GLLVDVK   -8.8648  -11.5034   -2.6386    0.2618
 3312 GLLVDVD   -9.3743  -12.5058   -3.1314    0.2618
 3313 GLLVDVD   -8.8879  -12.0193   -3.1314    0.2618
 3314 GLLVEVD   -7.7672  -11.2158   -3.4486    0.2618
 3315 GLLVDVD   -8.7621  -11.8935   -3.1314    0.2618
 3316 GLLVDVK   -8.7018  -11.3404   -2.6386    0.2618
 3317 GLVVDVD   -7.5390  -10.0150   -2.4760    0.2618
 3318 GLLVEVK   -8.0537  -11.0094   -2.9557    0.2618
 3319 GLLVEVK   -8.0537  -11.0094   -2.9557    0.2618
 3320 GLLVEKV   -7.1797  -10.2469   -3.0671    0.2618
 3321 GLLVDKV   -7.5599  -10.3099   -2.7500    0.2618
 3322 GLLVDKV   -7.5599  -10.3099   -2.7500    0.2618
 3323 GLLVDEV   -7.1139  -10.6739   -3.5600    0.2618
 3324 GLLVDEV   -7.1139  -10.6739   -3.5600    0.2618
 3325 GLLVDEV   -7.1264  -10.6864   -3.5600    0.3407
 3326 GLLVEEV   -7.4499  -11.3270   -3.8771    0.3407
 3327 GLLVEVD   -8.8164  -12.2650   -3.4486    0.3407
 3328 GLLVEVD   -8.8164  -12.2650   -3.4486    0.3407
 3329 GLMVEVD   -8.3332  -11.1209   -2.7877    0.3407
 3330 GLMVDDV   -6.8491   -9.4311   -2.5820    0.3407
 3331 GLLVYED   -5.2305   -9.4828   -4.2523    0.3407
 3332 GLLVMED   -6.4480  -10.1940   -3.7460    0.3407
 3333 GLLVEDM   -6.5258  -10.1604   -3.6346    0.3407
 3334 GLVVDEM   -6.4735   -9.3726   -2.8991    0.3407
 3335 GLVVEDM   -7.2394  -10.1385   -2.8991    0.3407
 3336 GLVVEEM   -6.7765   -9.9928   -3.2163    0.3407
 3337 GLVIEVD   -6.9238   -9.1426   -2.2189    0.3407
 3338 GLVIEMK   -4.9902   -6.7907   -1.8006    0.3407
 3339 ILVIEGE   -4.8549   -9.3281   -4.4731    0.3407
 3340 ILIVEGE   -7.1038  -11.5769   -4.4731    0.3407
 3341 MLLVEGE   -8.1921  -12.1438   -3.9517    0.3407
 3342 MLLVEGE   -8.1921  -12.1438   -3.9517    0.3407
 3343 MLLVEGE   -8.1921  -12.1438   -3.9517    0.3407
 3344 MLLVEGK   -7.2499  -10.3917   -3.1417    0.3407
 3345 MLLVEGE   -8.1462  -12.0979   -3.9517    0.3407
 3346 MLIVDGE   -8.3237  -10.7285   -2.4049    0.3407
 3347 MLMVEGE   -6.9975  -10.2084   -3.2109    0.3407
 3348 ILMVEGE   -7.2071   -9.9291   -2.7220    0.3407
 3349 ILEVMGE   -6.1059   -8.7164   -2.6106    0.3407
 3350 ILEVMGE   -6.1059   -8.7164   -2.6106    0.3407
 3351 ELIVYGE   -5.8148   -8.4831   -2.6683    0.3407
 3352 ELIVDGY   -6.5233   -8.7630   -2.2397    0.3407
 3353 DLVIDGY   -5.3384   -7.2610   -1.9226    0.3407
 3354 DLVIDGY   -5.3384   -7.2610   -1.9226    0.3407
 3355 DLIVDGY   -6.0306   -7.9532   -1.9226    0.3407
 3356 ELMIDGM   -5.9035   -8.2715   -2.3680    0.3407
 3357 KLIVDGM   -9.4886  -10.9720   -1.4834    0.3407
 3358 KLIVDGM   -8.8487  -10.3321   -1.4834    0.3407
 3359 KLIVDGM   -8.8487  -10.3321   -1.4834    0.3407
 3360 KLIVDGM   -8.8487  -10.3321   -1.4834    0.3407
 3361 KLVIDGM   -7.9818   -9.4652   -1.4834    0.3407
 3362 KLVIDGM   -7.9818   -9.4652   -1.4834    0.3407
 3363 ILKIDGM   -3.8908   -7.0885   -3.1977    0.3407
 3364 KLIIDGV   -6.5770   -9.8116   -3.2346    0.3407
 3365 KLIIDGV   -6.5770   -9.8116   -3.2346    0.3407
 3366 YLIKDGV   -6.2217   -7.7628   -1.5411    0.3407
 3367 LLIKDGA   -5.9755  -10.3872   -4.4117    0.3407
 3368 LLIKDGA   -5.9755  -10.3872   -4.4117    0.3407
 3369 ILIKGGD   -6.2529   -8.8875   -2.6346    0.3407
 3370 ILIKDGG   -6.7625   -9.5085   -2.7460    0.3407
 3371 VLIKDGG   -5.8385   -9.9587   -4.1203    0.3407
 3372 MLIKDGM   -9.5544  -11.2238   -1.6694    0.3407
 3373 MLIKDGM   -9.5779  -11.2473   -1.6694    0.3407
 3374 MLIKDGM   -9.5779  -11.2473   -1.6694    0.3407
 3375 MLIKEGM   -9.4005  -11.3871   -1.9866    0.3407
 3376 MLIEEGM   -7.9797  -10.7763   -2.7966    0.3407
 3377 MLIMEGE   -8.2394  -11.0359   -2.7966    0.3407
 3378 MLIMDGE   -8.0124  -10.4919   -2.4794    0.3407
 3379 MLIMEGD   -9.4175  -11.8969   -2.4794    0.3407
 3380 MLIEMGD   -8.8380  -11.2060   -2.3680    0.3407
 3381 MLIEMGD   -8.8380  -11.2060   -2.3680    0.3407
 3382 MLIEMGD   -8.8380  -11.2060   -2.3680    0.3407
 3383 MLIEMGD   -8.8380  -11.2060   -2.3680    0.3407
 3384 MLIMEGD   -9.5483  -12.0278   -2.4794    0.3407
 3385 MLMIEGD   -8.3529  -10.8323   -2.4794    0.3407
 3386 MLMMDGD   -7.0035   -9.5747   -2.5711    0.3407
 3387 MLMMDGK   -5.1057   -7.1840   -2.0783    0.3407
 3388 KLMMDGV   -6.6775   -8.6498   -1.9723    0.3407
 3389 KLMMDGV   -6.4757   -8.4480   -1.9723    0.3407
 3390 KLMMDGV   -6.4757   -8.4480   -1.9723    0.3407
 3391 KLMMDGV   -6.4757   -8.4480   -1.9723    0.3407
 3392 KLMVDGM   -5.9321   -7.9044   -1.9723    0.3407
 3393 KLMVDGV   -7.8055   -9.7832   -1.9777    0.3407
 3394 KLVVDGI   -6.1571   -7.5659   -1.4089    0.3407
 3395 KLMVDGV   -8.1947  -10.1724   -1.9777    0.3407
 3396 KLMVEGV   -8.7343  -11.0292   -2.2949    0.3407
 3397 MLKVEGV  -10.4731  -12.6565   -2.1834    0.3407
 3398 MLKVEGV  -10.4731  -12.6565   -2.1834    0.3407
 3399 MLKVEGV  -10.4731  -12.6565   -2.1834    0.3407
 3400 MLKVEGV  -10.4731  -12.6565   -2.1834    0.3407
 3401 MLKVEGV  -10.4731  -12.6565   -2.1834    0.3407
 3402 MLKVEGV  -10.4731  -12.6565   -2.1834    0.3407
 3403 MLKVEGM   -8.9693  -11.1473   -2.1780    0.3407
 3404 FLKVEGA   -5.9434   -9.8096   -3.8663    0.3407
 3405 MLKVEGF   -9.8074  -11.1923   -1.3849    0.3407
 3406 MLKVEGW   -7.8691  -10.9129   -3.0437    0.3407
 3407 MLKEWGV   -6.6405   -9.7957   -3.1551    0.3407
 3408 MLKEMGV   -7.3864   -9.6758   -2.2894    0.3407
 3409 FLKEMGV   -6.0272   -7.5234   -1.4963    0.3407
 3410 FLKEMGV   -6.0272   -7.5234   -1.4963    0.3407
 3411 LLKEMGV   -6.2594   -9.2896   -3.0303    0.3407
 3412 ILKEMGV   -7.1044   -8.9050   -1.8006    0.3407
 3413 VLKEFGV   -8.1509   -9.5726   -1.4217    0.3407
 3414 ELKVFGV   -8.4631   -9.7733   -1.3103    0.3407
 3415 DLKVFGV   -8.0583   -9.0514   -0.9931    0.3407
 3416 DLKVGGF   -4.4547   -8.0164   -3.5617    0.3407
 3417 ELKVWGY   -5.3922   -7.7822   -2.3900    0.3407
 3418 VLKEWGY   -4.8911   -7.3925   -2.5014    0.3407
 3419 VLEKWGY   -0.5940   -3.0954   -2.5014    0.3407
 3420 MLEKWGY   -0.7640   -3.3400   -2.5760    0.3407
 3421 GLEKWVG   -1.5189   -4.6480   -3.1291    0.3407
 3422 GLEKWVG   -0.0377   -3.1668   -3.1291    0.3407
 3423 GLKEWVG   -0.6506   -3.7798   -3.1291    0.3407
 3424 GLKVGEW   -1.8865   -4.7928   -2.9063    0.3407
 3425 GLVDGEW   -1.2114   -4.7220   -3.5106    0.3407
 3426 GLVGEDW   -5.1622   -8.7842   -3.6220    0.3407
 3427 GLVGDFD   -4.6873   -8.7418   -4.0546    0.3407
 3428 MLVGDGE   -4.0220  -10.0983   -6.0763    0.3407
 3429 MLMGDGE   -4.0102  -10.0810   -6.0709    0.3407
 3430 MLVGDGD   -3.7632   -9.5223   -5.7591    0.3407
 3431 WLVGDGD   -5.1369   -8.4417   -3.3049    0.3407
 3432 DLVGDGW   -2.3298   -5.5233   -3.1934    0.3407
 3433 GLVGEEW   -3.5581   -7.4972   -3.9391    0.3407
 3434 GLIGDKW   -6.0415   -7.4792   -1.4377    0.3407
 3435 GLIGMKD   -5.5314   -9.4234   -3.8920    0.3407
 3436 GLIGMDK   -4.5379   -8.4299   -3.8920    0.3407
 3437 GLIGMDK   -4.5379   -8.4299   -3.8920    0.3407
 3438 GLIGMEK   -4.1396   -8.3487   -4.2091    0.3407
 3439 GLKGMEI   -3.5159   -7.5022   -3.9863    0.3407
 3440 GLKGWEI   -4.2305   -5.7625   -1.5320    0.3407
 3441 GLKGWEI   -4.2305   -5.7625   -1.5320    0.3407
 3442 GLKGAEI   -0.6078   -7.8755   -7.2677    0.3407
 3443 GLIGAEE   -1.0147   -9.3153   -8.3006    0.3407
 3444 GLIGAEE   -1.0147   -9.3153   -8.3006    0.3407
 3445 GLIGAED   -1.3766   -9.3600   -7.9834    0.3407
 3446 GLMGMED   -4.0241  -10.0950   -6.0709    0.3407
 3447 GLMGMDD   -3.6633   -9.4171   -5.7537    0.3407
 3448 GLGMMDD   -3.8635   -9.6172   -5.7537    0.3407
 3449 GLGMMDD   -3.6781   -9.4318   -5.7537    0.3407
 3450 GLFGWDK   -4.8949   -6.1083   -1.2134    0.3407
 3451 GLKGWDF   -5.3743   -6.3649   -0.9906    0.3407
 3452 GLKGWDF   -5.3743   -6.3649   -0.9906    0.3407
 3453 GLKGWDF   -5.3743   -6.3649   -0.9906    0.3407
 3454 GLKGWDF   -7.1820   -8.1726   -0.9906    0.3407
 3455 GLKGWDF   -7.1820   -8.1726   -0.9906    0.3407
 3456 GLKGWEF   -7.1121   -8.4198   -1.3077    0.3407
 3457 GLKGWDF   -7.1730   -8.1636   -0.9906    0.3407
 3458 GLKGWDF   -7.1409   -8.1314   -0.9906    0.3407
 3459 GLKGFDW   -7.1862   -8.1768   -0.9906    0.3407
 3460 GLKGFDW   -7.1862   -8.1768   -0.9906    0.3407
 3461 GLKGFDW   -7.1862   -8.1768   -0.9906    0.3407
 3462 GLKGDFW   -4.8811   -5.9831   -1.1020    0.3407
 3463 GLKGDFW   -4.8811   -5.9831   -1.1020    0.3407
 3464 GLKGDFW   -4.8811   -5.9831   -1.1020    0.3407
 3465 GLKGWFD   -5.1914   -6.2934   -1.1020    0.3407
 3466 GLKGWFD   -5.1914   -6.2934   -1.1020    0.3407
 3467 GLKGWMD   -5.0458   -7.7409   -2.6951    0.3407
 3468 GLKGWME   -4.9288   -7.9410   -3.0123    0.3407
 3469 GLKGWMD   -5.3360   -8.0312   -2.6951    0.3407
 3470 GLKGWMD   -5.3360   -8.0312   -2.6951    0.3407
 3471 GLKGWID   -7.7212   -9.0475   -1.3263    0.3407
 3472 GLKGWID   -7.7212   -9.0475   -1.3263    0.3407
 3473 GLKGWID   -7.7212   -9.0475   -1.3263    0.3407
 3474 GLKGWID   -7.7212   -9.0475   -1.3263    0.3407
 3475 GLKGDIW   -6.6602   -7.9865   -1.3263    0.3407
 3476 GLKGDIW   -6.6602   -7.9865   -1.3263    0.3407
 3477 GLKGDIW   -6.6602   -7.9865   -1.3263    0.3407
 3478 GLKGDIW   -6.6602   -7.9865   -1.3263    0.3407
 3479 GLKGDIF   -6.1397   -8.3271   -2.1874    0.3407
 3480 GLFGDIK   -5.1883   -7.3757   -2.1874    0.3407
 3481 GLVGDID   -4.6306   -8.9095   -4.2789    0.3407
 3482 GLVGDID   -4.6306   -8.9095   -4.2789    0.3407
 3483 GLFGDIK   -5.2623   -7.4497   -2.1874    0.3407
 3484 GLLGDIK   -5.1290   -9.3304   -4.2014    0.3407
 3485 GLLGDVK   -4.1469   -9.7226   -5.5757    0.3407
 3486 GLLGEVK   -3.3310   -9.2238   -5.8929    0.3407
 3487 GLLGEKV   -3.7359   -9.7402   -6.0043    0.3407
 3488 GLIGEKV   -3.6685   -7.8831   -4.2146    0.3407
 3489 MLIGEKI   -4.6116   -8.3493   -3.7377    0.3407
 3490 GLIGDDI   -3.8764   -6.8924   -3.0160    0.3407
 3491 GLIGEDW   -5.6541   -7.9018   -2.2477    0.3407
 3492 GLIGEDW   -5.6541   -7.9018   -2.2477    0.3407
 3493 GLIGEDW   -5.6541   -7.9018   -2.2477    0.3407
 3494 GLKGEIW   -3.3175   -4.9609   -1.6434    0.3407
 3495 GLEGEIW   -3.8316   -6.2851   -2.4534    0.3407
 3496 GLEGEIW   -3.8316   -6.2851   -2.4534    0.3407
 3497 GLEGEIW   -3.8316   -6.2851   -2.4534    0.3407
 3498 GLKGEIW   -3.3027   -4.9461   -1.6434    0.3407
 3499 GLEGEIW   -3.8629   -6.3163   -2.4534    0.3407
 3500 GLDGEIW   -2.7109   -4.8472   -2.1363    0.3407
 3501 GLEGEIW   -3.9010   -6.3545   -2.4534    0.3407
 3502 GLIGEEW   -6.2188   -8.7837   -2.5649    0.3407
 3503 GLIGEKW   -5.1983   -6.9531   -1.7549    0.3407
 3504 GLIGEKL   -3.2277   -7.8577   -4.6300    0.3407
 3505 GLIGEEL   -3.5980   -9.0380   -5.4400    0.3407
 3506 GLIGELE   -4.5595   -9.8881   -5.3286    0.3407
 3507 ELIGGLK   -4.4722   -9.1022   -4.6300    0.3407
 3508 GLIGEGK   -1.0255   -8.4172   -7.3917    0.3407
 3509 GLLGEIK   -4.8178   -9.3364   -4.5186    0.3407
 3510 GLMGEMD   -2.6356   -8.5950   -5.9594    0.3407
 3511 MLEGMGD   -2.7696   -8.7290   -5.9594    0.3407
 3512 DLWGEGM   -2.3341   -5.8392   -3.5051    0.3407
 3513 DLWGEGI   -3.4327   -5.5690   -2.1363    0.3407
 3514 ELWGDGI   -4.3630   -6.4993   -2.1363    0.3407
 3515 DLWGEGI   -3.5839   -5.7202   -2.1363    0.3407
 3516 KLWGDGI   -6.2656   -7.5919   -1.3263    0.3407
 3517 KLGWDGI   -5.7207   -6.9356   -1.2149    0.3407
 3518 KLGWDGI   -5.7207   -6.9356   -1.2149    0.3407
 3519 KLGMDGI   -3.8896   -7.5587   -3.6691    0.3407
 3520 MLGKEGI   -3.4376   -7.6468   -4.2091    0.3407
 3521 MLGKEGI   -3.4376   -7.6468   -4.2091    0.3407
 3522 MLGKEGI   -3.4376   -7.6468   -4.2091    0.3407
 3523 KLGMEGI   -3.4724   -7.4587   -3.9863    0.3407
 3524 ILGMEGE   -3.4631   -8.3708   -4.9077    0.3407
 3525 ILGWDGD   -6.0442   -7.8633   -1.8191    0.3407
 3526 ILGWEGE   -5.9439   -8.3973   -2.4534    0.3407
 3527 ILGWEGE   -6.0178   -8.4712   -2.4534    0.3352
 3528 ILGWEGD   -5.9582   -8.0945   -2.1363    0.3352
 3529 WLGIEGD   -5.9528   -8.0891   -2.1363    0.3352
 3530 WLGIDGD   -5.8709   -7.6901   -1.8191    0.3352
 3531 ELGIWGD   -4.5346   -6.6709   -2.1363    0.3352
 3532 GLGKWIE   -3.8186   -5.4620   -1.6434    0.3352
 3533 GLGEEWI   -2.3968   -4.9617   -2.5649    0.3352
 3534 GLGEEWI   -2.3968   -4.9617   -2.5649    0.3352
 3535 GLGEEWI   -2.3968   -4.9617   -2.5649    0.3352
 3536 GLGEEWI   -2.3968   -4.9617   -2.5649    0.3352
 3537 GLGIEWE   -2.9405   -5.2825   -2.3420    0.3352
 3538 GLGIDWE   -2.9101   -4.9350   -2.0249    0.3352
 3539 GLGIEDW   -6.4599   -8.5962   -2.1363    0.3352
 3540 GLGIWDD   -7.2434   -9.1740   -1.9306    0.3352
 3541 GLGIWDD   -7.2434   -9.1740   -1.9306    0.3352
 3542 GLGIWDD   -7.2434   -9.1740   -1.9306    0.3352
 3543 GLMGWDD   -6.2061   -9.5055   -3.2994    0.3352
 3544 GLIGWDD   -7.1545   -9.0851   -1.9306    0.3352
 3545 GLIGWDD   -7.1545   -9.0851   -1.9306    0.3352
 3546 GLIGWDD   -7.1545   -9.0851   -1.9306    0.3352
 3547 GLIGWDD   -7.1545   -9.0851   -1.9306    0.3352
 3548 GLVGWDD   -6.2489   -9.5538   -3.3049    0.3352
 3549 GLVGWDD   -6.2489   -9.5538   -3.3049    0.3352
 3550 GLVGWDD   -6.2489   -9.5538   -3.3049    0.3352
 3551 GLVGWDD   -6.2489   -9.5538   -3.3049    0.3352
 3552 GLVGWDD   -6.2489   -9.5538   -3.3049    0.3352
 3553 GLGVWDE   -5.2467   -8.8687   -3.6220    0.3352
 3554 GLGVWEK   -5.2969   -8.4260   -3.1291    0.3352
 3555 GLGVWKD   -5.0604   -7.8724   -2.8120    0.3352
 3556 GLGVWKD   -5.0604   -7.8724   -2.8120    0.3352
 3557 DLGVWKM   -2.3541   -5.0806   -2.7266    0.3352
 3558 MLKVFGD   -8.6234   -9.8026   -1.1791    0.3352
 3559 MLKIFGD   -5.9276   -8.9324   -3.0049    0.3352
 3560 MLEIFGD   -5.7964   -9.6113   -3.8149    0.3352
 3561 MLEIFGD   -5.7964   -9.6113   -3.8149    0.3352
 3562 MLEIYGD   -7.0583   -9.2926   -2.2343    0.3352
 3563 MLEIYGK   -6.2151   -7.9565   -1.7414    0.3352
 3564 MLIEYGD   -7.3962   -9.6305   -2.2343    0.3352
 3565 VLEIYGD   -6.2084   -8.4481   -2.2397    0.3352
 3566 ILEVYGE   -6.0391   -8.5960   -2.5569    0.3352
 3567 ELIVYGK   -7.1520   -9.0102   -1.8583    0.3352
 3568 ELIMYGK   -5.9480   -7.8008   -1.8529    0.3352
 3569 ELIKYGM   -5.7159   -7.3459   -1.6300    0.3352
 3570 ELIKYGM   -5.7159   -7.3459   -1.6300    0.3352
 3571 ELIKYGM   -5.7159   -7.3459   -1.6300    0.3352
 3572 ELIKYGV   -5.6747   -7.3101   -1.6354    0.3352
 3573 ILEKYGV   -4.8082   -6.5551   -1.7469    0.3352
 3574 ILEKYGV   -4.7348   -6.4817   -1.7469    0.3352
 3575 ILEKYGV   -4.7162   -6.4630   -1.7469    0.3352
 3576 FLIKEGV   -2.9638   -6.3227   -3.3589    0.3352
 3577 GLKIEGV   -4.2051   -8.1969   -3.9917    0.3352
 3578 GLIIEGK   -7.7609  -10.6012   -2.8403    0.3352
 3579 ALIIEGD   -8.2804  -11.7124   -3.4320    0.3352
 3580 ELIIAGK   -8.7583  -11.6975   -2.9391    0.3352
 3581 KLIIAGE  -10.1415  -13.0806   -2.9391    0.3352
 3582 KLIIEGA   -9.9122  -12.7399   -2.8277    0.3352
 3583 KLIIEGA   -9.9122  -12.7399   -2.8277    0.3352
 3584 KLIVEGA   -8.6604  -12.8625   -4.2020    0.3352
 3585 KLIVEGA   -8.6604  -12.8625   -4.2020    0.3352
 3586 KLIVEGA   -8.6604  -12.8625   -4.2020    0.3352
 3587 KLIVEGV  -11.3344  -13.0604   -1.7260    0.3352
 3588 KLIVEGV  -11.3344  -13.0604   -1.7260    0.3352
 3589 KLMVDGV   -9.1937  -11.1715   -1.9777    0.3352
 3590 KLMVEGI   -8.8916  -10.6922   -1.8006    0.3352
 3591 KLMVEGF   -8.1707   -9.6670   -1.4963    0.3352
 3592 KLMVEGF   -8.1707   -9.6670   -1.4963    0.3352
 3593 KLMVMGE  -10.1827  -12.5835   -2.4009    0.3352
 3594 MLKVMGE   -8.9455  -11.2350   -2.2894    0.3352
 3595 ILKVMGE   -8.8519  -10.6524   -1.8006    0.3352
 3596 GLKVEGM   -4.7828  -10.1434   -5.3606    0.3352
 3597 KLGVEGM   -4.0627   -9.4233   -5.3606    0.3352
 3598 KLMVEGM   -8.5500  -10.8395   -2.2894    0.3352
 3599 KLMVEGL   -5.8232   -8.8534   -3.0303    0.3352
 3600 KLIVEGV   -9.4220  -11.1480   -1.7260    0.3352
 3601 KLIVEGV   -9.4220  -11.1480   -1.7260    0.3352
 3602 KLIVEGV   -9.4220  -11.1480   -1.7260    0.3352
 3603 KLVIEGV   -8.6487  -10.3747   -1.7260    0.3352
 3604 KLVIEGY   -8.2797  -10.0266   -1.7469    0.3352
 3605 KLVIEGY   -8.2797  -10.0266   -1.7469    0.3352
 3606 KLVIDGY   -8.4230   -9.8527   -1.4297    0.3352
 3607 KLVIDGV   -8.8799  -10.2887   -1.4089    0.3352
 3608 KLVLDGV   -8.9452  -11.5838   -2.6386    0.3352
 3609 KLMLEGV   -7.9839  -11.0142   -3.0303    0.3352
 3610 KLMLEGV   -7.9839  -11.0142   -3.0303    0.3352
 3611 KLVLDGV   -8.6381  -11.2766   -2.6386    0.3352
 3612 KLVIDGV   -9.3890  -10.7978   -1.4089    0.3352
 3613 KLVIDGV   -9.3890  -10.7978   -1.4089    0.3352
 3614 KLVIDGV   -9.3890  -10.7978   -1.4089    0.3352
 3615 KLVVDGV   -9.3079  -11.2910   -1.9831    0.3352
 3616 KLVVDGV   -9.3079  -11.2910   -1.9831    0.3352
 3617 KLLVDGV   -7.8665  -10.5051   -2.6386    0.3352
 3618 KLLVDGV   -7.8665  -10.5051   -2.6386    0.3352
 3619 KLVVDGL   -8.2754  -10.9140   -2.6386    0.3352
 3620 MLKVDGY   -6.5027   -9.1898   -2.6871    0.3352
 3621 MLKIEGY   -4.4949   -6.1249   -1.6300    0.3352
 3622 MLDIDGY   -3.7556   -5.5613   -1.8057    0.3352
 3623 MLEIDGY   -6.5649   -8.6877   -2.1229    0.3352
 3624 MLKIDGY   -5.7322   -7.0450   -1.3129    0.3352
 3625 MLEIYGD   -5.9256   -8.1599   -2.2343    0.3352
 3626 MLEIYGD   -5.9256   -8.1599   -2.2343    0.3352
 3627 MLEIYGD   -5.9256   -8.1599   -2.2343    0.3352
 3628 MLEIYGD   -5.9256   -8.1599   -2.2343    0.3352
 3629 GLEIYMK   -3.0460   -4.7874   -1.7414    0.3352
 3630 GLEIYLK   -1.7918   -5.9941   -4.2023    0.3352
 3631 KLGIYLE   -3.1592   -7.3614   -4.2023    0.3352
 3632 KLMIYGE   -5.4964   -7.3493   -1.8529    0.3352
 3633 VLKIYGD   -6.2637   -7.6935   -1.4297    0.3352
 3634 VLKIDGY   -6.7638   -8.0821   -1.3183    0.3352
 3635 VLKIDGY   -6.7638   -8.0821   -1.3183    0.3352
 3636 ILKVDGY   -7.4864   -8.8047   -1.3183    0.3352
 3637 ILKMDGA   -3.4384   -7.2064   -3.7680    0.3352
 3638 ILKMDGA   -3.4384   -7.2064   -3.7680    0.3352
 3639 ILMADGE   -5.1561   -9.9570   -4.8009    0.3352
 3640 MLIMDGE   -7.5064   -9.9858   -2.4794    0.3352
 3641 MLIKMGE   -7.0050   -8.8801   -1.8751    0.3352
 3642 KLIMEGM   -7.2573   -9.1325   -1.8751    0.3352
 3643 ILKMEGM   -6.0372   -7.8009   -1.7637    0.3352
 3644 ILKMEGM   -6.0372   -7.8009   -1.7637    0.3352
 3645 ILKMEGM   -6.0372   -7.8009   -1.7637    0.3352
 3646 ILKMEGM   -6.0372   -7.8009   -1.7637    0.3352
 3647 KLIMEGM   -6.2510   -8.1261   -1.8751    0.3352
 3648 VLMMEGK   -4.9517   -7.3526   -2.4009    0.3352
 3649 VLAMEGK   -0.1881   -5.8704   -5.6823    0.3352
 3650 WLAWEGD   -0.7698   -5.9509   -5.1811    0.3352
 3651 WLAVEGK   -3.6479   -6.8759   -3.2280    0.3352
 3652 KLAVEGW   -6.4966   -9.6132   -3.1166    0.3352
 3653 KLGVEGW   -5.7101   -8.6164   -2.9063    0.3352
 3654 KLGVEGV   -4.6581  -10.0241   -5.3660    0.3352
 3655 VLGKEGW   -3.9167   -7.0459   -3.1291    0.3352
 3656 VLGKEGF   -3.9879   -7.9782   -3.9903    0.3352
 3657 KLGVEGF   -5.9021   -9.6695   -3.7674    0.3352
 3658 KLEVFGF   -5.7103   -8.5420   -2.8317    0.3352
 3659 KLVEFGF   -7.0103   -9.8420   -2.8317    0.3352
 3660 KLVEMGF   -9.4859  -10.8707   -1.3849    0.3352
 3661 KLVEMGF   -9.4859  -10.8707   -1.3849    0.3352
 3662 KLVMEGI   -7.9758   -9.7763   -1.8006    0.3352
 3663 KLVMEGI   -7.9758   -9.7763   -1.8006    0.3352
 3664 KLVMEGI   -7.9758   -9.7763   -1.8006    0.3352
 3665 KLVVEGI   -8.8416  -10.5676   -1.7260    0.3352
 3666 KLVVEGI   -8.8416  -10.5676   -1.7260    0.3352
 3667 KLVVEGI   -8.8416  -10.5676   -1.7260    0.3352
 3668 KLVVEGV   -8.9834  -11.2837   -2.3003    0.3352
 3669 KLIVEGV  -10.3081  -12.0341   -1.7260    0.3352
 3670 KLIVEGV  -10.3081  -12.0341   -1.7260    0.3352
 3671 KLIVEGV  -10.3081  -12.0341   -1.7260    0.3352
 3672 KLVVEGI   -8.9232  -10.6492   -1.7260    0.3352
 3673 VLIKEGV   -8.0156   -9.8530   -1.8374    0.3352
 3674 VLIEEGV   -7.0067   -9.6541   -2.6474    0.3352
 3675 ILVEEGV   -6.9688   -9.6163   -2.6474    0.3352
 3676 MLVEEGV   -7.5742  -10.7904   -3.2163    0.3352
 3677 KLVVEGM   -6.8769   -9.1718   -2.2949    0.3352
 3678 MLIVEGK   -8.3637  -10.2757   -1.9120    0.3352
 3679 MLIVEGD   -9.3726  -11.7775   -2.4049    0.3352
 3680 MLIVEGK   -8.9987  -10.9107   -1.9120    0.3352
 3681 MLIVEGD   -9.3810  -11.7859   -2.4049    0.3352
 3682 MLIVEGD   -9.3810  -11.7859   -2.4049    0.3352
 3683 MLIVEGD   -9.3810  -11.7859   -2.4049    0.3352
 3684 MLMVDGD   -8.1981  -10.7747   -2.5766    0.3352
 3685 MLMVDGD   -8.1981  -10.7747   -2.5766    0.3352
 3686 MLVMDGD   -7.7972  -10.3737   -2.5766    0.3352
 3687 MLVEDGV   -6.7937   -9.6929   -2.8991    0.3352
 3688 MLVEDGV   -6.7937   -9.6929   -2.8991    0.3352
 3689 MLEVDGF   -6.3505   -8.2283   -1.8777    0.3352
 3690 MLEVDGL   -6.1281   -9.5399   -3.4117    0.3352
 3691 MLEVDGW   -5.1331   -8.6697   -3.5366    0.3352
 3692 MLEVWGD   -6.0945   -9.7425   -3.6480    0.3352
 3693 MLEVDGM   -6.5963   -9.2672   -2.6709    0.3352
 3694 MLVEDGV   -6.5527   -9.4519   -2.8991    0.3352
 3695 MLVEEGV   -7.1726  -10.3889   -3.2163    0.3352
 3696 VLVEEGV   -6.1035   -9.3252   -3.2217    0.3352
 3697 VLLEEGV   -5.7329   -9.6101   -3.8771    0.3352
 3698 VLLEEGV   -5.2816   -9.1588   -3.8771    0.3352
 3699 ELVIEGV   -6.2892   -8.8252   -2.5360    0.3352
 3700 ELIVDGA   -4.8260   -9.5209   -4.6949    0.3352
 3701 ELIVDGA   -4.8260   -9.5209   -4.6949    0.3352
 3702 ELMVIGD   -4.1264   -6.5313   -2.4049    0.3352
 3703 ELMVDGI   -6.3771   -8.6706   -2.2934    0.3352
 3704 VLEIDGM   -5.2558   -7.4378   -2.1820    0.3352
 3705 VLVIDGE   -8.3075  -10.6378   -2.3303    0.3352
 3706 VLIVEGE   -9.2687  -11.9162   -2.6474    0.3352
 3707 ILMVEGE   -8.4076  -11.1296   -2.7220    0.3352
 3708 KLMVEGI   -8.9401  -10.7407   -1.8006    0.3352
 3709 KLIVEGM   -8.2973  -10.0978   -1.8006    0.3352
 3710 KLMVEGI   -8.6858  -10.4864   -1.8006    0.3352
 3711 KLMVEGV   -8.4502  -10.7451   -2.2949    0.3352
 3712 KLMVEGY   -5.1912   -8.3069   -3.1157    0.3352
 3713 KLMVEGY   -5.1912   -8.3069   -3.1157    0.3352
 3714 KLMVWGD   -7.4888  -10.4382   -2.9494    0.3352
 3715 KLMVWGD   -7.4888  -10.4382   -2.9494    0.3352
 3716 KLMVEGW   -6.8299   -9.9850   -3.1551    0.3352
 3717 KLVMEGV   -7.9178  -10.2126   -2.2949    0.3352
 3718 KLVMEGL   -7.2331  -10.2634   -3.0303    0.3352
 3719 KLVMDGL   -6.8702   -9.5834   -2.7131    0.3352
 3720 KLVMDGL   -6.8702   -9.5834   -2.7131    0.3352
 3721 KLVMDGL   -6.8702   -9.5834   -2.7131    0.3352
 3722 KLVLDGM   -6.3991   -9.1123   -2.7131    0.3352
 3723 KLVWDGY   -1.5951   -3.7794   -2.1843    0.3352
 3724 KLVWDGY   -1.5951   -3.7794   -2.1843    0.3352
 3725 KLVDAGW   -3.8754   -6.5634   -2.6880    0.3352
 3726 KLVDAGW   -3.8754   -6.5634   -2.6880    0.3352
 3727 KLIDAGW   -3.5288   -6.3225   -2.7937    0.3352
 3728 KLIDAGW   -3.8304   -6.6241   -2.7937    0.3352
 3729 KLIEAGW   -4.5109   -7.6217   -3.1109    0.3352
 3730 KLWGEGI   -6.3907   -8.0342   -1.6434    0.3352
 3731 KLWGEGI   -6.3907   -8.0342   -1.6434    0.3352
 3732 KLWGEGI   -6.3907   -8.0342   -1.6434    0.3352
 3733 KLWGEGI   -6.3907   -8.0342   -1.6434    0.3352
 3734 KLWGEGI   -6.3907   -8.0342   -1.6434    0.3352
 3735 KLIGEGI   -6.8853   -9.6141   -2.7289    0.3352
 3736 KLIGEGI   -6.8853   -9.6141   -2.7289    0.3352
 3737 ILKGEGV   -4.8300   -8.9332   -4.1031    0.3352
 3738 ILKGEGV   -4.8300   -8.9332   -4.1031    0.3352
 3739 ILKGIGD   -4.0604   -6.4721   -2.4117    0.3352
 3740 MLKGYGD   -4.0181   -9.9938   -5.9757    0.3352
 3741 KLMGYGD   -3.6328   -9.6085   -5.9757    0.3352
 3742 KLMGMGD   -5.8261  -10.9756   -5.1494    0.3352
 3743 KLMGMGD   -5.8261  -10.9756   -5.1494    0.3352
 3744 WLKGMGD   -6.6757   -9.3709   -2.6951    0.3352
 3745 VLKGMGD   -4.9986  -10.1535   -5.1549    0.3352
 3746 WLKGMGD   -6.6199   -9.3151   -2.6951    0.3352
 3747 VLKGMGD   -4.9870  -10.1419   -5.1549    0.3352
 3748 VLEGYGE   -0.4848   -7.5931   -7.1083    0.3352
 3749 MLKGYGE   -2.7761   -9.0689   -6.2929    0.3352
 3750 KLFGFGE   -7.3911   -9.6714   -2.2803    0.3352
 3751 KLFGFGE   -7.3911   -9.6714   -2.2803    0.3352
 3752 KLFGFGE   -7.3911   -9.6714   -2.2803    0.3352
 3753 ELFGFGK   -5.5340   -7.8143   -2.2803    0.3352
 3754 ELFGFGK   -5.5340   -7.8143   -2.2803    0.3352
 3755 KLFGFGD   -5.1717   -7.1349   -1.9631    0.3352
 3756 KLEGFGM   -1.0058   -4.7678   -3.7620    0.3352
 3757 MLEKMGG   -2.5766   -8.2660   -5.6894    0.3352
 3758 GLMKMVE   -5.2484   -7.5379   -2.2894    0.3352
 3759 GLEKMVM   -5.8484   -8.2493   -2.4009    0.3352
 3760 GLEKMVM   -5.8484   -8.2493   -2.4009    0.3352
 3761 GLEKMVM   -5.8484   -8.2493   -2.4009    0.3352
 3762 GLEKMVM   -5.8484   -8.2493   -2.4009    0.3352
 3763 GLEKYVI   -4.7417   -6.6000   -1.8583    0.3352
 3764 VLEKWGI   -1.9156   -6.8218   -4.9063    0.3352
 3765 VLEKVGI   -1.5645   -3.2905   -1.7260    0.3352
 3766 VLEKVGI   -1.5645   -3.2905   -1.7260    0.3352
 3767 VLEKVGI   -1.5645   -3.2905   -1.7260    0.3352
 3768 GLEKVVI   -1.9960   -3.8334   -1.8374    0.3352
 3769 GLEKMVI   -5.8316   -7.7436   -1.9120    0.3352
 3770 GLEKMVI   -5.8316   -7.7436   -1.9120    0.3352
 3771 GLEKMVI   -5.8316   -7.7436   -1.9120    0.3352
 3772 GLEKMVI   -5.8316   -7.7436   -1.9120    0.3352
 3773 GLIKMEM   -4.3583   -6.1220   -1.7637    0.3352
 3774 GLVKMEM   -5.0527   -7.2307   -2.1780    0.3352
 3775 GLVKAEF   -2.6401   -6.5064   -3.8663    0.3352
 3776 GLVKAEW   -3.4561   -6.4612   -3.0051    0.3352
 3777 GLVKFEV   -5.2915   -6.6018   -1.3103    0.3352
 3778 GLEVFKV   -5.0251   -6.3354   -1.3103    0.3352
 3779 GLVVFDE   -8.2516  -10.3890   -2.1374    0.3352
 3780 GLVVFDE   -8.3266  -10.4641   -2.1374    0.3352
 3781 GLVVFDE   -8.3266  -10.4641   -2.1374    0.3352
 3782 GLVVFEK   -7.6740   -9.3186   -1.6446    0.3352
 3783 GLVVFEE   -7.5814  -10.0360   -2.4546    0.3352
 3784 GLVMFDE   -7.2730   -9.4850   -2.2120    0.3352
 3785 GLMVFED   -6.8872   -9.0992   -2.2120    0.3352
 3786 GLDVFDM   -4.4882   -6.0488   -1.5606    0.3352
 3787 GLDVFDM   -4.4882   -6.0488   -1.5606    0.3352
 3788 GLKVFDM   -6.8392   -7.9070   -1.0677    0.3352
 3789 GLMVFDK   -7.7724   -9.1744   -1.4020    0.3352
 3790 GLVMFDK   -6.8218   -8.2238   -1.4020    0.3352
 3791 GLKMFDV   -7.6714   -8.7391   -1.0677    0.3352
 3792 GLKVFDM   -8.2162   -9.2839   -1.0677    0.3352
 3793 GLKVFDM   -8.2162   -9.2839   -1.0677    0.3352
 3794 GLKVFDM   -8.2162   -9.2839   -1.0677    0.3352
 3795 GLKVFDM   -8.2162   -9.2839   -1.0677    0.3352
 3796 GLKVMDM   -8.1400  -10.0009   -1.8609    0.3352
 3797 GLMVMDE   -8.1779  -11.1830   -3.0051    0.3352
 3798 GLMVMEE   -7.8400  -11.1623   -3.3223    0.3352
 3799 GLMVMED   -8.2370  -11.2421   -3.0051    0.3352
 3800 GLMVFEE   -8.1741  -10.7032   -2.5291    0.3352
 3801 GLMVFED   -8.8570  -11.0690   -2.2120    0.3352
 3802 GLMVFED   -8.8570  -11.0690   -2.2120    0.3352
 3803 GLMVFEK   -8.2018   -9.9209   -1.7191    0.3352
 3804 GLMVFEK   -8.2018   -9.9209   -1.7191    0.3352
 3805 GLEVFVK   -8.0998   -9.5215   -1.4217    0.3352
 3806 GLEVFVK   -8.0998   -9.5215   -1.4217    0.3352
 3807 GLEVFVK   -8.1002   -9.5219   -1.4217    0.3352
 3808 GLVVFEK   -8.4200  -10.0646   -1.6446    0.3352
 3809 GLVVFED   -9.0699  -11.2073   -2.1374    0.3352
 3810 GLVVFDE   -8.8842  -11.0216   -2.1374    0.3352
 3811 GLMVEDF   -7.8708   -9.9713   -2.1006    0.3352
 3812 DLYVEGF   -2.7448   -4.7602   -2.0154    0.3352
 3813 FLVYEGD   -4.4975   -6.6244   -2.1269    0.3352
 3814 YLVFEGD   -3.6757   -5.8025   -2.1269    0.3352
 3815 FLVYEGD   -4.6786   -6.8055   -2.1269    0.3352
 3816 FLVEFGD   -2.1312   -5.5672   -3.4360    0.3352
 3817 FLEVFGD   -3.6861   -7.1221   -3.4360    0.3352
 3818 VLEVFGD   -6.8626   -8.7771   -1.9146    0.3352
 3819 VLEVFGD   -6.8626   -8.7771   -1.9146    0.3352
 3820 VLEVFGD   -6.8626   -8.7771   -1.9146    0.3352
 3821 VLGMFDE   -5.8010   -7.9015   -2.1006    0.3352
 3822 VLGMFDE   -5.8010   -7.9015   -2.1006    0.3352
 3823 VLGMFDE   -5.8010   -7.9015   -2.1006    0.3352
 3824 VLGMFDE   -5.8010   -7.9015   -2.1006    0.3352
 3825 VLGMFEE   -6.0638   -8.4815   -2.4177    0.3352
 3826 VLGMMEE   -6.0288   -9.2397   -3.2109    0.3352
 3827 VLGEMEI   -4.8291   -7.3283   -2.4991    0.3352
 3828 VLGEMDI   -4.1273   -6.3093   -2.1820    0.3352
 3829 VLGDMEI   -3.6935   -5.8755   -2.1820    0.3352
 3830 DLGEMVM   -3.2755   -6.0578   -2.7823    0.3352
 3831 KLGEMVM   -4.4745   -6.7639   -2.2894    0.3352
 3832 KLIVEMG   -5.6912   -7.4918   -1.8006    0.3352
 3833 KLIVEMG   -5.6912   -7.4918   -1.8006    0.3352
 3834 KLIVMEG   -5.5097   -7.4217   -1.9120    0.3352
 3835 KLMVGEM   -5.1564   -7.4458   -2.2894    0.3352
 3836 KLIVGEM   -5.1364   -6.9370   -1.8006    0.3352
 3837 KLVVMEM   -5.9453   -9.4576   -3.5123    0.3352
 3838 KLVEMVM   -6.2173   -9.7296   -3.5123    0.3352
 3839 RLVAEVM   -1.5770   -7.3347   -5.7577    0.3352
 3840 DLVAEVM   -5.4252   -8.3117   -2.8866    0.3352
 3841 DLVMEVA   -5.5739   -8.4605   -2.8866    0.3352
 3842 DLVMAVE   -5.4464   -8.4444   -2.9980    0.3352
 3843 MLMVDAE   -8.4910  -11.3721   -2.8811    0.3352
 3844 MLVVEAE   -8.1311  -11.3349   -3.2037    0.3352
 3845 VLMVDAD   -9.0974  -11.6668   -2.5694    0.3352
 3846 VLVMDAK   -7.1999   -9.2765   -2.0766    0.3352
 3847 VLVMDAK   -7.1999   -9.2765   -2.0766    0.3352
 3848 VLVMEAK   -7.3115   -9.7052   -2.3937    0.3352
 3849 ILVMEAK   -6.3993   -9.9787   -3.5794    0.3352
 3850 MLIVEAD   -7.1735  -11.2457   -4.0723    0.3352
 3851 DLIVEMM   -2.8388   -8.6697   -5.8309    0.3352
 3852 GLIVEDM   -8.0530  -10.4579   -2.4049    0.3352
 3853 GLVDEMI   -4.3790   -6.7839   -2.4049    0.3352
 3854 GLVGEDI   -3.1156   -7.8230   -4.7074    0.3352
 3855 GLVVEDI   -7.0306   -9.3608   -2.3303    0.3352
 3856 GLVAEVD   -4.9902  -11.0594   -6.0691    0.3352
 3857 MLVAEVD   -8.5837  -11.4703   -2.8866    0.3352
 3858 ALVIEVD   -5.8103   -9.8080   -3.9977    0.3352
 3859 ALMDEVG   -0.9838   -7.1590   -6.1751    0.3352
 3860 GLLEAVD   -2.0164   -8.5010   -6.4846    0.3352
 3861 GLLEAVD   -1.9748   -8.4594   -6.4846    0.3352
 3862 GLVEMID   -5.7082   -8.0017   -2.2934    0.3352
 3863 GLVDMEM   -4.8481   -7.5190   -2.6709    0.3352
 3864 GLVMEMD   -3.7651   -6.5474   -2.7823    0.3352
 3865 GLIVEMD   -7.0262   -9.3197   -2.2934    0.3352
 3866 GLIVEVD   -9.0830  -11.3018   -2.2189    0.3352
 3867 GLIVEDV   -7.7940  -10.1243   -2.3303    0.3352
 3868 GLIVEDV   -7.7940  -10.1243   -2.3303    0.3352
 3869 GLIVEDV   -7.7940  -10.1243   -2.3303    0.3352
 3870 GLIVEVD   -9.1324  -11.3512   -2.2189    0.3352
 3871 GLIVEVD   -9.1324  -11.3512   -2.2189    0.3352
 3872 GLIVEVK   -8.6866  -10.4126   -1.7260    0.3352
 3873 GLIVDVK   -8.6097  -10.0185   -1.4089    0.3352
 3874 GLVVDIK   -8.1676   -9.5764   -1.4089    0.3352
 3875 GLIVDVK   -8.1354   -9.5442   -1.4089    0.3352
 3876 GLIVEVK   -8.3863  -10.1123   -1.7260    0.3352
 3877 GLIVEVE   -8.4197  -10.9557   -2.5360    0.3352
 3878 GLIVEVE   -8.4197  -10.9557   -2.5360    0.3352
 3879 GLIVEVE   -8.4197  -10.9557   -2.5360    0.3352
 3880 GLVVEVE   -8.7869  -11.8971   -3.1103    0.3352
 3881 GLVVEVE   -8.7869  -11.8971   -3.1103    0.3352
 3882 GLVVDVE   -8.3581  -11.1512   -2.7931    0.3352
 3883 GLVVDVD   -8.2180  -10.6940   -2.4760    0.3352
 3884 GLVFDVD   -4.4531   -6.0506   -1.5974    0.3352
 3885 GLVLDVD   -6.0774   -9.2088   -3.1314    0.3352
 3886 GLVLDVD   -6.0774   -9.2088   -3.1314    0.3352
 3887 GLIVDVD   -7.2361   -9.1378   -1.9017    0.3352
 3888 GLLVDVD   -7.4416  -10.5730   -3.1314    0.3352
 3889 GLLVDVD   -7.4416  -10.5730   -3.1314    0.3352
 3890 GLLVDVD   -7.3724  -10.5039   -3.1314    0.3352
 3891 GLLVDVD   -7.4475  -10.5790   -3.1314    0.3352
 3892 GLVVDVD   -8.1305  -10.6065   -2.4760    0.3352
 3893 GLVVDVD   -8.1305  -10.6065   -2.4760    0.3352
 3894 GLIVDDV   -8.4369  -10.4500   -2.0131    0.3352
 3895 GLIVDDV   -8.4369  -10.4500   -2.0131    0.3352
 3896 GLIVDDV   -8.4369  -10.4500   -2.0131    0.3352
 3897 GLIVDEV   -8.2111  -10.5414   -2.3303    0.3352
 3898 GLIVDEV   -8.2111  -10.5414   -2.3303    0.3352
 3899 GLIVVED   -6.6275   -9.0693   -2.4417    0.3352
 3900 GLIVEVD   -8.6363  -10.8552   -2.2189    0.3352
 3901 GLIVDVD   -8.5823  -10.4840   -1.9017    0.3352
 3902 GLIVDVD   -8.5823  -10.4840   -1.9017    0.3352
 3903 GLIVDVE   -8.1987  -10.4176   -2.2189    0.3352
 3904 GLIVDME   -8.8717  -11.1651   -2.2934    0.3352
 3905 GLIVDEM   -7.7968  -10.2017   -2.4049    0.3352
 3906 GLIVEDM   -8.1739  -10.5788   -2.4049    0.3352
 3907 GLIVMDE   -7.8237  -10.3400   -2.5163    0.3352
 3908 DLIGMGE   -0.4931   -5.0837   -4.5906    0.3352
 3909 GLIEMEG   -2.6664   -7.5742   -4.9077    0.3352
 3910 GLIKMDG   -2.8133   -6.5939   -3.7806    0.3352
 3911 GLIEMGD   -3.0962   -7.6868   -4.5906    0.3352
 3912 KLIGMGE   -2.5405   -6.6382   -4.0977    0.3352
 3913 GLKGMIE   -2.5776   -6.6753   -4.0977    0.3352
 3914 GLIGWDE   -1.7017   -3.9494   -2.2477    0.3352
 3915 GLIGIKE   -0.8053   -3.6456   -2.8403    0.3352
 3916 GLIGKEI   -3.1401   -5.9804   -2.8403    0.3352
 3917 GLKGIEI   -5.1731   -7.7905   -2.6174    0.3352
 3918 GLKGIEM   -4.0399   -8.0262   -3.9863    0.3352
 3919 GLKGFEM   -5.7429   -9.5049   -3.7620    0.3352
 3920 GLKGMEI   -6.4162  -10.4025   -3.9863    0.3352
 3921 GLKGMEI   -6.4162  -10.4025   -3.9863    0.3352
 3922 GLKGFEI   -7.3085   -9.7016   -2.3931    0.3352
 3923 GLKGFEM   -6.2183   -9.9803   -3.7620    0.3352
 3924 GLKGMEM   -4.5283   -9.8835   -5.3551    0.3352
 3925 GLKGMEM   -4.5283   -9.8835   -5.3551    0.3352
 3926 GLKGMEM   -4.5283   -9.8835   -5.3551    0.3352
 3927 GLKGFEF   -5.6494   -7.8182   -2.1689    0.3352
 3928 ELKGFGF   -2.5632   -4.7320   -2.1689    0.3352
 3929 ELKGFGF   -2.7130   -4.8818   -2.1689    0.3361
 3930 GLKGFEF   -4.5452   -6.7141   -2.1689    0.3361
 3931 GLKGFEW   -5.6908   -6.9985   -1.3077    0.3361
 3932 GLKGFEI   -5.8797   -8.2729   -2.3931    0.3361
 3933 MLKGAEI   -5.7581   -9.8432   -4.0851    0.3361
 3934 MLRGVDI   -1.2647   -6.0007   -4.7360    0.3361
 3935 MLRGYDI   -4.2672   -8.9440   -4.6769    0.3361
 3936 MLRGYDF   -3.2548   -7.7074   -4.4526    0.3361
 3937 MLRGYDF   -3.2548   -7.7074   -4.4526    0.3361
 3938 MLRGYDF   -3.2548   -7.7074   -4.4526    0.3361
 3939 MLRGYDF   -3.2548   -7.7074   -4.4526    0.3361
 3940 MLRGYDF   -3.2548   -7.7074   -4.4526    0.3361
 3941 MLKGYDF   -4.5618   -5.6503   -1.0886    0.3361
 3942 MLKGYDM   -4.5679   -7.2496   -2.6817    0.3361
 3943 MLKGYDM   -4.5679   -7.2496   -2.6817    0.3361
 3944 MLMGYDK   -4.2240   -7.1286   -2.9046    0.3361
 3945 DLIGYFK   -2.8241   -5.1752   -2.3511    0.3361
 3946 KLIGYDF   -4.5255   -6.7653   -2.2397    0.3361
 3947 KLIGYDF   -4.5255   -6.7653   -2.2397    0.3361
 3948 KLMGYDW   -5.1482   -7.2956   -2.1474    0.3361
 3949 KLMGYDW   -5.1482   -7.2956   -2.1474    0.3361
 3950 KLWGYDM   -2.9760   -5.1234   -2.1474    0.3361
 3951 KLIGMDA   -6.2585  -10.0265   -3.7680    0.3361
 3952 KLIGMDA   -6.2585  -10.0265   -3.7680    0.3361
 3953 KLFGMDA   -4.3868   -7.9305   -3.5437    0.3361
 3954 KLVGMDA   -4.4942   -9.6365   -5.1423    0.3361
 3955 KLIGMDV   -8.7898  -10.1618   -1.3720    0.3361
 3956 KLIGMMD   -7.6436   -9.2016   -1.5580    0.3361
 3957 KLIGMMD   -7.6436   -9.2016   -1.5580    0.3361
 3958 KLIGMDM   -6.1454   -7.5920   -1.4466    0.3361
 3959 KLIGADM   -5.0998   -8.8678   -3.7680    0.3361
 3960 KLIGAEI   -6.9050   -9.6213   -2.7163    0.3361
 3961 KLIGAEI   -6.9050   -9.6213   -2.7163    0.3361
 3962 KLIGAEI   -6.9050   -9.6213   -2.7163    0.3361
 3963 KLIGMEG   -5.9890  -10.0867   -4.0977    0.3361
 3964 KLIGMEG   -5.9890  -10.0867   -4.0977    0.3361
 3965 KLIGMEM   -8.4374  -10.2011   -1.7637    0.3361
 3966 KLIGMEM   -8.4374  -10.2011   -1.7637    0.3361
 3967 KLIGMEM   -8.4374  -10.2011   -1.7637    0.3361
 3968 KLIGMEM   -8.4374  -10.2011   -1.7637    0.3361
 3969 KLIGMEM   -8.4652  -10.2289   -1.7637    0.3361
 3970 ELIGEMM   -3.7728   -6.4580   -2.6851    0.3361
 3971 ELIGEMM   -3.7728   -6.4580   -2.6851    0.3361
 3972 ELMGEMI   -1.6565   -4.3417   -2.6851    0.3361
 3973 KLIGEMM   -5.2851   -7.1603   -1.8751    0.3361
 3974 KLIGEMF   -3.2135   -6.5355   -3.3220    0.3361
 3975 MLIGEKM   -4.9084   -6.8950   -1.9866    0.3361
 3976 ELIGMKM   -4.5265   -6.2902   -1.7637    0.3361
 3977 ELIGMKM   -4.5265   -6.2902   -1.7637    0.3361
 3978 ELIGMKM   -4.5265   -6.2902   -1.7637    0.3361
 3979 ELIGYMK   -4.6775   -6.4189   -1.7414    0.3361
 3980 MLIGYDE   -6.5709   -8.9167   -2.3457    0.3361
 3981 MLIGYDE   -6.5709   -8.9167   -2.3457    0.3361
 3982 MLIGEDY   -6.0393   -8.3850   -2.3457    0.3361
 3983 MLIGEDF   -5.8611   -9.7874   -3.9263    0.3361
 3984 MLIGEEV   -6.5290   -9.2510   -2.7220    0.3361
 3985 MLIGEEV   -6.5290   -9.2510   -2.7220    0.3361
 3986 ELIGEMV   -5.4924   -8.1030   -2.6106    0.3361
 3987 ELIGEMV   -5.4924   -8.1030   -2.6106    0.3361
 3988 MLIGEEV   -8.7612  -11.4832   -2.7220    0.3361
 3989 MLVGEEI   -7.7789  -10.5009   -2.7220    0.3361
 3990 MLEGMEI   -5.6895   -8.2632   -2.5737    0.3361
 3991 MLEGMKI   -7.3120   -9.0757   -1.7637    0.3361
 3992 MLEGMKI   -7.3120   -9.0757   -1.7637    0.3361
 3993 MLEGMKV   -7.5874   -9.7654   -2.1780    0.3361
 3994 MLEGMKF   -7.7741   -9.2335   -1.4594    0.3361
 3995 MLKGMEF   -9.7811  -11.2405   -1.4594    0.3361
 3996 MLKGMEF   -9.7811  -11.2405   -1.4594    0.3361
 3997 MLKGMEF   -9.7811  -11.2405   -1.4594    0.3361
 3998 MLKGMEG   -5.5125  -10.9790   -5.4666    0.3361
 3999 MLKGMEM   -9.4425  -11.6151   -2.1726    0.3361
 4000 MLKGMEM   -9.4425  -11.6151   -2.1726    0.3361
 4001 MLKGMEM   -9.4425  -11.6151   -2.1726    0.3361
 4002 MLEGMKM   -7.9278  -10.1004   -2.1726    0.3361
 4003 MLKGMEM   -9.6747  -11.8472   -2.1726    0.3361
 4004 MLKGMEW   -7.7702  -10.8885   -3.1183    0.3361
 4005 MLKGMEW   -7.7702  -10.8885   -3.1183    0.3361
 4006 MLKGMEW   -7.7702  -10.8885   -3.1183    0.3361
 4007 MLKGMEW   -7.7702  -10.8885   -3.1183    0.3361
 4008 MLKGMEW   -7.7702  -10.8885   -3.1183    0.3361
 4009 MLKGMEW   -7.7702  -10.8885   -3.1183    0.3361
 4010 MLKGMEW   -7.7702  -10.8885   -3.1183    0.3361
 4011 MLKGMEM   -9.6859  -11.8585   -2.1726    0.3361
 4012 MLKGMEF  -10.1140  -11.5734   -1.4594    0.3361
 4013 MLKGMEF  -10.1140  -11.5734   -1.4594    0.3361
 4014 MLKGMEI   -8.9298  -10.6935   -1.7637    0.3361
 4015 MLKGMEI   -8.9298  -10.6935   -1.7637    0.3361
 4016 MLKGMEV   -9.7857  -11.9637   -2.1780    0.3361
 4017 MLKGMEV   -9.7857  -11.9637   -2.1780    0.3361
 4018 MLKGMEL   -7.7456  -10.7390   -2.9934    0.3361
 4019 MLKGMEL   -7.7456  -10.7390   -2.9934    0.3361
 4020 MLKGMEL   -7.7456  -10.7390   -2.9934    0.3361
 4021 MLKGMEL   -7.7456  -10.7390   -2.9934    0.3361
 4022 MLKGMEV   -9.7865  -11.9645   -2.1780    0.3361
 4023 MLKGWEV   -8.9964  -12.0401   -3.0437    0.3361
 4024 MLKGWEV   -8.9964  -12.0401   -3.0437    0.3361
 4025 MLKGWEV   -8.9964  -12.0401   -3.0437    0.3361
 4026 MLKGWEG   -8.1612  -11.1735   -3.0123    0.3361
 4027 MLKGWEG   -8.1612  -11.1735   -3.0123    0.3361
 4028 MLKGWDG   -6.6997   -9.3948   -2.6951    0.3361
 4029 MLKGWDG   -6.6997   -9.3948   -2.6951    0.3361
 4030 MLKGWAD   -6.5224   -9.3164   -2.7940    0.3361
 4031 MLKGWDM   -6.5342   -9.3353   -2.8011    0.3361
 4032 MLKGMDW   -6.3369   -9.1380   -2.8011    0.3361
 4033 MLKGMDF   -8.3504   -9.4927   -1.1423    0.3361
 4034 MLKGMEF  -10.1526  -11.6121   -1.4594    0.3361
 4035 MLKGFDM   -8.5462   -9.6885   -1.1423    0.3361
 4036 MLRGFDM   -8.3489  -12.8552   -4.5063    0.3361
 4037 MLRGFDM   -8.3489  -12.8552   -4.5063    0.3361
 4038 MLRGFDM   -8.3489  -12.8552   -4.5063    0.3361
 4039 MLRGFDM   -8.3489  -12.8552   -4.5063    0.3361
 4040 MLRGYDI   -6.3955  -11.0724   -4.6769    0.3361
 4041 MLRGYDI   -6.3955  -11.0724   -4.6769    0.3361
 4042 MLRGYDI   -6.3955  -11.0724   -4.6769    0.3361
 4043 MLRGYDI   -6.3955  -11.0724   -4.6769    0.3361
 4044 MLRGYDM   -5.7825  -11.8282   -6.0457    0.3361
 4045 MLRGYDM   -5.7825  -11.8282   -6.0457    0.3361
 4046 MLRGMDM   -7.5036  -12.7230   -5.2194    0.3361
 4047 MLRGMDM   -7.5036  -12.7230   -5.2194    0.3361
 4048 MLRGMDM   -7.5036  -12.7230   -5.2194    0.3361
 4049 MLRGMDM   -7.5036  -12.7230   -5.2194    0.3361
 4050 MLRGMDM   -7.5036  -12.7230   -5.2194    0.3361
 4051 MLRGMDF   -8.2874  -12.7936   -4.5063    0.3361
 4052 MLRGMDF   -8.2874  -12.7936   -4.5063    0.3361
 4053 MLRGFDM   -8.1207  -12.6270   -4.5063    0.3361
 4054 MLEGFKM   -7.4043   -8.8637   -1.4594    0.3361
 4055 MLEGWKM   -6.3651   -9.4834   -3.1183    0.3361
 4056 MLEGWKM   -6.3651   -9.4834   -3.1183    0.3361
 4057 MLEGWKM   -6.3651   -9.4834   -3.1183    0.3361
 4058 MLEGWKM   -6.3651   -9.4834   -3.1183    0.3361
 4059 MLEGWKM   -6.3651   -9.4834   -3.1183    0.3361
 4060 MLEGWKM   -6.3651   -9.4834   -3.1183    0.3361
 4061 MLEGWKM   -6.3651   -9.4834   -3.1183    0.3361
 4062 MLKGWEM   -7.8236  -10.9419   -3.1183    0.3361
 4063 MLKGWEM   -7.8236  -10.9419   -3.1183    0.3361
 4064 MLKGWEV   -7.8762  -10.9199   -3.0437    0.3361
 4065 MLKGFEV   -9.0424  -10.4273   -1.3849    0.3361
 4066 MLKGFEV   -9.0424  -10.4273   -1.3849    0.3361
 4067 MLKGFEV   -9.0424  -10.4273   -1.3849    0.3361
 4068 MLKGFEV   -9.0424  -10.4273   -1.3849    0.3361
 4069 MLKGFEV   -9.0424  -10.4273   -1.3849    0.3361
 4070 MLKGMEV   -7.8232  -10.0012   -2.1780    0.3361
 4071 MLKGMEV   -7.8232  -10.0012   -2.1780    0.3361
 4072 MLKGMEV   -7.8232  -10.0012   -2.1780    0.3361
 4073 MLKGMEM   -7.7813   -9.9539   -2.1726    0.3361
 4074 MLKGMEM   -7.7813   -9.9539   -2.1726    0.3361
 4075 MLKGMEI   -7.0190   -8.7827   -1.7637    0.3361
 4076 MLKGFEY   -7.5325   -8.9382   -1.4057    0.3361
 4077 MLKGFEY   -7.5325   -8.9382   -1.4057    0.3361
 4078 MLKGWEL   -2.4100   -8.5092   -6.0991    0.3361
 4079 MLEGWKA   -6.3444   -9.3442   -2.9997    0.3361
 4080 MLEGWKA   -6.3444   -9.3442   -2.9997    0.3361
 4081 MLEGWKV   -6.8238   -9.8675   -3.0437    0.3361
 4082 MLEGWKV   -6.8238   -9.8675   -3.0437    0.3361
 4083 MLEGWKM   -6.5403   -9.6585   -3.1183    0.3361
 4084 MLEGMKF   -8.5064   -9.9658   -1.4594    0.3361
 4085 MLEGMKF   -8.5064   -9.9658   -1.4594    0.3361
 4086 MLKGMEM  -10.7136  -12.8862   -2.1726    0.3361
 4087 MLKGMEF  -11.0600  -12.5194   -1.4594    0.3361
 4088 FLKGMEF   -6.7233   -9.6296   -2.9063    0.3361
 4089 MLKGFEM   -9.8860  -11.3455   -1.4594    0.3361
 4090 MLKGFEI   -8.5971  -11.8076   -3.2106    0.3361
 4091 MLKGAEI   -7.5299  -11.6151   -4.0851    0.3361
 4092 MLKGAEI   -7.5299  -11.6151   -4.0851    0.3361
 4093 MLKGYEF   -6.4815   -7.8872   -1.4057    0.3361
 4094 MLKGYEF   -6.4815   -7.8872   -1.4057    0.3361
 4095 MLKGYEF   -6.4815   -7.8872   -1.4057    0.3361
 4096 MLKGYEF   -6.4815   -7.8872   -1.4057    0.3361
 4097 MLKGYEV   -6.7032   -9.7074   -3.0043    0.3361
 4098 MLKGFEV  -10.7017  -12.0866   -1.3849    0.3361
 4099 MLKGFEV  -10.7017  -12.0866   -1.3849    0.3361
 4100 MLKGFEV  -10.7017  -12.0866   -1.3849    0.3361
 4101 MLKGFEV  -10.7017  -12.0866   -1.3849    0.3361
 4102 MLKGFEV  -10.7017  -12.0866   -1.3849    0.3361
 4103 MLKGFEV  -10.7017  -12.0866   -1.3849    0.3361
 4104 MLKGFEV  -10.7017  -12.0866   -1.3849    0.3361
 4105 MLKGFEV  -10.7017  -12.0866   -1.3849    0.3361
 4106 MLKGFEV  -10.7017  -12.0866   -1.3849    0.3361
 4107 MLKGFEV  -10.7017  -12.0866   -1.3849    0.3361
 4108 MLKGFEV  -10.7017  -12.0866   -1.3849    0.3361
 4109 MLKGFEV  -10.7017  -12.0866   -1.3849    0.3361
 4110 MLKGFEV  -10.6245  -12.0093   -1.3849    0.3361
 4111 MLKGFDV   -9.2494  -10.3172   -1.0677    0.3361
 4112 MLKGFEV  -10.6300  -12.0148   -1.3849    0.3361
 4113 MLKGFEV  -10.6300  -12.0148   -1.3849    0.3361
 4114 MLKGFEV  -10.6300  -12.0148   -1.3849    0.3361
 4115 MLKGFEV  -10.6300  -12.0148   -1.3849    0.3361
 4116 MLKGFEV  -10.6300  -12.0148   -1.3849    0.3361
 4117 KLMGFEV   -7.5996   -8.9844   -1.3849    0.3361
 4118 KLMGFDV   -7.2363   -8.3040   -1.0677    0.3361
 4119 MLKGFDV   -8.3599   -9.4276   -1.0677    0.3361
 4120 MLKGFEV   -9.0539  -10.4388   -1.3849    0.3361
 4121 MLKGFEV   -9.0539  -10.4388   -1.3849    0.3361
 4122 MLKGFEV   -9.0539  -10.4388   -1.3849    0.3361
 4123 MLKGFEV   -9.0539  -10.4388   -1.3849    0.3361
 4124 MLKGFEV   -9.0539  -10.4388   -1.3849    0.3361
 4125 MLKGFEV   -9.0539  -10.4388   -1.3849    0.3361
 4126 MLKGFEV   -9.0539  -10.4388   -1.3849    0.3361
 4127 MLVGFEK   -5.9273   -7.5350   -1.6077    0.3361
 4128 MLVGKEF   -4.7203   -6.3280   -1.6077    0.3361
 4129 MLVGFKD   -8.4769   -9.7674   -1.2906    0.3361
 4130 MLVGFKD   -8.0445   -9.3350   -1.2906    0.3365
 4131 MLVGMKD   -8.0960  -10.1797   -2.0837    0.3365
 4132 MLIGMKD   -8.3140   -9.9834   -1.6694    0.3365
 4133 MLIGMKD   -8.3140   -9.9834   -1.6694    0.3365
 4134 MLLGDKM   -5.3254   -8.2245   -2.8991    0.3365
 4135 MLGDKLM   -3.2153   -6.1144   -2.8991    0.3365
 4136 MLGMDIK   -5.6222   -7.0688   -1.4466    0.3365
 4137 MLGVEIK   -6.5000   -8.1891   -1.6891    0.3365
 4138 MLGKEIV   -7.0734   -8.9854   -1.9120    0.3365
 4139 MLGKEIV   -7.0734   -8.9854   -1.9120    0.3365
 4140 MLGKEIV   -7.0734   -8.9854   -1.9120    0.3365
 4141 MLGKEIV   -7.0734   -8.9854   -1.9120    0.3365
 4142 MLGKEIV   -7.0734   -8.9854   -1.9120    0.3365
 4143 MLGVEIK   -5.9005   -7.5896   -1.6891    0.3365
 4144 MLGVEIK   -5.9005   -7.5896   -1.6891    0.3365
 4145 MLGVEKI   -6.8149   -8.6155   -1.8006    0.3365
 4146 MLGVDKI   -6.8967   -8.3802   -1.4834    0.3365
 4147 MLGIDKV   -9.0536  -10.5370   -1.4834    0.3365
 4148 MLGIDKV   -9.0536  -10.5370   -1.4834    0.3365
 4149 MLGIEKM   -8.1321  -10.0072   -1.8751    0.3365
 4150 MLGIEKM   -8.1321  -10.0072   -1.8751    0.3365
 4151 MLGIEKV   -8.9609  -10.7615   -1.8006    0.3365
 4152 MLGVDKI   -6.8896   -8.3731   -1.4834    0.3365
 4153 MLGVDKI   -6.8896   -8.3731   -1.4834    0.3365
 4154 MLGVDDI   -6.0097   -7.9860   -1.9763    0.3365
 4155 MLVGDDI   -6.2812   -8.3690   -2.0877    0.3365
 4156 MLVGDEI   -6.8891   -9.2940   -2.4049    0.3365
 4157 MLVGDEV   -8.3916  -11.2907   -2.8991    0.3365
 4158 MLVGFED   -8.6245  -10.7251   -2.1006    0.3365
 4159 MLVGEFD   -7.9179   -9.9070   -1.9891    0.3365
 4160 MLIGELK   -5.3909  -10.2469   -4.8560    0.3365
 4161 MLVGELK   -6.6635   -9.6938   -3.0303    0.3365
 4162 MLVGEID   -8.2371  -10.5305   -2.2934    0.3365
 4163 MLVGDDY   -6.7206  -10.1235   -3.4029    0.3365
 4164 MLVGDDY   -6.7206  -10.1235   -3.4029    0.3365
 4165 MLVGDDY   -6.7206  -10.1235   -3.4029    0.3365
 4166 MLVGDDY   -6.7206  -10.1235   -3.4029    0.3365
 4167 MLVGDEW   -6.2325   -9.9919   -3.7594    0.3365
 4168 MLVGFEE   -7.3630   -9.7807   -2.4177    0.3365
 4169 MLFGEVE   -7.6811   -9.9874   -2.3063    0.3365
 4170 MLFGEME   -6.3900   -8.7709   -2.3809    0.3365
 4171 MLFGEME   -6.3900   -8.7709   -2.3809    0.3365
 4172 MLIGEME   -7.3011   -9.9862   -2.6851    0.3365
 4173 MLIGMEE   -6.5227   -9.3193   -2.7966    0.3365
 4174 MLIGMEE   -6.5227   -9.3193   -2.7966    0.3365
 4175 MLIGMEE   -6.5227   -9.3193   -2.7966    0.3365
 4176 MLIGEME   -7.5903  -10.2755   -2.6851    0.3365
 4177 MLIGEME   -7.5903  -10.2755   -2.6851    0.3365
 4178 MLIGEME   -7.5903  -10.2755   -2.6851    0.3365
 4179 MLMGEIE   -7.2406   -9.9257   -2.6851    0.3365
 4180 MLIGMKE   -7.6181   -9.6047   -1.9866    0.3365
 4181 MLEGMKI   -5.4917   -7.2554   -1.7637    0.3365
 4182 MLMGEKL   -6.9585  -10.1748   -3.2163    0.3365
 4183 DLMGMLK   -3.4063   -6.1941   -2.7877    0.3365
 4184 KLMGDLV   -5.2660   -7.9791   -2.7131    0.3365
 4185 KLMGDLV   -5.2660   -7.9791   -2.7131    0.3365
 4186 KLMGDLV   -5.2660   -7.9791   -2.7131    0.3365
 4187 KLLGDMV   -4.2387   -6.9519   -2.7131    0.3365
 4188 KLLGDMV   -5.6842   -8.3973   -2.7131    0.3365
 4189 KLMGDLV   -5.4504   -8.1636   -2.7131    0.3365
 4190 MLKGDLV   -4.7996   -7.5127   -2.7131    0.3365
 4191 MLKGDVV   -5.7224   -7.7001   -1.9777    0.3365
 4192 FLKGDVV   -5.6584   -6.7629   -1.1046    0.3365
 4193 FLKGEVV   -5.8464   -7.2681   -1.4217    0.3365
 4194 FLKGEVV   -5.8464   -7.2681   -1.4217    0.3365
 4195 KLFGEVV   -5.7836   -7.2053   -1.4217    0.3365
 4196 FLKGDVV   -8.3072   -9.4117   -1.1046    0.3365
 4197 FLKGDVV   -8.3072   -9.4117   -1.1046    0.3365
 4198 FLKGDVV   -8.3072   -9.4117   -1.1046    0.3365
 4199 FLKGDVV   -8.3072   -9.4117   -1.1046    0.3365
 4200 MLKGDVV   -8.6957  -10.6734   -1.9777    0.3365
 4201 MLKGDVV   -8.6957  -10.6734   -1.9777    0.3365
 4202 MLKGDVV   -8.6957  -10.6734   -1.9777    0.3365
 4203 MLKGDVV   -8.6957  -10.6734   -1.9777    0.3365
 4204 MLKGDVM   -6.9547   -8.9270   -1.9723    0.3365
 4205 MLKGDVV   -8.7695  -10.7472   -1.9777    0.3365
 4206 MLKGDVV   -8.7695  -10.7472   -1.9777    0.3365
 4207 MLKGDVV   -8.7695  -10.7472   -1.9777    0.3365
 4208 MLKGDVV   -8.7695  -10.7472   -1.9777    0.3365
 4209 MLKGDVV   -8.7695  -10.7472   -1.9777    0.3365
 4210 MLKGDVF   -9.1853  -10.3644   -1.1791    0.3365
 4211 FLKGDVM   -7.5106   -8.6897   -1.1791    0.3365
 4212 FLKGDVV   -8.0307   -9.1352   -1.1046    0.3365
 4213 FLKGDVV   -8.0307   -9.1352   -1.1046    0.3365
 4214 FLKGDVV   -8.0307   -9.1352   -1.1046    0.3365
 4215 FLKGDVV   -8.0307   -9.1352   -1.1046    0.3365
 4216 FLKGDVV   -8.0307   -9.1352   -1.1046    0.3365
 4217 FLKGDVV   -8.0307   -9.1352   -1.1046    0.3365
 4218 FLKGDVV   -8.0307   -9.1352   -1.1046    0.3365
 4219 FLKGDVV   -8.0307   -9.1352   -1.1046    0.3365
 4220 FLKGDVV   -8.0307   -9.1352   -1.1046    0.3365
 4221 FLKGEVV   -7.7835   -9.2052   -1.4217    0.3365
 4222 FLKGEVV   -7.7835   -9.2052   -1.4217    0.3365
 4223 FLKGEVV   -7.7835   -9.2052   -1.4217    0.3365
 4224 FLKGEVV   -7.7835   -9.2052   -1.4217    0.3365
 4225 FLKGDVV   -8.0051   -9.1096   -1.1046    0.3365
 4226 FLKGDVV   -8.0051   -9.1096   -1.1046    0.3365
 4227 FLKGDVV   -8.0051   -9.1096   -1.1046    0.3365
 4228 FLKGDVV   -8.0051   -9.1096   -1.1046    0.3365
 4229 FLKGDVV   -8.0051   -9.1096   -1.1046    0.3365
 4230 FLKGDVV   -8.0051   -9.1096   -1.1046    0.3365
 4231 FLKGEVV   -7.8363   -9.2580   -1.4217    0.3365
 4232 FLKGEVV   -7.8363   -9.2580   -1.4217    0.3365
 4233 FLKGEVV   -7.8363   -9.2580   -1.4217    0.3365
 4234 FLKGEVG   -4.7963   -8.6752   -3.8789    0.3365
 4235 MLVGDKF   -7.9120   -9.2025   -1.2906    0.3365
 4236 MLVGDKF   -7.9120   -9.2025   -1.2906    0.3365
 4237 MLVGEKF   -8.3836   -9.9913   -1.6077    0.3365
 4238 MLMGEKF   -7.7042   -9.3865   -1.6823    0.3365
 4239 MLMGEKF   -7.7042   -9.3865   -1.6823    0.3365
 4240 FLMGEKM   -6.2070   -7.8893   -1.6823    0.3365
 4241 FLMGEEM   -3.8537   -6.3460   -2.4923    0.3365
 4242 FLMGYEE   -3.6037   -6.0423   -2.4386    0.3365
 4243 FLMGMKE   -5.3564   -7.0386   -1.6823    0.3365
 4244 FLKGEMM   -6.1426   -7.7135   -1.5709    0.3365
 4245 FLVGEME   -6.7558   -9.0621   -2.3063    0.3365
 4246 MLVGEME   -5.8823   -8.9817   -3.0994    0.3365
 4247 MLMGEEM   -4.9718   -8.1772   -3.2054    0.3365
 4248 MLMGEEM   -4.9718   -8.1772   -3.2054    0.3365
 4249 MLMGEME   -5.4586   -8.5526   -3.0940    0.3365
 4250 MLMGEMK   -5.1043   -7.3883   -2.2840    0.3365
 4251 KLMGEMI   -4.0008   -5.8759   -1.8751    0.3365
 4252 KLMGEMI   -4.0008   -5.8759   -1.8751    0.3365
 4253 KLMGEMI   -4.0008   -5.8759   -1.8751    0.3365
 4254 KLMGEMI   -4.0008   -5.8759   -1.8751    0.3365
 4255 KLIGMEM   -5.3801   -7.1438   -1.7637    0.3365
 4256 RLLGMEM   -2.0336   -8.3910   -6.3574    0.3365
 4257 MLRGMEI   -5.4841  -10.6118   -5.1277    0.3365
 4258 MLRGMEL   -4.0966  -10.4540   -6.3574    0.3365
 4259 MLKGMEF   -6.7040   -8.1634   -1.4594    0.3365
 4260 MLKGFEG   -5.2978   -9.1712   -3.8734    0.3365
 4261 MLKGFDA   -4.5030   -8.0468   -3.5437    0.3365
 4262 MLKGFDL   -4.1226   -8.2458   -4.1231    0.3365
 4263 MLKGFDL   -4.1226   -8.2458   -4.1231    0.3365
 4264 MLKGYDL   -4.7075   -7.8101   -3.1026    0.3365
 4265 MLKGYDL   -4.7075   -7.8101   -3.1026    0.3365
 4266 MLKGYDV   -5.1757   -7.8629   -2.6871    0.3365
 4267 MLKGYDV   -5.1757   -7.8629   -2.6871    0.3365
 4268 MLKGYDV   -5.1757   -7.8629   -2.6871    0.3365
 4269 MLEGYVD   -4.7268   -8.3354   -3.6086    0.3365
 4270 MLVGFED   -8.3048  -10.4053   -2.1006    0.3365
 4271 MLVGFEE   -8.4252  -10.8429   -2.4177    0.3365
 4272 MLEGEVF   -6.3972   -8.7035   -2.3063    0.3365
 4273 MLYGEVE   -7.1728  -11.0985   -3.9257    0.3365
 4274 MLYGEVE   -7.1728  -11.0985   -3.9257    0.3365
 4275 FLYGDVE   -4.1599   -6.1753   -2.0154    0.3365
 4276 FLVGDVE   -6.1476   -8.0622   -1.9146    0.3365
 4277 FLVGDVE   -6.1476   -8.0622   -1.9146    0.3365
 4278 FLIGDVE   -4.6085   -8.3488   -3.7403    0.3365
 4279 ELIGFVD   -3.4739   -7.2142   -3.7403    0.3365
 4280 ELIGFVD   -3.4739   -7.2142   -3.7403    0.3365
 4281 DLIGFVE   -3.7499   -7.4902   -3.7403    0.3365
 4282 ELGIFVD   -2.4114   -6.1517   -3.7403    0.3365
 4283 DLGMFVE   -3.6520   -5.6411   -1.9891    0.3365
 4284 DLGMDVF   -4.2129   -5.7734   -1.5606    0.3365
 4285 KLGMDVF   -6.1400   -7.2077   -1.0677    0.3365
 4286 MLGKDVI   -6.6091   -8.2039   -1.5949    0.3365
 4287 MLGIDVD   -8.5948  -10.4597   -1.8649    0.3365
 4288 MLGIDVD   -8.5948  -10.4597   -1.8649    0.3365
 4289 MLGIDVE   -8.1607  -10.3427   -2.1820    0.3365
 4290 MLGFDVE   -6.8056   -8.6834   -1.8777    0.3365
 4291 MLGFDVK   -5.9447   -7.0124   -1.0677    0.3365
 4292 MLGFDVK   -5.9447   -7.0124   -1.0677    0.3365
 4293 MLGLDVE   -6.3694   -9.7811   -3.4117    0.3365
 4294 MLGLEVD   -6.5686   -9.9804   -3.4117    0.3365
 4295 MLGLEVD   -6.5686   -9.9804   -3.4117    0.3365
 4296 MLGIEVD   -8.3203  -10.5023   -2.1820    0.3365
 4297 MLGIEVE   -7.9250  -10.4241   -2.4991    0.3365
 4298 MLIGEVE   -8.9566  -11.5671   -2.6106    0.3365
 4299 MLIGEVE   -8.9566  -11.5671   -2.6106    0.3365
 4300 MLIGKVE   -7.5791   -9.3796   -1.8006    0.3365
 4301 MLGIEVE   -8.4099  -10.9091   -2.4991    0.3365
 4302 MLGVEIE   -7.4358   -9.9349   -2.4991    0.3365
 4303 ELGVEIM   -3.4167   -5.9158   -2.4991    0.3365
 4304 KLGMEIV   -4.8734   -6.5626   -1.6891    0.3365
 4305 MLGIDKV   -5.5586   -7.0420   -1.4834    0.3365
 4306 MLGIDKV   -5.5586   -7.0420   -1.4834    0.3365
 4307 MLGIEEV   -6.3894   -9.0000   -2.6106    0.3365
 4308 MLGIEEF   -4.7649   -8.8969   -4.1320    0.3365
 4309 MLGIEEF   -4.7649   -8.8969   -4.1320    0.3365
 4310 MLGIDEF   -4.4762   -8.2910   -3.8149    0.3365
 4311 MLGIEEY   -4.6754   -7.2269   -2.5514    0.3365
 4312 MLGIIEE   -1.6074   -6.1551   -4.5477    0.3365
 4313 MLGVEIE   -6.9482   -9.4473   -2.4991    0.3365
 4314 MLGVEIE   -6.9482   -9.4473   -2.4991    0.3365
 4315 MLGIEVE   -8.3020  -10.8012   -2.4991    0.3365
 4316 MLGIEVE   -8.3020  -10.8012   -2.4991    0.3365
 4317 MLGIEVE   -8.3020  -10.8012   -2.4991    0.3365
 4318 MLIGEVE   -9.4535  -12.0641   -2.6106    0.3365
 4319 MLWGEVK   -6.4659   -9.6211   -3.1551    0.3365
 4320 MLVGDLK   -6.7376   -9.4507   -2.7131    0.3365
 4321 MLMGDLK   -6.9145   -9.7023   -2.7877    0.3365
 4322 MLKGDLM   -7.4525  -10.2402   -2.7877    0.3365
 4323 MLKGDLM   -7.4525  -10.2402   -2.7877    0.3365
 4324 MLKGELV   -7.1295  -10.1598   -3.0303    0.3365
 4325 MLLGEDV   -6.3235   -9.9580   -3.6346    0.3365
 4326 MLLGDEV   -6.6516  -10.2862   -3.6346    0.3365
 4327 MLLGDEV   -6.6516  -10.2862   -3.6346    0.3365
 4328 MLVGEEL   -5.9790   -9.9307   -3.9517    0.3365
 4329 MLVGEKL   -5.2485   -8.3902   -3.1417    0.3365
 4330 MLVGEKW   -4.9377   -8.2043   -3.2666    0.3365
 4331 MLVGEEW   -5.0298   -9.1064   -4.0766    0.3365
 4332 MLVGDEW   -4.5735   -8.3329   -3.7594    0.3365
 4333 MLVGDEW   -5.2125   -8.9719   -3.7594    0.3536
 4334 MLVGDEW   -5.2125   -8.9719   -3.7594    0.3536
 4335 MLVGWED   -6.1707   -9.9301   -3.7594    0.3536
 4336 MLVGWED   -6.1707   -9.9301   -3.7594    0.3536
 4337 MLVGWDE   -5.9100   -9.6694   -3.7594    0.3536
 4338 MLVGMEE   -6.4150   -9.6258   -3.2109    0.3536
 4339 MLVGMEE   -6.7466   -9.9575   -3.2109    0.3536
 4340 MLVGMEE   -6.7466   -9.9575   -3.2109    0.3536
 4341 MLVGMDK   -6.0734   -8.1571   -2.0837    0.3536
 4342 MLLGMED   -6.1583   -9.8675   -3.7091    0.3536
 4343 MLLGEMD   -6.1895   -9.7873   -3.5977    0.3536
 4344 MLMGELD   -5.7716   -9.3693   -3.5977    0.3536
 4345 MLMGELD   -5.7716   -9.3693   -3.5977    0.3536
 4346 MLMGELD   -6.9439  -10.5416   -3.5977    0.3536
 4347 MLMGDLE   -7.2420  -10.8398   -3.5977    0.3536
 4348 MLMGDLE   -7.2420  -10.8398   -3.5977    0.3536
 4349 MLMGDLK   -6.6206   -9.4083   -2.7877    0.3536
 4350 MLMGDLE   -7.0888  -10.6865   -3.5977    0.3536
 4351 MLMGELD   -7.4963  -11.0940   -3.5977    0.3536
 4352 MLMGELD   -7.4963  -11.0940   -3.5977    0.3536
 4353 MLMGEVD   -8.3085  -11.0908   -2.7823    0.3536
 4354 MLMGEVD   -7.7529  -10.5352   -2.7823    0.3536
 4355 MLMGEVE   -7.9927  -11.0921   -3.0994    0.3536
 4356 MLLGEVK   -7.4634  -10.4937   -3.0303    0.3536
 4357 MLVGEMK   -7.2255   -9.5149   -2.2894    0.3536
 4358 MLVGEMD   -7.6497  -10.4320   -2.7823    0.3536
 4359 MLVGDME   -7.9353  -10.7176   -2.7823    0.3536
 4360 MLKGDMV   -7.4969   -9.4692   -1.9723    0.3536
 4361 MLKGEMV   -7.3688   -9.6582   -2.2894    0.3536
 4362 MLKGDVV   -7.5172   -9.4950   -1.9777    0.3536
 4363 MLKGDVI   -7.4715   -8.9549   -1.4834    0.3536
 4364 MLKGDVI   -7.4715   -8.9549   -1.4834    0.3536
 4365 MLKGDVF   -8.1232   -9.3024   -1.1791    0.3536
 4366 MLKGDVF   -8.1232   -9.3024   -1.1791    0.3536
 4367 MLEGDVF   -6.4571   -8.4463   -1.9891    0.3536
 4368 MLFGDVE   -7.7561   -9.7452   -1.9891    0.3536
 4369 MLFGDVE   -7.7561   -9.7452   -1.9891    0.3536
 4370 MLFGDVK   -7.7863   -8.9655   -1.1791    0.3536
 4371 MLFGDVE   -8.0785  -10.0676   -1.9891    0.3536
 4372 MLFGDVD   -7.9454   -9.6174   -1.6720    0.3536
 4373 MLFGDMD   -4.8810   -6.6276   -1.7466    0.3536
 4374 MLIGDMD   -4.9691   -7.0200   -2.0509    0.3536
 4375 MLIGDMD   -4.9691   -7.0200   -2.0509    0.3536
 4376 MLIGMED   -5.1823   -7.6617   -2.4794    0.3536
 4377 MLGMEDI   -5.9823   -8.3503   -2.3680    0.3536
 4378 DLGMIVE   -0.7014   -2.9949   -2.2934    0.3536
 4379 DLGVIVD   -0.7826   -2.6843   -1.9017    0.3536
 4380 GLVEIDV   -4.0172   -6.1246   -2.1074    0.3536
 4381 GLVIEKM   -2.9199   -4.8319   -1.9120    0.3536
 4382 GLMIEEV   -6.1712   -8.8932   -2.7220    0.3536
 4383 GLVIEEV   -7.3595  -10.0069   -2.6474    0.3536
 4384 GLVIEEV   -7.3595  -10.0069   -2.6474    0.3536
 4385 GLVIEVK   -7.9519   -9.6779   -1.7260    0.3536
 4386 GLVVDIK   -7.8976   -9.3065   -1.4089    0.3536
 4387 ALIVDVK   -7.2686  -10.4563   -3.1877    0.3536
 4388 ALIVDVK   -7.2686  -10.4563   -3.1877    0.3536
 4389 VLIVEAE   -7.2812  -11.5961   -4.3149    0.3536
 4390 VLVVAEE   -6.7418  -10.1738   -3.4320    0.3536
 4391 VLVVADE   -7.6972  -10.8120   -3.1149    0.3536
 4392 VLVVDEA   -7.2135  -10.2169   -3.0034    0.3536
 4393 VLVVAED   -7.7741  -10.8889   -3.1149    0.3536
 4394 VLVVGED   -7.2610  -10.2770   -3.0160    0.3536
 4395 VLVVEGE   -8.1618  -11.3835   -3.2217    0.3536
 4396 VLLVEGK   -7.4177  -10.4848   -3.0671    0.3536
 4397 GLLVEVE   -8.2150  -11.9807   -3.7657    0.3536
 4398 GLLVEVE   -8.4100  -12.1758   -3.7657    0.3536
 4399 GLLVDVE   -8.1565  -11.6050   -3.4486    0.3536
 4400 GLLVEVD   -8.2531  -11.7016   -3.4486    0.3536
 4401 GLMVEVD   -7.3248  -10.1126   -2.7877    0.3536
 4402 GLMVEDI   -5.9902   -8.3950   -2.4049    0.3536
 4403 GLMVEID   -6.1064   -8.3998   -2.2934    0.3536
 4404 GLMVIDE   -5.5709   -8.0872   -2.5163    0.3536
 4405 GLMVEDI   -6.6687   -9.0735   -2.4049    0.3536
 4406 GLMVEDV   -6.5551   -9.4542   -2.8991    0.3536
 4407 GLVVEKV   -6.1918   -8.6035   -2.4117    0.3536
 4408 GLMVDEV   -6.1015   -9.0007   -2.8991    0.3536
 4409 GLMVDDV   -6.7570   -9.3390   -2.5820    0.3536
 4410 GLVVDKM   -5.6789   -7.7680   -2.0891    0.3536
 4411 GLMVDKV   -5.8817   -7.9709   -2.0891    0.3536
 4412 GLMVDKV   -5.8817   -7.9709   -2.0891    0.3536
 4413 GLIVKDV   -6.4712   -7.9915   -1.5203    0.3536
 4414 GLIVVDK   -4.7493   -6.3810   -1.6317    0.3536
 4415 GLIVAKD   -6.0175  -10.1253   -4.1077    0.3536
 4416 GLVVDAE   -4.6418  -10.7109   -6.0691    0.3536
 4417 ALVIEVE   -6.7791  -11.0939   -4.3149    0.3536
 4418 ALVVDME   -8.1081  -10.9947   -2.8866    0.3536
 4419 ALVVEME   -8.4439  -11.6477   -3.2037    0.3536
 4420 ALVVEME   -8.4439  -11.6477   -3.2037    0.3536
 4421 ALMVDVE   -7.4311  -10.3177   -2.8866    0.3536
 4422 ALMVDVE   -7.4311  -10.3177   -2.8866    0.3536
 4423 GLVVDLE   -7.0968  -10.5454   -3.4486    0.3536
 4424 GLVVDVE   -8.4757  -11.2688   -2.7931    0.3536
 4425 GLLVDVE   -8.2910  -11.7396   -3.4486    0.3536
 4426 MLMVDGE   -8.1919  -11.0857   -2.8937    0.3536
 4427 MLMVEGE   -8.3890  -11.5998   -3.2109    0.3536
 4428 MLMVEGD   -8.4147  -11.3084   -2.8937    0.3536
 4429 MLMVEGE   -7.9447  -11.1555   -3.2109    0.3536
 4430 MLEVMGE   -6.5656   -9.6651   -3.0994    0.3536
 4431 MLEVMGE   -6.5656   -9.6651   -3.0994    0.3536
 4432 MLVEMGE   -6.8325   -9.9319   -3.0994    0.3536
 4433 ELVEMGA   -1.8578   -8.1272   -6.2694    0.3536
 4434 ELVEMGW   -3.4560   -7.3098   -3.8537    0.3536
 4435 ELEVMGW   -4.0998   -7.9536   -3.8537    0.3536
 4436 ELEVMGW   -4.0998   -7.9536   -3.8537    0.3536
 4437 GLEVMEL   -5.3256   -9.0544   -3.7289    0.3536
 4438 GLEVMKM   -5.2987   -7.4767   -2.1780    0.3536
 4439 GLEVMKM   -5.2987   -7.4767   -2.1780    0.3536
 4440 MLEVFGK   -8.7507  -10.2470   -1.4963    0.3536
 4441 MLEVFGE   -8.3249  -10.6312   -2.3063    0.3536
 4442 MLEVFGE   -8.3249  -10.6312   -2.3063    0.3536
 4443 MLEKFGV   -8.7256  -10.2218   -1.4963    0.3536
 4444 MLEKFGV   -8.7256  -10.2218   -1.4963    0.3536
 4445 MLEKFGV   -8.7256  -10.2218   -1.4963    0.3536
 4446 MLEKFGV   -8.7256  -10.2218   -1.4963    0.3536
 4447 MLEKFGV   -8.7256  -10.2218   -1.4963    0.3536
 4448 MLEKMGV   -8.0810  -10.3704   -2.2894    0.3536
 4449 KLEMMGV   -7.0398   -9.2178   -2.1780    0.3536
 4450 KLELMGV   -7.3187  -10.2375   -2.9189    0.3536
 4451 KLELMGV   -7.3187  -10.2375   -2.9189    0.3536
 4452 KLELMGV   -7.3187  -10.2375   -2.9189    0.3536
 4453 KLELMGV   -7.3187  -10.2375   -2.9189    0.3536
 4454 KLVFMGE   -8.0229   -9.6306   -1.6077    0.3536
 4455 KLVFMGD   -8.4546   -9.7451   -1.2906    0.3536
 4456 KLVFMGD   -8.4546   -9.7451   -1.2906    0.3536
 4457 KLVFGGD   -5.6192   -9.4038   -3.7846    0.3536
 4458 KLVVWGD   -8.1997  -11.0745   -2.8749    0.3536
 4459 KLVVFGD   -9.4123  -10.6283   -1.2160    0.3536
 4460 KLVVFGD   -9.4123  -10.6283   -1.2160    0.3536
 4461 KLVVFGD   -9.4123  -10.6283   -1.2160    0.3536
 4462 KLVVFGD   -9.4123  -10.6283   -1.2160    0.3536
 4463 KLVVWGD   -8.3959  -11.2708   -2.8749    0.3536
 4464 KLVVWGD   -8.3959  -11.2708   -2.8749    0.3536
 4465 KLVVWGD   -8.3959  -11.2708   -2.8749    0.3536
 4466 KLVVWGD   -8.3959  -11.2708   -2.8749    0.3536
 4467 KLVVFGD   -9.4788  -10.6948   -1.2160    0.3536
 4468 KLMVFGE   -7.3431   -8.9508   -1.6077    0.3536
 4469 KLMVFGE   -7.3431   -8.9508   -1.6077    0.3536
 4470 KLMVFGE   -7.3431   -8.9508   -1.6077    0.3536
 4471 KLMVFGE   -7.3431   -8.9508   -1.6077    0.3536
 4472 KLMVFGE   -7.3431   -8.9508   -1.6077    0.3536
 4473 KLVVFGE   -7.9886   -9.5217   -1.5331    0.3536
 4474 KLEVFGV   -8.7196  -10.0299   -1.3103    0.3536
 4475 KLEVFGV   -8.7196  -10.0299   -1.3103    0.3536
 4476 KLVEFGV   -7.2157   -8.5260   -1.3103    0.3536
 4477 KLVDFGV   -7.6328   -8.6260   -0.9931    0.3536
 4478 KLVEFGV   -7.2524   -8.5627   -1.3103    0.3536
 4479 KLVEFGV   -7.2524   -8.5627   -1.3103    0.3536
 4480 KLVVFGE   -9.4600  -10.9932   -1.5331    0.3536
 4481 KLVVFGD   -9.8497  -11.0657   -1.2160    0.3536
 4482 KLVVFGD   -9.8497  -11.0657   -1.2160    0.3536
 4483 KLVVFGD   -9.8497  -11.0657   -1.2160    0.3536
 4484 KLVVFGD   -9.8497  -11.0657   -1.2160    0.3536
 4485 KLVVFGD   -9.8497  -11.0657   -1.2160    0.3536
 4486 KLVVDGF   -8.1230   -9.2276   -1.1046    0.3536
 4487 GLVVDKF   -4.9011   -6.1171   -1.2160    0.3536
 4488 GLVVDEF   -5.5678   -7.5938   -2.0260    0.3536
 4489 KLVVDGF   -7.0898   -8.1944   -1.1046    0.3536
 4490 KLVGDFF   -3.2008   -5.8268   -2.6260    0.3536
 4491 KLVGDMF   -4.7855   -5.9646   -1.1791    0.3536
 4492 KLVMGDF   -3.6968   -4.8759   -1.1791    0.3536
 4493 KLVYDGF   -4.0632   -5.2687   -1.2054    0.3536
 4494 KLMYDGF   -4.0382   -5.2382   -1.2000    0.3536
 4495 KLMYDGW   -3.7422   -6.0011   -2.2589    0.3536
 4496 KLMYWGD   -5.2638   -7.6341   -2.3703    0.3536
 4497 KLMYWGD   -3.9437   -6.3140   -2.3703    0.3536
 4498 KLGMWVD   -5.0125   -7.8505   -2.8380    0.3536
 4499 KLGMWAD   -4.7291   -7.5231   -2.7940    0.3536
 4500 KLGMWAD   -4.7291   -7.5231   -2.7940    0.3536
 4501 KLGWAAD   -1.4315   -7.5070   -6.0754    0.3536
 4502 KLGWADA   -1.0376   -7.0016   -5.9640    0.3536
 4503 KLWGADF   -2.8143   -5.3037   -2.4894    0.3536
 4504 KLWGADV   -4.5484   -7.2364   -2.6880    0.3536
 4505 KLWGAEY   -2.7228   -6.5488   -3.8260    0.3536
 4506 KLWGAEM   -2.9074   -5.9072   -2.9997    0.3536
 4507 KLLGADW   -3.9905   -8.0140   -4.0234    0.3536
 4508 LLFGDGE   -2.3436   -7.2422   -4.8986    0.3536
 4509 LLEGDGF   -0.9556   -5.7427   -4.7871    0.3536
 4510 WLLGDGD   -4.7828   -8.5031   -3.7203    0.3536
 4511 WLLGEGD   -3.9239   -7.9613   -4.0374    0.3536
 4512 WLLGEGD   -3.9239   -7.9613   -4.0374    0.3536
 4513 WLIGEGE   -5.0863   -7.6512   -2.5649    0.3536
 4514 VLIGDGK   -4.8143   -8.7117   -3.8974    0.3536
 4515 GLLGDIK   -4.5750   -8.7765   -4.2014    0.3536
 4516 ILLGDGK   -3.3186   -7.6315   -4.3129    0.3536
 4517 LLIGDGE   -4.8101   -9.9330   -5.1229    0.3536
 4518 MLIGDGE   -5.7077  -10.4097   -4.7020    0.3536
 4519 MLIGDGK   -5.6057   -9.4977   -3.8920    0.3536
 4520 ILIGEGK   -5.9252   -8.7654   -2.8403    0.3536
 4521 ILLGEAE   -5.7171  -11.1445   -5.4274    0.3536
 4522 ILLGEAE   -4.9386  -10.3660   -5.4274    0.3536
 4523 ILLGEDM   -4.3500   -9.8102   -5.4603    0.3536
 4524 ILLGEDM   -4.3500   -9.8102   -5.4603    0.3536
 4525 ILMGDEM   -5.6039   -8.0833   -2.4794    0.3536
 4526 ILVGDMK   -5.2277   -6.7111   -1.4834    0.3536
 4527 VLIGEMK   -5.9937   -7.7943   -1.8006    0.3536
 4528 VLMGEIK   -6.0658   -7.8664   -1.8006    0.3536
 4529 VLMGEIK   -4.8061   -6.6067   -1.8006    0.3536
 4530 VLMGEIE   -6.1357   -8.7463   -2.6106    0.3536
 4531 VLMGDMK   -5.7942   -7.7665   -1.9723    0.3536
 4532 VLMGEMK   -5.8181   -8.1076   -2.2894    0.3536
 4533 VLMGEMK   -5.8181   -8.1076   -2.2894    0.3536
 4534 VLMGEMK   -5.8181   -8.1076   -2.2894    0.3572
 4535 VLMGEMK   -5.8181   -8.1076   -2.2894    0.3572
 4536 VLMGEMK   -5.3721   -7.6616   -2.2894    0.3693
 4537 KLVGMEM   -5.7323   -7.9103   -2.1780    0.3693
 4538 KLVGMEM   -7.7758   -9.9538   -2.1780    0.3693
 4539 KLVGMEM   -7.7758   -9.9538   -2.1780    0.3693
 4540 KLVGMEM   -7.7758   -9.9538   -2.1780    0.3693
 4541 KLVGMEM   -7.7758   -9.9538   -2.1780    0.3693
 4542 KLMGMEV   -7.2892   -9.4672   -2.1780    0.3693
 4543 KLMGMEV   -7.2892   -9.4672   -2.1780    0.3693
 4544 KLMGMDV   -6.4339   -8.2947   -1.8609    0.3693
 4545 KLMGFEM   -7.1092   -8.5687   -1.4594    0.3693
 4546 KLMGFEM   -7.1092   -8.5687   -1.4594    0.3693
 4547 KLMGFEM   -7.1092   -8.5687   -1.4594    0.3693
 4548 ELVGFKM   -7.8272   -9.2121   -1.3849    0.3693
 4549 ELIGFKM   -6.4919   -9.7025   -3.2106    0.3693
 4550 ELMGFKI   -6.1213   -9.3319   -3.2106    0.3693
 4551 ELMGFKM   -8.4454   -9.9048   -1.4594    0.3693
 4552 DLMGFKM   -6.3419   -7.4842   -1.1423    0.3693
 4553 DLMGFKY   -6.2515   -7.3400   -1.0886    0.3693
 4554 KLIGFDY   -5.4666   -7.7063   -2.2397    0.3693
 4555 KLIGFEY   -6.4480   -9.0049   -2.5569    0.3693
 4556 KLIGFEM   -6.5343   -9.7448   -3.2106    0.3693
 4557 KLIGFEM   -6.5343   -9.7448   -3.2106    0.3693
 4558 KLIGFEM   -6.5343   -9.7448   -3.2106    0.3693
 4559 KLMGFIE   -5.6480   -8.9700   -3.3220    0.3693
 4560 KLMGFIE   -5.6480   -8.9700   -3.3220    0.3693
 4561 KLMGFIE   -5.6480   -8.9700   -3.3220    0.3693
 4562 KLMGMIE   -7.6938   -9.5689   -1.8751    0.3693
 4563 KLIGEMM   -7.1647   -9.0398   -1.8751    0.3693
 4564 KLIGEMM   -7.1647   -9.0398   -1.8751    0.3693
 4565 MLMGEKI   -6.2158   -8.2024   -1.9866    0.3693
 4566 MLMGEKI   -6.2158   -8.2024   -1.9866    0.3693
 4567 MLMGEEI   -6.9938   -9.7904   -2.7966    0.3693
 4568 MLMGEEI   -6.9938   -9.7904   -2.7966    0.3693
 4569 MLMGEEI   -6.9938   -9.7904   -2.7966    0.3693
 4570 MLMGEEI   -6.9938   -9.7904   -2.7966    0.3693
 4571 MLIGEEM   -5.6685   -8.4651   -2.7966    0.3693
 4572 MLIGEKI   -4.2439   -7.9816   -3.7377    0.3693
 4573 ALIGEKI   -3.7496   -6.6888   -2.9391    0.3693
 4574 ALIGEKM   -3.0056   -7.3136   -4.3080    0.3693
 4575 MLVGEKM   -4.5631   -6.9639   -2.4009    0.3693
 4576 KLVGDMM   -6.9072   -8.8795   -1.9723    0.3693
 4577 KLVGDMM   -6.9072   -8.8795   -1.9723    0.3693
 4578 KLVGEMF   -5.9631   -7.4594   -1.4963    0.3693
 4579 KLVGEMV   -6.8296   -9.1245   -2.2949    0.3693
 4580 KLFGDVV   -7.6572   -8.7618   -1.1046    0.3693
 4581 KLFGDVV   -7.6572   -8.7618   -1.1046    0.3693
 4582 KLGFDVV   -6.1624   -7.1555   -0.9931    0.3693
 4583 KLGIEVV   -7.3763   -8.9908   -1.6146    0.3693
 4584 KLGIEVV   -7.3763   -8.9908   -1.6146    0.3693
 4585 KLGIEVV   -7.3763   -8.9908   -1.6146    0.3693
 4586 KLGIEVV   -7.3763   -8.9908   -1.6146    0.3693
 4587 KLGIDVV   -7.1862   -8.4837   -1.2974    0.3693
 4588 KLGVDIV   -6.1759   -7.4734   -1.2974    0.3693
 4589 KLEVGIV   -5.7535   -7.3681   -1.6146    0.3693
 4590 KLEVGIV   -5.7535   -7.3681   -1.6146    0.3693
 4591 KLEVGIV   -5.7535   -7.3681   -1.6146    0.3693
 4592 KLEVGIV   -5.7535   -7.3681   -1.6146    0.3693
 4593 KLEVGIM   -4.6156   -6.3047   -1.6891    0.3693
 4594 KLEVMGI   -5.5612   -7.2504   -1.6891    0.3693
 4595 ELIKMGV   -7.2930   -8.9821   -1.6891    0.3693
 4596 KLIEMGV   -8.8528  -10.5420   -1.6891    0.3693
 4597 KLIEMGV   -8.8528  -10.5420   -1.6891    0.3693
 4598 KLIDMGV   -7.2153   -8.5873   -1.3720    0.3693
 4599 KLIDMGV   -7.2153   -8.5873   -1.3720    0.3693
 4600 KLIDMGV   -7.2153   -8.5873   -1.3720    0.3693
 4601 KLIDMGV   -7.2153   -8.5873   -1.3720    0.3693
 4602 KLIDYGV   -5.9754   -7.2936   -1.3183    0.3693
 4603 KLLDYGV   -5.3129   -8.4209   -3.1080    0.3693
 4604 KLVEYGV   -6.5717   -9.5814   -3.0097    0.3693
 4605 KLVEFGV   -8.8752  -10.1855   -1.3103    0.3693
 4606 KLVEFGV   -8.8752  -10.1855   -1.3103    0.3693
 4607 KLVEFGV   -8.8752  -10.1855   -1.3103    0.3693
 4608 KLVEFGV   -8.8752  -10.1855   -1.3103    0.3693
 4609 KLVEFGV   -8.8752  -10.1855   -1.3103    0.3693
 4610 KLVEFGV   -8.8752  -10.1855   -1.3103    0.3693
 4611 KLVEFGV   -8.8752  -10.1855   -1.3103    0.3693
 4612 KLEVFGV   -8.4679   -9.7782   -1.3103    0.3693
 4613 KLEVFGV   -8.4679   -9.7782   -1.3103    0.3693
 4614 ELEVFGV   -6.2864   -8.4066   -2.1203    0.3693
 4615 VLKVFGE   -7.6412   -9.0629   -1.4217    0.3693
 4616 KLVVFGE  -10.0312  -11.5644   -1.5331    0.3693
 4617 KLVVFGE  -10.0312  -11.5644   -1.5331    0.3693
 4618 VLKGFDV   -8.3496   -9.3427   -0.9931    0.3693
 4619 VLKGFDV   -8.3496   -9.3427   -0.9931    0.3693
 4620 VLKGFEV   -8.2734   -9.5837   -1.3103    0.3693
 4621 VLKGFEV   -8.2734   -9.5837   -1.3103    0.3693
 4622 VLKGFDV   -7.5489   -8.5420   -0.9931    0.3693
 4623 KLVGFDV   -5.1985   -6.1917   -0.9931    0.3693
 4624 KLVGFDV   -5.1985   -6.1917   -0.9931    0.3693
 4625 KLVGEVF   -3.6878   -5.1095   -1.4217    0.3693
 4626 KLVGDMM   -4.3359   -6.3081   -1.9723    0.3693
 4627 KLVGMEM   -6.4129   -8.5909   -2.1780    0.3693
 4628 KLMGMEV   -6.3483   -8.5263   -2.1780    0.3693
 4629 MLMGMEK   -5.8829   -8.2783   -2.3954    0.3693
 4630 DLMGMMK   -4.5162   -6.4830   -1.9669    0.3693
 4631 DLMGMMK   -4.5162   -6.4830   -1.9669    0.3693
 4632 DLKGFMM   -4.9033   -6.1570   -1.2537    0.3693
 4633 DLKGFMM   -4.9033   -6.1570   -1.2537    0.3693
 4634 MLKGFDM   -9.1196  -10.2619   -1.1423    0.3693
 4635 MLKGFDM   -9.1196  -10.2619   -1.1423    0.3693
 4636 MLKGFEM   -9.7712  -11.2307   -1.4594    0.3693
 4637 MLEGFEM   -5.2789   -7.5484   -2.2694    0.3693
 4638 MLRGFEM   -5.9839  -10.8073   -4.8234    0.3693
 4639 MLKGFEM   -7.5200   -8.9794   -1.4594    0.3693
 4640 MLEGFDM   -5.0096   -6.9618   -1.9523    0.3693
 4641 MLEGFMK   -5.6336   -7.2045   -1.5709    0.3693
 4642 KLEGFMM   -4.9722   -6.5430   -1.5709    0.3693
 4643 KLEGFMI   -3.3605   -6.6825   -3.3220    0.3693
 4644 KLEGFMV   -6.1447   -7.6410   -1.4963    0.3693
 4645 KLEGFMV   -6.1447   -7.6410   -1.4963    0.3693
 4646 KLVGFME   -7.1541   -8.6503   -1.4963    0.3693
 4647 KLVGFEM   -7.4365   -8.8214   -1.3849    0.3693
 4648 KLVGFME   -7.7080   -9.2043   -1.4963    0.3693
 4649 KLVGFVE   -6.4834   -7.9051   -1.4217    0.3693
 4650 KLVGFVE   -6.4834   -7.9051   -1.4217    0.3693
 4651 KLMGFVE   -6.8175   -8.3138   -1.4963    0.3693
 4652 KLVGFME   -6.3450   -7.8412   -1.4963    0.3693
 4653 KLVGFEM   -7.7412   -9.1261   -1.3849    0.3693
 4654 KLVGMEF   -5.9341   -7.3190   -1.3849    0.3693
 4655 KLVGFEV   -8.5310   -9.8412   -1.3103    0.3693
 4656 KLVGFEA   -5.9694   -9.8356   -3.8663    0.3693
 4657 KLMGFEA   -5.2251   -9.0860   -3.8609    0.3693
 4658 KLMGFDA   -3.1977   -6.7414   -3.5437    0.3693
 4659 ELMGFKA   -1.7806   -5.6414   -3.8609    0.3693
 4660 ELVGFKM   -4.5999   -5.9847   -1.3849    0.3693
 4661 MLVGYKE   -4.0156   -7.2427   -3.2271    0.3693
 4662 KLVGYEF   -4.5695   -5.9807   -1.4111    0.3693
 4663 KLLGYDF   -2.1287   -5.5982   -3.4694    0.3693
 4664 KLVGMDF   -4.1346   -5.2024   -1.0677    0.3693
 4665 KLVGMDV   -5.5910   -7.4573   -1.8663    0.3693
 4666 KLVGMDV   -5.5910   -7.4573   -1.8663    0.3693
 4667 KLMGYVD   -4.9595   -7.7581   -2.7986    0.3693
 4668 KLMGYVD   -4.9595   -7.7581   -2.7986    0.3693
 4669 KLIGYVD   -6.7727   -8.2024   -1.4297    0.3693
 4670 KLIGYVD   -6.7727   -8.2024   -1.4297    0.3693
 4671 KLIGEVY   -5.6724   -7.4193   -1.7469    0.3693
 4672 KLIGEVG   -5.1268   -9.2300   -4.1031    0.3693
 4673 KLIGEVV   -7.8653   -9.5913   -1.7260    0.3693
 4674 KLIGEVV   -7.8653   -9.5913   -1.7260    0.3693
 4675 KLGIEVV   -7.0473   -8.6619   -1.6146    0.3693
 4676 DLGVDVI   -4.4079   -6.1982   -1.7903    0.3693
 4677 KLAVDVI   -5.3872   -8.5749   -3.1877    0.3693
 4678 DLAVVKI   -0.1563   -3.3440   -3.1877    0.3693
 4679 KLAVVDI   -2.0130   -5.2007   -3.1877    0.3693
 4680 KLIMADV   -3.6343   -6.8966   -3.2623    0.3693
 4681 KLVVADM   -8.0239  -10.1005   -2.0766    0.3693
 4682 KLVVADM   -8.0239  -10.1005   -2.0766    0.3693
 4683 KLAVMDV   -7.9839  -10.0605   -2.0766    0.3693
 4684 KLAVMDV   -7.9839  -10.0605   -2.0766    0.3693
 4685 KLAVMDV   -7.9839  -10.0605   -2.0766    0.3693
 4686 KLIVDMV   -3.2429   -8.1892   -4.9463    0.3693
 4687 KLVVMDV   -7.3580  -10.4786   -3.1206    0.3693
 4688 KLVVMVD   -7.3317  -10.5637   -3.2320    0.3693
 4689 KLDVMVV   -4.3897   -7.5103   -3.1206    0.3693
 4690 KLDVMVV   -4.3897   -7.5103   -3.1206    0.3693
 4691 FLDVMVK   -1.0817   -5.7237   -4.6420    0.3693
 4692 FLEVMGK   -5.1247   -6.6210   -1.4963    0.3693
 4693 LLKVMGE   -7.2007  -10.2309   -3.0303    0.3693
 4694 LLKVEGM   -6.7206   -9.6394   -2.9189    0.3693
 4695 MLKVEGL   -7.1143  -10.0332   -2.9189    0.3693
 4696 MLKVDGF   -8.9307   -9.9984   -1.0677    0.3693
 4697 MLKVDGF   -8.9307   -9.9984   -1.0677    0.3693
 4698 ILKVDGM   -7.9863   -9.3583   -1.3720    0.3693
 4699 ILKVDGG   -5.2958   -9.1932   -3.8974    0.3693
 4700 ILKVDGM   -8.3500   -9.7220   -1.3720    0.3693
 4701 MLIVDGK   -9.0977  -10.6926   -1.5949    0.3693
 4702 MLIVKGD   -8.4545  -10.0493   -1.5949    0.3693
 4703 KLLVMGD   -9.4437  -12.2682   -2.8246    0.3693
 4704 KLVVMGD   -9.3656  -11.4547   -2.0891    0.3693
 4705 KLVVMGD   -9.3656  -11.4547   -2.0891    0.3693
 4706 KLVVMGD   -9.3656  -11.4547   -2.0891    0.3693
 4707 KLVVMGD   -9.3656  -11.4547   -2.0891    0.3693
 4708 KLVLMGD   -8.9291  -11.7537   -2.8246    0.3693
 4709 KLVLMGD   -8.9291  -11.7537   -2.8246    0.3693
 4710 KLVIMGD   -9.3057  -10.9006   -1.5949    0.3693
 4711 KLVIMGD   -9.3057  -10.9006   -1.5949    0.3693
 4712 KLIVYGD   -9.3680  -10.9092   -1.5411    0.3693
 4713 KLIVYGD   -9.3680  -10.9092   -1.5411    0.3693
 4714 VLIDYGD   -4.3583   -6.2809   -1.9226    0.3693
 4715 RLIVMGD   -5.0762  -10.0350   -4.9589    0.3693
 4716 RLIVMGD   -5.0762  -10.0350   -4.9589    0.3693
 4717 RLIVMGD   -5.0762  -10.0350   -4.9589    0.3693
 4718 RLIVYGD   -4.3393   -9.2445   -4.9051    0.3693
 4719 KLIMYGD   -7.1157   -8.6514   -1.5357    0.3693
 4720 KLVMYGE   -6.9421  -10.1693   -3.2271    0.3693
 4721 KLVMFGD   -9.3491  -10.6397   -1.2906    0.3693
 4722 KLVMMGD   -9.1935  -11.2772   -2.0837    0.3693
 4723 VLDMMGK   -3.3234   -5.2956   -1.9723    0.3693
 4724 GLVKMDM   -4.6557   -6.5166   -1.8609    0.3693
 4725 GLVKMDY   -3.2304   -5.9176   -2.6871    0.3693
 4726 GLVKMDG   -1.6376   -6.7925   -5.1549    0.3693
 4727 GLVKMDV   -4.7932   -6.6594   -1.8663    0.3693
 4728 GLVKMDV   -4.7932   -6.6594   -1.8663    0.3693
 4729 GLVKMDV   -4.7932   -6.6594   -1.8663    0.3693
 4730 GLKVMVD   -5.7083   -7.6860   -1.9777    0.3693
 4731 LLMVDGD   -7.0513  -10.3687   -3.3174    0.3693
 4732 LLVVKGD   -6.4112   -9.1612   -2.7500    0.3693
 4733 LLVVKGD   -6.4112   -9.1612   -2.7500    0.3693
 4734 GLVVKDL   -5.7763   -8.5263   -2.7500    0.3693
 4735 GLVLKDF   -4.7046   -8.9761   -4.2714    0.3693
 4736 GLLVKDV   -7.2908  -10.0408   -2.7500    0.3693
 4737 GLLVKDV   -7.1811   -9.9311   -2.7500    0.4095
 4738 GLVVKEV   -6.5760   -8.9877   -2.4117    0.4095
 4739 GLMVEDV   -8.1166  -11.0157   -2.8991    0.4095
 4740 GLLVDDV   -7.7739  -11.0167   -3.2429    0.4095
 4741 GLLVDDV   -7.7739  -11.0167   -3.2429    0.4095
 4742 GLVVDDV   -7.6913  -10.2788   -2.5874    0.4095
 4743 GLIVDKV   -6.8161   -8.3364   -1.5203    0.4095
 4744 GLVVDKI   -6.9157   -8.4360   -1.5203    0.4095
 4745 GLVIEKI   -4.4128   -8.0759   -3.6631    0.4095
 4746 GLVIDKI   -4.5509   -7.8969   -3.3460    0.4095
 4747 GLVIDKI   -4.5509   -7.8969   -3.3460    0.4095
 4748 GLVVEDI   -8.1222  -10.4525   -2.3303    0.4095
 4749 GLVVEEI   -7.6829  -10.3304   -2.6474    0.4095
 4750 GLLVDEI   -4.8730  -10.2588   -5.3857    0.4095
 4751 GLLLDVE   -2.8368   -9.3408   -6.5040    0.4095
 4752 GLLVELD   -4.9525  -11.4565   -6.5040    0.4095
 4753 GLLVDLD   -5.6101  -11.7969   -6.1869    0.4095
 4754 GLAVDLK   -2.6536   -8.3282   -5.6746    0.4095
 4755 GLAVELD   -2.9284   -9.4130   -6.4846    0.4095
 4756 GLEVALK   -2.9394   -8.9311   -5.9917    0.4095
 4757 KLEVAAG    0.6130   -8.2393   -8.8523    0.4095
 4758 ELVKAAF   -4.9602   -9.0367   -4.0766    0.4095
 4759 ELEVAMF   -2.6340   -6.7191   -4.0851    0.4095
 4760 ELEVAMI   -1.9847   -6.3742   -4.3894    0.4095
 4761 MLEKAVI   -3.2251   -6.9160   -3.6909    0.4095
 4762 MLEKAVI   -3.2251   -6.9160   -3.6909    0.4095
 4763 MLVKGEI   -2.7714   -4.5720   -1.8006    0.4095
 4764 MLVEGKI   -4.2630   -6.0636   -1.8006    0.4095
 4765 MLVEGDI   -4.7800   -7.0734   -2.2934    0.4095
 4766 MLVEGDI   -4.7800   -7.0734   -2.2934    0.4095
 4767 MLVEGID   -4.2864   -6.5798   -2.2934    0.4095
 4768 GLVDMEM   -3.8563   -6.5271   -2.6709    0.4095
 4769 GLVDFEM   -4.6965   -6.5743   -1.8777    0.4095
 4770 GLDVFME   -4.4955   -6.4847   -1.9891    0.4095
 4771 GLMVFDD   -8.3206  -10.2155   -1.8949    0.4095
 4772 GLMVFDK   -7.8145   -9.2165   -1.4020    0.4095
 4773 GLMVFKD   -6.5680   -7.9700   -1.4020    0.4095
 4774 GLMVFKD   -6.5680   -7.9700   -1.4020    0.4095
 4775 GLVVDKY   -4.5235   -7.4389   -2.9154    0.4095
 4776 GLVLDKY   -4.3900   -7.7208   -3.3309    0.4095
 4777 KLVLDGY   -5.8651   -9.0846   -3.2194    0.4095
 4778 KLVLEGY   -6.2234   -9.7600   -3.5366    0.4095
 4779 KLVLADY   -5.5039   -9.3422   -3.8383    0.4095
 4780 KLVLADY   -5.5039   -9.3422   -3.8383    0.4095
 4781 KLVLADY   -5.5039   -9.3422   -3.8383    0.4095
 4782 KLVMAEY   -5.2608   -8.4753   -3.2146    0.4095
 4783 KLVMMEA   -6.3347   -8.7230   -2.3883    0.4095
 4784 ALVEMMK   -4.4366   -6.8249   -2.3883    0.4095
 4785 ALVMEMK   -5.7723   -8.1606   -2.3883    0.4095
 4786 ALVMEMD   -5.8381   -8.7192   -2.8811    0.4095
 4787 ALVMEMD   -5.8381   -8.7192   -2.8811    0.4095
 4788 ALVMEVD   -7.0798   -9.9664   -2.8866    0.4095
 4789 ALVVEMD   -8.3913  -11.2779   -2.8866    0.4095
 4790 ALVVEMD   -8.3913  -11.2779   -2.8866    0.4095
 4791 ALVVEMD   -8.3913  -11.2779   -2.8866    0.4095
 4792 ALVVEVD   -8.9732  -11.8652   -2.8920    0.4095
 4793 ALVMEVD   -8.2870  -11.1736   -2.8866    0.4095
 4794 ALVMEVD   -8.2870  -11.1736   -2.8866    0.4095
 4795 ALVMEVD   -8.2870  -11.1736   -2.8866    0.4095
 4796 ALVDEMV   -5.4624   -8.4604   -2.9980    0.4095
 4797 ALVVEEV   -7.7366  -11.0572   -3.3206    0.4095
 4798 GLVVEEV   -7.1193  -10.3410   -3.2217    0.4095
 4799 GLVVEDV   -8.0768  -10.9813   -2.9046    0.4095
 4800 GLVLEDV   -7.6216  -11.1816   -3.5600    0.4095
 4801 GLVIEDV   -7.0100   -9.3403   -2.3303    0.4095
 4802 GLVIEDV   -7.0100   -9.3403   -2.3303    0.4095
 4803 GLVWEDM   -5.6352   -9.3946   -3.7594    0.4095
 4804 GLVVEDF   -8.4369  -10.4629   -2.0260    0.4095
 4805 GLVVEEF   -7.8542  -10.1974   -2.3431    0.4095
 4806 GLIVEDF   -6.0655   -9.9172   -3.8517    0.4095
 4807 GLIVEDF   -6.0655   -9.9172   -3.8517    0.4095
 4808 GLVVEDF   -8.5107  -10.5367   -2.0260    0.4095
 4809 GLVVEEF   -8.1136  -10.4567   -2.3431    0.4095
 4810 GLVVEKF   -6.5478   -8.0810   -1.5331    0.4095
 4811 GLVVEKF   -6.5478   -8.0810   -1.5331    0.4095
 4812 GLVVEDI   -8.2358  -10.5661   -2.3303    0.4095
 4813 GLVMEDI   -6.4434   -8.8482   -2.4049    0.4095
 4814 GLVMEEI   -4.5001   -7.2221   -2.7220    0.4095
 4815 GLVMEEF   -4.7914   -7.2091   -2.4177    0.4095
 4816 GLVMEEY   -3.1308   -7.1679   -4.0371    0.4095
 4817 GLVMEEY   -3.1308   -7.1679   -4.0371    0.4095
 4818 GLVMEEY   -3.1308   -7.1679   -4.0371    0.4095
 4819 KLVMEGY   -6.5943   -9.7100   -3.1157    0.4095
 4820 KLVMEGY   -6.5943   -9.7100   -3.1157    0.4095
 4821 KLVMFGE   -7.0195   -8.6272   -1.6077    0.4095
 4822 KLVIFGD   -7.0523  -10.0940   -3.0417    0.4095
 4823 KLVVFGD  -10.1934  -11.4094   -1.2160    0.4095
 4824 KLVVFGD  -10.1934  -11.4094   -1.2160    0.4095
 4825 KLVVFGD  -10.1934  -11.4094   -1.2160    0.4095
 4826 KLVVFGD  -10.1934  -11.4094   -1.2160    0.4095
 4827 KLVVFGD  -10.1934  -11.4094   -1.2160    0.4095
 4828 KLVVFGD  -10.1934  -11.4094   -1.2160    0.4095
 4829 KLVVFGD  -10.1934  -11.4094   -1.2160    0.4095
 4830 KLEVFGV   -8.0372   -9.3475   -1.3103    0.4095
 4831 KLVEFGV   -8.5494   -9.8597   -1.3103    0.4095
 4832 KLVEFGV   -7.8810   -9.1912   -1.3103    0.4095
 4833 KLVVFGE   -8.5657  -10.0988   -1.5331    0.4095
 4834 KLVVFGE   -8.5657  -10.0988   -1.5331    0.4095
 4835 KLVVFGD  -10.0148  -11.2308   -1.2160    0.4095
 4836 KLVVFGD  -10.0148  -11.2308   -1.2160    0.4095
 4837 KLVVFGE   -9.2284  -10.7615   -1.5331    0.4095
 4838 KLVVFGE   -9.2284  -10.7615   -1.5331    0.4095
 4839 KLVVFGE   -9.2284  -10.7615   -1.5331    0.4095
 4840 KLVVFGD   -9.9798  -11.1958   -1.2160    0.4095
 4841 KLVLFGD   -7.2160  -11.4874   -4.2714    0.4095
 4842 KLVLFGD   -7.2160  -11.4874   -4.2714    0.4095
 4843 LLVKMGE   -3.9901   -7.0203   -3.0303    0.4095
 4844 VLVKMGE   -5.0506   -7.3455   -2.2949    0.4095
 4845 ELDVMAV   -3.4119   -6.2984   -2.8866    0.4095
 4846 KLVVMAE   -8.2445  -10.7496   -2.5051    0.4095
 4847 KLVVMAE   -8.2445  -10.7496   -2.5051    0.4095
 4848 KLVVMAE   -8.2445  -10.7496   -2.5051    0.4095
 4849 KLVVMAE   -8.2445  -10.7496   -2.5051    0.4095
 4850 KLVVMAE   -8.2445  -10.7496   -2.5051    0.4095
 4851 KLVVAME   -7.6049  -10.1100   -2.5051    0.4095
 4852 KLVVAME   -7.6049  -10.1100   -2.5051    0.4095
 4853 KLMVMAD   -8.8171  -10.9996   -2.1826    0.4095
 4854 KLMVMAD   -8.8171  -10.9996   -2.1826    0.4095
 4855 KLMVMAD   -8.8195  -11.0021   -2.1826    0.4095
 4856 MLKVMAD   -8.7556  -10.8268   -2.0711    0.4095
 4857 MLKVMAD   -8.7556  -10.8268   -2.0711    0.4095
 4858 MLKVMAD   -8.7556  -10.8268   -2.0711    0.4095
 4859 MLKVMAD   -8.7556  -10.8268   -2.0711    0.4095
 4860 KLMVMAD   -9.2017  -11.3842   -2.1826    0.4095
 4861 KLMLMAD   -5.5317  -10.2097   -4.6780    0.4095
 4862 KLMLMAD   -5.5317  -10.2097   -4.6780    0.4095
 4863 KLMLMAD   -5.5317  -10.2097   -4.6780    0.4095
 4864 KLMLMAD   -5.5317  -10.2097   -4.6780    0.4095
 4865 KLMMMGD   -4.6431   -6.7214   -2.0783    0.4095
 4866 KLMMMGD   -4.6431   -6.7214   -2.0783    0.4095
 4867 KLIMMGE   -4.1878   -6.1744   -1.9866    0.4095
 4868 MLIEMGK   -6.8967   -8.7718   -1.8751    0.4095
 4869 KLVMMGE   -5.8642   -8.2650   -2.4009    0.4095
 4870 KLMVMGE   -8.0612  -10.4620   -2.4009    0.4095
 4871 MLKVMGD   -9.3850  -11.3573   -1.9723    0.4095
 4872 MLKVMGD   -9.3850  -11.3573   -1.9723    0.4095
 4873 MLKVMGD   -6.9586   -8.9309   -1.9723    0.4095
 4874 MLKVMGD   -6.9586   -8.9309   -1.9723    0.4095
 4875 MLEIMGD   -7.3839   -9.7519   -2.3680    0.4095
 4876 MLEIEGM   -7.4242   -9.9980   -2.5737    0.4095
 4877 MLEIEGM   -7.4242   -9.9980   -2.5737    0.4095
 4878 MLEIDGM   -6.6669   -8.9235   -2.2566    0.4095
 4879 DLEIMGM   -4.3563   -6.6129   -2.2566    0.4095
 4880 GLEIMMD   -5.2458   -7.6138   -2.3680    0.4095
 4881 GLMIMED   -5.0574   -7.6482   -2.5909    0.4095
 4882 GLIIMDE   -6.0580  -10.4000   -4.3420    0.4095
 4883 GLIIMDE   -6.0580  -10.4000   -4.3420    0.4095
 4884 GLIIEDM   -6.2333  -10.4639   -4.2306    0.4095
 4885 GLIIEMK   -5.4329   -9.0592   -3.6263    0.4095
 4886 GLIIEGK   -7.7770  -10.6172   -2.8403    0.4095
 4887 ALIIEGK   -7.9299  -10.8690   -2.9391    0.4095
 4888 ALIIEGD   -8.2558  -11.6878   -3.4320    0.4095
 4889 ALIIEGD   -8.2558  -11.6878   -3.4320    0.4095
 4890 ALIIEGK   -7.5176  -10.4567   -2.9391    0.4095
 4891 ALIIEKG   -5.5517   -8.6023   -3.0506    0.4095
 4892 ALIIEGK   -7.9361  -10.8753   -2.9391    0.4095
 4893 ILAIEGD   -6.0909   -9.5229   -3.4320    0.4095
 4894 ALIIEGD   -8.4123  -11.8443   -3.4320    0.4095
 4895 ALIIDGD   -8.2507  -11.3656   -3.1149    0.4095
 4896 ALIIDGD   -8.2507  -11.3656   -3.1149    0.4095
 4897 ALIIDGK   -8.3312  -10.9532   -2.6220    0.4095
 4898 DLIIAGK   -7.3773   -9.9993   -2.6220    0.4095
 4899 DLIIAGD   -4.7441   -7.8589   -3.1149    0.4095
 4900 ILIDAGD   -5.3429   -8.3463   -3.0034    0.4095
 4901 ILIAADD   -3.3162   -7.3613   -4.0451    0.4095
 4902 ILIAADK   -2.3672   -5.9195   -3.5523    0.4095
 4903 ILKEAAI   -3.4973   -7.2553   -3.7580    0.4095
 4904 ILKEAAF   -3.3857   -6.8395   -3.4537    0.4095
 4905 ILKEFGA   -3.5722   -6.1756   -2.6034    0.4095
 4906 KLLAFAE   -5.9347  -10.6181   -4.6834    0.4095
 4907 KLLAFAE   -5.9347  -10.6181   -4.6834    0.4095
 4908 KLLAFAE   -5.9347  -10.6181   -4.6834    0.4095
 4909 KLLAFAE   -5.9347  -10.6181   -4.6834    0.4095
 4910 VLKAFGE   -5.6396   -9.6173   -3.9777    0.4095
 4911 VLKAFGE   -5.6396   -9.6173   -3.9777    0.4095
 4912 ILKAFGE   -6.6323   -9.2357   -2.6034    0.4095
 4913 ILKAFGE   -6.6323   -9.2357   -2.6034    0.4095
 4914 ILKAFGD   -7.0819   -9.3682   -2.2863    0.4095
 4915 MLKAFGD   -6.8070  -10.4622   -3.6551    0.4095
 4916 MLKAWGD   -8.2120  -11.0060   -2.7940    0.4095
 4917 MLKAWGD   -8.2120  -11.0060   -2.7940    0.4095
 4918 MLKAWGE   -6.9099  -10.0211   -3.1111    0.4095
 4919 MLKAEGW   -7.2390  -10.2387   -2.9997    0.4095
 4920 MLKAEGW   -7.2390  -10.2387   -2.9997    0.4095
 4921 MLKAEGW   -7.2390  -10.2387   -2.9997    0.4095
 4922 MLKAEGW   -7.2390  -10.2387   -2.9997    0.4095
 4923 MLKAEGW   -7.2390  -10.2387   -2.9997    0.4095
 4924 MLKAEGW   -7.2390  -10.2387   -2.9997    0.4095
 4925 ILKAWGE   -6.7863  -10.0086   -3.2223    0.4095
 4926 ILKAWGE   -6.7863  -10.0086   -3.2223    0.4095
 4927 VLKAWGE   -7.1052  -10.2217   -3.1166    0.4095
 4928 VLAKWGE   -5.2317   -8.3482   -3.1166    0.4095
 4929 VLAKFDG   -3.5444   -7.2050   -3.6606    0.4095
 4930 GLAKADF    1.9701   -4.8550   -6.8251    0.4095
 4931 GLADIDW    2.5381   -0.7485   -3.2866    0.4095
 4932 ILDGGDW   -0.6500   -2.5805   -1.9306    0.4095
 4933 ILGKGDF   -3.6524   -5.8398   -2.1874    0.4095
 4934 ILEKGGF   -3.7890   -6.5165   -2.7274    0.4095
 4935 ILEKGGF   -3.7890   -6.5165   -2.7274    0.4095
 4936 ILEKGGF   -3.7890   -6.5165   -2.7274    0.4095
 4937 ILEKGGF   -3.7890   -6.5165   -2.7274    0.4095
 4938 ILEKGGF   -2.0676   -4.7950   -2.7274    0.2926
 4939 ILEKGGF   -2.0676   -4.7950   -2.7274    0.2926
 4940 ALDKYGF    2.0597   -2.4218   -4.4814    0.2926
 4941 ALDMYKF    5.2563    2.9888   -2.2674    0.2926
 4942 FLAVYKD    1.0109   -1.5163   -2.5271    0.2926
 4943 FLGVYDD   -3.4518   -5.2615   -1.8097    0.2926
 4944 LLGVDDY   -1.6892   -5.4015   -3.7123    0.2926
 4945 DLGIDLY   -0.2848   -4.5513   -4.2666    0.2926
 4946 KLGIYLD   -3.5631   -7.4482   -3.8851    0.2926
 4947 KLGIDLY   -2.4199   -6.1936   -3.7737    0.2926
 4948 KLGIYLD   -3.8055   -7.6906   -3.8851    0.2926
 4949 KLGIALD   -4.1168   -8.4170   -4.3003    0.2926
 4950 KLGIDLA   -3.9772   -8.1660   -4.1889    0.2926
 4951 KLGIELA   -4.4371   -8.9431   -4.5060    0.2926
 4952 KLGVELM   -3.8806   -6.7995   -2.9189    0.2926
 4953 KLGVMLD   -4.9748   -7.6879   -2.7131    0.2926
 4954 KLGLMEV   -5.0290   -7.9479   -2.9189    0.2926
 4955 KLGMMEV   -5.7977   -7.9757   -2.1780    0.2926
 4956 KLGMMEV   -5.4288   -7.6068   -2.1780    0.2926
 4957 KLGVMEV   -6.8614   -9.0448   -2.1834    0.2926
 4958 KLVVDMV   -6.9008  -10.0214   -3.1206    0.2926
 4959 KLMGDMV   -7.1733   -9.1456   -1.9723    0.2926
 4960 KLMGDMV   -7.1733   -9.1456   -1.9723    0.2926
 4961 KLMGDMM   -5.2187   -7.1855   -1.9669    0.2926
 4962 KLMGMMD   -6.1948   -8.1616   -1.9669    0.2926
 4963 KLMGGMD   -3.3479   -8.6087   -5.2609    0.2926
 4964 KLMGWMD   -5.8504   -8.7630   -2.9126    0.2926
 4965 KLMGYDM   -3.1644   -5.8461   -2.6817    0.2926
 4966 KLMGYDG   -1.9802   -7.9559   -5.9757    0.2926
 4967 KLMGYDG   -1.9802   -7.9559   -5.9757    0.2926
 4968 KLMGMDY   -3.8427   -6.5244   -2.6817    0.2926
 4969 KLMGMDY   -3.8427   -6.5244   -2.6817    0.2926
 4970 KLFGMEY   -4.7325   -6.1382   -1.4057    0.2926
 4971 KLVGEMY   -4.0969   -7.2126   -3.1157    0.2926
 4972 KLVGEMI   -3.7366   -5.5372   -1.8006    0.2926
 4973 ELVGKMI   -1.0748   -2.8754   -1.8006    0.2926
 4974 ELVGKMI   -1.0748   -2.8754   -1.8006    0.2926
 4975 ELIGKAM   -1.7631   -5.9597   -4.1966    0.2926
 4976 ELIGEAM   -2.4647   -7.4713   -5.0066    0.2926
 4977 ALIGDDW   -4.0264   -7.5358   -3.5094    0.2926
 4978 ALGLEDW   -2.8084   -7.7533   -4.9449    0.2926
 4979 ALGLDDY   -0.4790   -7.4673   -6.9883    0.2926
 4980 MLGLEDY   -3.8257   -7.8497   -4.0240    0.2926
 4981 MLGIEEM   -5.4474   -8.1325   -2.6851    0.2926
 4982 MLGIEDM   -5.8248   -8.1928   -2.3680    0.2926
 4983 ILGMKDM   -4.2006   -5.7586   -1.5580    0.2926
 4984 DLGMMMK   -1.7828   -3.7497   -1.9669    0.2926
 4985 DLGMMMK   -1.7828   -3.7497   -1.9669    0.2926
 4986 DLGMMME   -0.6648   -3.4417   -2.7769    0.2926
 4987 MLGMYEE   -2.8741   -6.9058   -4.0317    0.2926
 4988 MLGMEEV   -4.2644   -7.3638   -3.0994    0.2926
 4989 MLGVDME   -4.3556   -7.0265   -2.6709    0.2926
 4990 MLEVDMA   -4.2578   -7.0275   -2.7697    0.2926
 4991 MLEVDMA   -4.7510   -7.5207   -2.7697    0.2926
 4992 MLEVDMA   -4.7510   -7.5207   -2.7697    0.2926
 4993 MLVVDEA   -6.8376   -9.8356   -2.9980    0.2926
 4994 MLVVDAE   -6.7268   -9.6133   -2.8866    0.2926
 4995 MLVEVAD   -4.3947   -7.2813   -2.8866    0.2926
 4996 MLDEVAV    0.2276   -2.7704   -2.9980    0.2926
 4997 MLVVYDE   -6.2662   -9.8405   -3.5743    0.2926
 4998 MLVVYDE   -6.2662   -9.8405   -3.5743    0.2926
 4999 MLVEADV   -6.7102   -9.4853   -2.7751    0.2926
 5000 MLIVEAD   -7.3483  -11.4206   -4.0723    0.2926
 5001 MLLVEAD   -6.7295  -12.0315   -5.3020    0.2926
 5002 VLLVEAD   -6.9323  -12.1597   -5.2274    0.2926
 5003 GLLVDDA   -5.1147  -11.3935   -6.2789    0.2926
 5004 GLLVDAD   -5.0829  -11.2504   -6.1674    0.2926
 5005 GLLVDLD   -4.9729  -11.1598   -6.1869    0.2926
 5006 GLLVDLK   -4.9410  -10.6350   -5.6940    0.2926
 5007 GLLVELK   -3.6031   -9.6143   -6.0111    0.2926
 5008 GLKVDLY   -5.7278   -8.8358   -3.1080    0.2926
 5009 GLKVYLD   -4.9795   -8.1989   -3.2194    0.2926
 5010 GLKVELY   -4.8274   -8.2526   -3.4251    0.2926
 5011 GLKVFEY   -7.4293   -8.8404   -1.4111    0.2926
 5012 GLVVFEK   -6.8140   -8.4586   -1.6446    0.2926
 5013 GLKVFEV   -6.9484   -8.2587   -1.3103    0.2926
 5014 GLKVWEG   -5.7393   -8.7570   -3.0177    0.2926
 5015 GLEVWDG   -5.5674   -9.0780   -3.5106    0.2926
 5016 GLEIWGD   -6.7963   -8.9326   -2.1363    0.2926
 5017 ALEIWGD   -5.4197   -9.1349   -3.7151    0.2926
 5018 VLEIFGK   -4.9806   -8.2280   -3.2474    0.2926
 5019 KLEIMGV   -8.3504  -10.0396   -1.6891    0.2926
 5020 KLEIMGV   -8.3504  -10.0396   -1.6891    0.2926
 5021 KLEIMGV   -8.3504  -10.0396   -1.6891    0.2926
 5022 KLEVMGI   -8.0116   -9.7008   -1.6891    0.2926
 5023 KLMVFGE   -7.6182   -9.2260   -1.6077    0.2926
 5024 KLMVFGD   -8.1869   -9.4775   -1.2906    0.2926
 5025 KLMVFGD   -8.1869   -9.4775   -1.2906    0.2926
 5026 KLMVFGE   -7.6703   -9.2780   -1.6077    0.2926
 5027 KLMVFGD   -8.1662   -9.4568   -1.2906    0.2926
 5028 KLMVFGE   -7.7706   -9.3783   -1.6077    0.2926
 5029 KLMVFGE   -7.7706   -9.3783   -1.6077    0.2926
 5030 KLMVFGE   -7.7706   -9.3783   -1.6077    0.2926
 5031 KLMVFGE   -7.7706   -9.3783   -1.6077    0.2926
 5032 KLAVWGE   -6.4422   -9.6702   -3.2280    0.2926
 5033 KLAVEGW   -5.0736   -8.1902   -3.1166    0.2926
 5034 KLAVEGW   -5.0736   -8.1902   -3.1166    0.2926
 5035 KLAVEGW   -5.0736   -8.1902   -3.1166    0.2926
 5036 KLLVEGW   -3.8375   -9.9735   -6.1360    0.2926
 5037 KLGVEGW   -4.4536   -7.3599   -2.9063    0.2926
 5038 KLGEWGM   -4.0129   -6.9137   -2.9009    0.2926
 5039 KLGEWGM   -4.0129   -6.9137   -2.9009    0.2926
 5040 KLGEWGM   -4.0129   -6.9137   -2.9009    0.2926
 5041 KLGEWGM   -4.0129   -6.9137   -2.9009    0.2926
 5042 KLGEWGV   -4.9698   -7.8761   -2.9063    0.2926
 5043 KLGEWGV   -4.9698   -7.8761   -2.9063    0.2926
 5044 KLGEWGV   -4.9698   -7.8761   -2.9063    0.2926
 5045 KLGWEGW   -3.7164   -6.4029   -2.6866    0.2926
 5046 KLGWWGE   -5.9853   -8.7833   -2.7980    0.2926
 5047 KLGFFGE   -4.7894   -7.0697   -2.2803    0.2926
 5048 KLFGEGF   -4.6506   -6.9309   -2.2803    0.2926
 5049 KLVGEGF   -4.6018   -8.4807   -3.8789    0.2926
 5050 KLFGEGV   -5.1207   -8.9996   -3.8789    0.2926
 5051 KLFGEGV   -5.1207   -8.9996   -3.8789    0.2926
 5052 KLVGEGF   -4.5314   -8.4103   -3.8789    0.2926
 5053 KLFGEGI   -4.3618   -6.8664   -2.5046    0.2926
 5054 KLMGEGV   -5.1157  -10.5877   -5.4720    0.2926
 5055 KLMGDGV   -4.8568  -10.0117   -5.1549    0.2926
 5056 KLMGDGI   -4.1464   -7.9270   -3.7806    0.2926
 5057 KLMGEGI   -4.2308   -8.3285   -4.0977    0.2926
 5058 KLMGEGI   -4.2308   -8.3285   -4.0977    0.2926
 5059 KLFGDGI   -4.3086   -6.4960   -2.1874    0.2926
 5060 KLFGIGD   -2.9469   -5.1343   -2.1874    0.2926
 5061 KLIGFGE   -5.3160   -7.8206   -2.5046    0.2926
 5062 ILKGFGE   -4.9852   -7.4898   -2.5046    0.2926
 5063 ILKGFGE   -4.9852   -7.4898   -2.5046    0.2926
 5064 ELKGFGI   -4.3836   -6.7767   -2.3931    0.2926
 5065 FLKGEGI   -3.6241   -6.1287   -2.5046    0.2926
 5066 VLIGDGK   -4.1726   -8.0700   -3.8974    0.2926
 5067 MLGIDGE   -3.5416   -8.1321   -4.5906    0.2926
 5068 MLGIEGE   -3.5469   -8.4546   -4.9077    0.2926
 5069 ILGIEAE   -4.3409   -7.8671   -3.5263    0.2926
 5070 ILGIEAD   -5.7178   -8.9269   -3.2091    0.2926
 5071 ILGIEAD   -5.7178   -8.9269   -3.2091    0.2926
 5072 ILGIEAK   -5.1503   -7.8666   -2.7163    0.2926
 5073 ILGKEAI   -3.6327   -6.5719   -2.9391    0.2926
 5074 MLGKEII   -2.6340   -6.3717   -3.7377    0.2926
 5075 ILGKDMI   -1.9165   -5.3370   -3.4206    0.2926
 5076 MLGKEII   -2.4638   -6.2015   -3.7377    0.2926
 5077 MLGEDII   -1.3246   -5.5552   -4.2306    0.2926
 5078 MLGEDIL   -0.4039   -5.8642   -5.4603    0.2926
 5079 MLGEDGF   -0.4854   -4.9631   -4.4777    0.2926
 5080 MLGEGDF   -0.1287   -4.4950   -4.3663    0.2926
 5081 MLGKGDF   -1.4972   -5.0535   -3.5563    0.2926
 5082 MLGKVDF   -2.3695   -3.4372   -1.0677    0.2926
 5083 MLGKIDV   -3.6671   -5.0391   -1.3720    0.2926
 5084 MLGKMDV   -5.4620   -7.3229   -1.8609    0.2926
 5085 MLGKDGV   -2.5454   -7.8117   -5.2663    0.2926
 5086 MLGMDGE   -2.8267   -8.7862   -5.9594    0.2926
 5087 MLVGDGK   -2.6681   -7.9344   -5.2663    0.2926
 5088 MLVFDGK   -3.3604   -4.6510   -1.2906    0.2926
 5089 KLVEFGM   -7.2677   -8.6525   -1.3849    0.2926
 5090 KLVEFGM   -7.2677   -8.6525   -1.3849    0.2926
 5091 KLVEFGM   -7.2677   -8.6525   -1.3849    0.2926
 5092 KLVEFGM   -7.2677   -8.6525   -1.3849    0.2926
 5093 FLKEVGV   -4.0404   -5.4621   -1.4217    0.2926
 5094 MLVEKGM   -6.2699   -8.6708   -2.4009    0.2926
 5095 MLVFKGE   -6.3412   -7.9489   -1.6077    0.2926
 5096 MLVKFGD   -7.0911   -8.2702   -1.1791    0.2926
 5097 MLVKFGD   -7.0911   -8.2702   -1.1791    0.2926
 5098 MLVEFGD   -7.6867   -9.6759   -1.9891    0.2926
 5099 MLVEMGD   -7.3894  -10.1717   -2.7823    0.2926
 5100 MLMFDGD   -6.3914   -8.2494   -1.8580    0.2926
 5101 MLVFDGD   -7.0492   -8.8327   -1.7834    0.2926
 5102 MLVVDGD   -8.3057  -10.8877   -2.5820    0.2926
 5103 MLVVDGD   -8.3057  -10.8877   -2.5820    0.2926
 5104 MLVVDGD   -8.3057  -10.8877   -2.5820    0.2926
 5105 MLMVDGD   -8.2938  -10.8704   -2.5766    0.2926
 5106 MLLVDGD   -8.6495  -11.9669   -3.3174    0.2926
 5107 MLLVDGD   -8.9997  -12.3171   -3.3174    0.2926
 5108 MLLVDGD   -8.9997  -12.3171   -3.3174    0.2926
 5109 LLIVDGD   -5.5934  -10.6620   -5.0686    0.2926
 5110 LLIMDGD   -4.4385   -9.5816   -5.1431    0.2926
 5111 MLILDGD   -6.4150  -11.5581   -5.1431    0.2926
 5112 MLILDGD   -6.4150  -11.5581   -5.1431    0.2926
 5113 MLILDGK   -4.0399   -8.6902   -4.6503    0.2926
 5114 MLIIDGD   -6.7302  -10.6437   -3.9134    0.2926
 5115 MLWGDGE   -5.5966   -9.2131   -3.6166    0.2926
 5116 MLIGDGK   -2.3425   -6.2345   -3.8920    0.2926
 5117 MLIGDGK   -2.6766   -6.5686   -3.8920    0.2926
 5118 MLIGEGK   -2.6734   -6.8826   -4.2091    0.2926
 5119 MLVGEGD   -4.2314  -10.3077   -6.0763    0.2926
 5120 MLVGEGD   -4.2314  -10.3077   -6.0763    0.2926
 5121 FLFGEGD   -6.7865   -9.6710   -2.8846    0.2926
 5122 FLFGDGE   -5.9670   -8.8516   -2.8846    0.2926
 5123 FLFGDGE   -5.9670   -8.8516   -2.8846    0.2926
 5124 FLIGEGE   -5.9796   -9.4056   -3.4260    0.2926
 5125 FLWGEGD   -6.0308   -8.0542   -2.0234    0.2926
 5126 FLIGEGD   -6.7552   -9.8640   -3.1089    0.2926
 5127 ILIGEGD   -6.4163   -9.7495   -3.3331    0.2926
 5128 FLIGDGD   -5.2008   -7.9925   -2.7917    0.2926
 5129 FLIGDGD   -5.2008   -7.9925   -2.7917    0.2926
 5130 DLIGFGD   -3.5461   -6.2264   -2.6803    0.2926
 5131 KLIGFGD   -8.2077  -10.3951   -2.1874    0.2926
 5132 KLIGFGE   -7.3778   -9.8824   -2.5046    0.2926
 5133 KLIGFGE   -7.3778   -9.8824   -2.5046    0.2926
 5134 KLIGFGD   -8.2602  -10.4476   -2.1874    0.2926
 5135 KLIGFGD   -8.2602  -10.4476   -2.1874    0.2926
 5136 KLIGFGD   -8.2602  -10.4476   -2.1874    0.2926
 5137 KLIGFGE   -6.0693   -8.5739   -2.5046    0.2926
 5138 KLIGEGF   -6.4180   -8.9226   -2.5046    0.2926
 5139 KLIGEGF   -6.4707   -8.9753   -2.5046    0.3061
 5140 KLIGDGF   -6.6461   -8.8335   -2.1874    0.3061
 5141 KLIGDGW   -8.5640   -9.8903   -1.3263    0.3061
 5142 KLIGWGD   -9.0805  -10.4068   -1.3263    0.3061
 5143 KLVGMGD   -6.1819  -11.3368   -5.1549    0.3061
 5144 KLVGMGD   -6.1819  -11.3368   -5.1549    0.3061
 5145 FLKGMGD   -5.7013   -9.2575   -3.5563    0.3061
 5146 FLKGMGD   -5.7013   -9.2575   -3.5563    0.3061
 5147 VLKGMGD   -5.6229  -10.7778   -5.1549    0.3061
 5148 VLKGMGD   -5.6229  -10.7778   -5.1549    0.3061
 5149 KLVGMGD   -6.1722  -11.3271   -5.1549    0.3061
 5150 KLVGMGD   -6.1722  -11.3271   -5.1549    0.3061
 5151 KLVGMGD   -6.1722  -11.3271   -5.1549    0.3061
 5152 KLGVMGD   -5.3151  -10.4700   -5.1549    0.3061
 5153 KLVGMGD   -6.1780  -11.3328   -5.1549    0.3061
 5154 KLGVMGE   -4.8502  -10.3222   -5.4720    0.3061
 5155 KLGVWGE   -6.5259   -9.5436   -3.0177    0.3061
 5156 KLMVWGE   -7.8634  -11.1300   -3.2666    0.3061
 5157 KLMVWGE   -7.8634  -11.1300   -3.2666    0.3061
 5158 KLLVWGD   -4.7192  -10.6495   -5.9303    0.3061
 5159 KLLVYGD   -6.1501   -9.4809   -3.3309    0.3061
 5160 KLIVGGD   -6.2740  -10.2828   -4.0089    0.3061
 5161 KLIVVGD   -6.1186   -7.6389   -1.5203    0.3061
 5162 VLIKMGD   -6.9540   -8.4374   -1.4834    0.3061
 5163 VLIEMGD   -6.8062   -9.0997   -2.2934    0.3061
 5164 VLIEMGE   -6.4597   -9.0703   -2.6106    0.3061
 5165 MLVKEGV   -7.0393   -9.4456   -2.4063    0.3061
 5166 KLVMDGV   -8.5521  -10.5298   -1.9777    0.3061
 5167 KLVMDGV   -8.5521  -10.5298   -1.9777    0.3061
 5168 KLVMDGV   -8.5521  -10.5298   -1.9777    0.3061
 5169 KLMVDGV   -8.9133  -10.8910   -1.9777    0.3061
 5170 KLMVDGV   -8.9981  -10.9758   -1.9777    0.3061
 5171 KLMVDGV   -8.9981  -10.9758   -1.9777    0.3061
 5172 KLMVDGV   -8.9981  -10.9758   -1.9777    0.3061
 5173 KLVVDGV   -9.5429  -11.5261   -1.9831    0.3061
 5174 KLVVDGV   -9.5429  -11.5261   -1.9831    0.3061
 5175 KLVVDGV   -9.5429  -11.5261   -1.9831    0.3061
 5176 KLLVDGV   -9.2999  -11.9385   -2.6386    0.3061
 5177 KLIVDGV  -10.0669  -11.4758   -1.4089    0.3061
 5178 KLIVDGV  -10.0669  -11.4758   -1.4089    0.3061
 5179 KLVIDGV   -9.9692  -11.3781   -1.4089    0.3061
 5180 KLVIDGV  -10.0979  -11.5068   -1.4089    0.3061
 5181 KLVIEGV  -10.3780  -12.1040   -1.7260    0.3061
 5182 KLIVEGV  -10.8351  -12.5611   -1.7260    0.3061
 5183 KLIVDGV  -10.4614  -11.8703   -1.4089    0.3061
 5184 KLMVDGV   -9.6880  -11.6657   -1.9777    0.3061
 5185 KLMVDGV   -9.6880  -11.6657   -1.9777    0.3061
 5186 MLKVDGV   -9.6224  -11.4887   -1.8663    0.3061
 5187 MLKVDGV   -9.6224  -11.4887   -1.8663    0.3061
 5188 VLKVDGI   -8.3247   -9.6221   -1.2974    0.3061
 5189 VLKVDGI   -8.3247   -9.6221   -1.2974    0.3061
 5190 VLIVDGK   -8.3669   -9.8872   -1.5203    0.3061
 5191 VLIVDGK   -8.3669   -9.8872   -1.5203    0.3061
 5192 ILVVDGK   -7.7935   -9.3138   -1.5203    0.3061
 5193 VLVDDGV   -4.6816   -7.2690   -2.5874    0.3061
 5194 ILVVDGD   -8.4597  -10.4728   -2.0131    0.3061
 5195 VLVIDDG   -6.9476   -9.0721   -2.1246    0.3061
 5196 DLVIEVG   -5.8514   -8.0703   -2.2189    0.3061
 5197 DLIVEVG   -7.0750   -9.2939   -2.2189    0.3061
 5198 DLGVDVI   -3.9504   -5.7407   -1.7903    0.3061
 5199 KLGVDVI   -6.2753   -7.5728   -1.2974    0.3061
 5200 KLIVDVG   -8.7399  -10.1488   -1.4089    0.3061
 5201 KLIVMEG   -9.4774  -11.3894   -1.9120    0.3061
 5202 KLIVMEG   -9.4774  -11.3894   -1.9120    0.3061
 5203 KLIVMEG   -9.4774  -11.3894   -1.9120    0.3061
 5204 GLIVMEK   -6.9727   -8.9961   -2.0234    0.3061
 5205 GLIVMEK   -6.9727   -8.9961   -2.0234    0.3061
 5206 GLIVMEE   -8.4176  -11.2510   -2.8334    0.3061
 5207 GLIAMDE   -5.0496   -9.9619   -4.9123    0.3061
 5208 GLIAMED   -4.4450   -9.3573   -4.9123    0.3061
 5209 GLIVMED   -9.0295  -11.5458   -2.5163    0.3061
 5210 GLEVMID   -7.7786  -10.0720   -2.2934    0.3061
 5211 GLKVMID   -7.2201   -8.7035   -1.4834    0.3061
 5212 ILVKMGD   -7.3484   -8.8318   -1.4834    0.3061
 5213 ILKVMGD   -7.8206   -9.3040   -1.4834    0.3061
 5214 ILVKMGE   -7.5007   -9.3012   -1.8006    0.3061
 5215 ILVFEGK   -3.3333   -6.6922   -3.3589    0.3061
 5216 KLVIEGF   -5.6499   -8.8973   -3.2474    0.3061
 5217 KLVIDGF   -5.6612   -8.5915   -2.9303    0.3061
 5218 KLVIDGV   -9.3005  -10.7094   -1.4089    0.3061
 5219 KLIVDGV   -9.5771  -10.9860   -1.4089    0.3061
 5220 KLIVDGV   -9.5771  -10.9860   -1.4089    0.3061
 5221 ILKVDGV   -8.5496   -9.8470   -1.2974    0.3061
 5222 WLKVDGV   -6.6271   -9.2791   -2.6520    0.3061
 5223 VLKVDGV   -8.2125  -10.0842   -1.8717    0.3061
 5224 YLKVEGV   -6.1488   -9.1585   -3.0097    0.3061
 5225 YLVKEGV   -5.3613   -8.5939   -3.2326    0.3061
 5226 KLVVEGI   -7.9786   -9.7046   -1.7260    0.3061
 5227 KLIVDGV   -8.0122   -9.4210   -1.4089    0.3061
 5228 ELIVDGV   -7.1941   -9.4130   -2.2189    0.3061
 5229 KLIVDGV   -9.5361  -10.9450   -1.4089    0.3061
 5230 KLIVDGV   -9.5361  -10.9450   -1.4089    0.3061
 5231 KLIVDGV   -9.5361  -10.9450   -1.4089    0.3061
 5232 KLVIDGV   -9.1665  -10.5753   -1.4089    0.3061
 5233 KLVIDGV   -9.1665  -10.5753   -1.4089    0.3061
 5234 VLVIKGD   -5.1532   -6.6734   -1.5203    0.3061
 5235 MLKVVGE   -4.9473   -7.2422   -2.2949    0.3061
 5236 MLEVMGK   -6.2557   -8.5451   -2.2894    0.3061
 5237 MLEVMGE   -6.0805   -9.1800   -3.0994    0.3061
 5238 MLKVMGE   -8.0528  -10.3422   -2.2894    0.3061
 5239 MLKVMGE   -8.0528  -10.3422   -2.2894    0.3061
 5240 MLKVMGD   -8.7369  -10.7092   -1.9723    0.3061
 5241 KLMVMGD   -9.2705  -11.3542   -2.0837    0.3061
 5242 MLKVMGD   -8.2243  -10.1966   -1.9723    0.3061
 5243 ELIVDGM   -5.9604   -8.2539   -2.2934    0.3061
 5244 MLIVDGD   -7.6733   -9.7610   -2.0877    0.3061
 5245 VLIMDGD   -6.8427   -8.9304   -2.0877    0.3061
 5246 ILMMDGD   -5.6963   -7.8586   -2.1623    0.3061
 5247 ILMMDGD   -5.1935   -7.3558   -2.1623    0.3061
 5248 MLMLDGD   -3.9656   -7.3576   -3.3920    0.3061
 5249 VLMLDGE   -3.6047   -7.2392   -3.6346    0.3061
 5250 VLMLDGK   -2.9424   -5.7670   -2.8246    0.3061
 5251 VLMLEGR   -0.4013   -6.9070   -6.5057    0.3061
 5252 VLMLEGK   -2.0094   -5.1511   -3.1417    0.3061
 5253 MLMLDGE   -3.2348   -6.9439   -3.7091    0.3061
 5254 MLMLKGD   -2.8813   -5.7804   -2.8991    0.3061
 5255 LLKMMGD   -4.1632   -6.9509   -2.7877    0.3061
 5256 LLDVMGD   -5.3427   -8.5487   -3.2060    0.3061
 5257 ILGVMDD   -7.0184   -9.1061   -2.0877    0.3061
 5258 ILVGMDD   -7.3813   -9.4690   -2.0877    0.3061
 5259 ILVVMDD   -5.0046  -10.6666   -5.6620    0.3061
 5260 ILVVMDK   -4.1243   -9.2935   -5.1691    0.3061
 5261 VLVVMDK   -6.3574   -9.7008   -3.3434    0.3061
 5262 VLLVAEK   -4.8629   -9.8203   -4.9574    0.3061
 5263 MLLVKEA   -3.1347   -8.0553   -4.9206    0.3061
 5264 KLIVEAY   -6.8159   -9.7416   -2.9257    0.3061
 5265 KLIVEGY   -7.5211   -9.2680   -1.7469    0.3061
 5266 KLIVEGY   -7.5427   -9.2896   -1.7469    0.3061
 5267 KLVIEAY   -5.5889   -8.5146   -2.9257    0.3061
 5268 KLVIEAY   -5.5889   -8.5146   -2.9257    0.3061
 5269 ILVKDAY   -6.6502   -9.3702   -2.7200    0.3061
 5270 KLVIDAA   -6.2535  -10.2373   -3.9837    0.3061
 5271 KLVIDAA   -6.2535  -10.2373   -3.9837    0.3061
 5272 KLAIDAV   -4.1080   -8.0917   -3.9837    0.3061
 5273 KLAADAV    0.9490   -7.6850   -8.6340    0.3061
 5274 ALEVKAV   -2.7920   -8.3557   -5.5637    0.3061
 5275 KLVEAVA   -1.1874   -6.8625   -5.6751    0.3061
 5276 KLVVADA   -6.1403  -11.4983   -5.3580    0.3061
 5277 KLLVADA   -6.5853  -12.3587   -5.7734    0.3061
 5278 KLIVADV   -8.7723  -11.9600   -3.1877    0.3061
 5279 KLIVAEV   -8.2003  -11.7051   -3.5049    0.3061
 5280 KLIVAEV   -8.2003  -11.7051   -3.5049    0.3061
 5281 KLIVDVV   -4.7484   -9.6201   -4.8717    0.3061
 5282 KLMVDGV   -9.0536  -11.0313   -1.9777    0.3061
 5283 KLVVDGV   -8.8655  -10.8487   -1.9831    0.3061
 5284 KLVVDGV   -8.8655  -10.8487   -1.9831    0.3061
 5285 KLVVDGV   -8.8655  -10.8487   -1.9831    0.3061
 5286 KLVVGVD   -7.0495   -9.0326   -1.9831    0.3061
 5287 KLVVDAG   -5.6653  -10.9245   -5.2591    0.3061
 5288 KLGVDVV   -5.9170   -7.7887   -1.8717    0.3061
 5289 KLVVYMD   -3.2308   -5.8837   -2.6529    0.3061
 5290 KLMVYVD   -7.6367  -10.2896   -2.6529    0.3061
 5291 DLMVKVY   -4.6158   -7.1572   -2.5414    0.3061
 5292 DLKVMVF   -3.5434   -8.1854   -4.6420    0.3061
 5293 DLKVAVI   -4.0104   -7.1981   -3.1877    0.3061
 5294 ALKVDVI   -6.2833   -9.3596   -3.0763    0.3061
 5295 ALKVDVI   -6.2833   -9.3596   -3.0763    0.3061
 5296 ALKVDIV   -4.7648   -7.8411   -3.0763    0.3061
 5297 ALVVDIE   -5.7477   -9.7454   -3.9977    0.3061
 5298 ALVVEIE   -5.8059  -10.1208   -4.3149    0.3061
 5299 ALLVDIE   -3.5447  -10.5978   -7.0531    0.3061
 5300 ALLVDIE   -3.5447  -10.5978   -7.0531    0.3061
 5301 ALVMDVE   -7.2432  -10.1298   -2.8866    0.3061
 5302 ALVMDVE   -7.2432  -10.1298   -2.8866    0.3061
 5303 ALVMEVE   -7.5741  -10.7778   -3.2037    0.3061
 5304 ALVVEME   -7.1233  -10.3270   -3.2037    0.3061
 5305 ALVMEVE   -7.7638  -10.9675   -3.2037    0.3061
 5306 ELVMEVV   -5.3382   -9.5859   -4.2477    0.3061
 5307 KLVMEVV   -5.9283   -9.3660   -3.4377    0.3061
 5308 KLVGEVV   -6.0191   -8.3193   -2.3003    0.3061
 5309 KLMAEVV   -7.2869   -9.6806   -2.3937    0.3061
 5310 KLMAEVV   -7.2869   -9.6806   -2.3937    0.3061
 5311 KLMAEVV   -7.2869   -9.6806   -2.3937    0.3061
 5312 KLMAEVV   -7.2869   -9.6806   -2.3937    0.3061
 5313 KLMAEVM   -6.0677   -8.4560   -2.3883    0.3061
 5314 KLMADVM   -6.1799   -8.2511   -2.0711    0.3061
 5315 KLMAMVE   -5.7850   -8.2848   -2.4997    0.3061
 5316 KLMAMVE   -5.7850   -8.2848   -2.4997    0.3061
 5317 KLMAEVW   -3.6897   -8.6237   -4.9340    0.3061
 5318 KLMAEVW   -3.6897   -8.6237   -4.9340    0.3061
 5319 ELMAEAW   -2.8339   -6.8939   -4.0600    0.3061
 5320 ELMAWAE   -2.7682   -6.9396   -4.1714    0.3061
 5321 ELMAWAE   -2.7682   -6.9396   -4.1714    0.3061
 5322 KLMAWAE   -6.2771   -9.6385   -3.3614    0.3061
 5323 KLMEWAA   -5.6992   -8.9492   -3.2500    0.3061
 5324 KLMEWAA   -5.6992   -8.9492   -3.2500    0.3061
 5325 KLMEWAG   -5.8281   -8.9393   -3.1111    0.3061
 5326 KLMEWGA   -5.5961   -8.5958   -2.9997    0.3061
 5327 KLMEWGA   -5.5961   -8.5958   -2.9997    0.3061
 5328 KLEMWGA   -3.6430   -6.6427   -2.9997    0.3061
 5329 MLAKWGE   -4.2538   -7.3650   -3.1111    0.3061
 5330 ELAKFGI   -3.9349   -6.4269   -2.4920    0.3061
 5331 ILAKFGE   -4.8731   -7.4766   -2.6034    0.3061
 5332 ELAEFAI   -1.1273   -5.2795   -4.1523    0.3061
 5333 ELIAFEA   -1.7441   -5.8964   -4.1523    0.3061
 5334 ELLAFEA   -1.3293   -6.7113   -5.3820    0.3061
 5335 ALLAFEE   -3.7773   -9.3821   -5.6049    0.3061
 5336 ALEAFFK   -1.9984   -5.0364   -3.0380    0.3061
 5337 ALADFVK   -1.6274   -5.3868   -3.7594    0.3061
 5338 ALADWVK   -2.7085   -5.6067   -2.8983    0.3061
 5339 ALADWVK   -2.7085   -5.6067   -2.8983    0.3061
 5340 ALADWVK   -2.7085   -5.6067   -2.8983    0.3097
 5341 ALADWVK   -2.2512   -5.1495   -2.8983    0.2950
 5342 ALAVWDD   -5.3271   -8.9411   -3.6140    0.2950
 5343 ALAVWDD   -5.2958   -8.9098   -3.6140    0.2950
 5344 ALAVDDW   -4.5503   -8.0529   -3.5026    0.2950
 5345 GLGVEDF   -3.3120   -7.6838   -4.3717    0.2950
 5346 GLGVEEF   -3.8701   -8.5589   -4.6889    0.2950
 5347 GLGVEEF   -3.8701   -8.5589   -4.6889    0.2950
 5348 GLEVKMF   -5.0316   -6.4165   -1.3849    0.2950
 5349 MLEVKGF   -6.5881   -7.9729   -1.3849    0.2950
 5350 MLVDKGF   -6.2488   -7.5394   -1.2906    0.2950
 5351 MLVKKGF   -2.9749   -5.0526   -2.0777    0.2950
 5352 MLVKKGF   -2.9749   -5.0526   -2.0777    0.2950
 5353 DLMVEGF   -6.5220   -8.5111   -1.9891    0.2950
 5354 FLMVDGE   -6.6874   -8.7880   -2.1006    0.2950
 5355 LLMVDGK   -6.2966   -9.1212   -2.8246    0.2950
 5356 LLMVDGD   -6.8586  -10.1760   -3.3174    0.2950
 5357 VLIVDGD   -8.8125  -10.8256   -2.0131    0.2950
 5358 VLIVDGE   -9.2797  -11.6100   -2.3303    0.2950
 5359 VLIVEGE   -9.9872  -12.6346   -2.6474    0.2950
 5360 VLVVEAE   -9.4641  -12.6732   -3.2091    0.2950
 5361 MLVVEAK   -8.7116  -11.1053   -2.3937    0.2950
 5362 MLKVAVE   -5.0523   -7.4460   -2.3937    0.2950
 5363 MLDVAVR   -2.8745   -8.3151   -5.4406    0.2950
 5364 MLDVAVR   -2.8745   -8.3151   -5.4406    0.2950
 5365 MLEVAVD   -6.9322   -9.8188   -2.8866    0.2950
 5366 MLDVDVA   -5.9603   -8.4183   -2.4580    0.2950
 5367 MLAVDVD   -7.5855  -10.1550   -2.5694    0.2950
 5368 ALMVDVD   -7.6927  -10.2621   -2.5694    0.2950
 5369 ALMVDVK   -7.5597   -9.6363   -2.0766    0.2950
 5370 MLMVEVD   -7.6592  -11.6643   -4.0051    0.2950
 5371 MLMVDVD   -6.6716  -10.3596   -3.6880    0.2950
 5372 MLAVEVD   -8.0758  -10.9624   -2.8866    0.2950
 5373 VLVVDAE   -7.0040   -9.8960   -2.8920    0.2950
 5374 VLVVEAE   -9.4099  -12.6190   -3.2091    0.2950
 5375 VLVMDAE   -7.3471  -10.2337   -2.8866    0.2950
 5376 MLVVADK   -6.9822   -9.2816   -2.2994    0.2950
 5377 MLKVADV   -8.8773  -10.8424   -1.9651    0.2950
 5378 MLKVADV   -8.8773  -10.8424   -1.9651    0.2950
 5379 KLMVADV   -8.3653  -10.4419   -2.0766    0.2950
 5380 KLMVADV   -8.3653  -10.4419   -2.0766    0.2950
 5381 KLDVMMV   -1.5820   -4.7771   -3.1951    0.2950
 5382 GLDVMKV   -4.4858   -6.3521   -1.8663    0.2950
 5383 GLDVMKI   -4.5752   -5.9472   -1.3720    0.2950
 5384 KLIVDGG   -7.2035  -11.2123   -4.0089    0.2950
 5385 KLIVDGG   -7.2035  -11.2123   -4.0089    0.2950
 5386 KLIVDGG   -7.2035  -11.2123   -4.0089    0.2950
 5387 KLIVDGG   -7.2035  -11.2123   -4.0089    0.2950
 5388 KLIVEGG   -8.2764  -12.6024   -4.3260    0.2950
 5389 KLIVEGL   -7.4388  -12.2203   -4.7814    0.2950
 5390 KLIVEGM   -9.8502  -11.6508   -1.8006    0.2950
 5391 KLMVDGI   -8.6143  -10.0977   -1.4834    0.2950
 5392 KLMVDGI   -8.6773  -10.1608   -1.4834    0.2950
 5393 KLMVEGV   -9.5735  -11.8683   -2.2949    0.2950
 5394 KLMVEGV   -9.4924  -11.7873   -2.2949    0.2950
 5395 KLVVEGF   -8.4326   -9.8543   -1.4217    0.2950
 5396 KLVVEGF   -8.4326   -9.8543   -1.4217    0.2950
 5397 KLVVDGF   -8.0547   -9.1593   -1.1046    0.2950
 5398 KLVVDGF   -8.0547   -9.1593   -1.1046    0.2950
 5399 KLVVDGI   -8.6594  -10.0682   -1.4089    0.2950
 5400 KLVMDGI   -7.4458   -8.9293   -1.4834    0.2950
 5401 MLVKFGD   -7.5559   -8.7350   -1.1791    0.2950
 5402 MLVEFGD   -7.4463   -9.4354   -1.9891    0.2950
 5403 MLVFEGD   -6.7825   -8.8831   -2.1006    0.2950
 5404 MLVFEGD   -6.7825   -8.8831   -2.1006    0.2950
 5405 MLVVEGD   -8.5821  -11.4812   -2.8991    0.2950
 5406 MLVVEGD   -8.5821  -11.4812   -2.8991    0.2950
 5407 VLMVEGD   -7.5256  -10.4248   -2.8991    0.2950
 5408 VLMVEGK   -7.5955  -10.0018   -2.4063    0.2950
 5409 MLMVEGE   -6.6264   -9.8373   -3.2109    0.2950
 5410 GLVVEMD   -5.2362   -8.0239   -2.7877    0.2950
 5411 GLVMEVD   -6.9139   -9.7016   -2.7877    0.2950
 5412 GLVVEDM   -7.9776  -10.8768   -2.8991    0.2950
 5413 GLVVEDI   -7.7043  -10.0346   -2.3303    0.2950
 5414 GLVVDEI   -6.7657   -9.0959   -2.3303    0.2950
 5415 GLVVEEV   -8.0368  -11.2585   -3.2217    0.2950
 5416 GLIVEEV   -9.0180  -11.6654   -2.6474    0.2950
 5417 GLIVEEV   -9.0180  -11.6654   -2.6474    0.2950
 5418 GLIVEVE   -8.8523  -11.3883   -2.5360    0.2950
 5419 GLIVDME   -7.2988   -9.5923   -2.2934    0.2950
 5420 GLIVEMK   -8.3225  -10.1231   -1.8006    0.2950
 5421 GLLVEMK   -7.2447  -10.2750   -3.0303    0.2950
 5422 GLLVEMK   -7.2447  -10.2750   -3.0303    0.2950
 5423 GLKVDLM   -5.4753   -8.0770   -2.6017    0.2950
 5424 MLKVDGL   -7.5292  -10.1310   -2.6017    0.2950
 5425 GLLVDMK   -7.1560   -9.8692   -2.7131    0.2950
 5426 GLLVDMK   -7.1560   -9.8692   -2.7131    0.2950
 5427 GLLVDVK   -7.2130   -9.8516   -2.6386    0.2950
 5428 GLLVDVK   -7.2130   -9.8516   -2.6386    0.2950
 5429 GLVVELK   -7.5032  -10.4589   -2.9557    0.2950
 5430 GLVVELK   -7.5332  -10.4889   -2.9557    0.2950
 5431 GLLVDVK   -6.9182   -9.5568   -2.6386    0.2950
 5432 GLMVEID   -6.8247   -9.1182   -2.2934    0.2950
 5433 GLKVMDI   -9.0252  -10.3972   -1.3720    0.2950
 5434 GLKIMDV   -8.1801   -9.5521   -1.3720    0.2950
 5435 GLIKMDV   -8.3098   -9.6818   -1.3720    0.2950
 5436 GLVKMDF   -7.4724   -8.5401   -1.0677    0.2950
 5437 GLVKMEF   -4.8460   -6.2308   -1.3849    0.2950
 5438 GLKVMEF   -5.1740   -6.5588   -1.3849    0.2950
 5439 GLKVMDF   -6.7224   -7.7901   -1.0677    0.2950
 5440 GLKVMDF   -5.8173   -6.8851   -1.0677    0.2950
 5441 ELKVMGF   -5.5592   -6.9441   -1.3849    0.2950
 5442 ELKVMGF   -7.0353   -8.4201   -1.3849    0.2950
 5443 KLFVMGD   -8.0660   -9.3565   -1.2906    0.2950
 5444 KLMVFGD   -9.8946  -11.1851   -1.2906    0.2950
 5445 KLMVFGD   -9.8946  -11.1851   -1.2906    0.2950
 5446 KLMVFGD   -9.8946  -11.1851   -1.2906    0.2950
 5447 KLMVFGD   -9.8946  -11.1851   -1.2906    0.2950
 5448 KLMVFGD   -9.8946  -11.1851   -1.2906    0.2950
 5449 KLMVFGD   -9.8946  -11.1851   -1.2906    0.2950
 5450 KLMVFGD   -9.8946  -11.1851   -1.2906    0.2950
 5451 KLMVFGD   -9.8946  -11.1851   -1.2906    0.2950
 5452 KLMVFGD   -9.8946  -11.1851   -1.2906    0.2950
 5453 KLIVFGD   -8.8155  -11.8572   -3.0417    0.2950
 5454 KLIVFGD   -8.8155  -11.8572   -3.0417    0.2950
 5455 KLIVFGD   -8.8155  -11.8572   -3.0417    0.2950
 5456 KLVIAGD   -7.4158  -11.4121   -3.9963    0.2950
 5457 KLVIAGD   -7.4158  -11.4121   -3.9963    0.2950
 5458 KLVIDGA   -6.5863  -10.4712   -3.8849    0.2950
 5459 KLVIDGA   -6.5863  -10.4712   -3.8849    0.2950
 5460 KLVIAGD   -6.8937  -10.8900   -3.9963    0.2950
 5461 KLIVFGD   -8.1106  -11.1523   -3.0417    0.2950
 5462 KLIVFGD   -8.1106  -11.1523   -3.0417    0.2950
 5463 KLIVFGD   -8.1106  -11.1523   -3.0417    0.2950
 5464 KLIVFGD   -8.1106  -11.1523   -3.0417    0.2950
 5465 KLIVFGD   -8.1106  -11.1523   -3.0417    0.2950
 5466 KLLVFGD   -7.0743  -11.3457   -4.2714    0.2950
 5467 KLLVFGD   -7.0743  -11.3457   -4.2714    0.2950
 5468 KLLVFGD   -7.0743  -11.3457   -4.2714    0.2950
 5469 KLLVYGD   -7.4098  -10.7407   -3.3309    0.2950
 5470 KLLVYGD   -7.4098  -10.7407   -3.3309    0.2950
 5471 KLLVYGD   -7.4098  -10.7407   -3.3309    0.2950
 5472 KLLVMGD   -9.5156  -12.3401   -2.8246    0.2950
 5473 KLFVDGM   -4.6389   -5.8180   -1.1791    0.2950
 5474 KLFMEGV   -6.0988   -7.5950   -1.4963    0.2950
 5475 KLFIEGV   -5.3459   -8.5933   -3.2474    0.2950
 5476 KLFIEGV   -5.3459   -8.5933   -3.2474    0.2950
 5477 KLFIEGM   -4.4899   -7.8119   -3.3220    0.2950
 5478 KLMIEGF   -4.6603   -7.9823   -3.3220    0.2950
 5479 KLIIEGF   -5.3080  -10.3811   -5.0731    0.2950
 5480 KLIIEGF   -5.3080  -10.3811   -5.0731    0.2950
 5481 KLVIEGI   -7.9834  -11.5351   -3.5517    0.2950
 5482 KLVIDGA   -7.0908  -10.9757   -3.8849    0.2950
 5483 KLVIDGA   -7.0908  -10.9757   -3.8849    0.2950
 5484 KLVIDGA   -7.0908  -10.9757   -3.8849    0.2950
 5485 DLVIKGG   -3.9482   -7.9570   -4.0089    0.2950
 5486 DLVIKGM   -6.4225   -7.9059   -1.4834    0.2950
 5487 DLVIEGM   -6.6412   -8.9346   -2.2934    0.2950
 5488 GLMIKDV   -2.9053   -4.5002   -1.5949    0.2950
 5489 GLMIKDV   -2.9053   -4.5002   -1.5949    0.2950
 5490 GLDKIVV   -2.8274   -4.3477   -1.5203    0.2950
 5491 GLDIKVV   -5.4669   -6.7643   -1.2974    0.2950
 5492 VLDIDGV   -5.4128   -7.2031   -1.7903    0.2950
 5493 VLDIDGV   -5.4128   -7.2031   -1.7903    0.2950
 5494 GLVVEDV   -6.2505   -9.1551   -2.9046    0.2950
 5495 MLVVDEV   -6.0365  -10.0785   -4.0420    0.2950
 5496 MLVADEV   -5.2734   -8.2714   -2.9980    0.2950
 5497 MLVEKAV   -1.1758   -3.6809   -2.5051    0.2950
 5498 VLIDVAD   -1.2574   -4.9380   -3.6806    0.2950
 5499 VLVEAID   -1.6554   -5.6531   -3.9977    0.2950
 5500 VLMAEID   -4.6997   -8.7720   -4.0723    0.2950
 5501 VLIADME   -4.9593   -9.0316   -4.0723    0.2950
 5502 VLIAEME   -5.1318   -9.5212   -4.3894    0.2950
 5503 VLIGEMD   -6.2254   -8.5188   -2.2934    0.2950
 5504 VLLGEME   -7.2747  -11.1150   -3.8403    0.2950
 5505 VLMGMEK   -5.2871   -7.6879   -2.4009    0.2950
 5506 VLLGMEK   -4.6474   -7.7891   -3.1417    0.2950
 5507 KLLGMDV   -2.8108   -5.4125   -2.6017    0.2950
 5508 VLLGMDK   -2.7738   -5.5984   -2.8246    0.2950
 5509 KLLGMDV   -4.8611   -7.4628   -2.6017    0.2950
 5510 LLKGMEV   -6.2725   -9.1914   -2.9189    0.2950
 5511 LLKGMEV   -6.2725   -9.1914   -2.9189    0.2950
 5512 ILKGMEV   -7.0160   -8.7052   -1.6891    0.2950
 5513 KLIGMEV   -7.2864   -8.9755   -1.6891    0.2950
 5514 KLIGEVM   -5.4096   -7.2102   -1.8006    0.2950
 5515 KLIGEMA   -5.1207   -9.3172   -4.1966    0.2950
 5516 KLIGEMA   -5.1207   -9.3172   -4.1966    0.2950
 5517 MLIGEKA   -4.6456   -8.9536   -4.3080    0.2950
 5518 MLIGEEA   -5.4079  -10.5259   -5.1180    0.2950
 5519 ALEGMIE   -1.8619   -6.8685   -5.0066    0.2950
 5520 ILEGMAK   -4.2175   -8.4141   -4.1966    0.2950
 5521 ILEGMAE   -4.2931   -9.2997   -5.0066    0.2950
 5522 ILKGMEA   -6.6180  -10.7031   -4.0851    0.2950
 5523 ILKGMEA   -6.6180  -10.7031   -4.0851    0.2950
 5524 VLKGMEA   -5.1002  -10.5596   -5.4594    0.2950
 5525 VLKGMEA   -5.1002  -10.5596   -5.4594    0.2950
 5526 KLMGMEA   -4.9020  -10.3560   -5.4540    0.2950
 5527 KLMGMEA   -4.9020  -10.3560   -5.4540    0.2950
 5528 KLMGMEA   -4.9020  -10.3560   -5.4540    0.2950
 5529 KLVGMEA   -4.5009   -9.9603   -5.4594    0.2950
 5530 LLKGMEA   -2.6230   -8.4979   -5.8749    0.2950
 5531 MLKGMEM   -8.4606  -10.6331   -2.1726    0.2950
 5532 MLKGMEM   -8.4606  -10.6331   -2.1726    0.2950
 5533 MLKGMEL   -7.4232  -10.4166   -2.9934    0.2950
 5534 KLGLMEM   -4.0797   -7.0731   -2.9934    0.2950
 5535 KLGFMEG   -3.8338   -7.7072   -3.8734    0.2950
 5536 KLGFMDM   -5.4283   -6.5706   -1.1423    0.2950
 5537 KLGMFDM   -6.1304   -7.2727   -1.1423    0.2950
 5538 KLGMFEM   -5.9030   -7.3624   -1.4594    0.2950
 5539 KLGMFDM   -6.3016   -7.4439   -1.1423    0.2950
 5540 KLGMFDM   -6.3016   -7.4439   -1.1423    0.2950
 5541 KLGMFMD   -6.0369   -7.2906   -1.2537    0.2950
 5542 KLGMFMD   -6.2216   -7.4753   -1.2537    0.2321
 5543 KLGMFMD   -6.2216   -7.4753   -1.2537    0.2321
 5544 KLGMFMD   -6.2216   -7.4753   -1.2537    0.2321
 5545 KLGMFMD   -6.2216   -7.4753   -1.2537    0.2321
 5546 KLGMFME   -4.9304   -6.5012   -1.5709    0.2321
 5547 KLGMFME   -4.9304   -6.5012   -1.5709    0.2321
 5548 KLEGFMM   -3.8306   -5.4015   -1.5709    0.2321
 5549 KLDGFMM   -3.0355   -4.2892   -1.2537    0.2321
 5550 KLMGFMD   -7.7908   -9.0445   -1.2537    0.2321
 5551 KLMGFMD   -7.7908   -9.0445   -1.2537    0.2321
 5552 KLMGFMD   -7.7908   -9.0445   -1.2537    0.2321
 5553 KLMGFMD   -7.7908   -9.0445   -1.2537    0.2321
 5554 KLMGFMD   -7.7908   -9.0445   -1.2537    0.2321
 5555 KLVGFAD   -6.4077  -10.0683   -3.6606    0.2321
 5556 KLVGFAD   -6.4077  -10.0683   -3.6606    0.2321
 5557 KLVGWFD   -3.6280   -7.9129   -4.2849    0.2321
 5558 VLKGVFD   -3.7487   -4.8533   -1.1046    0.2321
 5559 VLKGVFE   -4.0760   -5.4977   -1.4217    0.2321
 5560 KLVGVFE   -4.3178   -5.7395   -1.4217    0.2321
 5561 KLFGVVE   -4.7391   -6.1608   -1.4217    0.2321
 5562 KLFGVEV   -3.0037   -4.3140   -1.3103    0.2321
 5563 KLFGWEA   -3.7705   -6.5771   -2.8066    0.2321
 5564 KLMGWAE   -7.7918  -10.9029   -3.1111    0.2321
 5565 ELMGWAK   -4.6125   -7.7237   -3.1111    0.2321
 5566 ELGMWAK   -3.8558   -6.9670   -3.1111    0.2321
 5567 ELVGWKA   -3.4672   -6.4724   -3.0051    0.2321
 5568 ELVGWKA   -3.4672   -6.4724   -3.0051    0.2321
 5569 ELVAWGK   -5.5665   -8.7945   -3.2280    0.2321
 5570 ELVAWGK   -5.5665   -8.7945   -3.2280    0.2321
 5571 ELVKWAA   -7.3556  -10.5710   -3.2154    0.2321
 5572 ALVKWAE   -6.9330  -10.1484   -3.2154    0.2321
 5573 ALVKWAD   -7.2620  -10.1602   -2.8983    0.2321
 5574 ALVKWDA   -7.5624  -10.3493   -2.7869    0.2321
 5575 ALVKWDA   -7.5624  -10.3493   -2.7869    0.2321
 5576 ALVKWDA   -7.5624  -10.3493   -2.7869    0.2321
 5577 ALVKWDA   -7.5624  -10.3493   -2.7869    0.2321
 5578 ALVKWDA   -7.5624  -10.3493   -2.7869    0.2321
 5579 KLAVWDA   -6.0233   -8.9215   -2.8983    0.2321
 5580 ALDVWDG   -4.1029   -7.3952   -3.2923    0.2321
 5581 ALDVWKG   -6.4016   -9.2010   -2.7994    0.2321
 5582 ALDVWKG   -6.4016   -9.2010   -2.7994    0.2321
 5583 ALDVWKG   -6.4016   -9.2010   -2.7994    0.2321
 5584 ALDVWKG   -6.4016   -9.2010   -2.7994    0.2321
 5585 ALDVWKG   -6.4016   -9.2010   -2.7994    0.2321
 5586 KLDYWAG   -1.9561   -5.5763   -3.6203    0.2321
 5587 KLGFWAD   -6.0047   -8.6056   -2.6009    0.2321
 5588 KLGFWGD   -7.1225   -8.2245   -1.1020    0.2321
 5589 KLGWWGD   -6.8700   -9.3508   -2.4809    0.2321
 5590 KLGFFGE   -5.2609   -7.5411   -2.2803    0.2321
 5591 KLGFFGE   -5.3523   -7.6326   -2.2803    0.2321
 5592 KLGFFGE   -5.3523   -7.6326   -2.2803    0.2321
 5593 KLFGFGE   -5.9192   -8.1995   -2.2803    0.2321
 5594 KLFGFGE   -5.9192   -8.1995   -2.2803    0.2321
 5595 KLFGFGE   -5.9192   -8.1995   -2.2803    0.2321
 5596 KLFGWGE   -7.4279   -8.8470   -1.4191    0.2321
 5597 ELFGWGE   -4.0485   -6.2777   -2.2291    0.2321
 5598 ELFGWGD   -4.7780   -6.6900   -1.9120    0.2321
 5599 ELLGWGD   -2.6868   -6.6128   -3.9260    0.2321
 5600 ELGIWGD   -6.1926   -8.3289   -2.1363    0.2321
 5601 KLGIWGD   -9.1889  -10.5152   -1.3263    0.2321
 5602 KLGIWGD   -9.1889  -10.5152   -1.3263    0.2321
 5603 KLGIWGD   -9.1889  -10.5152   -1.3263    0.2321
 5604 KLGIWGE   -8.2907   -9.9342   -1.6434    0.2321
 5605 KLGIWGD   -8.6613   -9.9875   -1.3263    0.2321
 5606 KLGIWGD   -8.6613   -9.9875   -1.3263    0.2321
 5607 KLGIWGD   -8.6613   -9.9875   -1.3263    0.2321
 5608 KLGIWGD   -8.6613   -9.9875   -1.3263    0.2321
 5609 KLGIWGD   -8.6613   -9.9875   -1.3263    0.2321
 5610 KLGIWGD   -8.6613   -9.9875   -1.3263    0.2321
 5611 KLGIFGD   -7.6897   -9.8771   -2.1874    0.2321
 5612 KLGIFGD   -7.6897   -9.8771   -2.1874    0.2321
 5613 KLGIFGD   -7.6897   -9.8771   -2.1874    0.2321
 5614 KLGIIGD   -4.4541   -6.8658   -2.4117    0.2321
 5615 KLGIIGD   -4.4541   -6.8658   -2.4117    0.2321
 5616 KLGIIGD   -4.4541   -6.8658   -2.4117    0.2321
 5617 KLGIIGD   -4.4541   -6.8658   -2.4117    0.2321
 5618 KLGIIGE   -3.4778   -6.2066   -2.7289    0.2321
 5619 KLGIIGE   -3.4778   -6.2066   -2.7289    0.2321
 5620 KLIGDGI   -5.0292   -7.4409   -2.4117    0.2321
 5621 KLIGEGG   -2.9371  -10.4403   -7.5031    0.2321
 5622 KLIGEGM   -4.4306   -8.5283   -4.0977    0.2321
 5623 KLIGEGY   -3.3892   -8.3132   -4.9240    0.2321
 5624 KLWGEGG   -2.5781   -8.9958   -6.4177    0.2321
 5625 KLWGEGG   -2.5781   -8.9958   -6.4177    0.2321
 5626 GLWGEGK   -0.8281   -7.1344   -6.3063    0.2321
 5627 GLGMWDK   -4.6752   -7.4818   -2.8066    0.2321
 5628 GLMGWDK   -4.5403   -7.3469   -2.8066    0.2321
 5629 GLMGWEK   -4.7585   -7.8822   -3.1237    0.2321
 5630 GLEGWMK   -2.8209   -5.8332   -3.0123    0.2321
 5631 GLEGWIK   -4.5604   -6.2038   -1.6434    0.2321
 5632 GLGEWIK   -4.2183   -5.8617   -1.6434    0.2321
 5633 GLGEWIE   -3.5780   -6.0314   -2.4534    0.2321
 5634 RLGEWIG    0.5610   -4.4464   -5.0074    0.2321
 5635 RLGEWIG    0.5610   -4.4464   -5.0074    0.2321
 5636 ELGEWIG   -1.9869   -4.4404   -2.4534    0.2321
 5637 DLKGWIG   -3.7742   -5.1005   -1.3263    0.2321
 5638 GLKGWDI   -7.2476   -8.4624   -1.2149    0.2321
 5639 GLKGWDI   -7.2476   -8.4624   -1.2149    0.2321
 5640 GLKGWDI   -7.2476   -8.4624   -1.2149    0.2321
 5641 GLKGWDF   -7.1509   -8.1415   -0.9906    0.2321
 5642 GLKGWDF   -7.1509   -8.1415   -0.9906    0.2321
 5643 GLKGWDF   -7.1509   -8.1415   -0.9906    0.2321
 5644 GLKGWEI   -7.9357   -9.4677   -1.5320    0.2321
 5645 GLKGWEI   -7.9357   -9.4677   -1.5320    0.2321
 5646 GLKGWEI   -7.9357   -9.4677   -1.5320    0.2321
 5647 GLKGWEI   -7.9357   -9.4677   -1.5320    0.2321
 5648 GLKGWEI   -7.9357   -9.4677   -1.5320    0.2321
 5649 GLKGWEI   -7.9357   -9.4677   -1.5320    0.2321
 5650 GLKGFEI   -6.8631   -9.2563   -2.3931    0.2321
 5651 GLKGFEI   -6.8631   -9.2563   -2.3931    0.2321
 5652 GLKGFDI   -6.2069   -8.2829   -2.0760    0.2321
 5653 GLKGFDI   -6.2069   -8.2829   -2.0760    0.2321
 5654 GLKGWDI   -7.1072   -8.3220   -1.2149    0.2321
 5655 GLKGWDI   -7.1072   -8.3220   -1.2149    0.2321
 5656 GLKGWDI   -7.1072   -8.3220   -1.2149    0.2321
 5657 GLKGWDV   -6.1346   -8.7237   -2.5891    0.2321
 5658 GLKGWEW   -6.3561   -9.0427   -2.6866    0.2321
 5659 GLIGWEK   -6.4700   -8.2249   -1.7549    0.2321
 5660 GLIGWDK   -7.1044   -8.5421   -1.4377    0.2321
 5661 GLKGWDI   -7.5988   -8.8136   -1.2149    0.2321
 5662 GLKGWDI   -7.5988   -8.8136   -1.2149    0.2321
 5663 GLKGWDI   -7.5988   -8.8136   -1.2149    0.2321
 5664 GLKGWDI   -7.5988   -8.8136   -1.2149    0.2321
 5665 GLKGWDM   -6.2975   -8.8812   -2.5837    0.2321
 5666 GLKGWDV   -6.6259   -9.2151   -2.5891    0.2321
 5667 GLKGWDI   -7.5985   -8.8133   -1.2149    0.2321
 5668 GLKGWDI   -7.5985   -8.8133   -1.2149    0.2321
 5669 GLKGWDF   -7.5446   -8.5352   -0.9906    0.2321
 5670 GLDGWFD   -2.6228   -4.2176   -1.5949    0.2321
 5671 GLDGWFD   -2.6228   -4.2176   -1.5949    0.2321
 5672 GLFGWDK   -5.1089   -6.3223   -1.2134    0.2321
 5673 GLFGVEK   -1.6361   -5.6263   -3.9903    0.2321
 5674 GLFGVED   -1.5817   -6.0648   -4.4831    0.2321
 5675 GLYGFDD   -1.8224   -6.8093   -4.9869    0.2321
 5676 GLYGFDE   -1.2775   -6.5815   -5.3040    0.2321
 5677 GLYGWDD   -2.8853   -7.0110   -4.1257    0.2321
 5678 GLYGWDD   -2.8853   -7.0110   -4.1257    0.2321
 5679 GLLGWDE   -4.9510   -8.9885   -4.0374    0.2321
 5680 GLLGWED   -4.9783   -9.0157   -4.0374    0.2321
 5681 GLLGWEK   -4.2633   -7.8079   -3.5446    0.2321
 5682 GLGIWEK   -5.7654   -7.5202   -1.7549    0.2321
 5683 GLIGWEK   -6.9389   -8.6937   -1.7549    0.2321
 5684 GLFGIED   -3.6548   -6.7637   -3.1089    0.2321
 5685 GLWGIED   -3.1956   -5.4433   -2.2477    0.2321
 5686 GLGWEDI   -3.9352   -6.0715   -2.1363    0.2321
 5687 GLGWEEI   -3.2788   -5.7323   -2.4534    0.2321
 5688 GLGFWEE   -4.0302   -6.3707   -2.3406    0.2321
 5689 GLGFWEE   -4.0302   -6.3707   -2.3406    0.2321
 5690 GLGFWEE   -4.0302   -6.3707   -2.3406    0.2321
 5691 GLGFWEE   -4.0302   -6.3707   -2.3406    0.2321
 5692 GLGAWKE    0.2708   -6.1343   -6.4051    0.2321
 5693 ILGKWAE   -2.2054   -5.4277   -3.2223    0.2321
 5694 KLGWEAI   -4.4555   -7.5663   -3.1109    0.2321
 5695 KLGWEAV   -4.9520   -7.9571   -3.0051    0.2321
 5696 KLGWEAF   -3.2403   -6.0468   -2.8066    0.2321
 5697 KLGIEAM   -4.4216   -8.5067   -4.0851    0.2321
 5698 KLGIEAM   -4.8792   -8.9644   -4.0851    0.2321
 5699 KLGWEAM   -5.4776   -8.4773   -2.9997    0.2321
 5700 KLGWEAM   -5.4776   -8.4773   -2.9997    0.2321
 5701 KLGWEAM   -5.4776   -8.4773   -2.9997    0.2321
 5702 KLGWEAM   -5.4776   -8.4773   -2.9997    0.2321
 5703 KLGWDAM   -4.9953   -7.6778   -2.6826    0.2321
 5704 KLGWMAD   -4.3373   -7.1313   -2.7940    0.2321
 5705 KLGAWMD   -3.3505   -6.1445   -2.7940    0.2321
 5706 KLGIWDM   -3.3149   -7.8672   -4.5523    0.2321
 5707 KLIGYMD   -7.0600   -8.4842   -1.4243    0.2321
 5708 KLIGYMD   -7.0600   -8.4842   -1.4243    0.2321
 5709 KLIGMMD   -8.5116  -10.0696   -1.5580    0.2321
 5710 KLIGMMD   -8.5116  -10.0696   -1.5580    0.2321
 5711 KLIGMMD   -8.5116  -10.0696   -1.5580    0.2321
 5712 KLIGMMD   -8.5116  -10.0696   -1.5580    0.2321
 5713 KLIGDMM   -7.4901   -9.0481   -1.5580    0.2321
 5714 KLIGDMY   -5.7146   -7.1389   -1.4243    0.2321
 5715 KLIGEMY   -6.3000   -8.0415   -1.7414    0.2321
 5716 KLIGDMV   -7.6202   -9.1036   -1.4834    0.2321
 5717 KLVGEMV   -6.5505   -8.8454   -2.2949    0.2321
 5718 KLVGDMI   -6.4465   -7.9299   -1.4834    0.2321
 5719 ELMGDVI   -4.7754   -7.0688   -2.2934    0.2321
 5720 ELVGDVF   -4.6186   -6.5332   -1.9146    0.2321
 5721 KLVGDVF   -7.7318   -8.8364   -1.1046    0.2321
 5722 KLIGDVV   -8.5464   -9.9553   -1.4089    0.2321
 5723 KLVGDVI   -7.7220   -9.1309   -1.4089    0.2321
 5724 KLVGDVV   -7.5532   -9.5363   -1.9831    0.2321
 5725 KLVGVDV   -5.4512   -7.3229   -1.8717    0.2321
 5726 VLVGMKE   -7.9293  -10.3356   -2.4063    0.2321
 5727 VLLGMKE   -6.9751  -10.1168   -3.1417    0.2321
 5728 VLLGMKE   -6.9751  -10.1168   -3.1417    0.2321
 5729 VLVGMKE   -7.9319  -10.3382   -2.4063    0.2321
 5730 ELVGMKV   -6.9206   -9.1041   -2.1834    0.2321
 5731 ELVGMKM   -7.1739   -9.3519   -2.1780    0.2321
 5732 VLEGMKM   -6.2417   -8.4197   -2.1780    0.2321
 5733 ILKGFEM   -5.5929   -8.8035   -3.2106    0.2321
 5734 MLKGFEM   -7.8784   -9.3378   -1.4594    0.2321
 5735 MLKGFEM   -7.8784   -9.3378   -1.4594    0.2321
 5736 MLKGFEV   -7.7512   -9.1361   -1.3849    0.2321
 5737 MLKGFDV   -7.5490   -8.6167   -1.0677    0.2321
 5738 MLKGFDV   -7.5490   -8.6167   -1.0677    0.2321
 5739 MLDGMKV   -7.5427   -9.4036   -1.8609    0.2321
 5740 MLEGMKV   -8.9103  -11.0883   -2.1780    0.2321
 5741 MLEGMKV   -8.9103  -11.0883   -2.1780    0.2321
 5742 MLRGMEV   -5.1820  -10.7240   -5.5420    0.2321
 5743 MLRGMEV   -5.2302  -10.7722   -5.5420    0.2330
 5744 MLRGMEV   -5.2302  -10.7722   -5.5420    0.2330
 5745 MLVEMGD   -8.1765  -10.9588   -2.7823    0.2330
 5746 MLVEMGD   -8.1765  -10.9588   -2.7823    0.2330
 5747 MLVEMGE   -8.4011  -11.5006   -3.0994    0.2330
 5748 MLVKMGD   -8.6040  -10.5763   -1.9723    0.2330
 5749 MLVDMGD   -7.3846   -9.8498   -2.4651    0.2330
 5750 GLVDMDV   -6.2761   -8.6352   -2.3591    0.2330
 5751 DLVVMDG   -5.9973   -8.5793   -2.5820    0.2330
 5752 DLVVMEG   -6.6666   -9.5657   -2.8991    0.2330
 5753 DLVVMEG   -6.1120   -9.0112   -2.8991    0.2330
 5754 DLVVMGE   -5.9520   -8.8512   -2.8991    0.2330
 5755 MLVVEGE   -8.4193  -11.6356   -3.2163    0.2330
 5756 MLVVEGE   -8.4561  -11.6723   -3.2163    0.2330
 5757 MLVVEGE   -8.4561  -11.6723   -3.2163    0.2330
 5758 MLVVEGE   -8.1963  -11.4125   -3.2163    0.2330
 5759 MLVVEGE   -8.1963  -11.4125   -3.2163    0.2330
 5760 VLMVEGE   -7.5789  -10.7952   -3.2163    0.2330
 5761 GLMVDVD   -7.6573  -10.1279   -2.4706    0.2330
 5762 GLVVVDD   -6.2027   -8.9016   -2.6989    0.2330
 5763 GLVVDVD   -7.6843  -10.1603   -2.4760    0.2330
 5764 GLKVEVV   -7.5701   -9.7589   -2.1889    0.2330
 5765 GLKVEVV   -7.5701   -9.7589   -2.1889    0.2330
 5766 GLKVDVF   -7.9204   -8.9136   -0.9931    0.2330
 5767 GLEVDVF   -6.4268   -8.2299   -1.8031    0.2330
 5768 GLEVDVF   -6.4268   -8.2299   -1.8031    0.2330
 5769 ELEVGVI   -3.5943   -6.0189   -2.4246    0.2330
 5770 KLEVGVI   -4.9717   -6.5863   -1.6146    0.2330
 5771 KLVVGVE   -7.4412   -9.7415   -2.3003    0.2330
 5772 KLVVGVE   -7.4412   -9.7415   -2.3003    0.2330
 5773 KLVVVGE   -5.4581   -7.8698   -2.4117    0.2330
 5774 KLVVFGE   -7.7999   -9.3331   -1.5331    0.2330
 5775 KLGVFVE   -6.6249   -8.0466   -1.4217    0.2330
 5776 KLEVFVG   -5.8066   -7.2283   -1.4217    0.2330
 5777 KLVVFEG   -8.1730   -9.7062   -1.5331    0.2330
 5778 KLVVFEG   -8.1730   -9.7062   -1.5331    0.2330
 5779 KLVVFDG   -7.1455   -8.3615   -1.2160    0.2330
 5780 KLVVFDG   -7.1455   -8.3615   -1.2160    0.2330
 5781 KLGVFVD   -6.5657   -7.6703   -1.1046    0.2330
 5782 KLVAFVD   -5.7957   -8.7905   -2.9949    0.2330
 5783 DLVVFAK   -6.3354   -9.3303   -2.9949    0.2330
 5784 DLVVMAK   -7.1178   -9.3058   -2.1880    0.2330
 5785 DLVVAMK   -7.9480  -10.1360   -2.1880    0.2330
 5786 DLMVAKM   -5.5034   -7.5745   -2.0711    0.2330
 5787 MLMVDAE   -6.5249   -9.4060   -2.8811    0.2330
 5788 ELMVDAM   -4.5052   -7.3864   -2.8811    0.2330
 5789 ELMVDAY   -3.2021   -6.9095   -3.7074    0.2330
 5790 KLMVEAY   -6.5657   -9.7803   -3.2146    0.2330
 5791 KLVVAEY   -8.0775  -11.2975   -3.2200    0.2330
 5792 KLVVAEY   -8.0775  -11.2975   -3.2200    0.2330
 5793 KLVEWVY   -2.3294   -8.2936   -5.9643    0.2330
 5794 KLEVGVY   -5.0233   -8.0330   -3.0097    0.2330
 5795 KLEVGVM   -4.6059   -6.7893   -2.1834    0.2330
 5796 KLEVGMV   -5.6672   -7.8507   -2.1834    0.2330
 5797 VLEVKIG   -4.3541   -5.9687   -1.6146    0.2330
 5798 VLGVEEM   -5.3691   -8.4740   -3.1049    0.2330
 5799 MLEVEGM   -7.9927  -10.9807   -2.9880    0.2330
 5800 MLEVDGV   -6.8362   -9.5124   -2.6763    0.2330
 5801 MLEVDGV   -6.8362   -9.5124   -2.6763    0.2330
 5802 MLIVEGK   -9.8303  -11.7423   -1.9120    0.2330
 5803 MLIVEGK   -9.8303  -11.7423   -1.9120    0.2330
 5804 MLIVEGK   -9.8303  -11.7423   -1.9120    0.2330
 5805 MLIVEGD  -10.1112  -12.5161   -2.4049    0.2330
 5806 ILKVEGM   -7.7977   -9.4869   -1.6891    0.2330
 5807 MLIVEGK   -9.0079  -10.9199   -1.9120    0.2330
 5808 LLIVEGK   -6.0097  -10.9025   -4.8929    0.2330
 5809 LLIVKGD   -5.1784   -9.7541   -4.5757    0.2330
 5810 ILLVDGE   -6.1208  -11.5065   -5.3857    0.2330
 5811 ILMVEGE   -9.2563  -11.9783   -2.7220    0.2330
 5812 LLMVDGE   -8.3352  -11.9698   -3.6346    0.2330
 5813 LLMVDGE   -8.3352  -11.9698   -3.6346    0.2330
 5814 MLFVEGD   -6.9172   -9.0178   -2.1006    0.2330
 5815 MLFVEGK   -6.5052   -8.1129   -1.6077    0.2330
 5816 ELFVMGK   -5.1685   -6.7762   -1.6077    0.2330
 5817 MLEVMGK   -7.5655   -9.8549   -2.2894    0.2330
 5818 MLVEMGK   -6.9001   -9.1895   -2.2894    0.2330
 5819 MLVEMGD   -5.3877   -8.1699   -2.7823    0.2330
 5820 MLVEMGD   -5.3877   -8.1699   -2.7823    0.2330
 5821 MLVDMGD   -5.8341   -8.2992   -2.4651    0.2330
 5822 MLVEMGE   -7.2794  -10.3788   -3.0994    0.2330
 5823 MLVVEGE   -9.1311  -12.3474   -3.2163    0.2330
 5824 MLKVDGM   -8.6257  -10.4865   -1.8609    0.2330
 5825 MLKVDGM   -8.6257  -10.4865   -1.8609    0.2330
 5826 MLVKDGF   -4.1508   -5.4414   -1.2906    0.2330
 5827 MLVKDGF   -4.1508   -5.4414   -1.2906    0.2330
 5828 MLVKDGF   -4.1508   -5.4414   -1.2906    0.2330
 5829 FLVKDGM   -2.4055   -3.6960   -1.2906    0.2330
 5830 LLVDEGM   -3.0872   -6.7217   -3.6346    0.2330
 5831 LLMDEGV   -4.4128   -8.0474   -3.6346    0.2330
 5832 VLMDDGL   -3.3387   -6.6561   -3.3174    0.2330
 5833 VLMKDGL   -3.3275   -6.1520   -2.8246    0.2330
 5834 LLMKDGV   -3.4385   -6.2631   -2.8246    0.2330
 5835 VLVKDGF   -1.0284   -2.2444   -1.2160    0.2330
 5836 VLVEDGI   -4.1348   -6.4651   -2.3303    0.2330
 5837 VLIEEVG    0.2985   -2.3489   -2.6474    0.2330
 5838 VLEIEVG   -1.6874   -4.1120   -2.4246    0.2330
 5839 VLEWEAG   -2.7452   -6.5603   -3.8151    0.2330
 5840 VLEWEAG   -2.7452   -6.5603   -3.8151    0.2330
 5841 VLLEWDG   -2.1679   -8.7968   -6.6289    0.2330
 5842 VLLEWDG   -2.1679   -8.7968   -6.6289    0.2330
 5843 LLLEWDG    1.0169   -8.6673   -9.6843    0.2330
 5844 LLGEWDG   -1.3108   -5.2368   -3.9260    0.2330
 5845 GLGDWDV   -0.9226   -4.0046   -3.0820    0.2330
 5846 GLIDWDV    2.3476   -2.6230   -4.9706    0.2330
 5847 GLIEVEV   -1.5793   -4.0039   -2.4246    0.2330
 5848 GLIEMDI   -1.4085   -5.4162   -4.0077    0.2330
 5849 GLIEYDI   -1.5285   -4.8825   -3.3540    0.2330
 5850 GLIAIDE   -3.0736   -6.6171   -3.5434    0.2330
 5851 GLIIADE   -6.2122   -9.7556   -3.5434    0.2330
 5852 GLIIADE   -6.2122   -9.7556   -3.5434    0.2330
 5853 DLIIADG   -3.6816   -6.7964   -3.1149    0.2330
 5854 DLIIAGD   -3.9688   -7.0837   -3.1149    0.2330
 5855 DLIIAGD   -3.9688   -7.0837   -3.1149    0.2330
 5856 VLIIDGD   -5.8526   -9.6914   -3.8389    0.2330
 5857 MLIIKGD   -6.8100  -10.2306   -3.4206    0.2330
 5858 MLIIKGD   -6.8100  -10.2306   -3.4206    0.2330
 5859 KLIVMGD  -10.5294  -12.1243   -1.5949    0.2330
 5860 KLIVMGD  -10.5294  -12.1243   -1.5949    0.2330
 5861 KLMVMGD  -10.3918  -12.4755   -2.0837    0.2330
 5862 KLIVMGD  -10.7124  -12.3072   -1.5949    0.2330
 5863 KLVVMGD  -10.2878  -12.3769   -2.0891    0.2330
 5864 KLIVMGD  -10.7357  -12.3306   -1.5949    0.2330
 5865 KLIVMGD  -10.7357  -12.3306   -1.5949    0.2330
 5866 KLVVMGD  -10.2894  -12.3786   -2.0891    0.2330
 5867 KLVVMGD  -10.2894  -12.3786   -2.0891    0.2330
 5868 KLIVMGD  -10.7357  -12.3306   -1.5949    0.2330
 5869 KLIVMGD  -10.7357  -12.3306   -1.5949    0.2330
 5870 KLIVMGD  -10.7357  -12.3306   -1.5949    0.2330
 5871 KLVIMGD  -10.1816  -11.7765   -1.5949    0.2330
 5872 KLVIMGD  -10.1816  -11.7765   -1.5949    0.2330
 5873 KLVIAGD   -7.1395  -11.1357   -3.9963    0.2330
 5874 KLIVDGA   -7.9982  -11.8831   -3.8849    0.2330
 5875 KLIVDGY   -8.4638   -9.8936   -1.4297    0.2330
 5876 KLIVDGY   -8.4638   -9.8936   -1.4297    0.2330
 5877 KLIVDGV  -10.5454  -11.9542   -1.4089    0.2330
 5878 KLIVDGV  -10.5454  -11.9542   -1.4089    0.2330
 5879 KLIVDGV  -10.5454  -11.9542   -1.4089    0.2330
 5880 KLIVDGV  -10.5454  -11.9542   -1.4089    0.2330
 5881 KLIVDGV  -10.5454  -11.9542   -1.4089    0.2330
 5882 KLIVEGV  -10.9425  -12.6685   -1.7260    0.2330
 5883 KLIVEGV  -10.9425  -12.6685   -1.7260    0.2330
 5884 KLIVEGV  -10.9425  -12.6685   -1.7260    0.2330
 5885 KLFVEGV   -9.0060  -10.4277   -1.4217    0.2330
 5886 KLVVFGE   -8.8890  -10.4221   -1.5331    0.2330
 5887 KLVVFGE   -8.8890  -10.4221   -1.5331    0.2330
 5888 KLVVFGE   -8.8890  -10.4221   -1.5331    0.2330
 5889 KLVVFGE   -8.8890  -10.4221   -1.5331    0.2330
 5890 KLEVFGV   -8.0762   -9.3865   -1.3103    0.2330
 5891 ELVVFGE   -6.5221   -8.8653   -2.3431    0.2330
 5892 ELEVFGV   -6.0676   -8.1879   -2.1203    0.2330
 5893 VLVEFGE   -6.9510   -9.1827   -2.2317    0.2330
 5894 ELEVFGV   -4.5453   -6.6656   -2.1203    0.2330
 5895 ELEVFGV   -4.5453   -6.6656   -2.1203    0.2330
 5896 GLEVFEV   -5.5583   -7.6786   -2.1203    0.2330
 5897 GLVVFEE   -7.4103   -9.8649   -2.4546    0.2330
 5898 GLVEFEV   -5.2347   -7.3550   -2.1203    0.2330
 5899 GLEVFEV   -5.9951   -8.1153   -2.1203    0.2330
 5900 GLVVFDE   -8.5711  -10.7085   -2.1374    0.2330
 5901 GLVVFDE   -8.4420  -10.5794   -2.1374    0.2330
 5902 GLVVFEE   -8.1480  -10.6026   -2.4546    0.2330
 5903 GLVVFEE   -8.1690  -10.6236   -2.4546    0.2330
 5904 GLVVEFE   -6.9757   -9.2074   -2.2317    0.2330
 5905 GLVVDEF   -7.3437   -9.3697   -2.0260    0.2330
 5906 GLVVDEF   -7.8037   -9.8297   -2.0260    0.2330
 5907 GLLVDEW   -2.8054   -9.5456   -6.7403    0.2330
 5908 GLIGDWE   -5.4116   -7.5479   -2.1363    0.2330
 5909 GLIGDWE   -5.4116   -7.5479   -2.1363    0.2330
 5910 GLIGDWE   -5.4116   -7.5479   -2.1363    0.2330
 5911 GLIGDIE   -6.1503   -9.3720   -3.2217    0.2330
 5912 GLIGDIE   -6.1503   -9.3720   -3.2217    0.2330
 5913 GLIGIEE   -5.8288   -9.4790   -3.6503    0.2330
 5914 GLIGFDE   -6.3949   -9.5038   -3.1089    0.2330
 5915 GLIGFDE   -6.3949   -9.5038   -3.1089    0.2330
 5916 GLIGWEE   -7.1285   -9.6934   -2.5649    0.2330
 5917 GLIGWEE   -7.1285   -9.6934   -2.5649    0.2330
 5918 GLKGWMD   -5.5074   -8.2025   -2.6951    0.2330
 5919 GLKGWME   -5.5401   -8.5524   -3.0123    0.2330
 5920 GLKGWEM   -5.3597   -8.2606   -2.9009    0.2330
 5921 GLKGIEM   -4.0055   -7.9918   -3.9863    0.2330
 5922 GLKGIEM   -4.0055   -7.9918   -3.9863    0.2330
 5923 GLMGIDK   -4.0117   -7.9037   -3.8920    0.2330
 5924 GLIGMEK   -4.9212   -9.1304   -4.2091    0.2330
 5925 GLIGMEK   -4.9212   -9.1304   -4.2091    0.2330
 5926 GLMGEVK   -3.9628   -9.4348   -5.4720    0.2330
 5927 GLMGEWK   -3.7466   -6.7589   -3.0123    0.2330
 5928 GLMGEWK   -3.9867   -6.9989   -3.0123    0.2330
 5929 GLKGMWE   -3.5505   -6.5627   -3.0123    0.2330
 5930 GLKGMWE   -3.5505   -6.5627   -3.0123    0.2330
 5931 GLKGMWE   -3.5505   -6.5627   -3.0123    0.2330
 5932 GLKGEWM   -4.0335   -7.0458   -3.0123    0.2330
 5933 GLKGEWW   -3.7600   -6.5580   -2.7980    0.2330
 5934 GLKGEWW   -3.7600   -6.5580   -2.7980    0.2330
 5935 GLKGEWW   -3.7600   -6.5580   -2.7980    0.2330
 5936 GLKGEWW   -3.7600   -6.5580   -2.7980    0.2330
 5937 GLKGWWE   -4.1338   -6.9318   -2.7980    0.2330
 5938 GLKGEWV   -4.0782   -7.0959   -3.0177    0.2330
 5939 KLWGDGV   -4.8554   -7.5560   -2.7006    0.2330
 5940 WLKGDGV   -4.8541   -7.5547   -2.7006    0.2330
 5941 WLKGEGV   -5.1409   -8.1587   -3.0177    0.2330
 5942 KLWGEGI   -7.2297   -8.8731   -1.6434    0.2330
 5943 KLWGEGI   -7.2297   -8.8731   -1.6434    0.2330
 5944 KLWGEGI   -7.2297   -8.8731   -1.6434    0.2330
 5945 KLWGEGI   -7.2297   -8.8731   -1.6434    0.2330
 5946 KLWGEGI   -7.2297   -8.8731   -1.6434    0.2330
 5947 KLWGEGI   -7.2297   -8.8731   -1.6434    0.2330
 5948 KLWGEGI   -6.9402   -8.5836   -1.6434    0.1900
 5949 KLIGEGW   -7.2943   -8.9378   -1.6434    0.1900
 5950 KLLGDGW   -5.9924   -9.1084   -3.1160    0.1900
 5951 KLLGDGW   -5.9924   -9.1084   -3.1160    0.1900
 5952 KLWGDGV   -5.3171   -8.0176   -2.7006    0.1900
 5953 KLWGDGV   -5.3171   -8.0176   -2.7006    0.1900
 5954 WLKGDGV   -6.5633   -9.2638   -2.7006    0.1900
 5955 WLKGDGV   -6.5633   -9.2638   -2.7006    0.1900
 5956 WLKGEGV   -6.7731   -9.7908   -3.0177    0.1900
 5957 WLKGEGF   -6.4021   -7.8212   -1.4191    0.1900
 5958 WLKGEGF   -6.4021   -7.8212   -1.4191    0.1900
 5959 ELKGWGF   -5.6898   -6.9975   -1.3077    0.1900
 5960 ELKGWGV   -6.3052   -9.2115   -2.9063    0.1900
 5961 ELVGWGK   -5.7652   -8.7829   -3.0177    0.1900
 5962 ELVGWGK   -5.7652   -8.7829   -3.0177    0.1900
 5963 KLVGWGE   -7.5362  -10.5540   -3.0177    0.1900
 5964 KLIGWGD   -8.1761   -9.5024   -1.3263    0.1900
 5965 KLIGWGD   -8.1761   -9.5024   -1.3263    0.1900
 5966 KLIGWGD   -8.1761   -9.5024   -1.3263    0.1900
 5967 KLIGVGD   -5.2633   -9.0493   -3.7860    0.1900
 5968 KLIGVGD   -5.2633   -9.0493   -3.7860    0.1900
 5969 KLFGYGD   -3.1994   -7.5820   -4.3826    0.1900
 5970 KLVGFGD   -6.5692  -10.1310   -3.5617    0.1900
 5971 KLVGFGD   -6.5692  -10.1310   -3.5617    0.1900
 5972 KLVGFGD   -6.5692  -10.1310   -3.5617    0.1900
 5973 KLVGFGE   -5.6760   -9.5549   -3.8789    0.1900
 5974 KLIGFGE   -7.3941   -9.8986   -2.5046    0.1900
 5975 KLIGFGE   -7.3941   -9.8986   -2.5046    0.1900
 5976 KLIGFGE   -7.3941   -9.8986   -2.5046    0.1900
 5977 KLIGFGE   -7.3941   -9.8986   -2.5046    0.1900
 5978 KLGIFGE   -6.7834   -9.2880   -2.5046    0.1900
 5979 KLGIFGE   -6.7834   -9.2880   -2.5046    0.1900
 5980 KLGIFGE   -6.7834   -9.2880   -2.5046    0.1900
 5981 KLGIFGE   -6.7834   -9.2880   -2.5046    0.1900
 5982 KLGIFGE   -6.7834   -9.2880   -2.5046    0.1900
 5983 KLGIEGV   -5.9930   -9.9847   -3.9917    0.1900
 5984 KLGIEGV   -5.9930   -9.9847   -3.9917    0.1900
 5985 KLGIEGV   -5.9930   -9.9847   -3.9917    0.1900
 5986 KLGIEGV   -5.9930   -9.9847   -3.9917    0.1900
 5987 KLIGEGV   -6.5981  -10.7013   -4.1031    0.1900
 5988 RLIGEGV   -1.8609   -9.3280   -7.4671    0.1900
 5989 RLIGEGI   -2.4938   -8.5866   -6.0929    0.1900
 5990 ELIGEGI   -4.2250   -7.7639   -3.5389    0.1900
 5991 KLIGDGI   -6.6592   -9.0709   -2.4117    0.1900
 5992 KLIGIGD   -6.4285   -8.8402   -2.4117    0.1900
 5993 KLIGIGD   -6.4285   -8.8402   -2.4117    0.1900
 5994 KLIGIGD   -6.4285   -8.8402   -2.4117    0.1900
 5995 KLGIIGD   -5.7597   -8.1715   -2.4117    0.1900
 5996 KLGIIGD   -5.7597   -8.1715   -2.4117    0.1900
 5997 KLGIIGD   -5.7597   -8.1715   -2.4117    0.1900
 5998 KLGIMGD   -6.4578  -10.2384   -3.7806    0.1900
 5999 KLGIMGD   -6.4578  -10.2384   -3.7806    0.1900
 6000 KLGIMGD   -6.4578  -10.2384   -3.7806    0.1900
 6001 KLIGMGD   -7.2083  -10.9889   -3.7806    0.1900
 6002 ILKGMGD   -6.2541  -10.0347   -3.7806    0.1900
 6003 KLIGMGD   -7.6508  -11.4314   -3.7806    0.1900
 6004 KLIGDGW   -7.8735   -9.1998   -1.3263    0.1900
 6005 KLIGDGY   -3.9954   -8.6022   -4.6069    0.1900
 6006 KLIGDGY   -4.1110   -8.7178   -4.6069    0.1900
 6007 KLIGEGV   -7.0036  -11.1067   -4.1031    0.1900
 6008 KLIGEGV   -7.0036  -11.1067   -4.1031    0.1900
 6009 KLIGEGV   -7.0036  -11.1067   -4.1031    0.1900
 6010 KLFGEGV   -7.0660  -10.9449   -3.8789    0.1900
 6011 ELFGEGV   -3.7075   -8.3964   -4.6889    0.1900
 6012 VLFGDGE   -5.6038  -10.0869   -4.4831    0.1900
 6013 VLIGDGD   -5.5217   -9.9120   -4.3903    0.1900
 6014 GLLGDVK   -3.9911   -9.5668   -5.5757    0.1900
 6015 GLKGDVL   -3.6324   -9.2082   -5.5757    0.1900
 6016 GLKGEVV   -4.6038  -10.0812   -5.4774    0.1900
 6017 GLWGEKV   -3.5516   -6.6808   -3.1291    0.1900
 6018 GLWGEEY   -0.6299   -5.3899   -4.7600    0.1900
 6019 GLWGYEE   -1.7196   -6.4796   -4.7600    0.1900
 6020 GLWGYEK   -1.8436   -5.7936   -3.9500    0.1900
 6021 GLWGYEE   -1.6225   -6.3825   -4.7600    0.1900
 6022 GLWGDDI   -5.7754   -7.7060   -1.9306    0.1900
 6023 GLWGEDI   -6.2617   -8.5095   -2.2477    0.1900
 6024 GLEGFID   -3.8209   -6.8184   -2.9974    0.1900
 6025 GLIGFDE   -6.3408   -9.4497   -3.1089    0.1900
 6026 GLIGFKE   -6.4582   -9.0742   -2.6160    0.1900
 6027 GLIGFDE   -6.4616   -9.5705   -3.1089    0.1900
 6028 ELIGFGK   -6.3195   -8.8241   -2.5046    0.1900
 6029 ELKGFGI   -5.7474   -8.1405   -2.3931    0.1900
 6030 KLIGEGF   -7.0818   -9.5864   -2.5046    0.1900
 6031 ILKGEGM   -5.7685   -9.8662   -4.0977    0.1900
 6032 ILKGWGE   -8.0264   -9.6698   -1.6434    0.1900
 6033 ILKGWGE   -8.0264   -9.6698   -1.6434    0.1900
 6034 ILGEWGK   -3.2614   -4.9049   -1.6434    0.1900
 6035 MLGKWGE   -2.3852   -5.3975   -3.0123    0.1900
 6036 MLGEWGD   -3.2967   -6.8019   -3.5051    0.1900
 6037 MLGEWGE   -3.1947   -7.0170   -3.8223    0.1900
 6038 LLGEWGE   -2.7087   -6.9519   -4.2431    0.1900
 6039 GLGEWLE   -2.2052   -6.4484   -4.2431    0.1900
 6040 GLGFWEE   -3.8023   -6.1429   -2.3406    0.1900
 6041 GLGFWDE   -3.9902   -6.0136   -2.0234    0.1900
 6042 GLGVWDD   -4.7526   -8.0574   -3.3049    0.1900
 6043 GLGLDDW   -2.7804   -6.3892   -3.6089    0.1900
 6044 GLGLWDD   -5.1940   -8.9143   -3.7203    0.1900
 6045 GLGLWDD   -5.1940   -8.9143   -3.7203    0.1900
 6046 GLGLWED   -5.7104   -9.7479   -4.0374    0.1900
 6047 GLGLWED   -5.7104   -9.7479   -4.0374    0.1900
 6048 GLGMWED   -6.0070   -9.6236   -3.6166    0.1900
 6049 GLGMWED   -6.0070   -9.6236   -3.6166    0.1900
 6050 GLGMWED   -6.0070   -9.6236   -3.6166    0.1900
 6051 GLGMWDD   -5.8508   -9.1502   -3.2994    0.1900
 6052 GLGMWEK   -5.8851   -9.0088   -3.1237    0.1900
 6053 GLGMWEE   -5.4267   -9.3604   -3.9337    0.1900
 6054 GLGMWEE   -5.4267   -9.3604   -3.9337    0.1900
 6055 GLGMWEK   -5.8894   -9.0131   -3.1237    0.1900
 6056 GLGMWDK   -5.7305   -8.5371   -2.8066    0.1900
 6057 GLGMWDK   -5.7230   -8.5296   -2.8066    0.1900
 6058 GLGIWDK   -7.3502   -8.7879   -1.4377    0.1900
 6059 GLGIWDK   -7.3502   -8.7879   -1.4377    0.1900
 6060 GLGIWEK   -7.0240   -8.7789   -1.7549    0.1900
 6061 GLGIWEK   -7.0107   -8.7656   -1.7549    0.1900
 6062 GLGIWDK   -7.3322   -8.7699   -1.4377    0.1900
 6063 GLGIWDK   -7.3322   -8.7699   -1.4377    0.1900
 6064 GLGIWDK   -7.3322   -8.7699   -1.4377    0.1900
 6065 GLGIWDK   -7.3322   -8.7699   -1.4377    0.1900
 6066 GLGIWED   -6.6056   -8.8533   -2.2477    0.1900
 6067 GLGIWEE   -6.5778   -9.1427   -2.5649    0.1900
 6068 GLGIWDE   -6.8442   -9.0919   -2.2477    0.1900
 6069 GLGIWDE   -6.8442   -9.0919   -2.2477    0.1900
 6070 GLGIWED   -6.4955   -8.7432   -2.2477    0.1900
 6071 GLGIWED   -6.4955   -8.7432   -2.2477    0.1900
 6072 GLGIWKD   -5.0561   -6.4938   -1.4377    0.1900
 6073 GLGIWKD   -5.0561   -6.4938   -1.4377    0.1900
 6074 GLGIWKE   -4.3129   -6.0678   -1.7549    0.1900
 6075 GLGEWEM   -2.5930   -6.3038   -3.7109    0.1900
 6076 GLGEKLW   -2.1273   -5.6719   -3.5446    0.1900
 6077 GLGLKEW   -4.0981   -7.5312   -3.4331    0.1900
 6078 GLGIKDL   -4.1971   -8.3985   -4.2014    0.1900
 6079 GLGIEDV   -4.2187   -8.8147   -4.5960    0.1900
 6080 GLVGEEW   -3.2506   -7.1897   -3.9391    0.1900
 6081 GLVGWED   -5.0141   -8.6361   -3.6220    0.1900
 6082 GLMGWDE   -4.6449   -8.2615   -3.6166    0.1900
 6083 GLFGWDE   -3.9831   -6.0065   -2.0234    0.1900
 6084 GLEGWDF   -4.0924   -5.8929   -1.8006    0.1900
 6085 GLEGWEI   -4.0290   -6.3710   -2.3420    0.1900
 6086 GLEGWEI   -3.3698   -5.7118   -2.3420    0.1900
 6087 GLEKWIG   -3.6902   -5.4450   -1.7549    0.1900
 6088 KLWGEIG   -7.4105   -9.0540   -1.6434    0.1900
 6089 KLWGGEI   -5.7581   -7.5130   -1.7549    0.1900
 6090 KLIGGEI   -5.7985   -8.6388   -2.8403    0.1900
 6091 KLIGGEF   -4.9473   -7.5633   -2.6160    0.1900
 6092 KLLGWEG   -6.9342  -10.3674   -3.4331    0.1900
 6093 MLKGWEG   -6.5378   -9.5501   -3.0123    0.1900
 6094 ELMGWKG   -4.3700   -7.3822   -3.0123    0.1900
 6095 ELMGWKG   -4.3700   -7.3822   -3.0123    0.1900
 6096 ELMGWKG   -4.3700   -7.3822   -3.0123    0.1900
 6097 ELMGWKG   -4.3700   -7.3822   -3.0123    0.1900
 6098 ALMGWKE   -4.2179   -7.4404   -3.2226    0.1900
 6099 ALMGWKE   -4.2179   -7.4404   -3.2226    0.1900
 6100 ALMGWDD   -4.8912   -8.2895   -3.3983    0.1900
 6101 ALMGWED   -5.4159   -9.1313   -3.7154    0.1900
 6102 ALMGWDE   -4.3689   -8.0843   -3.7154    0.1900
 6103 ALGMEDW   -4.3958   -7.9998   -3.6040    0.1900
 6104 ALGMEDV   -2.4325   -8.4962   -6.0637    0.1900
 6105 ALGIDEF   -3.6842   -6.7805   -3.0963    0.1900
 6106 ALGIKEF   -1.4694   -4.0728   -2.6034    0.1900
 6107 ALGKIEF   -1.9150   -4.4070   -2.4920    0.1900
 6108 ALGKIEF   -1.9150   -4.4070   -2.4920    0.1900
 6109 ALGEFDI   -3.2570   -6.2418   -2.9849    0.1900
 6110 ALGFEDI   -2.7167   -5.8130   -3.0963    0.1900
 6111 ALGIFEE   -5.2488   -8.7737   -3.5249    0.1900
 6112 ALGIFEE   -5.2488   -8.7737   -3.5249    0.1900
 6113 ALGIEEF   -5.1285   -8.5419   -3.4134    0.1900
 6114 ALGIEEF   -5.1285   -8.5419   -3.4134    0.1900
 6115 ALGIEEF   -5.1285   -8.5419   -3.4134    0.1900
 6116 ALGIEDF   -5.1430   -8.2393   -3.0963    0.1900
 6117 ALGIEDF   -5.1430   -8.2393   -3.0963    0.1900
 6118 ALGIDEF   -5.0372   -8.1335   -3.0963    0.1900
 6119 ALGIDEF   -4.5703   -7.6666   -3.0963    0.1900
 6120 ALGIDDF   -5.1080   -7.8872   -2.7791    0.1900
 6121 ALGIFEK   -6.3523   -9.0672   -2.7149    0.1900
 6122 ALGIFDE   -6.2547   -9.4624   -3.2077    0.1900
 6123 ALGIFDE   -6.2547   -9.4624   -3.2077    0.1900
 6124 ALGIFED   -5.9483   -9.1561   -3.2077    0.1900
 6125 ALGYFDK   -1.8759   -6.4687   -4.5929    0.1900
 6126 ALGYEDI   -1.5550   -7.0707   -5.5157    0.1900
 6127 ALGFEDI   -4.0648   -7.1611   -3.0963    0.1900
 6128 ALGFWED   -4.5718   -8.0941   -3.5223    0.1900
 6129 GLGFWED   -5.3674   -7.3909   -2.0234    0.1900
 6130 GLGEWEF   -3.4324   -5.5501   -2.1177    0.1900
 6131 GLGEWEW   -2.1099   -5.6065   -3.4966    0.1900
 6132 GLGDWEW   -1.7983   -4.9777   -3.1794    0.1900
 6133 GLGDWEW   -1.7983   -4.9777   -3.1794    0.1900
 6134 GLGEWDW   -3.2996   -6.4790   -3.1794    0.1900
 6135 GLGEWEW   -2.8494   -6.3460   -3.4966    0.1900
 6136 GLGEWEW   -2.8494   -6.3460   -3.4966    0.1900
 6137 GLGKWDW   -3.6420   -6.0114   -2.3694    0.1900
 6138 GLGKWEM   -4.3510   -7.2518   -2.9009    0.1900
 6139 GLGKWDM   -4.0653   -6.6490   -2.5837    0.1900
 6140 GLGEVDI   -1.9712   -6.4558   -4.4846    0.1900
 6141 GLGIIDE   -4.7886   -8.1218   -3.3331    0.1900
 6142 GLGIMDD   -4.7132   -9.0981   -4.3849    0.1900
 6143 GLGIDDM   -3.8146   -8.0881   -4.2734    0.1900
 6144 GLIGDKM   -4.0816   -7.9736   -3.8920    0.1900
 6145 GLMGEID   -4.3362   -8.9268   -4.5906    0.1900
 6146 GLMGEDM   -2.6068   -8.6776   -6.0709    0.1900
 6147 GLMGDEM   -1.9878   -8.0587   -6.0709    0.1900
 6148 GLMGEEL   -2.0757   -8.8846   -6.8089    0.1900
 6149 GLIGEIE   -5.6555   -9.1943   -3.5389    0.1900
 6150 GLIGEIE   -5.6492   -9.1880   -3.5389    0.2192
 6151 GLGIEIE   -4.2662   -7.6936   -3.4274    0.2192
 6152 GLGMEID   -4.5889   -9.0680   -4.4791    0.2192
 6153 MLGMEID   -5.3360   -7.5926   -2.2566    0.2192
 6154 MLGMEEM   -4.1079   -7.2019   -3.0940    0.2192
 6155 MLGMEEV   -4.1361   -7.2356   -3.0994    0.2192
 6156 FLGMEEV   -4.8478   -7.1541   -2.3063    0.2192
 6157 FLGMDEV   -4.2713   -6.2605   -1.9891    0.2192
 6158 FLGMVED   -5.1524   -7.2530   -2.1006    0.2192
 6159 FLGVEVD   -6.8433   -8.6464   -1.8031    0.2192
 6160 GLFVEVK   -7.0548   -8.4765   -1.4217    0.2192
 6161 KLVVEGF   -9.7098  -11.1315   -1.4217    0.2192
 6162 GLVVEKF   -8.1480   -9.6812   -1.5331    0.2192
 6163 GLVVEKF   -8.1480   -9.6812   -1.5331    0.2192
 6164 GLVVEDF   -8.0630  -10.0890   -2.0260    0.2192
 6165 GLVVEDI   -8.3861  -10.7163   -2.3303    0.2192
 6166 GLVVEDI   -8.3861  -10.7163   -2.3303    0.2192
 6167 GLVMEDI   -7.7909  -10.1957   -2.4049    0.2192
 6168 GLVMDDI   -7.1498   -9.2375   -2.0877    0.2192
 6169 GLVMEDI   -8.0724  -10.4773   -2.4049    0.2192
 6170 GLVMEDI   -8.0724  -10.4773   -2.4049    0.2192
 6171 GLMVEDI   -8.8748  -11.2797   -2.4049    0.2192
 6172 GLMVEEI   -8.6153  -11.3373   -2.7220    0.2192
 6173 GLMVEVE   -9.2644  -12.3693   -3.1049    0.2192
 6174 GLMVEVE   -9.2644  -12.3693   -3.1049    0.2192
 6175 GLMVEVE   -9.2644  -12.3693   -3.1049    0.2192
 6176 GLMVEEV   -8.1975  -11.4138   -3.2163    0.2192
 6177 GLMVKVE   -5.1360   -7.4309   -2.2949    0.2192
 6178 GLVMVKE   -7.0300   -9.5477   -2.5177    0.2192
 6179 GLVEVKM   -6.9398   -9.1233   -2.1834    0.2192
 6180 GLVEVKM   -6.9398   -9.1233   -2.1834    0.2192
 6181 GLVVDDM   -7.0646   -9.6466   -2.5820    0.2192
 6182 GLMVDDV   -6.0364   -8.6184   -2.5820    0.2192
 6183 GLKVEMV   -7.8696  -10.0530   -2.1834    0.2192
 6184 GLKVEVM   -7.2293   -9.4127   -2.1834    0.2192
 6185 GLKVEFM   -5.5799   -6.9647   -1.3849    0.2192
 6186 GLKVEFM   -5.5799   -6.9647   -1.3849    0.2192
 6187 GLKVFEM   -7.2050   -8.5899   -1.3849    0.2192
 6188 ELVMFGK   -7.0621   -8.6698   -1.6077    0.2192
 6189 KLVMFGE   -9.2033  -10.8111   -1.6077    0.2192
 6190 MLVKFGD   -8.1161   -9.2952   -1.1791    0.2192
 6191 KLVMFGD   -9.6476  -10.9382   -1.2906    0.2192
 6192 KLVMFGD   -9.6476  -10.9382   -1.2906    0.2192
 6193 KLVMFGD   -9.6476  -10.9382   -1.2906    0.2192
 6194 KLVMFGD   -9.6476  -10.9382   -1.2906    0.2192
 6195 KLVVFGD  -10.7801  -11.9961   -1.2160    0.2192
 6196 KLMVFGD  -10.1720  -11.4625   -1.2906    0.2192
 6197 ALKVWGD   -7.6210  -10.4205   -2.7994    0.2192
 6198 KLAVWGD   -8.4713  -11.3822   -2.9109    0.2192
 6199 RLAMWGD   -3.4707   -9.7401   -6.2694    0.2192
 6200 KLAMWGE   -6.0554   -9.2780   -3.2226    0.2192
 6201 KLMIWGD   -6.1064  -10.8816   -4.7751    0.2192
 6202 KLMIWGD   -6.1064  -10.8816   -4.7751    0.2192
 6203 KLIMAGD   -7.6840  -11.6749   -3.9909    0.2192
 6204 KLIMAGD   -7.6840  -11.6749   -3.9909    0.2192
 6205 KLIMMGD  -10.0908  -11.7602   -1.6694    0.2192
 6206 KLIMMGD  -10.0908  -11.7602   -1.6694    0.2192
 6207 KLVMMGD   -9.3516  -11.4353   -2.0837    0.2192
 6208 KLVMMGD   -9.3516  -11.4353   -2.0837    0.2192
 6209 KLVMMGD   -9.3516  -11.4353   -2.0837    0.2192
 6210 KLVMMGD   -9.3516  -11.4353   -2.0837    0.2192
 6211 KLMVMGD   -9.8121  -11.8958   -2.0837    0.2192
 6212 KLIVMGD   -9.9066  -11.5014   -1.5949    0.2192
 6213 KLIVMGD   -9.9066  -11.5014   -1.5949    0.2192
 6214 ILKVYGD   -8.6595  -10.0892   -1.4297    0.2192
 6215 VLKIYGD   -8.6854  -10.1151   -1.4297    0.2192
 6216 VLKIYGD   -8.6854  -10.1151   -1.4297    0.2192
 6217 VLKIVGD   -9.2746  -10.6834   -1.4089    0.2192
 6218 VLKIVGD   -9.2746  -10.6834   -1.4089    0.2192
 6219 VLKIFGD   -8.1203  -11.0506   -2.9303    0.2192
 6220 VLKIFGD   -8.1203  -11.0506   -2.9303    0.2192
 6221 VLKIVGD   -9.2764  -10.6852   -1.4089    0.2192
 6222 VLKIDGV   -9.3601  -10.6576   -1.2974    0.2192
 6223 KLVVDGV   -8.4826  -10.4657   -1.9831    0.2192
 6224 VLKVVGD   -6.1588   -8.1420   -1.9831    0.2192
 6225 VLEVVGE   -6.6385   -9.7487   -3.1103    0.2192
 6226 KLVVVGE   -9.4479  -11.8597   -2.4117    0.2192
 6227 KLIVVGD   -9.4515  -10.9718   -1.5203    0.2192
 6228 ILKVVGD   -9.6013  -11.0101   -1.4089    0.2192
 6229 ILGEVGD   -3.0005   -7.5965   -4.5960    0.2192
 6230 ILGLEGD   -4.9169   -9.9283   -5.0114    0.2192
 6231 ILGLDGD   -4.2880   -8.9823   -4.6943    0.2192
 6232 ILGVEDG   -3.7601   -8.4675   -4.7074    0.2192
 6233 GLGVEKL   -2.8235   -8.7164   -5.8929    0.2192
 6234 GLGVEKI   -4.8707   -8.9739   -4.1031    0.2192
 6235 GLGVEKI   -4.8707   -8.9739   -4.1031    0.2192
 6236 GLEVIGD   -2.1712   -6.7672   -4.5960    0.2192
 6237 GLDKWGF   -1.8764   -2.9784   -1.1020    0.2192
 6238 FLDKMGV   -3.6025   -4.7816   -1.1791    0.2192
 6239 FLDKMGV   -3.6025   -4.7816   -1.1791    0.2192
 6240 FLDKMGV   -3.6025   -4.7816   -1.1791    0.2192
 6241 FLVKMGD   -3.6957   -4.8748   -1.1791    0.2192
 6242 MLVKFGD   -5.8457   -7.0248   -1.1791    0.2192
 6243 KLIMFGD   -6.5302   -9.6465   -3.1163    0.2192
 6244 KLIMFGD   -6.5302   -9.6465   -3.1163    0.2192
 6245 KLMMFGD   -6.0130   -7.3782   -1.3651    0.2192
 6246 KLMMFGD   -6.0130   -7.3782   -1.3651    0.2192
 6247 KLMMFGD   -6.0130   -7.3782   -1.3651    0.2192
 6248 KLMMFGD   -6.0130   -7.3782   -1.3651    0.2192
 6249 KLMVFGD   -7.9504   -9.2410   -1.2906    0.2192
 6250 KLMVFGD   -7.9504   -9.2410   -1.2906    0.2192
 6251 KLMVFGD   -7.9504   -9.2410   -1.2906    0.2192
 6252 KLMVFDG   -7.4384   -8.7289   -1.2906    0.2192
 6253 KLMVGDF   -4.8238   -6.0029   -1.1791    0.2192
 6254 KLGFMDV   -7.2371   -8.3048   -1.0677    0.2192
 6255 KLGIMDV   -8.5446   -9.9166   -1.3720    0.2192
 6256 KLGIMDV   -8.5446   -9.9166   -1.3720    0.2192
 6257 KLGIMDV   -8.5446   -9.9166   -1.3720    0.2192
 6258 KLGIDMV   -7.4644   -8.8364   -1.3720    0.2192
 6259 KLGIDMV   -7.4644   -8.8364   -1.3720    0.2192
 6260 KLGIMDV   -8.7683  -10.1403   -1.3720    0.2192
 6261 KLGLMDV   -7.4327  -10.0345   -2.6017    0.2192
 6262 KLGIMDV   -8.7735  -10.1455   -1.3720    0.2192
 6263 KLGVMDV   -7.8846   -9.7509   -1.8663    0.2192
 6264 MLGVKDV   -3.9444   -5.9221   -1.9777    0.2192
 6265 FLGDVKV   -3.1248   -4.1180   -0.9931    0.2192
 6266 FLGDVKI    0.5946   -2.2243   -2.8189    0.2192
 6267 FLGDFKG   -1.5791   -3.5422   -1.9631    0.2192
 6268 FLGDWKG   -3.1203   -4.2223   -1.1020    0.2192
 6269 FLGDWKG   -2.6404   -3.7424   -1.1020    0.2192
 6270 FLGEWDG   -3.5825   -5.4945   -1.9120    0.2192
 6271 FLGEWDG   -3.9680   -5.8800   -1.9120    0.2192
 6272 FLGEWDG   -3.9680   -5.8800   -1.9120    0.2192
 6273 FLGEWDG   -3.9680   -5.8800   -1.9120    0.2192
 6274 FLGEWDG   -3.9680   -5.8800   -1.9120    0.2192
 6275 FLGDWKG   -2.8045   -3.9065   -1.1020    0.2192
 6276 FLGDWEG   -2.7159   -4.6279   -1.9120    0.2192
 6277 GLGEWDF   -2.4837   -4.2843   -1.8006    0.2192
 6278 DLGKWGW   -0.6166   -2.9860   -2.3694    0.2192
 6279 KLGDWGV   -5.2696   -7.8588   -2.5891    0.2192
 6280 KLGEWGV   -5.9048   -8.8111   -2.9063    0.2192
 6281 KLGIWGE   -8.3339   -9.9773   -1.6434    0.2192
 6282 KLGIWEG   -9.7584  -11.4018   -1.6434    0.2192
 6283 KLGIWEG   -9.7584  -11.4018   -1.6434    0.2192
 6284 KLGIWDG   -9.6821  -11.0084   -1.3263    0.2192
 6285 KLGIWEG   -9.7760  -11.4194   -1.6434    0.2192
 6286 KLGIWEG   -9.7760  -11.4194   -1.6434    0.2192
 6287 KLGIWEG   -9.7760  -11.4194   -1.6434    0.2192
 6288 KLGIWEG   -9.7760  -11.4194   -1.6434    0.2192
 6289 KLGIWDG   -9.6917  -11.0180   -1.3263    0.2192
 6290 KLIGWGD   -9.5778  -10.9041   -1.3263    0.2192
 6291 KLIGWGD   -9.5778  -10.9041   -1.3263    0.2192
 6292 KLIGWGD   -9.5778  -10.9041   -1.3263    0.2192
 6293 KLIGWGD   -9.5778  -10.9041   -1.3263    0.2192
 6294 KLIGWGD   -9.5778  -10.9041   -1.3263    0.2192
 6295 KLIGWGD   -9.5778  -10.9041   -1.3263    0.2192
 6296 KLIGWGD   -9.5778  -10.9041   -1.3263    0.2192
 6297 KLIGWGD   -9.5778  -10.9041   -1.3263    0.2192
 6298 KLGIWGE   -8.6075  -10.2509   -1.6434    0.2192
 6299 KLGIWGE   -8.6075  -10.2509   -1.6434    0.2192
 6300 KLGIWGE   -8.6075  -10.2509   -1.6434    0.2192
 6301 KLGIWGE   -8.6075  -10.2509   -1.6434    0.2192
 6302 KLGIWGE   -8.6075  -10.2509   -1.6434    0.2192
 6303 KLGLWGE   -6.2630   -9.6961   -3.4331    0.2192
 6304 KLGLWEG   -7.5081  -10.9413   -3.4331    0.2192
 6305 KLGLWEG   -7.5081  -10.9413   -3.4331    0.2192
 6306 KLGLWEG   -7.5081  -10.9413   -3.4331    0.2192
 6307 KLGLWGE   -6.8909  -10.3240   -3.4331    0.2192
 6308 KLGLWGE   -6.8909  -10.3240   -3.4331    0.2192
 6309 KLGLWGE   -6.8909  -10.3240   -3.4331    0.2192
 6310 KLGIWEG   -9.4182  -11.0616   -1.6434    0.2192
 6311 KLGIWEG   -9.4182  -11.0616   -1.6434    0.2192
 6312 KLGIWEG   -9.4182  -11.0616   -1.6434    0.2192
 6313 KLGIWEG   -9.4182  -11.0616   -1.6434    0.2192
 6314 KLGIWEG   -9.4182  -11.0616   -1.6434    0.2192
 6315 KLGIWDG   -9.2588  -10.5851   -1.3263    0.2192
 6316 KLGIWDG   -9.2588  -10.5851   -1.3263    0.2192
 6317 KLGIWDG   -9.2588  -10.5851   -1.3263    0.2192
 6318 KLGFWDG   -7.3193   -8.4213   -1.1020    0.2192
 6319 KLGFWDG   -7.3193   -8.4213   -1.1020    0.2192
 6320 FLKGWDG   -8.1847   -9.2867   -1.1020    0.2192
 6321 FLKGWEG   -6.9635   -8.3826   -1.4191    0.2192
 6322 ILKGWEG   -8.5005  -10.1440   -1.6434    0.2192
 6323 ILKGWEG   -8.5005  -10.1440   -1.6434    0.2192
 6324 ILKGWEG   -8.5005  -10.1440   -1.6434    0.2192
 6325 ILKGWDG   -9.2605  -10.5867   -1.3263    0.2192
 6326 ILKGWDG   -9.2605  -10.5867   -1.3263    0.2192
 6327 ILKGWDG   -9.2605  -10.5867   -1.3263    0.2192
 6328 ILKGWDG   -9.2605  -10.5867   -1.3263    0.2192
 6329 MLKGWDG   -8.5755  -11.2707   -2.6951    0.2192
 6330 MLKGWDV   -9.0466  -11.7731   -2.7266    0.2192
 6331 MLKGWDV   -9.0466  -11.7731   -2.7266    0.2192
 6332 MLKGWEV   -8.2714  -11.3151   -3.0437    0.2192
 6333 MLKGWEV   -8.2714  -11.3151   -3.0437    0.2192
 6334 MLKGWDV   -7.4079  -10.1345   -2.7266    0.2192
 6335 MLKGWVD   -5.5107   -8.3487   -2.8380    0.2192
 6336 MLKGWAD   -8.0798  -10.8738   -2.7940    0.2192
 6337 VLKGWAD   -7.5225  -10.3219   -2.7994    0.2192
 6338 VLKGWAD   -7.5225  -10.3219   -2.7994    0.2192
 6339 VLKGWAE   -7.4934  -10.6100   -3.1166    0.2192
 6340 ALKGWVD   -3.5211   -6.3206   -2.7994    0.2192
 6341 LLEGWDV    0.2166   -6.3008   -6.5174    0.2192
 6342 LLEGYDV   -0.6749   -4.5929   -3.9180    0.2192
 6343 LLVGYDE   -3.9136   -8.0544   -4.1409    0.2192
 6344 YLVGLDD    0.6895   -3.1342   -3.8237    0.2192
 6345 YLVGLDD    0.6895   -3.1342   -3.8237    0.2192
 6346 YLVGDLD   -3.6007   -7.3129   -3.7123    0.2192
 6347 GLLVDVD   -6.9133  -10.0447   -3.1314    0.2192
 6348 GLLVDVK   -6.4326   -9.0712   -2.6386    0.2192
 6349 GLLVEVE   -6.5009  -10.2666   -3.7657    0.2192
 6350 KLAVEGV   -4.9626  -10.5389   -5.5763    0.2192
 6351 KLGVEGV   -4.5834   -9.9494   -5.3660    0.2192
 6352 KLGVEGV   -4.6255   -9.9915   -5.3660    0.1885
 6353 VLVKEGV   -7.6017  -10.0134   -2.4117    0.1885
 6354 KLVVEGV   -9.7151  -12.0154   -2.3003    0.1885
 6355 KLVVEGV   -9.7151  -12.0154   -2.3003    0.1885
 6356 KLMVGEV   -9.2259  -11.5208   -2.2949    0.1885
 6357 KLVVVGD   -8.3608  -10.4554   -2.0946    0.1885
 6358 KLIVYGD   -9.9701  -11.5112   -1.5411    0.1885
 6359 KLIVYGD   -9.9701  -11.5112   -1.5411    0.1885
 6360 KLIVYGD   -9.9701  -11.5112   -1.5411    0.1885
 6361 KLIVMGD  -10.6651  -12.2600   -1.5949    0.1885
 6362 KLIVMGD  -10.6651  -12.2600   -1.5949    0.1885
 6363 KLIVMGD  -10.6414  -12.2363   -1.5949    0.1885
 6364 KLIVMGD  -10.6414  -12.2363   -1.5949    0.1885
 6365 KLVIMGD   -9.9351  -11.5299   -1.5949    0.1885
 6366 KLVIMDG  -10.1943  -11.7892   -1.5949    0.1885
 6367 KLVIFDG   -9.2417  -12.2834   -3.0417    0.1885
 6368 KLVIFDG   -9.2417  -12.2834   -3.0417    0.1885
 6369 KLVIFDG   -9.2417  -12.2834   -3.0417    0.1885
 6370 KLVMFDG  -10.0560  -11.3465   -1.2906    0.1885
 6371 KLVVFDG  -11.2158  -12.4318   -1.2160    0.1885
 6372 KLVVFDG  -11.2158  -12.4318   -1.2160    0.1885
 6373 DLVVFKG   -7.2761   -8.4921   -1.2160    0.1885
 6374 GLVKFVD   -8.6124   -9.7170   -1.1046    0.1885
 6375 GLVKFVD   -8.6124   -9.7170   -1.1046    0.1885
 6376 ALVKIVD   -6.3369   -9.5246   -3.1877    0.1885
 6377 ALVKIVD   -6.1430   -9.3307   -3.1877    0.1885
 6378 GLVKVID   -7.6674   -9.0763   -1.4089    0.1885
 6379 GLVKVIE   -7.4452   -9.1712   -1.7260    0.1885
 6380 GLIKVVD   -7.3745   -8.7834   -1.4089    0.1885
 6381 GLVKVDI   -8.4984   -9.7958   -1.2974    0.1885
 6382 GLVKVMD   -5.9808   -7.9585   -1.9777    0.1885
 6383 GLMKVVD   -7.3416   -9.3193   -1.9777    0.1885
 6384 GLVKVDV   -8.0270   -9.8987   -1.8717    0.1885
 6385 GLVKWDG   -7.4011  -10.1016   -2.7006    0.1885
 6386 GLVKWDG   -7.4011  -10.1016   -2.7006    0.1885
 6387 GLVKWDG   -7.4011  -10.1016   -2.7006    0.1885
 6388 GLVKMDV   -7.3024   -9.1687   -1.8663    0.1885
 6389 GLVKMDV   -7.3024   -9.1687   -1.8663    0.1885
 6390 GLVKMDM   -7.7196   -9.5805   -1.8609    0.1885
 6391 DLVGMKM   -6.0699   -7.9308   -1.8609    0.1885
 6392 GLVDFKM   -7.3035   -8.3712   -1.0677    0.1885
 6393 GLVMFKD   -6.1793   -7.5813   -1.4020    0.1885
 6394 KLVMFGD   -8.8433  -10.1338   -1.2906    0.1885
 6395 KLVMFGD   -8.8433  -10.1338   -1.2906    0.1885
 6396 KLVMFGD   -8.8433  -10.1338   -1.2906    0.1885
 6397 KLVMFGD   -8.8433  -10.1338   -1.2906    0.1885
 6398 KLVMFGD   -8.8433  -10.1338   -1.2906    0.1885
 6399 KLVMFGD   -8.8433  -10.1338   -1.2906    0.1885
 6400 KLVDFGV   -8.7629   -9.7560   -0.9931    0.1885
 6401 KLVDFGV   -8.7629   -9.7560   -0.9931    0.1885
 6402 KLVDFGY   -6.8083   -7.9023   -1.0940    0.1885
 6403 KLVDFGY   -6.8083   -7.9023   -1.0940    0.1885
 6404 KLVEFGY   -7.8576   -9.2688   -1.4111    0.1885
 6405 KLVEFGY   -7.8576   -9.2688   -1.4111    0.1885
 6406 KLVEFGY   -7.8576   -9.2688   -1.4111    0.1885
 6407 KLVEFGG   -6.6982  -10.6885   -3.9903    0.1885
 6408 KLVEFGG   -6.6982  -10.6885   -3.9903    0.1885
 6409 VLVKDGI   -6.6325   -8.1528   -1.5203    0.1885
 6410 VLVIGDE   -7.7505  -10.1922   -2.4417    0.1885
 6411 VLIVGED   -7.9059  -10.3476   -2.4417    0.1885
 6412 VLIVGDK   -7.6010   -9.2327   -1.6317    0.1885
 6413 VLIVGEK   -5.7798   -7.7287   -1.9489    0.1885
 6414 KLVVEGW   -6.4104   -9.4910   -3.0806    0.1885
 6415 WLVVEGK   -7.1273  -10.3193   -3.1920    0.1885
 6416 MLKVEGL   -7.7510  -10.6698   -2.9189    0.1885
 6417 MLKVEGL   -7.7510  -10.6698   -2.9189    0.1885
 6418 KLEVMGL   -6.9038   -9.8226   -2.9189    0.1885
 6419 KLEVMGL   -6.9038   -9.8226   -2.9189    0.1885
 6420 KLMVEGL   -8.2446  -11.2749   -3.0303    0.1885
 6421 KLLVEGM   -8.8879  -11.9182   -3.0303    0.1885
 6422 KLLVEGM   -8.8879  -11.9182   -3.0303    0.1885
 6423 KLMVEGI   -9.0205  -10.8211   -1.8006    0.1885
 6424 MLKVDGI   -9.3495  -10.7215   -1.3720    0.1885
 6425 MLKVDGI   -9.3495  -10.7215   -1.3720    0.1885
 6426 MLKVDGI   -9.3495  -10.7215   -1.3720    0.1885
 6427 MLKVEGV   -9.8735  -12.0570   -2.1834    0.1885
 6428 VLKVDGV   -8.1754  -10.0471   -1.8717    0.1885
 6429 GLEVDVM   -5.9785   -8.6548   -2.6763    0.1885
 6430 GLVVDEM   -6.8136   -9.7128   -2.8991    0.1885
 6431 GLVVDEI   -7.4962   -9.8265   -2.3303    0.1885
 6432 GLIVVEK   -6.7684   -8.7172   -1.9489    0.1885
 6433 GLMVVEK   -7.1921   -9.7098   -2.5177    0.1885
 6434 GLLVYED   -4.9867   -9.2390   -4.2523    0.1885
 6435 GLLEYDM   -3.6912   -7.6037   -3.9126    0.1885
 6436 ELLEYGM   -2.5176   -6.7473   -4.2297    0.1885
 6437 ELLEYGI   -1.5447   -6.4456   -4.9009    0.1885
 6438 KLLEYGI   -2.5914   -6.6823   -4.0909    0.1885
 6439 KLILAGE   -2.7927   -7.5216   -4.7289    0.1885
 6440 KLMLAGE   -0.7343   -6.8320   -6.0977    0.1885
 6441 KLDMAGL    1.7023   -3.8554   -5.5577    0.1885
 6442 KLIDGGW   -2.5985   -4.0362   -1.4377    0.1885
 6443 KLLEGGW   -2.4024   -5.9470   -3.5446    0.1885
 6444 KLLGEGW   -3.0705   -6.5037   -3.4331    0.1885
 6445 KLWGEGW   -3.3036   -6.1016   -2.7980    0.1885
 6446 KLGWEGF   -3.9482   -5.2559   -1.3077    0.1885
 6447 KLWGEGF   -4.2731   -5.6922   -1.4191    0.1885
 6448 KLGWEGF   -3.9445   -5.2522   -1.3077    0.1885
 6449 KLGDFGM   -1.6465   -5.0914   -3.4449    0.1885
 6450 GLGMFKD   -5.4902   -9.1580   -3.6677    0.1885
 6451 GLGMVKE   -3.8956   -9.4790   -5.5834    0.1885
 6452 GLGVEID   -4.3999   -8.8844   -4.4846    0.1885
 6453 KLIMEGG   -7.7695  -12.0900   -4.3206    0.1885
 6454 KLIIEGG   -9.3925  -12.3442   -2.9517    0.1885
 6455 KLIIEGG   -9.3925  -12.3442   -2.9517    0.1885
 6456 KLIIDGG   -8.9154  -11.5499   -2.6346    0.1885
 6457 KLIIGGD   -8.4917  -11.1263   -2.6346    0.1885
 6458 KLIIGGD   -8.4917  -11.1263   -2.6346    0.1885
 6459 KLIIEGG   -9.5036  -12.4553   -2.9517    0.1885
 6460 KLIIDGG   -9.0213  -11.6559   -2.6346    0.1885
 6461 KLIIDGG   -9.0213  -11.6559   -2.6346    0.1885
 6462 KLIIDGG   -9.0213  -11.6559   -2.6346    0.1885
 6463 KLIIDGG   -9.0213  -11.6559   -2.6346    0.1885
 6464 KLIIDGG   -9.0213  -11.6559   -2.6346    0.1885
 6465 ILEIEGG   -5.1606   -8.8109   -3.6503    0.1885
 6466 ILEIGDA   -3.8828   -7.0919   -3.2091    0.1885
 6467 DLAIDIG   -1.7585   -4.7619   -3.0034    0.1885
 6468 GLDIIDA   -3.1620   -6.0540   -2.8920    0.1885
 6469 GLDIMDA   -1.9910   -6.2518   -4.2609    0.1885
 6470 GLAIMKE   -1.9628   -6.3822   -4.4194    0.1885
 6471 GLAEMIE   -2.0235   -7.0300   -5.0066    0.1885
 6472 GLAEMME   -0.6754   -7.0509   -6.3754    0.1885
 6473 GLAEMLE   -0.7636   -7.5599   -6.7963    0.1885
 6474 GLAEMEL   -0.3188   -7.0037   -6.6849    0.1885
 6475 GLAEEMW   -2.5889   -6.6215   -4.0326    0.1885
 6476 GLAEWME   -5.9012   -9.8224   -3.9211    0.1885
 6477 GLAEWMK   -5.7240   -8.8351   -3.1111    0.1885
 6478 GLAKWME   -6.1537   -9.2648   -3.1111    0.1885
 6479 GLAKWVE   -5.8709   -8.9875   -3.1166    0.1885
 6480 GLAVWED   -7.7132  -11.5455   -3.8323    0.1885
 6481 GLAVWEE   -7.4480  -11.5974   -4.1494    0.1885
 6482 GLAVWED   -7.6981  -11.5304   -3.8323    0.1885
 6483 GLAVWKD   -7.5488  -10.5711   -3.0223    0.1885
 6484 GLAVWKD   -7.5488  -10.5711   -3.0223    0.1885
 6485 KLAVWGD   -9.7564  -12.6672   -2.9109    0.1885
 6486 KLAVWGD   -9.7564  -12.6672   -2.9109    0.1885
 6487 KLAVWGD   -9.7564  -12.6672   -2.9109    0.1885
 6488 KLAVWGD   -9.7564  -12.6672   -2.9109    0.1885
 6489 KLAVWGD   -9.7564  -12.6672   -2.9109    0.1885
 6490 KLAMWGD   -8.2283  -11.1337   -2.9054    0.1885
 6491 KLAMWGD   -8.2283  -11.1337   -2.9054    0.1885
 6492 KLAVWGD   -9.7496  -12.6605   -2.9109    0.1885
 6493 GLAVWKD   -8.4383  -11.4606   -3.0223    0.1885
 6494 GLEVWAD   -7.3331  -10.9426   -3.6094    0.1885
 6495 VLVEFAD   -6.9975  -10.6909   -3.6934    0.1885
 6496 ALVVFED   -8.1808  -12.0971   -3.9163    0.1885
 6497 ALVVFDE   -7.9412  -11.8575   -3.9163    0.1885
 6498 ALVVFED   -8.5639  -12.4802   -3.9163    0.1885
 6499 ALEVFVK   -5.5108   -8.7114   -3.2006    0.1885
 6500 ALEVFVD   -5.8790   -9.5725   -3.6934    0.1885
 6501 KLAVFVD   -5.4989   -8.4938   -2.9949    0.1885
 6502 KLAVFVD   -5.4989   -8.4938   -2.9949    0.1885
 6503 KLVAVVD   -5.7471   -7.9405   -2.1934    0.1885
 6504 KLVAVDV   -5.0356   -7.1176   -2.0820    0.1885
 6505 KLIADVV   -4.9377   -8.1255   -3.1877    0.1885
 6506 KLLADVV   -4.7305   -9.1479   -4.4174    0.1885
 6507 KLLVEAV   -5.2055   -9.9400   -4.7346    0.1885
 6508 KLMVEAV   -6.2032   -8.5969   -2.3937    0.1885
 6509 MLEVEAV   -7.3796  -10.4719   -3.0923    0.1885
 6510 MLVVEAE   -9.4420  -12.6457   -3.2037    0.1885
 6511 MLVVEAD  -10.2475  -13.1341   -2.8866    0.1885
 6512 MLVVEAD  -10.2475  -13.1341   -2.8866    0.1885
 6513 MLVVEAE   -9.3989  -12.6026   -3.2037    0.1885
 6514 MLVVEEA   -9.3707  -12.6859   -3.3151    0.1885
 6515 MLVVEEA   -9.3707  -12.6859   -3.3151    0.1885
 6516 ALVVEEM   -7.1967  -10.5118   -3.3151    0.1885
 6517 MLVVAED   -8.3001  -11.4096   -3.1094    0.1885
 6518 MLVVAED   -8.3001  -11.4096   -3.1094    0.1885
 6519 VLVVADD   -8.3932  -11.1909   -2.7977    0.1885
 6520 VLVVDDG   -8.0265  -10.7253   -2.6989    0.1885
 6521 VLVVEGD   -9.5827  -12.4873   -2.9046    0.1885
 6522 VLVVMDD   -7.7764  -11.6127   -3.8363    0.1885
 6523 ELVVMKV   -5.0872   -8.5249   -3.4377    0.1885
 6524 MLKVEVV   -6.8872  -10.2135   -3.3263    0.1885
 6525 MLKVEVV   -6.8872  -10.2135   -3.3263    0.1885
 6526 KLEVMVV   -4.9594   -8.3971   -3.4377    0.1885
 6527 KLEVMVV   -4.9594   -8.3971   -3.4377    0.1885
 6528 KLMVDVV   -7.0529  -10.1735   -3.1206    0.1885
 6529 MLKVEVV   -7.6277  -10.9540   -3.3263    0.1885
 6530 MLKVEAI   -6.9485  -10.4165   -3.4680    0.1885
 6531 ILKVEAM   -6.9669  -10.4349   -3.4680    0.1885
 6532 ILKVEAM   -6.5665  -10.0345   -3.4680    0.1885
 6533 ILKVDAM   -6.7728   -9.9236   -3.1509    0.1885
 6534 ILVKDAM   -5.0157   -8.3894   -3.3737    0.1885
 6535 KLVIDAM   -4.5703   -7.8326   -3.2623    0.1885
 6536 ILMKDAV   -4.6007   -7.9744   -3.3737    0.1885
 6537 ILVEDAM   -5.7253   -9.9090   -4.1837    0.1885
 6538 LLVEEAV   -4.7618  -10.4178   -5.6560    0.1885
 6539 VLVEEAV   -7.0958  -10.4163   -3.3206    0.1885
 6540 VLVEFAE   -6.2736  -10.2842   -4.0106    0.1885
 6541 VLVEFAE   -6.2736  -10.2842   -4.0106    0.1885
 6542 ALVEFVE   -5.7095   -9.7201   -4.0106    0.1885
 6543 ELVVFAK   -5.4822   -8.7942   -3.3120    0.1885
 6544 ELVVYAD   -3.3361   -7.1604   -3.8243    0.1885
 6545 GLIVVED   -6.6790   -9.1207   -2.4417    0.1885
 6546 GLIVVKD   -7.0724   -8.7041   -1.6317    0.1885
 6547 VLIKVGD   -8.3701   -9.7790   -1.4089    0.1885
 6548 VLIDVGK   -6.1744   -7.5833   -1.4089    0.1885
 6549 VLLGMDD   -5.4381   -8.7555   -3.3174    0.1885
 6550 VLLGDGD   -2.2640   -8.4440   -6.1800    0.1885
 6551 VLIVEGD   -8.6035  -10.9338   -2.3303    0.1885
 6552 VLIEVGK   -6.4605   -8.1865   -1.7260    0.1885
 6553 VLIEVGK   -5.3057   -7.0317   -1.7260    0.2108
 6554 ELVKWGV   -6.1916   -9.1607   -2.9691    0.2108
 6555 ALLKWGE   -3.1197   -7.5717   -4.4520    0.2108
 6556 ALLDFEG   -2.5992   -7.4852   -4.8860    0.2108
 6557 GLLAFEK   -3.5156   -8.1316   -4.6160    0.2108
 6558 GLLEFAK   -3.4542   -7.8473   -4.3931    0.2108
 6559 DLIGFAK   -6.1117   -8.3980   -2.2863    0.2108
 6560 ELIGFKA   -4.2190   -6.7110   -2.4920    0.2108
 6561 ELIGFKA   -4.2190   -6.7110   -2.4920    0.2108
 6562 ALIGFDE   -6.0654   -9.2731   -3.2077    0.2108
 6563 ALIGWDE   -5.1608   -8.9873   -3.8266    0.2108
 6564 ILKGWGD   -6.7382   -8.0645   -1.3263    0.2108
 6565 ILKGWGD   -6.7382   -8.0645   -1.3263    0.2108
 6566 ILKGWGD   -8.6367   -9.9630   -1.3263    0.2108
 6567 ILKGWGD   -8.6367   -9.9630   -1.3263    0.2108
 6568 ILKGWGE   -8.5054  -10.1489   -1.6434    0.2108
 6569 ILKGWGE   -8.5054  -10.1489   -1.6434    0.2108
 6570 ILKGEGW   -7.9722   -9.6156   -1.6434    0.2108
 6571 ILKGEGW   -7.9722   -9.6156   -1.6434    0.2108
 6572 ILKGWGE   -8.9569  -10.6004   -1.6434    0.2108
 6573 KLIGWGE   -8.1573   -9.8008   -1.6434    0.2108
 6574 KLIGFGE   -7.9350  -10.4395   -2.5046    0.2108
 6575 KLIGFGE   -7.9350  -10.4395   -2.5046    0.2108
 6576 KLIGFGD   -8.4249  -10.6123   -2.1874    0.2108
 6577 KLIGVGD   -6.6512  -10.4372   -3.7860    0.2108
 6578 KLWGWGD   -6.4668   -8.9477   -2.4809    0.2108
 6579 KLWGMGE   -5.9508   -8.9630   -3.0123    0.2108
 6580 KLWGIGE   -5.6693   -7.3128   -1.6434    0.2108
 6581 KLIGWGE   -6.4729   -8.1164   -1.6434    0.2108
 6582 KLIGWGD   -6.4626   -7.7889   -1.3263    0.2108
 6583 KLGIWGE   -7.6272   -9.2706   -1.6434    0.2108
 6584 KLGIWGE   -7.6272   -9.2706   -1.6434    0.2108
 6585 KLGIWGE   -7.6272   -9.2706   -1.6434    0.2108
 6586 KLGIWGE   -7.6272   -9.2706   -1.6434    0.2108
 6587 KLGIIGD   -5.2082   -7.6199   -2.4117    0.2108
 6588 KLGFIGE   -3.3665   -5.8711   -2.5046    0.2108
 6589 KLGFWGE   -7.2098   -8.6289   -1.4191    0.2108
 6590 KLGLWGE   -7.1270  -10.5602   -3.4331    0.2108
 6591 KLFGWGE   -7.7864   -9.2055   -1.4191    0.2108
 6592 KLFGWGE   -7.7864   -9.2055   -1.4191    0.2108
 6593 KLGFVGE   -4.2403   -8.1192   -3.8789    0.2108
 6594 KLGFVGE   -4.2403   -8.1192   -3.8789    0.2108
 6595 KLGFVGE   -4.2403   -8.1192   -3.8789    0.2108
 6596 KLGLVAE   -3.7971   -9.7888   -5.9917    0.2108
 6597 KLGLVVD   -6.3176   -8.9561   -2.6386    0.2108
 6598 KLGVVVE   -6.5454   -8.8457   -2.3003    0.2108
 6599 VLVKGVD   -3.9050   -5.8881   -1.9831    0.2108
 6600 VLKVVAE   -9.0425  -11.4416   -2.3991    0.2108
 6601 ALVVEVK   -7.6590  -10.0581   -2.3991    0.2108
 6602 ALKVEVV   -8.7837  -11.0715   -2.2877    0.2108
 6603 ALVVVKE   -7.7684  -10.3904   -2.6220    0.2108
 6604 KLDVMVV   -2.0699   -5.1905   -3.1206    0.2108
 6605 MLDKVAV   -6.7987   -8.9867   -2.1880    0.2108
 6606 MLVKDAV   -8.1069  -10.2949   -2.1880    0.2108
 6607 MLIVDAK   -6.6847   -9.9470   -3.2623    0.2108
 6608 MLIVDAE   -7.4518  -11.5240   -4.0723    0.2108
 6609 VLIVDAK   -6.7870   -9.9748   -3.1877    0.2108
 6610 KLIVDAV   -8.7616  -11.9493   -3.1877    0.2108
 6611 KLIVEAM   -8.4561  -12.0356   -3.5794    0.2108
 6612 KLIVMAD   -8.7321  -12.1058   -3.3737    0.2108
 6613 KLIVMAD   -8.7321  -12.1058   -3.3737    0.2108
 6614 KLIGMMD   -6.7851   -8.3431   -1.5580    0.2108
 6615 KLIGVMD   -5.5519   -7.0353   -1.4834    0.2108
 6616 KLIGFME   -4.3690   -7.6910   -3.3220    0.2108
 6617 KLVGFME   -6.9317   -8.4280   -1.4963    0.2108
 6618 KLVGFMD   -7.3612   -8.5403   -1.1791    0.2108
 6619 KLVGMFD   -6.9085   -8.0876   -1.1791    0.2108
 6620 KLVGAFE   -5.5199   -9.4977   -3.9777    0.2108
 6621 KLVGFEA   -5.3223   -9.1886   -3.8663    0.2108
 6622 KLVGMEA   -2.8149   -8.2743   -5.4594    0.2108
 6623 KLMGAEL   -3.1969   -9.0717   -5.8749    0.2108
 6624 KLMGVEL   -4.7779   -7.6968   -2.9189    0.2108
 6625 KLMGEMM   -6.8372   -9.1212   -2.2840    0.2108
 6626 KLMGFME   -7.3306   -8.9014   -1.5709    0.2108
 6627 KLMGFME   -7.3306   -8.9014   -1.5709    0.2108
 6628 KLMGFMD   -7.4910   -8.7447   -1.2537    0.2108
 6629 KLMGFMD   -7.4910   -8.7447   -1.2537    0.2108
 6630 KLGMFMD   -5.3651   -6.6188   -1.2537    0.2108
 6631 KLGDFMM   -3.0164   -4.2701   -1.2537    0.2108
 6632 KLGEFIV   -1.7986   -5.0460   -3.2474    0.2108
 6633 KLGEYIV   -2.4186   -4.1654   -1.7469    0.2108
 6634 KLGEFIV   -2.1528   -5.4002   -3.2474    0.2108
 6635 FLGKVIE   -0.4955   -3.7430   -3.2474    0.2108
 6636 KLGIVIE   -2.8971   -6.4488   -3.5517    0.2108
 6637 KLGIVLD   -3.8620   -8.3262   -4.4643    0.2108
 6638 KLGIVDY   -3.1769   -4.4952   -1.3183    0.2108
 6639 KLGIVEY   -2.9002   -4.5357   -1.6354    0.2108
 6640 KLGIVDY   -3.2163   -4.5346   -1.3183    0.2108
 6641 KLGYVDI   -1.8273   -3.1456   -1.3183    0.2108
 6642 KLGVYDG   -0.7513   -6.7324   -5.9811    0.2108
 6643 KLVVDVG   -7.3927   -9.3758   -1.9831    0.2108
 6644 GLVVKVD   -4.3794   -6.3625   -1.9831    0.2108
 6645 GLKDVVV   -6.5814   -8.6760   -2.0946    0.2108
 6646 GLKEIVV   -5.8488   -7.6862   -1.8374    0.2108
 6647 ELKGVVV   -3.4105   -5.7108   -2.3003    0.2108
 6648 ELVGFKV   -7.0885   -8.3987   -1.3103    0.2108
 6649 DLVGFKV   -6.9364   -7.9295   -0.9931    0.2108
 6650 DLVGFKM   -6.8147   -7.8824   -1.0677    0.2108
 6651 DLVGFKM   -6.8147   -7.8824   -1.0677    0.2108
 6652 ELVGFKM   -6.5846   -7.9694   -1.3849    0.2108
 6653 ELMGMKM   -4.2692   -6.4418   -2.1726    0.2108
 6654 ELMGMKM   -4.2692   -6.4418   -2.1726    0.2108
 6655 ELMGFKM   -6.6981   -8.1576   -1.4594    0.2108
 6656 GLMGFKE   -4.1805   -8.1654   -3.9849    0.2108
 6657 KLWGFGD   -6.9765   -8.0785   -1.1020    0.2108
 6658 KLGWFGD   -6.9267   -8.0287   -1.1020    0.2108
 6659 KLGWFGD   -6.9267   -8.0287   -1.1020    0.2108
 6660 KLGWFGD   -6.9267   -8.0287   -1.1020    0.2108
 6661 KLGWFGD   -6.9267   -8.0287   -1.1020    0.2108
 6662 KLGWFGD   -6.9267   -8.0287   -1.1020    0.2108
 6663 DLGWFGK   -5.3354   -6.4374   -1.1020    0.2108
 6664 DLGWWGK   -4.8996   -7.3804   -2.4809    0.2108
 6665 DLGWWGD   -3.3922   -6.3659   -2.9737    0.2108
 6666 KLGWWGD   -7.3196   -9.8004   -2.4809    0.2108
 6667 KLGWWGD   -7.3196   -9.8004   -2.4809    0.2108
 6668 KLWGWGD   -7.1136   -9.5945   -2.4809    0.2108
 6669 KLLGWGD   -7.4739  -10.5899   -3.1160    0.2108
 6670 KLLGWGD   -7.4739  -10.5899   -3.1160    0.2108
 6671 KLLGWGD   -7.4739  -10.5899   -3.1160    0.2108
 6672 KLGFWGD   -7.2104   -8.3124   -1.1020    0.2108
 6673 KLGFWGD   -7.2104   -8.3124   -1.1020    0.2108
 6674 KLFGWGE   -6.7830   -8.2021   -1.4191    0.2108
 6675 KLFGWGD   -7.6190   -8.7210   -1.1020    0.2108
 6676 KLFGWGE   -6.7929   -8.2120   -1.4191    0.2108
 6677 KLGFWGE   -6.4296   -7.8488   -1.4191    0.2108
 6678 KLFGWGE   -6.7476   -8.1668   -1.4191    0.2108
 6679 FLKGWGE   -7.0748   -8.4939   -1.4191    0.2108
 6680 LLRGWGE   -3.4238  -10.2210   -6.7971    0.2108
 6681 ILEGWGE   -4.5049   -6.9584   -2.4534    0.2108
 6682 ILKGWGE   -7.3835   -9.0269   -1.6434    0.2108
 6683 ILKGWGE   -7.3835   -9.0269   -1.6434    0.2108
 6684 VLKGWGE   -6.3029   -9.3206   -3.0177    0.2108
 6685 VLKGWGD   -7.7979  -10.4985   -2.7006    0.2108
 6686 VLKGWGD   -7.7979  -10.4985   -2.7006    0.2108
 6687 GLKGVDW   -6.4995   -9.0887   -2.5891    0.2108
 6688 GLKGVDW   -6.4995   -9.0887   -2.5891    0.2108
 6689 GLKGVDF   -5.6796   -9.1299   -3.4503    0.2108
 6690 GLKGVDF   -5.6796   -9.1299   -3.4503    0.2108
 6691 GLKGVDI   -5.7699   -9.4445   -3.6746    0.2108
 6692 GLKGIDV   -5.2447   -8.9193   -3.6746    0.2108
 6693 GLKGIDY   -3.6767   -8.1721   -4.4954    0.2108
 6694 GLKGIDV   -5.2446   -8.9191   -3.6746    0.2108
 6695 GLKGIVD   -3.8425   -7.6285   -3.7860    0.2108
 6696 GLKGIWD   -5.4177   -6.7440   -1.3263    0.2108
 6697 GLKGIWD   -5.4177   -6.7440   -1.3263    0.2108
 6698 GLEGIWK   -2.9084   -4.5519   -1.6434    0.2108
 6699 FLEGIAK   -4.8840   -7.4874   -2.6034    0.2108
 6700 ALEGFIE   -2.2778   -5.6913   -3.4134    0.2108
 6701 ALGEFME   -1.8461   -6.6284   -4.7823    0.2108
 6702 ALGMFEE   -2.7373   -7.6311   -4.8937    0.2108
 6703 ALGMFED   -3.2546   -7.8311   -4.5766    0.2108
 6704 ALGMDKF   -2.1983   -5.8534   -3.6551    0.2108
 6705 ALGEMKF   -2.2008   -6.0617   -3.8609    0.2108
 6706 ALGEFKM   -3.0164   -6.8773   -3.8609    0.2108
 6707 KLGEFAM   -2.9937   -6.9659   -3.9723    0.2108
 6708 KLGWFAE   -5.8393   -8.7573   -2.9180    0.2108
 6709 KLGWFAD   -6.1700   -8.7708   -2.6009    0.2108
 6710 ELGFWAK   -3.9988   -6.9168   -2.9180    0.2108
 6711 DLGFWAE   -1.9181   -5.3290   -3.4109    0.2108
 6712 ALGFWEE   -1.8478   -5.6873   -3.8394    0.2108
 6713 ALEVWGE   -4.1452   -8.0718   -3.9266    0.2108
 6714 ALGVWEE   -4.7126   -8.7506   -4.0380    0.2108
 6715 ALEVWGK   -5.3672   -8.4837   -3.1166    0.2108
 6716 KLEVWGA   -7.0141  -10.0193   -3.0051    0.2108
 6717 KLAVWGE   -7.5438  -10.7718   -3.2280    0.2108
 6718 KLAVEGW   -7.0435  -10.1601   -3.1166    0.2108
 6719 KLMVEGW   -7.5415  -10.6966   -3.1551    0.2108
 6720 KLVMEGF   -9.0915  -10.5878   -1.4963    0.2108
 6721 KLVMEGF   -9.0915  -10.5878   -1.4963    0.2108
 6722 KLVMEGF   -9.0915  -10.5878   -1.4963    0.2108
 6723 KLVMEGV  -10.0816  -12.3765   -2.2949    0.2108
 6724 KLVMEGV  -10.0816  -12.3765   -2.2949    0.2108
 6725 KLVIEGV   -9.4415  -11.1675   -1.7260    0.2108
 6726 KLLVEGV  -10.8098  -13.7655   -2.9557    0.2108
 6727 KLLVEGV  -10.8098  -13.7655   -2.9557    0.2108
 6728 KLLVEGV  -10.8098  -13.7655   -2.9557    0.2108
 6729 KLVVEGL   -9.5140  -12.4697   -2.9557    0.2108
 6730 KLLVDGV  -10.1630  -12.8016   -2.6386    0.2108
 6731 KLLVEGV  -11.0382  -13.9939   -2.9557    0.2108
 6732 KLLVEGV  -11.0382  -13.9939   -2.9557    0.2108
 6733 KLMVEGV  -10.8218  -13.1166   -2.2949    0.2108
 6734 KLMVEGV  -10.8218  -13.1166   -2.2949    0.2108
 6735 KLMVDGV  -10.2271  -12.2048   -1.9777    0.2108
 6736 KLMVDGV  -10.2271  -12.2048   -1.9777    0.2108
 6737 KLMVEGV  -10.7363  -13.0312   -2.2949    0.2108
 6738 KLMVDGV   -9.8738  -11.8515   -1.9777    0.2108
 6739 KLMVDGV   -9.8738  -11.8515   -1.9777    0.2108
 6740 KLMVDGV   -9.8738  -11.8515   -1.9777    0.2108
 6741 KLMVEGV  -10.6528  -12.9477   -2.2949    0.2108
 6742 KLMVEGV  -10.6528  -12.9477   -2.2949    0.2108
 6743 KLVVEGV  -10.6149  -12.9152   -2.3003    0.2108
 6744 KLMVEGV  -10.6752  -12.9700   -2.2949    0.2108
 6745 KLIVEGV  -11.7991  -13.5251   -1.7260    0.2108
 6746 KLVIDGV  -10.8549  -12.2638   -1.4089    0.2108
 6747 KLVIDGV  -10.8549  -12.2638   -1.4089    0.2108
 6748 VLVMDGK   -7.2824   -9.3715   -2.0891    0.2108
 6749 VLVMDGK   -7.2824   -9.3715   -2.0891    0.2108
 6750 VLVLDGD   -8.6219  -11.8648   -3.2429    0.2108
 6751 VLVVGDD   -8.1470  -10.8459   -2.6989    0.2108
 6752 VLMVGDD   -7.6279  -10.3213   -2.6934    0.2108
 6753 VLLVGDD   -7.7941  -11.1484   -3.3543    0.2108
 6754 GLLVVDK   -7.3189  -10.1804   -2.8614    0.2108
 6755 GLLVVDK   -7.8766  -10.7381   -2.8614    0.3125
 6756 GLLVVKD   -7.0992   -9.9606   -2.8614    0.3125
 6757 ELLVVGD   -6.2887   -9.8487   -3.5600    0.3125
 6758 ELLIVGD   -3.7571   -9.1428   -5.3857    0.3125
 6759 ELMVIGD   -5.5121   -7.9170   -2.4049    0.3125
 6760 ELIVMGK   -8.0984  -10.0104   -1.9120    0.3125
 6761 KLVVMGE  -10.0005  -12.4068   -2.4063    0.3125
 6762 KLVVMGE  -10.0005  -12.4068   -2.4063    0.3125
 6763 KLVMMGE   -7.2637   -9.6646   -2.4009    0.3125
 6764 KLVMMGE   -7.2637   -9.6646   -2.4009    0.3125
 6765 VLKVMGE   -6.1393   -8.4342   -2.2949    0.3125
 6766 VLKVMGD   -6.6444   -8.6221   -1.9777    0.3125
 6767 VLEIMGD   -7.1173   -9.4107   -2.2934    0.3125
 6768 ILVDMGD   -6.6252   -8.6015   -1.9763    0.3125
 6769 ILLGMDD   -3.9243   -9.0674   -5.1431    0.3125
 6770 ILLGMDD   -3.9243   -9.0674   -5.1431    0.3125
 6771 GLLDMIK   -3.4142   -7.9530   -4.5389    0.3125
 6772 GLLEMIK   -3.7150   -8.5710   -4.8560    0.3125
 6773 GLLEMID   -3.5744   -8.9233   -5.3489    0.3125
 6774 GLLEMIE   -3.7266   -9.3926   -5.6660    0.3125
 6775 GLLEMAK   -3.0335   -9.0198   -5.9863    0.3125
 6776 GLLEMAK   -3.0335   -9.0198   -5.9863    0.3125
 6777 GLEFVAK   -2.4756   -6.4534   -3.9777    0.3125
 6778 KLMGEAW   -6.1851   -9.2963   -3.1111    0.3125
 6779 KLMGAEW   -5.2636   -8.2633   -2.9997    0.3125
 6780 KLMGAEW   -5.2636   -8.2633   -2.9997    0.3125
 6781 KLMGGEW   -4.5458   -7.6696   -3.1237    0.3125
 6782 MLKGEGW   -7.3560  -10.3683   -3.0123    0.3125
 6783 MLKGDGW   -6.6449   -9.3400   -2.6951    0.3125
 6784 MLKGDGW   -6.6449   -9.3400   -2.6951    0.3125
 6785 MLKGEGW   -7.4041  -10.4164   -3.0123    0.3125
 6786 MLEGEGW   -4.1672   -7.9895   -3.8223    0.3125
 6787 MLEGEGV   -3.0601   -9.3421   -6.2820    0.3125
 6788 MLEGEGV   -3.0601   -9.3421   -6.2820    0.3125
 6789 MLVGEGE   -3.3813   -9.7747   -6.3934    0.3125
 6790 MLIGEGD   -6.7937  -11.4957   -4.7020    0.3125
 6791 WLIGEGD   -7.8025  -10.0502   -2.2477    0.3125
 6792 MLIGEGD   -6.9595  -11.6615   -4.7020    0.3125
 6793 MLIGDGD   -6.0786  -10.4634   -4.3849    0.3125
 6794 MLIGDGD   -6.0786  -10.4634   -4.3849    0.3125
 6795 MLIGDGD   -6.0786  -10.4634   -4.3849    0.3125
 6796 MLWGDGD   -5.5247   -8.8241   -3.2994    0.3125
 6797 MLWGDGD   -5.5247   -8.8241   -3.2994    0.3125
 6798 WLVGDGD   -5.5907   -8.8955   -3.3049    0.3125
 6799 WLVGDGD   -5.5907   -8.8955   -3.3049    0.3125
 6800 WLVGDGD   -5.5907   -8.8955   -3.3049    0.3125
 6801 WLVGDGD   -5.5907   -8.8955   -3.3049    0.3125
 6802 WLVGDGD   -5.5907   -8.8955   -3.3049    0.3125
 6803 WLVGEGD   -6.3931  -10.0151   -3.6220    0.3125
 6804 WLVGEGE   -5.5958   -9.5349   -3.9391    0.3125
 6805 WLVGEGD   -6.1376   -9.7596   -3.6220    0.3125
 6806 VLWGEGD   -5.9846   -9.6066   -3.6220    0.3125
 6807 FLGWEGD   -6.9947   -8.9067   -1.9120    0.3125
 6808 FLGWEGD   -6.9947   -8.9067   -1.9120    0.3125
 6809 FLGEEGW   -3.7622   -6.1027   -2.3406    0.3125
 6810 FLGEWGE   -5.1159   -7.3450   -2.2291    0.3125
 6811 FLGWEGE   -6.1634   -8.3925   -2.2291    0.3125
 6812 FLGWEGD   -7.5491   -9.4611   -1.9120    0.3125
 6813 FLGWEGD   -7.5491   -9.4611   -1.9120    0.3125
 6814 FLGWEGE   -6.2161   -8.4452   -2.2291    0.3125
 6815 FLWGEGK   -5.1287   -6.6593   -1.5306    0.3125
 6816 FLKGEGW   -6.2306   -7.6497   -1.4191    0.3125
 6817 FLKGEGW   -6.2306   -7.6497   -1.4191    0.3125
 6818 FLKGEGW   -6.2306   -7.6497   -1.4191    0.3125
 6819 WLKGEGF   -4.4796   -5.8988   -1.4191    0.3125
 6820 FLKGDGW   -3.5522   -4.6542   -1.1020    0.3125
 6821 FLKGEGW   -4.3013   -5.7204   -1.4191    0.3125
 6822 WLKGEGF   -4.7541   -6.1732   -1.4191    0.3125
 6823 KLIGEGF   -6.9762   -9.4808   -2.5046    0.3125
 6824 KLIGFGD   -9.1548  -11.3422   -2.1874    0.3125
 6825 KLIGFGD   -9.1548  -11.3422   -2.1874    0.3125
 6826 KLIGFGD   -9.1548  -11.3422   -2.1874    0.3125
 6827 KLIGFGD   -9.1548  -11.3422   -2.1874    0.3125
 6828 KLIGFGD   -9.1548  -11.3422   -2.1874    0.3125
 6829 KLIGFGD   -9.1548  -11.3422   -2.1874    0.3125
 6830 KLIGFGD   -9.1548  -11.3422   -2.1874    0.3125
 6831 KLIGFGD   -9.1548  -11.3422   -2.1874    0.3125
 6832 KLIGFGD   -9.1548  -11.3422   -2.1874    0.3125
 6833 KLIGFGD   -9.1548  -11.3422   -2.1874    0.3125
 6834 KLIGFGD   -9.1548  -11.3422   -2.1874    0.3125
 6835 KLIGFGD   -9.1548  -11.3422   -2.1874    0.3125
 6836 KLIGWGD  -10.0429  -11.3691   -1.3263    0.3125
 6837 KLIGWGD  -10.0429  -11.3691   -1.3263    0.3125
 6838 KLMGWGD   -8.1663  -10.8615   -2.6951    0.3125
 6839 GLMGFKD   -4.9024   -8.5702   -3.6677    0.3125
 6840 GLVGFKE   -3.9956   -7.9859   -3.9903    0.3125
 6841 GLVGFEE   -4.0498   -8.8501   -4.8003    0.3125
 6842 GLEGFVE   -2.9743   -7.6632   -4.6889    0.3125
 6843 GLEGFLE   -3.0555   -8.1598   -5.1043    0.3125
 6844 KLLGEGW   -5.1049   -8.5380   -3.4331    0.3125
 6845 LLKGEGW   -6.3635   -9.7966   -3.4331    0.3125
 6846 LLKGEGW   -6.3635   -9.7966   -3.4331    0.3125
 6847 LLKGEGW   -7.8461  -11.2792   -3.4331    0.3125
 6848 LLKGEGW   -7.8461  -11.2792   -3.4331    0.3125
 6849 KLLGEGW   -7.7209  -11.1541   -3.4331    0.3125
 6850 KLLGDGW   -7.2138  -10.3298   -3.1160    0.3125
 6851 KLLGDGW   -7.2779  -10.3939   -3.1160    0.3125
 6852 KLWGWGD   -6.3147   -8.7955   -2.4809    0.3125
 6853 KLMGWAD   -6.9701   -9.7641   -2.7940    0.3125
 6854 MLKGWAD   -7.8034  -10.5974   -2.7940    0.3125
 6855 MLKGWAD   -7.8034  -10.5974   -2.7940    0.3125
 6856 MLKGDAW   -7.1944   -9.9884   -2.7940    0.3125
 6857 MLKGDAF   -5.3268   -8.9819   -3.6551    0.3125
 6858 MLKGDAM   -5.5490  -10.7973   -5.2483    0.3125
 6859 MLKGDGM   -5.0348  -10.1842   -5.1494    0.3125
 6860 KLMGEGM   -5.5294  -10.9960   -5.4666    0.3125
 6861 KLMGEGM   -5.5294  -10.9960   -5.4666    0.3125
 6862 KLWGEGM   -6.9690   -9.9813   -3.0123    0.3125
 6863 KLMGEGW   -6.9897  -10.0020   -3.0123    0.3125
 6864 KLMGEGW   -6.9897  -10.0020   -3.0123    0.3125
 6865 MLKGEGW   -8.5447  -11.5570   -3.0123    0.3125
 6866 MLGWEGK   -5.8003   -8.8126   -3.0123    0.3125
 6867 MLGWEGK   -6.0860   -9.0983   -3.0123    0.3125
 6868 MLGWEGK   -6.0860   -9.0983   -3.0123    0.3125
 6869 MLGWEGD   -6.6957  -10.2009   -3.5051    0.3125
 6870 MLGWEGD   -6.6957  -10.2009   -3.5051    0.3125
 6871 MLGWEGD   -6.5983  -10.1034   -3.5051    0.3125
 6872 MLGWEGK   -6.0873   -9.0996   -3.0123    0.3125
 6873 MLWGEGK   -6.6858   -9.8095   -3.1237    0.3125
 6874 MLWGEGK   -6.6858   -9.8095   -3.1237    0.3125
 6875 WLEGMGD   -4.4464   -7.9516   -3.5051    0.3125
 6876 ELMGWGD   -3.9356   -7.4408   -3.5051    0.3125
 6877 KLMGWGD   -7.6245  -10.3196   -2.6951    0.3125
 6878 KLMGDGW   -6.4967   -9.1918   -2.6951    0.3125
 6879 KLMGDGW   -6.4967   -9.1918   -2.6951    0.3125
 6880 KLLGDGW   -6.9201  -10.0361   -3.1160    0.3125
 6881 KLLGDGW   -6.0632   -9.1792   -3.1160    0.3125
 6882 KLLGEGW   -6.6939  -10.1271   -3.4331    0.3125
 6883 KLLGEGW   -6.6939  -10.1271   -3.4331    0.3125
 6884 KLLGEGW   -6.6939  -10.1271   -3.4331    0.3125
 6885 LLKGEGW   -7.6558  -11.0889   -3.4331    0.3125
 6886 LLKGEGW   -7.6558  -11.0889   -3.4331    0.3125
 6887 LLKGEGW   -7.6558  -11.0889   -3.4331    0.3125
 6888 LLKGEGW   -7.6558  -11.0889   -3.4331    0.3125
 6889 MLKGEGW   -7.5704  -10.5827   -3.0123    0.3125
 6890 MLWGEGE   -4.1449   -8.0786   -3.9337    0.3125
 6891 MLGIEGE   -3.4408   -8.3485   -4.9077    0.3125
 6892 GLGMEEM   -2.2608   -8.5374   -6.2766    0.3125
 6893 GLGIEEM   -2.9966   -7.9044   -4.9077    0.3125
 6894 GLGVEEI   -3.5058   -8.4189   -4.9131    0.3125
 6895 GLGIEEV   -3.1038   -8.0169   -4.9131    0.3125
 6896 YLGIEVK   -2.7347   -4.3701   -1.6354    0.3125
 6897 YLIGEVK   -3.3954   -5.1423   -1.7469    0.3125
 6898 KLYGEVW   -2.9525   -5.4539   -2.5014    0.3125
 6899 KLYGEVL   -3.1940   -6.7306   -3.5366    0.3125
 6900 KLGYEVM   -2.7263   -5.7306   -3.0043    0.3125
 6901 KLVVEGI   -7.3388   -9.0648   -1.7260    0.3125
 6902 KLVVEGI   -7.3388   -9.0648   -1.7260    0.3125
 6903 GLVVEKI   -7.2656   -9.1031   -1.8374    0.3125
 6904 GLVVEDI   -7.5236   -9.8539   -2.3303    0.3125
 6905 GLVIEDV   -7.6450   -9.9753   -2.3303    0.3125
 6906 GLVVEID   -9.1240  -11.3429   -2.2189    0.3125
 6907 GLVVEID   -9.1240  -11.3429   -2.2189    0.3125
 6908 GLVVEIE   -8.3790  -10.9150   -2.5360    0.3125
 6909 GLVIEVE   -7.8406  -10.3766   -2.5360    0.3125
 6910 GLVEEVI   -6.8280   -9.4754   -2.6474    0.3125
 6911 GLVVEIK   -8.9651  -10.6911   -1.7260    0.3125
 6912 GLVVEID   -9.2882  -11.5071   -2.2189    0.3125
 6913 GLEVVID   -7.1431   -9.3619   -2.2189    0.3125
 6914 GLEVALK   -2.4296   -8.4213   -5.9917    0.3125
 6915 GLIVAEK   -3.8662   -8.2911   -4.4249    0.3125
 6916 GLVIAED   -5.3014  -10.2191   -4.9177    0.3125
 6917 GLVIADD   -5.6942  -10.2948   -4.6006    0.3125
 6918 GLIKADV   -6.1303   -9.9037   -3.7734    0.3125
 6919 GLIVADK   -6.6218  -10.7296   -4.1077    0.3125
 6920 GLIVMDK   -8.4800  -10.1863   -1.7063    0.3125
 6921 GLIVKMD   -6.8595   -8.3429   -1.4834    0.3125
 6922 GLIVKMD   -6.8595   -8.3429   -1.4834    0.3125
 6923 GLIVKMD   -6.8595   -8.3429   -1.4834    0.3125
 6924 GLIVMKE   -7.3972   -9.4206   -2.0234    0.3125
 6925 GLIVMKE   -7.3972   -9.4206   -2.0234    0.3125
 6926 GLMVVEK   -8.1336  -10.6513   -2.5177    0.3125
 6927 GLIVGEK   -3.9724   -8.2984   -4.3260    0.3125
 6928 GLIVWDD   -4.0329   -9.3378   -5.3049    0.3125
 6929 GLAVWDD   -5.5432   -9.0583   -3.5151    0.3125
 6930 GLADWEV   -2.5964   -6.0944   -3.4980    0.3125
 6931 GLAEWDV   -3.3817   -6.8797   -3.4980    0.3125
 6932 GLAVWDE   -5.6830   -9.5153   -3.8323    0.3125
 6933 GLAVWKE   -6.3839   -9.7234   -3.3394    0.3125
 6934 GLAVWKE   -6.3839   -9.7234   -3.3394    0.3125
 6935 GLAVWKE   -6.3839   -9.7234   -3.3394    0.3125
 6936 GLAVWKE   -6.3839   -9.7234   -3.3394    0.3125
 6937 ELAVWGK   -6.0891   -9.3171   -3.2280    0.3125
 6938 WLKVEGA   -6.5824   -9.5875   -3.0051    0.3125
 6939 WLKVEGA   -6.5824   -9.5875   -3.0051    0.3125
 6940 WLKVEGA   -6.6585   -9.6636   -3.0051    0.3125
 6941 WLKVEGA   -6.6585   -9.6636   -3.0051    0.3125
 6942 WLKVDGA   -6.4388   -9.1268   -2.6880    0.3125
 6943 WLKVDGA   -6.4388   -9.1268   -2.6880    0.3125
 6944 WLKVDGA   -6.4388   -9.1268   -2.6880    0.3125
 6945 WLKDVGA   -3.6092   -6.4087   -2.7994    0.3125
 6946 WLKVDGA   -6.1186   -8.8066   -2.6880    0.3125
 6947 ILKGDGA    0.9212   -6.1409   -7.0620    0.3125
 6948 ELFGDGA    0.1391   -7.5086   -7.6477    0.3125
 6949 ELFGDGA    0.1391   -7.5086   -7.6477    0.3125
 6950 ELFGDGI   -4.6780   -7.6754   -2.9974    0.3125
 6951 ELFGDGI   -4.6780   -7.6754   -2.9974    0.3125
 6952 KLFGEGI   -5.9628   -8.4673   -2.5046    0.3125
 6953 KLFGEGI   -5.9628   -8.4673   -2.5046    0.3125
 6954 KLFGEGI   -5.9628   -8.4673   -2.5046    0.3125
 6955 ILFGEGE   -5.2292   -8.6552   -3.4260    0.3125
 6956 ILFGEGE   -5.5506   -8.9766   -3.4260    0.2861
 6957 VLFGEGK   -4.7321   -8.7224   -3.9903    0.2861
 6958 VLFGEGK   -4.7321   -8.7224   -3.9903    0.2861
 6959 ELFGFGK   -5.2440   -7.5243   -2.2803    0.2861
 6960 KLWGFGE   -8.4775   -9.8967   -1.4191    0.2861
 6961 KLWGFGE   -8.4775   -9.8967   -1.4191    0.2861
 6962 KLFGWGD   -8.2732   -9.3752   -1.1020    0.2861
 6963 KLWGFGD   -9.3329  -10.4349   -1.1020    0.2861
 6964 KLWGFGD   -9.3329  -10.4349   -1.1020    0.2861
 6965 KLWGFGD   -9.3329  -10.4349   -1.1020    0.2861
 6966 KLWGFGD   -9.3329  -10.4349   -1.1020    0.2861
 6967 KLGIWGD   -9.8849  -11.2112   -1.3263    0.2861
 6968 KLGIWGD   -9.8849  -11.2112   -1.3263    0.2861
 6969 KLGIWGD   -9.8849  -11.2112   -1.3263    0.2861
 6970 KLGIWGD   -9.8849  -11.2112   -1.3263    0.2861
 6971 KLIGWGD   -9.8631  -11.1894   -1.3263    0.2861
 6972 KLFGWGD   -8.4752   -9.5772   -1.1020    0.2861
 6973 KLWGFGD   -9.2313  -10.3333   -1.1020    0.2861
 6974 KLGWFGD   -9.0634  -10.1654   -1.1020    0.2861
 6975 KLGWFGD   -9.0634  -10.1654   -1.1020    0.2861
 6976 KLGWWGD   -8.6816  -11.1624   -2.4809    0.2861
 6977 KLGFWGD   -8.7430   -9.8450   -1.1020    0.2861
 6978 KLGFWGD   -8.8273   -9.9293   -1.1020    0.2861
 6979 KLGFWGD   -8.8273   -9.9293   -1.1020    0.2861
 6980 KLFGWGD   -8.7539   -9.8559   -1.1020    0.2861
 6981 KLWGFGD   -9.0479  -10.1499   -1.1020    0.2861
 6982 KLWGFGE   -8.3446   -9.7638   -1.4191    0.2861
 6983 KLWGFGD   -9.0544  -10.1564   -1.1020    0.2861
 6984 KLWGFGD   -9.0544  -10.1564   -1.1020    0.2861
 6985 KLGWIGD   -4.8877   -6.2140   -1.3263    0.2861
 6986 KLGWIGD   -4.8877   -6.2140   -1.3263    0.2861
 6987 KLGWWGD   -7.9060  -10.3869   -2.4809    0.2861
 6988 KLWGWGD   -7.9334  -10.4143   -2.4809    0.2861
 6989 KLGWWGD   -8.3000  -10.7809   -2.4809    0.2861
 6990 KLGWWGD   -8.3000  -10.7809   -2.4809    0.2861
 6991 KLGWWGD   -8.3000  -10.7809   -2.4809    0.2861
 6992 KLGWWGD   -8.3000  -10.7809   -2.4809    0.2861
 6993 KLGWWGD   -8.3000  -10.7809   -2.4809    0.2861
 6994 KLWGWGD   -7.9334  -10.4143   -2.4809    0.2861
 6995 KLMGWGD   -8.5445  -11.2396   -2.6951    0.2861
 6996 KLVGWGD   -8.5741  -11.2747   -2.7006    0.2861
 6997 KLVGWGD   -8.5741  -11.2747   -2.7006    0.2861
 6998 KLGVWGD   -7.9855  -10.6861   -2.7006    0.2861
 6999 KLLVWGD   -7.1791  -13.1094   -5.9303    0.2861
 7000 KLMVWGD   -8.6124  -11.5618   -2.9494    0.2861
 7001 KLMVWGD   -8.6124  -11.5618   -2.9494    0.2861
 7002 KLMVWGD   -8.6124  -11.5618   -2.9494    0.2861
 7003 KLMVWGD   -8.6124  -11.5618   -2.9494    0.2861
 7004 KLMVMGD   -8.8461  -10.9299   -2.0837    0.2861
 7005 KLMVMGE   -8.1255  -10.5264   -2.4009    0.2861
 7006 KLVMWGD   -8.5769  -11.5263   -2.9494    0.2861
 7007 KLVMFGD  -10.4161  -11.7067   -1.2906    0.2861
 7008 KLVMFGD  -10.4161  -11.7067   -1.2906    0.2861
 7009 KLVMFGE   -9.8309  -11.4386   -1.6077    0.2861
 7010 KLVMFGE   -9.8309  -11.4386   -1.6077    0.2861
 7011 KLVMFGE   -9.8309  -11.4386   -1.6077    0.2861
 7012 KLVVFGD  -11.0861  -12.3021   -1.2160    0.2861
 7013 KLMVFGD  -11.5375  -12.8281   -1.2906    0.2861
 7014 KLMVFGD  -11.5375  -12.8281   -1.2906    0.2861
 7015 KLMVFGD  -11.5375  -12.8281   -1.2906    0.2861
 7016 KLMVFGD  -11.5375  -12.8281   -1.2906    0.2861
 7017 KLMVFGD  -11.5375  -12.8281   -1.2906    0.2861
 7018 KLMVWGE   -9.3781  -12.6447   -3.2666    0.2861
 7019 KLMVWGE   -9.3781  -12.6447   -3.2666    0.2861
 7020 KLMVWGD  -10.0616  -13.0110   -2.9494    0.2861
 7021 KLMVWGD  -10.0616  -13.0110   -2.9494    0.2861
 7022 KLMVWGD  -10.0616  -13.0110   -2.9494    0.2861
 7023 KLIVDGM   -8.7692  -10.2526   -1.4834    0.2861
 7024 KLIVEGV  -10.0893  -11.8153   -1.7260    0.2861
 7025 MLKVEGI  -10.1795  -11.8686   -1.6891    0.2861
 7026 MLKVEGI   -9.3849  -11.0741   -1.6891    0.2861
 7027 MLKVEGI   -9.3849  -11.0741   -1.6891    0.2861
 7028 MLKVEGI   -9.3849  -11.0741   -1.6891    0.2861
 7029 MLKVEGI   -9.3849  -11.0741   -1.6891    0.2861
 7030 KLIMVGE   -7.3252   -9.2372   -1.9120    0.2861
 7031 KLIVIGE   -6.5421  -10.2053   -3.6631    0.2861
 7032 KLIIVGD   -8.6996  -12.0456   -3.3460    0.2861
 7033 KLIIAGD   -9.1582  -11.7802   -2.6220    0.2861
 7034 KLIIAGD   -9.1582  -11.7802   -2.6220    0.2861
 7035 KLIIGGE   -7.0932  -10.0450   -2.9517    0.2861
 7036 KLIIGGD   -8.6243  -11.2589   -2.6346    0.2861
 7037 ILKIDGG   -3.8150   -6.3381   -2.5231    0.2861
 7038 ILKIDGG   -3.8150   -6.3381   -2.5231    0.2861
 7039 KLGIDGI   -5.3222   -7.6225   -2.3003    0.2861
 7040 KLIIDGG   -7.9228  -10.5574   -2.6346    0.2861
 7041 KLIVDGI   -6.3046   -9.5391   -3.2346    0.2861
 7042 KLIVDGY   -7.5453   -8.9750   -1.4297    0.2861
 7043 KLIVDGY   -7.5453   -8.9750   -1.4297    0.2861
 7044 KLIVDGV   -9.6478  -11.0567   -1.4089    0.2861
 7045 KLLVDGV   -9.8890  -12.5276   -2.6386    0.2861
 7046 KLLVDGV   -9.8890  -12.5276   -2.6386    0.2861
 7047 KLLVDGM   -8.6046  -11.3177   -2.7131    0.2861
 7048 KLLVDGM   -8.6046  -11.3177   -2.7131    0.2861
 7049 KLLVDGM   -8.6046  -11.3177   -2.7131    0.2861
 7050 KLLVDGM   -8.6046  -11.3177   -2.7131    0.2861
 7051 KLMVEGM   -8.5195  -10.8090   -2.2894    0.2861
 7052 MLVKEGM   -6.2640   -8.6648   -2.4009    0.2861
 7053 MLIKEGM   -5.7090   -7.6955   -1.9866    0.2861
 7054 MLMKEGI   -4.9265   -6.9131   -1.9866    0.2861
 7055 MLKMEGI   -5.9086   -7.6724   -1.7637    0.2861
 7056 MLKMEGL   -3.5984   -6.5918   -2.9934    0.2861
 7057 MLKMDGL   -3.5838   -6.2601   -2.6763    0.2861
 7058 ILMKDGM   -5.1426   -6.8120   -1.6694    0.2861
 7059 ILMKDGM   -5.1426   -6.8120   -1.6694    0.2861
 7060 VLKMDGI   -5.4854   -6.8574   -1.3720    0.2861
 7061 VLMKDGI   -3.4282   -5.0230   -1.5949    0.2861
 7062 ILMKDGV   -3.4046   -4.9994   -1.5949    0.2861
 7063 MLMVDGK   -5.7562   -7.8399   -2.0837    0.2861
 7064 MLMVDGK   -5.7562   -7.8399   -2.0837    0.2861
 7065 MLVVEGK   -6.9246   -9.3309   -2.4063    0.2861
 7066 MLVVEGK   -6.9246   -9.3309   -2.4063    0.2861
 7067 ILMVDGE   -8.5183  -10.9231   -2.4049    0.2861
 7068 ILMVDGE   -8.5183  -10.9231   -2.4049    0.2861
 7069 ILMVDGE   -8.5183  -10.9231   -2.4049    0.2861
 7070 ILMVDGK   -8.2721   -9.8670   -1.5949    0.2861
 7071 ILKVDGV   -8.1463   -9.4437   -1.2974    0.2861
 7072 MLKVDGF   -9.1045  -10.1722   -1.0677    0.2861
 7073 MLKVDGV   -8.6722  -10.5385   -1.8663    0.2861
 7074 MLKVDGV   -8.6722  -10.5385   -1.8663    0.2861
 7075 MLKVVGE   -8.3560  -10.6508   -2.2949    0.2861
 7076 MLKVVGE   -8.3560  -10.6508   -2.2949    0.2861
 7077 LLKVEGV   -7.7493  -10.5936   -2.8443    0.2861
 7078 KLLVVGD   -9.0316  -11.7816   -2.7500    0.2861
 7079 KLLVVGD   -9.0316  -11.7816   -2.7500    0.2861
 7080 KLIVMGD  -12.4789  -14.0738   -1.5949    0.2861
 7081 KLIVMGD  -12.4789  -14.0738   -1.5949    0.2861
 7082 KLIVMGD  -12.4789  -14.0738   -1.5949    0.2861
 7083 ILKVMGD  -10.5340  -12.0175   -1.4834    0.2861
 7084 ILKVMGD  -10.7032  -12.1866   -1.4834    0.2861
 7085 ILKVMDA   -8.5630  -11.7139   -3.1509    0.2861
 7086 ILKVYDA   -7.4778   -9.9749   -2.4971    0.2861
 7087 VLKIYDA   -6.8732   -9.3704   -2.4971    0.2861
 7088 VLKIYDY   -3.8840   -7.4860   -3.6020    0.2861
 7089 VLKLYDY   -1.8869   -6.7187   -4.8317    0.2861
 7090 VLKLADY   -3.6651   -7.3920   -3.7269    0.2861
 7091 VLKLVDY   -1.7045   -7.1154   -5.4109    0.2861
 7092 VLKAVDW   -4.6415   -9.0724   -4.4309    0.2861
 7093 VLKVVDF   -6.2811  -10.7371   -4.4560    0.2861
 7094 GLKVVDM   -8.7030  -10.5693   -1.8663    0.2861
 7095 GLKVVDM   -8.7030  -10.5693   -1.8663    0.2861
 7096 GLKVIDM   -8.6499  -10.0219   -1.3720    0.2861
 7097 GLMVIDD   -5.9079   -8.1071   -2.1991    0.2861
 7098 GLIVVDD   -7.8861  -10.0107   -2.1246    0.2861
 7099 GLIVVED   -7.4864   -9.9281   -2.4417    0.2861
 7100 GLLVVDK   -8.6512  -11.5126   -2.8614    0.2861
 7101 GLIVVDK   -8.9929  -10.6246   -1.6317    0.2861
 7102 GLIVVDE   -8.8685  -11.3102   -2.4417    0.2861
 7103 GLIVEDV   -8.3122  -10.6425   -2.3303    0.2861
 7104 GLLVEDV   -8.2385  -11.7985   -3.5600    0.2861
 7105 GLIVDVE   -8.2479  -10.4667   -2.2189    0.2861
 7106 GLMVDVE   -8.2687  -11.0564   -2.7877    0.2861
 7107 GLMVDVD   -8.1066  -10.5771   -2.4706    0.2861
 7108 GLMADVD   -2.9451   -8.6916   -5.7466    0.2861
 7109 GLLADID   -4.5167   -9.3099   -4.7931    0.2861
 7110 GLLDDLA   -1.0704   -7.7647   -6.6943    0.2861
 7111 GLLLDAD   -1.9090   -8.4918   -6.5829    0.2861
 7112 LLLGDAK   -2.0411   -8.1311   -6.0900    0.2861
 7113 LLLGDAD   -2.7300   -9.3129   -6.5829    0.2861
 7114 LLLADGD   -3.3071  -10.0014   -6.6943    0.2861
 7115 LLIADGD   -4.4648   -9.3694   -4.9046    0.2861
 7116 ALILDGD   -4.4756   -9.3802   -4.9046    0.2861
 7117 ALILDGD   -4.4756   -9.3802   -4.9046    0.2861
 7118 LLIADGD   -4.9162   -9.8208   -4.9046    0.2861
 7119 ALILEGK   -4.1026   -8.8315   -4.7289    0.2861
 7120 ALILEGE   -4.3979   -9.9367   -5.5389    0.2861
 7121 ALIIEGE   -6.9542  -10.7034   -3.7491    0.2861
 7122 ALIIEGD   -7.1848  -10.6168   -3.4320    0.2861
 7123 ALMIEGD   -5.2554  -10.0563   -4.8009    0.2861
 7124 ILMIEGD   -6.1181  -10.3487   -4.2306    0.2861
 7125 ILMIEGD   -6.1507  -10.3813   -4.2306    0.2861
 7126 ILEIMGD   -4.9335   -9.0526   -4.1191    0.2861
 7127 ILIEGAE   -5.3301   -8.9678   -3.6377    0.2861
 7128 GLIIEAE   -7.3196  -10.9573   -3.6377    0.2861
 7129 ALIIDGD   -7.3682  -10.4830   -3.1149    0.2861
 7130 ALIIDGK   -7.1279   -9.7499   -2.6220    0.2861
 7131 ALIVEGE   -6.3605  -11.4839   -5.1234    0.2861
 7132 MLIVEGE   -9.5557  -12.2777   -2.7220    0.2861
 7133 MLIVEGE   -9.5557  -12.2777   -2.7220    0.2861
 7134 MLIVEGE   -9.5557  -12.2777   -2.7220    0.2861
 7135 MLIVEGE   -9.5557  -12.2777   -2.7220    0.2861
 7136 MLIVEGE   -9.5557  -12.2777   -2.7220    0.2861
 7137 VLIVEGE   -9.1284  -11.7758   -2.6474    0.2861
 7138 MLIVEGE   -9.6156  -12.3376   -2.7220    0.2861
 7139 VLMVEGE   -8.4792  -11.6955   -3.2163    0.2861
 7140 VLMVEGD   -8.7445  -11.6437   -2.8991    0.2861
 7141 VLMVEGD   -8.6394  -11.5385   -2.8991    0.2861
 7142 VLMVEGE   -8.4127  -11.6290   -3.2163    0.2861
 7143 VLMVEGE   -8.4127  -11.6290   -3.2163    0.2861
 7144 VLMVDGD   -8.3763  -10.9584   -2.5820    0.2861
 7145 ILMVDDG   -7.2164   -9.4155   -2.1991    0.2861
 7146 VLMVEDG   -7.9953  -11.0059   -3.0106    0.2861
 7147 YLMVEDG   -4.9526   -8.7840   -3.8314    0.2861
 7148 GLMVEGK   -4.8744  -10.4578   -5.5834    0.2861
 7149 GLEVGMK   -3.0971   -8.4577   -5.3606    0.2861
 7150 GLEVWMK   -5.5336   -8.6888   -3.1551    0.2861
 7151 GLGVFDK   -4.1099   -7.7830   -3.6731    0.2861
 7152 GLAVFDK   -4.6543   -8.5378   -3.8834    0.2861
 7153 GLAVWDE   -6.0681   -9.9004   -3.8323    0.2861
 7154 GLAVWDE   -6.0681   -9.9004   -3.8323    0.2861
 7155 GLMVWDE   -5.8626   -9.7335   -3.8709    0.2861
 7156 GLMVWED   -5.9215   -9.7924   -3.8709    0.2861
 7157 GLMVIED   -6.0196   -8.5359   -2.5163    0.2861
 7158 GLMVYDD   -4.3702   -7.8845   -3.5143    0.2861
 7159 GLMVYDD   -4.7024   -8.2167   -3.5143    0.3812
 7160 GLVVYDD   -6.6679  -10.1876   -3.5197    0.3812
 7161 GLVMYDD   -4.2268   -7.7410   -3.5143    0.3812
 7162 GLVMYDK   -3.5909   -6.6123   -3.0214    0.3812
 7163 DLMVYGK   -6.0764   -8.9864   -2.9100    0.3812
 7164 DLFVYGK   -5.8159   -7.1328   -1.3169    0.3812
 7165 DLKVFGF   -6.3360   -8.8506   -2.5146    0.3812
 7166 DLKVFGA   -6.0796   -9.6287   -3.5491    0.3812
 7167 FLKVDGA   -6.2093   -9.7585   -3.5491    0.3812
 7168 FLKVDGA   -6.2093   -9.7585   -3.5491    0.3812
 7169 FLKVDGV   -8.8717   -9.8648   -0.9931    0.3812
 7170 FLKVDGV   -8.8717   -9.8648   -0.9931    0.3812
 7171 ILKVDGV   -9.1774  -10.4748   -1.2974    0.3812
 7172 ILKVDGV   -9.1774  -10.4748   -1.2974    0.3812
 7173 FLKVVGE   -8.0808   -9.5025   -1.4217    0.3812
 7174 VLKVMGD   -9.3708  -11.3485   -1.9777    0.3812
 7175 KLVVMGD  -10.1195  -12.2087   -2.0891    0.3812
 7176 KLVVMGD  -10.1195  -12.2087   -2.0891    0.3812
 7177 KLMVMGD  -10.6164  -12.7001   -2.0837    0.3812
 7178 KLMVMGD  -10.6164  -12.7001   -2.0837    0.3812
 7179 KLMVFGD  -11.2658  -12.5564   -1.2906    0.3812
 7180 KLMVFGD  -11.2658  -12.5564   -1.2906    0.3812
 7181 KLMVFGD  -11.2658  -12.5564   -1.2906    0.3812
 7182 KLMVFGD  -11.2658  -12.5564   -1.2906    0.3812
 7183 MLKVFGD  -10.6713  -11.8505   -1.1791    0.3812
 7184 MLKVFGD  -10.6713  -11.8505   -1.1791    0.3812
 7185 KLMVFGD  -11.3020  -12.5926   -1.2906    0.3812
 7186 KLMVVGD  -10.3213  -12.4104   -2.0891    0.3812
 7187 WLKVVGD   -9.5228  -12.2863   -2.7634    0.3812
 7188 WLKVYGD   -9.0997  -11.2840   -2.1843    0.3812
 7189 WLKVYGD   -9.0997  -11.2840   -2.1843    0.3812
 7190 WLKGYGD   -4.9328   -8.4542   -3.5214    0.3812
 7191 WLKGYGD   -4.9328   -8.4542   -3.5214    0.3812
 7192 WLKGEGY   -3.9973   -7.8359   -3.8386    0.3812
 7193 FLKGDGG   -2.0752   -9.0369   -6.9617    0.3812
 7194 FLKLDGG   -5.0879   -9.1764   -4.0886    0.3812
 7195 WLKLDGG   -5.9072   -9.1347   -3.2274    0.3812
 7196 WLKLDGG   -5.9072   -9.1347   -3.2274    0.3812
 7197 WLKLDGG   -5.9123   -9.1397   -3.2274    0.3812
 7198 WLKLDGG   -5.9123   -9.1397   -3.2274    0.3812
 7199 WLKLDGG   -5.9123   -9.1397   -3.2274    0.3812
 7200 WLKLDGG   -5.9123   -9.1397   -3.2274    0.3812
 7201 WLKLEGG   -6.9140  -10.4586   -3.5446    0.3812
 7202 WLKLEGG   -6.9140  -10.4586   -3.5446    0.3812
 7203 WLKLDGG   -6.1404   -9.3678   -3.2274    0.3812
 7204 WLKLDGG   -6.1404   -9.3678   -3.2274    0.3812
 7205 WLKLDGG   -6.1404   -9.3678   -3.2274    0.3812
 7206 WLKIDGG   -8.7096  -10.1474   -1.4377    0.3812
 7207 DLKIWGG   -7.1483   -8.5860   -1.4377    0.3812
 7208 DLKIWGG   -7.1483   -8.5860   -1.4377    0.3812
 7209 ELKVWGG   -7.5057  -10.6349   -3.1291    0.3812
 7210 ELKVWGG   -7.5057  -10.6349   -3.1291    0.3812
 7211 WLKVWGE   -4.4113  -10.6721   -6.2609    0.3812
 7212 FLKVFGE   -6.1656   -9.1087   -2.9431    0.3812
 7213 FLKAFGD   -6.6203   -8.6823   -2.0620    0.3812
 7214 FLKAFGD   -6.6203   -8.6823   -2.0620    0.3812
 7215 WLKAFGD   -7.9235  -10.5244   -2.6009    0.3812
 7216 FLKAWGD   -6.1626   -8.7634   -2.6009    0.3812
 7217 FLKAWGD   -6.1626   -8.7634   -2.6009    0.3812
 7218 FLKAWGD   -6.1626   -8.7634   -2.6009    0.3812
 7219 ILAKWGD   -3.7447   -6.6498   -2.9051    0.3812
 7220 ILAKMGD   -2.4678   -6.3473   -3.8794    0.3812
 7221 ILKAMGD   -6.2525  -10.1319   -3.8794    0.3812
 7222 ILKAMGD   -6.2525  -10.1319   -3.8794    0.3812
 7223 ILKAIGD   -5.6317   -8.1422   -2.5106    0.3812
 7224 KLIAIGE   -5.6304   -8.5695   -2.9391    0.3812
 7225 KLFAIGD   -5.0866   -7.4843   -2.3977    0.3812
 7226 FLIADGK   -5.0383   -7.4360   -2.3977    0.3812
 7227 MLIDEGA   -4.6575   -9.4584   -4.8009    0.3812
 7228 ALIDEGI   -4.4806   -7.9126   -3.4320    0.3812
 7229 GLLDEIA   -3.5354   -8.7571   -5.2217    0.3812
 7230 GLVEKAM   -2.5223   -8.2045   -5.6823    0.3812
 7231 GLIEKAM   -2.9955   -7.3035   -4.3080    0.3812
 7232 ALVEKIM   -2.2963   -5.9872   -3.6909    0.3812
 7233 ALVEEVM   -7.8839  -11.1990   -3.3151    0.3812
 7234 ALVEMVE   -7.9540  -11.1577   -3.2037    0.3812
 7235 GLEVFVD   -8.0316   -9.9461   -1.9146    0.3812
 7236 GLEVFVD   -8.0316   -9.9461   -1.9146    0.3812
 7237 GLEVFMD   -7.6311   -9.6203   -1.9891    0.3812
 7238 GLEVFMD   -7.6311   -9.6203   -1.9891    0.3812
 7239 GLEMFMD   -4.5625   -6.6262   -2.0637    0.3812
 7240 GLEMFMD   -4.5625   -6.6262   -2.0637    0.3812
 7241 GLEMFMD   -4.5625   -6.6262   -2.0637    0.3812
 7242 GLVMFED   -5.5758   -7.7878   -2.2120    0.3812
 7243 GLVDVIK   -6.8728   -8.2816   -1.4089    0.3812
 7244 GLVDIVD   -7.0412   -8.9429   -1.9017    0.3812
 7245 GLVVIDD   -7.6869   -9.8114   -2.1246    0.3812
 7246 RLVVAGD   -1.8750  -10.6096   -8.7346    0.3812
 7247 KLVLVGD   -8.5533  -11.3033   -2.7500    0.3812
 7248 KLVLVGD   -8.5533  -11.3033   -2.7500    0.3812
 7249 KLVLVGD   -8.5533  -11.3033   -2.7500    0.3812
 7250 KLVLVGD   -8.5533  -11.3033   -2.7500    0.3812
 7251 KLVLVGD   -8.5533  -11.3033   -2.7500    0.3812
 7252 KLVFVGD   -9.4053  -10.6213   -1.2160    0.3812
 7253 KLVFVGD   -9.4053  -10.6213   -1.2160    0.3812
 7254 KLVFVGD   -9.4053  -10.6213   -1.2160    0.3812
 7255 KLVFVGD   -9.4053  -10.6213   -1.2160    0.3812
 7256 KLVFVGD   -9.4053  -10.6213   -1.2160    0.3812
 7257 KLVFVGD   -9.4053  -10.6213   -1.2160    0.3812
 7258 KLVFVGD   -9.4053  -10.6213   -1.2160    0.3812
 7259 KLVVFGD   -9.4489  -10.6649   -1.2160    0.3812
 7260 KLVVFGD   -9.4489  -10.6649   -1.2160    0.3812
 7261 KLVFDGV   -8.3713   -9.4759   -1.1046    0.3812
 7262 KLVFDGV   -8.3713   -9.4759   -1.1046    0.3812
 7263 KLVFDGV   -8.3713   -9.4759   -1.1046    0.3812
 7264 KLVLDGV   -7.8608  -10.4993   -2.6386    0.3812
 7265 KLVYDGV   -7.2615  -10.0655   -2.8040    0.3812
 7266 KLVYDGV   -7.2615  -10.0655   -2.8040    0.3812
 7267 KLVMDGV   -6.6172   -8.5949   -1.9777    0.3812
 7268 KLVDMGG   -3.7254   -8.9917   -5.2663    0.3812
 7269 KLVEMGM   -7.0937   -9.2717   -2.1780    0.3812
 7270 KLVLMGD   -7.5706  -10.3951   -2.8246    0.3812
 7271 VLKLVDG   -4.7153   -7.3539   -2.6386    0.3812
 7272 GLKVVDL   -6.1859   -8.7130   -2.5271    0.3812
 7273 GLKVVDW   -6.0561   -8.7081   -2.6520    0.3812
 7274 GLKVADW   -5.6234   -8.3114   -2.6880    0.3812
 7275 ALKVADW   -5.7579   -8.5448   -2.7869    0.3812
 7276 ALKVADW   -5.7579   -8.5448   -2.7869    0.3812
 7277 ALEVADI   -2.7238   -7.4061   -4.6823    0.3812
 7278 ALEVAEI   -4.2582   -9.2577   -4.9994    0.3812
 7279 ALEVAEW   -4.6479   -8.5619   -3.9140    0.3812
 7280 ALEVVEW   -0.5012   -6.0592   -5.5580    0.3812
 7281 ALVVEDA   -5.0688  -11.3482   -6.2794    0.3812
 7282 MLIVEGD  -10.1457  -12.5506   -2.4049    0.3812
 7283 VLIVEGD  -10.0538  -12.3840   -2.3303    0.3812
 7284 MLIVEGD  -10.9165  -13.3214   -2.4049    0.3812
 7285 MLIVEGD  -10.9165  -13.3214   -2.4049    0.3812
 7286 MLLVEGD  -10.1919  -13.8265   -3.6346    0.3812
 7287 MLLVEGD  -10.1919  -13.8265   -3.6346    0.3812
 7288 MLLVEGD  -10.1919  -13.8265   -3.6346    0.3812
 7289 MLLVEGD  -10.1919  -13.8265   -3.6346    0.3812
 7290 MLLVDGD   -9.4277  -12.7451   -3.3174    0.3812
 7291 MLLVDGD   -9.4277  -12.7451   -3.3174    0.3812
 7292 MLMVDGD   -9.3082  -11.8848   -2.5766    0.3812
 7293 LLVVEGD   -9.0062  -12.5662   -3.5600    0.3812
 7294 LLVVEGD   -9.0062  -12.5662   -3.5600    0.3812
 7295 VLVLEDG   -6.7236  -10.3951   -3.6714    0.3812
 7296 VLVLEDG   -6.7236  -10.3951   -3.6714    0.3812
 7297 VLVVEDG   -8.6708  -11.6868   -3.0160    0.3812
 7298 VLVEVGD   -6.7039   -9.4970   -2.7931    0.3812
 7299 VLEVWGD   -5.9145   -9.4880   -3.5734    0.3812
 7300 VLGLWED   -1.9125   -8.6528   -6.7403    0.3812
 7301 VLGGWED   -2.8258   -6.5592   -3.7334    0.3812
 7302 FLGGWED   -3.5379   -5.6727   -2.1349    0.3812
 7303 FLGVGDE   -3.4704   -7.9536   -4.4831    0.3812
 7304 MLMVGDE   -5.6347   -8.6399   -3.0051    0.3812
 7305 GLMVMDE   -6.2360   -9.2412   -3.0051    0.3812
 7306 MLGIVDE   -6.4941   -8.8989   -2.4049    0.3812
 7307 MLGVVDE   -5.6058   -8.5050   -2.8991    0.3812
 7308 MLMVVDD   -5.8495   -9.7604   -3.9109    0.3812
 7309 MLMVADD   -6.9758   -9.7627   -2.7869    0.3812
 7310 MLMVGDD   -6.3951   -9.0831   -2.6880    0.3812
 7311 GLMVMED   -6.9881   -9.9933   -3.0051    0.3812
 7312 GLMVMEE   -4.3342   -7.6565   -3.3223    0.3812
 7313 GLVMMEK   -4.3285   -6.8407   -2.5123    0.3812
 7314 GLVMMEK   -4.4186   -6.9309   -2.5123    0.3812
 7315 GLMVMEE   -6.6107   -9.9330   -3.3223    0.3812
 7316 GLKVMDM   -8.2524  -10.1133   -1.8609    0.3812
 7317 GLKVFDM   -9.6411  -10.7089   -1.0677    0.3812
 7318 GLMVFDK   -9.6634  -11.0654   -1.4020    0.3812
 7319 GLMVVDK   -9.0156  -11.2162   -2.2006    0.3812
 7320 GLMVVDE   -9.1819  -12.1925   -3.0106    0.3812
 7321 GLMVVEE   -8.3271  -11.6548   -3.3277    0.3812
 7322 GLMVVEE   -8.3271  -11.6548   -3.3277    0.3812
 7323 GLMVKEV   -6.6928   -9.0991   -2.4063    0.3812
 7324 GLMVEEV   -8.0306  -11.2468   -3.2163    0.3812
 7325 GLMVEEV   -8.0306  -11.2468   -3.2163    0.3812
 7326 GLVMEVE   -6.5489   -9.6538   -3.1049    0.3812
 7327 GLVMEVE   -6.5489   -9.6538   -3.1049    0.3812
 7328 GLMVEVE   -6.7349   -9.8398   -3.1049    0.3812
 7329 GLMVEVE   -6.7349   -9.8398   -3.1049    0.3812
 7330 GLMVEVE   -6.7349   -9.8398   -3.1049    0.3812
 7331 VLMIEGE   -6.6658   -9.3878   -2.7220    0.3812
 7332 MLVVEGE   -8.1819  -11.3982   -3.2163    0.3812
 7333 KLMVVGE   -8.1526  -10.5589   -2.4063    0.3812
 7334 KLVVVEG   -7.3484   -9.7601   -2.4117    0.3812
 7335 KLVVEGV   -9.3946  -11.6949   -2.3003    0.3812
 7336 KLVVEGV   -9.3946  -11.6949   -2.3003    0.3812
 7337 KLVVEGV   -9.3946  -11.6949   -2.3003    0.3812
 7338 KLVVEGV   -9.3946  -11.6949   -2.3003    0.3812
 7339 KLVVVGE   -8.4655  -10.8772   -2.4117    0.3812
 7340 KLVVGEV   -7.1824   -9.4827   -2.3003    0.3812
 7341 KLVVGDV   -7.4683   -9.4514   -1.9831    0.3812
 7342 KLVVGDF   -6.1315   -7.2360   -1.1046    0.3812
 7343 KLVVGDF   -6.1315   -7.2360   -1.1046    0.3812
 7344 KLVVFGD   -9.7324  -10.9484   -1.2160    0.3812
 7345 KLVVFGD  -10.0075  -11.2235   -1.2160    0.3812
 7346 KLVVFGD  -10.0075  -11.2235   -1.2160    0.3812
 7347 KLVVFDG   -9.9595  -11.1755   -1.2160    0.3812
 7348 KLVVFDG   -9.9595  -11.1755   -1.2160    0.3812
 7349 VLKVFGD   -9.4044  -10.5089   -1.1046    0.3812
 7350 KLVVFGD  -10.8153  -12.0313   -1.2160    0.3812
 7351 KLVVFGD  -10.8153  -12.0313   -1.2160    0.3812
 7352 KLVVFGD  -10.8153  -12.0313   -1.2160    0.3812
 7353 KLVVFGD  -10.8153  -12.0313   -1.2160    0.3812
 7354 KLVVFGD  -10.8153  -12.0313   -1.2160    0.3812
 7355 KLVVFGD  -10.8153  -12.0313   -1.2160    0.3812
 7356 KLVVMGD   -9.0538  -11.1429   -2.0891    0.3812
 7357 KLVVMGD   -9.0538  -11.1429   -2.0891    0.3812
 7358 RLVVFGD   -7.3172  -11.8972   -4.5800    0.3812
 7359 RLIFVGD   -2.0667   -8.4724   -6.4057    0.3812
 7360 KLLFVGD   -6.3722  -10.6436   -4.2714    0.3812
 7361 KLLFVGD   -6.3722  -10.6436   -4.2714    0.3812
 7362 KLLVDGF   -5.3044   -9.4644   -4.1600    0.3812
 7363 KLLVDGF   -5.3046   -9.4646   -4.1600    0.4619
 7364 KLLVDGG   -5.2184  -11.0170   -5.7986    0.4619
 7365 KLVVDGG   -5.9574  -11.3405   -5.3831    0.4619
 7366 KLVVDGI   -7.1118   -8.5206   -1.4089    0.4619
 7367 KLVVDGI   -7.1118   -8.5206   -1.4089    0.4619
 7368 KLVVIGD   -9.5310  -11.0513   -1.5203    0.4619
 7369 KLIVVGD  -10.1126  -11.6329   -1.5203    0.4619
 7370 KLIVVGD  -10.1126  -11.6329   -1.5203    0.4619
 7371 KLIVVGD  -10.1126  -11.6329   -1.5203    0.4619
 7372 KLVVIGD   -9.5523  -11.0726   -1.5203    0.4619
 7373 KLVVIGD   -9.5523  -11.0726   -1.5203    0.4619
 7374 KLVVIGD   -9.5523  -11.0726   -1.5203    0.4619
 7375 ILVKDGV   -8.0953   -9.6156   -1.5203    0.4619
 7376 MLVVDGK   -8.0381  -10.1273   -2.0891    0.4619
 7377 MLLVDGK   -7.9128  -10.7374   -2.8246    0.4619
 7378 MLLVDGD   -7.8380  -11.1554   -3.3174    0.4619
 7379 MLLVEGD   -8.2500  -11.8846   -3.6346    0.4619
 7380 LLMVEGD   -8.0639  -11.6984   -3.6346    0.4619
 7381 LLMVEGD   -8.0639  -11.6984   -3.6346    0.4619
 7382 ILMVEGK   -8.5213  -10.4333   -1.9120    0.4619
 7383 ILMVGDK   -7.1718   -8.8780   -1.7063    0.4619
 7384 ILLVDAK   -4.5168  -10.7600   -6.2431    0.4619
 7385 VLLFEAK   -3.8218  -10.0778   -6.2560    0.4619
 7386 VLVFEAK   -6.0602   -9.2607   -3.2006    0.4619
 7387 VLVKFDA   -5.6061   -8.3781   -2.7720    0.4619
 7388 VLVKDAF   -5.1420   -8.1368   -2.9949    0.4619
 7389 VLVFEAD   -6.3944  -10.0878   -3.6934    0.4619
 7390 MLMIEGD   -8.5055  -10.9850   -2.4794    0.4619
 7391 MLMIEGD   -8.5055  -10.9850   -2.4794    0.4619
 7392 MLMIEGD   -8.5055  -10.9850   -2.4794    0.4619
 7393 LLMIEGK   -4.9125   -9.8799   -4.9674    0.4619
 7394 KLMIEGL   -5.0945   -9.9505   -4.8560    0.4619
 7395 KLMVEGV   -8.0788  -10.3737   -2.2949    0.4619
 7396 KLVVEGM   -7.3101   -9.6050   -2.2949    0.4619
 7397 KLVVEGA   -5.4153  -10.9916   -5.5763    0.4619
 7398 KLLVDGA   -5.4625  -11.1370   -5.6746    0.4619
 7399 KLLVDGA   -5.4625  -11.1370   -5.6746    0.4619
 7400 KLLMDGV   -4.2957   -7.0088   -2.7131    0.4619
 7401 MLLEEGV   -6.6626  -10.6143   -3.9517    0.4619
 7402 MLLVEGE   -9.6948  -13.6465   -3.9517    0.4619
 7403 MLLVEGE   -9.6948  -13.6465   -3.9517    0.4619
 7404 MLLVDGE   -9.2886  -12.9232   -3.6346    0.4619
 7405 MLVVDGE   -9.3907  -12.2899   -2.8991    0.4619
 7406 MLVVEGK  -10.3134  -12.7197   -2.4063    0.4619
 7407 VLMVEGE   -8.6673  -11.8835   -3.2163    0.4619
 7408 VLMVEGD   -8.6221  -11.5212   -2.8991    0.4619
 7409 VLMVEDM   -6.0155  -10.1321   -4.1166    0.4619
 7410 ALMVEDV   -6.4838   -9.4818   -2.9980    0.4619
 7411 ALMVEDM   -6.4961   -9.4887   -2.9926    0.4619
 7412 ALMVEKM   -6.3450   -8.8448   -2.4997    0.4619
 7413 ALMVEKI   -4.9151   -8.6060   -3.6909    0.4619
 7414 ALMVEKY   -3.7571   -7.0831   -3.3260    0.4619
 7415 GLKVEIV   -5.7177   -7.3323   -1.6146    0.4619
 7416 GLKVEIV   -5.7177   -7.3323   -1.6146    0.4619
 7417 GLKVEIV   -5.4895   -7.1040   -1.6146    0.4619
 7418 KLVGEIV   -5.6795   -7.4055   -1.7260    0.4619
 7419 KLGVVEI   -4.5845   -6.1991   -1.6146    0.4619
 7420 KLGVEVI   -6.6698   -8.2844   -1.6146    0.4619
 7421 KLGIEAW   -4.7130   -7.8239   -3.1109    0.4619
 7422 KLGIWAD   -5.9601   -8.8652   -2.9051    0.4619
 7423 KLGIWAD   -5.9601   -8.8652   -2.9051    0.4619
 7424 KLGIWAE   -5.6481   -8.8704   -3.2223    0.4619
 7425 KLGIWDA   -5.5063   -8.3000   -2.7937    0.4619
 7426 KLGIWDA   -5.5063   -8.3000   -2.7937    0.4619
 7427 KLGMWDA   -4.4321   -7.1147   -2.6826    0.4619
 7428 DLGMWDA   -2.3080   -5.4834   -3.1754    0.4619
 7429 DLGWDAM   -2.1131   -5.2885   -3.1754    0.4619
 7430 DLGWEAM   -3.2279   -6.7205   -3.4926    0.4619
 7431 DLGWEAM   -3.2279   -6.7205   -3.4926    0.4619
 7432 KLGWEAM   -5.9703   -8.9700   -2.9997    0.4619
 7433 KLGWEAM   -5.9703   -8.9700   -2.9997    0.4619
 7434 MLGWEAK   -5.1676   -8.1674   -2.9997    0.4619
 7435 MLGWEAD   -5.5739   -9.0665   -3.4926    0.4619
 7436 MLGWEAK   -6.2643   -9.2641   -2.9997    0.4619
 7437 ALGEWMK   -2.4223   -5.5334   -3.1111    0.4619
 7438 ALGEWMK   -2.4223   -5.5334   -3.1111    0.4619
 7439 ALGEWYK   -0.6752   -4.6126   -3.9374    0.4619
 7440 ALGEWYK   -0.6752   -4.6126   -3.9374    0.4619
 7441 ALGEFFK   -2.1739   -4.5531   -2.3791    0.4619
 7442 ALGEWVK   -4.7279   -7.8445   -3.1166    0.4619
 7443 ALEGWMK   -4.6881   -7.7992   -3.1111    0.4619
 7444 ALKGWMK   -1.1103   -4.6915   -3.5811    0.4619
 7445 ALMGWDK   -4.1141   -7.0195   -2.9054    0.4619
 7446 ALMGWDK   -4.2854   -7.1908   -2.9054    0.4619
 7447 ALFGWDR    0.1905   -5.8858   -6.0763    0.4619
 7448 ALFGWDD   -3.2736   -6.4787   -3.2051    0.4619
 7449 ALFGWDE   -3.3917   -6.9140   -3.5223    0.4619
 7450 ALLGWDE   -4.2646   -9.3209   -5.0563    0.4619
 7451 ALKGWEL   -5.8580  -10.1986   -4.3406    0.4619
 7452 ALKGWDL   -4.6994   -8.7228   -4.0234    0.4619
 7453 ALKGIDL   -3.4587   -7.6475   -4.1889    0.4619
 7454 ALKGIEL   -4.5199   -9.0259   -4.5060    0.4619
 7455 ALKGIEF   -5.9176   -8.4096   -2.4920    0.4619
 7456 ALKGIEF   -5.9176   -8.4096   -2.4920    0.4619
 7457 ALKGIEF   -5.9176   -8.4096   -2.4920    0.4619
 7458 GLKGIEF   -5.4371   -7.8302   -2.3931    0.4619
 7459 GLKGIEF   -5.4371   -7.8302   -2.3931    0.4619
 7460 GLKGIEF   -5.4371   -7.8302   -2.3931    0.4619
 7461 GLKGIEF   -5.4371   -7.8302   -2.3931    0.4619
 7462 GLKGEIF   -4.9401   -7.4447   -2.5046    0.4619
 7463 ELKGIGF   -2.9752   -5.3683   -2.3931    0.4619
 7464 KLKGFGI    0.6947   -2.1684   -2.8631    0.4619
 7465 KLKGFAI    0.9410   -2.1324   -3.0734    0.4619
 7466 KLEGFAV   -2.9665   -6.9442   -3.9777    0.4619
 7467 ELKGFAI   -4.9073   -7.5108   -2.6034    0.4619
 7468 ELIGWAK   -4.9815   -8.2038   -3.2223    0.4619
 7469 DLIGWKA   -5.7335   -8.5272   -2.7937    0.4619
 7470 DLIGAKW   -3.9725   -6.7662   -2.7937    0.4619
 7471 DLIGAKW   -3.9725   -6.7662   -2.7937    0.4619
 7472 DLIGAKV   -4.8968   -8.6703   -3.7734    0.4619
 7473 ELIGMKV   -6.5412   -8.2303   -1.6891    0.4619
 7474 ELIGMKV   -6.5412   -8.2303   -1.6891    0.4619
 7475 ELIGVKM   -6.7579   -8.4471   -1.6891    0.4619
 7476 ELIGMKV   -6.7502   -8.4394   -1.6891    0.4619
 7477 ELIGMKY   -6.5852   -8.2152   -1.6300    0.4619
 7478 DLIGMEM   -4.6645   -6.9211   -2.2566    0.4619
 7479 DLMGMEV   -4.3287   -6.9996   -2.6709    0.4619
 7480 DLAGWEV   -0.9636   -4.4616   -3.4980    0.4619
 7481 DLGGWKV   -2.3544   -5.0550   -2.7006    0.4619
 7482 VLGKWGD   -3.1298   -5.8303   -2.7006    0.4619
 7483 VLGKEAW   -3.7844   -7.0124   -3.2280    0.4619
 7484 VLGKEAW   -3.7844   -7.0124   -3.2280    0.4619
 7485 KLAVEGW   -6.0590   -9.1755   -3.1166    0.4619
 7486 ELAVWGK   -3.8140   -7.0420   -3.2280    0.4619
 7487 KLAVWGE   -7.7624  -10.9904   -3.2280    0.4619
 7488 KLAVWGD   -8.1974  -11.1083   -2.9109    0.4619
 7489 KLAVWGD   -8.7325  -11.6434   -2.9109    0.4619
 7490 KLAVWGD   -8.7325  -11.6434   -2.9109    0.4619
 7491 ALGVWKD   -6.1475   -9.0583   -2.9109    0.4619
 7492 ALKVWGD   -7.1822   -9.9816   -2.7994    0.4619
 7493 WLKVAGD   -6.6180   -9.4174   -2.7994    0.4619
 7494 MLKVWGD   -7.6506  -10.4886   -2.8380    0.4619
 7495 KLMVWGD   -7.8734  -10.8228   -2.9494    0.4619
 7496 KLMVWGD   -7.8734  -10.8228   -2.9494    0.4619
 7497 MLKVIGE   -5.7949   -7.5954   -1.8006    0.4619
 7498 MLKVAGE   -5.4705  -11.0414   -5.5709    0.4619
 7499 MLKVAGE   -5.4705  -11.0414   -5.5709    0.4619
 7500 ILKVDGA   -5.9580   -9.7315   -3.7734    0.4619
 7501 ILKVYGD   -7.3130   -8.7427   -1.4297    0.4619
 7502 ILKVYGD   -7.3130   -8.7427   -1.4297    0.4619
 7503 ILKVEGY   -9.0286  -10.6641   -1.6354    0.4619
 7504 ILKVEAY   -7.9380  -10.7522   -2.8143    0.4619
 7505 KLVVEAY   -9.0262  -12.2462   -3.2200    0.4619
 7506 KLVVDAY   -8.3414  -11.2443   -2.9029    0.4619
 7507 KLVVEAY   -9.2735  -12.4935   -3.2200    0.4619
 7508 KLVAEVY   -7.5336  -10.7536   -3.2200    0.4619
 7509 KLVVEVM   -9.1261  -12.5638   -3.4377    0.4619
 7510 KLVMEVV   -8.0063  -11.4440   -3.4377    0.4619
 7511 KLVMGVD   -8.0733  -10.0510   -1.9777    0.4619
 7512 KLVMGVD   -8.0733  -10.0510   -1.9777    0.4619
 7513 KLVIGVD   -9.2395  -10.6484   -1.4089    0.4619
 7514 KLVIGVD   -9.2395  -10.6484   -1.4089    0.4619
 7515 KLVIDVG   -8.9452  -10.3541   -1.4089    0.4619
 7516 ALVIVDK   -6.1587   -9.5693   -3.4106    0.4619
 7517 ALVMVDK   -7.1194   -9.4188   -2.2994    0.4619
 7518 VLVDADM   -4.6902   -7.1482   -2.4580    0.4619
 7519 DLVMDAV   -4.2793   -6.8487   -2.5694    0.4619
 7520 KLVMDGV   -6.4338   -8.4115   -1.9777    0.4619
 7521 ELVMVGD   -5.2971   -8.1963   -2.8991    0.4619
 7522 ELVIVGD   -6.4746   -8.8049   -2.3303    0.4619
 7523 RLVIVGD   -5.9823  -10.8666   -4.8843    0.4619
 7524 RLVIDGV   -5.1863   -9.9592   -4.7729    0.4619
 7525 RLVIDGV   -5.1863   -9.9592   -4.7729    0.4619
 7526 WLVRVGD   -2.6833   -8.8107   -6.1274    0.4619
 7527 LLVRVGD   -3.2590   -9.2616   -6.0026    0.4619
 7528 LLVDVGD   -4.7979   -7.9293   -3.1314    0.4619
 7529 DLVVIGK   -5.9202   -7.4404   -1.5203    0.4619
 7530 DLVVIGK   -5.9202   -7.4404   -1.5203    0.4619
 7531 DLVIVEG   -5.3468   -7.6771   -2.3303    0.4619
 7532 GLVVEDI   -8.6808  -11.0111   -2.3303    0.4619
 7533 GLKVVEI   -7.3884   -9.0029   -1.6146    0.4619
 7534 GLIVVEK   -7.1801   -9.1289   -1.9489    0.4619
 7535 GLIVVED   -6.8805   -9.3223   -2.4417    0.4619
 7536 GLIVVED   -6.8447   -9.2864   -2.4417    0.4619
 7537 GLVVDVK   -8.1029  -10.0860   -1.9831    0.4619
 7538 GLVLDVK   -7.9230  -10.5616   -2.6386    0.4619
 7539 DLVLGVK   -7.2297   -9.8682   -2.6386    0.4619
 7540 KLVLGGD   -5.3143  -11.1128   -5.7986    0.4619
 7541 KLVLDGG   -6.0809  -11.8795   -5.7986    0.4619
 7542 KLVVEGY   -7.6764  -10.7975   -3.1211    0.4619
 7543 VLVKEGM   -8.3205  -10.7268   -2.4063    0.4619
 7544 VLKVEGM   -8.4633  -10.6467   -2.1834    0.4619
 7545 VLKVEGM   -8.4633  -10.6467   -2.1834    0.4619
 7546 VLKVEGM   -8.4633  -10.6467   -2.1834    0.4619
 7547 MLKVEGF  -10.2789  -11.6637   -1.3849    0.4619
 7548 MLVKEGF   -9.6136  -11.2213   -1.6077    0.4619
 7549 MLVKEGF   -9.6136  -11.2213   -1.6077    0.4619
 7550 MLVKDGF   -8.8041  -10.0946   -1.2906    0.4619
 7551 MLVKDGF   -8.8041  -10.0946   -1.2906    0.4619
 7552 MLVFDGD   -6.8005   -8.5840   -1.7834    0.4619
 7553 MLEVFGD   -8.7498  -10.7390   -1.9891    0.4619
 7554 MLVDFGD   -7.1467   -8.8187   -1.6720    0.4619
 7555 MLVDFGD   -7.1467   -8.8187   -1.6720    0.4619
 7556 MLVDFGK   -6.8416   -8.0208   -1.1791    0.4619
 7557 MLVKFGE   -8.8116  -10.3079   -1.4963    0.4619
 7558 MLKVYGE   -7.9101  -11.0258   -3.1157    0.4619
 7559 MLKVYGD   -8.1621  -10.9606   -2.7986    0.4619
 7560 MLKVEGY   -9.2706  -12.2749   -3.0043    0.4619
 7561 MLKVEGY   -9.2706  -12.2749   -3.0043    0.4619
 7562 VLKIEGY   -8.6226  -10.2581   -1.6354    0.4619
 7563 VLKIEGY   -8.6226  -10.2581   -1.6354    0.4619
 7564 VLKIEGA   -6.4810  -10.5715   -4.0906    0.4619
 7565 VLKIEGA   -6.4931  -10.5837   -4.0906    0.4679
 7566 ALIKDGF   -7.5130   -9.9107   -2.3977    0.4679
 7567 GLIKEGF   -7.7791  -10.3951   -2.6160    0.4679
 7568 GLIKEGF   -7.7791  -10.3951   -2.6160    0.4679
 7569 ALIKEGV   -7.0426  -11.3560   -4.3134    0.4679
 7570 ELIKWGV   -5.2048   -9.9997   -4.7949    0.4679
 7571 KLIEWGV   -3.8853   -8.6801   -4.7949    0.4679
 7572 KLIEVGM   -7.3955   -9.0846   -1.6891    0.4679
 7573 KLIEMGV   -8.2326   -9.9217   -1.6891    0.4679
 7574 KLIEMGV   -8.2326   -9.9217   -1.6891    0.4679
 7575 KLIEMGV   -8.2326   -9.9217   -1.6891    0.4679
 7576 ILKEMGV   -8.4788  -10.2794   -1.8006    0.4679
 7577 VLKEMGI   -8.5676  -10.3681   -1.8006    0.4679
 7578 VLKEMGI   -8.5676  -10.3681   -1.8006    0.4679
 7579 VLKEYGI   -7.2665   -9.0134   -1.7469    0.4679
 7580 ILKEYGI   -5.9381   -8.9107   -2.9726    0.4679
 7581 ILKEYGL   -4.6786   -8.8809   -4.2023    0.4679
 7582 ILKEVGL   -5.0535   -9.8350   -4.7814    0.4679
 7583 ILKEAGL   -5.0634   -9.6808   -4.6174    0.4679
 7584 ILKEAGL   -5.0634   -9.6808   -4.6174    0.4679
 7585 ILKEAGL   -5.0634   -9.6808   -4.6174    0.4679
 7586 ILKEYGL   -4.6001   -8.8024   -4.2023    0.4679
 7587 ILKEYGL   -4.6001   -8.8024   -4.2023    0.4679
 7588 VLKEYGL   -5.3957   -8.9323   -3.5366    0.4679
 7589 VLKDYGL   -3.0274   -6.2468   -3.2194    0.4679
 7590 VLGMYDD   -3.5208   -6.9237   -3.4029    0.4679
 7591 ILGMMDD   -5.8381   -8.0004   -2.1623    0.4679
 7592 ILGMDDM   -5.0387   -7.0896   -2.0509    0.4679
 7593 ILGMEMD   -6.0312   -8.2877   -2.2566    0.4679
 7594 MLGVEIR   -0.6315   -5.6847   -5.0531    0.4679
 7595 MLIVDGR   -2.7164   -7.6752   -4.9589    0.4679
 7596 GLVIRMD   -2.3357   -7.1831   -4.8474    0.4679
 7597 GLVIRMD   -2.3357   -7.1831   -4.8474    0.4679
 7598 GLIVRDM   -1.9671   -6.9259   -4.9589    0.4679
 7599 GLIVMDR   -5.4566  -10.5269   -5.0703    0.4679
 7600 GLIVMED   -7.7514  -10.2677   -2.5163    0.4679
 7601 GLIVMED   -7.7514  -10.2677   -2.5163    0.4679
 7602 GLIVGED   -4.5759   -9.3948   -4.8189    0.4679
 7603 GLVVFED   -7.5934   -9.7309   -2.1374    0.4679
 7604 GLVVIKD   -6.4954   -8.1271   -1.6317    0.4679
 7605 GLVVEIE   -8.2704  -10.8064   -2.5360    0.4679
 7606 GLIVEVE   -8.7917  -11.3277   -2.5360    0.4679
 7607 KLIVEVG   -8.4134  -10.1394   -1.7260    0.4679
 7608 KLLVEGV   -7.4755  -10.4313   -2.9557    0.4679
 7609 MLKVEGV   -9.2579  -11.4413   -2.1834    0.4679
 7610 MLVKEGV   -8.9197  -11.3260   -2.4063    0.4679
 7611 KLMVEGI   -9.7753  -11.5759   -1.8006    0.4679
 7612 KLVMEGI   -8.8244  -10.6249   -1.8006    0.4679
 7613 MLIKEGV   -8.2320  -10.1440   -1.9120    0.4679
 7614 MLIKEGV   -8.2320  -10.1440   -1.9120    0.4679
 7615 MLEKVGI   -8.2123  -10.0128   -1.8006    0.4679
 7616 MLVKEGI   -9.2615  -11.1735   -1.9120    0.4679
 7617 MLIKDGV   -9.5713  -11.1662   -1.5949    0.4679
 7618 MLIKDGV   -9.5713  -11.1662   -1.5949    0.4679
 7619 MLIKDGV   -9.5713  -11.1662   -1.5949    0.4679
 7620 MLIKEGV  -10.3861  -12.2981   -1.9120    0.4679
 7621 MLLKEGV   -7.0513  -10.1930   -3.1417    0.4679
 7622 MLVKEGL   -8.0916  -11.2333   -3.1417    0.4679
 7623 MLVKEGL   -8.0916  -11.2333   -3.1417    0.4679
 7624 MLVKEGV   -9.2640  -11.6703   -2.4063    0.4679
 7625 MLMKEGV   -8.1412  -10.5421   -2.4009    0.4679
 7626 MLVKEGM   -7.7009  -10.1017   -2.4009    0.4679
 7627 MLMKEGV   -7.8744  -10.2753   -2.4009    0.4679
 7628 MLVKEGV   -9.2709  -11.6772   -2.4063    0.4679
 7629 MLMKEGI   -8.1281  -10.1147   -1.9866    0.4679
 7630 MLIKEGI   -8.3357  -12.0734   -3.7377    0.4679
 7631 KLVVEGI   -9.6121  -11.3381   -1.7260    0.4679
 7632 KLVVEGL   -8.3839  -11.3396   -2.9557    0.4679
 7633 KLFVEGV   -8.9753  -10.3970   -1.4217    0.4679
 7634 KLVVDGV   -8.4847  -10.4678   -1.9831    0.4679
 7635 KLVVDGV   -8.4847  -10.4678   -1.9831    0.4679
 7636 VLKVDGV   -9.5408  -11.4126   -1.8717    0.4679
 7637 VLKVVGD   -8.6318  -10.6149   -1.9831    0.4679
 7638 VLKIDGV   -6.5156   -7.8130   -1.2974    0.4679
 7639 ILKVEGV   -8.5337  -10.1482   -1.6146    0.4679
 7640 VLKVEGI   -8.3391   -9.9537   -1.6146    0.4679
 7641 VLKVEGI   -8.3391   -9.9537   -1.6146    0.4679
 7642 VLKVEGI   -8.3555   -9.9701   -1.6146    0.4679
 7643 ILKVGGE   -4.4816   -8.6962   -4.2146    0.4679
 7644 KLIVDGG   -7.9783  -11.9872   -4.0089    0.4679
 7645 MLIVDGK   -8.8384  -10.4333   -1.5949    0.4679
 7646 MLIVDGK   -8.8384  -10.4333   -1.5949    0.4679
 7647 MLIKDGV   -8.8799  -10.4748   -1.5949    0.4679
 7648 MLIKEGV   -9.5014  -11.4134   -1.9120    0.4679
 7649 KLIVEGM   -9.7387  -11.5393   -1.8006    0.4679
 7650 KLVVEGM   -8.5438  -10.8386   -2.2949    0.4679
 7651 MLVVEGK   -8.2016  -10.6078   -2.4063    0.4679
 7652 MLVVEGE   -9.2011  -12.4174   -3.2163    0.4679
 7653 ELVVEGL   -6.5078  -10.2735   -3.7657    0.4679
 7654 LLVVEGE   -7.4902  -11.3673   -3.8771    0.4679
 7655 LLVVDGD   -7.9523  -11.1951   -3.2429    0.4679
 7656 LLVVDGD   -7.9523  -11.1951   -3.2429    0.4679
 7657 MLVDYGK   -4.1484   -6.9469   -2.7986    0.4679
 7658 DLMFYGK   -5.4103   -6.7217   -1.3114    0.4679
 7659 KLMFYGD   -5.5020   -6.8134   -1.3114    0.4679
 7660 KLVWGGD   -4.0170   -6.9405   -2.9234    0.4679
 7661 VLKIGGD   -5.2843   -9.1817   -3.8974    0.4679
 7662 MLEIGGD   -3.9664   -8.6684   -4.7020    0.4679
 7663 MLEIVGD   -4.2786   -6.5720   -2.2934    0.4679
 7664 WLKIMGD   -3.2878   -7.9515   -4.6637    0.4679
 7665 FLKDMGI   -0.7107   -3.7155   -3.0049    0.4679
 7666 ILKEMGF   -5.3867   -8.7087   -3.3220    0.4679
 7667 ILKEAGF   -5.7637   -8.3671   -2.6034    0.4679
 7668 ALKEFGI   -5.4748   -8.0783   -2.6034    0.4679
 7669 ALKEFGI   -5.4748   -8.0783   -2.6034    0.4679
 7670 ALKEFGI   -5.4748   -8.0783   -2.6034    0.4679
 7671 ALKEFGI   -5.4748   -8.0783   -2.6034    0.4679
 7672 ALKEFGI   -5.4748   -8.0783   -2.6034    0.4679
 7673 FLKVVGE   -5.3876   -6.8093   -1.4217    0.4679
 7674 FLKVEGV   -7.3344   -8.6447   -1.3103    0.4679
 7675 FLKVEGV   -7.3344   -8.6447   -1.3103    0.4679
 7676 VLVIEGK   -6.0715   -7.9090   -1.8374    0.4679
 7677 VLMIEGK   -5.7788   -7.6908   -1.9120    0.4679
 7678 VLVMEGK   -7.3016   -9.7079   -2.4063    0.4679
 7679 GLVMEVE   -7.8476  -10.9524   -3.1049    0.4679
 7680 GLIMDVE   -7.3533   -9.6468   -2.2934    0.4679
 7681 GLLMEVD   -8.1157  -11.6389   -3.5231    0.4679
 7682 GLIMEDV   -8.1830  -10.5879   -2.4049    0.4679
 7683 GLIMEDV   -8.1830  -10.5879   -2.4049    0.4679
 7684 GLIMEDV   -8.1830  -10.5879   -2.4049    0.4679
 7685 GLIMDDV   -7.2881   -9.3758   -2.0877    0.4679
 7686 GLIMDVD   -8.1319  -10.1082   -1.9763    0.4679
 7687 GLIMDVD   -7.5691   -9.5454   -1.9763    0.4679
 7688 GLIVDVD   -6.7236   -8.6254   -1.9017    0.4679
 7689 GLIDVVE   -6.1183   -8.3372   -2.2189    0.4679
 7690 GLIDMVE   -5.5167   -7.8101   -2.2934    0.4679
 7691 DLIEMGV   -4.1253   -6.3073   -2.1820    0.4679
 7692 ELIMEGV   -5.4569   -8.0675   -2.6106    0.4679
 7693 ELIMEGV   -5.4569   -8.0675   -2.6106    0.4679
 7694 ILVMEGE   -7.3593  -10.0813   -2.7220    0.4679
 7695 ILVMEGE   -7.2505   -9.9725   -2.7220    0.4679
 7696 VLIMEGD   -7.4641   -9.8690   -2.4049    0.4679
 7697 VLIMEGD   -7.4641   -9.8690   -2.4049    0.4679
 7698 VLIIEGK   -6.0077   -9.6708   -3.6631    0.4679
 7699 ILIVEGK   -6.8464  -10.5096   -3.6631    0.4679
 7700 KLIVEGI   -6.3612   -9.9130   -3.5517    0.4679
 7701 KLVIEGV   -8.5860  -10.3120   -1.7260    0.4679
 7702 KLVIEGM   -8.1715   -9.9721   -1.8006    0.4679
 7703 KLVIEGI   -6.2525   -9.8042   -3.5517    0.4679
 7704 KLVMEGI   -6.8567   -8.6573   -1.8006    0.4679
 7705 KLVMEGI   -6.8567   -8.6573   -1.8006    0.4679
 7706 VLKIEGM   -9.2660  -10.9551   -1.6891    0.4679
 7707 MLKIEGV  -10.1480  -11.8371   -1.6891    0.4679
 7708 ILKVMGE   -7.9630   -9.7635   -1.8006    0.4679
 7709 KLVIEGM   -9.9237  -11.7243   -1.8006    0.4679
 7710 KLVIMAD   -9.9202  -13.2939   -3.3737    0.4679
 7711 KLVVMAD  -11.3652  -13.5532   -2.1880    0.4679
 7712 KLVVMAD  -11.3652  -13.5532   -2.1880    0.4679
 7713 KLVVWGD  -10.0008  -12.8757   -2.8749    0.4679
 7714 KLMGWVD   -7.2661  -10.1041   -2.8380    0.4679
 7715 MLIGWKD   -3.1864   -7.9615   -4.7751    0.4679
 7716 MLIGAKD   -4.0563   -8.0472   -3.9909    0.4679
 7717 FLIGYKD   -2.3025   -4.7651   -2.4626    0.4679
 7718 KLIGYMD   -7.6250   -9.0493   -1.4243    0.4679
 7719 KLLGMVD   -3.4452   -6.1584   -2.7131    0.4679
 7720 DLLGMVK   -4.4523   -7.1655   -2.7131    0.4679
 7721 DLLGMVE   -3.0523   -6.5754   -3.5231    0.4679
 7722 MLGEDVL   -0.6827   -4.3173   -3.6346    0.4679
 7723 MLKGDVL   -5.0441   -7.7572   -2.7131    0.4679
 7724 KLMGDVI   -5.8040   -7.2874   -1.4834    0.4679
 7725 MLKGDVI   -7.4325   -8.9159   -1.4834    0.4679
 7726 MLKGVIE   -7.4635   -9.2640   -1.8006    0.4679
 7727 MLGKYIE   -3.9186   -5.6601   -1.7414    0.4679
 7728 MLGEYMK   -2.2407   -5.3510   -3.1103    0.4679
 7729 MLGKMEY   -2.8235   -5.8224   -2.9989    0.4679
 7730 MLGKMEI   -6.0586   -7.8223   -1.7637    0.4679
 7731 MLGIMEK   -5.8039   -7.7905   -1.9866    0.4679
 7732 MLGIMDD   -5.8249   -7.9872   -2.1623    0.4679
 7733 VLIGMDD   -7.9677  -10.0554   -2.0877    0.4679
 7734 VLIGMDD   -7.9677  -10.0554   -2.0877    0.4679
 7735 MLIGMED   -8.6136  -11.0931   -2.4794    0.4679
 7736 MLIGMDK   -9.2494  -10.9188   -1.6694    0.4679
 7737 MLIGMEK   -9.7842  -11.7707   -1.9866    0.4679
 7738 MLIGMEK   -9.7842  -11.7707   -1.9866    0.4679
 7739 MLIGMEK   -9.7842  -11.7707   -1.9866    0.4679
 7740 MLIGMEK   -8.7103  -10.6969   -1.9866    0.4679
 7741 MLIGVEK   -8.0799   -9.9919   -1.9120    0.4679
 7742 MLGVEID   -8.6083  -10.7903   -2.1820    0.4679
 7743 MLGVEDF   -8.4015  -10.3907   -1.9891    0.4679
 7744 MLVDEGF   -7.4266   -9.5272   -2.1006    0.4679
 7745 MLVDEGW   -6.0312   -9.7906   -3.7594    0.4679
 7746 MLVDEGW   -6.0312   -9.7906   -3.7594    0.4679
 7747 MLVDEGW   -6.0312   -9.7906   -3.7594    0.4679
 7748 MLGREVW   -2.7636   -9.3942   -6.6306    0.4679
 7749 MLGREVW   -2.7636   -9.3942   -6.6306    0.4679
 7750 MLGREVV   -3.8748   -9.6451   -5.7703    0.4679
 7751 MLGKVVE   -7.0407   -9.3356   -2.2949    0.4679
 7752 MLGKVVE   -7.0407   -9.3356   -2.2949    0.4679
 7753 MLGKVVD   -7.1281   -9.1058   -1.9777    0.4679
 7754 MLGKEVY   -7.4590  -10.6861   -3.2271    0.4679
 7755 MLGKEIM   -7.8421   -9.8287   -1.9866    0.4679
 7756 ELGIMEW    1.5685   -4.1109   -5.6794    0.4679
 7757 MLGIEDF   -4.3042   -8.1190   -3.8149    0.4679
 7758 MLGFEKF   -4.8482   -7.8659   -3.0177    0.4679
 7759 MLGFEKF   -4.8482   -7.8659   -3.0177    0.4679
 7760 MLGIEKF   -6.6497   -9.9717   -3.3220    0.4679
 7761 MLGIEKF   -6.6497   -9.9717   -3.3220    0.4679
 7762 MLGIDKF   -5.8641   -8.8690   -3.0049    0.4679
 7763 MLGIDDF   -4.8745   -8.3723   -3.4977    0.4679
 7764 MLGIDDV   -6.6423   -8.6186   -1.9763    0.4679
 7765 MLGIEDV   -7.7441  -10.0376   -2.2934    0.4679
 7766 MLGIEDV   -7.7409  -10.0343   -2.2934    0.5031
 7767 MLGIEVE   -8.6639  -11.1631   -2.4991    0.5031
 7768 MLGVEIE   -7.7120  -10.2112   -2.4991    0.5031
 7769 GLVMELE   -5.2120   -9.0523   -3.8403    0.5031
 7770 GLVEMEL   -4.2880   -8.0168   -3.7289    0.5031
 7771 GLLEFVE   -3.1181   -8.4052   -5.2871    0.5031
 7772 VLLEFGE   -2.7785   -8.0656   -5.2871    0.5031
 7773 ELVVFGE   -4.5971   -6.9402   -2.3431    0.5031
 7774 VLVEEGF   -7.7302  -10.0734   -2.3431    0.5031
 7775 VLEVEGF   -7.2555   -9.3758   -2.1203    0.5031
 7776 VLEVKGF   -5.4403   -6.7506   -1.3103    0.5031
 7777 ELGVKGF   -1.2025   -4.9699   -3.7674    0.5031
 7778 MLGVKGD   -1.1305   -6.2853   -5.1549    0.5031
 7779 MLKGFGD   -6.9318  -10.4881   -3.5563    0.5031
 7780 KLMGFGD   -8.4403  -11.9966   -3.5563    0.5031
 7781 GLMGFDD   -5.0951   -9.2557   -4.1606    0.5031
 7782 GLKGFDM   -5.6674   -9.1122   -3.4449    0.5031
 7783 GLKGMDM   -4.3193   -9.3573   -5.0380    0.5031
 7784 GLKGMDL   -3.6570   -9.1159   -5.4589    0.5031
 7785 GLKGMDL   -3.6570   -9.1159   -5.4589    0.5031
 7786 GLKGMDL   -3.6570   -9.1159   -5.4589    0.5031
 7787 GLKGMDL   -3.6570   -9.1159   -5.4589    0.5031
 7788 GLEGMKL   -2.9616   -8.7376   -5.7760    0.5031
 7789 KLEGMGW   -4.5337   -7.4346   -2.9009    0.5031
 7790 KLEGMGW   -4.5337   -7.4346   -2.9009    0.5031
 7791 KLEGMGW   -4.5337   -7.4346   -2.9009    0.5031
 7792 ALEGMKF   -5.3035   -9.1644   -3.8609    0.5031
 7793 MLEGMKF   -8.1598   -9.6192   -1.4594    0.5031
 7794 ELMGVKF   -7.7847   -9.1695   -1.3849    0.5031
 7795 ELMGVKF   -7.7847   -9.1695   -1.3849    0.5031
 7796 ELMGMKL   -6.5984   -9.5918   -2.9934    0.5031
 7797 MLEGMKM   -7.1284   -9.3010   -2.1726    0.5031
 7798 MLMGEKM   -7.0696   -9.4650   -2.3954    0.5031
 7799 MLMGMKE   -7.7457  -10.1411   -2.3954    0.5031
 7800 MLIGMKD   -8.4583  -10.1278   -1.6694    0.5031
 7801 MLIGMDK   -7.9213   -9.5908   -1.6694    0.5031
 7802 KLIGMDM   -8.4012   -9.8478   -1.4466    0.5031
 7803 KLGDMFM   -3.0179   -4.2716   -1.2537    0.5031
 7804 KLGMDFM   -3.0712   -4.2135   -1.1423    0.5031
 7805 KLGMDFM   -3.0712   -4.2135   -1.1423    0.5031
 7806 MLGVDEF   -4.2901   -6.2792   -1.9891    0.5031
 7807 MLGMEDV   -6.4774   -9.2597   -2.7823    0.5031
 7808 GLMDEVW   -4.4386   -8.1980   -3.7594    0.5031
 7809 GLMDEVM   -5.8741   -8.7679   -2.8937    0.5031
 7810 MLGDEVF   -4.6244   -6.7250   -2.1006    0.5031
 7811 MLFGEVD   -7.7718   -9.7610   -1.9891    0.5031
 7812 MLEGFVD   -5.8087   -7.7978   -1.9891    0.5031
 7813 MLEGFKV   -6.4977   -7.8826   -1.3849    0.5031
 7814 MLVGFKE   -5.2972   -6.9049   -1.6077    0.5031
 7815 MLVGMKE   -5.5200   -7.9208   -2.4009    0.5031
 7816 MLVGMKD   -6.0668   -8.1505   -2.0837    0.5031
 7817 FLKGMDM   -6.1994   -7.3417   -1.1423    0.5031
 7818 FLKGYDM   -4.4537   -5.5423   -1.0886    0.5031
 7819 YLKGFDM   -4.1282   -5.2168   -1.0886    0.5031
 7820 YLKGFEM   -4.8041   -6.2098   -1.4057    0.5031
 7821 MLKGFEM   -9.2005  -10.6600   -1.4594    0.5031
 7822 MLKGFEM   -9.2005  -10.6600   -1.4594    0.5031
 7823 MLKGYDM   -6.2960   -8.9777   -2.6817    0.5031
 7824 MLKGMDY   -9.0309  -11.7126   -2.6817    0.5031
 7825 MLKGMDY   -9.0309  -11.7126   -2.6817    0.5031
 7826 MLKGMEY  -10.1472  -13.1460   -2.9989    0.5031
 7827 MLKGYEM   -8.0992  -11.0981   -2.9989    0.5031
 7828 MLKGYEI   -8.9386  -10.5686   -1.6300    0.5031
 7829 MLKGYEL   -7.4541  -10.8738   -3.4197    0.5031
 7830 MLKGYEM   -8.1581  -11.1569   -2.9989    0.5031
 7831 MLKGYEF   -9.6886  -11.0944   -1.4057    0.5031
 7832 MLKGYEF   -9.6886  -11.0944   -1.4057    0.5031
 7833 MLKGYEL   -7.4727  -10.8924   -3.4197    0.5031
 7834 MLKGYEL   -7.4727  -10.8924   -3.4197    0.5031
 7835 MLKGFEG   -7.7527  -11.6262   -3.8734    0.5031
 7836 MLKGFEY  -10.8649  -12.2706   -1.4057    0.5031
 7837 MLKGWEY  -10.2066  -12.6712   -2.4646    0.5031
 7838 MLKGWEV   -9.2908  -12.3345   -3.0437    0.5031
 7839 MLKGYEV   -8.1759  -11.1802   -3.0043    0.5031
 7840 MLKGIDV   -8.4698   -9.8418   -1.3720    0.5031
 7841 MLKGIEV   -9.7769  -11.4660   -1.6891    0.5031
 7842 MLKGEIM   -7.7958   -9.6709   -1.8751    0.5031
 7843 MLKGEIM   -7.7958   -9.6709   -1.8751    0.5031
 7844 MLKGIEM   -9.3401  -11.1038   -1.7637    0.5031
 7845 MLKGMEY  -10.2578  -13.2567   -2.9989    0.5031
 7846 MLKGMEY  -10.2578  -13.2567   -2.9989    0.5031
 7847 MLKGMEY  -10.2578  -13.2567   -2.9989    0.5031
 7848 MLKGMEY  -10.2578  -13.2567   -2.9989    0.5031
 7849 MLKGIEY  -10.2525  -11.8825   -1.6300    0.5031
 7850 MLKGIEY  -10.2525  -11.8825   -1.6300    0.5031
 7851 MLKGIEY  -10.2525  -11.8825   -1.6300    0.5031
 7852 MLKGIEY  -10.2525  -11.8825   -1.6300    0.5031
 7853 MLKGIEY  -10.2525  -11.8825   -1.6300    0.5031
 7854 MLKGMEY  -10.3244  -13.3233   -2.9989    0.5031
 7855 MLKGMDY   -9.1515  -11.8332   -2.6817    0.5031
 7856 MLKGMDI   -9.6029  -11.0494   -1.4466    0.5031
 7857 MLKGMDI   -9.6029  -11.0494   -1.4466    0.5031
 7858 ILKGMDM   -7.8693   -9.3159   -1.4466    0.5031
 7859 ALKGMDM   -5.3429  -10.4797   -5.1369    0.5031
 7860 MLKGMVD   -9.0455  -11.0178   -1.9723    0.5031
 7861 MLKGMDV   -9.3715  -11.2323   -1.8609    0.5031
 7862 MLKGMDI   -9.2777  -10.7242   -1.4466    0.5031
 7863 MLKGVEI  -10.0549  -11.7440   -1.6891    0.5031
 7864 MLKGVEM  -10.2233  -12.4013   -2.1780    0.5031
 7865 MLKGVEF  -10.9455  -12.3304   -1.3849    0.5031
 7866 MLKGVEF  -10.9419  -12.3268   -1.3849    0.5031
 7867 MLKGVEF  -10.9419  -12.3268   -1.3849    0.5031
 7868 MLKGVEF  -10.9419  -12.3268   -1.3849    0.5031
 7869 MLKGVEF  -11.1525  -12.5373   -1.3849    0.5031
 7870 MLKGVEF  -11.1525  -12.5373   -1.3849    0.5031
 7871 MLKGFEV  -10.6582  -12.0430   -1.3849    0.5031
 7872 MLKGFDV   -9.4355  -10.5032   -1.0677    0.5031
 7873 GLKGFDV   -6.0014   -9.4517   -3.4503    0.5031
 7874 GLKGFDV   -6.0014   -9.4517   -3.4503    0.5031
 7875 GLKGWEI   -9.7079  -11.2399   -1.5320    0.5031
 7876 GLKGWEI   -9.7079  -11.2399   -1.5320    0.5031
 7877 GLKGWEI   -9.7079  -11.2399   -1.5320    0.5031
 7878 GLKGWEI   -9.7079  -11.2399   -1.5320    0.5031
 7879 GLKGIEW   -8.6265  -10.1585   -1.5320    0.5031
 7880 GLKGIEF   -8.1583  -10.5515   -2.3931    0.5031
 7881 GLKGIEF   -8.1583  -10.5515   -2.3931    0.5031
 7882 GLKGMEI   -7.8640  -11.8503   -3.9863    0.5031
 7883 GLKGMEI   -7.8640  -11.8503   -3.9863    0.5031
 7884 GLIGMEK   -4.9772   -9.1863   -4.2091    0.5031
 7885 GLIGMEE   -4.0374   -9.0566   -5.0191    0.5031
 7886 GLIGFED   -5.9090   -9.0178   -3.1089    0.5031
 7887 GLIGDFD   -4.9954   -7.6756   -2.6803    0.5031
 7888 GLMGDIK   -4.4633   -8.2438   -3.7806    0.5031
 7889 GLMGMDK   -3.2863   -8.5472   -5.2609    0.5031
 7890 GLKGFDM   -7.2042  -10.6490   -3.4449    0.5031
 7891 GLKGFDW   -8.2798   -9.2704   -0.9906    0.5031
 7892 GLKGFDM   -7.2220  -10.6668   -3.4449    0.5031
 7893 GLKGFDM   -7.2220  -10.6668   -3.4449    0.5031
 7894 GLKGFDV   -7.3398  -10.7901   -3.4503    0.5031
 7895 GLKGFDV   -7.3398  -10.7901   -3.4503    0.5031
 7896 GLKGFDV   -7.3398  -10.7901   -3.4503    0.5031
 7897 GLKGFDV   -7.3165  -10.7668   -3.4503    0.5031
 7898 GLKGFDV   -6.5584  -10.0087   -3.4503    0.5031
 7899 GLKGWDI   -8.0686   -9.2835   -1.2149    0.5031
 7900 GLKGWDW   -6.7939   -9.1633   -2.3694    0.5031
 7901 GLKGWEM   -6.8788   -9.7797   -2.9009    0.5031
 7902 GLKGWEM   -6.8788   -9.7797   -2.9009    0.5031
 7903 GLKGFEW   -7.9081   -9.2158   -1.3077    0.5031
 7904 GLKGFEW   -7.9081   -9.2158   -1.3077    0.5031
 7905 GLKGFDW   -8.0878   -9.0784   -0.9906    0.5031
 7906 GLKGFDW   -8.0878   -9.0784   -0.9906    0.5031
 7907 GLKGMDW   -7.1990   -9.7827   -2.5837    0.5031
 7908 GLKGMDW   -7.1990   -9.7827   -2.5837    0.5031
 7909 GLKGMEW   -6.9859   -9.8867   -2.9009    0.5031
 7910 GLKGMDW   -7.0732   -9.6569   -2.5837    0.5031
 7911 GLKGWDM   -7.0507   -9.6344   -2.5837    0.5031
 7912 GLKGWDF   -6.4951   -7.4857   -0.9906    0.5031
 7913 GLKGFDW   -6.5604   -7.5510   -0.9906    0.5031
 7914 GLKGWDF   -8.0347   -9.0253   -0.9906    0.5031
 7915 GLKGWDF   -8.0347   -9.0253   -0.9906    0.5031
 7916 GLKGFDW   -8.4185   -9.4091   -0.9906    0.5031
 7917 GLKGFDW   -8.4185   -9.4091   -0.9906    0.5031
 7918 GLKGFDW   -8.4185   -9.4091   -0.9906    0.5031
 7919 GLKGFDW   -8.4185   -9.4091   -0.9906    0.5031
 7920 GLKGFDW   -8.4185   -9.4091   -0.9906    0.5031
 7921 GLKGFDV   -6.4297   -9.8800   -3.4503    0.5031
 7922 GLKGFDV   -6.3217   -9.7720   -3.4503    0.5031
 7923 GLKGFDV   -6.3217   -9.7720   -3.4503    0.5031
 7924 DLKGFGW   -5.8455   -6.8361   -0.9906    0.5031
 7925 KLEGFGW   -6.6018   -7.9095   -1.3077    0.5031
 7926 KLDGFGW   -5.2751   -6.2657   -0.9906    0.5031
 7927 KLDGIGW   -4.4032   -5.6180   -1.2149    0.5031
 7928 KLGDMGW   -4.4222   -7.0060   -2.5837    0.5031
 7929 KLGDMGW   -4.4222   -7.0060   -2.5837    0.5031
 7930 KLGWMGD   -5.9576   -8.6527   -2.6951    0.5031
 7931 KLGMWGD   -6.6372   -9.3324   -2.6951    0.5031
 7932 KLGMWGD   -6.6372   -9.3324   -2.6951    0.5031
 7933 KLGMWGD   -6.2467   -8.9418   -2.6951    0.5031
 7934 KLGLWGD   -6.2306   -9.3466   -3.1160    0.5031
 7935 KLGLWGD   -6.2306   -9.3466   -3.1160    0.5031
 7936 KLGLWGD   -6.2306   -9.3466   -3.1160    0.5031
 7937 KLGIWGD   -8.3817   -9.7080   -1.3263    0.5031
 7938 KLGIWGD   -8.3817   -9.7080   -1.3263    0.5031
 7939 KLGIWGD   -8.4887   -9.8150   -1.3263    0.5031
 7940 KLGIWGD   -8.4887   -9.8150   -1.3263    0.5031
 7941 KLGIWGE   -9.8048  -11.4482   -1.6434    0.5031
 7942 KLGWMGE   -7.6704  -10.6826   -3.0123    0.5031
 7943 KLGFWGE   -8.0433   -9.4625   -1.4191    0.5031
 7944 KLGVFGD   -5.6097   -9.1714   -3.5617    0.5031
 7945 KLGMFGD   -5.6377   -9.1940   -3.5563    0.5031
 7946 KLGMWGD   -7.1824   -9.8776   -2.6951    0.5031
 7947 KLGMWGD   -7.1824   -9.8776   -2.6951    0.5031
 7948 KLGIWGD   -9.1397  -10.4660   -1.3263    0.5031
 7949 KLGIWGD   -9.1397  -10.4660   -1.3263    0.5031
 7950 KLGIWGD   -9.1397  -10.4660   -1.3263    0.5031
 7951 KLGFFGD   -5.8469   -7.8101   -1.9631    0.5031
 7952 KLGFFGD   -5.8469   -7.8101   -1.9631    0.5031
 7953 KLGIFGD   -7.5284   -9.7159   -2.1874    0.5031
 7954 KLGIFGD   -7.5284   -9.7159   -2.1874    0.5031
 7955 KLGIFGD   -7.7972   -9.9846   -2.1874    0.5031
 7956 KLGIFGD   -7.7972   -9.9846   -2.1874    0.5031
 7957 KLGIIGE   -6.2093   -8.9382   -2.7289    0.5031
 7958 KLGIIGE   -6.2093   -8.9382   -2.7289    0.5031
 7959 ELGKWGM   -4.8148   -7.7156   -2.9009    0.5031
 7960 VLGKWGE   -4.7552   -7.7730   -3.0177    0.5031
 7961 VLGKWDG   -4.3280   -7.0286   -2.7006    0.5031
 7962 VLGKWDG   -4.3280   -7.0286   -2.7006    0.5031
 7963 VLGGWED   -2.8509   -6.5843   -3.7334    0.5031
 7964 VLMGWDE   -4.2593   -8.0188   -3.7594    0.5031
 7965 GLMGWDE   -3.7966   -7.4132   -3.6166    0.5031
 7966 GLMGWED   -4.8230   -8.4396   -3.6166    0.5031
 7967 GLMGWED   -5.1310   -8.7475   -3.6166    0.5171
 7968 GLMGWEK   -4.8965   -8.0202   -3.1237    0.5171
 7969 GLMGWED   -5.4725   -9.0891   -3.6166    0.5171
 7970 GLMGWED   -5.4725   -9.0891   -3.6166    0.5171
 7971 GLVGWDD   -6.4084   -9.7133   -3.3049    0.5171
 7972 GLVGWDD   -6.4084   -9.7133   -3.3049    0.5171
 7973 GLVGWDD   -6.4084   -9.7133   -3.3049    0.5171
 7974 GLVGDKW   -5.2648   -8.0768   -2.8120    0.5171
 7975 ALVGWKE   -7.0239  -10.2519   -3.2280    0.5171
 7976 ALEGWKM   -5.3056   -8.3053   -2.9997    0.5171
 7977 ALEGWKM   -5.3056   -8.3053   -2.9997    0.5171
 7978 ALEGMKM   -3.3097   -8.7637   -5.4540    0.5171
 7979 ALMGMKE   -4.5770  -10.2539   -5.6769    0.5171
 7980 ALMGMKE   -4.5770  -10.2539   -5.6769    0.5171
 7981 ALMGMKE   -4.5623  -10.2392   -5.6769    0.5171
 7982 ALMGMKD   -4.6459  -10.0057   -5.3597    0.5171
 7983 ALMGVKD   -5.1411  -10.5062   -5.3651    0.5171
 7984 ALVGVKD   -5.4174  -10.7879   -5.3706    0.5171
 7985 DLVGVKA   -4.4954   -9.6432   -5.1477    0.5171
 7986 KLFGEVA   -5.5884   -9.5661   -3.9777    0.5171
 7987 MLKGAVE   -4.5731  -10.1440   -5.5709    0.5171
 7988 FLKGEAF   -4.7444   -7.1235   -2.3791    0.5171
 7989 KLIGEAF   -7.6662  -10.2697   -2.6034    0.5171
 7990 KLIGEAW   -8.2128  -11.4351   -3.2223    0.5171
 7991 KLVGEAW   -7.9804  -11.0970   -3.1166    0.5171
 7992 KLWGEAV   -9.1500  -12.2666   -3.1166    0.5171
 7993 KLWGFAE   -7.6069  -10.5249   -2.9180    0.5171
 7994 KLMGFAE   -6.2875  -10.2598   -3.9723    0.5171
 7995 KLVGAMD   -6.5201  -11.7738   -5.2537    0.5171
 7996 KLMGIMD   -9.3384  -10.8964   -1.5580    0.5171
 7997 KLMGIMD   -9.3384  -10.8964   -1.5580    0.5171
 7998 KLMGIMD   -9.3384  -10.8964   -1.5580    0.5171
 7999 KLMGIMD   -9.3384  -10.8964   -1.5580    0.5171
 8000 KLMGMMD  -10.4580  -12.4248   -1.9669    0.5171
 8001 KLMGMMD  -10.4580  -12.4248   -1.9669    0.5171
 8002 KLLGVMD   -7.5754  -10.2885   -2.7131    0.5171
 8003 KLLGVMD   -7.5754  -10.2885   -2.7131    0.5171
 8004 KLMGVMD   -9.9714  -11.9437   -1.9723    0.5171
 8005 KLMGVMD   -9.9714  -11.9437   -1.9723    0.5171
 8006 KLMGVME   -8.9230  -11.2125   -2.2894    0.5171
 8007 KLMGVME   -8.9230  -11.2125   -2.2894    0.5171
 8008 KLMGVME   -8.9230  -11.2125   -2.2894    0.5171
 8009 KLMGVME   -8.9230  -11.2125   -2.2894    0.5171
 8010 KLMGFME   -9.1138  -10.6847   -1.5709    0.5171
 8011 KLMGFMD  -10.1246  -11.3783   -1.2537    0.5171
 8012 KLMGFMD  -10.1246  -11.3783   -1.2537    0.5171
 8013 KLMGFMD  -10.1246  -11.3783   -1.2537    0.5171
 8014 KLMGIMD   -9.3557  -10.9137   -1.5580    0.5171
 8015 KLIGMMD  -10.4745  -12.0325   -1.5580    0.5171
 8016 KLIGMME   -9.4104  -11.2856   -1.8751    0.5171
 8017 KLIGMME   -9.4104  -11.2856   -1.8751    0.5171
 8018 KLMGMME   -9.4382  -11.7222   -2.2840    0.5171
 8019 KLMGFME   -9.1115  -10.6823   -1.5709    0.5171
 8020 ELMGFME   -2.7163   -5.0971   -2.3809    0.5171
 8021 MLEGFMD   -4.6029   -6.6667   -2.0637    0.5171
 8022 MLEGFMR   -1.9264   -6.8612   -4.9349    0.5171
 8023 MLEGFDM   -4.0860   -6.0383   -1.9523    0.5171
 8024 MLMGFDK   -6.4467   -7.8118   -1.3651    0.5171
 8025 DLMGFMK   -5.8684   -7.1222   -1.2537    0.5171
 8026 FLMGDMK   -4.2257   -5.4794   -1.2537    0.5171
 8027 FLKGADF   -2.5282   -4.4788   -1.9506    0.5171
 8028 FLKGAEF   -3.3420   -5.6097   -2.2677    0.5171
 8029 FLRGAEF   -1.6984   -7.3302   -5.6317    0.5171
 8030 LLRGADW   -0.8656   -8.2531   -7.3874    0.5171
 8031 LLKGADW   -3.7560   -7.7794   -4.0234    0.5171
 8032 LLKGADW   -3.7560   -7.7794   -4.0234    0.5171
 8033 KLLGADW   -3.6018   -7.6252   -4.0234    0.5171
 8034 KLIGDAW   -4.7881   -7.6932   -2.9051    0.5171
 8035 KLIGDAW   -4.7881   -7.6932   -2.9051    0.5171
 8036 KLVGDAW   -6.6495   -9.4489   -2.7994    0.5171
 8037 KLVGEAW   -6.8118   -9.9284   -3.1166    0.5171
 8038 KLVGDAW   -6.9796   -9.7790   -2.7994    0.5171
 8039 KLVGDAW   -6.9796   -9.7790   -2.7994    0.5171
 8040 KLVGADW   -7.1505   -9.8385   -2.6880    0.5171
 8041 KLVGADW   -7.1505   -9.8385   -2.6880    0.5171
 8042 KLVGAEW   -6.7196   -9.7247   -3.0051    0.5171
 8043 KLVGAEW   -6.7196   -9.7247   -3.0051    0.5171
 8044 VLKGEAW   -6.8941  -10.0107   -3.1166    0.5171
 8045 KLWGEAV   -7.6278  -10.7443   -3.1166    0.5171
 8046 KLWGDAV   -7.4382  -10.2376   -2.7994    0.5171
 8047 KLWGEAV   -8.8146  -11.9312   -3.1166    0.5171
 8048 KLWGEAV   -8.8146  -11.9312   -3.1166    0.5171
 8049 KLLGEAF   -6.7681  -11.1613   -4.3931    0.5171
 8050 KLLGEAF   -6.0420  -10.4351   -4.3931    0.5171
 8051 KLLGEAI   -6.3074  -10.9248   -4.6174    0.5171
 8052 ILLGEAK   -5.7176  -10.3350   -4.6174    0.5171
 8053 ILWGEGE   -7.9178  -10.4826   -2.5649    0.5171
 8054 ILWGEGD   -8.1664  -10.4141   -2.2477    0.5171
 8055 ILWGEGE   -7.9603  -10.5251   -2.5649    0.5171
 8056 ILWGEGD   -8.1803  -10.4280   -2.2477    0.5171
 8057 ILEGEGW   -6.1990   -8.6525   -2.4534    0.5171
 8058 LLWGEGE   -6.2212  -10.5758   -4.3546    0.5171
 8059 LLWGEGE   -6.2212  -10.5758   -4.3546    0.5171
 8060 FLLGEGE   -4.1713   -9.3871   -5.2157    0.5171
 8061 FLLGEGK   -4.3375   -8.7432   -4.4057    0.5171
 8062 FLLGEGK   -4.3375   -8.7432   -4.4057    0.5171
 8063 ELLGFGK   -3.6888   -7.9831   -4.2943    0.5171
 8064 LLEGFGK   -2.8811   -7.1754   -4.2943    0.5171
 8065 WLEGFGD   -6.3512   -8.2632   -1.9120    0.5171
 8066 WLKGFGD   -6.9292   -8.0312   -1.1020    0.5171
 8067 WLKGFGD   -6.9292   -8.0312   -1.1020    0.5171
 8068 WLKGFGD   -6.9292   -8.0312   -1.1020    0.5171
 8069 WLKGFGD   -6.9292   -8.0312   -1.1020    0.5171
 8070 FLKGFGD   -4.4009   -6.3641   -1.9631    0.5171
 8071 FLKGDGF   -2.2133   -4.1765   -1.9631    0.5171
 8072 FLKGDGF   -2.2133   -4.1765   -1.9631    0.5171
 8073 FLKGDGF   -2.2133   -4.1765   -1.9631    0.5171
 8074 FLDGEGF   -0.3686   -3.1418   -2.7731    0.5171
 8075 DLGEFGF    0.1856   -2.4761   -2.6617    0.5171
 8076 FLGFEGE   -2.8558   -5.9461   -3.0903    0.5171
 8077 FLGFEGE   -2.8558   -5.9461   -3.0903    0.5171
 8078 FLGFEGD   -3.8120   -6.5851   -2.7731    0.5171
 8079 FLGFEGD   -3.8120   -6.5851   -2.7731    0.5171
 8080 ELGFFGD   -3.4227   -6.1959   -2.7731    0.5171
 8081 DLGIMGD   -2.7524   -7.0259   -4.2734    0.5171
 8082 MLGWDGD   -6.0005   -9.1885   -3.1880    0.5171
 8083 MLGWDGD   -6.0005   -9.1885   -3.1880    0.5171
 8084 MLGWDGD   -6.0005   -9.1885   -3.1880    0.5171
 8085 MLGWDGD   -6.0005   -9.1885   -3.1880    0.5171
 8086 WLGMDGD   -5.4194   -8.6074   -3.1880    0.5171
 8087 WLGVDGD   -5.6039   -8.7973   -3.1934    0.5171
 8088 WLVGDGD   -5.7853   -9.0902   -3.3049    0.5171
 8089 WLMGEGD   -6.9404  -10.5570   -3.6166    0.5171
 8090 WLMGEGD   -6.9404  -10.5570   -3.6166    0.5171
 8091 ILWGEGD   -6.5858   -8.8336   -2.2477    0.5171
 8092 ILVGEGD   -5.5327  -10.2402   -4.7074    0.5171
 8093 ILIGEGK   -6.8643   -9.7046   -2.8403    0.5171
 8094 ELKGIGI   -6.3895   -9.0070   -2.6174    0.5171
 8095 ELKGIGF   -6.3350   -8.7282   -2.3931    0.5171
 8096 ELKGIGF   -6.3350   -8.7282   -2.3931    0.5171
 8097 ELKGIGF   -6.3350   -8.7282   -2.3931    0.5171
 8098 ELKGVGW   -6.3383   -9.2445   -2.9063    0.5171
 8099 ELKGVGW   -6.3383   -9.2445   -2.9063    0.5171
 8100 ELKGFGW   -3.5204   -4.8281   -1.3077    0.5171
 8101 FLKGEGW   -4.4931   -5.9123   -1.4191    0.5171
 8102 VLKGEGW   -6.3299   -9.3476   -3.0177    0.5171
 8103 VLEGKGW   -2.1101   -5.1278   -3.0177    0.5171
 8104 VLEGKGF   -1.8733   -5.7522   -3.8789    0.5171
 8105 VLGKFGE   -4.6106   -8.4895   -3.8789    0.5171
 8106 ELGKMAV   -3.6084   -9.1792   -5.5709    0.5171
 8107 ELGKMAW   -5.9640   -9.0751   -3.1111    0.5171
 8108 ELARMGW   -2.6453   -9.0090   -6.3637    0.5171
 8109 GLGKMDW   -4.6376   -7.2213   -2.5837    0.5171
 8110 GLGRMDW   -1.0135   -6.9612   -5.9477    0.5171
 8111 GLGKMWD   -4.5896   -7.2848   -2.6951    0.5171
 8112 GLGKMDM   -3.6971   -8.7351   -5.0380    0.5171
 8113 GLGKMDM   -3.6971   -8.7351   -5.0380    0.5171
 8114 GLGMMDK   -4.1415   -9.4024   -5.2609    0.5171
 8115 GLGIIDK   -5.8256   -8.3488   -2.5231    0.5171
 8116 GLGIFDE   -6.2741   -9.3830   -3.1089    0.5171
 8117 GLGIFDR   -2.9769   -8.6397   -5.6629    0.5171
 8118 GLIGFDD   -6.1527   -8.9444   -2.7917    0.5171
 8119 GLIGVDD   -5.3073   -9.6976   -4.3903    0.5171
 8120 GLIGVED   -5.1360   -9.8435   -4.7074    0.5171
 8121 GLIGVED   -5.1360   -9.8435   -4.7074    0.5171
 8122 GLMGVDD   -4.5990  -10.3581   -5.7591    0.5171
 8123 GLIGMDE   -6.0086  -10.7106   -4.7020    0.5171
 8124 GLIGMDD   -5.7513  -10.1361   -4.3849    0.5171
 8125 GLIGWDD   -6.8514   -8.7819   -1.9306    0.5171
 8126 GLIGFDD   -6.1258   -8.9175   -2.7917    0.5171
 8127 GLIGFKD   -7.1057   -9.4045   -2.2989    0.5171
 8128 GLIGWDK   -6.5746   -8.0123   -1.4377    0.5171
 8129 GLIGWDK   -6.5746   -8.0123   -1.4377    0.5171
 8130 GLIGWDD   -7.3931   -9.3236   -1.9306    0.5171
 8131 GLIGDDW   -6.2054   -8.1360   -1.9306    0.5171
 8132 GLIGDDW   -6.2054   -8.1360   -1.9306    0.5171
 8133 GLIGDEW   -6.0302   -8.2779   -2.2477    0.5171
 8134 GLIGWEE   -6.9521   -9.5169   -2.5649    0.5171
 8135 GLIGWEE   -6.7791   -9.3440   -2.5649    0.5171
 8136 GLIGWED   -7.0335   -9.2812   -2.2477    0.5171
 8137 GLIGEWK   -6.5218   -8.1652   -1.6434    0.5171
 8138 GLWGEIK   -7.1127   -8.7561   -1.6434    0.5171
 8139 GLKGIEW   -6.0414   -7.5734   -1.5320    0.5171
 8140 GLKGIDW   -5.8355   -7.0503   -1.2149    0.5171
 8141 GLKGIDW   -5.8355   -7.0503   -1.2149    0.5171
 8142 GLKGIEI   -5.9419   -8.5594   -2.6174    0.5171
 8143 GLKGIDI   -5.6957   -7.9959   -2.3003    0.5171
 8144 GLRGIDI   -4.8398  -10.5041   -5.6643    0.5171
 8145 GLRGIDW   -5.4389  -10.0177   -4.5789    0.5171
 8146 GLRGIDW   -5.4389  -10.0177   -4.5789    0.5171
 8147 GLKGIDW   -8.3603   -9.5752   -1.2149    0.5171
 8148 GLKGIDW   -8.3603   -9.5752   -1.2149    0.5171
 8149 GLKGIEW   -8.2279   -9.7599   -1.5320    0.5171
 8150 GLKGIEW   -8.2279   -9.7599   -1.5320    0.5171
 8151 GLKGIDW   -7.6839   -8.8988   -1.2149    0.5171
 8152 GLKGIDW   -7.6839   -8.8988   -1.2149    0.5171
 8153 GLKGIDW   -7.6839   -8.8988   -1.2149    0.5171
 8154 GLKGIEI   -6.9388   -9.5563   -2.6174    0.5171
 8155 GLKGIDI   -6.4760   -8.7762   -2.3003    0.5171
 8156 GLKGIDI   -6.4760   -8.7762   -2.3003    0.5171
 8157 GLIGIDK   -6.0908   -8.6140   -2.5231    0.5171
 8158 GLIGFDK   -6.1715   -8.4703   -2.2989    0.5171
 8159 GLIGMDK   -4.7085   -8.6005   -3.8920    0.5171
 8160 GLIGWDE   -6.5557   -8.8034   -2.2477    0.5171
 8161 GLIGFDE   -6.0309   -9.1398   -3.1089    0.5171
 8162 GLIGFDE   -6.0309   -9.1398   -3.1089    0.5171
 8163 GLGIFDE   -5.8451   -8.9540   -3.1089    0.5171
 8164 GLGIEKF   -5.4326   -7.9371   -2.5046    0.5171
 8165 GLGIEDF   -5.6601   -8.6575   -2.9974    0.5171
 8166 GLGIEDI   -5.1411   -8.3629   -3.2217    0.5171
 8167 GLGIEID   -6.3517   -9.4619   -3.1103    0.5171
 8168 GLGIDIE   -5.1582   -8.2685   -3.1103    0.5171
 8169 GLGIDIE   -5.1557   -8.2659   -3.1103    0.5214
 8170 GLGIEIK   -6.2637   -8.8811   -2.6174    0.5214
 8171 GLGIEIK   -6.2637   -8.8811   -2.6174    0.5214
 8172 GLGIEDI   -5.8762   -9.0980   -3.2217    0.5214
 8173 GLGWEEI   -4.1844   -6.6378   -2.4534    0.5214
 8174 GLGWIEE   -3.3525   -5.9173   -2.5649    0.5214
 8175 GLGIWED   -6.8653   -9.1131   -2.2477    0.5214
 8176 GLGWIED   -3.9488   -6.1965   -2.2477    0.5214
 8177 GLGWVDD   -3.4172   -6.7221   -3.3049    0.5214
 8178 GLGIVED   -5.2609   -9.9683   -4.7074    0.5214
 8179 GLGIVDD   -5.2609   -9.6511   -4.3903    0.5214
 8180 GLGIWDD   -7.9348   -9.8654   -1.9306    0.5214
 8181 GLGIWDD   -7.9348   -9.8654   -1.9306    0.5214
 8182 GLGIWED   -7.9954  -10.2431   -2.2477    0.5214
 8183 GLGIWEK   -7.7357   -9.4905   -1.7549    0.5214
 8184 GLGIMEK   -5.6162   -9.8253   -4.2091    0.5214
 8185 GLGMMED   -4.3888  -10.4596   -6.0709    0.5214
 8186 GLGIIED   -6.1341   -9.4673   -3.3331    0.5214
 8187 GLGVMEK   -3.9226   -9.5060   -5.5834    0.5214
 8188 GLGVIEK   -4.1479   -8.3625   -4.2146    0.5214
 8189 GLGKIMD   -3.9835   -7.7641   -3.7806    0.5214
 8190 GLGKFMD   -4.4105   -7.9668   -3.5563    0.5214
 8191 MLGKIGE   -1.0625   -5.1602   -4.0977    0.5214
 8192 GLGKEMI   -2.0619   -6.2710   -4.2091    0.5214
 8193 GLGKFEI   -3.5629   -5.9560   -2.3931    0.5214
 8194 GLGKFEW   -4.3460   -5.6537   -1.3077    0.5214
 8195 GLGKMDW   -3.8631   -6.4468   -2.5837    0.5214
 8196 GLGDMKW   -1.8263   -4.4100   -2.5837    0.5214
 8197 KLGDMAW   -1.5386   -4.3326   -2.7940    0.5214
 8198 MLGDMAK   -1.1863   -6.4346   -5.2483    0.5214
 8199 DLVMVAK   -6.2566   -8.4446   -2.1880    0.5214
 8200 DLVKVAM   -6.4761   -8.5526   -2.0766    0.5214
 8201 VLMEMDV   -4.9429   -8.8366   -3.8937    0.5214
 8202 YLMMEGD   -2.0818   -5.7963   -3.7146    0.5214
 8203 YLMMEGD   -2.0818   -5.7963   -3.7146    0.5214
 8204 YLMWEGE   -2.5563   -6.0537   -3.4974    0.5214
 8205 GLMDWGK   -2.9257   -5.6208   -2.6951    0.5214
 8206 KLMEWGG   -6.7209   -9.8446   -3.1237    0.5214
 8207 WLKMEGG   -3.6811   -6.8048   -3.1237    0.5214
 8208 WLKMEGG   -3.9068   -7.0306   -3.1237    0.5214
 8209 WLKEMGG   -4.0209   -7.2561   -3.2351    0.5214
 8210 WLKEFGG   -5.1965   -6.8385   -1.6420    0.5214
 8211 WLKDIGG   -2.7872   -4.3363   -1.5491    0.5214
 8212 KLVIDGG   -5.4666   -9.4754   -4.0089    0.5214
 8213 KLVIDGY   -6.2969   -7.7266   -1.4297    0.5214
 8214 MLVKEGY   -7.1206  -10.3477   -3.2271    0.5214
 8215 MLVKEGF  -10.2185  -11.8262   -1.6077    0.5214
 8216 MLEVEGF   -8.4376  -10.6325   -2.1949    0.5214
 8217 MLKVDGF  -10.3725  -11.4403   -1.0677    0.5214
 8218 MLKVFGD  -10.9318  -12.1109   -1.1791    0.5214
 8219 MLKVFGD  -10.9318  -12.1109   -1.1791    0.5214
 8220 MLKVFGD  -10.9318  -12.1109   -1.1791    0.5214
 8221 MLKVFGD  -10.9318  -12.1109   -1.1791    0.5214
 8222 MLKVFGD  -10.9318  -12.1109   -1.1791    0.5214
 8223 MLKVFGD  -10.9318  -12.1109   -1.1791    0.5214
 8224 MLKVFGD  -10.9318  -12.1109   -1.1791    0.5214
 8225 MLKVFGD  -10.9318  -12.1109   -1.1791    0.5214
 8226 LLKVMGD   -8.0093  -10.7224   -2.7131    0.5214
 8227 LLKVMGD   -8.0093  -10.7224   -2.7131    0.5214
 8228 LLKVMGD   -8.0093  -10.7224   -2.7131    0.5214
 8229 ALKVMGD   -4.8484  -10.1021   -5.2537    0.5214
 8230 ALKVDGL   -4.4491  -10.0122   -5.5631    0.5214
 8231 ALKVDGL   -4.4491  -10.0122   -5.5631    0.5214
 8232 VLKVDGL   -7.2964   -9.8236   -2.5271    0.5214
 8233 GLKVDVL   -6.6122   -9.1393   -2.5271    0.5214
 8234 GLKVDML   -5.8418   -8.4435   -2.6017    0.5214
 8235 GLKVDVM   -8.7036  -10.5699   -1.8663    0.5214
 8236 GLKVVDM   -9.5906  -11.4569   -1.8663    0.5214
 8237 GLKVEVM   -9.6068  -11.7902   -2.1834    0.5214
 8238 GLKVEVM   -9.6068  -11.7902   -2.1834    0.5214
 8239 GLKVEVY   -8.2787  -11.2884   -3.0097    0.5214
 8240 GLKVEVY   -8.2787  -11.2884   -3.0097    0.5214
 8241 GLKVEVY   -8.2787  -11.2884   -3.0097    0.5214
 8242 GLLVEDY   -7.4260  -11.5668   -4.1409    0.5214
 8243 GLIVEDM   -8.0827  -10.4876   -2.4049    0.5214
 8244 GLMVIEE   -8.0549  -10.8883   -2.8334    0.5214
 8245 GLMVEIE   -8.9500  -11.5606   -2.6106    0.5214
 8246 GLMVEIE   -8.9500  -11.5606   -2.6106    0.5214
 8247 GLMVEID   -8.8374  -11.1308   -2.2934    0.5214
 8248 GLMVIED   -8.6054  -11.1217   -2.5163    0.5214
 8249 GLMVEMD   -8.2518  -11.0341   -2.7823    0.5214
 8250 MLMVEGD   -9.9204  -12.8141   -2.8937    0.5214
 8251 VLMVEGD   -8.9856  -11.8847   -2.8991    0.5214
 8252 GLLVEVD   -9.7884  -13.2370   -3.4486    0.5214
 8253 GLVVDLE   -7.1830  -10.6316   -3.4486    0.5214
 8254 GLVLDVE   -6.4289   -9.8774   -3.4486    0.5214
 8255 GLVLDVE   -6.4289   -9.8774   -3.4486    0.5214
 8256 GLLVDVE   -7.2710  -10.7196   -3.4486    0.5214
 8257 GLLVDVK   -7.3586   -9.9972   -2.6386    0.5214
 8258 GLLVDVK   -7.4873  -10.1258   -2.6386    0.5214
 8259 GLKVDVM   -7.7697   -9.6360   -1.8663    0.5214
 8260 GLKVMVD   -8.6205  -10.5982   -1.9777    0.5214
 8261 GLDVDIV   -4.6891   -6.4794   -1.7903    0.5214
 8262 GLDVVDI   -6.5882   -8.3785   -1.7903    0.5214
 8263 GLDVMKI   -7.4277   -8.7997   -1.3720    0.5214
 8264 GLDVMDI   -6.3487   -8.2135   -1.8649    0.5214
 8265 GLKVMDI  -10.1119  -11.4839   -1.3720    0.5214
 8266 GLKVVDL   -9.1769  -11.7040   -2.5271    0.5214
 8267 GLKVDVL   -7.8208  -10.3480   -2.5271    0.5214
 8268 GLLVDVD   -7.8232  -10.9546   -3.1314    0.5214
 8269 DLLVEVG   -6.2129   -9.6615   -3.4486    0.5214
 8270 DLLVEVG   -6.2129   -9.6615   -3.4486    0.5214
 8271 GLLVEVE   -8.3076  -12.0733   -3.7657    0.5214
 8272 ELLVVGK   -7.4463  -10.5135   -3.0671    0.5214
 8273 ELLVVGK   -7.4463  -10.5135   -3.0671    0.5214
 8274 ELMVVGE   -6.2895   -9.5057   -3.2163    0.5214
 8275 MLVVEGE   -8.4961  -11.7124   -3.2163    0.5214
 8276 MLIVEGE   -9.4142  -12.1362   -2.7220    0.5214
 8277 MLIEEGV   -7.4421  -10.1641   -2.7220    0.5214
 8278 MLIEEGM   -6.8862   -9.6828   -2.7966    0.5214
 8279 MLVEEGM   -6.5405   -9.7514   -3.2109    0.5214
 8280 MLMEMGE   -6.0889   -9.1829   -3.0940    0.5214
 8281 MLLEMGE   -5.9727   -9.8876   -3.9149    0.5214
 8282 MLLEMGE   -5.9727   -9.8876   -3.9149    0.5214
 8283 VLLEDGM   -4.4459   -8.0805   -3.6346    0.5214
 8284 VLMEEGL   -4.7875   -8.7392   -3.9517    0.5214
 8285 VLMEEGL   -4.7875   -8.7392   -3.9517    0.5214
 8286 ILMEAGE   -3.9636   -8.9702   -5.0066    0.5214
 8287 MLIGEAE   -5.8037  -10.8102   -5.0066    0.5214
 8288 MLWGEAE   -6.4668  -10.3880   -3.9211    0.5214
 8289 ILFGDAE   -4.5248   -7.6211   -3.0963    0.5214
 8290 ILGFEAE   -5.4356   -8.7376   -3.3020    0.5214
 8291 ILGFEAE   -5.4356   -8.7376   -3.3020    0.5214
 8292 ILGEEAF   -3.8916   -7.4164   -3.5249    0.5214
 8293 ALGEEVF   -2.6974   -7.5965   -4.8991    0.5214
 8294 ALGEEMF   -1.6173   -6.5110   -4.8937    0.5214
 8295 ALKGEFF   -3.6199   -5.9990   -2.3791    0.5214
 8296 ALKGEFF   -3.6199   -5.9990   -2.3791    0.5214
 8297 ALKGEYW   -3.3736   -7.3110   -3.9374    0.5214
 8298 ALKGWEY   -5.4903   -9.3163   -3.8260    0.5214
 8299 ALKGWEY   -5.4903   -9.3163   -3.8260    0.5214
 8300 ALKGWEY   -5.4903   -9.3163   -3.8260    0.5214
 8301 ALKGWEY   -5.4903   -9.3163   -3.8260    0.5214
 8302 ALKGWEY   -5.4903   -9.3163   -3.8260    0.5214
 8303 ALKGMEV   -5.8394  -11.2988   -5.4594    0.5214
 8304 ALKGEVV   -4.7192  -10.2955   -5.5763    0.5214
 8305 FLKGEVV   -7.2498   -8.6715   -1.4217    0.5214
 8306 FLKGEVV   -7.2498   -8.6715   -1.4217    0.5214
 8307 ELKGFVV   -6.4363   -7.8580   -1.4217    0.5214
 8308 DLKGFVV   -5.4424   -6.5470   -1.1046    0.5214
 8309 ELEGFVV   -3.0650   -5.2967   -2.2317    0.5214
 8310 ELEGFVV   -3.0650   -5.2967   -2.2317    0.5214
 8311 ELEGWVV   -1.6036   -5.4941   -3.8906    0.5214
 8312 ELEGFVM   -3.3953   -5.7015   -2.3063    0.5214
 8313 DLKGFVM   -6.4332   -7.6123   -1.1791    0.5214
 8314 MLKGDVF   -8.4625   -9.6417   -1.1791    0.5214
 8315 MLKGDVF   -8.4625   -9.6417   -1.1791    0.5214
 8316 MLKGEVF   -9.0905  -10.5867   -1.4963    0.5214
 8317 MLKGEVF   -9.0905  -10.5867   -1.4963    0.5214
 8318 MLVGEKF   -7.4133   -9.0210   -1.6077    0.5214
 8319 MLVGEKF   -7.4133   -9.0210   -1.6077    0.5214
 8320 MLVGEEL   -5.3556   -9.3073   -3.9517    0.5214
 8321 MLDGEML   -2.2085   -5.8062   -3.5977    0.5214
 8322 LLDGMDM   -0.1420   -3.3111   -3.1691    0.5214
 8323 ALKGWDY   -3.9063   -7.4151   -3.5089    0.5214
 8324 ALKGWDY   -3.9063   -7.4151   -3.5089    0.5214
 8325 ALKGWDM   -6.6625   -9.3451   -2.6826    0.5214
 8326 ALKGWDM   -6.6573   -9.3399   -2.6826    0.5214
 8327 ALKGWDM   -6.6573   -9.3399   -2.6826    0.5214
 8328 ALKGWEM   -6.6320   -9.6317   -2.9997    0.5214
 8329 ALKGWEM   -6.6320   -9.6317   -2.9997    0.5214
 8330 MLKGVEA   -5.9719  -11.4313   -5.4594    0.5214
 8331 MLKGYDV   -5.5465   -8.2336   -2.6871    0.5214
 8332 MLKGVDY   -5.0280   -7.7151   -2.6871    0.5214
 8333 MLKGMDY   -4.8576   -7.5393   -2.6817    0.5214
 8334 MLKGMDV   -7.7181   -9.5790   -1.8609    0.5214
 8335 MLKGVEM   -9.1421  -11.3201   -2.1780    0.5214
 8336 MLKGVEM   -9.1421  -11.3201   -2.1780    0.5214
 8337 MLKGMEV  -10.0129  -12.1909   -2.1780    0.5214
 8338 MLKGMEV  -10.0129  -12.1909   -2.1780    0.5214
 8339 MLKGMEV  -10.0129  -12.1909   -2.1780    0.5214
 8340 MLKGMEM   -9.5652  -11.7378   -2.1726    0.5214
 8341 MLKGVEM   -9.1693  -11.3473   -2.1780    0.5214
 8342 MLKGVEM   -9.1693  -11.3473   -2.1780    0.5214
 8343 ALKGVEF   -6.3708  -10.2371   -3.8663    0.5214
 8344 ALKGFEV   -6.4126  -10.2789   -3.8663    0.5214
 8345 ALKGFEI   -6.9887   -9.4807   -2.4920    0.5214
 8346 ALEGFKI   -6.1312   -8.6232   -2.4920    0.5214
 8347 ALEGFIK   -4.1024   -6.7058   -2.6034    0.5214
 8348 ALIGWED   -5.8190   -9.6456   -3.8266    0.5214
 8349 ALIGDKM   -5.3502   -9.3410   -3.9909    0.5214
 8350 ALIGDKM   -5.3502   -9.3410   -3.9909    0.5214
 8351 GLIGDMK   -5.1528   -8.9333   -3.7806    0.5214
 8352 GLIGDMD   -4.8553   -9.1287   -4.2734    0.5214
 8353 VLIGDAD   -4.6197   -8.9974   -4.3777    0.5214
 8354 MLIGDAD   -4.9922   -9.3645   -4.3723    0.5214
 8355 LLIGDAD   -4.5572   -9.3504   -4.7931    0.5214
 8356 LLGIDAD   -3.9931   -8.6748   -4.6817    0.5214
 8357 ALGIELD   -4.9495   -9.9483   -4.9989    0.5214
 8358 ALGIELD   -4.9495   -9.9483   -4.9989    0.5214
 8359 ALGIELD   -4.9495   -9.9483   -4.9989    0.5214
 8360 ALGIELD   -4.9495   -9.9483   -4.9989    0.5214
 8361 ALIGEIE   -5.4195   -9.0572   -3.6377    0.5214
 8362 ALIGEEI   -6.2799  -10.0291   -3.7491    0.5214
 8363 ALMGEEI   -4.9772  -10.0952   -5.1180    0.5214
 8364 ALMGEEI   -4.9772  -10.0952   -5.1180    0.5214
 8365 ALMGEEW   -4.4114   -8.4440   -4.0326    0.5214
 8366 ALMGEDY   -2.0342   -9.0302   -6.9960    0.5214
 8367 ALMGEDM   -3.1891   -9.3589   -6.1697    0.5214
 8368 ALMGEKM   -4.6289  -10.3057   -5.6769    0.5214
 8369 MLEGMKA   -2.8968   -8.3508   -5.4540    0.5214
 8370 MLEGMKA   -2.8960   -8.3500   -5.4540    0.5202
 8371 MLEGWKA   -5.4139   -8.4136   -2.9997    0.5202
 8372 MLEGWKA   -5.3553   -8.3550   -2.9997    0.5202
 8373 MLKGWEA   -7.2629  -10.2627   -2.9997    0.5202
 8374 MLKGWDM   -5.9086   -8.7098   -2.8011    0.5202
 8375 MLKGDMW   -5.9062   -8.8188   -2.9126    0.5202
 8376 MLKGDAW   -5.8522   -8.6462   -2.7940    0.5202
 8377 MLKGDAW   -5.8522   -8.6462   -2.7940    0.5202
 8378 MLWGEAD   -6.8386  -10.4426   -3.6040    0.5202
 8379 MLWGEAD   -6.8386  -10.4426   -3.6040    0.5202
 8380 MLWGEAD   -6.8386  -10.4426   -3.6040    0.5202
 8381 MLWGEAD   -6.8386  -10.4426   -3.6040    0.5202
 8382 MLWGEAD   -6.8386  -10.4426   -3.6040    0.5202
 8383 MLWGEGD   -5.9161   -9.5327   -3.6166    0.5202
 8384 GLWGEGD   -2.4446   -9.2437   -6.7991    0.5202
 8385 FLWGEGK   -6.9936   -8.5241   -1.5306    0.5202
 8386 WLKGEGW   -4.0414   -6.8394   -2.7980    0.5202
 8387 KLWGWGE   -3.5961   -6.3941   -2.7980    0.5202
 8388 KLWGFGE   -6.9229   -8.3420   -1.4191    0.5202
 8389 KLFGWGD   -7.4687   -8.5707   -1.1020    0.5202
 8390 FLKGWGE   -6.2639   -7.6830   -1.4191    0.5202
 8391 FLKGWGD   -6.8292   -7.9312   -1.1020    0.5202
 8392 KLEGWGV   -4.4663   -7.3725   -2.9063    0.5202
 8393 KLEGWGV   -4.4663   -7.3725   -2.9063    0.5202
 8394 KLLGEGV   -6.2416  -12.1345   -5.8929    0.5202
 8395 KLVGEWV   -5.9248   -9.0054   -3.0806    0.5202
 8396 KLVGEWV   -5.9248   -9.0054   -3.0806    0.5202
 8397 KLVGEWV   -5.9248   -9.0054   -3.0806    0.5202
 8398 KLVGEWV   -5.9248   -9.0054   -3.0806    0.5202
 8399 KLVGEWV   -5.9248   -9.0054   -3.0806    0.5202
 8400 KLVGEMV   -8.0915  -10.3863   -2.2949    0.5202
 8401 KLMGVEF   -7.1401   -8.5250   -1.3849    0.5202
 8402 KLMGVEF   -7.1401   -8.5250   -1.3849    0.5202
 8403 KLMGVEF   -7.1401   -8.5250   -1.3849    0.5202
 8404 KLMGVEF   -7.1401   -8.5250   -1.3849    0.5202
 8405 ELMGVEI   -4.9499   -7.4490   -2.4991    0.5202
 8406 RLMGYEI   -3.0604   -8.0544   -4.9940    0.5202
 8407 KLIGYEM   -7.5540   -9.1840   -1.6300    0.5202
 8408 KLIGYEM   -7.5540   -9.1840   -1.6300    0.5202
 8409 KLIGMEY   -8.0815   -9.7116   -1.6300    0.5202
 8410 KLIGMEY   -8.0815   -9.7116   -1.6300    0.5202
 8411 KLLGMEY   -5.8861   -9.3058   -3.4197    0.5202
 8412 KLLGMEY   -5.8861   -9.3058   -3.4197    0.5202
 8413 KLLGEMV   -6.5038   -9.5341   -3.0303    0.5202
 8414 KLGLMEV   -6.7701   -9.6890   -2.9189    0.5202
 8415 KLGVMDV   -7.7919   -9.6582   -1.8663    0.5202
 8416 KLGLMMD   -6.2190   -9.0067   -2.7877    0.5202
 8417 KLGLMEM   -5.2762   -8.2696   -2.9934    0.5202
 8418 KLGMMEL   -4.9901   -7.9835   -2.9934    0.5202
 8419 KLGLVEM   -4.1285   -7.0474   -2.9189    0.5202
 8420 KLGVMME   -5.6601   -7.9495   -2.2894    0.5202
 8421 KLGVMME   -5.6601   -7.9495   -2.2894    0.5202
 8422 KLGVMME   -5.6601   -7.9495   -2.2894    0.5202
 8423 KLGVMEM   -6.0876   -8.2656   -2.1780    0.5202
 8424 KLGVMEM   -6.0876   -8.2656   -2.1780    0.5202
 8425 KLMVMEG   -7.8775  -10.2784   -2.4009    0.5202
 8426 KLGMMEM   -6.6117   -8.7843   -2.1726    0.5202
 8427 KLGMEMA   -2.8436   -8.2976   -5.4540    0.5202
 8428 KLGIDMV   -6.2211   -7.5931   -1.3720    0.5202
 8429 KLGIDMV   -6.2211   -7.5931   -1.3720    0.5202
 8430 KLGVDIM   -3.2238   -4.5958   -1.3720    0.5202
 8431 KLGIDVV   -4.8111   -6.1085   -1.2974    0.5202
 8432 KLGIEVV   -5.8019   -7.4164   -1.6146    0.5202
 8433 ELGIKVV   -1.5782   -3.1928   -1.6146    0.5202
 8434 ELGIMVK   -5.0533   -6.8539   -1.8006    0.5202
 8435 ELLGMVK   -6.1781   -9.2084   -3.0303    0.5202
 8436 ELIGMVK   -7.0605   -8.8610   -1.8006    0.5202
 8437 ELGFMVK   -4.4361   -5.9324   -1.4963    0.5202
 8438 ELGFMVK   -4.4361   -5.9324   -1.4963    0.5202
 8439 ELIGMVD   -6.4607   -8.7542   -2.2934    0.5202
 8440 DLIGMVR   -4.9889   -9.8364   -4.8474    0.5202
 8441 DLGVMIK   -6.4866   -7.9701   -1.4834    0.5202
 8442 DLGKMIV   -5.7187   -7.2022   -1.4834    0.5202
 8443 DLGKMIV   -5.5956   -7.0790   -1.4834    0.5202
 8444 DLGKIVV   -5.2710   -6.6798   -1.4089    0.5202
 8445 DLGKIVV   -5.2710   -6.6798   -1.4089    0.5202
 8446 DLGKVVM   -5.4661   -7.4438   -1.9777    0.5202
 8447 DLGKVVM   -5.1055   -7.0832   -1.9777    0.5202
 8448 DLGVVKM   -5.5488   -7.4151   -1.8663    0.5202
 8449 DLGMVKI   -6.0882   -7.4602   -1.3720    0.5202
 8450 DLGMIVK   -5.4249   -6.9084   -1.4834    0.5202
 8451 DLGVIVK   -5.4708   -6.8796   -1.4089    0.5202
 8452 KLGDIVV   -4.6405   -6.0494   -1.4089    0.5202
 8453 KLGIEVV   -8.1811   -9.7957   -1.6146    0.5202
 8454 KLGIVDV   -6.8791   -8.1765   -1.2974    0.5202
 8455 KLGIDVV   -7.7117   -9.0091   -1.2974    0.5202
 8456 KLGIDVV   -7.7117   -9.0091   -1.2974    0.5202
 8457 KLGIVVD   -8.5713   -9.9801   -1.4089    0.5202
 8458 KLGIVVD   -8.5713   -9.9801   -1.4089    0.5202
 8459 KLGIVVD   -8.5713   -9.9801   -1.4089    0.5202
 8460 KLGIVVD   -8.5713   -9.9801   -1.4089    0.5202
 8461 KLGIVVD   -8.5713   -9.9801   -1.4089    0.5202
 8462 DLGIVVK   -7.2955   -8.7044   -1.4089    0.5202
 8463 DLGVVID   -5.3107   -7.2124   -1.9017    0.5202
 8464 ELGVVKI   -6.3896   -8.0041   -1.6146    0.5202
 8465 ELGVIKV   -5.3783   -6.9929   -1.6146    0.5202
 8466 ELGMIKV   -4.7810   -6.4702   -1.6891    0.5202
 8467 DLGMWKV   -3.2667   -5.9932   -2.7266    0.5202
 8468 MLGMWKD   -3.8071   -6.8311   -3.0240    0.5202
 8469 MLGKWAE   -3.8352   -6.9463   -3.1111    0.5202
 8470 MLGKWAE   -3.8352   -6.9463   -3.1111    0.5202
 8471 MLGKWAE   -3.8352   -6.9463   -3.1111    0.5202
 8472 MLGKWAE   -3.8352   -6.9463   -3.1111    0.5202
 8473 KLGMWAE   -6.3751   -9.4862   -3.1111    0.5202
 8474 KLGMWAE   -6.3751   -9.4862   -3.1111    0.5202
 8475 KLMGWDA   -6.4989   -9.1815   -2.6826    0.5202
 8476 KLMGWDV   -6.5046   -9.2312   -2.7266    0.5202
 8477 KLIGWDV   -5.2598   -9.7375   -4.4777    0.5202
 8478 KLYGWDV   -5.0113   -7.0842   -2.0729    0.5202
 8479 KLVGWDV   -6.4784   -9.1304   -2.6520    0.5202
 8480 KLVGDFV   -7.7117   -8.8163   -1.1046    0.5202
 8481 KLVGFDV   -7.1882   -8.1813   -0.9931    0.5202
 8482 KLVGFVD   -9.7139  -10.8185   -1.1046    0.5202
 8483 KLVGFVD   -9.7139  -10.8185   -1.1046    0.5202
 8484 KLVGFVD   -9.7139  -10.8185   -1.1046    0.5202
 8485 KLVGFVD   -9.7139  -10.8185   -1.1046    0.5202
 8486 KLVGFVD   -9.7139  -10.8185   -1.1046    0.5202
 8487 KLVGFVD   -9.7139  -10.8185   -1.1046    0.5202
 8488 KLVGFVE   -9.1545  -10.5762   -1.4217    0.5202
 8489 KLFGVVE   -8.3292   -9.7509   -1.4217    0.5202
 8490 KLFGVVD   -8.8241   -9.9287   -1.1046    0.5202
 8491 KLVGVFD   -8.3245   -9.4291   -1.1046    0.5202
 8492 KLVGVFD   -8.3245   -9.4291   -1.1046    0.5202
 8493 KLVGVFD   -8.3245   -9.4291   -1.1046    0.5202
 8494 KLVGVFD   -8.3245   -9.4291   -1.1046    0.5202
 8495 ELVGVDF   -3.7575   -5.5606   -1.8031    0.5202
 8496 ELVGVDF   -3.4545   -5.2577   -1.8031    0.5202
 8497 KLVGVEF   -5.2835   -6.5938   -1.3103    0.5202
 8498 KLVGIEF   -2.8419   -5.9779   -3.1360    0.5202
 8499 ELMGIEF   -2.4190   -6.4396   -4.0206    0.5202
 8500 GLMGEEI   -3.4317   -8.4508   -5.0191    0.5202
 8501 MLGGEEM   -0.8314   -7.3308   -6.4994    0.5202
 8502 MLGVMEE   -6.4563   -9.6672   -3.2109    0.5202
 8503 MLGVMKE   -6.3469   -8.7478   -2.4009    0.5202
 8504 MLGVMKE   -6.3469   -8.7478   -2.4009    0.5202
 8505 ELGVMKL   -4.4367   -7.3555   -2.9189    0.5202
 8506 ELGVMKL   -5.9983   -8.9171   -2.9189    0.5202
 8507 ELGVMKL   -5.9983   -8.9171   -2.9189    0.5202
 8508 KLGVMEV   -7.4567   -9.6401   -2.1834    0.5202
 8509 KLGVMEV   -7.4567   -9.6401   -2.1834    0.5202
 8510 KLGVWEV   -6.8589   -9.8281   -2.9691    0.5202
 8511 KLGVWDV   -6.8833   -9.5353   -2.6520    0.5202
 8512 KLGVWDV   -6.8833   -9.5353   -2.6520    0.5202
 8513 KLAVMDV   -8.1222  -10.1988   -2.0766    0.5202
 8514 KLAVMDV   -8.1222  -10.1988   -2.0766    0.5202
 8515 KLAVMDV   -8.1222  -10.1988   -2.0766    0.5202
 8516 KLVADMV   -4.1444   -6.2210   -2.0766    0.5202
 8517 KLVVYAD   -7.4082  -10.4225   -3.0143    0.5202
 8518 KLVVYAD   -7.4082  -10.4225   -3.0143    0.5202
 8519 KLVVDAY   -5.6557   -8.5586   -2.9029    0.5202
 8520 KLVIDGY   -6.4404   -7.8701   -1.4297    0.5202
 8521 ELIVDGY   -5.2948   -7.5345   -2.2397    0.5202
 8522 VLIDDGY   -2.8209   -4.8549   -2.0340    0.5202
 8523 DLIVYGD   -5.8338   -7.8678   -2.0340    0.5202
 8524 ILKVYGD   -8.4953   -9.9251   -1.4297    0.5202
 8525 ILEKYGV   -6.0621   -7.8089   -1.7469    0.5202
 8526 VLEKYGI   -5.5341   -7.2810   -1.7469    0.5202
 8527 VLEKYGF   -6.1045   -7.6271   -1.5226    0.5202
 8528 VLEKMGF   -6.8787   -8.3750   -1.4963    0.5202
 8529 MLEKFGM   -7.3768   -8.9477   -1.5709    0.5202
 8530 MLEKFGM   -7.3768   -8.9477   -1.5709    0.5202
 8531 MLEKFGM   -7.3768   -8.9477   -1.5709    0.5202
 8532 MLEKFGM   -7.3768   -8.9477   -1.5709    0.5202
 8533 MLEEFGM   -3.9127   -6.2936   -2.3809    0.5202
 8534 MLDFEGM   -2.5156   -4.4679   -1.9523    0.5202
 8535 MLDLMGE   -4.4092   -8.0069   -3.5977    0.5202
 8536 MLDLMGE   -4.4092   -8.0069   -3.5977    0.5202
 8537 MLDVMGD   -5.4433   -7.9084   -2.4651    0.5202
 8538 MLMVDGD   -8.4105  -10.9870   -2.5766    0.5202
 8539 LLVMDGD   -6.5203   -9.8377   -3.3174    0.5202
 8540 LLVVDGK   -7.1937   -9.9437   -2.7500    0.5202
 8541 LLVVDGK   -7.1937   -9.9437   -2.7500    0.5202
 8542 LLVVEGK   -8.2649  -11.3320   -3.0671    0.5202
 8543 LLMVEGK   -8.0085  -11.1502   -3.1417    0.5202
 8544 LLMVEGD   -8.1437  -11.7782   -3.6346    0.5202
 8545 LLMVEGD   -8.1437  -11.7782   -3.6346    0.5202
 8546 LLMVEGK   -7.7570  -10.8987   -3.1417    0.5202
 8547 LLMVEGK   -7.7570  -10.8987   -3.1417    0.5202
 8548 KLMVDGV   -9.3843  -11.3620   -1.9777    0.5202
 8549 KLMVDGV   -9.3843  -11.3620   -1.9777    0.5202
 8550 MLKVMGD   -9.8498  -11.8221   -1.9723    0.5202
 8551 MLKVMGD   -9.8498  -11.8221   -1.9723    0.5202
 8552 MLKVMGD   -9.8498  -11.8221   -1.9723    0.5202
 8553 ILKVMGD   -9.5995  -11.0830   -1.4834    0.5202
 8554 VLKIMGD   -9.2988  -10.7823   -1.4834    0.5202
 8555 VLKDMGI   -6.9240   -8.4074   -1.4834    0.5202
 8556 VLKDMGI   -6.9240   -8.4074   -1.4834    0.5202
 8557 KLDVFGM   -6.5547   -7.6224   -1.0677    0.5202
 8558 KLDVFGM   -6.5547   -7.6224   -1.0677    0.5202
 8559 KLMVFGK   -4.1754   -6.2531   -2.0777    0.5202
 8560 ELMVFGK   -7.9520   -9.5597   -1.6077    0.5202
 8561 ELMVFGD   -7.5584   -9.6590   -2.1006    0.5202
 8562 FLMVEGD   -7.8647   -9.9653   -2.1006    0.5202
 8563 ELMVFGR   -4.9877   -9.9594   -4.9717    0.5202
 8564 LLMVDGD   -7.5430  -10.8605   -3.3174    0.5202
 8565 LLMVDGE   -6.8827  -10.5173   -3.6346    0.5202
 8566 ILMVEGE   -8.3317  -11.0537   -2.7220    0.5202
 8567 ILMVEGD   -9.4781  -11.8830   -2.4049    0.5202
 8568 ILMVEGD   -9.4781  -11.8830   -2.4049    0.5202
 8569 VLMVDGD   -8.1672  -10.7492   -2.5820    0.5202
 8570 MLMVDGE   -8.1006  -10.9943   -2.8937    0.5202
 8571 MLMVDGE   -8.1491  -11.0428   -2.8937    0.5180
 8572 MLMVDGE   -8.1491  -11.0428   -2.8937    0.5180
 8573 MLMLEGD   -8.3018  -12.0109   -3.7091    0.5180
 8574 MLMLEGD   -8.3018  -12.0109   -3.7091    0.5180
 8575 MLMLEGD   -8.3018  -12.0109   -3.7091    0.5180
 8576 VLMLEGD   -7.2977  -10.9323   -3.6346    0.5180
 8577 VLMIEGD   -7.4679   -9.8728   -2.4049    0.5180
 8578 VLIAEGD   -5.8626  -10.6689   -4.8063    0.5180
 8579 GLMVEMD   -6.5146   -9.2969   -2.7823    0.5180
 8580 GLMVEDM   -8.4747  -11.3684   -2.8937    0.5180
 8581 GLMVEDM   -8.4747  -11.3684   -2.8937    0.5180
 8582 GLMVEDM   -8.4747  -11.3684   -2.8937    0.5180
 8583 GLMVMED   -6.5966   -9.6017   -3.0051    0.5180
 8584 GLIVMED   -7.4926  -10.0089   -2.5163    0.5180
 8585 GLIVMED   -7.4926  -10.0089   -2.5163    0.5180
 8586 GLLEMVD   -4.6535   -8.1766   -3.5231    0.5180
 8587 GLLMEVD   -4.2405   -7.7636   -3.5231    0.5180
 8588 GLLMVEK   -2.4275   -5.6806   -3.2531    0.5180
 8589 GLMLVDK   -4.9458   -7.8818   -2.9360    0.5180
 8590 KLMLMGD   -6.2885   -9.1877   -2.8991    0.5180
 8591 KLMLIGD   -3.7928   -8.4431   -4.6503    0.5180
 8592 ILLMKGD    0.6232   -4.0271   -4.6503    0.5180
 8593 KLLAMGD   -5.2133  -10.9939   -5.7806    0.5180
 8594 KLLLMGD   -5.9850  -11.8650   -5.8800    0.5180
 8595 KLLLMGD   -5.9850  -11.8650   -5.8800    0.5180
 8596 KLLLMGD   -5.9850  -11.8650   -5.8800    0.5180
 8597 KLMLMGD   -9.3893  -12.2884   -2.8991    0.5180
 8598 KLMVFGD  -10.6522  -11.9428   -1.2906    0.5180
 8599 KLMVFGD  -10.6522  -11.9428   -1.2906    0.5180
 8600 KLLVFGD   -8.1168  -12.3882   -4.2714    0.5180
 8601 KLLVFGD   -8.1168  -12.3882   -4.2714    0.5180
 8602 KLMVFGD   -9.3324  -10.6230   -1.2906    0.5180
 8603 KLMVFGD   -9.3324  -10.6230   -1.2906    0.5180
 8604 KLMVFGE   -8.7900  -10.3978   -1.6077    0.5180
 8605 KLIVFGE   -8.5223  -11.8812   -3.3589    0.5180
 8606 KLIVEGF   -7.5552  -10.8026   -3.2474    0.5180
 8607 KLVVEGF   -9.3921  -10.8138   -1.4217    0.5180
 8608 KLVVEGF   -9.3921  -10.8138   -1.4217    0.5180
 8609 VLKVEGF   -7.2793   -8.5896   -1.3103    0.5180
 8610 DLKVVGF   -5.1833   -6.1764   -0.9931    0.5180
 8611 DLKVVGF   -5.1833   -6.1764   -0.9931    0.5180
 8612 DLKVMGM   -6.6665   -8.5273   -1.8609    0.5180
 8613 DLKVMGM   -6.6665   -8.5273   -1.8609    0.5180
 8614 MLKVMGD   -9.9140  -11.8863   -1.9723    0.5180
 8615 MLKVMGD   -9.9140  -11.8863   -1.9723    0.5180
 8616 MLKVMGD   -9.9140  -11.8863   -1.9723    0.5180
 8617 MLKVMGE   -9.0970  -11.3864   -2.2894    0.5180
 8618 MLKVMGD   -9.6247  -11.5970   -1.9723    0.5180
 8619 KLMVMGD   -9.4529  -11.5366   -2.0837    0.5180
 8620 KLMVMGE   -9.2128  -11.6137   -2.4009    0.5180
 8621 KLMVMGE   -8.7401  -11.1409   -2.4009    0.5180
 8622 KLMVMGE   -8.7401  -11.1409   -2.4009    0.5180
 8623 KLMVMGD   -9.6635  -11.7472   -2.0837    0.5180
 8624 KLIVMGE  -10.3070  -12.2190   -1.9120    0.5180
 8625 KLIVMGD  -11.5374  -13.1322   -1.5949    0.5180
 8626 KLVVMGD  -10.7948  -12.8839   -2.0891    0.5180
 8627 MLMVKGD   -5.9733   -8.0570   -2.0837    0.5180
 8628 MLMVEGD   -9.2345  -12.1283   -2.8937    0.5180
 8629 MLMVEGD   -9.2345  -12.1283   -2.8937    0.5180
 8630 MLMIEGD   -8.5917  -11.0711   -2.4794    0.5180
 8631 GLMIEMD   -7.3627   -9.7307   -2.3680    0.5180
 8632 GLVIEMK   -7.6656   -9.4661   -1.8006    0.5180
 8633 GLMIEVD   -6.9816   -9.2750   -2.2934    0.5180
 8634 GLVIEVK   -8.2554   -9.9814   -1.7260    0.5180
 8635 GLVVEIK   -8.3402  -10.0662   -1.7260    0.5180
 8636 GLVVEKV   -9.2582  -11.6699   -2.4117    0.5180
 8637 GLVVEKL   -8.2055  -11.2727   -3.0671    0.5180
 8638 GLVVEKY   -7.8415  -11.0740   -3.2326    0.5180
 8639 GLVVEDV   -9.3156  -12.2202   -2.9046    0.5180
 8640 GLKVEVW   -7.3116  -10.2807   -2.9691    0.5180
 8641 KLVVEGW   -9.0798  -12.1603   -3.0806    0.5180
 8642 KLVVEGW   -9.0798  -12.1603   -3.0806    0.5180
 8643 KLVVEGY   -7.7700  -10.8912   -3.1211    0.5180
 8644 ILKVEGY   -8.3963  -10.0318   -1.6354    0.5180
 8645 KLIVDGY   -8.7200  -10.1498   -1.4297    0.5180
 8646 KLIVEGY   -8.9896  -10.7364   -1.7469    0.5180
 8647 KLIVEGV  -10.7163  -12.4423   -1.7260    0.5180
 8648 KLIVEGV  -10.7163  -12.4423   -1.7260    0.5180
 8649 ILKEVGV   -6.7169   -8.4429   -1.7260    0.5180
 8650 VLKEVGI   -7.1239   -8.8499   -1.7260    0.5180
 8651 ILMEKGV   -3.0216   -4.9336   -1.9120    0.5180
 8652 ILMEDGV   -4.9814   -7.3862   -2.4049    0.5180
 8653 ILVEDGM   -6.5058   -8.9107   -2.4049    0.5180
 8654 ELVMIGD   -6.4275   -8.8323   -2.4049    0.5180
 8655 ILVMDGK   -8.3226   -9.9174   -1.5949    0.5180
 8656 ILVMGEK   -6.9103   -8.9337   -2.0234    0.5180
 8657 MLVIGEK   -6.3112   -8.3346   -2.0234    0.5180
 8658 VLVIEEG   -7.9975  -10.7563   -2.7589    0.5180
 8659 VLIMEEG   -6.9835   -9.8170   -2.8334    0.5180
 8660 MLMVDEG   -6.3514   -9.3565   -3.0051    0.5180
 8661 GLMVDME   -6.3450   -9.1273   -2.7823    0.5180
 8662 GLMVDFK   -6.7192   -7.8983   -1.1791    0.5180
 8663 GLMVDVD   -7.9264  -10.3970   -2.4706    0.5180
 8664 GLMIEVD   -8.6386  -10.9321   -2.2934    0.5180
 8665 GLMIEVD   -8.6386  -10.9321   -2.2934    0.5180
 8666 GLMIDVD   -8.1249  -10.1012   -1.9763    0.5180
 8667 GLMVDVE   -8.1712  -10.9589   -2.7877    0.5180
 8668 ALKVDVM   -8.4728  -10.4379   -1.9651    0.5180
 8669 ALVVMED   -8.0176  -11.1271   -3.1094    0.5180
 8670 ALVVIEK   -5.9090   -9.6367   -3.7277    0.5180
 8671 ALVKEVI   -6.9362  -10.5525   -3.6163    0.5180
 8672 GLVKEVI   -8.0249   -9.8623   -1.8374    0.5180
 8673 KLVVEGI   -9.4476  -11.1736   -1.7260    0.5180
 8674 KLVEVGI   -8.2483   -9.8629   -1.6146    0.5180
 8675 KLVEVGI   -8.2483   -9.8629   -1.6146    0.5180
 8676 KLVIVGE   -8.5171  -10.3545   -1.8374    0.5180
 8677 KLVIVGE   -8.5171  -10.3545   -1.8374    0.5180
 8678 KLIVVGE  -10.8316  -12.6690   -1.8374    0.5180
 8679 KLIVEGV  -11.3170  -13.0430   -1.7260    0.5180
 8680 KLIVEGV  -11.3170  -13.0430   -1.7260    0.5180
 8681 KLIVEGV  -11.3170  -13.0430   -1.7260    0.5180
 8682 KLIVEGV  -11.3170  -13.0430   -1.7260    0.5180
 8683 KLIVEGV  -11.3170  -13.0430   -1.7260    0.5180
 8684 KLIVEGV  -11.3170  -13.0430   -1.7260    0.5180
 8685 KLIVVGE  -10.6915  -12.5289   -1.8374    0.5180
 8686 KLVVIGE   -8.0065   -9.8439   -1.8374    0.5180
 8687 KLVIEGV   -9.4585  -11.1845   -1.7260    0.5180
 8688 KLVLEGV   -9.9185  -12.8742   -2.9557    0.5180
 8689 KLLVEGV   -9.2772  -12.2329   -2.9557    0.5180
 8690 KLIVEGV  -10.9166  -12.6426   -1.7260    0.5180
 8691 KLIVEGV  -10.9166  -12.6426   -1.7260    0.5180
 8692 VLVIEGK   -7.5602   -9.3977   -1.8374    0.5180
 8693 KLVIVGD   -9.8750  -11.3953   -1.5203    0.5180
 8694 KLIVVGD   -9.9480  -11.4683   -1.5203    0.5180
 8695 KLIDVGV   -6.6286   -7.9261   -1.2974    0.5180
 8696 KLMDVGF   -5.6197   -6.6874   -1.0677    0.5180
 8697 KLMDVGW   -6.0565   -8.7831   -2.7266    0.5180
 8698 MLKDVGI   -5.7504   -7.2338   -1.4834    0.5180
 8699 MLRDVGI   -3.0067   -7.8541   -4.8474    0.5180
 8700 LLRDVGM   -1.0076   -7.0848   -6.0771    0.5180
 8701 MLRDVGL   -2.3581   -8.4352   -6.0771    0.5180
 8702 MLRDMGL   -2.6321   -8.7838   -6.1517    0.5180
 8703 MLRDMGM   -3.0118   -8.3427   -5.3309    0.5180
 8704 MLDRVGM   -2.4191   -7.7553   -5.3363    0.5180
 8705 MLDEYGI   -0.8531   -3.0874   -2.2343    0.5180
 8706 MLDRYGV   -1.4074   -7.5699   -6.1626    0.5180
 8707 MLDRYGV   -1.8316   -7.9942   -6.1626    0.5180
 8708 MLDRYGV   -1.9596   -8.1222   -6.1626    0.5180
 8709 MLDRYGV   -1.5387   -7.7012   -6.1626    0.5180
 8710 MLDRVGV   -3.9993   -9.3410   -5.3417    0.5180
 8711 MLDRVGV   -3.9993   -9.3410   -5.3417    0.5180
 8712 MLDVVGR   -1.7744   -7.1161   -5.3417    0.5180
 8713 MLDRVGV   -4.9674  -10.3091   -5.3417    0.5180
 8714 MLDRVGV   -4.9674  -10.3091   -5.3417    0.5180
 8715 MLDRVGV   -4.9674  -10.3091   -5.3417    0.5180
 8716 MLDRVGV   -4.9674  -10.3091   -5.3417    0.5180
 8717 MLDKVGI   -4.3698   -5.8532   -1.4834    0.5180
 8718 MLVKDGI   -5.0811   -6.6760   -1.5949    0.5180
 8719 MLMIDGD   -8.9314  -11.0937   -2.1623    0.5180
 8720 MLMIDGK   -8.4680  -10.1374   -1.6694    0.5180
 8721 MLIMDGK   -8.7443  -10.4137   -1.6694    0.5180
 8722 MLIMDGD   -8.8909  -11.0531   -2.1623    0.5180
 8723 MLIKDGV   -9.7713  -11.3662   -1.5949    0.5180
 8724 MLIKVGD  -10.1653  -11.6488   -1.4834    0.5180
 8725 MLIKVGD  -10.1653  -11.6488   -1.4834    0.5180
 8726 MLVKVGD   -7.4460   -9.4237   -1.9777    0.5180
 8727 MLVEVGD   -7.5542  -10.3419   -2.7877    0.5180
 8728 MLVKVGD   -9.1466  -11.1243   -1.9777    0.5180
 8729 MLVEMGD   -8.2503  -11.0326   -2.7823    0.5180
 8730 MLVMEGD   -9.5167  -12.4104   -2.8937    0.5180
 8731 MLVVEGD  -10.1599  -13.0590   -2.8991    0.5180
 8732 MLVVEGD  -10.1599  -13.0590   -2.8991    0.5180
 8733 MLVLEGD   -9.5911  -13.2257   -3.6346    0.5180
 8734 MLVLEGD   -9.5911  -13.2257   -3.6346    0.5180
 8735 MLVLEGD   -9.5911  -13.2257   -3.6346    0.5180
 8736 MLVLEGD   -9.5911  -13.2257   -3.6346    0.5180
 8737 MLVLEGD   -9.5911  -13.2257   -3.6346    0.5180
 8738 MLVMEGD   -9.7577  -12.6514   -2.8937    0.5180
 8739 MLVIDGE   -7.3534   -9.7583   -2.4049    0.5180
 8740 VLMADIK   -2.7478   -6.0101   -3.2623    0.5180
 8741 VLMADDI   -4.1963   -8.0629   -3.8666    0.5180
 8742 ALMVDEV   -6.3268   -9.3248   -2.9980    0.5180
 8743 MLAVDVE   -7.3223  -10.2089   -2.8866    0.5180
 8744 MLAVEVE   -8.5772  -11.7810   -3.2037    0.5180
 8745 MLVAEEV   -8.5868  -11.9019   -3.3151    0.5180
 8746 MLVAEEM   -8.5168  -11.8266   -3.3097    0.5180
 8747 MLMAEEM   -8.3376  -11.6419   -3.3043    0.5180
 8748 MLMEEVM   -6.9726  -11.4808   -4.5083    0.5180
 8749 MLMAEVK   -9.4592  -11.8475   -2.3883    0.5180
 8750 MLVAEVK   -9.7490  -12.1427   -2.3937    0.5180
 8751 MLVAEMD   -9.5241  -12.4052   -2.8811    0.5180
 8752 MLVAEME   -9.5092  -12.7075   -3.1983    0.5180
 8753 MLMAEEV   -8.0728  -11.3825   -3.3097    0.5180
 8754 ELMAEVM   -6.0727   -9.2710   -3.1983    0.5180
 8755 MLMAEVK   -9.0191  -11.4074   -2.3883    0.5180
 8756 MLMAEVK   -9.0279  -11.4162   -2.3883    0.5180
 8757 MLMAEVK   -9.0279  -11.4162   -2.3883    0.5180
 8758 MLVAEKV   -8.7482  -11.2533   -2.5051    0.5180
 8759 KLVAEMV   -8.3156  -10.7093   -2.3937    0.5180
 8760 KLVAEMV   -8.3156  -10.7093   -2.3937    0.5180
 8761 KLVAEMV   -8.3156  -10.7093   -2.3937    0.5180
 8762 MLVAEDV   -8.0529  -11.0509   -2.9980    0.5180
 8763 MLVAEDV   -8.0529  -11.0509   -2.9980    0.5180
 8764 MLVAEDV   -8.0529  -11.0509   -2.9980    0.5180
 8765 MLVAEVD   -8.9457  -11.8323   -2.8866    0.5180
 8766 DLLAMVK   -5.6222  -10.2256   -4.6034    0.5180
 8767 DLLAMVK   -5.6222  -10.2256   -4.6034    0.5180
 8768 DLLVAMK   -5.5117  -10.1151   -4.6034    0.5180
 8769 DLLMEAM   -1.5017   -6.8783   -5.3766    0.5180
 8770 KLVLEAM   -3.2615   -8.0706   -4.8091    0.5180
 8771 KLVLEAA   -2.4105   -8.5011   -6.0906    0.5180
 8772 KLLVEAA   -2.1053   -8.1958   -6.0906    0.5180
 8773 KLLVEAV   -3.4992   -8.2337   -4.7346    0.5180
 8774 KLLVEAV   -3.4842   -8.2188   -4.7346    0.4719
 8775 ELLVEAV   -3.2654   -8.8100   -5.5446    0.4719
 8776 ELLVEAV   -3.2654   -8.8100   -5.5446    0.4719
 8777 ALVLVEE   -4.3134  -10.0808   -5.7674    0.4719
 8778 ALVVVEE   -8.0278  -11.4598   -3.4320    0.4719
 8779 ALVVEVE   -8.6536  -11.8628   -3.2091    0.4719
 8780 VLEVVAE   -7.2429  -10.4520   -3.2091    0.4719
 8781 VLEVVAK   -7.0478   -9.4470   -2.3991    0.4719
 8782 MLVEVAE   -7.1409  -10.3446   -3.2037    0.4719
 8783 MLKEVAV   -8.2508  -10.7559   -2.5051    0.4719
 8784 MLKEVAV   -8.2508  -10.7559   -2.5051    0.4719
 8785 VLKAVEV   -6.7857   -9.0735   -2.2877    0.4719
 8786 VLKAVEV   -6.7857   -9.0735   -2.2877    0.4719
 8787 GLKAIEV   -3.5931   -7.6837   -4.0906    0.4719
 8788 GLKMIEF    0.5221   -2.6885   -3.2106    0.4719
 8789 GLKEVIF   -1.7195   -5.0784   -3.3589    0.4719
 8790 GLKEAIF   -1.7873   -4.5021   -2.7149    0.4719
 8791 GLKEAIF   -1.7873   -4.5021   -2.7149    0.4719
 8792 GLKEAIF   -1.7873   -4.5021   -2.7149    0.4719
 8793 GLKEAIW   -1.4953   -4.8290   -3.3337    0.4719
 8794 ILKEWAG   -3.5566   -6.8904   -3.3337    0.4719
 8795 ILKEWAG   -3.5566   -6.8904   -3.3337    0.4719
 8796 KLIEFAG   -4.3402   -6.9436   -2.6034    0.4719
 8797 KLIEFGA   -4.5725   -7.0645   -2.4920    0.4719
 8798 KLIAFGE   -6.8401   -9.5550   -2.7149    0.4719
 8799 ELIAFGK   -5.2100   -7.9249   -2.7149    0.4719
 8800 KLIAFGE   -6.9235   -9.6384   -2.7149    0.4719
 8801 KLIADGF   -5.7891   -8.0754   -2.2863    0.4719
 8802 KLIADGF   -5.7891   -8.0754   -2.2863    0.4719
 8803 KLMADGF   -4.8856   -8.5407   -3.6551    0.4719
 8804 KLMADGF   -4.8856   -8.5407   -3.6551    0.4719
 8805 KLFADGF   -4.9559   -7.0179   -2.0620    0.4719
 8806 KLIADGF   -6.0406   -8.3269   -2.2863    0.4719
 8807 KLAIFGD   -7.4877   -9.8854   -2.3977    0.4719
 8808 KLAIFGD   -7.4877   -9.8854   -2.3977    0.4719
 8809 KLAVFGD   -7.2070  -10.9790   -3.7720    0.4719
 8810 KLAVFGD   -7.2070  -10.9790   -3.7720    0.4719
 8811 KLVAFGD   -7.5457  -11.3177   -3.7720    0.4719
 8812 KLVMFGD   -9.8520  -11.1426   -1.2906    0.4719
 8813 KLVGFGD   -6.8749  -10.4366   -3.5617    0.4719
 8814 KLVEFGM   -6.2996   -7.6845   -1.3849    0.4719
 8815 KLVEFGM   -6.2996   -7.6845   -1.3849    0.4719
 8816 KLAVEGM   -3.7827   -9.3536   -5.5709    0.4719
 8817 KLIVMGE  -10.8917  -12.8037   -1.9120    0.4719
 8818 KLIVMGE  -10.8917  -12.8037   -1.9120    0.4719
 8819 KLIVMGE  -10.9642  -12.8762   -1.9120    0.4719
 8820 KLIVYGE   -9.8279  -11.6862   -1.8583    0.4719
 8821 KLIVYGD   -9.9567  -11.4978   -1.5411    0.4719
 8822 KLVVYGD   -8.6554  -11.5708   -2.9154    0.4719
 8823 KLVVYGD   -8.6554  -11.5708   -2.9154    0.4719
 8824 KLVVYGD   -8.6554  -11.5708   -2.9154    0.4719
 8825 ELVVYGK   -5.4015   -8.6341   -3.2326    0.4719
 8826 ELVVYGD   -5.4105   -9.1360   -3.7254    0.4719
 8827 ELVVWGD   -6.3868  -10.0717   -3.6849    0.4719
 8828 MLEVWGD   -7.4014  -11.0494   -3.6480    0.4719
 8829 GLEVWGD   -5.7160   -9.2266   -3.5106    0.4719
 8830 YLEVFGD   -5.6882   -7.7036   -2.0154    0.4719
 8831 VLKFYGD   -5.7161   -6.9215   -1.2054    0.4719
 8832 VLKFYGD   -5.7161   -6.9215   -1.2054    0.4719
 8833 MLKFYGD   -6.5951   -7.7951   -1.2000    0.4719
 8834 MLKFYGD   -6.5951   -7.7951   -1.2000    0.4719
 8835 MLKFYGD   -6.5951   -7.7951   -1.2000    0.4719
 8836 MLKFYGE   -5.6615   -7.1786   -1.5171    0.4719
 8837 MLDFWGE   -0.9560   -6.1254   -5.1694    0.4719
 8838 GLDGWFK   -1.9661   -3.0681   -1.1020    0.4719
 8839 GLKGWFD   -2.7553   -3.8573   -1.1020    0.4719
 8840 GLKGWFE   -2.0379   -3.4571   -1.4191    0.4719
 8841 GLKGWVE   -1.5020   -4.5197   -3.0177    0.4719
 8842 GLWGKVD   -3.1853   -5.8859   -2.7006    0.4719
 8843 KLWGAVD   -4.7966   -7.5960   -2.7994    0.4719
 8844 KLWGAVD   -4.7966   -7.5960   -2.7994    0.4719
 8845 KLWGAVD   -4.7966   -7.5960   -2.7994    0.4719
 8846 KLWGAVD   -4.7966   -7.5960   -2.7994    0.4719
 8847 KLWGAVD   -4.7966   -7.5960   -2.7994    0.4719
 8848 KLWGAVD   -4.7966   -7.5960   -2.7994    0.4719
 8849 KLLGFVD   -3.6794   -7.8394   -4.1600    0.4719
 8850 RLLGFAE   -1.9745   -9.7316   -7.7571    0.4719
 8851 KLLGFAE   -6.2707  -10.6638   -4.3931    0.4719
 8852 KLIGFAE   -8.3918  -10.9953   -2.6034    0.4719
 8853 KLWGFGE   -8.7991  -10.2183   -1.4191    0.4719
 8854 KLWGFGD   -9.7495  -10.8515   -1.1020    0.4719
 8855 KLIGFGD   -8.8232  -11.0106   -2.1874    0.4719
 8856 KLIGFGD   -8.8232  -11.0106   -2.1874    0.4719
 8857 KLIGMGD   -8.3756  -12.1562   -3.7806    0.4719
 8858 KLIGMGD   -8.3756  -12.1562   -3.7806    0.4719
 8859 KLIGMGD   -8.3756  -12.1562   -3.7806    0.4719
 8860 KLGWMGD   -8.0833  -10.7784   -2.6951    0.4719
 8861 KLGWMAD   -8.5410  -11.3350   -2.7940    0.4719
 8862 KLMGWAD   -9.3927  -12.1867   -2.7940    0.4719
 8863 KLMGWAD   -9.3927  -12.1867   -2.7940    0.4719
 8864 KLMGWAD   -9.3927  -12.1867   -2.7940    0.4719
 8865 KLMGWAD   -9.3927  -12.1867   -2.7940    0.4719
 8866 MLKGWAE   -7.0318  -10.1429   -3.1111    0.4719
 8867 MLKGWAD   -8.3852  -11.1792   -2.7940    0.4719
 8868 MLKGWAD   -8.3852  -11.1792   -2.7940    0.4719
 8869 MLKGWAE   -6.5698   -9.6810   -3.1111    0.4719
 8870 MLKGWEA   -6.8498   -9.8496   -2.9997    0.4719
 8871 MLKGFEA   -5.2822   -9.1431   -3.8609    0.4719
 8872 MLKGFAE   -6.1003  -10.0726   -3.9723    0.4719
 8873 MLRGFGD   -2.2560   -9.1763   -6.9203    0.4719
 8874 MLRGFGD   -2.2560   -9.1763   -6.9203    0.4719
 8875 MLRGFGD   -2.2560   -9.1763   -6.9203    0.4719
 8876 WLGVFDD   -1.3352   -6.2243   -4.8891    0.4719
 8877 LLMVGDD   -3.9962   -7.4250   -3.4289    0.4719
 8878 LLMVGED   -3.6390   -7.3850   -3.7460    0.4719
 8879 MLLVGKD   -5.1113   -8.0473   -2.9360    0.4719
 8880 MLLVGDD   -6.5793  -10.0082   -3.4289    0.4719
 8881 MLLVGDD   -6.5793  -10.0082   -3.4289    0.4719
 8882 MLMVGDD   -6.4404   -9.1284   -2.6880    0.4719
 8883 MLLVDDG   -6.0814   -9.5103   -3.4289    0.4719
 8884 MLLVDVD   -4.8736  -11.5425   -6.6689    0.4719
 8885 ALLVEVD   -6.6143  -11.8418   -5.2274    0.4719
 8886 ALLVEVD   -6.6143  -11.8418   -5.2274    0.4719
 8887 ALLVEVD   -6.6143  -11.8418   -5.2274    0.4719
 8888 ALVDDFV   -2.0592   -5.5469   -3.4877    0.4719
 8889 ALVDFDM   -5.6632   -9.0026   -3.3394    0.4719
 8890 ALVDFKM   -5.4005   -8.2470   -2.8466    0.4719
 8891 KLVDFAV   -7.4911  -10.3745   -2.8834    0.4719
 8892 KLVDFVA   -8.0074  -10.8908   -2.8834    0.4719
 8893 KLVDMVM   -6.8317  -10.0269   -3.1951    0.4719
 8894 VLKGMDV   -9.1477  -11.0140   -1.8663    0.4719
 8895 MLKGVDV   -8.6353  -10.5016   -1.8663    0.4719
 8896 MLKGFDV   -8.9390  -10.0067   -1.0677    0.4719
 8897 MLKGFDV   -8.9390  -10.0067   -1.0677    0.4719
 8898 MLKGFDV   -8.9048   -9.9725   -1.0677    0.4719
 8899 MLKGFDV   -8.9048   -9.9725   -1.0677    0.4719
 8900 MLKGFEV   -8.3074   -9.6922   -1.3849    0.4719
 8901 MLKGFEV   -9.3588  -10.7437   -1.3849    0.4719
 8902 YLKGFEV   -6.7197   -8.1309   -1.4111    0.4719
 8903 YLKGFEV   -6.7197   -8.1309   -1.4111    0.4719
 8904 YLKGFDV   -7.0211   -8.1151   -1.0940    0.4719
 8905 VLKGVDW   -5.7111   -8.3631   -2.6520    0.4719
 8906 VLKGVDW   -5.7111   -8.3631   -2.6520    0.4719
 8907 VLRGGDW   -1.8123   -7.9883   -6.1760    0.4719
 8908 VLRGGDW   -1.8123   -7.9883   -6.1760    0.4719
 8909 MLRGGDW   -3.1910   -9.3616   -6.1706    0.4719
 8910 MLRGGDW   -3.1910   -9.3616   -6.1706    0.4719
 8911 MLRGGDW   -3.1910   -9.3616   -6.1706    0.4719
 8912 MLRGGDW   -3.1910   -9.3616   -6.1706    0.4719
 8913 MLRGGDW   -3.1910   -9.3616   -6.1706    0.4719
 8914 MLRGGDW   -3.1910   -9.3616   -6.1706    0.4719
 8915 MLRGGDW   -3.1910   -9.3616   -6.1706    0.4719
 8916 MLKGGDW   -5.9768   -8.7834   -2.8066    0.4719
 8917 MLKGGDW   -5.9768   -8.7834   -2.8066    0.4719
 8918 MLKGGDW   -5.9768   -8.7834   -2.8066    0.4719
 8919 MLGKGDW   -2.7984   -5.4936   -2.6951    0.4719
 8920 MLGKGDW   -2.7984   -5.4936   -2.6951    0.4719
 8921 MLKGGDW   -6.2678   -9.0744   -2.8066    0.4719
 8922 MLKGGDW   -6.2678   -9.0744   -2.8066    0.4719
 8923 MLKGGDW   -6.2678   -9.0744   -2.8066    0.4719
 8924 MLKGGDW   -6.2678   -9.0744   -2.8066    0.4719
 8925 MLKGGDW   -6.2678   -9.0744   -2.8066    0.4719
 8926 MLKGGDW   -6.2678   -9.0744   -2.8066    0.4719
 8927 MLKGFEV   -7.0848   -8.4696   -1.3849    0.4719
 8928 MLKGFEV   -7.0848   -8.4696   -1.3849    0.4719
 8929 MLKGFEV   -7.0848   -8.4696   -1.3849    0.4719
 8930 MLKGFEV   -7.0848   -8.4696   -1.3849    0.4719
 8931 MLKGFDV   -6.9812   -8.0489   -1.0677    0.4719
 8932 MLKGFDV   -6.9812   -8.0489   -1.0677    0.4719
 8933 KLFGMDV   -6.9612   -8.0289   -1.0677    0.4719
 8934 KLFGMDV   -6.9612   -8.0289   -1.0677    0.4719
 8935 KLFGMEV   -7.1366   -8.5214   -1.3849    0.4719
 8936 KLFGMEV   -7.1366   -8.5214   -1.3849    0.4719
 8937 KLIGVEV   -8.5835  -10.1981   -1.6146    0.4719
 8938 KLIGVDV   -8.7218  -10.0193   -1.2974    0.4719
 8939 KLIGVEV   -8.6093  -10.2239   -1.6146    0.4719
 8940 KLVGIEV   -7.3090   -8.9236   -1.6146    0.4719
 8941 KLVGIEV   -7.3090   -8.9236   -1.6146    0.4719
 8942 KLIGIEV   -5.9822   -9.4225   -3.4403    0.4719
 8943 KLIGIEA   -6.5325   -9.2487   -2.7163    0.4719
 8944 LLKGIEA   -5.4518   -9.9578   -4.5060    0.4719
 8945 ALKGIDL   -6.0092  -10.1981   -4.1889    0.4719
 8946 GLKGWDL   -7.5791  -10.5837   -3.0046    0.4719
 8947 DLGKWGL   -2.6666   -5.6712   -3.0046    0.4719
 8948 MLGEWDL    1.1607   -5.4313   -6.5920    0.4719
 8949 MLGLEDW   -0.5290   -7.2324   -6.7034    0.4719
 8950 MLGLEDV   -3.7362   -7.2593   -3.5231    0.4719
 8951 MLGLEDM   -3.5162   -7.1139   -3.5977    0.4719
 8952 MLMVEDG   -5.0765   -8.0816   -3.0051    0.4719
 8953 MLMVEDG   -5.0765   -8.0816   -3.0051    0.4719
 8954 DLAMDVM   -3.6660   -6.2300   -2.5640    0.4719
 8955 MLAVVDD   -8.6244  -11.4167   -2.7923    0.4719
 8956 MLVVDDA   -8.5236  -11.2044   -2.6809    0.4719
 8957 VLVVMDD   -7.6248  -11.4611   -3.8363    0.4719
 8958 VLVVGDD   -7.9020  -10.6008   -2.6989    0.4719
 8959 GLLDVDV   -5.2926   -8.3126   -3.0200    0.4719
 8960 DLDVVLG   -3.6659   -6.7974   -3.1314    0.4719
 8961 KLDVAMV   -2.7392   -4.8158   -2.0766    0.4719
 8962 KLVVDMA   -6.8832   -8.9598   -2.0766    0.4719
 8963 KLVAVMD   -5.4796   -7.6676   -2.1880    0.4719
 8964 KLVADMV   -5.9167   -7.9933   -2.0766    0.4719
 8965 DLVMKMV   -2.3602   -5.5554   -3.1951    0.4719
 8966 MLDMDVG   -2.9905   -5.3442   -2.3537    0.4719
 8967 DLEMVVG   -4.9177   -7.7054   -2.7877    0.4719
 8968 DLMKVVG   -4.9560   -6.9337   -1.9777    0.4719
 8969 GLMKIVD   -5.6251   -7.1085   -1.4834    0.4719
 8970 KLIGYVD   -7.3466   -8.7763   -1.4297    0.4719
 8971 KLIGYVD   -7.3466   -8.7763   -1.4297    0.4719
 8972 ELIGAVD   -3.0552   -7.7501   -4.6949    0.4719
 8973 ELIGAVE   -3.1725   -8.1845   -5.0120    0.4719
 8974 ELWGYVK   -6.1162   -8.6176   -2.5014    0.4719
 8975 ELMGYVK   -4.3648   -7.4805   -3.1157    0.4719
 8976 ELMGYVK   -3.3060   -6.4217   -3.1157    0.4909
 8977 KLMGYME   -5.8523   -8.9626   -3.1103    0.4909
 8978 KLMGYMD   -6.2456   -9.0387   -2.7931    0.4909
 8979 KLMGYMD   -6.2456   -9.0387   -2.7931    0.4909
 8980 KLMGYME   -6.1496   -9.2599   -3.1103    0.4909
 8981 KLMGAME   -5.3570  -10.9224   -5.5654    0.4909
 8982 KLMGMAE   -5.3617  -10.9271   -5.5654    0.4909
 8983 KLVGMME   -8.5232  -10.8126   -2.2894    0.4909
 8984 ELVGWMK   -4.0390   -7.1941   -3.1551    0.4909
 8985 ALVGWKE   -6.2089   -9.4369   -3.2280    0.4909
 8986 ALVGWKE   -6.2089   -9.4369   -3.2280    0.4909
 8987 ALVGEKW   -5.6022   -8.8302   -3.2280    0.4909
 8988 ALVGWED   -6.5757  -10.2966   -3.7209    0.4909
 8989 ALVGWEK   -6.3896   -9.6176   -3.2280    0.4909
 8990 ALIGWED   -4.7187   -8.5453   -3.8266    0.4909
 8991 ALIGFED   -5.1236   -8.3313   -3.2077    0.4909
 8992 ALIGFDE   -4.7114   -7.9191   -3.2077    0.4909
 8993 ALMGWDK   -5.7606   -8.6661   -2.9054    0.4909
 8994 ALKGWDM   -8.0068  -10.6893   -2.6826    0.4909
 8995 ALKGWDM   -8.0068  -10.6893   -2.6826    0.4909
 8996 ALKGVDM   -6.2974  -11.4397   -5.1423    0.4909
 8997 ALKGVDV   -6.3491  -11.4968   -5.1477    0.4909
 8998 ALKGVDV   -6.3491  -11.4968   -5.1477    0.4909
 8999 GLKGVDV   -6.2133  -11.2622   -5.0489    0.4909
 9000 GLKGVDV   -6.2133  -11.2622   -5.0489    0.4909
 9001 GLKGVDW   -8.2819  -10.8710   -2.5891    0.4909
 9002 ALKGVDW   -8.6031  -11.2911   -2.6880    0.4909
 9003 ALVGWDK   -5.8867   -8.7975   -2.9109    0.4909
 9004 ALVGDID   -4.9474   -9.3252   -4.3777    0.4909
 9005 ALIGDVK   -5.2788   -9.1637   -3.8849    0.4909
 9006 DLIGAFD   -2.2637   -5.0428   -2.7791    0.4909
 9007 FLIGDDA   -3.9252   -6.8158   -2.8906    0.4909
 9008 ALIGFDD   -5.8956   -8.7861   -2.8906    0.4909
 9009 ALIGMED   -4.7134   -9.5142   -4.8009    0.4909
 9010 ALIGMEE   -5.2592  -10.3772   -5.1180    0.4909
 9011 ALEGFIK   -5.4531   -8.0566   -2.6034    0.4909
 9012 KLEGFIA   -4.5370   -7.1405   -2.6034    0.4909
 9013 KLIGFEA   -6.2121   -8.7041   -2.4920    0.4909
 9014 KLIGFEA   -6.2121   -8.7041   -2.4920    0.4909
 9015 KLIGFAD   -6.2967   -8.5830   -2.2863    0.4909
 9016 KLWGFAD   -6.4309   -9.0317   -2.6009    0.4909
 9017 KLWGFGD   -6.9547   -8.0567   -1.1020    0.4909
 9018 KLFGWGD   -7.5722   -8.6742   -1.1020    0.4909
 9019 KLFGWGD   -7.5722   -8.6742   -1.1020    0.4909
 9020 ELIGWGD   -5.9540   -8.0903   -2.1363    0.4909
 9021 RLIGWGD   -5.6406  -10.3309   -4.6903    0.4909
 9022 DLIGWGD   -4.9409   -6.7601   -1.8191    0.4909
 9023 ILWGDGD   -6.7566   -8.6872   -1.9306    0.4909
 9024 ILWGDGE   -6.0087   -8.2565   -2.2477    0.4909
 9025 ILWGEGK   -7.0795   -8.8344   -1.7549    0.4909
 9026 ILGWEGE   -6.7811   -9.2345   -2.4534    0.4909
 9027 ILGWEGE   -6.7811   -9.2345   -2.4534    0.4909
 9028 ILGEWGE   -5.1364   -7.5899   -2.4534    0.4909
 9029 GLGEWID   -3.7731   -5.9094   -2.1363    0.4909
 9030 GLGIWKD   -6.5300   -7.9677   -1.4377    0.4909
 9031 GLGIWKD   -6.5300   -7.9677   -1.4377    0.4909
 9032 GLGIWKD   -6.5300   -7.9677   -1.4377    0.4909
 9033 GLGIWED   -6.1803   -8.4280   -2.2477    0.4909
 9034 GLGIWDD   -6.3858   -8.3163   -1.9306    0.4909
 9035 GLGIWDD   -6.3858   -8.3163   -1.9306    0.4909
 9036 GLGIWED   -6.1960   -8.4437   -2.2477    0.4909
 9037 GLGIWDD   -6.4264   -8.3569   -1.9306    0.4909
 9038 GLGIWKD   -6.9441   -8.3818   -1.4377    0.4909
 9039 GLGIWKD   -6.9441   -8.3818   -1.4377    0.4909
 9040 GLGIFED   -5.2103   -8.3192   -3.1089    0.4909
 9041 GLGIFDD   -5.4542   -8.2459   -2.7917    0.4909
 9042 GLGIFDD   -5.4301   -8.2218   -2.7917    0.4909
 9043 GLGEIDF   -3.2518   -6.1378   -2.8860    0.4909
 9044 GLGKVDF   -3.7067   -7.1570   -3.4503    0.4909
 9045 GLGKWDV   -5.2963   -7.8855   -2.5891    0.4909
 9046 GLGVWDK   -5.6362   -8.4482   -2.8120    0.4909
 9047 GLGVWEK   -5.8524   -8.9815   -3.1291    0.4909
 9048 GLGVVEE   -3.5735   -9.9724   -6.3989    0.4909
 9049 GLMVVED   -5.1689   -8.1794   -3.0106    0.4909
 9050 GLMVVED   -5.1689   -8.1794   -3.0106    0.4909
 9051 VLMVEGK   -6.7184   -9.1247   -2.4063    0.4909
 9052 VLKVEGI   -7.9504   -9.5650   -1.6146    0.4909
 9053 VLKIEGV   -6.6301   -8.2447   -1.6146    0.4909
 9054 VLKIVGE   -8.1106   -9.8366   -1.7260    0.4909
 9055 VLKVEGI   -6.4381   -8.0527   -1.6146    0.4909
 9056 KLIVEGV   -8.8154  -10.5414   -1.7260    0.4909
 9057 VLIVKGE   -6.5237   -8.3612   -1.8374    0.4909
 9058 VLIVEGK   -8.9606  -10.7981   -1.8374    0.4909
 9059 VLIVEGD   -9.1055  -11.4357   -2.3303    0.4909
 9060 VLIVEGD   -9.1682  -11.4985   -2.3303    0.4909
 9061 VLIEEGV   -6.6913   -9.3387   -2.6474    0.4909
 9062 VLVEKGI   -4.3404   -6.1778   -1.8374    0.4909
 9063 VLVGDEI   -5.6796   -8.0099   -2.3303    0.4909
 9064 VLIGEEV   -7.7625  -10.4099   -2.6474    0.4909
 9065 VLLGVEE   -6.2365  -10.1137   -3.8771    0.4909
 9066 VLLGVEE   -6.2365  -10.1137   -3.8771    0.4909
 9067 VLLGEEV   -6.7870  -10.6641   -3.8771    0.4909
 9068 ILLGEDV   -2.7426   -8.1283   -5.3857    0.4909
 9069 VLVGEDI   -4.9847   -7.3150   -2.3303    0.4909
 9070 VLEGEIV   -3.7385   -6.2745   -2.5360    0.4909
 9071 VLVGEIE   -5.4701   -8.0061   -2.5360    0.4909
 9072 VLIGEEV   -5.9622   -8.6097   -2.6474    0.4909
 9073 VLMGEEV   -6.0785   -9.2948   -3.2163    0.4909
 9074 VLVGDVE   -5.5819   -8.3751   -2.7931    0.4909
 9075 VLLGVDD   -6.6484   -9.8912   -3.2429    0.4909
 9076 VLLGVEE   -6.0448   -9.9219   -3.8771    0.4909
 9077 VLIGVDE   -7.3780   -9.7083   -2.3303    0.4909
 9078 ILIGVKD   -6.6840  -10.0300   -3.3460    0.4909
 9079 ILIGVKE   -6.6249  -10.2880   -3.6631    0.4909
 9080 ILVGIDD   -5.5013   -9.3401   -3.8389    0.4909
 9081 ILMGIDD   -5.3713   -9.2847   -3.9134    0.4909
 9082 ILGAIED   -3.5683   -7.0003   -3.4320    0.4909
 9083 ILGIVEK   -4.4073   -8.0704   -3.6631    0.4909
 9084 ILKIMGE   -4.1508   -7.7771   -3.6263    0.4909
 9085 ILGIMEE   -4.6471   -9.1948   -4.5477    0.4909
 9086 ILGFAEK   -2.9015   -5.6164   -2.7149    0.4909
 9087 ILGFMEK   -2.7068   -6.1402   -3.4334    0.4909
 9088 VLKGMDF   -9.1924  -10.2601   -1.0677    0.4909
 9089 VLKGMDY   -8.2693  -10.9564   -2.6871    0.4909
 9090 VLKGMDL   -8.0960  -10.6977   -2.6017    0.4909
 9091 VLKGMDL   -8.0960  -10.6977   -2.6017    0.4909
 9092 VLKGMDL   -8.0960  -10.6977   -2.6017    0.4909
 9093 VLKGMDL   -8.0960  -10.6977   -2.6017    0.4909
 9094 VLKGFDV   -9.1683  -10.1614   -0.9931    0.4909
 9095 VLKGFDV   -9.1683  -10.1614   -0.9931    0.4909
 9096 VLKGFDV   -9.1683  -10.1614   -0.9931    0.4909
 9097 VLKGFDV   -9.1683  -10.1614   -0.9931    0.4909
 9098 VLKGFDM   -9.2369  -10.3046   -1.0677    0.4909
 9099 VLKGMDF   -9.1765  -10.2442   -1.0677    0.4909
 9100 VLKGMDI   -9.1117  -10.4837   -1.3720    0.4909
 9101 VLKGMDI   -9.1117  -10.4837   -1.3720    0.4909
 9102 VLKGMDI   -9.1117  -10.4837   -1.3720    0.4909
 9103 VLKGMDI   -9.1117  -10.4837   -1.3720    0.4909
 9104 ILKGMDV   -8.9070  -10.2790   -1.3720    0.4909
 9105 ILKGMDF   -7.2942  -10.1876   -2.8934    0.4909
 9106 ILKGMDF   -7.2942  -10.1876   -2.8934    0.4909
 9107 MLKGVDF   -8.7175   -9.7852   -1.0677    0.4909
 9108 MLKGMDF   -8.7605   -9.9028   -1.1423    0.4909
 9109 MLKGMDF   -8.7605   -9.9028   -1.1423    0.4909
 9110 MLKGMDF   -8.7605   -9.9028   -1.1423    0.4909
 9111 MLKGMDI   -8.3120   -9.7586   -1.4466    0.4909
 9112 MLKGMEI   -8.9962  -10.7599   -1.7637    0.4909
 9113 MLKGIEM   -8.5608  -10.3246   -1.7637    0.4909
 9114 MLKGIDM   -8.1596   -9.6062   -1.4466    0.4909
 9115 MLKGFDM   -8.8689  -10.0112   -1.1423    0.4909
 9116 MLKGVDM   -8.8295  -10.6904   -1.8609    0.4909
 9117 MLVGMDK   -6.1973   -8.2810   -2.0837    0.4909
 9118 DLVGMKM   -6.8994   -8.7603   -1.8609    0.4909
 9119 DLMGMKV   -6.7595   -8.6204   -1.8609    0.4909
 9120 DLVGMKM   -7.6521   -9.5130   -1.8609    0.4909
 9121 DLVGIKM   -7.6413   -9.0133   -1.3720    0.4909
 9122 DLVGIKM   -7.5420   -8.9140   -1.3720    0.4909
 9123 DLVGIKM   -7.5420   -8.9140   -1.3720    0.4909
 9124 ELVGMKM   -7.0397   -9.2177   -2.1780    0.4909
 9125 ELVGVKM   -6.5754   -8.7588   -2.1834    0.4909
 9126 ELMGVKV   -5.9136   -8.0970   -2.1834    0.4909
 9127 ELVGVKI   -6.5735   -8.1881   -1.6146    0.4909
 9128 DLKGIVV   -6.8751   -8.2839   -1.4089    0.4909
 9129 DLKGMVM   -6.8968   -8.8691   -1.9723    0.4909
 9130 MLKGDVM   -6.9565   -8.9288   -1.9723    0.4909
 9131 MLKGEVM   -8.2298  -10.5192   -2.2894    0.4909
 9132 MLKGEVM   -8.2298  -10.5192   -2.2894    0.4909
 9133 MLKGMVD   -8.8955  -10.8678   -1.9723    0.4909
 9134 DLKGMVM   -8.0782  -10.0505   -1.9723    0.4909
 9135 DLKGMVV   -8.0956  -10.0733   -1.9777    0.4909
 9136 DLKGMVI   -8.0866   -9.5700   -1.4834    0.4909
 9137 MLKGDVI   -8.1378   -9.6212   -1.4834    0.4909
 9138 MLKGDVI   -7.8401   -9.3235   -1.4834    0.4909
 9139 MLKGDVI   -7.8401   -9.3235   -1.4834    0.4909
 9140 MLKGDVI   -7.8401   -9.3235   -1.4834    0.4909
 9141 MLKGVEI   -8.1681   -9.8572   -1.6891    0.4909
 9142 MLKGVDI   -8.0949   -9.4669   -1.3720    0.4909
 9143 MLKGVDI   -8.0949   -9.4669   -1.3720    0.4909
 9144 MLKGVEI   -8.2410   -9.9302   -1.6891    0.4909
 9145 MLKGMEI   -8.4982  -10.2619   -1.7637    0.4909
 9146 MLKGAEI   -6.0557  -10.1408   -4.0851    0.4909
 9147 ILKGEAI   -6.5233   -9.3510   -2.8277    0.4909
 9148 ILKGEAI   -6.5233   -9.3510   -2.8277    0.4909
 9149 ILKGEAI   -6.5233   -9.3510   -2.8277    0.4909
 9150 KLIGEAI   -7.6365  -10.4642   -2.8277    0.4909
 9151 KLIGEAI   -7.6365  -10.4642   -2.8277    0.4909
 9152 KLIGEAI   -7.6365  -10.4642   -2.8277    0.4909
 9153 KLIGIAE   -7.0655   -9.8932   -2.8277    0.4909
 9154 KLIGVAE   -7.3630  -11.5650   -4.2020    0.4909
 9155 ELIGVAE   -3.7511   -8.7631   -5.0120    0.4909
 9156 ILVGEAE   -6.4713  -11.4833   -5.0120    0.4909
 9157 ILVGEGE   -6.0596  -11.0842   -5.0246    0.4909
 9158 RLVGEIY    1.1486   -3.9623   -5.1109    0.4909
 9159 ELVGFEY   -3.3009   -5.5221   -2.2211    0.4909
 9160 ELVGFRY   -2.5212   -7.2963   -4.7751    0.4909
 9161 RLVGFEY   -2.2119   -6.9870   -4.7751    0.4909
 9162 RLFGMEY   -0.8656   -5.6353   -4.7697    0.4909
 9163 DLFGMEY   -1.2084   -3.1069   -1.8986    0.4909
 9164 ELMGMEY   -2.7524   -6.5612   -3.8089    0.4909
 9165 KLMGMEG   -5.6256  -11.0921   -5.4666    0.4909
 9166 KLMGMEW   -7.0937  -10.2120   -3.1183    0.4909
 9167 KLMGVEW   -7.0575  -10.1012   -3.0437    0.4909
 9168 KLVGVEY   -6.4232   -9.4329   -3.0097    0.4909
 9169 KLVGVEW   -7.3148  -10.2839   -2.9691    0.4909
 9170 KLLGAEW   -5.4046   -9.7452   -4.3406    0.4909
 9171 KLLGADW   -4.8870   -8.9104   -4.0234    0.4909
 9172 KLLGAEW   -5.1780   -9.5185   -4.3406    0.4909
 9173 KLVGAEW   -6.2213   -9.2265   -3.0051    0.4909
 9174 KLVGAEW   -6.2213   -9.2265   -3.0051    0.4909
 9175 KLVGAEF   -4.2089   -8.0752   -3.8663    0.4909
 9176 KLVGAEF   -4.2089   -8.0752   -3.8663    0.4909
 9177 KLVGAEF   -4.2089   -8.0752   -3.8663    0.4909
 9178 KLVGAEF   -4.2565   -8.1228   -3.8663    0.5045
 9179 KLVGAEF   -4.2565   -8.1228   -3.8663    0.5045
 9180 KLVGAEV   -4.6263  -10.0911   -5.4649    0.5045
 9181 KLVGWEV   -7.3912  -10.3603   -2.9691    0.5045
 9182 KLVGWEG   -7.3658  -10.3835   -3.0177    0.5045
 9183 KLVGWEG   -7.3658  -10.3835   -3.0177    0.5045
 9184 KLVGWEG   -7.3658  -10.3835   -3.0177    0.5045
 9185 KLVGWEA   -7.2819  -10.2870   -3.0051    0.5045
 9186 KLVGVEA   -5.7246  -11.1894   -5.4649    0.5045
 9187 KLVGVEF   -7.9674   -9.2777   -1.3103    0.5045
 9188 KLVGVEF   -7.9674   -9.2777   -1.3103    0.5045
 9189 KLVGVEF   -7.9674   -9.2777   -1.3103    0.5045
 9190 KLVGVEF   -7.9674   -9.2777   -1.3103    0.5045
 9191 VLKGVEF   -7.3464   -8.6567   -1.3103    0.5045
 9192 VLEGVKF   -7.1231   -8.4334   -1.3103    0.5045
 9193 VLEGVKF   -7.1231   -8.4334   -1.3103    0.5045
 9194 VLKGMEF   -8.3909   -9.7758   -1.3849    0.5045
 9195 VLKGMEF   -8.3909   -9.7758   -1.3849    0.5045
 9196 MLKGMEF   -8.2847   -9.7441   -1.4594    0.5045
 9197 MLKGMEF   -8.2847   -9.7441   -1.4594    0.5045
 9198 MLKGMEI   -7.5000   -9.2637   -1.7637    0.5045
 9199 MLKGMDM   -7.3020   -9.1574   -1.8554    0.5045
 9200 LLKGMDV   -6.0564   -8.6581   -2.6017    0.5045
 9201 LLKGVDM   -4.5874   -7.1891   -2.6017    0.5045
 9202 MLKGVDL   -5.7321   -8.3338   -2.6017    0.5045
 9203 MLKGVDI   -8.4186   -9.7906   -1.3720    0.5045
 9204 VLKGMDI   -8.3981   -9.7701   -1.3720    0.5045
 9205 VLKGMDI   -8.3981   -9.7701   -1.3720    0.5045
 9206 VLKGMDI   -8.3981   -9.7701   -1.3720    0.5045
 9207 MLKGMEI   -9.3711  -11.1348   -1.7637    0.5045
 9208 MLKGMEI   -9.3711  -11.1348   -1.7637    0.5045
 9209 MLKGMEI   -9.3711  -11.1348   -1.7637    0.5045
 9210 MLKGVEI   -9.1016  -10.7908   -1.6891    0.5045
 9211 MLKGIEI   -6.1668   -9.6817   -3.5149    0.5045
 9212 MLEGMKI   -8.4100  -10.1737   -1.7637    0.5045
 9213 MLKGMEI  -10.7314  -12.4951   -1.7637    0.5045
 9214 MLKGMEI  -10.7314  -12.4951   -1.7637    0.5045
 9215 MLKGMEI  -10.7314  -12.4951   -1.7637    0.5045
 9216 MLKGMEI  -10.7314  -12.4951   -1.7637    0.5045
 9217 MLKGMEI  -10.7314  -12.4951   -1.7637    0.5045
 9218 MLKGMEI  -10.7314  -12.4951   -1.7637    0.5045
 9219 MLKGMEI  -10.7314  -12.4951   -1.7637    0.5045
 9220 MLKGMEI  -10.7314  -12.4951   -1.7637    0.5045
 9221 MLKGMEI  -10.7314  -12.4951   -1.7637    0.5045
 9222 MLKGMEI  -10.7314  -12.4951   -1.7637    0.5045
 9223 MLKGMEV  -10.1163  -12.2943   -2.1780    0.5045
 9224 MLKGMDV   -8.6755  -10.5363   -1.8609    0.5045
 9225 MLKGVDM   -7.6821   -9.5430   -1.8609    0.5045
 9226 MLKGVEW   -8.0479  -11.0916   -3.0437    0.5045
 9227 MLKGVEW   -8.0479  -11.0916   -3.0437    0.5045
 9228 MLKGVEW   -8.0479  -11.0916   -3.0437    0.5045
 9229 MLKGVEM   -9.6731  -11.8511   -2.1780    0.5045
 9230 MLKGVEF  -10.3941  -11.7789   -1.3849    0.5045
 9231 MLKGMEV  -10.3101  -12.4881   -2.1780    0.5045
 9232 MLKGMEV  -10.3101  -12.4881   -2.1780    0.5045
 9233 MLKGMEV  -10.3101  -12.4881   -2.1780    0.5045
 9234 MLKGMEV  -10.3101  -12.4881   -2.1780    0.5045
 9235 MLKGMDV   -8.5999  -10.4608   -1.8609    0.5045
 9236 MLKGMDI   -8.8850  -10.3315   -1.4466    0.5045
 9237 MLKGDMI   -5.2620   -6.8200   -1.5580    0.5045
 9238 MLKGMDI   -9.2238  -10.6704   -1.4466    0.5045
 9239 MLKGMEI  -10.7856  -12.5493   -1.7637    0.5045
 9240 MLKGMEI  -10.7856  -12.5493   -1.7637    0.5045
 9241 MLKGMEI  -10.7856  -12.5493   -1.7637    0.5045
 9242 MLKGVEI  -10.3754  -12.0646   -1.6891    0.5045
 9243 MLKGVDI   -9.0538  -10.4258   -1.3720    0.5045
 9244 MLKGVDI   -9.0538  -10.4258   -1.3720    0.5045
 9245 MLKGMEV  -10.3573  -12.5353   -2.1780    0.5045
 9246 MLKGVEV  -10.0157  -12.1991   -2.1834    0.5045
 9247 MLKGVEV  -10.0157  -12.1991   -2.1834    0.5045
 9248 MLKGVEW   -8.5048  -11.5485   -3.0437    0.5045
 9249 MLKGVEW   -8.5048  -11.5485   -3.0437    0.5045
 9250 MLKGVEW   -8.5048  -11.5485   -3.0437    0.5045
 9251 GLKGEVW   -5.7191   -8.7368   -3.0177    0.5045
 9252 ELWGVMK    0.2716   -2.8836   -3.1551    0.5045
 9253 DLWGVMK    0.0876   -2.7504   -2.8380    0.5045
 9254 DLVGMVK   -6.9801   -8.9578   -1.9777    0.5045
 9255 VLVGMDK   -6.3383   -8.4274   -2.0891    0.5045
 9256 VLVGDDM   -5.8867   -8.4687   -2.5820    0.5045
 9257 MLLGEDM   -5.5890   -9.2982   -3.7091    0.5045
 9258 MLLGEDM   -5.5890   -9.2982   -3.7091    0.5045
 9259 MLLGDKM   -5.0505   -7.9496   -2.8991    0.5045
 9260 MLLGDKM   -5.0505   -7.9496   -2.8991    0.5045
 9261 MLKGDMF   -6.8263   -8.0800   -1.2537    0.5045
 9262 MLMGDKF   -7.2571   -8.6223   -1.3651    0.5045
 9263 MLKGEMF   -7.6333   -9.2042   -1.5709    0.5045
 9264 MLKGEMF   -7.6333   -9.2042   -1.5709    0.5045
 9265 MLKGMDF   -8.2045   -9.3468   -1.1423    0.5045
 9266 VLKGMDF   -7.8148   -8.8825   -1.0677    0.5045
 9267 VLKGMDF   -7.8148   -8.8825   -1.0677    0.5045
 9268 VLKGVDF   -7.2215   -8.2146   -0.9931    0.5045
 9269 VLKGVDF   -7.2215   -8.2146   -0.9931    0.5045
 9270 VLKGVDF   -7.2215   -8.2146   -0.9931    0.5045
 9271 VLKGVDF   -7.2215   -8.2146   -0.9931    0.5045
 9272 VLKGVDV   -7.0771   -8.9488   -1.8717    0.5045
 9273 VLKGVDV   -7.0771   -8.9488   -1.8717    0.5045
 9274 VLKGFDV   -7.6473   -8.6405   -0.9931    0.5045
 9275 VLKGVDV   -7.1157   -8.9874   -1.8717    0.5045
 9276 VLKGVDV   -7.1157   -8.9874   -1.8717    0.5045
 9277 MLKGVEV   -7.9419  -10.1253   -2.1834    0.5045
 9278 VLKGVMD   -6.7691   -8.7468   -1.9777    0.5045
 9279 VLKGVDM   -7.0009   -8.8672   -1.8663    0.5045
 9280 VLKGVDI   -7.8313   -9.1287   -1.2974    0.5045
 9281 MLKGVEI   -8.1117   -9.8008   -1.6891    0.5045
 9282 MLKGWEV   -6.2257   -9.2694   -3.0437    0.5045
 9283 MLKGVEW   -6.4856   -9.5293   -3.0437    0.5045
 9284 KLMGWVE   -6.7560   -9.9112   -3.1551    0.5045
 9285 KLMGWVE   -6.7560   -9.9112   -3.1551    0.5045
 9286 KLMGWVE   -6.8118   -9.9670   -3.1551    0.5045
 9287 KLWGMVE   -7.5139  -10.6690   -3.1551    0.5045
 9288 KLIGMVD   -9.7548  -11.2382   -1.4834    0.5045
 9289 KLLGMVD   -8.7279  -11.4411   -2.7131    0.5045
 9290 KLLGMVD   -8.7279  -11.4411   -2.7131    0.5045
 9291 KLIGMDV   -8.5240   -9.8960   -1.3720    0.5045
 9292 KLIGMDV   -8.5240   -9.8960   -1.3720    0.5045
 9293 KLIGMDV   -8.5240   -9.8960   -1.3720    0.5045
 9294 ILKGMDV   -8.5551   -9.9271   -1.3720    0.5045
 9295 ILKGMEV   -8.0649   -9.7540   -1.6891    0.5045
 9296 KLVGFEV   -6.4488   -7.7591   -1.3103    0.5045
 9297 VLVGEFE   -5.7302   -7.9619   -2.2317    0.5045
 9298 VLMGEFE   -6.3039   -8.6102   -2.3063    0.5045
 9299 VLKGDMM   -6.8557   -8.8280   -1.9723    0.5045
 9300 DLKGMMV   -5.2125   -7.1848   -1.9723    0.5045
 9301 VLKGMMD   -8.1271  -10.0993   -1.9723    0.5045
 9302 VLKGMMD   -8.1271  -10.0993   -1.9723    0.5045
 9303 VLKGMMD   -8.1271  -10.0993   -1.9723    0.5045
 9304 VLKGFMD   -7.9936   -9.1728   -1.1791    0.5045
 9305 VLKGFMD   -7.9936   -9.1728   -1.1791    0.5045
 9306 VLKGFMD   -7.9938   -9.1730   -1.1791    0.5045
 9307 MLEGFVK   -6.7070   -8.2033   -1.4963    0.5045
 9308 MLEGFVK   -6.7070   -8.2033   -1.4963    0.5045
 9309 MLFGEVK   -7.0558   -8.5521   -1.4963    0.5045
 9310 MLFGDVK   -7.3620   -8.5411   -1.1791    0.5045
 9311 MLFGDVK   -7.3620   -8.5411   -1.1791    0.5045
 9312 MLWGDVE   -7.1159  -10.7639   -3.6480    0.5045
 9313 MLWGDVD   -7.5942  -10.9251   -3.3309    0.5045
 9314 MLWGEVD   -8.3637  -12.0117   -3.6480    0.5045
 9315 MLVGEVD   -8.3542  -11.1420   -2.7877    0.5045
 9316 MLVGMEE   -6.0133   -9.2242   -3.2109    0.5045
 9317 MLVGEEM   -7.9211  -11.1320   -3.2109    0.5045
 9318 MLVGEDV   -7.8925  -10.7916   -2.8991    0.5045
 9319 MLVGEDF   -8.9626  -11.0632   -2.1006    0.5045
 9320 MLVGEDF   -8.9626  -11.0632   -2.1006    0.5045
 9321 MLVGEDF   -8.9626  -11.0632   -2.1006    0.5045
 9322 MLVGEDF   -8.9626  -11.0632   -2.1006    0.5045
 9323 VLYGDDF   -4.3324   -6.1422   -1.8097    0.5045
 9324 VLYGDDF   -4.3324   -6.1422   -1.8097    0.5045
 9325 VLGFDYD   -4.2107   -5.7976   -1.5869    0.5045
 9326 MLGFDYD   -3.7725   -5.3539   -1.5814    0.5045
 9327 MLGFYDD   -4.3402   -6.1445   -1.8043    0.5045
 9328 MLGFYDD   -4.3402   -6.1445   -1.8043    0.5045
 9329 ALGFVDD   -3.1769   -7.4418   -4.2649    0.5045
 9330 VLGFDAD   -3.7590   -7.8010   -4.0420    0.5045
 9331 VLFGDAD   -4.0830   -8.2364   -4.1534    0.5045
 9332 MLIGVDD   -7.4165   -9.5042   -2.0877    0.5045
 9333 FLIGMDD   -6.7187  -10.3278   -3.6091    0.5045
 9334 FLIGMDD   -6.7187  -10.3278   -3.6091    0.5045
 9335 VLIGMKD   -9.3709  -10.9658   -1.5949    0.5045
 9336 MLIGMKD   -9.2419  -10.9114   -1.6694    0.5045
 9337 MLIGMDD   -8.8354  -10.9977   -2.1623    0.5045
 9338 MLIGMDD   -8.8354  -10.9977   -2.1623    0.5045
 9339 MLIGMKD   -9.0867  -10.7562   -1.6694    0.5045
 9340 MLIGMDD   -8.8537  -11.0160   -2.1623    0.5045
 9341 MLIGDMD   -8.4741  -10.5249   -2.0509    0.5045
 9342 MLIGEMD   -9.5970  -11.9650   -2.3680    0.5045
 9343 MLIGMDD   -8.8833  -11.0455   -2.1623    0.5045
 9344 MLIGMDD   -8.8833  -11.0455   -2.1623    0.5045
 9345 MLIGMED   -9.0347  -11.5141   -2.4794    0.5045
 9346 MLIGMKD   -9.1187  -10.7881   -1.6694    0.5045
 9347 MLIGMED   -8.9343  -11.4137   -2.4794    0.5045
 9348 MLIGEMD   -9.4089  -11.7769   -2.3680    0.5045
 9349 MLIGEMD   -9.4089  -11.7769   -2.3680    0.5045
 9350 MLLGDMD   -7.2634  -10.5440   -3.2806    0.5045
 9351 MLLGDDM   -5.1709   -8.5629   -3.3920    0.5045
 9352 MLLGDMD   -7.5481  -10.8287   -3.2806    0.5045
 9353 MLLGDMD   -7.5481  -10.8287   -3.2806    0.5045
 9354 MLLGDMD   -7.5481  -10.8287   -3.2806    0.5045
 9355 MLLGDME   -6.4209  -10.0186   -3.5977    0.5045
 9356 MLLGEMD   -8.2602  -11.8579   -3.5977    0.5045
 9357 MLVGELD   -8.5066  -12.0298   -3.5231    0.5045
 9358 MLVGELD   -8.5066  -12.0298   -3.5231    0.5045
 9359 MLVGELD   -8.5066  -12.0298   -3.5231    0.5045
 9360 MLVGELD   -8.5066  -12.0298   -3.5231    0.5045
 9361 MLVGELD   -8.5066  -12.0298   -3.5231    0.5045
 9362 MLLGEVD   -8.7646  -12.2878   -3.5231    0.5045
 9363 MLLGEVD   -8.7646  -12.2878   -3.5231    0.5045
 9364 MLLGEVD   -8.7646  -12.2878   -3.5231    0.5045
 9365 YLLGEVD   -4.6904   -8.7198   -4.0294    0.5045
 9366 ELLGYVD   -2.4338   -6.4633   -4.0294    0.5045
 9367 ELWGVAD   -2.9658   -6.5752   -3.6094    0.5045
 9368 FLWGEAD   -5.5902   -9.0011   -3.4109    0.5045
 9369 FLMGEAD   -4.8707   -9.3358   -4.4651    0.5045
 9370 ELMGEAF   -2.2602   -7.0425   -4.7823    0.5045
 9371 FLMGEAE   -5.6124  -10.3947   -4.7823    0.5045
 9372 FLWGEAE   -6.3842  -10.1122   -3.7280    0.5045
 9373 FLWGEAD   -7.5495  -10.9604   -3.4109    0.5045
 9374 FLGWEAD   -6.4477   -9.7471   -3.2994    0.5045
 9375 FLGWEAD   -6.4477   -9.7471   -3.2994    0.5045
 9376 LLGFEAD   -4.2161   -8.9906   -4.7746    0.5045
 9377 LLGFEAD   -4.2161   -8.9906   -4.7746    0.5045
 9378 ILGLEGD   -5.4478  -10.4592   -5.0114    0.5045
 9379 ILGLEGD   -5.4478  -10.4592   -5.0114    0.5045
 9380 ILGLEGD   -5.6885  -10.6999   -5.0114    0.5038
 9381 ILGWEGD   -7.5572   -9.6935   -2.1363    0.5038
 9382 ILGWEGD   -7.5572   -9.6935   -2.1363    0.5038
 9383 ILGWEGD   -7.2203   -9.3566   -2.1363    0.5038
 9384 WLIGEGD   -6.2613   -8.5091   -2.2477    0.5038
 9385 WLEGEGF   -2.6282   -4.8573   -2.2291    0.5038
 9386 LLGEFGE   -1.2131   -6.3174   -5.1043    0.5038
 9387 ELGLFGK   -4.1577   -8.4520   -4.2943    0.5038
 9388 KLGLFGE   -5.9138  -10.2081   -4.2943    0.5038
 9389 KLGLYGE   -2.4577   -9.1714   -6.7137    0.5038
 9390 KLGLWGE   -7.5109  -10.9441   -3.4331    0.5038
 9391 KLGLWGE   -7.5109  -10.9441   -3.4331    0.5038
 9392 KLGLWGD   -8.2287  -11.3447   -3.1160    0.5038
 9393 KLGLWGD   -8.2287  -11.3447   -3.1160    0.5038
 9394 KLGLWGD   -8.2287  -11.3447   -3.1160    0.5038
 9395 KLGLWGD   -8.2287  -11.3447   -3.1160    0.5038
 9396 KLGLWGD   -8.2287  -11.3447   -3.1160    0.5038
 9397 KLGLWGD   -8.2287  -11.3447   -3.1160    0.5038
 9398 KLGMWGD   -7.9089  -10.6040   -2.6951    0.5038
 9399 KLGMWGD   -7.9089  -10.6040   -2.6951    0.5038
 9400 MLGKWGD   -6.2889   -8.9841   -2.6951    0.5038
 9401 MLGKWGD   -6.2889   -8.9841   -2.6951    0.5038
 9402 KLGMWGD   -7.7114  -10.4065   -2.6951    0.5038
 9403 KLMGWGD   -7.3573  -10.0525   -2.6951    0.5038
 9404 KLVGWGD   -8.7223  -11.4229   -2.7006    0.5038
 9405 KLVGWGD   -8.7223  -11.4229   -2.7006    0.5038
 9406 KLVGWGD   -8.7223  -11.4229   -2.7006    0.5038
 9407 KLVGWGD   -8.7223  -11.4229   -2.7006    0.5038
 9408 KLFGWGE   -6.8540   -8.2731   -1.4191    0.5038
 9409 KLWGFGE   -7.4081   -8.8273   -1.4191    0.5038
 9410 KLLGFGE   -5.7332  -10.0275   -4.2943    0.5038
 9411 KLLGFGE   -5.7332  -10.0275   -4.2943    0.5038
 9412 KLFGFGD   -7.2732   -9.2363   -1.9631    0.5038
 9413 KLGLFGE   -5.3822   -9.6765   -4.2943    0.5038
 9414 KLGLFGE   -5.3822   -9.6765   -4.2943    0.5038
 9415 KLLGFGE   -6.2431  -10.5374   -4.2943    0.5038
 9416 KLLGFGD   -7.5619  -11.5391   -3.9771    0.5038
 9417 KLLGFGD   -7.5619  -11.5391   -3.9771    0.5038
 9418 KLVGFGD   -7.4414  -11.0031   -3.5617    0.5038
 9419 KLIGFGD   -9.1650  -11.3524   -2.1874    0.5038
 9420 KLIGFGE   -7.8088  -10.3133   -2.5046    0.5038
 9421 KLFGIGE   -4.4180   -6.9226   -2.5046    0.5038
 9422 KLVGIGE   -4.4932   -8.5963   -4.1031    0.5038
 9423 KLVGVGE   -5.0853  -10.5628   -5.4774    0.5038
 9424 KLLGIGE   -4.3463   -8.8649   -4.5186    0.5038
 9425 KLLGIGE   -4.3463   -8.8649   -4.5186    0.5038
 9426 KLLGEGI   -5.5827  -10.1012   -4.5186    0.5038
 9427 KLIGEGV   -7.3300  -11.4332   -4.1031    0.5038
 9428 KLIGEGI   -6.5740   -9.3029   -2.7289    0.5038
 9429 KLIGEGI   -6.5740   -9.3029   -2.7289    0.5038
 9430 KLIGEGI   -6.5740   -9.3029   -2.7289    0.5038
 9431 KLIGEGW   -9.5808  -11.2242   -1.6434    0.5038
 9432 KLIGEGW   -9.5808  -11.2242   -1.6434    0.5038
 9433 KLFGEGW   -9.8767  -11.2959   -1.4191    0.5038
 9434 KLFGEGW   -9.8767  -11.2959   -1.4191    0.5038
 9435 KLFGEGW   -9.8767  -11.2959   -1.4191    0.5038
 9436 KLFGWGE   -9.5312  -10.9504   -1.4191    0.5038
 9437 KLFGWGE   -9.5312  -10.9504   -1.4191    0.5038
 9438 KLFGWGD  -10.5013  -11.6033   -1.1020    0.5038
 9439 KLFGWGD  -10.5013  -11.6033   -1.1020    0.5038
 9440 KLFGWGD  -10.5013  -11.6033   -1.1020    0.5038
 9441 KLFGWGD  -10.5013  -11.6033   -1.1020    0.5038
 9442 KLFGWGD  -10.5013  -11.6033   -1.1020    0.5038
 9443 KLFGWGD  -10.5013  -11.6033   -1.1020    0.5038
 9444 KLFGWGD  -10.5013  -11.6033   -1.1020    0.5038
 9445 KLFGWGD  -10.5013  -11.6033   -1.1020    0.5038
 9446 KLFGWGD  -10.5013  -11.6033   -1.1020    0.5038
 9447 KLIGWGD  -10.1264  -11.4527   -1.3263    0.5038
 9448 KLIGWGD  -10.1264  -11.4527   -1.3263    0.5038
 9449 KLLGWGD   -8.1930  -11.3090   -3.1160    0.5038
 9450 KLFGWGD  -10.2846  -11.3866   -1.1020    0.5038
 9451 KLWGFGD   -8.7612   -9.8632   -1.1020    0.5038
 9452 KLWGIGD   -6.9216   -8.2478   -1.3263    0.5038
 9453 KLVGIGD   -5.4416   -9.2277   -3.7860    0.5038
 9454 VLKGIGD   -4.9612   -8.7472   -3.7860    0.5038
 9455 VLKGIGD   -4.9612   -8.7472   -3.7860    0.5038
 9456 DLKGFGM   -4.6390   -8.0839   -3.4449    0.5038
 9457 DLKGFGM   -4.6390   -8.0839   -3.4449    0.5038
 9458 DLKGFGV   -4.6628   -8.1131   -3.4503    0.5038
 9459 DLKGFGV   -4.6628   -8.1131   -3.4503    0.5038
 9460 ELKGFGV   -5.4408   -9.2082   -3.7674    0.5038
 9461 ELKGFGV   -5.4408   -9.2082   -3.7674    0.5038
 9462 ELGKIGF   -5.1151   -7.5083   -2.3931    0.5038
 9463 KLEVGGF   -3.7590   -7.6378   -3.8789    0.5038
 9464 VLEKVGW   -5.5470   -8.6276   -3.0806    0.5038
 9465 VLEKVGL   -5.3669   -8.3226   -2.9557    0.5038
 9466 VLEKVGV   -6.3391   -8.6394   -2.3003    0.5038
 9467 VLEKVGM   -6.4246   -8.7195   -2.2949    0.5038
 9468 VLEKVGI   -7.0164   -8.7424   -1.7260    0.5038
 9469 VLEVKGI   -4.4170   -6.0316   -1.6146    0.5038
 9470 VLEVKGI   -4.4170   -6.0316   -1.6146    0.5038
 9471 ILEKVGV   -7.2562   -8.9822   -1.7260    0.5038
 9472 ILEKVGV   -7.2562   -8.9822   -1.7260    0.5038
 9473 ILEKVGM   -7.3067   -9.1073   -1.8006    0.5038
 9474 ILEKVGM   -7.3067   -9.1073   -1.8006    0.5038
 9475 ILERVGY   -2.0194   -7.1302   -5.1109    0.5038
 9476 ILDEMGY   -2.4598   -4.6941   -2.2343    0.5038
 9477 ILDGMDY   -2.8469   -4.6526   -1.8057    0.5038
 9478 FLDGVDY   -1.0115   -2.5983   -1.5869    0.5038
 9479 FLDGVEA    1.7134   -2.6457   -4.3591    0.5038
 9480 ALVGDEV   -1.6332   -7.8138   -6.1806    0.5038
 9481 MLVGVED   -5.8813   -8.7805   -2.8991    0.5038
 9482 MLVGVED   -5.8813   -8.7805   -2.8991    0.5038
 9483 MLVGVDE   -6.6739   -9.5730   -2.8991    0.5038
 9484 MLVGDEM   -4.5141   -7.4079   -2.8937    0.5038
 9485 MLVGDEM   -4.5141   -7.4079   -2.8937    0.5038
 9486 MLGVEEM   -4.7179   -7.8174   -3.0994    0.5038
 9487 MLGVEEM   -4.7179   -7.8174   -3.0994    0.5038
 9488 MLGMEVE   -7.4359  -10.4239   -2.9880    0.5038
 9489 MLGMEVE   -7.4359  -10.4239   -2.9880    0.5038
 9490 MLGMEIE   -6.1915   -8.7652   -2.5737    0.5038
 9491 MLGMEIE   -6.1915   -8.7652   -2.5737    0.5038
 9492 MLGMEIE   -6.1915   -8.7652   -2.5737    0.5038
 9493 RLGMIDM   -2.2206   -7.0311   -4.8106    0.5038
 9494 RLGMFDV   -3.5006   -7.9323   -4.4317    0.5038
 9495 ELVGFDM   -4.6146   -6.4923   -1.8777    0.5038
 9496 RLIGFDM   -1.3225   -7.5799   -6.2574    0.5038
 9497 RLIGFDM   -1.3225   -7.5799   -6.2574    0.5038
 9498 RLLGVDF   -1.4018   -8.8143   -7.4126    0.5038
 9499 RLLGVDV   -3.2924   -9.1836   -5.8911    0.5038
 9500 ELLGVDV   -4.2013   -7.5385   -3.3371    0.5038
 9501 LLKGVDV   -7.6504  -10.1775   -2.5271    0.5038
 9502 LLKGVDV   -7.6504  -10.1775   -2.5271    0.5038
 9503 LLKGVDV   -7.6504  -10.1775   -2.5271    0.5038
 9504 MLKGVDI   -6.9208   -8.2928   -1.3720    0.5038
 9505 KLMGVEI   -6.5223   -8.2114   -1.6891    0.5038
 9506 KLMGDVI   -6.8301   -8.3135   -1.4834    0.5038
 9507 KLMGDVV   -7.1315   -9.1093   -1.9777    0.5038
 9508 MLKGDVV   -8.0220   -9.9997   -1.9777    0.5038
 9509 MLKGVVD   -7.9441   -9.9218   -1.9777    0.5038
 9510 MLKGVVD   -7.9441   -9.9218   -1.9777    0.5038
 9511 DLKGVVM   -6.9517   -8.9294   -1.9777    0.5038
 9512 DLKGVVV   -6.9486   -8.9318   -1.9831    0.5038
 9513 DLKGMVV   -7.7713   -9.7490   -1.9777    0.5038
 9514 DLMGFMK   -7.0431   -8.2968   -1.2537    0.5038
 9515 DLMGFMK   -7.0431   -8.2968   -1.2537    0.5038
 9516 KLMGFMD   -7.0765   -8.3302   -1.2537    0.5038
 9517 KLMGFMD   -7.0765   -8.3302   -1.2537    0.5038
 9518 KLMGFVE   -7.1698   -8.6661   -1.4963    0.5038
 9519 DLMGFVE   -5.5871   -7.5763   -1.9891    0.5038
 9520 DLMGVVE   -5.2314   -8.0191   -2.7877    0.5038
 9521 ELMGYVE   -2.1223   -6.0481   -3.9257    0.5038
 9522 VLMGEEI   -4.2446   -6.9666   -2.7220    0.5038
 9523 VLEGEMI   -4.2898   -6.9003   -2.6106    0.5038
 9524 MLIGEVE   -9.0139  -11.6245   -2.6106    0.5038
 9525 MLIGEVE   -9.0139  -11.6245   -2.6106    0.5038
 9526 MLGIEVE   -8.0532  -10.5523   -2.4991    0.5038
 9527 MLGVELE   -7.0353  -10.7641   -3.7289    0.5038
 9528 MLGVELE   -7.0353  -10.7641   -3.7289    0.5038
 9529 MLGVELE   -7.0353  -10.7641   -3.7289    0.5038
 9530 MLGVEIE   -7.7750  -10.2741   -2.4991    0.5038
 9531 MLGVEIE   -7.7750  -10.2741   -2.4991    0.5038
 9532 MLGMEEI   -5.9356   -8.6207   -2.6851    0.5038
 9533 MLMGDEG   -1.6842   -7.8665   -6.1823    0.5038
 9534 MLVGDKF   -5.9135   -7.2041   -1.2906    0.5038
 9535 KLVGFMD   -7.5419   -8.7211   -1.1791    0.5038
 9536 KLVGFME   -7.7708   -9.2671   -1.4963    0.5038
 9537 KLVGFMD   -7.5204   -8.6996   -1.1791    0.5038
 9538 KLMGFMD   -7.8931   -9.1468   -1.2537    0.5038
 9539 KLMGFMD   -7.8931   -9.1468   -1.2537    0.5038
 9540 KLMGIMD   -7.1913   -8.7493   -1.5580    0.5038
 9541 KLMGIMD   -7.1913   -8.7493   -1.5580    0.5038
 9542 KLVGIMD   -6.8468   -8.3302   -1.4834    0.5038
 9543 KLVGMAD   -4.5213   -9.7750   -5.2537    0.5038
 9544 KLVGIVE   -8.0893   -9.8153   -1.7260    0.5038
 9545 KLVGIVD   -7.9140   -9.3229   -1.4089    0.5038
 9546 DLVGIVK   -6.8732   -8.2820   -1.4089    0.5038
 9547 DLVGVIK   -6.6577   -8.0665   -1.4089    0.5038
 9548 DLVGVKI   -8.4571   -9.7545   -1.2974    0.5038
 9549 DLVGYKI   -6.7098   -8.0281   -1.3183    0.5038
 9550 ELVGYKI   -6.4110   -8.0464   -1.6354    0.5038
 9551 ELVGYKI   -6.4110   -8.0464   -1.6354    0.5038
 9552 ELVGYKI   -6.4110   -8.0464   -1.6354    0.5038
 9553 GLVGIKE   -4.3081   -8.5227   -4.2146    0.5038
 9554 GLVGEKI   -4.1447   -8.3593   -4.2146    0.5038
 9555 LLVGEDV   -5.2644   -8.8244   -3.5600    0.5038
 9556 FLVGEDV   -7.8131   -9.8391   -2.0260    0.5038
 9557 FLVGEDV   -7.8131   -9.8391   -2.0260    0.5038
 9558 FLVGEDV   -7.8131   -9.8391   -2.0260    0.5038
 9559 FLVGEEV   -8.1070  -10.4501   -2.3431    0.5038
 9560 FLEVEGV   -6.4344   -8.5547   -2.1203    0.5038
 9561 FLDVEGV   -5.8714   -7.6745   -1.8031    0.5038
 9562 FLVVEGD   -9.4912  -11.5172   -2.0260    0.5038
 9563 FLVVEGD   -9.4912  -11.5172   -2.0260    0.5038
 9564 VLVVKGD   -5.4327   -7.5272   -2.0946    0.5038
 9565 KLVVVGD  -10.1479  -12.2425   -2.0946    0.5038
 9566 KLVVVGD  -10.1479  -12.2425   -2.0946    0.5038
 9567 KLVVVGD  -10.1479  -12.2425   -2.0946    0.5038
 9568 KLVVVGD  -10.1479  -12.2425   -2.0946    0.5038
 9569 KLLVVGD  -10.0499  -12.7999   -2.7500    0.5038
 9570 KLLVVGD  -10.0499  -12.7999   -2.7500    0.5038
 9571 KLLVVGD  -10.0499  -12.7999   -2.7500    0.5038
 9572 KLLVVGD  -10.0499  -12.7999   -2.7500    0.5038
 9573 KLLVVGD  -10.0499  -12.7999   -2.7500    0.5038
 9574 KLLVVGD  -10.0499  -12.7999   -2.7500    0.5038
 9575 KLLVVGD  -10.0499  -12.7999   -2.7500    0.5038
 9576 KLLVVGD  -10.0499  -12.7999   -2.7500    0.5038
 9577 KLLVVGD  -10.0499  -12.7999   -2.7500    0.5038
 9578 KLLDVGV   -6.8919   -9.4191   -2.5271    0.5038
 9579 KLLDVGV   -6.8919   -9.4191   -2.5271    0.5038
 9580 KLVDVGL   -7.0355   -9.5626   -2.5271    0.5038
 9581 KLVDVGL   -7.3528   -9.8799   -2.5271    0.4937
 9582 KLVLVGE   -7.5976  -10.6647   -3.0671    0.4937
 9583 KLMIVGE   -8.8415  -10.7535   -1.9120    0.4937
 9584 KLVLMGE   -9.0927  -12.2344   -3.1417    0.4937
 9585 KLVLMGE   -9.0927  -12.2344   -3.1417    0.4937
 9586 KLVVMGE   -8.4678  -10.8741   -2.4063    0.4937
 9587 KLVVVGD   -9.3684  -11.4630   -2.0946    0.4937
 9588 KLVVVGD   -9.3684  -11.4630   -2.0946    0.4937
 9589 KLVVMGD   -9.4668  -11.5560   -2.0891    0.4937
 9590 KLVMVGD   -9.3236  -11.4128   -2.0891    0.4937
 9591 KLMVVGD   -9.6671  -11.7562   -2.0891    0.4937
 9592 KLMYWGD   -7.4906   -9.8608   -2.3703    0.4937
 9593 KLMYFGD   -8.4252   -9.7366   -1.3114    0.4937
 9594 KLMYFGD   -8.4252   -9.7366   -1.3114    0.4937
 9595 KLMYFGD   -8.4252   -9.7366   -1.3114    0.4937
 9596 KLMYFGD   -8.4252   -9.7366   -1.3114    0.4937
 9597 KLMYMGD   -6.8785   -9.7831   -2.9046    0.4937
 9598 KLIYVGD   -7.9246   -9.4658   -1.5411    0.4937
 9599 KLIMMGD   -9.5670  -11.2364   -1.6694    0.4937
 9600 KLIMMGD   -9.5670  -11.2364   -1.6694    0.4937
 9601 KLIMMGE   -8.6399  -10.6265   -1.9866    0.4937
 9602 KLIMMGE   -8.6399  -10.6265   -1.9866    0.4937
 9603 KLIMMGE   -8.6399  -10.6265   -1.9866    0.4937
 9604 KLIMMGE   -8.6399  -10.6265   -1.9866    0.4937
 9605 KLIVMGE  -10.1935  -12.1055   -1.9120    0.4937
 9606 KLIVMGE  -10.1935  -12.1055   -1.9120    0.4937
 9607 KLIVMGE  -10.1935  -12.1055   -1.9120    0.4937
 9608 KLIVMGE  -10.1935  -12.1055   -1.9120    0.4937
 9609 GLIVMDD   -8.6651  -10.8643   -2.1991    0.4937
 9610 GLMVMDE   -8.3559  -11.3611   -3.0051    0.4937
 9611 GLMVWDD   -7.1106  -10.6643   -3.5537    0.4937
 9612 GLEVWYD   -4.8183   -7.8125   -2.9943    0.4937
 9613 GLEVMVE   -6.4457   -9.5506   -3.1049    0.4937
 9614 GLKVIVE   -8.0132   -9.7392   -1.7260    0.4937
 9615 GLKVIEV   -8.1854   -9.8000   -1.6146    0.4937
 9616 GLKVYEI   -6.6382   -8.2736   -1.6354    0.4937
 9617 GLKVFEI   -5.8155   -8.9515   -3.1360    0.4937
 9618 GLKVFEI   -5.8155   -8.9515   -3.1360    0.4937
 9619 GLKEFVI   -3.9870   -7.3458   -3.3589    0.4937
 9620 GLKDIVF   -3.1798   -6.2216   -3.0417    0.4937
 9621 GLKVIDV   -8.3760   -9.6735   -1.2974    0.4937
 9622 GLVVIDK   -8.2231   -9.8548   -1.6317    0.4937
 9623 GLKVIDV   -8.8672  -10.1646   -1.2974    0.4937
 9624 GLKVIDV   -8.8672  -10.1646   -1.2974    0.4937
 9625 GLKVIDV   -8.9369  -10.2343   -1.2974    0.4937
 9626 GLKVVDV   -8.7202  -10.5919   -1.8717    0.4937
 9627 GLKVVDV   -8.7202  -10.5919   -1.8717    0.4937
 9628 GLKVVDV   -8.7202  -10.5919   -1.8717    0.4937
 9629 GLKVVEV   -8.7670  -10.9558   -2.1889    0.4937
 9630 GLKVVDI   -8.9857  -10.2831   -1.2974    0.4937
 9631 GLKVVDI   -8.9857  -10.2831   -1.2974    0.4937
 9632 GLKVYDF   -7.6362   -8.7302   -1.0940    0.4937
 9633 GLKVIDF   -7.2155  -10.0343   -2.8189    0.4937
 9634 GLKVIEF   -7.1273  -10.2633   -3.1360    0.4937
 9635 GLKVFEV   -9.1643  -10.4746   -1.3103    0.4937
 9636 GLKVFEV   -9.1643  -10.4746   -1.3103    0.4937
 9637 GLKVFEV   -9.1643  -10.4746   -1.3103    0.4937
 9638 GLKVEVF   -8.7522  -10.0625   -1.3103    0.4937
 9639 GLDVEVF   -6.2798   -8.0829   -1.8031    0.4937
 9640 GLVVFDE   -8.7458  -10.8832   -2.1374    0.4937
 9641 GLVVFDE   -8.7458  -10.8832   -2.1374    0.4937
 9642 GLVVMDE   -8.2759  -11.2864   -3.0106    0.4937
 9643 GLVVVDD   -9.1512  -11.8501   -2.6989    0.4937
 9644 GLIVVDD   -9.2743  -11.3989   -2.1246    0.4937
 9645 GLVVVDD   -9.1059  -11.8047   -2.6989    0.4937
 9646 GLVVVDD   -9.1059  -11.8047   -2.6989    0.4937
 9647 DLVVGDV   -5.1953   -7.6713   -2.4760    0.4937
 9648 DLMVDVG   -6.4186   -8.8892   -2.4706    0.4937
 9649 GLMVDVD   -8.2242  -10.6948   -2.4706    0.4937
 9650 MLGVDVK   -6.1576   -8.0239   -1.8663    0.4937
 9651 MLGMEVD   -7.0553   -9.7262   -2.6709    0.4937
 9652 MLGMEVD   -7.0553   -9.7262   -2.6709    0.4937
 9653 FLGMEVD   -6.5771   -8.4548   -1.8777    0.4937
 9654 FLGMEVD   -7.3694   -9.2471   -1.8777    0.4937
 9655 FLMGEVD   -8.4858  -10.4749   -1.9891    0.4937
 9656 MLFGEVD   -8.2117  -10.2008   -1.9891    0.4937
 9657 MLVGEVD   -8.1835  -10.9712   -2.7877    0.4937
 9658 MLVGDVD   -6.9462   -9.4168   -2.4706    0.4937
 9659 FLVGDVD   -7.2790   -8.8765   -1.5974    0.4937
 9660 FLVGEVD   -8.1165  -10.0310   -1.9146    0.4937
 9661 FLVGEVD   -8.1165  -10.0310   -1.9146    0.4937
 9662 FLGVEVE   -6.2277   -8.3480   -2.1203    0.4937
 9663 FLGVEVE   -6.2277   -8.3480   -2.1203    0.4937
 9664 FLEVEVG   -6.0609   -8.1812   -2.1203    0.4937
 9665 FLEVGVE   -4.9614   -7.0817   -2.1203    0.4937
 9666 FLKVGVE   -6.0604   -7.3707   -1.3103    0.4937
 9667 GLKVFVE   -6.6535   -8.0752   -1.4217    0.4937
 9668 GLKVFDV   -7.9839   -8.9771   -0.9931    0.4937
 9669 GLKVFDV   -7.9839   -8.9771   -0.9931    0.4937
 9670 GLDVFVD   -5.6092   -7.2066   -1.5974    0.4937
 9671 GLFVDVK   -7.0110   -8.1156   -1.1046    0.4937
 9672 ALFVDDV   -3.7448   -7.2325   -3.4877    0.4937
 9673 ALMVEKV   -3.8714   -6.3765   -2.5051    0.4937
 9674 MLGVDVE   -6.3735   -9.0498   -2.6763    0.4937
 9675 MLAVEVE   -7.5864  -10.7902   -3.2037    0.4937
 9676 MLVAEVK   -8.3100  -10.7037   -2.3937    0.4937
 9677 DLVVMAK   -7.7866   -9.9746   -2.1880    0.4937
 9678 MLAVKVK   -2.5206   -5.3843   -2.8637    0.4937
 9679 MLVAKVD   -6.8916   -8.9682   -2.0766    0.4937
 9680 MLVAEVD   -9.4662  -12.3528   -2.8866    0.4937
 9681 MLVAEDV   -7.8635  -10.8615   -2.9980    0.4937
 9682 MLGVEVD   -7.4343  -10.1105   -2.6763    0.4937
 9683 VLVMEGE   -7.7597  -10.9760   -3.2163    0.4937
 9684 GLEMEVV   -4.4015   -7.3949   -2.9934    0.4937
 9685 MLEGEVV   -5.2425   -8.3474   -3.1049    0.4937
 9686 MLKGEVV  -10.6823  -12.9771   -2.2949    0.4937
 9687 MLKGEVV  -10.6823  -12.9771   -2.2949    0.4937
 9688 MLKGEVV  -10.6823  -12.9771   -2.2949    0.4937
 9689 MLKGEVV  -10.6823  -12.9771   -2.2949    0.4937
 9690 MLKGVVD  -10.4960  -12.4737   -1.9777    0.4937
 9691 MLKGVVD  -10.4960  -12.4737   -1.9777    0.4937
 9692 MLKGVVD  -10.4960  -12.4737   -1.9777    0.4937
 9693 MLKGFVD  -10.6735  -11.8527   -1.1791    0.4937
 9694 MLKGFVD  -10.6735  -11.8527   -1.1791    0.4937
 9695 MLKGFVD  -10.6735  -11.8527   -1.1791    0.4937
 9696 MLKGFVE  -10.4403  -11.9365   -1.4963    0.4937
 9697 MLKGVEV  -11.0733  -13.2567   -2.1834    0.4937
 9698 MLKGVEV  -11.0733  -13.2567   -2.1834    0.4937
 9699 MLKGFEV  -11.2867  -12.6715   -1.3849    0.4937
 9700 MLKGFEV  -11.2867  -12.6715   -1.3849    0.4937
 9701 FLKGMEV   -9.4316  -10.8165   -1.3849    0.4937
 9702 FLKGYEV   -7.7907   -9.2018   -1.4111    0.4937
 9703 FLKGVEG   -6.5815  -10.4604   -3.8789    0.4937
 9704 FLKGVEG   -6.5815  -10.4604   -3.8789    0.4937
 9705 FLKGIEV   -6.6613   -9.7972   -3.1360    0.4937
 9706 FLKGVEI   -7.5476  -10.6836   -3.1360    0.4937
 9707 FLKGAEI   -7.5860  -10.0780   -2.4920    0.4937
 9708 FLKGAEI   -7.5860  -10.0780   -2.4920    0.4937
 9709 FLKGGEI   -6.8977   -9.5137   -2.6160    0.4937
 9710 FLKGGEI   -6.8977   -9.5137   -2.6160    0.4937
 9711 GLKGFEI   -7.9033  -10.2964   -2.3931    0.4937
 9712 GLKGFIE   -6.5183   -9.0229   -2.5046    0.4937
 9713 GLKGEMF   -6.6225  -10.4960   -3.8734    0.4937
 9714 LLKGEGF   -5.0036   -9.2979   -4.2943    0.4937
 9715 LLFGEGK   -4.4894   -8.8951   -4.4057    0.4937
 9716 YLFGDGK   -2.7391   -7.2331   -4.4940    0.4937
 9717 YLFGDGK   -2.7391   -7.2331   -4.4940    0.4937
 9718 FLFGDGE   -4.0546   -6.9392   -2.8846    0.4937
 9719 FLFGDGD   -5.1906   -7.7581   -2.5674    0.4937
 9720 KLFGDGF   -6.8664   -8.8295   -1.9631    0.4937
 9721 KLFGEGW   -8.1917   -9.6109   -1.4191    0.4937
 9722 KLLGEGW   -8.6316  -12.0647   -3.4331    0.4937
 9723 KLLGEGW   -8.6316  -12.0647   -3.4331    0.4937
 9724 KLLGEGW   -8.6316  -12.0647   -3.4331    0.4937
 9725 KLLGEGW   -8.6316  -12.0647   -3.4331    0.4937
 9726 KLWGEGW   -7.8834  -10.6814   -2.7980    0.4937
 9727 KLGFDGW   -6.9042   -7.8948   -0.9906    0.4937
 9728 KLGWDGF   -6.0379   -7.0285   -0.9906    0.4937
 9729 KLGDWGI   -4.8102   -6.0250   -1.2149    0.4937
 9730 ILGDWGE   -4.6008   -6.7371   -2.1363    0.4937
 9731 GLGIWDE   -7.8025  -10.0502   -2.2477    0.4937
 9732 GLGIWDE   -7.8025  -10.0502   -2.2477    0.4937
 9733 GLGIWDE   -7.8025  -10.0502   -2.2477    0.4937
 9734 GLGIWDE   -7.8025  -10.0502   -2.2477    0.4937
 9735 GLGIWDE   -7.8025  -10.0502   -2.2477    0.4937
 9736 GLGIWED   -7.7441   -9.9918   -2.2477    0.4937
 9737 GLGIWEE   -7.4389  -10.0038   -2.5649    0.4937
 9738 GLGIWEE   -7.4389  -10.0038   -2.5649    0.4937
 9739 GLGWIEE   -4.6476   -7.2125   -2.5649    0.4937
 9740 GLGWIEE   -4.6476   -7.2125   -2.5649    0.4937
 9741 GLGWIEE   -4.6476   -7.2125   -2.5649    0.4937
 9742 GLGLIED   -3.9298   -9.0526   -5.1229    0.4937
 9743 GLGLVDD   -3.8600  -10.0400   -6.1800    0.4937
 9744 GLGLVDD   -3.8600  -10.0400   -6.1800    0.4937
 9745 GLVGVKD   -5.6015  -10.8732   -5.2717    0.4937
 9746 KLVGVGE   -3.6973   -9.1747   -5.4774    0.4937
 9747 KLVGVLD   -7.1313   -9.7699   -2.6386    0.4937
 9748 LLVGVKD   -6.2224   -8.9724   -2.7500    0.4937
 9749 LLVGDKV   -5.4059   -8.1559   -2.7500    0.4937
 9750 LLVGKVD   -4.3886   -7.0272   -2.6386    0.4937
 9751 LLVGEVD   -6.5156   -9.9642   -3.4486    0.4937
 9752 LLVGEVD   -6.5156   -9.9642   -3.4486    0.4937
 9753 VLVGELD   -4.7403   -8.1889   -3.4486    0.4937
 9754 LLVGDMD   -6.4990   -9.7050   -3.2060    0.4937
 9755 LLVGDVD   -7.7575  -10.8890   -3.1314    0.4937
 9756 LLVGDVD   -7.7866  -10.9181   -3.1314    0.4937
 9757 MLVGDVD   -6.0768   -8.5474   -2.4706    0.4937
 9758 MLVGDDV   -4.3309   -6.9129   -2.5820    0.4937
 9759 MLVGEDV   -8.1072  -11.0063   -2.8991    0.4937
 9760 MLKGVVD   -9.9541  -11.9318   -1.9777    0.4937
 9761 MLKGVVD   -9.9541  -11.9318   -1.9777    0.4937
 9762 MLKGDVV   -9.5545  -11.5323   -1.9777    0.4937
 9763 MLKGDVV   -9.5545  -11.5323   -1.9777    0.4937
 9764 MLKGDVV   -9.5545  -11.5323   -1.9777    0.4937
 9765 MLKGDVV   -9.5545  -11.5323   -1.9777    0.4937
 9766 KLMGDVV   -7.9091   -9.8868   -1.9777    0.4937
 9767 KLMGDVV   -7.9091   -9.8868   -1.9777    0.4937
 9768 KLWGVVD   -5.0530   -7.8164   -2.7634    0.4937
 9769 KLVGGVD   -4.7391  -10.0108   -5.2717    0.4937
 9770 KLVGVGD   -3.8888   -9.0491   -5.1603    0.4937
 9771 KLVGVID   -6.4918   -7.9006   -1.4089    0.4937
 9772 KLLGDVV   -7.3982  -10.0368   -2.6386    0.4937
 9773 KLVGDVV   -7.5860   -9.5692   -1.9831    0.4937
 9774 KLVGDVV   -7.5860   -9.5692   -1.9831    0.4937
 9775 KLVGWVD   -8.0611  -10.8245   -2.7634    0.4937
 9776 KLVGMVD   -8.9980  -10.9757   -1.9777    0.4937
 9777 KLVGMVD   -8.9980  -10.9757   -1.9777    0.4937
 9778 KLIGMVD   -9.9462  -11.4296   -1.4834    0.4937
 9779 KLIGVME   -7.3063   -9.1069   -1.8006    0.4937
 9780 KLIGVVE   -7.9012   -9.6272   -1.7260    0.4937
 9781 KLIGVVE   -7.9012   -9.6272   -1.7260    0.4937
 9782 KLIGVVE   -9.0984  -10.8244   -1.7260    0.4611
 9783 KLIGVVE   -9.0984  -10.8244   -1.7260    0.4611
 9784 KLIGVVD   -9.1217  -10.5305   -1.4089    0.4611
 9785 KLMGVVD   -8.3785  -10.3562   -1.9777    0.4611
 9786 KLMGVVD   -8.3785  -10.3562   -1.9777    0.4611
 9787 KLMGYVD   -6.6965   -9.4950   -2.7986    0.4611
 9788 KLVGYVD   -6.4343   -9.2383   -2.8040    0.4611
 9789 KLFGYVD   -6.7713   -7.9767   -1.2054    0.4611
 9790 KLFGVVD   -7.7831   -8.8877   -1.1046    0.4611
 9791 KLFGAVD   -5.6172   -9.2778   -3.6606    0.4611
 9792 KLFGDVA   -4.8599   -8.5205   -3.6606    0.4611
 9793 KLFGDVI   -5.6510   -8.5813   -2.9303    0.4611
 9794 DLFGKVV   -4.3340   -5.4386   -1.1046    0.4611
 9795 DLFGEVV   -4.5523   -6.4669   -1.9146    0.4611
 9796 DLIGKVV   -5.5292   -6.9381   -1.4089    0.4611
 9797 DLIGVVK   -7.7953   -9.2042   -1.4089    0.4611
 9798 DLIGVVK   -7.7953   -9.2042   -1.4089    0.4611
 9799 DLKGIVV   -7.3454   -8.7542   -1.4089    0.4611
 9800 DLKGIVV   -7.3454   -8.7542   -1.4089    0.4611
 9801 DLVGIVE   -5.2601   -7.4790   -2.2189    0.4611
 9802 DLVGMVE   -5.7204   -8.5081   -2.7877    0.4611
 9803 RLIGVVE   -3.9331   -9.0231   -5.0900    0.4611
 9804 VLIGEDV   -6.9577   -9.2879   -2.3303    0.4611
 9805 VLIGKDV   -4.8871   -6.4074   -1.5203    0.4611
 9806 VLIGDDV   -6.4463   -8.4594   -2.0131    0.4611
 9807 VLIGDRV   -3.9651   -8.8494   -4.8843    0.4611
 9808 ILIGEKV   -6.3814  -10.0445   -3.6631    0.4611
 9809 ILIGEKG   -6.8457   -9.7974   -2.9517    0.4611
 9810 ILIGEKM   -6.6578  -10.3955   -3.7377    0.4611
 9811 ILVGGKE   -4.2541   -8.6915   -4.4374    0.4611
 9812 VLIGGKD   -3.9840   -8.1043   -4.1203    0.4611
 9813 ALIGVKD   -4.4810   -8.4773   -3.9963    0.4611
 9814 ALKGVIE   -5.0817   -9.2837   -4.2020    0.4611
 9815 ALKGVID   -5.0877   -8.9726   -3.8849    0.4611
 9816 ALIGVKD   -6.9369  -10.9331   -3.9963    0.4611
 9817 ALIGVKE   -6.9244  -11.2378   -4.3134    0.4611
 9818 ALIGEKV   -6.8133  -11.1267   -4.3134    0.4611
 9819 ALIGEKV   -6.8133  -11.1267   -4.3134    0.4611
 9820 ALIGEKW   -7.4609  -10.7946   -3.3337    0.4611
 9821 ALIGEKI   -8.2113  -11.1504   -2.9391    0.4611
 9822 ALIGEKI   -8.2113  -11.1504   -2.9391    0.4611
 9823 ALIGDKI   -7.4453  -10.0673   -2.6220    0.4611
 9824 ALIGDKI   -7.4453  -10.0673   -2.6220    0.4611
 9825 ALIGDID   -6.3021   -9.3055   -3.0034    0.4611
 9826 GLIGDID   -5.7199   -8.6245   -2.9046    0.4611
 9827 GLLGDIK   -4.9582   -9.1596   -4.2014    0.4611
 9828 GLLGEIK   -5.2705   -9.7891   -4.5186    0.4611
 9829 ALLGDIE   -5.5583  -10.6686   -5.1103    0.4611
 9830 ALLGEIE   -5.7788  -11.2062   -5.4274    0.4611
 9831 ALIGDEL   -3.1452   -8.3669   -5.2217    0.4611
 9832 ALIGDEW   -3.0051   -6.8316   -3.8266    0.4611
 9833 ALIGWKD   -6.8674   -9.8839   -3.0166    0.4611
 9834 ALIGWKD   -6.8674   -9.8839   -3.0166    0.4611
 9835 ALIGWKD   -6.5839   -9.6005   -3.0166    0.4611
 9836 KLIGFAD   -5.2974   -7.5837   -2.2863    0.4611
 9837 KLIGFAD   -5.2974   -7.5837   -2.2863    0.4611
 9838 ELIGFAD   -4.0162   -7.1125   -3.0963    0.4611
 9839 RLIGAFD   -4.5888  -10.2391   -5.6503    0.4611
 9840 KLIGMFD   -7.7596  -10.7644   -3.0049    0.4611
 9841 KLMGMFD   -9.1606  -10.4143   -1.2537    0.4611
 9842 KLMGMFD   -9.1606  -10.4143   -1.2537    0.4611
 9843 KLIGMFD   -7.7096  -10.7144   -3.0049    0.4611
 9844 KLIGYMD   -8.1802   -9.6045   -1.4243    0.4611
 9845 KLIGMYD   -7.9765   -9.4008   -1.4243    0.4611
 9846 KLIGMYE   -6.8281   -8.5695   -1.7414    0.4611
 9847 KLIGMME   -7.8347   -9.7098   -1.8751    0.4611
 9848 KLIGEMY   -7.2270   -8.9685   -1.7414    0.4611
 9849 KLIGDMY   -6.7478   -8.1721   -1.4243    0.4611
 9850 KLIGYMD   -7.6087   -9.0330   -1.4243    0.4611
 9851 KLIGYYD   -5.7279   -7.9784   -2.2506    0.4611
 9852 KLIGVYD   -7.0138   -8.4435   -1.4297    0.4611
 9853 KLIGDYV   -7.0775   -8.5072   -1.4297    0.4611
 9854 KLIGVYD   -7.0923   -8.5220   -1.4297    0.4611
 9855 KLFGVGD   -6.2273   -9.7890   -3.5617    0.4611
 9856 KLFGVGE   -6.6191  -10.4980   -3.8789    0.4611
 9857 KLFGVGE   -6.6191  -10.4980   -3.8789    0.4611
 9858 KLFGVGE   -6.6191  -10.4980   -3.8789    0.4611
 9859 KLIGVGE   -6.6704  -10.7735   -4.1031    0.4611
 9860 KLIGIGE   -5.9946   -8.7234   -2.7289    0.4611
 9861 KLIGIGD   -5.6734   -8.0851   -2.4117    0.4611
 9862 KLIGVGD   -6.3259  -10.1119   -3.7860    0.4611
 9863 KLWGDGV   -6.0144   -8.7149   -2.7006    0.4611
 9864 KLWGDGV   -6.0144   -8.7149   -2.7006    0.4611
 9865 KLLGDGW   -6.4765   -9.5925   -3.1160    0.4611
 9866 WLLGKGD   -4.6950   -7.9224   -3.2274    0.4611
 9867 WLVGKGD   -4.3934   -7.2054   -2.8120    0.4611
 9868 WLVGKGE   -4.3969   -7.5260   -3.1291    0.4611
 9869 ELWGVGK   -4.0815   -7.0993   -3.0177    0.4611
 9870 KLGWVGD   -7.1373   -9.8379   -2.7006    0.4611
 9871 KLGWVGE   -5.9351   -8.9528   -3.0177    0.4611
 9872 KLGWVGE   -5.9351   -8.9528   -3.0177    0.4611
 9873 KLGWFGE   -7.3825   -8.8017   -1.4191    0.4611
 9874 KLGFWGE   -7.1692   -8.5884   -1.4191    0.4611
 9875 KLGWMGE   -3.9676   -6.9799   -3.0123    0.4611
 9876 KLGWVGD   -5.8777   -8.5783   -2.7006    0.4611
 9877 DLGVWGK   -5.0286   -7.7292   -2.7006    0.4611
 9878 DLMVWGD   -3.2077   -6.6500   -3.4423    0.4611
 9879 RLMVWGD   -3.2634   -9.5768   -6.3134    0.4611
 9880 RLMVIGD   -2.9099   -7.8688   -4.9589    0.4611
 9881 RLMVMGD   -3.2637   -8.7114   -5.4477    0.4611
 9882 RLMVDGV   -2.9335   -8.2752   -5.3417    0.4611
 9883 RLLVEGV   -5.8147  -12.1344   -6.3197    0.4611
 9884 RLVLEGV   -4.3286  -10.6483   -6.3197    0.4611
 9885 RLIVEGV   -7.2220  -12.3120   -5.0900    0.4611
 9886 RLIVEGV   -7.2220  -12.3120   -5.0900    0.4611
 9887 ELIVEGV   -7.6134  -10.1494   -2.5360    0.4611
 9888 RLIVDGV   -6.6184  -11.3913   -4.7729    0.4611
 9889 RLVVEGI   -6.7892  -11.8792   -5.0900    0.4611
 9890 RLVVEGI   -6.7892  -11.8792   -5.0900    0.4611
 9891 RLVIDGV   -6.1535  -10.9263   -4.7729    0.4611
 9892 VLVIEGE   -8.4641  -11.1115   -2.6474    0.4611
 9893 GLVIEGD   -6.4760  -11.1834   -4.7074    0.4611
 9894 GLVIEDG   -6.4993  -11.3181   -4.8189    0.4611
 9895 GLVIEEY   -7.3026   -9.9709   -2.6683    0.4611
 9896 GLVIEDG   -6.4651  -11.2840   -4.8189    0.4611
 9897 GLVIEDV   -8.8347  -11.1650   -2.3303    0.4611
 9898 GLIVVED   -8.0637  -10.5054   -2.4417    0.4611
 9899 ELIVGVD   -4.3323   -6.5511   -2.2189    0.4611
 9900 ILGVEGK   -5.0306   -9.1337   -4.1031    0.4611
 9901 ILGIEGK   -6.9156   -9.6445   -2.7289    0.4611
 9902 ILGIEKG   -5.0534   -7.8937   -2.8403    0.4611
 9903 ILGIGED   -5.1239   -8.4570   -3.3331    0.4611
 9904 ILGIGDK   -5.1510   -7.6742   -2.5231    0.4611
 9905 ILIGGDE   -5.6697   -9.2257   -3.5560    0.4611
 9906 KLIGGDI   -5.6049   -8.1280   -2.5231    0.4611
 9907 KLIGGDI   -5.6049   -8.1280   -2.5231    0.4611
 9908 KLVGGDI   -3.9778   -7.8752   -3.8974    0.4611
 9909 KLVGMEL   -6.7758   -9.6947   -2.9189    0.4611
 9910 LLVGMEK   -5.1790   -8.3207   -3.1417    0.4611
 9911 KLDGMVL   -3.9326   -6.6457   -2.7131    0.4611
 9912 KLDGMVL   -3.9326   -6.6457   -2.7131    0.4611
 9913 KLVGMEM   -5.7204   -7.8984   -2.1780    0.4611
 9914 KLVGMEY   -4.8433   -7.8476   -3.0043    0.4611
 9915 KLVGMDG   -4.5024   -9.6573   -5.1549    0.4611
 9916 YLVGMDK   -4.3467   -7.2567   -2.9100    0.4611
 9917 KLVGVDF   -4.1169   -5.1101   -0.9931    0.4611
 9918 KLVGFDV   -6.8912   -7.8844   -0.9931    0.4611
 9919 KLDGFVV   -3.3194   -4.4240   -1.1046    0.4611
 9920 KLDGFMV   -2.6567   -3.8359   -1.1791    0.4611
 9921 KLFGEMV   -2.4950   -3.9913   -1.4963    0.4611
 9922 KLVGMFD   -6.0336   -7.2128   -1.1791    0.4611
 9923 KLFGMVD   -6.3734   -7.5525   -1.1791    0.4611
 9924 KLFGMVD   -6.3734   -7.5525   -1.1791    0.4611
 9925 KLVGMFD   -6.7027   -7.8819   -1.1791    0.4611
 9926 KLVGMFD   -6.7027   -7.8819   -1.1791    0.4611
 9927 KLMGMFD   -6.9570   -8.2107   -1.2537    0.4611
 9928 KLMGMFD   -6.9570   -8.2107   -1.2537    0.4611
 9929 KLMGMFD   -6.9570   -8.2107   -1.2537    0.4611
 9930 KLMGFMD   -6.5358   -7.7895   -1.2537    0.4611
 9931 KLMGFMD   -6.5358   -7.7895   -1.2537    0.4611
 9932 KLMGMMD   -5.5092   -7.4761   -1.9669    0.4611
 9933 KLMGFME   -5.5439   -7.1148   -1.5709    0.4611
 9934 KLMGFME   -5.5439   -7.1148   -1.5709    0.4611
 9935 KLFGMME   -4.8329   -6.4038   -1.5709    0.4611
 9936 KLGMFME   -4.5521   -6.1229   -1.5709    0.4611
 9937 KLMGMMD   -5.8183   -7.7851   -1.9669    0.4611
 9938 KLMGMMD   -5.8183   -7.7851   -1.9669    0.4611
 9939 KLMGMME   -5.5501   -7.8341   -2.2840    0.4611
 9940 KLVGEMM   -5.6285   -7.9180   -2.2894    0.4611
 9941 KLLGDMM   -3.7021   -6.4899   -2.7877    0.4611
 9942 MLLGYKD   -2.4800   -5.8054   -3.3254    0.4611
 9943 YLEGYLD    0.7215   -4.1288   -4.8503    0.4611
 9944 YLEGYID   -1.4000   -4.4605   -3.0606    0.4611
 9945 YLIGAKD   -1.4391   -6.2563   -4.8171    0.4611
 9946 ILYGKAD   -1.4132   -6.1189   -4.7057    0.4611
 9947 KLMGMAE   -6.4847  -12.0501   -5.5654    0.4611
 9948 MLKGFAE   -7.7355  -11.7078   -3.9723    0.4611
 9949 MLKGFAE   -7.7355  -11.7078   -3.9723    0.4611
 9950 VLKGFAD   -6.6673  -10.3279   -3.6606    0.4611
 9951 VLKGFAD   -6.6673  -10.3279   -3.6606    0.4611
 9952 VLKGDAF   -6.1652   -9.8257   -3.6606    0.4611
 9953 VLKGDMF   -6.1397   -7.3189   -1.1791    0.4611
 9954 VLKGDMF   -6.1397   -7.3189   -1.1791    0.4611
 9955 VLKGDMF   -6.1397   -7.3189   -1.1791    0.4611
 9956 KLMGDMF   -4.1848   -5.4385   -1.2537    0.4611
 9957 MLKGDMV   -5.0714   -7.0437   -1.9723    0.4611
 9958 MLKGDMI   -5.1510   -6.7090   -1.5580    0.4611
 9959 ILKGEMI   -3.3793   -7.0056   -3.6263    0.4611
 9960 MLKGEII   -3.6214   -7.2476   -3.6263    0.4611
 9961 MLKGIDI   -5.8148   -9.0125   -3.1977    0.4611
 9962 KLIGMDM   -8.3382   -9.7848   -1.4466    0.4611
 9963 KLIGMDM   -8.3382   -9.7848   -1.4466    0.4611
 9964 KLMGDIM   -7.3515   -8.9095   -1.5580    0.4611
 9965 MLMGDIK   -6.9596   -8.5176   -1.5580    0.4611
 9966 MLVGKID   -6.2087   -7.6922   -1.4834    0.4611
 9967 MLKGVVD   -9.3498  -11.3275   -1.9777    0.4611
 9968 MLKGVVD   -9.3498  -11.3275   -1.9777    0.4611
 9969 MLKGIVD   -8.7260  -10.2094   -1.4834    0.4611
 9970 MLKGIVD   -8.7260  -10.2094   -1.4834    0.4611
 9971 MLKGIVD   -8.7260  -10.2094   -1.4834    0.4611
 9972 MLIGEVK   -8.9065  -10.7071   -1.8006    0.4611
 9973 MLKGEVI   -9.0125  -10.8131   -1.8006    0.4611
 9974 MLKGIVE   -8.9866  -10.7872   -1.8006    0.4611
 9975 MLKGYVE   -7.2193  -10.3350   -3.1157    0.4611
 9976 MLKGYVD   -7.8742  -10.6728   -2.7986    0.4611
 9977 MLKGYVD   -7.8742  -10.6728   -2.7986    0.4611
 9978 KLMGYVD   -6.3660   -9.1646   -2.7986    0.4611
 9979 MLKGIVD   -5.9460   -7.4294   -1.4834    0.4611
 9980 MLKGVID   -5.8356   -7.3190   -1.4834    0.4611
 9981 KLMGVID   -5.6847   -7.1681   -1.4834    0.4611
 9982 KLMGFMD   -6.1343   -7.3880   -1.2537    0.4611
 9983 KLMGFMD   -5.8754   -7.1291   -1.2537    0.4186
 9984 KLMGFVD   -7.1646   -8.3437   -1.1791    0.4186
 9985 KLMGMVD   -5.8287   -7.8010   -1.9723    0.4186
 9986 KLVGFVD   -8.1646   -9.2692   -1.1046    0.4186
 9987 KLVGFVD   -8.1646   -9.2692   -1.1046    0.4186
 9988 KLVGFVE   -7.0931   -8.5149   -1.4217    0.4186
 9989 KLVGFME   -6.0957   -7.5920   -1.4963    0.4186
 9990 KLVGFMD   -7.1948   -8.3739   -1.1791    0.4186
 9991 KLVGFMD   -7.1948   -8.3739   -1.1791    0.4186
 9992 KLVGFMD   -7.1948   -8.3739   -1.1791    0.4186
 9993 KLVGFMD   -7.1948   -8.3739   -1.1791    0.4186
 9994 KLVGFMD   -7.1948   -8.3739   -1.1791    0.4186
 9995 MLVGFKD   -6.0529   -7.3435   -1.2906    0.4186
 9996 MLVGFDD   -6.5170   -8.3005   -1.7834    0.4186
 9997 KLVGVMD   -7.9830   -9.9607   -1.9777    0.4186
 9998 KLVGMMD   -8.0881  -10.0604   -1.9723    0.4186
 9999 KLVGMME   -7.3038   -9.5932   -2.2894    0.4186
10000 KLGFVME   -5.2943   -6.7906   -1.4963    0.4186
