    0 DLMMGVR    2.6842   -2.6521   -5.3363    0.0000
    1 DLMMGVK   -0.8531   -2.8254   -1.9723    0.0000
    2 MDLMGVK   -2.4920   -4.3528   -1.8609    0.0000
    3 MDMLGVK   -2.9138   -4.7747   -1.8609    0.0000
    4 MMLVGDK   -7.3636   -9.5588   -2.1951    0.0000
    5 MMMVGDK   -7.5730   -9.3473   -1.7743    0.0000
    6 GMMVKDM   -4.0648   -5.7277   -1.6629    0.0000
    7 MKMVMGD   -7.6824   -9.2338   -1.5514    0.0000
    8 MKMVMGD   -7.6824   -9.2338   -1.5514    0.0000
    9 MKMVMGD   -7.6824   -9.2338   -1.5514    0.0000
   10 MKMVMGD   -7.6824   -9.2338   -1.5514    0.0000
   11 MKMVMGD   -7.6824   -9.2338   -1.5514    0.0000
   12 MKMMDGM   -6.7516   -8.1862   -1.4346    0.0000
   13 MKMMDGM   -6.7516   -8.1862   -1.4346    0.0000
   14 MMMLDGK   -6.5346   -8.6129   -2.0783    0.0000
   15 MKMIDGM   -9.2410   -9.3067   -0.0657    0.0000
   16 MKIIDGM  -10.0072  -10.2240   -0.2169    0.0000
   17 MKILDGY   -9.7987  -11.1115   -1.3129    0.0000
   18 MKILDGY   -9.7987  -11.1115   -1.3129    0.0000
   19 MKILDGY   -9.7987  -11.1115   -1.3129    0.0000
   20 MKILDGY   -9.7987  -11.1115   -1.3129    0.0000
   21 MKIIDGY  -11.2394  -10.8025    0.4369    0.0000
   22 IKVIDGY  -10.6324  -10.1609    0.4714    0.0000
   23 KIIVDGY  -11.5730  -11.2130    0.3600    0.0000
   24 KIIVYGD  -10.7454  -10.4968    0.2486    0.0000
   25 KIIVYGD  -10.7454  -10.4968    0.2486    0.0000
   26 IKIVYDG   -8.0322   -7.6722    0.3600    0.0000
   27 IKIVYDG   -8.0322   -7.6722    0.3600    0.0000
   28 IKIVYDG   -8.0322   -7.6722    0.3600    0.0000
   29 IKIVYDG   -8.0322   -7.6722    0.3600    0.0000
   30 IKIVFDG   -6.0800   -7.7806   -1.7006    0.0000
   31 IKIVFEG   -6.0335   -8.0512   -2.0177    0.0000
   32 IKIVFEG   -6.0335   -8.0512   -2.0177    0.0000
   33 IKVIFDG   -8.0817   -9.7822   -1.7006    0.0000
   34 IKMIFDG   -6.9246   -8.6997   -1.7751    0.0000
   35 IKVIFDG   -8.0804   -9.7810   -1.7006    0.0000
   36 IKVIFGD   -8.5871  -10.2877   -1.7006    0.0000
   37 IGVIMED   -9.2800  -10.4552   -1.1751    0.0000
   38 IMVMGED   -9.0806  -10.2961   -1.2154    0.0000
   39 MIIIGED   -8.6100  -11.7223   -3.1123    0.0000
   40 MMIEGVD   -9.2464  -10.2390   -0.9926    0.0000
   41 MILDGVD   -9.5688  -11.5451   -1.9763    0.0000
   42 MILVGEK   -9.5460  -11.5695   -2.0234    0.0000
   43 MILVGEK   -9.5460  -11.5695   -2.0234    0.0000
   44 MKLVGEI  -10.3964  -12.0855   -1.6891    0.0000
   45 MLKVGEL   -8.9157  -11.8345   -2.9189    0.0000
   46 MFKVGEL  -10.1741  -11.5589   -1.3849    0.0000
   47 MFKVGEL  -10.1741  -11.5589   -1.3849    0.0000
   48 MFKVGEL  -10.1741  -11.5589   -1.3849    0.0000
   49 MFKVGEL  -10.1741  -11.5589   -1.3849    0.0000
   50 MFKVGEF  -11.6595  -11.5103    0.1491    0.0000
   51 MMKVGEF  -10.6533  -10.8173   -0.1640    0.0000
   52 MEKVGLF   -8.6939  -10.1902   -1.4963    0.0000
   53 MEKVGLF   -8.6944  -10.1907   -1.4963    0.0000
   54 MEKVGLF   -8.6944  -10.1907   -1.4963    0.0000
   55 MEKVGLF   -8.6944  -10.1907   -1.4963    0.0000
   56 MEKVGLF   -8.6944  -10.1907   -1.4963    0.0000
   57 MEKVGLI   -8.3040  -10.1046   -1.8006    0.0000
   58 KIMVGME  -10.8460  -11.3458   -0.4997    0.0000
   59 KIMVGVE  -12.3935  -12.8987   -0.5051    0.0000
   60 KIMVGVE  -12.3935  -12.8987   -0.5051    0.0000
   61 MIKVGVE  -11.6649  -12.0586   -0.3937    0.0000
   62 EIKVGVM   -9.1888   -9.5825   -0.3937    0.0000
   63 EIKVGVM   -9.1888   -9.5825   -0.3937    0.0000
   64 KIMVGVD  -12.2007  -12.3887   -0.1880    0.0000
   65 KIMVGVD  -12.2007  -12.3887   -0.1880    0.0000
   66 KIMVGVE  -12.2174  -12.7225   -0.5051    0.0000
   67 KIMVGVE  -12.2174  -12.7225   -0.5051    0.0000
   68 KIMVGVD  -12.2525  -12.4405   -0.1880    0.0000
   69 KIVVGVD  -12.1750  -12.3684   -0.1934    0.0000
   70 KIVVGVD  -12.1750  -12.3684   -0.1934    0.0000
   71 KIVVGVD  -12.1750  -12.3684   -0.1934    0.0000
   72 KIVVGVD  -12.1750  -12.3684   -0.1934    0.0000
   73 KIMVGVD  -12.2594  -12.4474   -0.1880    0.0000
   74 KIMVGVE  -12.3297  -12.8348   -0.5051    0.0000
   75 KIMVGVE  -12.3297  -12.8348   -0.5051    0.0000
   76 KLIVGVE   -8.5076  -10.2336   -1.7260    0.0000
   77 KVMVGVE   -9.0990  -10.9785   -1.8794    0.0000
   78 KVMVGVE   -9.0990  -10.9785   -1.8794    0.0000
   79 KVVVGVE   -9.5484  -11.4333   -1.8849    0.0000
   80 KVVVGVE   -9.5484  -11.4333   -1.8849    0.0000
   81 KVVVGVE   -9.5484  -11.4333   -1.8849    0.0000
   82 EWVVGVK   -9.0263   -9.0514   -0.0251    0.0000
   83 EWVVGVK   -9.0263   -9.0514   -0.0251    0.0000
   84 EWVVGVK   -9.0263   -9.0514   -0.0251    0.0000
   85 EWVVGVK   -8.2619   -8.2870   -0.0251    0.0000
   86 DWVVGVK   -8.6513   -8.3593    0.2920    0.0000
   87 DWVVGVK   -8.6513   -8.3593    0.2920    0.0000
   88 DWVVGVD   -7.8786   -8.0794   -0.2009    0.0000
   89 DMVVGVD   -7.1037   -9.1588   -2.0551    0.0000
   90 DMVVGVD   -7.1037   -9.1588   -2.0551    0.0000
   91 KIVVGVD  -11.5879  -11.7814   -0.1934    0.0000
   92 KIVVGVD  -11.5879  -11.7814   -0.1934    0.0000
   93 EIVVGVK   -9.8562  -10.3668   -0.5106    0.0000
   94 EIVVGVK   -9.8562  -10.3668   -0.5106    0.0000
   95 EIVVGVK   -9.8562  -10.3668   -0.5106    0.0000
   96 DIVVGVK  -10.6217  -10.8151   -0.1934    0.0000
   97 EIVVGVK  -11.5185  -12.0291   -0.5106    0.0000
   98 EIIVGVK  -10.2291  -10.7254   -0.4963    0.0000
   99 EIIVGVK  -10.2291  -10.7254   -0.4963    0.0000
  100 EIKVGVA   -7.4107  -11.0858   -3.6751    0.0000
  101 EIKVGVA   -7.4107  -11.0858   -3.6751    0.0000
  102 EIKVGVW   -8.3103  -10.0498   -1.7394    0.0000
  103 EIKAGVW   -7.5229   -8.7384   -1.2154    0.0000
  104 FIKAGVE   -6.5452   -8.6218   -2.0766    0.0000
  105 FIKAGVE   -6.5452   -8.6218   -2.0766    0.0000
  106 KIIAGVE   -8.2005  -10.6128   -2.4123    0.0000
  107 KIAIGVE   -8.9642  -11.3765   -2.4123    0.0000
  108 KIMIGVD   -9.7742  -10.0279   -0.2537    0.0000
  109 KVMIGVD   -8.6348   -8.8228   -0.1880    0.0000
  110 KIMIGVD   -9.6050   -9.8587   -0.2537    0.0000
  111 KIMIGVD   -9.6050   -9.8587   -0.2537    0.0000
  112 KIMIGVE   -9.6798  -10.2506   -0.5709    0.0000
  113 KIMIGVE   -9.6798  -10.2506   -0.5709    0.0000
  114 KIMIGVE   -9.6798  -10.2506   -0.5709    0.0000
  115 KIMIGVE   -9.6798  -10.2506   -0.5709    0.0000
  116 KIMIGVE   -9.6798  -10.2506   -0.5709    0.0000
  117 KIMIGVE   -9.6798  -10.2506   -0.5709    0.0000
  118 KIMIGVE   -9.6798  -10.2506   -0.5709    0.0000
  119 KIMIGVE   -9.6798  -10.2506   -0.5709    0.0000
  120 KIMIGVE   -9.6798  -10.2506   -0.5709    0.0000
  121 KIMIGME   -8.3759   -9.0213   -0.6454    0.0000
  122 KVMIGME   -8.1208   -8.6205   -0.4997    0.0000
  123 KVLVGMD   -7.4169   -9.3947   -1.9777    0.0000
  124 MVLVGKD   -6.3074   -8.5080   -2.2006    0.0000
  125 VLMVGKD   -6.8985   -9.0991   -2.2006    0.0000
  126 VLVVGKD   -6.9351   -9.1411   -2.2060    0.0000
  127 MVVLGDK   -8.3770  -10.5776   -2.2006    0.0000
  128 MVVKGDL   -7.6958   -9.6735   -1.9777    0.0000
  129 MVVKGDL   -7.6958   -9.6735   -1.9777    0.0000
  130 KVVMGDL   -8.4271  -10.4048   -1.9777    0.0000
  131 KMVVGDL   -7.0950   -9.0727   -1.9777    0.0000
  132 MKVLGEF   -7.2402   -8.6251   -1.3849    0.0000
  133 MKDLGVF   -5.8389   -7.0180   -1.1791    0.0000
  134 MKDLGAF   -2.6885   -6.3436   -3.6551    0.0000
  135 MKILGAD   -7.7519  -11.5199   -3.7680    0.0000
  136 WKILGAD   -7.9783  -10.7720   -2.7937    0.0000
  137 LKILGAD   -8.1369  -12.3258   -4.1889    0.0000
  138 MKILGAD   -9.1485  -12.9165   -3.7680    0.0000
  139 MKVLGAD   -8.0414  -13.1837   -5.1423    0.0000
  140 MKIIGVD  -11.1817  -11.3240   -0.1423    0.0000
  141 MKIVGVD  -11.7046  -11.7812   -0.0766    0.0000
  142 MKIVGVD  -11.7046  -11.7812   -0.0766    0.0000
  143 MVIIGED   -9.6985  -10.9851   -1.2866    0.0000
  144 MIIVGED  -11.0280  -12.3146   -1.2866    0.0000
  145 MIEVGLD   -9.5540  -11.7360   -2.1820    0.0000
  146 MIEVGLD   -9.5540  -11.7360   -2.1820    0.0000
  147 MVEIGLE   -7.8780  -10.3771   -2.4991    0.0000
  148 MVMVGEE   -7.8788  -10.7857   -2.9069    0.0000
  149 MVMVGDD   -8.6952  -10.9677   -2.2726    0.0000
  150 MVMVGDD   -8.6952  -10.9677   -2.2726    0.0000
  151 MVFVGED  -10.2948  -11.2914   -0.9966    0.0000
  152 MVMVGED   -8.6569  -11.2466   -2.5897    0.0000
  153 MVMVGED   -8.6569  -11.2466   -2.5897    0.0000
  154 MFMVGED   -8.6035   -9.5947   -0.9911    0.0000
  155 MFMVGED   -8.6035   -9.5947   -0.9911    0.0000
  156 MFMVGED   -8.6035   -9.5947   -0.9911    0.0000
  157 MVMVGEE   -7.6167  -10.5236   -2.9069    0.0000
  158 MMVVGDE   -8.1884  -10.7781   -2.5897    0.0000
  159 IMLVGDE   -6.6985   -9.2148   -2.5163    0.0000
  160 LIMVGDK   -6.0485   -7.7548   -1.7063    0.0000
  161 IVMVGDK   -7.2825   -7.6934   -0.4109    0.0000
  162 IIVVGDK   -9.7175  -10.1195   -0.4020    0.0000
  163 VIIVGDD   -9.6884  -10.5833   -0.8949    0.0000
  164 VIIVGDD   -9.6884  -10.5833   -0.8949    0.0000
  165 VIVIGEK   -9.0554   -9.7745   -0.7191    0.0000
  166 VKVIGEI   -9.2717   -9.6565   -0.3849    0.0000
  167 VKVIGEL   -8.5268  -10.1413   -1.6146    0.0000
  168 VKVLGEL   -8.5407  -11.3849   -2.8443    0.0000
  169 VKVLGEY   -8.2643  -11.2741   -3.0097    0.0000
  170 VKVLGEF   -9.4060  -10.7163   -1.3103    0.0000
  171 VKVLGEF   -9.4060  -10.7163   -1.3103    0.0000
  172 VKIVGEF  -10.4041  -10.4847   -0.0806    0.0000
  173 EKIVGVF   -9.2955   -9.5989   -0.3034    0.0000
  174 EKIVGVF   -9.2955   -9.5989   -0.3034    0.0000
  175 EKVIGVI   -7.9859   -8.5936   -0.6077    0.0000
  176 EKVIGIV   -6.7845   -7.3922   -0.6077    0.0000
  177 EKVIGVM   -7.4753   -8.0918   -0.6166    0.0000
  178 EKVIGVM   -7.4753   -8.0918   -0.6166    0.0000
  179 EKVIGVM   -7.4614   -8.0780   -0.6166    0.0000
  180 EKVVGVI   -8.0881   -8.7101   -0.6220    0.0000
  181 EKMVGVI   -8.7544   -9.3710   -0.6166    0.0000
  182 KIMVGVE   -9.5028  -10.0080   -0.5051    0.0000
  183 KIMVGVE   -9.5028  -10.0080   -0.5051    0.0000
  184 EIMVGVK   -9.8517  -10.3568   -0.5051    0.0000
  185 KIMVGVD  -11.5587  -11.7467   -0.1880    0.0000
  186 KIMVGVE  -11.3481  -11.8532   -0.5051    0.0000
  187 KIMVGVE  -11.3481  -11.8532   -0.5051    0.0000
  188 KIMVGVE  -11.3481  -11.8532   -0.5051    0.0000
  189 KFMVGVE  -10.9467  -11.2276   -0.2809    0.0000
  190 KGMVFVE  -10.4515  -10.8438   -0.3923    0.0000
  191 KGMVFVE  -10.4515  -10.8438   -0.3923    0.0000
  192 KGMVFVE  -10.4515  -10.8438   -0.3923    0.0000
  193 KGMVFVE  -10.4515  -10.8438   -0.3923    0.0000
  194 KGMVWVD   -9.9151   -9.8091    0.1060    0.0000
  195 KWMVGVD  -11.2069  -10.9895    0.2174    0.0000
  196 KWMVGVE  -10.9866  -11.0863   -0.0997    0.0000
  197 KWMVGVE  -10.9866  -11.0863   -0.0997    0.0000
  198 KWMVGVE  -10.9866  -11.0863   -0.0997    0.0000
  199 KWMVGVE  -10.9866  -11.0863   -0.0997    0.0000
  200 KWMVGVE  -10.9866  -11.0863   -0.0997    0.0000
  201 KWMVGVD  -11.2162  -10.9988    0.2174    0.0000
  202 KWMVGVE  -11.0224  -11.1221   -0.0997    0.0000
  203 KIMVGVE  -11.3104  -11.8156   -0.5051    0.0000
  204 EILVGVK   -8.6038  -10.3298   -1.7260    0.0000
  205 EILVGVK   -8.6038  -10.3298   -1.7260    0.0000
  206 EILVGVK   -8.6038  -10.3298   -1.7260    0.0000
  207 EIKVGVL   -9.3107  -10.9253   -1.6146    0.0000
  208 EIKVGVL   -9.3107  -10.9253   -1.6146    0.0000
  209 EKIVGVV   -8.0901   -8.7121   -0.6220    0.0000
  210 KEVVGVI   -6.7271   -7.3491   -0.6220    0.0000
  211 KVVVGEW   -7.8987   -7.9238   -0.0251    0.0000
  212 KVVVGEW   -7.8987   -7.9238   -0.0251    0.0000
  213 KVVVGEW   -7.8987   -7.9238   -0.0251    0.0000
  214 KVVVGEI   -7.8963   -8.4069   -0.5106    0.0000
  215 KVVVGEW   -7.9199   -7.9450   -0.0251    0.0000
  216 KWVVGEV   -7.8957   -7.9208   -0.0251    0.0000
  217 KIVVGDV  -10.0478  -10.2413   -0.1934    0.0000
  218 KIVVGDV  -10.0478  -10.2413   -0.1934    0.0000
  219 KIMVGVD  -11.6384  -11.8264   -0.1880    0.0000
  220 DIMVGVK  -10.2724  -10.4604   -0.1880    0.0000
  221 DIMVGVD   -8.9734   -9.6543   -0.6809    0.0000
  222 DIMVGLD   -7.5921   -9.5684   -1.9763    0.0000
  223 DIMLGVK   -6.7924   -8.2759   -1.4834    0.0000
  224 DIMLGVK   -6.7924   -8.2759   -1.4834    0.0000
  225 DWMLGVK   -3.1631   -6.0011   -2.8380    0.0000
  226 EWMFGVK   -4.3029   -5.9241   -1.6211    0.0000
  227 GWMFGEK   -2.8164   -4.0376   -1.2211    0.0000
  228 GWMFGED   -3.1257   -4.8397   -1.7140    0.0000
  229 GFMWGDD   -5.8375   -7.2343   -1.3969    0.0000
  230 GFMWGDD   -5.8375   -7.2343   -1.3969    0.0000
  231 GFMWGDD   -5.8375   -7.2343   -1.3969    0.0000
  232 GWMFGDD   -4.3594   -5.7563   -1.3969    0.0000
  233 GWMMGDD   -4.3155   -7.3055   -2.9900    0.0000
  234 GFMMGDD   -2.8224   -6.6736   -3.8511    0.0000
  235 GFMLGDD   -2.4306   -6.7026   -4.2720    0.0000
  236 GFDFGID   -1.6176   -2.1725   -0.5549    0.0000
  237 GLEFGIK   -2.3022   -4.6954   -2.3931    0.0000
  238 GKEFGMI   -4.9765   -7.1717   -2.1951    0.0000
  239 GKMFGEI   -3.8804   -5.9642   -2.0837    0.0000
  240 GKMFGEW   -4.8052   -5.8035   -0.9983    0.0000
  241 GKMFGEW   -4.8052   -5.8035   -0.9983    0.0000
  242 GKMFGEW   -4.8052   -5.8035   -0.9983    0.0000
  243 GKMFGEW   -4.8052   -5.8035   -0.9983    0.0000
  244 GKMFGEW   -4.8052   -5.8035   -0.9983    0.0000
  245 GKLFGEV   -2.9220   -6.8009   -3.8789    0.0000
  246 GVLFYEK   -3.2657   -5.0111   -1.7454    0.0000
  247 GLVEFYD   -2.5007   -4.5162   -2.0154    0.0000
  248 YWVVEGD   -8.5258   -9.3761   -0.8503    0.0000
  249 GWEVVGD   -6.2272   -9.3223   -3.0951    0.0000
  250 GLIVVED   -8.3104  -10.7522   -2.4417    0.0000
  251 GLIVVED   -8.3104  -10.7522   -2.4417    0.0000
  252 GVVVLED   -9.4677  -12.4837   -3.0160    0.0000
  253 GVVVDEV   -7.7965  -10.2856   -2.4891    0.0000
  254 GVVIDDV   -9.5894  -10.3871   -0.7977    0.0000
  255 GMVVEDI   -9.6323  -10.7417   -1.1094    0.0000
  256 GVIIEDM  -10.5454  -11.7205   -1.1751    0.0000
  257 GIIVEDM  -10.4801  -11.6552   -1.1751    0.0000
  258 GIIVDME   -9.7053  -10.7690   -1.0637    0.0000
  259 GVIVDME  -10.2482  -11.2462   -0.9980    0.0000
  260 GVIVEMD   -9.4722  -10.4702   -0.9980    0.0000
  261 GMIVEVE  -10.0290  -11.3442   -1.3151    0.0000
  262 GMIIEVE   -9.6368  -11.0177   -1.3809    0.0000
  263 GMIIEVE   -9.6368  -11.0177   -1.3809    0.0000
  264 GMMIEVD   -8.1493   -9.1419   -0.9926    0.0000
  265 GMIIEVD   -8.8869   -9.9506   -1.0637    0.0000
  266 GMIIEVD   -8.8869   -9.9506   -1.0637    0.0000
  267 GMVIEID   -8.6193   -9.6830   -1.0637    0.0000
  268 AMVVDIE   -9.4293  -10.5262   -1.0969    0.0000
  269 VMVIEAE   -9.6819  -11.0959   -1.4140    0.0000
  270 VMVIEAE   -9.6819  -11.0959   -1.4140    0.0000
  271 VMVIEAE   -9.6819  -11.0959   -1.4140    0.0000
  272 VMVIEAE   -9.6819  -11.0959   -1.4140    0.0000
  273 AMVIEVD  -10.6259  -11.7228   -1.0969    0.0000
  274 AMVIEVD  -10.6259  -11.7228   -1.0969    0.0000
  275 AMVIEVD  -10.6259  -11.7228   -1.0969    0.0000
  276 AMVIEVD  -10.6259  -11.7228   -1.0969    0.0000
  277 AMVIEVD  -10.6259  -11.7228   -1.0969    0.0000
  278 AMVIEVD  -10.6259  -11.7228   -1.0969    0.0000
  279 AMVIEVD  -10.6259  -11.7228   -1.0969    0.0000
  280 AMVIEVD  -10.6259  -11.7228   -1.0969    0.0000
  281 AMVIEVE  -10.0313  -11.4453   -1.4140    0.0000
  282 AVVIDVE  -10.0091  -11.1114   -1.1023    0.0000
  283 AWMVDVE   -7.3115   -9.6830   -2.3714    0.0000
  284 ADMVWVK   -6.4780   -8.0395   -1.5614    0.0000
  285 GDMVWVK   -7.4512   -7.3452    0.1060    0.0000
  286 GDVMKVW   -7.0766   -6.8591    0.2174    0.0000
  287 GEVMKVW   -7.2828   -7.3825   -0.0997    0.0000
  288 GEVMKVW   -7.2828   -7.3825   -0.0997    0.0000
  289 MEVGKVW   -5.3386   -5.3269    0.0117    0.0000
  290 MEVGKVW   -5.3386   -5.3269    0.0117    0.0000
  291 MEVLKVY   -5.6385   -8.3856   -2.7471    0.0000
  292 KMVIEVY   -8.1183   -9.7471   -1.6289    0.0000
  293 MKVIEVY   -9.6023  -11.1197   -1.5174    0.0000
  294 MKVMEGW   -7.9173   -7.9802   -0.0629    0.0000
  295 MKVMEGW   -7.9173   -7.9802   -0.0629    0.0000
  296 MKVMEGW   -7.9173   -7.9802   -0.0629    0.0000
  297 MKVMEGW   -7.9173   -7.9802   -0.0629    0.0000
  298 MVKMEGI   -7.5896   -7.9778   -0.3883    0.0000
  299 MVKEMGI   -9.1497   -9.6494   -0.4997    0.0000
  300 MVMEKGW   -6.9330   -7.2187   -0.2857    0.0000
  301 MKMEVGW   -7.3045   -7.2559    0.0486    0.0000
  302 MDMEVGW   -4.4094   -4.8537   -0.4443    0.0000
  303 MDMEVGW   -4.4094   -4.8537   -0.4443    0.0000
  304 EDMVMGW   -3.6049   -4.3835   -0.7786    0.0000
  305 EKMVMGW   -5.5536   -5.8394   -0.2857    0.0000
  306 EKMVMGW   -5.5536   -5.8394   -0.2857    0.0000
  307 ELKVMGW   -4.1695   -7.2132   -3.0437    0.0000
  308 KLEVMGV   -4.9356   -7.1190   -2.1834    0.0000
  309 KWEVMGV   -5.8343   -5.8226    0.0117    0.0000
  310 KWEVMGV   -5.8343   -5.8226    0.0117    0.0000
  311 KWEVMGV   -5.8343   -5.8226    0.0117    0.0000
  312 WKEVMGV   -3.9485   -4.0482   -0.0997    0.0000
  313 VKEMMGV   -5.1040   -6.9780   -1.8740    0.0000
  314 MKEIFGV   -6.8507   -7.1173   -0.2666    0.0000
  315 MKEIMGV   -8.6070   -9.1067   -0.4997    0.0000
  316 MKEIMGV   -8.6070   -9.1067   -0.4997    0.0000
  317 MKEIMGV   -8.6070   -9.1067   -0.4997    0.0000
  318 MKMIEGV  -10.5227  -10.9110   -0.3883    0.0000
  319 MLKIEGY   -9.4617  -11.0918   -1.6300    0.0000
  320 MLKIEGV   -9.9157  -11.6048   -1.6891    0.0000
  321 MLKAEGV   -4.9511  -10.4106   -5.4594    0.0000
  322 KLMADGV   -6.1274  -11.3811   -5.2537    0.0000
  323 KLIAEGW   -7.5697  -10.7920   -3.2223    0.0000
  324 KLIAEGW   -7.5697  -10.7920   -3.2223    0.0000
  325 KILAEGW   -7.7272  -10.9495   -3.2223    0.0000
  326 KILAEGL   -6.6135  -11.2310   -4.6174    0.0000
  327 KMILEGV   -8.7147  -10.5153   -1.8006    0.0000
  328 KMILEGV   -8.7147  -10.5153   -1.8006    0.0000
  329 KMILEGV  -10.3582  -12.1588   -1.8006    0.0000
  330 KMILDGV   -9.6087  -11.0921   -1.4834    0.0000
  331 KMILDGV   -9.6087  -11.0921   -1.4834    0.0000
  332 KVMLDGV   -8.8067  -10.7844   -1.9777    0.0000
  333 KVMLDGV   -8.8219  -10.7996   -1.9777    0.0000
  334 VKMLDGV   -9.3539  -11.2202   -1.8663    0.0000
  335 WKMLDAV   -5.4374   -9.9428   -4.5054    0.0000
  336 WKMLDAI   -0.2400   -6.5712   -6.3311    0.0000
  337 WKILDAM   -1.5174   -7.8485   -6.3311    0.0000
  338 WKVYMAD   -5.3114   -6.2936   -0.9823    0.0000
  339 WKVVAAD   -8.2434  -10.7262   -2.4829    0.0000
  340 IVKVAAD   -8.0290  -11.5973   -3.5683    0.0000
  341 IVKVGAD   -7.8047  -11.1627   -3.3580    0.0000
  342 VKIVGAD   -8.6233  -11.9813   -3.3580    0.0000
  343 VKIVGMD  -10.3993  -10.4759   -0.0766    0.0000
  344 VKIVGEM   -9.7821  -10.1758   -0.3937    0.0000
  345 VIKVGEM  -11.3568  -11.7505   -0.3937    0.0000
  346 VIKVGDM  -12.0521  -12.1287   -0.0766    0.0000
  347 VIEVGDI   -8.7837   -9.6614   -0.8777    0.0000
  348 VIIVGDE  -11.0822  -12.2942   -1.2120    0.0000
  349 VMIVGKD   -8.2792   -8.6901   -0.4109    0.0000
  350 VMIVGKD   -8.2792   -8.6901   -0.4109    0.0000
  351 VVIVGKD   -8.6522   -9.0685   -0.4163    0.0000
  352 VKVIGVD   -9.7087   -9.7907   -0.0820    0.0000
  353 VDIVGVD   -6.1834   -6.7582   -0.5749    0.0000
  354 VVIVGDD   -8.7196   -9.6288   -0.9091    0.0000
  355 DVDIGVV   -6.4889   -7.0637   -0.5749    0.0000
  356 KVMIGVD  -11.1722  -11.3602   -0.1880    0.0000
  357 MKMIGVD  -10.1661  -10.2373   -0.0711    0.0000
  358 MKMIGVD  -10.1661  -10.2373   -0.0711    0.0000
  359 FKMIGVD   -9.8098   -9.6478    0.1620    0.0000
  360 FKMIGMD   -9.0523   -8.9649    0.0874    0.0000
  361 FKMIGMD   -9.0523   -8.9649    0.0874    0.0000
  362 FKMIGMD   -9.0523   -8.9649    0.0874    0.0000
  363 FKMVGMD   -8.9860   -8.8328    0.1531    0.0000
  364 FKMVGMD   -8.9860   -8.8328    0.1531    0.0000
  365 FKMVGLD   -8.5592   -9.6270   -1.0677    0.0000
  366 FKMVGLE   -7.5635   -8.9484   -1.3849    0.0000
  367 FKMVGVE   -9.0637   -9.2331   -0.1694    0.0000
  368 FKLVGIE   -4.9035   -8.0395   -3.1360    0.0000
  369 FKLVGIE   -4.9035   -8.0395   -3.1360    0.0000
  370 KFVVGFE   -8.6111   -8.4988    0.1123    0.0000
  371 KFVVGFE   -8.6111   -8.4988    0.1123    0.0000
  372 KMVVGFE   -9.6765   -9.9574   -0.2809    0.0000
  373 KVMVGVE   -9.3895  -11.2689   -1.8794    0.0000
  374 KWMVGVE   -9.6787   -9.7784   -0.0997    0.0000
  375 KFLVGVE   -9.6431  -11.0648   -1.4217    0.0000
  376 KFLVGVE   -9.6431  -11.0648   -1.4217    0.0000
  377 KFLVGVE   -9.6431  -11.0648   -1.4217    0.0000
  378 KFVLGVE   -8.1791   -9.6008   -1.4217    0.0000
  379 KFVLGVE   -8.1791   -9.6008   -1.4217    0.0000
  380 KFLVGVD   -7.4988   -8.6033   -1.1046    0.0000
  381 KVLVGVD   -8.5187  -10.5018   -1.9831    0.0000
  382 KVLVGVE   -8.3310  -10.6313   -2.3003    0.0000
  383 KVLVGVD   -8.9834  -10.9665   -1.9831    0.0000
  384 KFLVGVD   -9.9129  -11.0174   -1.1046    0.0000
  385 KFLVGVD   -9.9129  -11.0174   -1.1046    0.0000
  386 KFLVGVD   -9.9129  -11.0174   -1.1046    0.0000
  387 KFLVGVD   -9.9129  -11.0174   -1.1046    0.0000
  388 KFVLGVD  -10.4228  -11.5274   -1.1046    0.0000
  389 KFVLGVD  -10.4228  -11.5274   -1.1046    0.0000
  390 KMVLGVD   -9.1782  -11.1560   -1.9777    0.0000
  391 KVLMGVD   -7.9020   -9.8797   -1.9777    0.0000
  392 KVLMGVD   -7.9020   -9.8797   -1.9777    0.0000
  393 KVLMGVD   -7.9020   -9.8797   -1.9777    0.0000
  394 KLVVGVD   -9.5913  -11.5744   -1.9831    0.0000
  395 KVVLGVD  -10.1291  -12.1123   -1.9831    0.0000
  396 KVLVGVD  -10.4988  -12.4820   -1.9831    0.0000
  397 KVMVGVD  -10.2559  -11.8182   -1.5623    0.0000
  398 KVVIGVD  -11.4050  -11.5984   -0.1934    0.0000
  399 KVVIGVE  -10.7120  -11.2226   -0.5106    0.0000
  400 KVVIGVE  -10.7120  -11.2226   -0.5106    0.0000
  401 KVVIGVD  -11.4169  -11.6103   -0.1934    0.0000
  402 KVVIGVD  -11.4169  -11.6103   -0.1934    0.0000
  403 KVVVGVD  -10.2004  -11.7681   -1.5677    0.0000
  404 KVIVGVD  -10.2908  -10.4842   -0.1934    0.0000
  405 KVVIGVD  -10.3051  -10.4985   -0.1934    0.0000
  406 KVVIGVD  -10.3084  -10.5019   -0.1934    0.0000
  407 KVVVGID  -10.9328  -11.1263   -0.1934    0.0000
  408 KVVVGIE  -10.2411  -10.7516   -0.5106    0.0000
  409 KIMVGIE  -10.8371  -11.4079   -0.5709    0.0000
  410 KIMVGID  -11.4762  -11.7299   -0.2537    0.0000
  411 KIMVGID  -11.4762  -11.7299   -0.2537    0.0000
  412 KIMVGME   -9.7493  -10.2491   -0.4997    0.0000
  413 KIMVGME   -9.7493  -10.2491   -0.4997    0.0000
  414 KIMVGME   -9.7493  -10.2491   -0.4997    0.0000
  415 KIMVGAE   -6.9373  -10.7185   -3.7811    0.0000
  416 KIMVGAE   -6.9373  -10.7185   -3.7811    0.0000
  417 KIVMGIE   -7.7912   -8.3620   -0.5709    0.0000
  418 KIVMGGE   -6.1200  -10.0251   -3.9051    0.0000
  419 KIVMGGE   -6.1200  -10.0251   -3.9051    0.0000
  420 KIVMGEA   -7.1343  -10.9155   -3.7811    0.0000
  421 KIVMGEA   -7.1343  -10.9155   -3.7811    0.0000
  422 KIVVGDV  -10.7269  -10.9203   -0.1934    0.0000
  423 KIVVGDV  -10.7269  -10.9203   -0.1934    0.0000
  424 DIVVGKV   -9.6521   -9.8455   -0.1934    0.0000
  425 DIVVGVK   -9.6050   -9.7985   -0.1934    0.0000
  426 DVVVGIK   -7.5659   -7.7593   -0.1934    0.0000
  427 KVMVGID   -9.0694   -9.2574   -0.1880    0.0000
  428 EVMVGID   -8.3092   -9.3072   -0.9980    0.0000
  429 DVMVGID   -7.2201   -7.9009   -0.6809    0.0000
  430 DVMVGDI   -7.3477   -8.0286   -0.6809    0.0000
  431 EVIVGDI   -7.2906   -8.2797   -0.9891    0.0000
  432 IVDVGDI   -7.1563   -7.7168   -0.5606    0.0000
  433 DVDVGII   -6.2480   -6.8085   -0.5606    0.0000
  434 DVDVGIV   -6.3458   -6.9206   -0.5749    0.0000
  435 DVDVGIV   -6.3458   -6.9206   -0.5749    0.0000
  436 DVDVGVI   -6.8952   -7.4701   -0.5749    0.0000
  437 DVMVGVD   -7.3416   -9.3967   -2.0551    0.0000
  438 EIMVGVK   -9.8321  -10.3372   -0.5051    0.0000
  439 EDMVGVI   -5.5124   -6.6218   -1.1094    0.0000
  440 EDVVGAI   -1.7156   -6.1064   -4.3909    0.0000
  441 DVKVGIA   -5.6460   -9.0040   -3.3580    0.0000
  442 DWKVGIV   -6.3196   -7.7419   -1.4223    0.0000
  443 DWKVGMI   -6.4146   -7.9115   -1.4969    0.0000
  444 DIKVGMI   -9.9597  -10.1020   -0.1423    0.0000
  445 DIMVGKF   -9.0859   -9.0353    0.0506    0.0000
  446 DIMVGKF   -9.1767   -9.1261    0.0506    0.0000
  447 DIMVGKF   -9.1767   -9.1261    0.0506    0.0000
  448 DIMKGVV   -9.3010   -9.4890   -0.1880    0.0000
  449 DIMKGVV   -9.3010   -9.4890   -0.1880    0.0000
  450 DIMKGVV   -9.3010   -9.4890   -0.1880    0.0000
  451 DKMIGVV   -8.5679   -8.8673   -0.2994    0.0000
  452 DKMIGVV   -8.5679   -8.8673   -0.2994    0.0000
  453 DKMIGVV   -8.5679   -8.8673   -0.2994    0.0000
  454 MKVIGVD  -10.2492  -10.3258   -0.0766    0.0000
  455 KMMIGVD   -8.3576   -8.5401   -0.1826    0.0000
  456 KMMIGVD   -8.3576   -8.5401   -0.1826    0.0000
  457 KMMIGVD   -8.3576   -8.5401   -0.1826    0.0000
  458 KMMIGVD   -8.3576   -8.5401   -0.1826    0.0000
  459 KMMIGVD   -8.3576   -8.5401   -0.1826    0.0000
  460 KMMIGVE   -7.5813   -8.0811   -0.4997    0.0000
  461 KFMIGVE   -6.4535   -6.7201   -0.2666    0.0000
  462 KFMIGVD   -6.6251   -6.5746    0.0506    0.0000
  463 KFMMGVD   -5.9740   -5.9323    0.0417    0.0000
  464 KVMVGVD   -6.9093   -8.4716   -1.5623    0.0000
  465 MKMVGVE   -8.9556  -10.7181   -1.7626    0.0000
  466 MKMVGVE   -8.9556  -10.7181   -1.7626    0.0000
  467 MKMVGVE   -8.9556  -10.7181   -1.7626    0.0000
  468 EKMVGVM   -6.9276   -8.9130   -1.9854    0.0000
  469 MKVVGEM   -7.8205   -9.5830   -1.7626    0.0000
  470 MKVVGEM   -7.8205   -9.5830   -1.7626    0.0000
  471 MKLEGVM   -7.0043   -9.1823   -2.1780    0.0000
  472 MKLEGVL   -5.5665   -8.4854   -2.9189    0.0000
  473 MKLEGVL   -5.5665   -8.4854   -2.9189    0.0000
  474 MKLLGVE   -6.4759   -9.3947   -2.9189    0.0000
  475 MKLLGVE   -6.4759   -9.3947   -2.9189    0.0000
  476 MKLLGVD   -6.5997   -9.2014   -2.6017    0.0000
  477 MVKLGVD   -6.5681   -8.4344   -1.8663    0.0000
  478 MFKLGVD   -7.4716   -8.5393   -1.0677    0.0000
  479 MFKLGVD   -7.4716   -8.5393   -1.0677    0.0000
  480 MFKAGDV   -4.0019   -7.1302   -3.1283    0.0000
  481 VFKLGDM   -6.9887   -8.0564   -1.0677    0.0000
  482 KLMIGDM   -4.1009   -5.6589   -1.5580    0.0000
  483 KMVIGDL   -4.9052   -6.3887   -1.4834    0.0000
  484 MKLIGDV   -9.2498  -10.6218   -1.3720    0.0000
  485 MKVIGEV   -9.2878   -9.6815   -0.3937    0.0000
  486 MIVVGED  -10.3090  -11.5299   -1.2209    0.0000
  487 MIVEGVD  -10.4783  -11.4763   -0.9980    0.0000
  488 MKVIGVD  -11.8540  -11.9306   -0.0766    0.0000
  489 MKVIGVD  -11.8540  -11.9306   -0.0766    0.0000
  490 MIVKGVD  -11.9268  -12.1148   -0.1880    0.0000
  491 MIVKGVD  -11.9268  -12.1148   -0.1880    0.0000
  492 MIVMGEE   -8.7345  -10.2670   -1.5326    0.0000
  493 MIVMGEE   -8.7345  -10.2670   -1.5326    0.0000
  494 MWVMGED   -7.4927   -8.3827   -0.8900    0.0000
  495 EMVMGDW   -4.5406   -5.2077   -0.6671    0.0000
  496 MKVMGDW   -8.3736   -8.1193    0.2543    0.0000
  497 MKVVGDW   -9.6889   -9.3600    0.3289    0.0000
  498 MKVVGDF  -10.0671   -9.9194    0.1477    0.0000
  499 MKLVGDF   -8.8903   -9.9581   -1.0677    0.0000
  500 AKLIGDF   -5.7128   -7.8876   -2.1749    0.0000
  501 AFLIGDE   -5.2165   -8.5357   -3.3191    0.0000
  502 AFIIGED   -7.3241   -8.8535   -1.5294    0.0000
  503 AFIIGED   -7.3241   -8.8535   -1.5294    0.0000
  504 AFIIGED   -7.1800   -8.7095   -1.5294    0.0930
  505 AFIIGED   -7.1800   -8.7095   -1.5294    0.0930
  506 AFIIGEE   -7.1017   -8.9482   -1.8466    0.0930
  507 AFLIGEE   -5.9567   -9.5929   -3.6363    0.0930
  508 AFLIGEE   -5.9567   -9.5929   -3.6363    0.0930
  509 AFLIGEE   -5.9567   -9.5929   -3.6363    0.0930
  510 AFLIGKD   -5.3733   -7.8824   -2.5091    0.0930
  511 AFLIGDK   -6.5054   -9.0146   -2.5091    0.0930
  512 AFLIGDK   -6.5054   -9.0146   -2.5091    0.0930
  513 AFLIGDE   -6.8645  -10.1837   -3.3191    0.0930
  514 GFLIGDE   -6.5287   -9.7490   -3.2203    0.0930
  515 GFLIGDE   -6.5287   -9.7490   -3.2203    0.0930
  516 GFIIGKE   -5.9518   -6.8895   -0.9377    0.0930
  517 GEIIGKF   -5.9721   -6.6869   -0.7149    0.0930
  518 GEIIGKI   -6.4797   -7.4188   -0.9391    0.0930
  519 GEIIGKI   -6.4797   -7.4188   -0.9391    0.0930
  520 GEIIGDI   -5.8002   -7.2322   -1.4320    0.0930
  521 GEIIGID   -5.3993   -6.8313   -1.4320    0.0930
  522 GEIIGID   -5.3993   -6.8313   -1.4320    0.0930
  523 GILEGID   -5.4300   -8.6517   -3.2217    0.0930
  524 GILDGMD   -4.8083   -9.0817   -4.2734    0.0930
  525 GILDGMD   -4.8083   -9.0817   -4.2734    0.0930
  526 GLLDGME   -2.6526   -9.0329   -6.3803    0.0930
  527 GLLDGME   -2.6526   -9.0329   -6.3803    0.0930
  528 GLLDGME   -2.6526   -9.0329   -6.3803    0.0930
  529 MVLDGGE   -4.6309  -10.8186   -6.1877    0.0930
  530 IVLDGLE   -2.9980   -8.2723   -5.2743    0.0930
  531 IDMVGLE   -4.3812   -6.5632   -2.1820    0.0930
  532 IKMVGLD   -4.8012   -6.1732   -1.3720    0.0930
  533 IMKVGLE   -4.6125   -6.3016   -1.6891    0.0930
  534 IKMVGLE   -7.2719   -8.9611   -1.6891    0.0930
  535 IKLVGME   -8.2304   -9.9196   -1.6891    0.0930
  536 KILVGME   -9.6839  -11.4845   -1.8006    0.0930
  537 KILVGEM   -9.9148  -11.7153   -1.8006    0.0930
  538 KIVLGEV   -9.9435  -11.6695   -1.7260    0.0930
  539 KIVLGEV   -9.9435  -11.6695   -1.7260    0.0930
  540 KIMLGEV   -8.1884   -9.9889   -1.8006    0.0930
  541 KIMLGDV   -8.3224   -9.8059   -1.4834    0.0930
  542 KIVLGDV   -9.9634  -11.3723   -1.4089    0.0930
  543 KIVLGDV   -9.9634  -11.3723   -1.4089    0.0930
  544 KIVVGDV  -11.2452  -11.4387   -0.1934    0.0930
  545 KWVVGDM   -9.7752   -9.5577    0.2174    0.0930
  546 KLVVGDY   -6.2093   -9.0133   -2.8040    0.0930
  547 ELVVGDM   -6.1622   -8.9499   -2.7877    0.0930
  548 EMVVGEM   -5.7489   -8.4329   -2.6840    0.0930
  549 DWVVGEM   -8.4368   -9.0294   -0.5926    0.0930
  550 DEVVGMW   -7.1389   -7.8429   -0.7040    0.0930
  551 DKVVGMW   -8.8465   -8.7405    0.1060    0.0930
  552 DKVVGMW   -8.8465   -8.7405    0.1060    0.0930
  553 DKVVGMW   -8.8465   -8.7405    0.1060    0.0930
  554 DMVVGKF   -7.2545   -7.2182    0.0363    0.0930
  555 DMIVGKF   -6.9273   -6.8768    0.0506    0.0930
  556 DIMVGKF   -7.3640   -7.3134    0.0506    0.0930
  557 DMIVGKF   -5.5217   -5.4712    0.0506    0.0930
  558 DIMVGDF   -5.3101   -5.7524   -0.4423    0.0930
  559 VIEVGDF   -6.3883   -6.9617   -0.5734    0.0930
  560 VIEIGDF   -4.2446   -6.6437   -2.3991    0.0930
  561 VIVEGDM   -8.7499   -9.7479   -0.9980    0.0930
  562 VIVEGKI   -9.1879   -9.6842   -0.4963    0.0930
  563 EVVIGKV   -9.2197   -9.7303   -0.5106    0.0930
  564 VIMEGEV   -4.2890   -5.6041   -1.3151    0.0930
  565 VIMDGKV   -4.6103   -4.7983   -0.1880    0.0930
  566 VMMDGKI   -3.2964   -3.4790   -0.1826    0.0930
  567 MYMDGEV    0.1407   -3.0470   -3.1877    0.0930
  568 MYMDGEW   -1.1692   -1.8972   -0.7280    0.0930
  569 MYMDGKW   -1.1380   -1.0560    0.0820    0.0930
  570 MYMDGKW   -1.1380   -1.0560    0.0820    0.0930
  571 MEMYGDW   -3.0840   -3.7006   -0.6166    0.0930
  572 MEMYGDW   -3.0840   -3.7006   -0.6166    0.0930
  573 MWMYGDE   -5.7247   -6.6755   -0.9509    0.0930
  574 MWMYGDE   -5.7247   -6.6755   -0.9509    0.0930
  575 MWLYGDE   -6.6494   -9.9411   -3.2917    0.0930
  576 MWLVGDD   -6.5541  -10.1078   -3.5537    0.0930
  577 MWVLGDD   -5.2719   -8.8256   -3.5537    0.0930
  578 MIVMGDK   -8.8230   -9.2284   -0.4054    0.0930
  579 MKVMGEI   -8.0254   -8.4137   -0.3883    0.0930
  580 MKVIGDM   -9.7448   -9.8159   -0.0711    0.0930
  581 MKVIGDF  -10.0462   -9.8842    0.1620    0.0930
  582 MKVIGDF  -10.0462   -9.8842    0.1620    0.0930
  583 MKVIGDF   -9.7215   -9.5595    0.1620    0.0930
  584 MVKIGEF   -6.6643   -6.8195   -0.1551    0.0930
  585 MKIVGEF  -10.3102  -10.4653   -0.1551    0.0930
  586 MIKVGEF  -11.2590  -11.4141   -0.1551    0.0930
  587 MIKVGEF  -11.2590  -11.4141   -0.1551    0.0930
  588 MMKVGEF  -10.3732  -10.5372   -0.1640    0.0930
  589 MMKVGEF  -10.3732  -10.5372   -0.1640    0.0930
  590 MMKVGEF  -10.3732  -10.5372   -0.1640    0.0930
  591 MMKVGEF  -10.3732  -10.5372   -0.1640    0.0930
  592 MMKVGEF  -10.3732  -10.5372   -0.1640    0.0930
  593 MMKVGDF   -9.6477   -9.4945    0.1531    0.0930
  594 MVKVGEF  -10.5788  -10.7482   -0.1694    0.0930
  595 MVKVGEF  -10.5788  -10.7482   -0.1694    0.0930
  596 MVKVGEF  -10.5788  -10.7482   -0.1694    0.0930
  597 MVKVGEV   -9.3640  -11.1320   -1.7680    0.0930
  598 MVKVGEF  -10.5725  -10.7419   -0.1694    0.0930
  599 MVKVGEF  -10.5725  -10.7419   -0.1694    0.0930
  600 MMEVGEF   -7.8357   -8.8097   -0.9740    0.0930
  601 MFEVGEM   -6.5991   -7.5731   -0.9740    0.0930
  602 MDFVGEF   -6.7328   -7.0765   -0.3437    0.0930
  603 MDFVGEF   -6.7328   -7.0765   -0.3437    0.0930
  604 MDMVGEF   -6.7963   -7.4532   -0.6569    0.0930
  605 MEMVGEI   -7.1228   -8.3211   -1.1983    0.0930
  606 MEMVGDV   -6.0544   -8.3099   -2.2554    0.0930
  607 IEVVGDI   -7.8273   -8.7050   -0.8777    0.0930
  608 MEVVGDI   -8.1766   -9.0631   -0.8866    0.0930
  609 IEVVGDM   -7.6508   -8.5374   -0.8866    0.0930
  610 IVDVGDM   -7.4126   -7.9820   -0.5694    0.0930
  611 IVDVGEM   -7.9046   -8.7912   -0.8866    0.0930
  612 IVEIGEM   -7.6296   -8.8991   -1.2694    0.0930
  613 IIEVGKM   -8.8465   -9.3060   -0.4594    0.0930
  614 IIEVGKM   -8.8465   -9.3060   -0.4594    0.0930
  615 MIEVGKM   -7.9613   -8.3496   -0.3883    0.0930
  616 IIEVGKM   -8.9300   -9.3894   -0.4594    0.0930
  617 IIKVGDM  -11.6439  -11.7862   -0.1423    0.0930
  618 IMKVGDI  -11.1889  -11.3312   -0.1423    0.0930
  619 VMKIGDI  -10.6739  -10.8162   -0.1423    0.0930
  620 VKMIGDI  -10.3188  -10.4611   -0.1423    0.0930
  621 IKMIGEV  -10.4260  -10.8854   -0.4594    0.0930
  622 IKMIGEV  -10.4260  -10.8854   -0.4594    0.0930
  623 KIMIGEV   -9.4121   -9.9830   -0.5709    0.0930
  624 KIMIGDV   -9.1196   -9.3733   -0.2537    0.0930
  625 KIMIGDV   -9.1196   -9.3733   -0.2537    0.0930
  626 KIMVGDV   -9.2968   -9.4848   -0.1880    0.0930
  627 RIMVGDI   -6.3990  -10.0167   -3.6177    0.0930
  628 RIMIGDV   -7.2919  -10.9096   -3.6177    0.0930
  629 RIMIGEV   -6.2698  -10.2046   -3.9349    0.0930
  630 RIMVGEV   -6.5763  -10.4454   -3.8691    0.0930
  631 VIKVGEM   -9.4592   -9.8529   -0.3937    0.0930
  632 VIKVGEM   -9.4592   -9.8529   -0.3937    0.0930
  633 VIKVGDM   -9.7810   -9.8575   -0.0766    0.0930
  634 VIKVGDM   -9.7810   -9.8575   -0.0766    0.0930
  635 VIKVGDM   -9.7810   -9.8575   -0.0766    0.0930
  636 VIVKGDM   -9.9056  -10.0936   -0.1880    0.0930
  637 VIVLGEK   -9.1280  -11.0769   -1.9489    0.0930
  638 VIVLGED  -10.0364  -12.4781   -2.4417    0.0930
  639 VIVLGED  -10.0364  -12.4781   -2.4417    0.0930
  640 VIVVGED  -10.9836  -12.2099   -1.2263    0.0930
  641 VIVVGED  -10.9836  -12.2099   -1.2263    0.0930
  642 VIVVGED  -10.9836  -12.2099   -1.2263    0.0930
  643 VFVVGDD   -9.4540  -10.1388   -0.6849    0.0930
  644 VFVVGDK   -8.5723   -8.7643   -0.1920    0.0930
  645 VMVVGDK   -7.9773   -9.7625   -1.7851    0.0930
  646 VVVVGDK   -7.2959   -9.0865   -1.7906    0.0930
  647 IVVVGED  -10.1408  -11.3670   -1.2263    0.0930
  648 IVMVGED   -9.5950  -10.8158   -1.2209    0.0930
  649 MVIVGED  -10.1934  -11.4143   -1.2209    0.0930
  650 IVMVGED   -9.8205  -11.0414   -1.2209    0.0930
  651 ILMVGED   -8.6736  -11.1899   -2.5163    0.0930
  652 IVVVGED  -10.4437  -11.6700   -1.2263    0.0930
  653 EIVLGVD   -6.5636   -8.7824   -2.2189    0.0930
  654 EIVMGVD   -6.8007   -7.7987   -0.9980    0.0930
  655 EIVMGVK   -7.8256   -8.3308   -0.5051    0.0930
  656 EKVMGVI   -7.2898   -7.9064   -0.6166    0.0930
  657 EIVMGVK   -7.5404   -8.0456   -0.5051    0.0930
  658 EIVMGVK   -8.7588   -9.2640   -0.5051    0.0930
  659 EIKMGVV   -8.0832   -8.4769   -0.3937    0.0930
  660 EIKMGVV   -8.0832   -8.4769   -0.3937    0.0930
  661 EIKMGVF   -7.7985   -7.9536   -0.1551    0.0930
  662 EIKMGVI   -8.1425   -8.6019   -0.4594    0.0930
  663 EIVIGMK   -9.1360   -9.7069   -0.5709    0.0930
  664 KIVIGMD   -7.7779   -8.0316   -0.2537    0.0930
  665 EIVIGMD   -7.9165   -8.9802   -1.0637    0.0930
  666 EIIVGMD   -7.3178   -8.3815   -1.0637    0.0930
  667 DIIVGDI   -4.8336   -7.3313   -2.4977    0.0930
  668 DIGVGEI   -3.3969   -6.0918   -2.6949    0.0930
  669 DIIVGEG   -5.7198   -8.6375   -2.9177    0.0930
  670 DIIVGGD   -6.2345   -8.9465   -2.7120    0.0930
  671 GIIWGDD   -8.9722   -9.5845   -0.6123    0.0930
  672 GIIWGDD   -8.9722   -9.5845   -0.6123    0.0930
  673 GIIFGED   -7.9095   -9.3401   -1.4306    0.0930
  674 GIIFGED   -7.9095   -9.3401   -1.4306    0.0930
  675 GIIFGED   -7.8434   -9.2740   -1.4306    0.0930
  676 GIIFGEK   -7.4286   -8.3663   -0.9377    0.0930
  677 GIIFGEK   -7.4286   -8.3663   -0.9377    0.0930
  678 GIIFGEK   -7.4286   -8.3663   -0.9377    0.0930
  679 GIIFGEK   -7.4286   -8.3663   -0.9377    0.0930
  680 GIIMGEE   -5.7507   -9.0916   -3.3409    0.0930
  681 GMIMGEE   -3.5980   -8.3077   -4.7097    0.0930
  682 GMIIGEE   -6.0777   -9.4185   -3.3409    0.0930
  683 GMVIGKD   -4.2482   -7.8362   -3.5880    0.0930
  684 GIVMGKD   -6.0655   -9.6535   -3.5880    0.0930
  685 GIVMGDD   -7.9179  -11.9988   -4.0809    0.0930
  686 GIVMGDD   -7.8770  -11.9579   -4.0809    0.0930
  687 GIVMGDD   -7.8770  -11.9579   -4.0809    0.0930
  688 GIVDGDM   -4.6424   -8.5004   -3.8580    0.0930
  689 GIVEGDM   -5.9032  -10.0784   -4.1751    0.0930
  690 GIVDGEM   -4.4419   -8.6171   -4.1751    0.0930
  691 GIMDGEV   -3.4115   -7.5866   -4.1751    0.0930
  692 GILDGEV   -4.4069   -9.0029   -4.5960    0.0930
  693 GILEGDV   -4.8074   -9.4034   -4.5960    0.0930
  694 GILEGDV   -4.8074   -9.4034   -4.5960    0.0930
  695 GIELGDM   -5.1662   -9.6454   -4.4791    0.0930
  696 GIEIGKM   -6.9001   -9.0966   -2.1966    0.0930
  697 GIEIGKM   -6.9001   -9.0966   -2.1966    0.0930
  698 GIDIGKM   -5.6839   -7.5633   -1.8794    0.0930
  699 MIEIGKF   -7.0704   -9.0512   -1.9809    0.0930
  700 MIEIGEF   -6.1017   -8.8926   -2.7909    0.0930
  701 MIEIGEF   -6.5423   -9.3331   -2.7909    0.0930
  702 MIEIGEF   -6.5423   -9.3331   -2.7909    0.0930
  703 MIRIGEF   -3.8746   -9.2195   -5.3449    0.0930
  704 MIRIGEM   -5.6088   -9.5068   -3.8980    0.0930
  705 MIVIGED  -11.0640  -12.3506   -1.2866    0.0930
  706 KIVIGDM  -10.7970  -11.0507   -0.2537    0.0930
  707 KIVIGDM  -10.7970  -11.0507   -0.2537    0.0930
  708 KIVIGDM  -10.6787  -10.9324   -0.2537    0.1024
  709 KMIVGDV   -9.2636   -9.4516   -0.1880    0.1024
  710 KIMVGDV  -11.0483  -11.2363   -0.1880    0.1024
  711 KIMVGDV  -11.0483  -11.2363   -0.1880    0.1024
  712 KFMVGDV  -10.4668  -10.4305    0.0363    0.1024
  713 KFMVGDA   -7.3133  -10.5531   -3.2397    0.1024
  714 KFMVGDV  -10.5074  -10.4711    0.0363    0.1024
  715 KIMVGDV  -11.0696  -11.2576   -0.1880    0.1024
  716 KIMVGDV  -11.0696  -11.2576   -0.1880    0.1024
  717 KIMVGEV   -9.7938  -10.2989   -0.5051    0.1024
  718 MIKVGEV  -10.5535  -10.9472   -0.3937    0.1024
  719 MIKEGVV   -7.9564   -8.5729   -0.6166    0.1024
  720 MIKEGVV   -7.9564   -8.5729   -0.6166    0.1024
  721 MIVEGVK   -8.2009   -8.7061   -0.5051    0.1024
  722 MILDGVE   -7.6765   -9.9699   -2.2934    0.1024
  723 MILEGVE   -8.5585  -11.1691   -2.6106    0.1024
  724 MILEGVE   -8.5585  -11.1691   -2.6106    0.1024
  725 MILEGVE   -8.5585  -11.1691   -2.6106    0.1024
  726 MILEGVE   -8.5585  -11.1691   -2.6106    0.1024
  727 MILEGVD   -9.3449  -11.6383   -2.2934    0.1024
  728 MILVGED  -10.2981  -12.8144   -2.5163    0.1024
  729 MILVGED  -10.2981  -12.8144   -2.5163    0.1024
  730 MILVGEK   -9.0612  -11.0847   -2.0234    0.1024
  731 MKLVGEI   -9.7476  -11.4367   -1.6891    0.1024
  732 MKLVGEI   -9.7476  -11.4367   -1.6891    0.1024
  733 MKLVGEI   -6.9126   -8.6018   -1.6891    0.1024
  734 MKLVGEI   -6.9126   -8.6018   -1.6891    0.1024
  735 MVLVGEK   -6.9507   -9.4684   -2.5177    0.1024
  736 MVLVGED   -8.7008  -11.7114   -3.0106    0.1024
  737 MILVGED  -10.2392  -12.7555   -2.5163    0.1024
  738 MLLVGED   -8.1877  -11.9337   -3.7460    0.1024
  739 MLLVGDD   -8.1057  -11.5346   -3.4289    0.1024
  740 MVIVGDD   -7.9496   -8.8533   -0.9037    0.1024
  741 MVIIGDD   -7.8594   -8.8289   -0.9694    0.1024
  742 MVIIGDD   -7.8594   -8.8289   -0.9694    0.1024
  743 MVIIGDD   -7.8594   -8.8289   -0.9694    0.1024
  744 MVMIGDD   -8.9532   -9.8515   -0.8983    0.1024
  745 MEMIGVD   -8.8314   -9.7125   -0.8811    0.1024
  746 MEVIGMD   -8.2149   -9.0961   -0.8811    0.1024
  747 MKVIGMD   -9.7678   -9.8389   -0.0711    0.1024
  748 MKVIGMD   -9.7678   -9.8389   -0.0711    0.1024
  749 MEIVGMK   -6.8008   -7.1890   -0.3883    0.1024
  750 MEVVMMK   -7.4752   -8.0066   -0.5314    0.1024
  751 MKVVMMD   -8.1533   -8.3676   -0.2143    0.1024
  752 MVVMMED   -7.5605   -8.8076   -1.2471    0.1024
  753 MVVMMDE   -7.4045   -8.6516   -1.2471    0.1024
  754 MMVMMEK   -5.6662   -6.4951   -0.8289    0.1024
  755 MMVGMEE   -4.1275   -6.9175   -2.7900    0.1024
  756 MWVGEEM   -4.6995   -5.7952   -1.0957    0.1024
  757 MFVGEKM   -5.2484   -5.6352   -0.3869    0.1024
  758 EFVGMKM   -5.5426   -5.7066   -0.1640    0.1024
  759 EMGVMKW   -4.7830   -4.8458   -0.0629    0.1024
  760 DMGVMKW   -3.4534   -3.1991    0.2543    0.1024
  761 DMVGLKM   -3.5570   -5.4178   -1.8609    0.1024
  762 EMVGLKM   -3.7725   -5.9505   -2.1780    0.1024
  763 EMVGLMK   -3.6686   -5.9581   -2.2894    0.1024
  764 LMMGKVE   -4.2975   -6.5869   -2.2894    0.1024
  765 LVMGEVK   -4.5849   -6.8798   -2.2949    0.1024
  766 VEMGFLK   -4.4159   -5.8008   -1.3849    0.1024
  767 MLVGFEK   -4.3800   -5.9877   -1.6077    0.1024
  768 MLGVFEK   -3.6524   -5.2601   -1.6077    0.1024
  769 ILKVFEG   -3.1520   -6.3994   -3.2474    0.1024
  770 IKGVFEG   -3.5047   -5.5938   -2.0891    0.1024
  771 IKEVFGG   -5.6249   -7.9369   -2.3120    0.1024
  772 IKEVFGV   -8.0310   -8.2230   -0.1920    0.1024
  773 IKEVFGV   -8.0310   -8.2230   -0.1920    0.1024
  774 IKEVFGV   -8.0310   -8.2230   -0.1920    0.1024
  775 VKGIFEV   -6.9131   -6.9937   -0.0806    0.1024
  776 VKMVGEV   -4.0067   -5.7747   -1.7680    0.1024
  777 VDVMVGE   -5.8823   -8.2546   -2.3723    0.1024
  778 MDVVVGE   -7.1199   -9.4922   -2.3723    0.1024
  779 IDIVKGV   -8.4018   -8.4695   -0.0677    0.1024
  780 LDIVKGV   -7.9868   -9.2842   -1.2974    0.1024
  781 LDIVKGV   -7.9868   -9.2842   -1.2974    0.1024
  782 VDVVKGV   -8.5441  -10.0004   -1.4563    0.1024
  783 VDVVKGM   -8.5741  -10.0250   -1.4509    0.1024
  784 VDVKVGM   -5.7118   -7.0513   -1.3394    0.1024
  785 VDKIMGV   -8.8469   -9.0349   -0.1880    0.1024
  786 VDKIMGV   -8.8469   -9.0349   -0.1880    0.1024
  787 IDVKMGM   -8.4946   -8.4544    0.0403    0.1024
  788 IDIVKGM   -9.6337   -9.7759   -0.1423    0.1024
  789 WDVVKGA   -5.6758   -7.9484   -2.2726    0.1024
  790 WEVVKGA   -5.3754   -7.9652   -2.5897    0.1024
  791 AKIVWGD   -9.1315  -10.1412   -1.0097    0.1024
  792 AKIVWGE   -9.2836  -10.6105   -1.3269    0.1024
  793 FKIVWGE   -3.5158   -6.8881   -3.3723    0.1024
  794 FKIVWGE   -4.8677   -8.2400   -3.3723    0.1024
  795 AKFVWGE   -4.3197   -5.4222   -1.1026    0.1024
  796 KAFVFGE   -5.2093   -7.2844   -2.0751    0.1024
  797 KAEVFGF   -4.5802   -6.4325   -1.8523    0.1024
  798 KAVEFGF   -5.4442   -7.2964   -1.8523    0.1024
  799 KADLFGI   -4.8428   -7.0176   -2.1749    0.1024
  800 KADLFGI   -4.8428   -7.0176   -2.1749    0.1024
  801 KAELFGV   -4.1684   -8.0347   -3.8663    0.1024
  802 KELVFGA   -3.7558   -7.8450   -4.0891    0.1024
  803 KLALFGE   -6.3020  -10.8065   -4.5046    0.1024
  804 ALKEFGL   -2.3137   -6.7068   -4.3931    0.1024
  805 ALKEFGL   -2.3137   -6.7068   -4.3931    0.1024
  806 IIKEFGL   -0.7561   -5.8292   -5.0731    0.1024
  807 LIKEFGI   -0.8543   -5.9275   -5.0731    0.1024
  808 KIGIFGD   -8.0747   -8.4724   -0.3977    0.1024
  809 KIGIFGD   -8.0747   -8.4724   -0.3977    0.1024
  810 KIGIFGD   -8.0747   -8.4724   -0.3977    0.1024
  811 IIKIGGD   -6.9942   -7.7276   -0.7334    0.1024
  812 IIRIAGD   -0.4578   -4.5426   -4.0849    0.1024
  813 IIRIYGD    1.2311   -3.5586   -4.7897    0.1024
  814 IIRIDGY    0.9572   -3.7211   -4.6783    0.1024
  815 MLRIDGY   -0.8161   -5.4930   -4.6769    0.1024
  816 MLKIDGM   -5.6223   -7.0689   -1.4466    0.1024
  817 MLEMDGI   -4.5867   -6.8433   -2.2566    0.1024
  818 MIEDMGI   -5.1564   -6.2946   -1.1383    0.1024
  819 MIRDMGI   -4.5117   -8.2040   -3.6923    0.1024
  820 MIRDMGI   -2.9472   -6.6395   -3.6923    0.1024
  821 MIRDMGI   -2.9472   -6.6395   -3.6923    0.1024
  822 MIVDDGI   -7.2407   -8.0987   -0.8580    0.1024
  823 MVVEDGI   -7.9764   -9.0858   -1.1094    0.1024
  824 EVVDMGI   -7.5880   -8.4746   -0.8866    0.1024
  825 MVVEDGW   -6.8598   -7.5638   -0.7040    0.1024
  826 KVVDMGW   -9.5725   -9.2437    0.3289    0.1024
  827 KVVDMGW   -9.5725   -9.2437    0.3289    0.1024
  828 KVVDMGW   -9.5725   -9.2437    0.3289    0.1024
  829 KVVEMGW  -10.1137  -10.1020    0.0117    0.1024
  830 EVVKMGI   -9.5126   -9.9064   -0.3937    0.1024
  831 EVVKFGI   -8.7691   -8.8497   -0.0806    0.1024
  832 FEVVDGI   -4.5157   -5.0892   -0.5734    0.1024
  833 FRVVDGF   -1.4479   -4.2711   -2.8231    0.1024
  834 WRFVDGA   -1.6694   -5.7074   -4.0380    0.1024
  835 WDLVRGA   -2.6659   -8.7179   -6.0520    0.1024
  836 WDLVKGA   -7.5245  -10.2125   -2.6880    0.1024
  837 IDLVKGV   -9.2808  -10.5783   -1.2974    0.1024
  838 IEVVKGV  -10.4483  -10.8475   -0.3991    0.1024
  839 MEVVKGV   -9.8626  -11.6306   -1.7680    0.1024
  840 IDVVKGV  -10.4046  -10.4866   -0.0820    0.1024
  841 IGVVKDV   -8.8666   -9.0600   -0.1934    0.1024
  842 IGVVKEV   -8.4584   -8.9690   -0.5106    0.1024
  843 IGVVKDV   -8.4532   -8.6466   -0.1934    0.1024
  844 IGIVKEV   -8.1136   -8.6099   -0.4963    0.1024
  845 IGVVKDI   -8.5146   -8.6937   -0.1791    0.1024
  846 IGVVKDI   -8.9144   -9.0936   -0.1791    0.1024
  847 IGVVKDI   -8.9144   -9.0936   -0.1791    0.1024
  848 IGVVEEI   -8.0819   -9.3882   -1.3063    0.1024
  849 IGVVEEV   -8.4291   -9.7497   -1.3206    0.1024
  850 IGIVEEW   -4.5187   -9.0053   -4.4866    0.1024
  851 GEVIEIG   -2.3628   -5.4862   -3.1234    0.1024
  852 GKVIGID   -8.0324  -10.0287   -1.9963    0.1024
  853 GKVIGID   -8.0324  -10.0287   -1.9963    0.1024
  854 GKIVGID   -8.9512  -10.9475   -1.9963    0.1024
  855 GKIVGID   -8.9512  -10.9475   -1.9963    0.1024
  856 GKIVGVD   -7.8508  -11.2213   -3.3706    0.1024
  857 GKIVGVD   -7.9386  -11.3092   -3.3706    0.1024
  858 GKIIGVE   -9.0934  -11.4069   -2.3134    0.1024
  859 GKIIGVE   -9.1134  -11.4268   -2.3134    0.1024
  860 GKIVGIE   -8.8159  -11.1293   -2.3134    0.1024
  861 GIKVGIE   -8.6941  -10.8961   -2.2020    0.1024
  862 GIKVGIE   -8.6941  -10.8961   -2.2020    0.1024
  863 GIKVGID   -8.7980  -10.6829   -1.8849    0.1024
  864 GIKVGID   -8.7980  -10.6829   -1.8849    0.1024
  865 GIKVGID   -8.7980  -10.6829   -1.8849    0.1024
  866 GIKVGID   -8.7980  -10.6829   -1.8849    0.1024
  867 FIKVGID   -6.8451   -8.4342   -1.5891    0.1024
  868 FYKIGVD   -7.2030   -6.5073    0.6957    0.1024
  869 FYKIGVD   -7.2030   -6.5073    0.6957    0.1024
  870 FYKIGVD   -7.2030   -6.5073    0.6957    0.1024
  871 FMKVGID   -7.4958   -7.3338    0.1620    0.1024
  872 MFKVGID   -6.8111   -6.6491    0.1620    0.1024
  873 MDKVGIF   -4.2890   -4.2384    0.0506    0.1024
  874 MDKVGIY   -3.3291   -4.3380   -1.0089    0.1024
  875 LIKVGDY   -6.4104   -7.7287   -1.3183    0.1024
  876 LIKVGDY   -6.4104   -7.7287   -1.3183    0.1024
  877 LIEVGDY   -4.2701   -6.3984   -2.1283    0.1024
  878 DIEVGAY   -1.5640   -6.5528   -4.9889    0.1024
  879 DIDVGMY   -3.0332   -4.4235   -1.3903    0.1024
  880 KIDIGMY   -4.3930   -3.9561    0.4369    0.1024
  881 KIDIGIY   -3.7431   -5.0573   -1.3143    0.1024
  882 YIDIGIK   -1.9754   -3.2897   -1.3143    0.1024
  883 KIDVGMY   -4.4786   -5.3760   -0.8974    0.1024
  884 KIEVGMY   -4.6780   -5.8925   -1.2146    0.1024
  885 EIMVGDY   -5.1435   -6.9623   -1.8189    0.1024
  886 EIMVGEI   -7.0427   -8.4235   -1.3809    0.1024
  887 EIVVGEF   -5.3937   -6.3957   -1.0020    0.1024
  888 EIVEGVI   -8.3355   -9.6417   -1.3063    0.1024
  889 KMVEGVL   -6.5160   -8.8109   -2.2949    0.1024
  890 KLVLGVE   -8.3277  -11.2835   -2.9557    0.1024
  891 KLLVGVE   -8.2963  -11.2520   -2.9557    0.1024
  892 KGELIVV   -0.8442   -2.6816   -1.8374    0.1024
  893 KGEVIVV   -3.0220   -3.6440   -0.6220    0.1024
  894 DGEVIVV   -5.1214   -6.2363   -1.1149    0.1024
  895 VGEVIDV   -4.3482   -5.2402   -0.8920    0.1024
  896 MGEVIDV   -5.8345   -6.7210   -0.8866    0.1024
  897 MGIVIDK   -7.6618   -8.0269   -0.3651    0.1024
  898 MGIVKDI   -9.3302   -9.5839   -0.2537    0.1024
  899 MGIVKDV  -10.0936  -10.2816   -0.1880    0.1024
  900 MGIVKDV  -10.0936  -10.2816   -0.1880    0.1024
  901 MDIVKGV  -10.0651  -10.1417   -0.0766    0.1024
  902 LDIVKGM   -7.4298   -8.8018   -1.3720    0.1024
  903 LDIVKGM   -7.6750   -9.0470   -1.3720    0.1024
  904 LDIKVGM   -6.9307   -8.1913   -1.2606    0.1024
  905 LIMKDGM   -7.1760   -8.8455   -1.6694    0.1024
  906 IIMKEGV   -8.1393   -8.8216   -0.6823    0.1024
  907 IIVKEGM   -9.0812   -9.7635   -0.6823    0.1024
  908 IIKVEGM   -9.5153   -9.9747   -0.4594    0.1024
  909 IIKVEGM   -9.5153   -9.9747   -0.4594    0.1024
  910 IIKVEGM  -10.6379  -11.0973   -0.4594    0.1034
  911 IIKVEGM  -10.6379  -11.0973   -0.4594    0.1034
  912 IIKVEGM  -10.6379  -11.0973   -0.4594    0.1034
  913 IIKVEGM  -10.6379  -11.0973   -0.4594    0.1034
  914 IIKVEGM  -10.6379  -11.0973   -0.4594    0.1034
  915 KIMVEGI   -8.6761   -9.2470   -0.5709    0.1034
  916 KIMIEGV   -7.5668   -8.1376   -0.5709    0.1034
  917 KFMVEGI   -7.0460   -7.3125   -0.2666    0.1034
  918 KFMVEGI   -7.0460   -7.3125   -0.2666    0.1034
  919 KFMVEGI   -7.3102   -7.5768   -0.2666    0.1034
  920 KMMVEGI   -9.2370   -9.7367   -0.4997    0.1034
  921 EFMKVGI   -3.4631   -3.6183   -0.1551    0.1034
  922 MFFKEGV   -5.2472   -5.3209   -0.0737    0.1034
  923 VFLKEGM   -3.6492   -5.2570   -1.6077    0.1034
  924 KVLFEGM   -6.3003   -7.7966   -1.4963    0.1034
  925 KFVVEGM   -6.6640   -6.9449   -0.2809    0.1034
  926 KFVMEGI   -5.9424   -6.2090   -0.2666    0.1034
  927 MWVKEGI   -7.2218   -9.2587   -2.0369    0.1034
  928 MVVKDGI  -10.2055  -10.5049   -0.2994    0.1034
  929 MVIIDGK  -10.0245  -10.3897   -0.3651    0.1034
  930 IVEMEGV   -6.8378   -8.0415   -1.2037    0.1034
  931 IVKMEGY   -6.6940   -7.9086   -1.2146    0.1034
  932 IIKMEGY   -6.2524   -6.1327    0.1197    0.1034
  933 IIKMEGY   -6.2524   -6.1327    0.1197    0.1034
  934 KIIMEGY   -5.9484   -5.9401    0.0083    0.1034
  935 KVIIEGY   -8.7196   -8.6767    0.0429    0.1034
  936 KVIIEGY   -8.7196   -8.6767    0.0429    0.1034
  937 KIIVEGY   -9.5022   -9.4594    0.0429    0.1034
  938 KIIVEGY   -9.0976   -9.0548    0.0429    0.1034
  939 KIIMEGV   -9.6653  -10.2361   -0.5709    0.1034
  940 IVIMEGK   -8.6249   -9.3072   -0.6823    0.1034
  941 VIIMDGK   -8.3922   -8.7573   -0.3651    0.1034
  942 VMIIDGK   -8.1821   -8.5472   -0.3651    0.1034
  943 VMIIDGK   -7.3581   -7.7232   -0.3651    0.1034
  944 MVKIDGM   -7.6300   -7.7012   -0.0711    0.1034
  945 IMKVDGM   -8.9816   -9.0527   -0.0711    0.1034
  946 IMKVDGM   -8.9816   -9.0527   -0.0711    0.1034
  947 IMKVMGD   -8.7581   -8.9407   -0.1826    0.1034
  948 DMKLMGI   -2.5058   -3.9524   -1.4466    0.1034
  949 DMKIMGI   -4.5124   -4.7293   -0.2169    0.1034
  950 MMKIDGI   -7.6402   -7.8570   -0.2169    0.1034
  951 MKMIDGW   -7.9290   -9.5004   -1.5714    0.1034
  952 KMMIDGW   -8.1474   -9.8302   -1.6829    0.1034
  953 MKIIDGV  -11.5205  -11.6628   -0.1423    0.1034
  954 MKIIDGV  -11.5205  -11.6628   -0.1423    0.1034
  955 MKVIDGW   -9.9278  -11.4246   -1.4969    0.1034
  956 MKVIEGW  -10.5048  -12.3188   -1.8140    0.1034
  957 MKVVEGW  -12.8313  -12.8196    0.0117    0.1034
  958 MKVVEGW  -12.8313  -12.8196    0.0117    0.1034
  959 MKVVEGW  -12.8313  -12.8196    0.0117    0.1034
  960 MKVVEGW  -12.4803  -12.4686    0.0117    0.1034
  961 MKVVEGW  -12.4803  -12.4686    0.0117    0.1034
  962 MKVVEGW  -12.4803  -12.4686    0.0117    0.1034
  963 MKVVEGW  -12.4803  -12.4686    0.0117    0.1034
  964 MKVMEGW  -12.2286  -12.2914   -0.0629    0.1034
  965 MKVMEGV  -10.9639  -12.7264   -1.7626    0.1034
  966 MKVMEGV  -10.2074  -11.9700   -1.7626    0.1034
  967 MKVMEGV  -10.2074  -11.9700   -1.7626    0.1034
  968 MKVMEGV  -10.2074  -11.9700   -1.7626    0.1034
  969 FKVMEGV  -10.3523  -10.5217   -0.1694    0.1034
  970 MKVLEGV  -11.0551  -13.2385   -2.1834    0.1034
  971 MKVLEGV  -11.0551  -13.2385   -2.1834    0.1034
  972 MKVLEGW   -8.4358  -11.4796   -3.0437    0.1034
  973 MKVLEGW   -8.4358  -11.4796   -3.0437    0.1034
  974 MKVAEGW   -7.0412   -9.6254   -2.5843    0.1034
  975 MKWAEGW   -7.9269   -9.4115   -1.4846    0.1034
  976 MKWAEGW   -7.9269   -9.4115   -1.4846    0.1034
  977 MKWAEGW   -7.9269   -9.4115   -1.4846    0.1034
  978 MKWAEGM   -6.9689   -9.5478   -2.5789    0.1034
  979 MMWAEGK   -4.5915   -7.3932   -2.8017    0.1034
  980 MMWADGK   -4.2679   -6.7525   -2.4846    0.1034
  981 MMWAKGD   -2.5200   -5.0046   -2.4846    0.1034
  982 MVWGRAD   -0.4944   -6.2370   -5.7426    0.1034
  983 VMWARGD   -1.8420   -7.6960   -5.8540    0.1034
  984 VMMARGD    1.1711   -7.1372   -8.3083    0.1034
  985 WMMAEGD   -5.7276   -9.0222   -3.2946    0.1034
  986 MWMAEGD   -7.2002  -10.4948   -3.2946    0.1034
  987 MWMAEGK   -6.4964   -9.2981   -2.8017    0.1034
  988 MKMAEGW   -8.6328  -11.2117   -2.5789    0.1034
  989 MKMMEGW  -10.1230  -10.2604   -0.1374    0.1034
  990 MKMMEGW  -10.1230  -10.2604   -0.1374    0.1034
  991 MKMMDGW   -9.0666   -8.8869    0.1797    0.1034
  992 MKMMEGW  -10.0303  -10.1677   -0.1374    0.1034
  993 MKMMEGF  -10.9922  -11.1508   -0.1586    0.1034
  994 MKMMEGW  -10.8277  -10.9651   -0.1374    0.1034
  995 MKMMEGW  -10.8277  -10.9651   -0.1374    0.1034
  996 MKMMEGW  -10.8277  -10.9651   -0.1374    0.1034
  997 MKMAEGW   -9.3276  -11.9065   -2.5789    0.1034
  998 MKMGEGW   -8.2921  -10.7721   -2.4800    0.1034
  999 MKMGEGW   -8.2921  -10.7721   -2.4800    0.1034
 1000 MKLGEGW  -10.1628  -13.0637   -2.9009    0.1034
 1001 MKFGEGW  -12.3796  -13.2665   -0.8869    0.1034
 1002 MKFGEGI  -10.6114  -12.5837   -1.9723    0.1034
 1003 MKFGEGI  -10.6114  -12.5837   -1.9723    0.1034
 1004 IKFGEGM   -8.7504  -10.7227   -1.9723    0.1034
 1005 IKFGEGI   -9.8917  -10.4951   -0.6034    0.1034
 1006 IKFGEGL   -8.3809  -10.7741   -2.3931    0.1034
 1007 IKFGEGL   -8.3809  -10.7741   -2.3931    0.1034
 1008 IKWGEGL   -8.7607  -10.2927   -1.5320    0.1034
 1009 IKWGEGW   -8.9561  -10.4129   -1.4569    0.1034
 1010 IKWGEGW   -8.9561  -10.4129   -1.4569    0.1034
 1011 IKWGEGW   -8.9561  -10.4129   -1.4569    0.1034
 1012 IKWGEGL   -9.4621  -10.9941   -1.5320    0.1034
 1013 IKWGEGL   -9.4621  -10.9941   -1.5320    0.1034
 1014 IKWGEGL   -9.4621  -10.9941   -1.5320    0.1034
 1015 IKIGEGL   -9.1456  -11.7630   -2.6174    0.1034
 1016 IKGIEGF   -8.4647   -9.0681   -0.6034    0.1034
 1017 FKGIEGI   -7.6248   -8.2282   -0.6034    0.1034
 1018 IKFGEGI  -10.5021  -11.1055   -0.6034    0.1034
 1019 IKFGEGI  -10.5021  -11.1055   -0.6034    0.1034
 1020 IKFGEGI  -10.5021  -11.1055   -0.6034    0.1034
 1021 IKFGEGM   -8.9000  -10.8722   -1.9723    0.1034
 1022 IKFGEGM   -8.9000  -10.8722   -1.9723    0.1034
 1023 IKFGEGM   -8.9000  -10.8722   -1.9723    0.1034
 1024 MKWGEGM   -9.1441  -11.6241   -2.4800    0.1034
 1025 MKWGDGW   -9.3083   -9.0169    0.2914    0.1034
 1026 MKWGDGW   -9.3083   -9.0169    0.2914    0.1034
 1027 MKWGDGW   -9.3083   -9.0169    0.2914    0.1034
 1028 MKWGEGW   -8.7730   -8.7987   -0.0257    0.1034
 1029 MKWGEGV   -8.1489  -10.6343   -2.4854    0.1034
 1030 MKWGEGV   -8.1489  -10.6343   -2.4854    0.1034
 1031 MKWGEGW   -8.7580   -8.7837   -0.0257    0.1034
 1032 MKWGEGW   -8.7580   -8.7837   -0.0257    0.1034
 1033 MKWGEGW   -8.7580   -8.7837   -0.0257    0.1034
 1034 MKWGEGW   -8.7580   -8.7837   -0.0257    0.1034
 1035 MKGVDGW   -6.6187   -8.7870   -2.1683    0.1034
 1036 GKMVDGW   -5.7112   -7.9909   -2.2797    0.1034
 1037 GKMVDLW   -6.1538   -8.9918   -2.8380    0.1034
 1038 GKVVDLW   -6.0051   -8.7685   -2.7634    0.1034
 1039 WKVVDLG   -6.8980   -9.5500   -2.6520    0.1034
 1040 WKVVEGG   -6.8770   -9.5907   -2.7137    0.1034
 1041 WKIVDGG   -8.2814   -9.3037   -1.0223    0.1034
 1042 GKIVDGW   -8.9762   -9.8871   -0.9109    0.1034
 1043 VKIVDGM  -10.7946  -10.8712   -0.0766    0.1034
 1044 VKIVDGM  -10.7946  -10.8712   -0.0766    0.1034
 1045 VKIIDGM  -10.5290  -10.6712   -0.1423    0.1034
 1046 IKIVEGM  -11.1754  -11.6348   -0.4594    0.1034
 1047 IKIVDGM  -10.9130  -11.0552   -0.1423    0.1034
 1048 IKIVDGM  -10.9130  -11.0552   -0.1423    0.1034
 1049 IKVVEGM  -11.1492  -11.5429   -0.3937    0.1034
 1050 VKVIDMG   -9.0497   -9.1263   -0.0766    0.1034
 1051 VKVIDMG   -9.0347   -9.1113   -0.0766    0.1034
 1052 KVVIGMD   -9.0920   -9.2800   -0.1880    0.1034
 1053 KVVIGMD   -9.0920   -9.2800   -0.1880    0.1034
 1054 KVVIGME   -8.0033   -8.5085   -0.5051    0.1034
 1055 KVLIGVE   -7.9508   -9.6768   -1.7260    0.1034
 1056 KVVIGVE   -9.1038   -9.6144   -0.5106    0.1034
 1057 KVEIGVV   -7.6012   -8.0003   -0.3991    0.1034
 1058 KVEIGVV   -7.6012   -8.0003   -0.3991    0.1034
 1059 KIEVGVV   -8.4268   -8.8259   -0.3991    0.1034
 1060 KIVVGDV  -11.6360  -11.8294   -0.1934    0.1034
 1061 KIVVGDV  -11.6360  -11.8294   -0.1934    0.1034
 1062 KIVVGDV  -11.6360  -11.8294   -0.1934    0.1034
 1063 KIVVGDV  -11.6360  -11.8294   -0.1934    0.1034
 1064 KIVVGDV  -11.6360  -11.8294   -0.1934    0.1034
 1065 KIVVGDV  -11.6360  -11.8294   -0.1934    0.1034
 1066 KIVVGDV  -11.6360  -11.8294   -0.1934    0.1034
 1067 KIVVGDV  -11.6360  -11.8294   -0.1934    0.1034
 1068 KIIVGDG   -8.0790  -10.1867   -2.1077    0.1034
 1069 KILAGDV   -7.4207  -11.3055   -3.8849    0.1034
 1070 AIVKGDL   -5.5638   -9.4486   -3.8849    0.1034
 1071 YIVKGDW   -4.8198   -5.7743   -0.9546    0.1034
 1072 LIVKGDG   -4.6979   -8.5954   -3.8974    0.1034
 1073 KIVIGDG   -9.2933  -11.4010   -2.1077    0.1034
 1074 KIVFGDM   -9.9097   -9.8592    0.0506    0.1034
 1075 KIVFGDM   -9.9097   -9.8592    0.0506    0.1034
 1076 KIVFGDM   -9.9097   -9.8592    0.0506    0.1034
 1077 KIGFGDI   -7.0835   -7.3698   -0.2863    0.1034
 1078 KFGIGDI   -8.0777   -8.3640   -0.2863    0.1034
 1079 KWGIGDI   -9.2880   -9.0732    0.2149    0.1034
 1080 KWGIGDV   -8.8955   -9.6949   -0.7994    0.1034
 1081 KWGIGDV   -8.8955   -9.6949   -0.7994    0.1034
 1082 KWGIGDV   -8.8955   -9.6949   -0.7994    0.1034
 1083 KWGIGDV   -8.8955   -9.6949   -0.7994    0.1034
 1084 KWGIGDV   -8.8955   -9.6949   -0.7994    0.1034
 1085 KWGIGDV   -8.8955   -9.6949   -0.7994    0.1034
 1086 KWGIGDV   -8.8955   -9.6949   -0.7994    0.1034
 1087 KWGIGDV   -8.8955   -9.6949   -0.7994    0.1034
 1088 KWGIGEV   -8.8769   -9.9935   -1.1166    0.1034
 1089 KWGIGEV   -8.8769   -9.9935   -1.1166    0.1034
 1090 KWGVGEI   -9.6470  -10.7635   -1.1166    0.1034
 1091 KWGVGEI   -9.6470  -10.7635   -1.1166    0.1034
 1092 KWGVGEI   -9.6470  -10.7635   -1.1166    0.1034
 1093 KIGVGEW   -8.4735   -9.5900   -1.1166    0.1034
 1094 KIGVGEW   -8.4735   -9.5900   -1.1166    0.1034
 1095 KIGLGEW   -8.2750   -9.8070   -1.5320    0.1034
 1096 KIGMGEW   -8.7486   -9.8598   -1.1111    0.1034
 1097 KIGMGEW   -8.7486   -9.8598   -1.1111    0.1034
 1098 KIGMGEW   -8.7486   -9.8598   -1.1111    0.1034
 1099 KIGMGEW   -8.7486   -9.8598   -1.1111    0.1034
 1100 KIGMGEW   -8.7486   -9.8598   -1.1111    0.1034
 1101 KFGMGEW   -8.3231   -9.2099   -0.8869    0.1034
 1102 KFGMGEM   -6.1876   -9.5288   -3.3411    0.1034
 1103 KFGMGEM   -6.1876   -9.5288   -3.3411    0.1034
 1104 KFGIGEI   -8.1920   -8.7954   -0.6034    0.1034
 1105 KFGIGEI   -8.1920   -8.7954   -0.6034    0.1034
 1106 KFGIGEI   -8.1920   -8.7954   -0.6034    0.1034
 1107 KWGIGEI   -9.4538   -9.5561   -0.1023    0.1034
 1108 KWGIGEI   -9.4538   -9.5561   -0.1023    0.1034
 1109 KWGLGEI   -8.9821  -10.5141   -1.5320    0.1034
 1110 KWGLGEI   -8.9821  -10.5141   -1.5320    0.1034
 1111 KWGLGEI   -8.9821  -10.5141   -1.5320    0.1034
 1112 KWGLGEI   -8.9821  -10.5141   -1.5320    0.1034
 1113 KWGLGEI   -8.9821  -10.5141   -1.5320    0.1034
 1114 KWGLGEW   -7.3034   -9.9900   -2.6866    0.1034
 1115 KLGFGEW   -4.7215   -6.0292   -1.3077    0.1034
 1116 KLGFGEW   -4.7215   -6.0292   -1.3077    0.1034
 1117 KLGFGEW   -4.7215   -6.0292   -1.3077    0.1034
 1118 KLGFGEW   -4.7215   -6.0292   -1.3077    0.1034
 1119 KLGFGEW   -4.7215   -6.0292   -1.3077    0.1034
 1120 KLGFGEW   -4.7215   -6.0292   -1.3077    0.1034
 1121 KLGFGEW   -4.7215   -6.0292   -1.3077    0.1034
 1122 KLGFGEW   -4.7215   -6.0292   -1.3077    0.1034
 1123 KLGFGEW   -4.7215   -6.0292   -1.3077    0.1034
 1124 KLGFGEW   -4.7215   -6.0292   -1.3077    0.1034
 1125 KLGFGEW   -4.7215   -6.0292   -1.3077    0.1034
 1126 KLGFGEW   -4.7215   -6.0292   -1.3077    0.1034
 1127 KLGFGEW   -4.7215   -6.0292   -1.3077    0.1034
 1128 KLGFGEW   -4.7215   -6.0292   -1.3077    0.1034
 1129 KLGFGEW   -2.8348   -4.1425   -1.3077    0.0951
 1130 KLGFGEW   -2.8348   -4.1425   -1.3077    0.0951
 1131 KFGLGEW   -3.6125   -4.9202   -1.3077    0.0951
 1132 KVLGGEW   -3.4982   -6.6273   -3.1291    0.0951
 1133 KVEGGLW   -3.1982   -6.3273   -3.1291    0.0951
 1134 KLMGGEW   -4.9074   -8.0311   -3.1237    0.0951
 1135 KLMGGEW   -4.9074   -8.0311   -3.1237    0.0951
 1136 KMMGGEW   -5.0782   -7.7810   -2.7029    0.0951
 1137 KMMGGEW   -5.0782   -7.7810   -2.7029    0.0951
 1138 KMIGGDW   -5.6150   -6.6318   -1.0169    0.0951
 1139 KILGGDW   -6.5183   -7.9560   -1.4377    0.0951
 1140 KIWGGDL   -6.4575   -7.8952   -1.4377    0.0951
 1141 KIWGGDF   -6.6081   -6.3118    0.2963    0.0951
 1142 KIWGGDV   -6.8560   -7.8783   -1.0223    0.0951
 1143 KIWGGDV   -6.8560   -7.8783   -1.0223    0.0951
 1144 KIWGGEV   -8.3654   -9.7048   -1.3394    0.0951
 1145 KWIGGEV   -6.9044   -8.2439   -1.3394    0.0951
 1146 KWWGGEV   -6.6499   -6.9039   -0.2540    0.0951
 1147 KWWGGEV   -6.6499   -6.9039   -0.2540    0.0951
 1148 KWWGGEV   -6.6499   -6.9039   -0.2540    0.0951
 1149 KWWGGEV   -6.6499   -6.9039   -0.2540    0.0951
 1150 KWWGGEV   -6.6499   -6.9039   -0.2540    0.0951
 1151 KWWGGEV   -6.6499   -6.9039   -0.2540    0.0951
 1152 KIVGGDW   -7.0360   -8.0583   -1.0223    0.0951
 1153 KIGIGDW   -7.2628   -7.0480    0.2149    0.0951
 1154 KIGIGDW   -7.2628   -7.0480    0.2149    0.0951
 1155 KIGIGEW   -7.6691   -7.7714   -0.1023    0.0951
 1156 KIGIGEW   -7.6691   -7.7714   -0.1023    0.0951
 1157 KIGIGEW   -7.6691   -7.7714   -0.1023    0.0951
 1158 KIGIGEW   -7.6691   -7.7714   -0.1023    0.0951
 1159 KIGIGEW   -7.7279   -7.8302   -0.1023    0.0951
 1160 KIELGGW   -4.8174   -6.4608   -1.6434    0.0951
 1161 EIELGGW   -4.2473   -6.7008   -2.4534    0.0951
 1162 EIELGGW   -4.2473   -6.7008   -2.4534    0.0951
 1163 LWKEGGI   -2.2043   -4.0706   -1.8663    0.0951
 1164 LWKEGGI   -2.2043   -4.0706   -1.8663    0.0951
 1165 KLVIGGE   -5.4616   -9.7876   -4.3260    0.0951
 1166 KIVLGGE   -8.3473  -12.6733   -4.3260    0.0951
 1167 KIVLGGE   -8.3473  -12.6733   -4.3260    0.0951
 1168 KIVMGGE   -8.1390  -12.0442   -3.9051    0.0951
 1169 KIVMGGE   -8.1390  -12.0442   -3.9051    0.0951
 1170 KIIVGGE   -9.4519  -11.9882   -2.5363    0.0951
 1171 KIVIGGE   -9.5709  -12.1072   -2.5363    0.0951
 1172 KIVIGGD  -10.0955  -12.3147   -2.2191    0.0951
 1173 KIIVGGD  -10.2005  -12.4197   -2.2191    0.0951
 1174 KIIVGGD  -10.2005  -12.4197   -2.2191    0.0951
 1175 KIIVGGE   -9.7685  -12.3048   -2.5363    0.0951
 1176 KIIIGGE   -9.9707  -11.1327   -1.1620    0.0951
 1177 KIIIGGD  -10.4201  -11.2650   -0.8449    0.0951
 1178 IIKIGGD   -9.5680  -10.3014   -0.7334    0.0951
 1179 WIKIGGD   -9.4463   -9.4543   -0.0080    0.0951
 1180 WIKIGGD   -9.4463   -9.4543   -0.0080    0.0951
 1181 WIKIGGD   -9.4463   -9.4543   -0.0080    0.0951
 1182 WIKIGGD   -9.4463   -9.4543   -0.0080    0.0951
 1183 WVKIGGD   -7.7256   -8.7479   -1.0223    0.0951
 1184 WVKIGGD   -7.7256   -8.7479   -1.0223    0.0951
 1185 WVKIGGD   -7.7256   -8.7479   -1.0223    0.0951
 1186 WVKIGGD   -7.7256   -8.7479   -1.0223    0.0951
 1187 VWKIGGD   -7.1737   -8.1959   -1.0223    0.0951
 1188 VWKIGGD   -7.1737   -8.1959   -1.0223    0.0951
 1189 IWKVGGD   -8.0838   -9.1061   -1.0223    0.0951
 1190 IWKVGGD   -8.0838   -9.1061   -1.0223    0.0951
 1191 IWKVGGE   -8.1887   -9.5281   -1.3394    0.0951
 1192 IIKVGGE   -9.4754  -11.9002   -2.4249    0.0951
 1193 IKIVGGD  -10.1200  -12.2277   -2.1077    0.0951
 1194 IKIVGGD  -10.1200  -12.2277   -2.1077    0.0951
 1195 IKIVGGD  -10.1200  -12.2277   -2.1077    0.0951
 1196 WKIIGGD  -10.5837  -10.5917   -0.0080    0.0951
 1197 IKIIGGD  -10.0145  -10.7480   -0.7334    0.0951
 1198 IKIIGGD  -10.0145  -10.7480   -0.7334    0.0951
 1199 IKIIGGD  -10.0145  -10.7480   -0.7334    0.0951
 1200 WKIIGGD  -10.5689  -10.5769   -0.0080    0.0951
 1201 WKIIGGE   -9.5188   -9.8440   -0.3251    0.0951
 1202 WKIIGGD  -10.5382  -10.5462   -0.0080    0.0951
 1203 WKIIGGD  -10.5382  -10.5462   -0.0080    0.0951
 1204 MKIIGGD   -9.4809  -11.5832   -2.1023    0.0951
 1205 MKIIGGD   -9.4809  -11.5832   -2.1023    0.0951
 1206 MKIIGGD   -9.4809  -11.5832   -2.1023    0.0951
 1207 WKIIGGD  -10.5515  -10.5595   -0.0080    0.0951
 1208 WIKIGGD   -9.1853   -9.1933   -0.0080    0.0951
 1209 FIKIGGD   -6.9008   -7.4099   -0.5091    0.0951
 1210 FKIIGGD   -7.6477   -8.1568   -0.5091    0.0951
 1211 VKIIGGD   -8.0428  -10.1505   -2.1077    0.0951
 1212 KVIIGGD   -8.9712  -11.1904   -2.2191    0.0951
 1213 KVIIGGE   -8.2306  -10.7669   -2.5363    0.0951
 1214 KVIIGGE   -8.2306  -10.7669   -2.5363    0.0951
 1215 KIVIGGD   -9.3138  -11.5330   -2.2191    0.0951
 1216 KIVIGGD   -9.3138  -11.5330   -2.2191    0.0951
 1217 IIVKGGD   -8.1221  -10.3412   -2.2191    0.0951
 1218 IIKVGGD   -7.1088   -9.2166   -2.1077    0.0951
 1219 IIIEGGD   -8.4263  -10.0811   -1.6549    0.0951
 1220 IIIEGGD   -8.4263  -10.0811   -1.6549    0.0951
 1221 EIIIGGD   -8.3045   -9.9593   -1.6549    0.0951
 1222 DIIIGGD   -7.5094   -8.8471   -1.3377    0.0951
 1223 IDIIGGD   -6.9958   -8.2221   -1.2263    0.0951
 1224 IKIIGGD  -10.2785  -11.0119   -0.7334    0.0951
 1225 IKIIGGD  -10.2785  -11.0119   -0.7334    0.0951
 1226 FKIIGGD   -9.1208   -9.6299   -0.5091    0.0951
 1227 WKIIGGD  -10.4002  -10.4082   -0.0080    0.0951
 1228 WIKIGGD  -10.8364  -10.8444   -0.0080    0.0951
 1229 WIKIGGD  -10.8364  -10.8444   -0.0080    0.0951
 1230 WIKIGGD  -10.8364  -10.8444   -0.0080    0.0951
 1231 IWKIGGD   -9.7799   -9.7879   -0.0080    0.0951
 1232 IWKIGGE  -10.0622  -10.3874   -0.3251    0.0951
 1233 IWKIGGE  -10.0622  -10.3874   -0.3251    0.0951
 1234 IWKIGGE  -10.0622  -10.3874   -0.3251    0.0951
 1235 IWKIGGD   -9.8460   -9.8540   -0.0080    0.0951
 1236 IWKIGGD   -9.8460   -9.8540   -0.0080    0.0951
 1237 IWKIGGD   -9.8460   -9.8540   -0.0080    0.0951
 1238 WIKIGGD  -10.4846  -10.4926   -0.0080    0.0951
 1239 WIKIGGD  -10.4846  -10.4926   -0.0080    0.0951
 1240 WMKIGGD   -7.1532   -8.1701   -1.0169    0.0951
 1241 WMKIGGD   -7.1532   -8.1701   -1.0169    0.0951
 1242 WMKVGGD   -7.0561   -9.4472   -2.3911    0.0951
 1243 WKMVGGD   -8.8958  -11.2870   -2.3911    0.0951
 1244 WKMVGGD   -8.8958  -11.2870   -2.3911    0.0951
 1245 WKMVGGD   -8.8958  -11.2870   -2.3911    0.0951
 1246 WKMVGGD   -8.8958  -11.2870   -2.3911    0.0951
 1247 WKMVGGD   -8.8958  -11.2870   -2.3911    0.0951
 1248 WKMVGGD   -8.8958  -11.2870   -2.3911    0.0951
 1249 WKMVGGD   -8.8958  -11.2870   -2.3911    0.0951
 1250 WKMVDGG   -8.2996  -10.6908   -2.3911    0.0951
 1251 WKMVEGG   -7.6785  -10.3868   -2.7083    0.0951
 1252 WKMVEGG   -7.6785  -10.3868   -2.7083    0.0951
 1253 WKMVEGG   -7.6785  -10.3868   -2.7083    0.0951
 1254 WKWGEGV   -8.5122   -8.5434   -0.0311    0.0951
 1255 WKWGEGV   -8.5122   -8.5434   -0.0311    0.0951
 1256 WKIGEGV   -8.2911   -9.4077   -1.1166    0.0951
 1257 WKIGEGV   -8.2911   -9.4077   -1.1166    0.0951
 1258 WKIGEGV   -8.2911   -9.4077   -1.1166    0.0951
 1259 WKIGEGV   -8.2911   -9.4077   -1.1166    0.0951
 1260 VKWGEGI   -6.8853   -8.0019   -1.1166    0.0951
 1261 KVWGEGI   -5.5674   -6.7954   -1.2280    0.0951
 1262 KVWGEGM   -4.3909   -6.9877   -2.5969    0.0951
 1263 KVMGEGW   -5.2846   -7.8815   -2.5969    0.0951
 1264 KVMGEGW   -5.2846   -7.8815   -2.5969    0.0951
 1265 KVMGEGW   -5.2846   -7.8815   -2.5969    0.0951
 1266 KVMGEGW   -5.2846   -7.8815   -2.5969    0.0951
 1267 KMIGDGW   -8.3869   -9.2924   -0.9054    0.0951
 1268 KMGIDGW   -7.6304   -8.4244   -0.7940    0.0951
 1269 KMGIDGW   -7.6304   -8.4244   -0.7940    0.0951
 1270 KMGWDGW   -8.0346   -7.7432    0.2914    0.0951
 1271 MKGWDGW   -7.4408   -7.1494    0.2914    0.0951
 1272 MKGWDGW   -7.4408   -7.1494    0.2914    0.0951
 1273 MKGWDGW   -7.4408   -7.1494    0.2914    0.0951
 1274 MKGWDGW   -7.4408   -7.1494    0.2914    0.0951
 1275 MKGWDGW   -7.4408   -7.1494    0.2914    0.0951
 1276 MKGWDGW   -7.4408   -7.1494    0.2914    0.0951
 1277 KMGFDGW   -6.8733   -7.4430   -0.5697    0.0951
 1278 KMGFDGW   -6.8733   -7.4430   -0.5697    0.0951
 1279 KMGFDGW   -6.8733   -7.4430   -0.5697    0.0951
 1280 KMGFDGW   -6.8733   -7.4430   -0.5697    0.0951
 1281 KMGFWGD   -5.7102   -6.3913   -0.6811    0.0951
 1282 KMGIWGD   -6.8780   -7.7834   -0.9054    0.0951
 1283 MKGWDGW   -7.8727   -7.5813    0.2914    0.0951
 1284 IKGWDGM   -5.4938   -6.2878   -0.7940    0.0951
 1285 MKGWEGI   -7.0764   -8.1876   -1.1111    0.0951
 1286 VKGWEGI   -7.8438   -8.9604   -1.1166    0.0951
 1287 IKGWEGM   -6.9619   -8.0730   -1.1111    0.0951
 1288 IDGWEGW   -2.2939   -4.2436   -1.9497    0.0951
 1289 IWGWEGD   -4.9381   -6.9992   -2.0611    0.0951
 1290 IWGWEGE   -4.8086   -7.1869   -2.3783    0.0951
 1291 IWGWDGE   -4.7643   -6.8255   -2.0611    0.0951
 1292 IIGWDGE   -5.8166   -6.5232   -0.7066    0.0951
 1293 IWGIGDE   -7.0188   -7.8368   -0.8180    0.0951
 1294 IFGIGED   -5.5886   -6.9078   -1.3191    0.0951
 1295 FIGIGED   -6.2948   -7.6140   -1.3191    0.0951
 1296 LIGIGED   -5.9537   -9.2868   -3.3331    0.0951
 1297 IIGIGKE   -0.7246   -1.7752   -1.0506    0.0951
 1298 FWGIGKE   -2.7083   -2.7292   -0.0209    0.0951
 1299 FWGIGED   -5.3618   -5.8755   -0.5137    0.0951
 1300 FWGIGED   -5.3618   -5.8755   -0.5137    0.0951
 1301 FWGIGED   -5.3618   -5.8755   -0.5137    0.0951
 1302 FIGIGED   -5.5265   -6.8457   -1.3191    0.0951
 1303 DIGIGEF   -3.9676   -5.0639   -1.0963    0.0951
 1304 DFGIGEI   -3.4778   -4.5741   -1.0963    0.0951
 1305 FVGIGED   -4.9113   -7.6047   -2.6934    0.0951
 1306 FVGIGDD   -5.5880   -7.9643   -2.3763    0.0951
 1307 FFGIGDD   -6.6692   -7.4469   -0.7777    0.0951
 1308 FFGIGDD   -6.6692   -7.4469   -0.7777    0.0951
 1309 FFGIGED   -7.2862   -8.3811   -1.0949    0.0951
 1310 FFGIGED   -7.2862   -8.3811   -1.0949    0.0951
 1311 FFGIGED   -7.2862   -8.3811   -1.0949    0.0951
 1312 FFGIGKD   -6.4480   -6.7329   -0.2849    0.0951
 1313 FFGIGDD   -6.8917   -7.6694   -0.7777    0.0951
 1314 MFGIGDD   -6.5265   -8.8973   -2.3709    0.0951
 1315 MFGIGDD   -6.5265   -8.8973   -2.3709    0.0951
 1316 MFGVGDD   -3.2222   -6.9674   -3.7451    0.0951
 1317 MFVGGDD   -3.6016   -7.5696   -3.9680    0.0951
 1318 MFVGGDD   -3.6016   -7.5696   -3.9680    0.0951
 1319 WFVGGDD   -3.2005   -4.7142   -1.5137    0.0951
 1320 VFVGGED   -2.1355   -6.4260   -4.2906    0.0951
 1321 VMVGGEE   -2.6042   -8.8050   -6.2009    0.0951
 1322 VMVGGKE   -4.6147  -10.0056   -5.3909    0.0951
 1323 VEVGGKM   -3.8265   -8.8831   -5.0566    0.0951
 1324 KVVGGEM   -4.0118   -9.1798   -5.1680    0.0951
 1325 KVIGGEM   -5.4719   -9.2656   -3.7937    0.0951
 1326 KWIGGEM   -6.6291   -7.9631   -1.3340    0.0951
 1327 KWIGGEM   -6.6291   -7.9631   -1.3340    0.0951
 1328 KIIGGEM   -7.6153  -10.0348   -2.4194    0.0951
 1329 KIIGGEW   -8.5571   -8.8822   -0.3251    0.0951
 1330 KIIGGEW   -8.5571   -8.8822   -0.3251    0.0951
 1331 KIIGGEW   -9.1606   -9.4857   -0.3251    0.1519
 1332 KIFGGEW   -8.0464   -8.0673   -0.0209    0.1519
 1333 KIFGGEW   -8.0464   -8.0673   -0.0209    0.1519
 1334 KIFGGEI   -5.4155   -6.2418   -0.8263    0.1519
 1335 KIFGGEF   -6.0435   -6.6455   -0.6020    0.1519
 1336 KIGFGEF   -5.2530   -5.6322   -0.3791    0.1519
 1337 KIGFGEF   -5.2530   -5.6322   -0.3791    0.1519
 1338 KIGFGEF   -5.2530   -5.6322   -0.3791    0.1519
 1339 KWGWGEF   -4.6603   -5.8129   -1.1526    0.1519
 1340 KWGWGEF   -4.6603   -5.8129   -1.1526    0.1519
 1341 KWGWGEF   -4.6603   -5.8129   -1.1526    0.1519
 1342 KWGIGEF   -6.8268   -6.6248    0.2020    0.1519
 1343 KWGIGDF   -5.2790   -4.7599    0.5191    0.1519
 1344 KWGIGDF   -5.2790   -4.7599    0.5191    0.1519
 1345 KWGIGDF   -5.2790   -4.7599    0.5191    0.1519
 1346 KWGIGDF   -6.9005   -6.3814    0.5191    0.1519
 1347 KWGIGEF   -7.1163   -6.9143    0.2020    0.1519
 1348 KWGIGEF   -7.1163   -6.9143    0.2020    0.1519
 1349 KWGFGIE   -5.4013   -5.1993    0.2020    0.1519
 1350 KWGFGIE   -5.4013   -5.1993    0.2020    0.1519
 1351 KWGFGIE   -5.4013   -5.1993    0.2020    0.1519
 1352 KWGFGIE   -5.4013   -5.1993    0.2020    0.1519
 1353 KWGFGIE   -6.6919   -6.4899    0.2020    0.1519
 1354 KWGFGIE   -6.6919   -6.4899    0.2020    0.1519
 1355 EIGFGKW   -5.8404   -5.6384    0.2020    0.1519
 1356 EFGIGKW   -5.2265   -5.0245    0.2020    0.1519
 1357 FEGIGKW   -5.3786   -5.1766    0.2020    0.1519
 1358 FDGIGKW   -4.0962   -3.5771    0.5191    0.1519
 1359 FIGDGKW   -6.0103   -5.6026    0.4077    0.1519
 1360 FIGEGKW   -6.7696   -6.6791    0.0906    0.1519
 1361 FEGIGKW   -6.6296   -6.4276    0.2020    0.1519
 1362 FEGIGKI   -5.3690   -5.9724   -0.6034    0.1519
 1363 FKGIGEI   -3.9068   -4.5102   -0.6034    0.1519
 1364 FEGIGEW   -4.0836   -4.6916   -0.6080    0.1519
 1365 FWGIGED   -6.1906   -6.7043   -0.5137    0.1519
 1366 FWGVGED   -5.3525   -6.9605   -1.6080    0.1519
 1367 FGGVWED   -5.6447   -7.3641   -1.7194    0.1519
 1368 FGGVWDD   -5.9771   -7.3793   -1.4023    0.1519
 1369 FGAVWDK   -4.3460   -5.2428   -0.8969    0.1519
 1370 WGAVWDK   -2.9028   -4.2185   -1.3157    0.1519
 1371 VGAIWDK   -3.3711   -4.4923   -1.1211    0.1519
 1372 MGAIKDW   -5.1202   -6.1245   -1.0043    0.1519
 1373 MGADIDW   -2.9198   -4.1940   -1.2743    0.1519
 1374 MGAKIDW   -6.8585   -7.6399   -0.7814    0.1519
 1375 MGAKIDW   -6.8585   -7.6399   -0.7814    0.1519
 1376 MIMKADW   -3.8434   -7.1937   -3.3503    0.1519
 1377 MIDKAMF   -3.4521   -5.3663   -1.9143    0.1519
 1378 MKDLAMF   -2.9867   -6.1307   -3.1440    0.1519
 1379 MKDLAMY   -3.0979   -6.1013   -3.0034    0.1519
 1380 MMELADF   -2.6354   -6.3665   -3.7311    0.1519
 1381 MMDLAEF   -1.7043   -5.4354   -3.7311    0.1519
 1382 MMMDAEF   -3.7932   -4.5435   -0.7503    0.1519
 1383 MMMDAEF   -3.7932   -4.5435   -0.7503    0.1519
 1384 MMEMAEL   -1.4822   -4.5636   -3.0814    0.1519
 1385 MMAMKEL   -1.2751   -3.7694   -2.4943    0.1519
 1386 MMAKMEL   -6.1483   -8.4198   -2.2714    0.1519
 1387 MMAKMDL   -6.0817   -8.0360   -1.9543    0.1519
 1388 MMAKMDL   -6.0817   -8.0360   -1.9543    0.1519
 1389 MMAKMDF   -6.8030   -6.7433    0.0597    0.1519
 1390 MMAKMDF   -6.8030   -6.7433    0.0597    0.1519
 1391 MMAKMDF   -6.8030   -6.7433    0.0597    0.1519
 1392 MMAKMDF   -6.8030   -6.7433    0.0597    0.1519
 1393 MMMKMEI   -5.0865   -7.4067   -2.3203    0.1519
 1394 MMMKAEI   -7.7370   -8.2987   -0.5617    0.1519
 1395 MAMKMEI   -7.4318   -7.9935   -0.5617    0.1519
 1396 MAMKMEY   -3.7330   -6.4099   -2.6769    0.1519
 1397 MAMKWEY   -1.9826   -3.2451   -1.2626    0.1519
 1398 MAMKWEY   -1.9826   -3.2451   -1.2626    0.1519
 1399 MAMKWEY   -1.9826   -3.2451   -1.2626    0.1519
 1400 MDMKVAY   -3.6885   -6.0536   -2.3651    0.1519
 1401 MDAKVMY   -3.8143   -6.1795   -2.3651    0.1519
 1402 MMAVKDY   -3.4714   -6.0594   -2.5880    0.1519
 1403 MMVVDDY   -6.8141   -6.9790   -0.1649    0.1519
 1404 MLVVDDY   -6.9053  -10.0510   -3.1457    0.1519
 1405 MVVLDEY   -5.2801   -8.7430   -3.4629    0.1519
 1406 MVVLEEG   -7.4557  -10.7834   -3.3277    0.1519
 1407 MVELRVG   -1.4285   -6.9759   -5.5474    0.1519
 1408 MVLEKVG   -9.0131  -11.4194   -2.4063    0.1519
 1409 MVLVEEG   -8.2693  -11.5970   -3.3277    0.1519
 1410 MVLVEEG   -8.2771  -11.6048   -3.3277    0.1519
 1411 MVFVEEG   -8.5848   -9.8985   -1.3137    0.1519
 1412 VLFIEDG   -4.7226   -8.6857   -3.9631    0.1519
 1413 LVFGDDI   -3.4040   -6.9386   -3.5346    0.1519
 1414 MVFGDDI   -6.4372   -6.9909   -0.5537    0.1519
 1415 GVIMDDF   -3.5108   -4.0646   -0.5537    0.1519
 1416 GVIMFDD   -6.5160   -7.1812   -0.6651    0.1519
 1417 KIVGFVD   -8.8930   -8.7679    0.1251    0.1519
 1418 KVVGWVD  -10.1186   -9.8266    0.2920    0.1519
 1419 KVVGWVD  -10.1186   -9.8266    0.2920    0.1519
 1420 FDKGLVV   -3.6243   -4.8403   -1.2160    0.1519
 1421 FLKGDVV   -7.8979   -9.0025   -1.1046    0.1519
 1422 FLKGDVV   -7.8979   -9.0025   -1.1046    0.1519
 1423 MLKGDVV   -7.8959   -9.8736   -1.9777    0.1519
 1424 MLKGVDV   -7.7483   -9.6146   -1.8663    0.1519
 1425 KLMGMDF   -5.8956   -7.0379   -1.1423    0.1519
 1426 KLMGMDL   -6.0564   -8.7327   -2.6763    0.1519
 1427 VLKGMDL   -6.4992   -9.1010   -2.6017    0.1519
 1428 VLKGVDL   -6.6749   -9.2021   -2.5271    0.1519
 1429 VLKGVDI   -8.6862   -9.9836   -1.2974    0.1519
 1430 VLKGVDI   -8.6862   -9.9836   -1.2974    0.1519
 1431 VVKGLEI   -8.0432   -9.6578   -1.6146    0.1519
 1432 VVKGLEI   -8.0281   -9.6427   -1.6146    0.1519
 1433 VVKGIDV   -6.8073   -6.8893   -0.0820    0.1519
 1434 VAKGIDV   -2.1535   -5.5115   -3.3580    0.1519
 1435 KWVGIDV   -3.9453   -5.3675   -1.4223    0.1519
 1436 KVVGDLV   -6.2159   -8.1990   -1.9831    0.1519
 1437 KFVGDVV   -9.0627   -9.0318    0.0309    0.1519
 1438 KFVGDVI   -8.9122   -8.7871    0.1251    0.1519
 1439 KFVGDVI   -8.9122   -8.7871    0.1251    0.1519
 1440 KFVGDVV   -9.2975   -9.2666    0.0309    0.1519
 1441 KFVGDVV   -9.2975   -9.2666    0.0309    0.1519
 1442 KFVGDVV   -9.2975   -9.2666    0.0309    0.1519
 1443 KIVGDMF   -6.3706   -6.3200    0.0506    0.1519
 1444 KIVGDMF   -6.3706   -6.3200    0.0506    0.1519
 1445 IKFGDGI   -6.4923   -6.7786   -0.2863    0.1519
 1446 KIFGDGI   -7.1052   -7.5029   -0.3977    0.1519
 1447 KIGFEGI   -7.4979   -8.1014   -0.6034    0.1519
 1448 KIGFEGI   -7.4979   -8.1014   -0.6034    0.1519
 1449 IKGMEGI   -7.9289  -10.1254   -2.1966    0.1519
 1450 VKGMEAI   -7.0858  -10.7555   -3.6697    0.1519
 1451 IKGMEAI   -8.3377  -10.6331   -2.2954    0.1519
 1452 KIGMEAY   -3.8976   -8.3882   -4.4906    0.1519
 1453 KIGMEAY   -3.3241   -7.8147   -4.4906    0.1519
 1454 KIGYDVM   -3.8267   -4.7241   -0.8974    0.1519
 1455 KIGYDVV   -4.8186   -5.7215   -0.9029    0.1519
 1456 MIGYDVK   -4.6159   -5.5133   -0.8974    0.1519
 1457 KIYGMVD   -8.1166   -9.1254   -1.0089    0.1519
 1458 KFYGIVD   -6.7448   -6.1605    0.5843    0.1519
 1459 KMIGYVD   -7.8579   -8.8667   -1.0089    0.1519
 1460 KMIGYVD   -7.8579   -8.8667   -1.0089    0.1519
 1461 KIIGYVD   -9.7247   -9.3647    0.3600    0.1519
 1462 KIIGYVD   -9.7247   -9.3647    0.3600    0.1519
 1463 KIFGYVD   -8.3830   -7.7987    0.5843    0.1519
 1464 KIFGYVD   -8.1354   -7.5511    0.5843    0.1519
 1465 KVFGLMD   -4.2169   -5.3961   -1.1791    0.1519
 1466 KVFGDML   -4.3824   -5.5615   -1.1791    0.1519
 1467 KMFGDMV   -6.5729   -6.5312    0.0417    0.1519
 1468 KMFGDMV   -6.5729   -6.5312    0.0417    0.1519
 1469 KMFGDMV   -5.7226   -5.6809    0.0417    0.1519
 1470 KIIGDMV   -5.6687   -5.9224   -0.2537    0.1519
 1471 KLIGDMV   -5.9170   -7.4004   -1.4834    0.1519
 1472 KLIGDMV   -7.1246   -8.6080   -1.4834    0.1519
 1473 KMIGMDV   -7.7357   -7.8069   -0.0711    0.1519
 1474 IMKGMEV   -8.3010   -8.6893   -0.3883    0.1519
 1475 VMKGMEI   -9.5770   -9.9653   -0.3883    0.1519
 1476 MMKGVEW   -9.7895   -9.8524   -0.0629    0.1519
 1477 MWKGVEM  -10.3629  -10.4257   -0.0629    0.1519
 1478 MWKGVEM  -10.3629  -10.4257   -0.0629    0.1519
 1479 MVKGVEM   -9.8823  -11.6449   -1.7626    0.1519
 1480 MMKGVEF  -11.2719  -11.4359   -0.1640    0.1519
 1481 MMKGVEF  -11.2719  -11.4359   -0.1640    0.1519
 1482 MMKGVEF  -11.2719  -11.4359   -0.1640    0.1519
 1483 MMKGVEF  -11.2719  -11.4359   -0.1640    0.1519
 1484 MVKGVEF  -11.1683  -11.3377   -0.1694    0.1519
 1485 MVKGVEF  -11.1683  -11.3377   -0.1694    0.1519
 1486 MVKGVDF  -10.9934  -10.8457    0.1477    0.1519
 1487 VVKGFDF  -11.3606  -10.8198    0.5409    0.1519
 1488 VVKGFEF  -11.3885  -11.1648    0.2237    0.1519
 1489 VVKGFEF  -11.3885  -11.1648    0.2237    0.1519
 1490 VVKGVEF  -10.9536  -11.1285   -0.1749    0.1519
 1491 VIKGVDF   -9.9886   -9.7520    0.2366    0.1519
 1492 DIKGVVF   -8.6965   -8.5713    0.1251    0.1519
 1493 DIFGVVK  -10.3024  -10.1773    0.1251    0.1519
 1494 DLFGVVK  -10.3213  -11.4258   -1.1046    0.1519
 1495 EKFGVVL   -8.8134  -10.3466   -1.5331    0.1519
 1496 EKFGVVL   -8.8134  -10.3466   -1.5331    0.1519
 1497 MKFGVDL   -8.6992   -9.6555   -0.9563    0.1519
 1498 MKFGVDL   -8.6992   -9.6555   -0.9563    0.1519
 1499 MEFGVDL   -6.6478   -8.4141   -1.7663    0.1519
 1500 MEFGVEL   -6.5926   -8.6760   -2.0834    0.1519
 1501 MEFGVEL   -6.5926   -8.6760   -2.0834    0.1519
 1502 MEFGVEL   -6.5926   -8.6760   -2.0834    0.1519
 1503 MVFGEEV   -8.7972   -9.9995   -1.2023    0.1519
 1504 MVFGMEE   -8.7546   -9.9514   -1.1969    0.1519
 1505 MVFGLEE   -7.8332  -10.2509   -2.4177    0.1519
 1506 MVFGLEE   -7.8332  -10.2509   -2.4177    0.1519
 1507 MVFGFEE   -7.8724   -8.7561   -0.8837    0.1519
 1508 MMFGEDF   -7.5543   -8.1955   -0.6411    0.1519
 1509 MMFGDEF   -5.1333   -5.7745   -0.6411    0.1519
 1510 MMMGDDF   -5.2811   -5.8382   -0.5571    0.1519
 1511 MMMGFDD   -8.3343   -8.8914   -0.5571    0.1519
 1512 MMMGYDD   -5.5997   -8.5763   -2.9766    0.1519
 1513 MMIGMDD   -9.0841   -9.8656   -0.7814    0.1519
 1514 FMIGMED   -7.7537   -8.6991   -0.9454    0.1519
 1515 FMIGEMD   -8.3039   -9.1379   -0.8340    0.1519
 1516 FMIGEMD   -8.3039   -9.1379   -0.8340    0.1519
 1517 FMVGEMD   -7.5784   -8.3467   -0.7683    0.1519
 1518 MMMGEFD   -9.6988  -10.4616   -0.7629    0.1519
 1519 MMMGEWD   -9.0140   -9.7557   -0.7417    0.1519
 1520 MMMGEWD   -9.0140   -9.7557   -0.7417    0.1519
 1521 MMMGEWD   -9.0140   -9.7557   -0.7417    0.1519
 1522 MMMGEWD   -9.0140   -9.7557   -0.7417    0.1519
 1523 MMMGEWD   -9.0140   -9.7557   -0.7417    0.1519
 1524 MMMGEWD   -9.0140   -9.7557   -0.7417    0.1519
 1525 MMFGEVD  -10.4680  -11.2363   -0.7683    0.1519
 1526 MMFGEVD   -9.9244  -10.6927   -0.7683    0.1519
 1527 MMFGEVD   -9.9244  -10.6927   -0.7683    0.1519
 1528 MMFGEVE   -9.2511  -10.3365   -1.0854    0.1519
 1529 MMMGEVE   -8.7914  -11.4700   -2.6786    0.1519
 1530 MMFGEVE   -9.5862  -10.6716   -1.0854    0.1519
 1531 MMGFEVE   -8.0657   -9.0397   -0.9740    0.1519
 1532 MMGFEVE   -7.4698   -8.4438   -0.9740    0.1690
 1533 MMGIEVE   -8.8349  -10.0332   -1.1983    0.1690
 1534 MMGIEVE   -8.8349  -10.0332   -1.1983    0.1690
 1535 MMGIEVE   -8.8091  -10.0074   -1.1983    0.1690
 1536 MMGMEVE   -7.1016   -9.6688   -2.5671    0.1690
 1537 MMGMEME   -6.2395   -8.8012   -2.5617    0.1690
 1538 MMGEEMW   -4.6355   -5.8058   -1.1703    0.1690
 1539 MMGDELW   -1.8338   -5.6678   -3.8340    0.1690
 1540 MMDGEVW   -5.2069   -5.8741   -0.6671    0.1690
 1541 MIEGDVW   -3.8455   -6.2638   -2.4183    0.1690
 1542 AIDADVL   -2.0729   -6.4380   -4.3651    0.1690
 1543 AIDAKVL   -3.3220   -7.1943   -3.8723    0.1690
 1544 AILADVD   -5.8553  -10.3319   -4.4766    0.1690
 1545 AFLADID   -4.6043   -8.1223   -3.5180    0.1690
 1546 AFLADIK   -4.2834   -7.3086   -3.0251    0.1690
 1547 AVLAKID   -5.9549   -9.9386   -3.9837    0.1690
 1548 AVALEID   -3.4688   -8.2625   -4.7937    0.1690
 1549 ALVADVE   -5.3185  -11.4865   -6.1680    0.1690
 1550 ALVIDVE   -7.3593  -11.3570   -3.9977    0.1690
 1551 AMVIDVE   -9.5365  -10.6334   -1.0969    0.1690
 1552 AMVIKVE   -7.5110   -8.1150   -0.6040    0.1690
 1553 MVAIEVK   -8.5815   -9.1855   -0.6040    0.1690
 1554 MVAIDVK   -9.6265   -9.9134   -0.2869    0.1690
 1555 MVAIDVD  -10.3329  -11.1126   -0.7797    0.1690
 1556 MVAIDVD  -10.4039  -11.1836   -0.7797    0.1690
 1557 MVVIEAD  -11.3478  -12.4447   -1.0969    0.1690
 1558 MVVIEAE  -10.1765  -11.5905   -1.4140    0.1690
 1559 IDVMEAV   -5.8200   -6.8055   -0.9854    0.1690
 1560 IMVDMAE   -6.5082   -7.5996   -1.0914    0.1690
 1561 IMVEMAE   -7.6189   -9.0275   -1.4086    0.1690
 1562 IMVEMAD   -7.8300   -8.9214   -1.0914    0.1690
 1563 IMVEMAD   -7.8300   -8.9214   -1.0914    0.1690
 1564 IMVEMAD   -7.8300   -8.9214   -1.0914    0.1690
 1565 ALVEMDI   -5.6628   -9.6237   -3.9609    0.1690
 1566 ALVEVEY   -4.9319   -8.8505   -3.9186    0.1690
 1567 AVVEYDY   -4.8804   -8.8873   -4.0069    0.1690
 1568 AVVDYDY   -4.0410   -7.7307   -3.6897    0.1690
 1569 MVIDYEY   -1.4611   -2.8922   -1.4311    0.1690
 1570 WVMEYEG   -2.7473   -3.7979   -1.0506    0.1690
 1571 WVMEYEG   -2.7968   -3.8474   -1.0506    0.1690
 1572 WVMEYEG   -2.7968   -3.8474   -1.0506    0.1690
 1573 GVIEYDL   -3.5381   -5.6664   -2.1283    0.1690
 1574 GIVDYDL   -3.8713   -5.6824   -1.8111    0.1690
 1575 AIVKYDL   -4.0998   -6.5969   -2.4971    0.1690
 1576 AIVKYDL   -4.0998   -6.5969   -2.4971    0.1690
 1577 AIVKYEI   -4.6542   -6.2388   -1.5846    0.1690
 1578 AVVKYEI   -5.4727   -6.7916   -1.3189    0.1690
 1579 AVVKMIE   -6.7016   -7.3056   -0.6040    0.1690
 1580 AIVKMVE   -7.6127   -8.2167   -0.6040    0.1690
 1581 AVVEMKI   -8.2930   -8.7856   -0.4926    0.1690
 1582 AEVVMKI   -7.9821   -8.4746   -0.4926    0.1690
 1583 AEVVYKM   -5.2968   -7.9845   -2.6877    0.1690
 1584 AEVVYKM   -5.2968   -7.9845   -2.6877    0.1690
 1585 AEVVMKM   -5.9406   -7.8020   -1.8614    0.1690
 1586 AEVVMKM   -5.9406   -7.8020   -1.8614    0.1690
 1587 AMVVMED   -5.6599   -8.3485   -2.6886    0.1690
 1588 MMVVFED   -7.0709   -9.7649   -2.6940    0.1690
 1589 MMVVFED   -7.0709   -9.7649   -2.6940    0.1690
 1590 MVMVVED   -8.8267   -9.9993   -1.1726    0.1690
 1591 MMVVVED  -11.3494  -12.5219   -1.1726    0.1690
 1592 MVMVEVD  -10.8266  -11.7764   -0.9497    0.1690
 1593 MVMVEVD  -10.8266  -11.7764   -0.9497    0.1690
 1594 MMVVEVD  -12.4622  -13.4119   -0.9497    0.1690
 1595 MMVVEVE  -11.3510  -12.6178   -1.2669    0.1690
 1596 MMVVEVE  -11.3510  -12.6178   -1.2669    0.1690
 1597 MMVVEVE  -11.3510  -12.6178   -1.2669    0.1690
 1598 MMVVEVD  -12.5507  -13.5004   -0.9497    0.1690
 1599 MMVVEVD  -12.5507  -13.5004   -0.9497    0.1690
 1600 MMVVEVD  -12.5507  -13.5004   -0.9497    0.1690
 1601 MMAVEVD   -9.4104  -11.8761   -2.4657    0.1690
 1602 AMMVEVD   -8.8059  -11.2716   -2.4657    0.1690
 1603 AMVVEVD  -10.1380  -12.6091   -2.4711    0.1690
 1604 MMVVEVE   -9.4257  -10.6925   -1.2669    0.1690
 1605 MMVVEVE   -9.3841  -10.6509   -1.2669    0.1690
 1606 MIVVEVE   -7.4906  -10.5086   -3.0180    0.1690
 1607 MIVVEVE   -7.4906  -10.5086   -3.0180    0.1690
 1608 MIVVEVE   -9.1700  -12.1880   -3.0180    0.1690
 1609 MVVIEVE   -7.7202  -10.7382   -3.0180    0.1690
 1610 MAVIEVE   -8.5686   -9.9826   -1.4140    0.1690
 1611 MVVIKAE   -8.5447   -9.1487   -0.6040    0.1690
 1612 MKVIVAE   -9.7767  -10.3807   -0.6040    0.1690
 1613 MKVVAVE   -9.2275  -11.2058   -1.9783    0.1690
 1614 MKVVVVE  -11.0589  -11.4412   -0.3823    0.1690
 1615 MKVVVVD  -10.9134  -10.9786   -0.0651    0.1690
 1616 MKVVVVD  -10.9134  -10.9786   -0.0651    0.1690
 1617 MKVVYVD   -9.7916   -9.2776    0.5140    0.1690
 1618 MVKDYVV   -7.7681   -7.3655    0.4026    0.1690
 1619 MIKDAVV   -7.5425   -7.9408   -0.3983    0.1690
 1620 MIKDAVV   -7.5179   -7.9162   -0.3983    0.1690
 1621 MIKDAVV   -7.5179   -7.9162   -0.3983    0.1690
 1622 MIAVDKV   -6.7575   -7.1557   -0.3983    0.1690
 1623 MIAVEKV   -7.6505   -8.3659   -0.7154    0.1690
 1624 MIAVEKV   -7.6102   -8.3256   -0.7154    0.1690
 1625 EIAVMKV   -8.1366   -8.7406   -0.6040    0.1690
 1626 EIAVMKV   -8.1366   -8.7406   -0.6040    0.1690
 1627 EIAVMVK   -8.5570   -9.2724   -0.7154    0.1690
 1628 EIVVMAK   -9.5187  -10.2341   -0.7154    0.1690
 1629 EFVVMAK   -7.3624   -7.8535   -0.4911    0.1690
 1630 EMKVMAV   -6.1688   -8.1416   -1.9729    0.1690
 1631 VMKEMAV   -5.7899   -7.8742   -2.0843    0.1690
 1632 MVKEMAV   -8.0493  -10.1336   -2.0843    0.1690
 1633 KVIEMGM   -7.8190   -8.2073   -0.3883    0.1690
 1634 VKIMMGE   -5.0291   -5.5288   -0.4997    0.1690
 1635 VEIMKGM   -6.2706   -6.6589   -0.3883    0.1690
 1636 VEIKFGM   -4.0356   -4.0794   -0.0437    0.1690
 1637 VEIKFGM   -4.0356   -4.0794   -0.0437    0.1690
 1638 FKIEYGM   -5.6595   -5.1640    0.4954    0.1690
 1639 YKIEYGM   -2.4983   -4.4223   -1.9240    0.1690
 1640 YKEIYGM   -2.5128   -4.6596   -2.1469    0.1690
 1641 GKIEYGM   -1.8251   -6.2168   -4.3917    0.1690
 1642 MKIEYGY   -2.7792   -4.7032   -1.9240    0.1690
 1643 FKIEYGY   -2.9320   -3.2629   -0.3309    0.1690
 1644 FKEIYGY   -3.5648   -4.1185   -0.5537    0.1690
 1645 FKEIYGY   -3.5648   -4.1185   -0.5537    0.1690
 1646 FKEIFGY   -3.2899   -4.4242   -1.1343    0.1690
 1647 FKEIFGG   -5.6322   -6.3457   -0.7134    0.1690
 1648 IKEIFGG   -6.9949   -7.9326   -0.9377    0.1690
 1649 GKEIFIG   -6.9736   -7.9113   -0.9377    0.1690
 1650 GKEIFIG   -6.9736   -7.9113   -0.9377    0.1690
 1651 AKEIFIG   -7.3371   -8.2623   -0.9251    0.1690
 1652 AKEIFIG   -7.3371   -8.2623   -0.9251    0.1690
 1653 AKEIFIG   -7.3371   -8.2623   -0.9251    0.1690
 1654 AKEIFIG   -7.3371   -8.2623   -0.9251    0.1690
 1655 AKEIFIG   -7.3371   -8.2623   -0.9251    0.1690
 1656 AKEIFIG   -7.3371   -8.2623   -0.9251    0.1690
 1657 FKEIAIG   -5.3325   -6.2576   -0.9251    0.1690
 1658 FKEIAIG   -5.3325   -6.2576   -0.9251    0.1690
 1659 FKEIAIG   -5.3325   -6.2576   -0.9251    0.1690
 1660 FKEIAIG   -5.3325   -6.2576   -0.9251    0.1690
 1661 FKEIAIG   -5.3325   -6.2576   -0.9251    0.1690
 1662 FKDIAIG   -3.3240   -3.9320   -0.6080    0.1690
 1663 MKDIAIM   -3.6361   -5.8547   -2.2186    0.1690
 1664 MKDIAIM   -3.6361   -5.8547   -2.2186    0.1690
 1665 MKIIADM   -4.5815   -6.5772   -1.9957    0.1690
 1666 MKIMADV   -8.5656   -8.7356   -0.1700    0.1690
 1667 MKILADV   -7.0038  -10.1546   -3.1509    0.1690
 1668 MLIVADK   -5.8557   -9.3408   -3.4851    0.1690
 1669 ALMVMDK   -5.1224   -7.4164   -2.2940    0.1690
 1670 MLKVMDA   -7.2736   -9.2333   -1.9597    0.1690
 1671 MLKVDAM   -7.5637   -9.5234   -1.9597    0.1690
 1672 MIKVDAM   -8.0257   -8.1957   -0.1700    0.1690
 1673 KVFVDAM   -6.1709   -6.2335   -0.0626    0.1690
 1674 VKFVDAM   -8.1675   -8.1186    0.0489    0.1690
 1675 VMMVDAK   -6.2793   -7.9350   -1.6557    0.1690
 1676 IAMVDMK   -6.1386   -6.4201   -0.2814    0.1690
 1677 IMVMDAE   -8.2903   -9.3817   -1.0914    0.1690
 1678 IMIMDAE   -5.7365   -8.6537   -2.9171    0.1690
 1679 IIMIDAE   -4.8676   -9.5359   -4.6683    0.1690
 1680 IAMIIEE   -4.3661   -9.5744   -5.2083    0.1690
 1681 IAMIAEE   -5.6321   -9.1707   -3.5386    0.1690
 1682 AFMIAEE   -4.9384   -8.2527   -3.3143    0.1690
 1683 AFMIAEK   -4.7554   -7.2597   -2.5043    0.1690
 1684 AFMIAEK   -4.7554   -7.2597   -2.5043    0.1690
 1685 AWMKEAF   -1.3237   -3.1511   -1.8274    0.1690
 1686 AWMKEGF   -1.6180   -2.8266   -1.2086    0.1690
 1687 AWMGEEF   -1.7781   -3.7966   -2.0186    0.1690
 1688 AWGMDEF   -4.4172   -6.0072   -1.5900    0.1690
 1689 AWGMDEF   -4.4172   -6.0072   -1.5900    0.1690
 1690 AWGIEEF   -5.3682   -7.8665   -2.4983    0.1690
 1691 GWAIEEM   -2.1674   -4.4103   -2.2429    0.1690
 1692 GFAIEEF   -2.2013   -3.7121   -1.5109    0.1690
 1693 GFAMEEF   -4.0115   -6.8913   -2.8797    0.1690
 1694 KFAMGEF   -0.6146   -2.5729   -1.9583    0.1690
 1695 AFKMGEF   -2.4659   -4.3127   -1.8469    0.1690
 1696 AIKIGEF   -6.1103   -6.8126   -0.7023    0.1690
 1697 AWKIGEF   -5.6825   -7.2594   -1.5769    0.1690
 1698 AWEIGKF   -3.5751   -5.1519   -1.5769    0.1690
 1699 KWEIGAF   -5.8842   -7.4610   -1.5769    0.1690
 1700 KWEIGAF   -5.8842   -7.4610   -1.5769    0.1690
 1701 KWEIGAF   -5.8842   -7.4610   -1.5769    0.1690
 1702 KMEIGAF   -5.7831   -7.8542   -2.0711    0.1690
 1703 KIGMGEF   -3.2074   -5.1797   -1.9723    0.1690
 1704 KIGWGEF   -1.5374   -1.3354    0.2020    0.1690
 1705 KWGLGEI   -5.1310   -6.6630   -1.5320    0.1690
 1706 KWGLGID   -5.9159   -7.1307   -1.2149    0.1690
 1707 KWGIGID   -6.3265   -6.1117    0.2149    0.1690
 1708 KWGIGID   -6.3265   -6.1117    0.2149    0.1690
 1709 KIGWGIE   -5.1437   -5.2460   -0.1023    0.1690
 1710 KIGIGVE   -7.9642  -10.1662   -2.2020    0.1690
 1711 KIGIGVE   -7.9642  -10.1662   -2.2020    0.1690
 1712 KIGIGIE   -7.3432   -8.1709   -0.8277    0.1690
 1713 KIGIGME   -7.1360   -9.3326   -2.1966    0.1690
 1714 KIGIGEM   -7.1499   -9.3465   -2.1966    0.1690
 1715 KIGIGEM   -7.1499   -9.3465   -2.1966    0.1690
 1716 KIGIGEM   -7.1499   -9.3465   -2.1966    0.1690
 1717 KIGIGEM   -6.6385   -8.8350   -2.1966    0.1690
 1718 KIGIGEI   -7.3464   -8.1741   -0.8277    0.1690
 1719 KGGWIDI   -6.8805   -6.8885   -0.0080    0.1690
 1720 KGGWIDI   -6.8805   -6.8885   -0.0080    0.1690
 1721 KGGWIDV   -6.3805   -7.4028   -1.0223    0.1690
 1722 KGGWIEV   -6.6168   -7.9563   -1.3394    0.1690
 1723 KGGVIEW   -4.9159   -6.2554   -1.3394    0.1690
 1724 KGGVIEW   -4.9159   -6.2554   -1.3394    0.1690
 1725 KGGVFEW   -6.0932   -7.2084   -1.1151    0.1690
 1726 KGGVFDW   -4.8041   -5.6021   -0.7980    0.1690
 1727 KGVGFDW   -4.8945   -5.4696   -0.5751    0.1690
 1728 KGVGFDW   -4.8945   -5.4696   -0.5751    0.1690
 1729 KGVGFDW   -4.8945   -5.4696   -0.5751    0.1690
 1730 KGFGFDI   -4.7683   -4.8303   -0.0620    0.1690
 1731 KGFGFID   -5.5242   -5.6977   -0.1734    0.1690
 1732 KGFGFID   -5.5242   -5.6977   -0.1734    0.1690
 1733 KGFGFID   -5.6100   -5.7834   -0.1734    0.1692
 1734 KGFGFID   -5.6100   -5.7834   -0.1734    0.1692
 1735 KGFGLID   -4.1995   -6.3870   -2.1874    0.1692
 1736 KGFGLIE   -3.4819   -5.9865   -2.5046    0.1692
 1737 KGVGVIE   -3.5778   -7.2655   -3.6877    0.1692
 1738 KFVGEVV   -3.6900   -3.9763   -0.2863    0.1692
 1739 KFVGEVV   -3.6900   -3.9763   -0.2863    0.1692
 1740 KLVGDVV   -7.9081   -9.8912   -1.9831    0.1692
 1741 KLVGVVD   -7.3863   -9.3694   -1.9831    0.1692
 1742 KWVGVVE   -8.9771   -9.0022   -0.0251    0.1692
 1743 KWVGVEV   -7.9593   -7.8730    0.0863    0.1692
 1744 KWVGVEV   -8.3752   -8.2889    0.0863    0.1692
 1745 KLVGMEV   -7.4985   -9.6820   -2.1834    0.1692
 1746 KIVGMEL   -5.1428   -6.8319   -1.6891    0.1692
 1747 KMIGMEM   -6.9144   -7.2972   -0.3829    0.1692
 1748 KMIGMEM   -6.9144   -7.2972   -0.3829    0.1692
 1749 KMIGMDI   -5.7523   -5.9692   -0.2169    0.1692
 1750 KMFGMEI   -2.5751   -2.8049   -0.2297    0.1692
 1751 KMLGMEI   -2.9188   -4.6825   -1.7637    0.1692
 1752 KMLGMEL   -3.6889   -6.6824   -2.9934    0.1692
 1753 KLLGMEM   -1.7116   -4.7050   -2.9934    0.1692
 1754 MLKGMEL   -7.9060  -10.8994   -2.9934    0.1692
 1755 MLKGMEL   -7.9060  -10.8994   -2.9934    0.1692
 1756 MLKGMDF   -7.3454   -8.4877   -1.1423    0.1692
 1757 MLRGMDF   -5.8996  -10.4058   -4.5063    0.1692
 1758 MIRGMDF   -5.1830   -8.4596   -3.2766    0.1692
 1759 MMRGIDF   -2.3161   -5.5927   -3.2766    0.1692
 1760 IMRGDMF    2.9904   -0.3976   -3.3880    0.1692
 1761 FFRGAMD   -1.1287   -6.1338   -5.0051    0.1692
 1762 FFDGAMD   -0.3133   -2.4473   -2.1340    0.1692
 1763 VAMGFDD   -3.2936   -7.1376   -3.8440    0.1692
 1764 VVMGVED   -5.8479   -8.3316   -2.4837    0.1692
 1765 VVGMMDE   -7.2352   -9.7135   -2.4783    0.1692
 1766 VVGMMDE   -7.2352   -9.7135   -2.4783    0.1692
 1767 VVGMVDD   -7.4511   -9.6177   -2.1666    0.1692
 1768 VVGMMDD   -7.1963   -9.3574   -2.1611    0.1692
 1769 FVGMVDD   -6.5402   -7.1082   -0.5680    0.1692
 1770 AVGVWDD   -5.9018   -8.8901   -2.9883    0.1692
 1771 YVGVWDD   -5.8708   -6.4040   -0.5331    0.1692
 1772 MVGVWDD   -9.2450   -9.6318   -0.3869    0.1692
 1773 VVGMWDE   -8.8748   -9.5788   -0.7040    0.1692
 1774 EVGMWVD   -6.1838   -6.7764   -0.5926    0.1692
 1775 VVGMWED  -10.0079  -10.7119   -0.7040    0.1692
 1776 VVGMWEE   -9.7487  -10.7698   -1.0211    0.1692
 1777 AVGMWEE   -6.1022   -9.7193   -3.6171    0.1692
 1778 IVGMWDE   -7.3380   -9.8677   -2.5297    0.1692
 1779 IVGMWDE   -7.3380   -9.8677   -2.5297    0.1692
 1780 IVGMIDE   -8.0718   -9.2469   -1.1751    0.1692
 1781 IVMGIDE   -7.8454   -9.0205   -1.1751    0.1692
 1782 IIMGVEE   -8.9839  -10.4762   -1.4923    0.1692
 1783 IIMGVEE   -8.9839  -10.4762   -1.4923    0.1692
 1784 MIIGMEE   -8.6961  -10.2630   -1.5669    0.1692
 1785 MMIGEME   -6.5851   -7.8894   -1.3043    0.1692
 1786 MMIGEME   -6.5851   -7.8894   -1.3043    0.1692
 1787 MMIGEME   -6.8379   -8.1422   -1.3043    0.1692
 1788 MMIGEMK   -5.7933   -6.2876   -0.4943    0.1692
 1789 MMIGEMD   -7.2034   -8.1906   -0.9871    0.1692
 1790 MIIGEMD   -6.9342   -8.0725   -1.1383    0.1692
 1791 LMIGDMD   -5.0700   -7.1208   -2.0509    0.1692
 1792 GMIGDMK   -4.4152   -7.7749   -3.3597    0.1692
 1793 GKIGDMM   -6.0196   -9.3793   -3.3597    0.1692
 1794 GKIGDMM   -6.0196   -9.3793   -3.3597    0.1692
 1795 LKIGDMM   -6.2111   -7.6576   -1.4466    0.1692
 1796 LKIGDMV   -6.6801   -8.0521   -1.3720    0.1692
 1797 LKIGEMV   -6.6627   -8.3519   -1.6891    0.1692
 1798 LKLGDMV   -3.8975   -6.4992   -2.6017    0.1692
 1799 IKGMDLV   -4.5257   -5.8977   -1.3720    0.1692
 1800 IKGMDLV   -4.5257   -5.8977   -1.3720    0.1692
 1801 VKGVDLV   -5.9473   -7.8190   -1.8717    0.1692
 1802 VKAVDML   -7.0235   -8.9887   -1.9651    0.1692
 1803 VKAVDMW   -6.9833   -8.4333   -1.4500    0.1692
 1804 VKAVDGF   -4.2356   -7.3693   -3.1337    0.1692
 1805 AKVIEGF   -6.2230   -8.2996   -2.0766    0.1692
 1806 VKAIEAF   -6.6982   -8.8737   -2.1754    0.1692
 1807 VKMIEAF   -6.9078   -8.8418   -1.9340    0.1692
 1808 VKVIEAF   -7.3021   -9.1615   -1.8594    0.1692
 1809 VKIVEAY   -8.1441   -9.4629   -1.3189    0.1692
 1810 VKIVEAY   -8.1441   -9.4629   -1.3189    0.1692
 1811 FKIVEAY   -5.1092   -6.3895   -1.2803    0.1692
 1812 IKIVEGY   -9.4216   -9.2673    0.1543    0.1692
 1813 IKIVEGY   -9.4216   -9.2673    0.1543    0.1692
 1814 IKIVEGY   -9.4216   -9.2673    0.1543    0.1692
 1815 IKIVEAG   -9.0765  -11.3773   -2.3009    0.1692
 1816 IKIVDAV   -9.9194  -11.7660   -1.8466    0.1692
 1817 IKIVDGM  -11.0818  -11.2240   -0.1423    0.1692
 1818 KMVIEGI   -9.8527  -10.4236   -0.5709    0.1692
 1819 VMKIEGM   -9.2297   -9.6180   -0.3883    0.1692
 1820 VMKIEGV   -9.1397   -9.5334   -0.3937    0.1692
 1821 KLVIEGV  -10.3565  -12.0825   -1.7260    0.1692
 1822 VLKIEGV   -8.6659  -10.2805   -1.6146    0.1692
 1823 VLKIEGV   -8.6659  -10.2805   -1.6146    0.1692
 1824 VVKIEGV   -9.0795   -9.4787   -0.3991    0.1692
 1825 VVKIEGV   -9.0795   -9.4787   -0.3991    0.1692
 1826 VVKIEGV   -9.0795   -9.4787   -0.3991    0.1692
 1827 VIKVEGV   -8.0158   -8.4150   -0.3991    0.1692
 1828 IVVKEGV   -8.9131   -9.5351   -0.6220    0.1692
 1829 VVVKEGI   -8.8539   -9.4759   -0.6220    0.1692
 1830 IVVKVGE   -8.7612   -9.2718   -0.5106    0.1692
 1831 KIVIVGD  -10.2116  -10.5022   -0.2906    0.1692
 1832 VIKIVGD   -8.4345   -8.6137   -0.1791    0.1692
 1833 VIKIVGE   -8.5296   -9.0258   -0.4963    0.1692
 1834 VIVIKGD   -7.9844   -8.2750   -0.2906    0.1692
 1835 MIVVKGE  -10.1879  -10.8045   -0.6166    0.1692
 1836 MIVEKGV   -9.9450  -10.5616   -0.6166    0.1692
 1837 MIVEKGM   -9.8752  -10.4864   -0.6111    0.1692
 1838 MIVKEGM  -11.1763  -11.7874   -0.6111    0.1692
 1839 MIVKEGM  -11.1763  -11.7874   -0.6111    0.1692
 1840 KIVEMGL   -8.5302  -10.2193   -1.6891    0.1692
 1841 KIMVEGL   -8.9861  -10.7867   -1.8006    0.1692
 1842 MIKVDGL   -8.2563   -9.6283   -1.3720    0.1692
 1843 MIKVDGL   -8.2563   -9.6283   -1.3720    0.1692
 1844 MIKDVGL   -6.5905   -8.0739   -1.4834    0.1692
 1845 KIVDLGM   -7.0482   -8.4202   -1.3720    0.1692
 1846 KIVLDGM   -9.3882  -10.8716   -1.4834    0.1692
 1847 KVILDGM   -9.4063  -10.8898   -1.4834    0.1692
 1848 MVIKDGL   -8.6805  -10.2754   -1.5949    0.1692
 1849 MKIVDGL  -10.6243  -11.9963   -1.3720    0.1692
 1850 MKIVDGL  -10.6243  -11.9963   -1.3720    0.1692
 1851 MKVIDGL   -9.8134  -11.1854   -1.3720    0.1692
 1852 VKLIDGM   -9.1387  -10.5107   -1.3720    0.1692
 1853 VKMIDGM   -9.9836  -10.0548   -0.0711    0.1692
 1854 IKMVDGM  -10.5378  -10.6089   -0.0711    0.1692
 1855 IKMVEAM   -9.4834   -9.9706   -0.4871    0.1692
 1856 IKMVEAM   -9.4834   -9.9706   -0.4871    0.1692
 1857 IKMVEAM   -9.4834   -9.9706   -0.4871    0.1692
 1858 IKMVMAE   -8.1067   -8.7053   -0.5986    0.1692
 1859 MKMVDAI  -12.5110  -12.6810   -0.1700    0.1692
 1860 MKMVDAI  -12.5110  -12.6810   -0.1700    0.1692
 1861 IKMVDAM  -10.5905  -10.7605   -0.1700    0.1692
 1862 IKMVDAM  -10.5905  -10.7605   -0.1700    0.1692
 1863 IKMVDMA   -9.9746  -10.1446   -0.1700    0.1692
 1864 IKMVDAM  -11.7205  -11.8905   -0.1700    0.1692
 1865 IKMVDAM  -11.7205  -11.8905   -0.1700    0.1692
 1866 MKMVDAI  -12.2265  -12.3965   -0.1700    0.1692
 1867 VKMIDAV  -11.2298  -11.4052   -0.1754    0.1692
 1868 VKMIDAV  -11.2298  -11.4052   -0.1754    0.1692
 1869 VKMIDAM  -11.0584  -11.2284   -0.1700    0.1692
 1870 VKMIDAM  -11.0584  -11.2284   -0.1700    0.1692
 1871 VKMIDAM  -11.0584  -11.2284   -0.1700    0.1692
 1872 VKMIDAV  -11.2301  -11.4055   -0.1754    0.1692
 1873 VKVMDAI  -10.9730  -11.1484   -0.1754    0.1692
 1874 VKVIEGI  -10.0209  -10.4058   -0.3849    0.1692
 1875 VKVIEGI  -10.0209  -10.4058   -0.3849    0.1692
 1876 GKVIEIV   -9.1862   -9.6825   -0.4963    0.1692
 1877 GKVMDVI   -8.8498   -9.0378   -0.1880    0.1692
 1878 GKVMDVI   -8.8498   -9.0378   -0.1880    0.1692
 1879 AKVMDIV   -9.0747   -9.2501   -0.1754    0.1692
 1880 AKVMDIV   -9.0747   -9.2501   -0.1754    0.1692
 1881 MKVADMI   -9.4361   -9.6061   -0.1700    0.1692
 1882 MVKMDAI   -7.1744   -7.3444   -0.1700    0.1692
 1883 MVKMEGI   -8.2682   -8.6565   -0.3883    0.1692
 1884 MVKGMEI   -9.2525   -9.6408   -0.3883    0.1692
 1885 MVKGMEI   -9.2525   -9.6408   -0.3883    0.1692
 1886 MVKGMEI   -9.2525   -9.6408   -0.3883    0.1692
 1887 MVKGMEI   -9.2525   -9.6408   -0.3883    0.1692
 1888 MVKGMEW   -8.2468   -8.3097   -0.0629    0.1692
 1889 MVKGMDW   -7.3678   -7.1136    0.2543    0.1692
 1890 MVRGMDW   -5.8922   -9.0019   -3.1097    0.1692
 1891 MVRGMDW   -5.8922   -9.0019   -3.1097    0.1692
 1892 MVRGMDW   -5.8922   -9.0019   -3.1097    0.1692
 1893 MVRGMDW   -5.8922   -9.0019   -3.1097    0.1692
 1894 MVRGMDW   -5.8922   -9.0019   -3.1097    0.1692
 1895 MVRGMDW   -5.8922   -9.0019   -3.1097    0.1692
 1896 MVWGMDR   -4.0064   -7.3390   -3.3326    0.1692
 1897 MVWGMDD   -7.8830   -8.3445   -0.4614    0.1692
 1898 MVWGMDD   -7.8830   -8.3445   -0.4614    0.1692
 1899 MVWGMKD   -6.0824   -6.0509    0.0314    0.1692
 1900 MVWGMKD   -6.0824   -6.0509    0.0314    0.1692
 1901 MVWGEKM   -5.9321   -6.2178   -0.2857    0.1692
 1902 MVWGMDE   -8.3865   -9.1650   -0.7786    0.1692
 1903 MVWGMDE   -8.3865   -9.1650   -0.7786    0.1692
 1904 MVWGEMK   -8.1412   -8.3155   -0.1743    0.1692
 1905 MVWGMEK   -9.0217   -9.3074   -0.2857    0.1692
 1906 MVWGMEK   -9.0217   -9.3074   -0.2857    0.1692
 1907 MVWGMEK   -9.0217   -9.3074   -0.2857    0.1692
 1908 MVWGMEK   -9.0217   -9.3074   -0.2857    0.1692
 1909 MVWGMED   -9.3457  -10.1243   -0.7786    0.1692
 1910 MVWGEMD   -8.5324   -9.1995   -0.6671    0.1692
 1911 MVWGEEM   -8.2914   -9.3871   -1.0957    0.1692
 1912 MVWGEEM   -8.2914   -9.3871   -1.0957    0.1692
 1913 MMWGEDM   -7.7871   -8.6402   -0.8531    0.1692
 1914 MMIGEEM   -8.6603  -10.0760   -1.4157    0.1692
 1915 MVMGEEM   -8.2087  -10.9988   -2.7900    0.1692
 1916 MEMGEVM   -6.9795   -9.5467   -2.5671    0.1692
 1917 MEVGEMV   -5.8038   -8.3764   -2.5726    0.1692
 1918 MVDGEVI   -7.2792   -8.2772   -0.9980    0.1692
 1919 MVKGEVI  -12.1002  -12.6053   -0.5051    0.1692
 1920 MIKGDVV  -11.7010  -11.8890   -0.1880    0.1692
 1921 MIKGEVM  -12.0194  -12.5191   -0.4997    0.1692
 1922 MMKGEVM  -11.1798  -13.0484   -1.8686    0.1692
 1923 MMKGEVM  -11.1798  -13.0484   -1.8686    0.1692
 1924 MMKGEVM  -11.1798  -13.0484   -1.8686    0.1692
 1925 MMKGEVF  -10.9324  -11.2078   -0.2754    0.1692
 1926 MMKGDVF  -10.0643  -10.0226    0.0417    0.1692
 1927 FMKGDVV   -9.5860   -9.5497    0.0363    0.1692
 1928 FMKGEVM   -9.7442  -10.0196   -0.2754    0.1692
 1929 MMKGEVF   -9.7904  -10.0658   -0.2754    0.1692
 1930 MKMGEVF   -9.4458   -9.6098   -0.1640    0.1692
 1931 MKLGEVF   -8.1943   -9.5792   -1.3849    0.1692
 1932 MKLGEVF   -8.1943   -9.5792   -1.3849    0.1692
 1933 MKFGEVL  -10.1182  -11.5030   -1.3849    0.1692
 1934 MKFGEVL  -10.1182  -11.5030   -1.3849    0.1692
 1935 MKFGEVL  -10.1182  -11.5030   -1.3849    0.1692
 1936 MKFGEAL   -6.2526  -10.1135   -3.8609    0.1692
 1937 MKFGEAL   -8.0311  -11.8920   -3.8609    0.1868
 1938 MKYGEIL   -6.8394   -8.4694   -1.6300    0.1868
 1939 MKLGEIL   -5.5745  -10.3191   -4.7446    0.1868
 1940 MKIGELL   -5.6467  -10.3912   -4.7446    0.1868
 1941 MKIGDMY   -7.4267   -8.3187   -0.8920    0.1868
 1942 MKMGDIY   -6.9346   -7.8266   -0.8920    0.1868
 1943 MKMGEIY   -7.4944   -8.7035   -1.2091    0.1868
 1944 MMKGEIV  -10.0607  -10.5604   -0.4997    0.1868
 1945 MMKGEIV  -10.0607  -10.5604   -0.4997    0.1868
 1946 MMKGEIV  -10.0607  -10.5604   -0.4997    0.1868
 1947 MMKGEIV  -10.0607  -10.5604   -0.4997    0.1868
 1948 MMIGEKV  -10.7318  -11.3429   -0.6111    0.1868
 1949 MMIGDKV  -10.1442  -10.4382   -0.2940    0.1868
 1950 MKIGEMV  -11.4125  -11.8008   -0.3883    0.1868
 1951 MKIGEVF  -10.9451  -11.1002   -0.1551    0.1868
 1952 MKMGEVF  -11.5648  -11.7288   -0.1640    0.1868
 1953 MMKGEVF  -11.6549  -11.9303   -0.2754    0.1868
 1954 MMKGDVF   -9.4906   -9.4489    0.0417    0.1868
 1955 MWKGDVF   -7.1306   -8.4346   -1.3040    0.1868
 1956 MFKGDVM  -10.0462  -10.0045    0.0417    0.1868
 1957 MFKGVEW  -10.6332  -12.1429   -1.5097    0.1868
 1958 MIKGVEM  -10.8368  -11.2251   -0.3883    0.1868
 1959 MKIGMEV  -10.9751  -11.2520   -0.2769    0.1868
 1960 MKIGMVE  -12.3106  -12.6989   -0.3883    0.1868
 1961 MKIGMVD  -13.0722  -13.1434   -0.0711    0.1868
 1962 MKIGMVD  -13.0722  -13.1434   -0.0711    0.1868
 1963 MKIGMVD  -13.0722  -13.1434   -0.0711    0.1868
 1964 MKIGMEV  -11.9822  -12.2591   -0.2769    0.1868
 1965 MKIGEMV  -11.9737  -12.3620   -0.3883    0.1868
 1966 MKIGEMV  -11.9737  -12.3620   -0.3883    0.1868
 1967 MKIGEMV  -11.9737  -12.3620   -0.3883    0.1868
 1968 MKIGEVV  -13.3949  -13.7887   -0.3937    0.1868
 1969 MKIGEVV  -13.3949  -13.7887   -0.3937    0.1868
 1970 MKIGEVV  -13.3949  -13.7887   -0.3937    0.1868
 1971 MKIGELV  -12.1376  -13.8267   -1.6891    0.1868
 1972 MKIGELV  -12.1376  -13.8267   -1.6891    0.1868
 1973 MKIGELV  -12.1376  -13.8267   -1.6891    0.1868
 1974 MKIGELV  -12.1376  -13.8267   -1.6891    0.1868
 1975 MKIGELV  -12.1376  -13.8267   -1.6891    0.1868
 1976 MKIGDLV  -11.4074  -12.7794   -1.3720    0.1868
 1977 MKIGYLD   -8.5455   -9.8584   -1.3129    0.1868
 1978 MIKGVMD   -9.7043   -9.8869   -0.1826    0.1868
 1979 MIKGMVD  -11.3844  -11.5670   -0.1826    0.1868
 1980 MIKGIVD  -11.8107  -12.0644   -0.2537    0.1868
 1981 MIKGIVD  -11.8107  -12.0644   -0.2537    0.1868
 1982 MIGKIVD   -9.7312   -9.9849   -0.2537    0.1868
 1983 MIGKIVD   -9.7312   -9.9849   -0.2537    0.1868
 1984 MIGKIVD   -9.7312   -9.9849   -0.2537    0.1868
 1985 MIGKIVD   -9.7312   -9.9849   -0.2537    0.1868
 1986 MIGKIVE   -8.5278   -9.0987   -0.5709    0.1868
 1987 MIGEDVI   -5.7625   -6.9377   -1.1751    0.1868
 1988 MIGDDIV   -6.1294   -6.9874   -0.8580    0.1868
 1989 MIGEDIV   -6.5825   -7.7577   -1.1751    0.1868
 1990 MIGEVIK   -5.9190   -6.4899   -0.5709    0.1868
 1991 MKGEIVI   -7.3213   -7.8921   -0.5709    0.1868
 1992 MIGEIVK   -7.2109   -7.7817   -0.5709    0.1868
 1993 MIGEVVE   -8.5371   -9.8523   -1.3151    0.1868
 1994 MIGEVVE   -8.5371   -9.8523   -1.3151    0.1868
 1995 MVGVKIE   -9.7269  -10.1206   -0.3937    0.1868
 1996 MVGVKIE   -9.7269  -10.1206   -0.3937    0.1868
 1997 MVGEKMV   -8.1866  -10.1720   -1.9854    0.1868
 1998 MVGEMKW   -8.0268   -8.0896   -0.0629    0.1868
 1999 MEGVMKW   -5.8823   -5.9452   -0.0629    0.1868
 2000 MMGVEKW   -8.4107   -8.5850   -0.1743    0.1868
 2001 MVGMEKW   -7.6473   -7.8216   -0.1743    0.1868
 2002 MVGMDEW   -8.1106   -8.7778   -0.6671    0.1868
 2003 MVGDVEW   -7.5695   -8.0507   -0.4811    0.1868
 2004 MWGIVDD   -7.2760   -9.4886   -2.2126    0.1868
 2005 MIGIVDD   -8.2669   -9.1249   -0.8580    0.1868
 2006 MIGIDVD   -8.2467   -8.8818   -0.6351    0.1868
 2007 MIGIDVD   -8.2467   -8.8818   -0.6351    0.1868
 2008 MVGIDID   -8.4818   -9.1169   -0.6351    0.1868
 2009 MVGIEID   -9.0830  -10.0353   -0.9523    0.1868
 2010 MVGIEID   -9.0830  -10.0353   -0.9523    0.1868
 2011 MIGIVED   -7.6855   -8.8607   -1.1751    0.1868
 2012 MIIGVED   -8.5547   -9.7298   -1.1751    0.1868
 2013 MFVGVED  -10.0828  -10.9680   -0.8851    0.1868
 2014 MVFGVED   -9.9903  -10.8754   -0.8851    0.1868
 2015 MIFGVED   -9.0435   -9.9144   -0.8709    0.1868
 2016 YFIGVKD   -6.8639   -6.3910    0.4729    0.1868
 2017 YFWGVKD   -6.3291   -7.0908   -0.7617    0.1868
 2018 YFFGDKV   -6.4926   -5.7954    0.6971    0.1868
 2019 YFFGDKV   -6.4926   -5.7954    0.6971    0.1868
 2020 YVFGDKW   -5.0336   -5.7953   -0.7617    0.1868
 2021 YVFGDKW   -5.0336   -5.7953   -0.7617    0.1868
 2022 FIYGDKV   -5.5546   -5.0817    0.4729    0.1868
 2023 FIKGYDV   -6.5346   -5.8389    0.6957    0.1868
 2024 YIKGDFV   -7.4587   -6.8744    0.5843    0.1868
 2025 YIKGDFV   -7.4587   -6.8744    0.5843    0.1868
 2026 YIKGDFV   -7.4587   -6.8744    0.5843    0.1868
 2027 YIKGDFV   -7.4587   -6.8744    0.5843    0.1868
 2028 YIKGDFV   -7.3860   -6.8017    0.5843    0.1868
 2029 YIKGEWV   -6.1918   -7.4635   -1.2717    0.1868
 2030 YIKGEWG   -5.2432   -7.2921   -2.0489    0.1868
 2031 YIKGDWA   -5.0653   -6.8959   -1.8306    0.1868
 2032 YIKGAWD   -4.1354   -5.9660   -1.8306    0.1868
 2033 YIKGADW   -4.5637   -6.2829   -1.7191    0.1868
 2034 YIKGADW   -4.5637   -6.2829   -1.7191    0.1868
 2035 YIKGADW   -4.5637   -6.2829   -1.7191    0.1868
 2036 YIKGMDW   -5.0928   -6.0105   -0.9177    0.1868
 2037 FIKGMYE   -3.2969   -3.0243    0.2726    0.1868
 2038 FIKGMYE   -3.2969   -3.0243    0.2726    0.1868
 2039 FIKGEYM   -4.9697   -4.6971    0.2726    0.1868
 2040 EIKGFYV   -5.0414   -4.7743    0.2671    0.1868
 2041 EKIGFYV   -5.5441   -5.3883    0.1557    0.1868
 2042 EKIGFYV   -5.5441   -5.3883    0.1557    0.1868
 2043 MKIGFEV   -8.7408   -8.7845   -0.0437    0.1868
 2044 MKIGFEV   -8.7408   -8.7845   -0.0437    0.1868
 2045 MKIGFEV   -8.7408   -8.7845   -0.0437    0.1868
 2046 MKVGFDV   -9.3781   -9.1189    0.2591    0.1868
 2047 MKVGFEV   -9.1830   -9.2410   -0.0580    0.1868
 2048 MKVGFDV   -9.4336   -9.1745    0.2591    0.1868
 2049 MVKGFVD   -9.5267   -9.4904    0.0363    0.1868
 2050 MFKGVVD  -12.6794  -12.6431    0.0363    0.1868
 2051 MFKGVVD  -12.6794  -12.6431    0.0363    0.1868
 2052 MFKGVVD  -12.6794  -12.6431    0.0363    0.1868
 2053 MFKGVVD  -12.6794  -12.6431    0.0363    0.1868
 2054 KFMGVVD  -10.4772  -10.4410    0.0363    0.1868
 2055 KFMGVVD  -10.4772  -10.4410    0.0363    0.1868
 2056 KLMGVVD   -7.6254   -9.6031   -1.9777    0.1868
 2057 DVMGVVD   -5.9329   -7.9881   -2.0551    0.1868
 2058 DVVGMVD   -6.6028   -8.6580   -2.0551    0.1868
 2059 KVVGMVD   -8.2356   -9.7979   -1.5623    0.1868
 2060 KVVGMVE   -7.5871   -9.4665   -1.8794    0.1868
 2061 KVVGVEM   -5.1578   -6.9258   -1.7680    0.1868
 2062 KEVGVVG   -2.9131   -8.0865   -5.1734    0.1868
 2063 EKGGVVM   -1.0578   -6.4487   -5.3909    0.1868
 2064 MVGKVGE   -3.5684   -8.6250   -5.0566    0.1868
 2065 KVGVMGD   -6.5167  -11.2561   -4.7394    0.1868
 2066 KVIVMGD  -11.3894  -11.6888   -0.2994    0.1868
 2067 KVIVMGD  -11.3894  -11.6888   -0.2994    0.1868
 2068 KVIVMGD  -11.3894  -11.6888   -0.2994    0.1868
 2069 KVIVMGD  -11.3894  -11.6888   -0.2994    0.1868
 2070 KVVIFGD  -11.4975  -11.4838    0.0137    0.1868
 2071 KVMIFGD  -10.2594  -10.3202   -0.0609    0.1868
 2072 KVGIFGD   -7.5951   -9.3671   -1.7720    0.1868
 2073 KVIGFGD   -8.1465   -9.9185   -1.7720    0.1868
 2074 KFGIVGD   -8.4819  -10.2539   -1.7720    0.1868
 2075 KMGIVGD   -8.5365  -11.9017   -3.3651    0.1868
 2076 KLGIVGD   -8.1638  -11.9498   -3.7860    0.1868
 2077 KLGIFGD   -8.3195  -10.5070   -2.1874    0.1868
 2078 KLGIFGD   -8.3195  -10.5070   -2.1874    0.1868
 2079 KMGIFGD   -6.9134   -8.6799   -1.7666    0.1868
 2080 KMGIFGD   -6.9134   -8.6799   -1.7666    0.1868
 2081 KMGIFGD   -6.9134   -8.6799   -1.7666    0.1868
 2082 MKGIFGD   -7.3896   -9.1561   -1.7666    0.1868
 2083 WKGIFGD   -8.0738   -7.6661    0.4077    0.1868
 2084 WDGIFGD   -4.9960   -5.0811   -0.0851    0.1868
 2085 IDGWFGD   -3.9987   -4.0838   -0.0851    0.1868
 2086 IDGWFGE   -3.3530   -3.7553   -0.4023    0.1868
 2087 IDAVWGE   -4.3324   -6.1521   -1.8197    0.1868
 2088 GDAVWIE   -3.4331   -5.3642   -1.9311    0.1868
 2089 GDIIVAE   -5.6988   -8.7153   -3.0166    0.1868
 2090 GVIIDEA   -6.6814   -9.6980   -3.0166    0.1868
 2091 GIIIDDA   -8.6156   -9.9408   -1.3251    0.1868
 2092 GIIMEDM   -8.5401   -9.7898   -1.2497    0.1868
 2093 GMIMEEM   -7.1832   -8.5989   -1.4157    0.1868
 2094 GMIMEEM   -7.1832   -8.5989   -1.4157    0.1868
 2095 GIMVEEM   -5.8751   -7.2962   -1.4211    0.1868
 2096 GIVMEEM   -7.2613   -8.6825   -1.4211    0.1868
 2097 GMVIEEM   -6.8224   -8.2436   -1.4211    0.1868
 2098 GMVMEVE   -8.0845  -10.7685   -2.6840    0.1868
 2099 GMVMEEF   -8.0164   -9.2132   -1.1969    0.1868
 2100 GMVMEEF   -8.0164   -9.2132   -1.1969    0.1868
 2101 GMVMFEK   -7.6759   -8.1742   -0.4983    0.1868
 2102 EMVVFGK   -9.1695   -9.5618   -0.3923    0.1868
 2103 EMVVFGK   -9.1695   -9.5618   -0.3923    0.1868
 2104 EMVVFGK   -9.1695   -9.5618   -0.3923    0.1868
 2105 EMVVFGK   -9.1695   -9.5618   -0.3923    0.1868
 2106 EMMVFGK   -8.3875   -8.7743   -0.3869    0.1868
 2107 MMVVDGK   -8.3218   -9.9900   -1.6683    0.1868
 2108 MMVVDGK   -8.3218   -9.9900   -1.6683    0.1868
 2109 MFVVDGD   -8.6443   -9.2123   -0.5680    0.1868
 2110 MMIVDGD  -11.0995  -11.8863   -0.7869    0.1868
 2111 MMIVDGK   -9.6369   -9.9309   -0.2940    0.1868
 2112 MKIVDGM  -11.5591  -11.6302   -0.0711    0.1868
 2113 MKIMEGV  -13.1205  -13.5088   -0.3883    0.1868
 2114 MKIMEGV  -13.1205  -13.5088   -0.3883    0.1868
 2115 KMIIEGV  -11.6892  -12.2601   -0.5709    0.1868
 2116 KMVIEGV  -11.3643  -11.8694   -0.5051    0.1868
 2117 KMVMEGV  -10.0653  -11.9393   -1.8740    0.1868
 2118 KMIMEGV  -11.1891  -11.6889   -0.4997    0.1868
 2119 KMIMEGM   -9.1408   -9.6351   -0.4943    0.1868
 2120 KIGVEGM   -3.5266   -7.0975   -3.5709    0.1868
 2121 KIGVMGD   -6.2128   -9.5780   -3.3651    0.1868
 2122 KIGYMGD   -3.7190   -7.9050   -4.1860    0.1868
 2123 KIGLMGD   -6.5676  -10.3481   -3.7806    0.1868
 2124 KIGLMGD   -6.5676  -10.3481   -3.7806    0.1868
 2125 KIGIVGD   -6.5921   -8.5883   -1.9963    0.1868
 2126 KIGIIGD   -6.1452   -6.7672   -0.6220    0.1868
 2127 KIGIMGD   -8.2702  -10.2611   -1.9909    0.1868
 2128 KIIGMGD   -8.6952  -10.6860   -1.9909    0.1868
 2129 IIFGKGD   -3.8104   -4.3195   -0.5091    0.1868
 2130 IIWGDGE   -8.6716   -9.4896   -0.8180    0.1868
 2131 IEWGDGI   -6.4876   -7.0828   -0.5951    0.1868
 2132 IKWGDGI  -10.2355  -10.0207    0.2149    0.1868
 2133 IKWGDGI  -10.2355  -10.0207    0.2149    0.1868
 2134 WIIGDGK   -6.4603   -6.4683   -0.0080    0.1868
 2135 WLIGDGD   -7.1566   -9.0872   -1.9306    0.1868
 2136 ILWGDGD   -6.8834   -8.8140   -1.9306    0.1868
 2137 ILWGDGE   -6.8849   -9.1326   -2.2477    0.1868
 2138 ILWGDGE   -7.5341   -9.7818   -2.2477    0.1796
 2139 ELWGDGI   -5.9075   -8.0438   -2.1363    0.1796
 2140 ILWGDGE   -7.3220   -9.5697   -2.2477    0.1796
 2141 ILWGDGK   -6.9762   -8.4139   -1.4377    0.1796
 2142 ILWGDGE   -7.3531   -9.6008   -2.2477    0.1796
 2143 ILWGDGE   -7.3531   -9.6008   -2.2477    0.1796
 2144 IIWGDGE   -7.3466   -8.1646   -0.8180    0.1796
 2145 ILWGDGE   -7.3093   -9.5570   -2.2477    0.1796
 2146 ILWGEGE   -7.7133  -10.2782   -2.5649    0.1796
 2147 IWGLEGD   -6.3446   -8.4809   -2.1363    0.1796
 2148 IWGLDGE   -5.5764   -7.7127   -2.1363    0.1796
 2149 EWGFDGI   -3.8216   -4.1125   -0.2909    0.1796
 2150 EWGFDGI   -3.8216   -4.1125   -0.2909    0.1796
 2151 EWGWDGY   -3.2052   -4.5500   -1.3449    0.1796
 2152 EWGWDGY   -3.2052   -4.5500   -1.3449    0.1796
 2153 EWGWDGY   -3.2052   -4.5500   -1.3449    0.1796
 2154 ELGWDGY   -1.4460   -5.6660   -4.2200    0.1796
 2155 ILGDEGY   -1.6081   -7.1364   -5.5283    0.1796
 2156 DLGIYVD   -2.5786   -4.5011   -1.9226    0.1796
 2157 DLVGYVE   -0.0894   -3.7034   -3.6140    0.1796
 2158 YLVDVVE   -1.2703   -4.5472   -3.2769    0.1796
 2159 FDAVVVK   -4.9274   -4.9954   -0.0680    0.1796
 2160 FEAVVVK   -5.2368   -5.6220   -0.3851    0.1796
 2161 FVAVEKV   -4.2764   -4.7730   -0.4966    0.1796
 2162 MAFKEVV   -5.1039   -5.5950   -0.4911    0.1796
 2163 MAVKEVF   -3.9075   -4.3986   -0.4911    0.1796
 2164 AMVKEVF   -3.7149   -4.2060   -0.4911    0.1796
 2165 AMVVEEF   -7.3811   -8.6823   -1.3011    0.1796
 2166 AMVVEKF   -7.3317   -7.8229   -0.4911    0.1796
 2167 MEVVAKF   -2.2035   -2.4718   -0.2683    0.1796
 2168 MMVVAKE   -4.9706   -7.1664   -2.1957    0.1796
 2169 MWVKAVE   -5.3224   -7.2010   -1.8786    0.1796
 2170 MVVKAEW   -5.5984   -7.3655   -1.7671    0.1796
 2171 MVVEAEW   -2.9738   -5.5509   -2.5771    0.1796
 2172 MVGEYEW   -0.6921   -1.6312   -0.9391    0.1796
 2173 MYGVEEW   -3.7591   -4.8097   -1.0506    0.1796
 2174 MYGVEEW   -3.7591   -4.8097   -1.0506    0.1796
 2175 YVGIEDI   -5.0553   -5.5053   -0.4500    0.1796
 2176 IVGYEDW   -4.0646   -5.8292   -1.7646    0.1796
 2177 IVGADEW   -5.2178   -7.0375   -1.8197    0.1796
 2178 IAGVDEW   -4.7808   -6.6005   -1.8197    0.1796
 2179 IYGVDEI   -5.5069   -5.9569   -0.4500    0.1796
 2180 IYGVKEI   -5.1049   -5.0621    0.0429    0.1796
 2181 IYGVDEI   -6.4166   -6.8666   -0.4500    0.1796
 2182 IYGVDEI   -6.4166   -6.8666   -0.4500    0.1796
 2183 ILGVDEI   -4.8854   -8.9300   -4.0446    0.1796
 2184 IFGVDDI   -5.0957   -7.2891   -2.1934    0.1796
 2185 IFGVEDI   -4.2907   -6.8013   -2.5106    0.1796
 2186 IFVGDDI   -4.6094   -6.9143   -2.3049    0.1796
 2187 IVVGDDI   -8.0757   -8.8592   -0.7834    0.1796
 2188 IMVGDDV   -8.3859   -9.1782   -0.7923    0.1796
 2189 IMVGDDV   -8.5125   -9.3047   -0.7923    0.1796
 2190 IMVGDDV   -8.5125   -9.3047   -0.7923    0.1796
 2191 IMIGDDV   -8.9776   -9.8356   -0.8580    0.1796
 2192 IMMGDKV   -7.3989   -7.6929   -0.2940    0.1796
 2193 VMMGEKI   -6.8661   -7.4772   -0.6111    0.1796
 2194 MMMGEDI   -7.0387   -8.1373   -1.0986    0.1796
 2195 MMMGEDI   -6.9220   -8.0205   -1.0986    0.1796
 2196 MMEGDMI   -6.5700   -7.5572   -0.9871    0.1796
 2197 MMMGDDI   -8.0255   -8.8069   -0.7814    0.1796
 2198 MMIGDDM   -8.8247   -9.6061   -0.7814    0.1796
 2199 MMIGDDM   -8.8247   -9.6061   -0.7814    0.1796
 2200 MMIGDDM   -8.8247   -9.6061   -0.7814    0.1796
 2201 MMIGDDM   -8.8247   -9.6061   -0.7814    0.1796
 2202 MMIGDDM   -8.8247   -9.6061   -0.7814    0.1796
 2203 MMIGDDI   -9.1378  -10.0704   -0.9326    0.1796
 2204 MMVGDDI   -8.7786   -9.5655   -0.7869    0.1796
 2205 MMVGDDI   -8.7786   -9.5655   -0.7869    0.1796
 2206 MMIGDDI   -9.1359  -10.0685   -0.9326    0.1796
 2207 MMIGDDI   -9.1359  -10.0685   -0.9326    0.1796
 2208 MMIGDDI   -9.1359  -10.0685   -0.9326    0.1796
 2209 MMIGDDI   -9.1359  -10.0685   -0.9326    0.1796
 2210 MMIGDDI   -9.1359  -10.0685   -0.9326    0.1796
 2211 MMIGDDI   -9.1359  -10.0685   -0.9326    0.1796
 2212 MMIGDDI   -9.1359  -10.0685   -0.9326    0.1796
 2213 MMIGDDI   -9.1359  -10.0685   -0.9326    0.1796
 2214 MMIGDID   -8.2915   -9.1126   -0.8211    0.1796
 2215 MMIGDVD   -9.5260  -10.2015   -0.6754    0.1796
 2216 MMIGDVE   -9.0284  -10.0210   -0.9926    0.1796
 2217 MMIGDVE   -9.0284  -10.0210   -0.9926    0.1796
 2218 MMIGDVE   -8.6739   -9.6665   -0.9926    0.1796
 2219 MMIGDKV   -8.1454   -8.4394   -0.2940    0.1796
 2220 MMIGDEV   -9.0179  -10.1219   -1.1040    0.1796
 2221 MMIGDEV   -9.0179  -10.1219   -1.1040    0.1796
 2222 MMIGDEV   -9.0179  -10.1219   -1.1040    0.1796
 2223 MMIGEVE   -8.9092  -10.2189   -1.3097    0.1796
 2224 MMIGEVD   -9.4197  -10.4122   -0.9926    0.1796
 2225 MMIGEVD   -9.4197  -10.4122   -0.9926    0.1796
 2226 MMIGEEV   -8.5955  -10.0166   -1.4211    0.1796
 2227 MIIGDEV   -7.3649   -8.5401   -1.1751    0.1796
 2228 MFVGEEI   -5.7269   -6.9149   -1.1880    0.1796
 2229 MFIGVEE   -6.6466   -7.8346   -1.1880    0.1796
 2230 MLIGEEV   -5.5866   -8.3086   -2.7220    0.1796
 2231 MGIGEDL   -2.2435   -6.8341   -4.5906    0.1796
 2232 MGIGKDL   -3.0830   -6.8636   -3.7806    0.1796
 2233 MGIGKEV   -3.5282   -7.2105   -3.6823    0.1796
 2234 YGIGKDV   -0.2306   -4.4220   -4.1914    0.1796
 2235 YVDGDGI    2.4533   -2.2310   -4.6843    0.1796
 2236 IKVAYGD   -4.2095   -8.4997   -4.2903    0.1796
 2237 MKVAYDG   -1.8147   -7.4739   -5.6591    0.1796
 2238 MVKAYDW   -7.8099   -8.6807   -0.8709    0.1796
 2239 MVKAVDF   -8.8979   -8.8491    0.0489    0.1796
 2240 MVKAVDF   -8.8979   -8.8491    0.0489    0.1796
 2241 MKVAVDF   -8.0985   -8.0497    0.0489    0.1796
 2242 MKVAVDF   -8.0985   -8.0497    0.0489    0.1796
 2243 MKFAVDV   -8.3971   -8.3483    0.0489    0.1796
 2244 MKMVVDV   -8.6569   -8.6852   -0.0283    0.1796
 2245 MKMVVDV   -8.6569   -8.6852   -0.0283    0.1796
 2246 MKMVVDV   -8.6569   -8.6852   -0.0283    0.1796
 2247 MVKVVDG   -8.4122   -9.9745   -1.5623    0.1796
 2248 MWKVVDG  -10.2371  -10.0197    0.2174    0.1796
 2249 GWKVVDM   -9.0176   -8.6888    0.3289    0.1796
 2250 GMKVVDW   -9.9774   -9.6485    0.3289    0.1796
 2251 GMKVVDW   -9.9774   -9.6485    0.3289    0.1796
 2252 GMKVVDW   -9.9774   -9.6485    0.3289    0.1796
 2253 GMKVVDW   -9.9774   -9.6485    0.3289    0.1796
 2254 GMKVVDW   -9.9774   -9.6485    0.3289    0.1796
 2255 GMKVVDI   -9.5937   -9.6703   -0.0766    0.1796
 2256 GIKVVDF   -9.1923   -8.9558    0.2366    0.1796
 2257 GIKVVDF   -9.1923   -8.9558    0.2366    0.1796
 2258 GIKVVDF   -9.1923   -8.9558    0.2366    0.1796
 2259 GIKDVVY   -6.6404   -7.7661   -1.1257    0.1796
 2260 GWKDVVY   -7.8779   -7.9182   -0.0403    0.1796
 2261 GWKDVVY   -7.8779   -7.9182   -0.0403    0.1796
 2262 GIKDVVY   -6.4768   -7.6025   -1.1257    0.1796
 2263 GVKVIDY   -7.9231   -8.8259   -0.9029    0.1796
 2264 GVKDIIY   -6.9243   -6.6758    0.2486    0.1796
 2265 GVKIIDY   -7.2374   -6.7660    0.4714    0.1796
 2266 GIKVMDY   -6.1417   -7.0391   -0.8974    0.1796
 2267 GIKVMEY   -5.8483   -7.0629   -1.2146    0.1796
 2268 GIKVMEY   -5.8483   -7.0629   -1.2146    0.1796
 2269 GIKVMEW   -5.2918   -7.1058   -1.8140    0.1796
 2270 GIKVMEW   -5.2918   -7.1058   -1.8140    0.1796
 2271 GIKVMDL   -6.3080   -7.6800   -1.3720    0.1796
 2272 GIVKYDL   -6.1931   -7.5114   -1.3183    0.1796
 2273 GVVEYDV   -6.4248   -9.5119   -3.0871    0.1796
 2274 GVEVYDV   -4.1684   -7.2555   -3.0871    0.1796
 2275 GVVEYDV   -6.3523   -9.4394   -3.0871    0.1796
 2276 GVVVLDE   -8.5864  -11.6024   -3.0160    0.1796
 2277 GLVVVED   -9.7184  -12.7344   -3.0160    0.1796
 2278 GLVVVEE   -9.4210  -12.7542   -3.3331    0.1796
 2279 GVILVEE   -7.4395  -10.1983   -2.7589    0.1796
 2280 GVIKVDL   -7.4908   -8.7883   -1.2974    0.1796
 2281 GVVKLDI   -8.7321  -10.0295   -1.2974    0.1796
 2282 GVIKLDV   -9.6803  -10.9778   -1.2974    0.1796
 2283 GVIKFDV   -9.8361   -9.5996    0.2366    0.1796
 2284 GVIKMDV  -10.3298  -10.4064   -0.0766    0.1796
 2285 GVIKMDV  -10.3298  -10.4064   -0.0766    0.1796
 2286 GVIDMKV   -6.6682   -6.7447   -0.0766    0.1796
 2287 GVIEMDV   -8.9826   -9.8692   -0.8866    0.1796
 2288 GVIEMDV   -8.9826   -9.8692   -0.8866    0.1796
 2289 GVIVMDE  -11.0285  -12.2494   -1.2209    0.1796
 2290 GFIVVDK  -10.2983  -10.3960   -0.0977    0.1796
 2291 GKIVVDM  -12.7145  -12.9025   -0.1880    0.1796
 2292 GKIVVDM  -12.7145  -12.9025   -0.1880    0.1796
 2293 GKIVVDM  -12.7145  -12.9025   -0.1880    0.1796
 2294 GKIVVDM  -12.7145  -12.9025   -0.1880    0.1796
 2295 GKVVVMD  -10.9392  -12.6129   -1.6737    0.1796
 2296 GKVVVMD  -10.9061  -12.5799   -1.6737    0.1796
 2297 GVKVVDM   -9.3910  -10.8419   -1.4509    0.1796
 2298 VFKVDGM   -8.4577   -8.3100    0.1477    0.1796
 2299 KDVFVGM   -6.6836   -6.7587   -0.0751    0.1796
 2300 EDVFVGM   -4.3478   -5.2329   -0.8851    0.1796
 2301 FEVKVGM   -6.9776   -7.0356   -0.0580    0.1796
 2302 EFVKVGM   -6.0956   -6.2650   -0.1694    0.1796
 2303 EFVLVGD   -5.9003   -7.9263   -2.0260    0.1796
 2304 KFLVVGD   -9.9966  -11.2126   -1.2160    0.1796
 2305 KFLVVGD  -10.6650  -11.8810   -1.2160    0.1796
 2306 KFLVVGD  -10.6650  -11.8810   -1.2160    0.1796
 2307 KLLVVGD  -11.1629  -13.9129   -2.7500    0.1796
 2308 KLLVVGD  -11.1629  -13.9129   -2.7500    0.1796
 2309 KLLVVGE   -9.8835  -12.9507   -3.0671    0.1796
 2310 KLLVVGE   -9.8835  -12.9507   -3.0671    0.1796
 2311 KLLVVGD  -10.5733  -13.3233   -2.7500    0.1796
 2312 KFLVDGV   -7.9142   -9.0188   -1.1046    0.1796
 2313 KFVVDGV   -8.0743   -8.0434    0.0309    0.1796
 2314 KVVFDGF   -7.4633   -7.0339    0.4294    0.1796
 2315 KVVFDGF   -7.4633   -7.0339    0.4294    0.1796
 2316 KMVFEGF   -8.1758   -8.1381    0.0377    0.1796
 2317 KMVVDGF   -9.4866   -9.4503    0.0363    0.1796
 2318 KMVVEGF   -9.8059  -10.0868   -0.2809    0.1796
 2319 IMVEMGK   -7.1960   -7.6957   -0.4997    0.1796
 2320 KMVEMGW   -6.2589   -6.3217   -0.0629    0.1796
 2321 KMVEAGW   -4.0825   -6.6668   -2.5843    0.1796
 2322 KWVEGGW   -5.6914   -5.9454   -0.2540    0.1796
 2323 KWIGEGL   -6.7973   -8.4408   -1.6434    0.1796
 2324 EWIGEGL   -6.0359   -8.4894   -2.4534    0.1796
 2325 EWIGEGI   -7.0744   -8.0981   -1.0237    0.1796
 2326 EWIGDGI   -5.9852   -6.6918   -0.7066    0.1796
 2327 DWIGDGI   -4.9785   -5.3679   -0.3894    0.1796
 2328 DWVGDGI   -3.8720   -5.2757   -1.4037    0.1796
 2329 DWVGFGD   -3.5243   -4.7038   -1.1794    0.1796
 2330 DWVGMGK   -4.3200   -6.5997   -2.2797    0.1796
 2331 DWIGMGK   -5.7466   -6.6520   -0.9054    0.1796
 2332 KWFGMGD   -6.3076   -6.9887   -0.6811    0.1796
 2333 DWFGMVK   -4.4890   -5.7930   -1.3040    0.1796
 2334 DWKGMAF   -4.4106   -5.1906   -0.7800    0.1796
 2335 MWKGDAI   -6.6508   -7.6551   -1.0043    0.1796
 2336 MWKGDAI   -6.6508   -7.6551   -1.0043    0.1796
 2337 MWKGDVI   -7.1489   -8.7572   -1.6083    0.1796
 2338 MMIGEVK   -8.9001   -9.3999   -0.4997    0.1796
 2339 MMIGEVK   -9.4990   -9.9987   -0.4997    0.1564
 2340 MVIGEMK   -7.4543   -7.9540   -0.4997    0.1564
 2341 MVIGDMD   -8.6990   -9.3744   -0.6754    0.1564
 2342 MFIGDMK   -9.5657   -9.5897   -0.0240    0.1564
 2343 MFIGEMD   -8.7779   -9.6119   -0.8340    0.1564
 2344 MVIGEMD   -7.7553   -8.7479   -0.9926    0.1564
 2345 MIDGVMD   -5.6937   -6.3691   -0.6754    0.1564
 2346 EIVGVMD   -6.9124   -7.9104   -0.9980    0.1564
 2347 EIVGVDM   -6.3232   -7.2097   -0.8866    0.1564
 2348 EIVGVDM   -6.3232   -7.2097   -0.8866    0.1564
 2349 KIVGVEM   -9.0110   -9.4047   -0.3937    0.1564
 2350 KIVGVEM   -9.0110   -9.4047   -0.3937    0.1564
 2351 KVVGMEV   -8.3392  -10.1072   -1.7680    0.1564
 2352 KMVGVEI   -9.5042   -9.8979   -0.3937    0.1564
 2353 KMIGVEV  -11.7411  -12.1348   -0.3937    0.1564
 2354 KMIGMEV  -10.4537  -10.8420   -0.3883    0.1564
 2355 KMIGMEV  -10.4537  -10.8420   -0.3883    0.1564
 2356 KMIGMEV  -10.5403  -10.9286   -0.3883    0.1564
 2357 KMIGMEF   -8.8896   -9.1193   -0.2297    0.1564
 2358 KMVGMEW  -10.0051  -10.0679   -0.0629    0.1564
 2359 KMVGMEW  -10.0051  -10.0679   -0.0629    0.1564
 2360 KMVGMEW  -10.0051  -10.0679   -0.0629    0.1564
 2361 KVMGMEW   -7.1727   -7.2356   -0.0629    0.1564
 2362 KVMGVEW  -10.1031  -10.0914    0.0117    0.1564
 2363 KMMGVEW  -11.5776  -11.6404   -0.0629    0.1564
 2364 KMMGVEW  -11.5776  -11.6404   -0.0629    0.1564
 2365 KMMGMEW  -10.4835  -10.6210   -0.1374    0.1564
 2366 KMMGMEW  -10.4835  -10.6210   -0.1374    0.1564
 2367 KMMGMEW  -10.4835  -10.6210   -0.1374    0.1564
 2368 KMMGMEI   -8.5193   -8.9021   -0.3829    0.1564
 2369 KMMGEML   -8.4177  -10.7017   -2.2840    0.1564
 2370 MMMGEKL   -7.1553   -9.5507   -2.3954    0.1564
 2371 MMKGELM   -7.7035   -9.9875   -2.2840    0.1564
 2372 MMKGDMM   -6.1906   -7.7366   -1.5460    0.1564
 2373 MMKGMDW   -7.4163   -7.2366    0.1797    0.1564
 2374 MMMGWDK   -6.0853   -6.1285   -0.0431    0.1564
 2375 MMMGKDW   -6.5081   -6.5512   -0.0431    0.1564
 2376 MMKGMDW   -8.1233   -7.9436    0.1797    0.1564
 2377 MMKGMDW   -8.1233   -7.9436    0.1797    0.1564
 2378 MMKGVDW  -10.7260  -10.4717    0.2543    0.1564
 2379 MMKGVDW  -10.7260  -10.4717    0.2543    0.1564
 2380 MKMGVDW   -9.0522   -8.6865    0.3657    0.1564
 2381 MKMGVDW   -9.0522   -8.6865    0.3657    0.1564
 2382 MKMGVDW   -9.0522   -8.6865    0.3657    0.1564
 2383 MKMGVEW   -8.8163   -8.7677    0.0486    0.1564
 2384 MKWGEVM   -9.7287   -9.7916   -0.0629    0.1564
 2385 MEWGKVV   -8.7539   -8.7422    0.0117    0.1564
 2386 MEWGKVV   -8.7539   -8.7422    0.0117    0.1564
 2387 MKIGEVM   -9.1649   -9.5532   -0.3883    0.1564
 2388 MKMGMME   -5.5907   -7.3424   -1.7517    0.1564
 2389 MEMGKMM   -6.6439   -8.3956   -1.7517    0.1564
 2390 MEMGKMM   -7.0918   -8.8435   -1.7517    0.1564
 2391 MEMGKMM   -7.0047   -8.7564   -1.7517    0.1564
 2392 MEMGKMM   -7.0047   -8.7564   -1.7517    0.1564
 2393 KMMGEMM   -6.2040   -8.0672   -1.8631    0.1564
 2394 KMGMEMW   -6.2278   -6.3653   -0.1374    0.1564
 2395 MMGKEMM   -3.2791   -5.2537   -1.9746    0.1564
 2396 MMGKDIM   -4.8050   -5.0936   -0.2886    0.1564
 2397 FMGKDIV   -4.6534   -4.7143   -0.0609    0.1564
 2398 FIGKEMV   -4.2139   -4.5919   -0.3780    0.1564
 2399 KIGFGIE   -2.5881   -3.1916   -0.6034    0.1564
 2400 KIGVIAE   -4.2778   -6.6901   -2.4123    0.1564
 2401 KIVVGAE   -4.2495   -8.0360   -3.7866    0.1564
 2402 AVVVIKE   -8.7026   -9.5349   -0.8323    0.1564
 2403 AVVDIKV   -8.4332   -8.6140   -0.1809    0.1564
 2404 AVVVIKE   -9.4539  -10.2861   -0.8323    0.1564
 2405 AVIVVKD   -9.5364  -10.0515   -0.5151    0.1564
 2406 IVAVMDD   -8.1803   -9.1829   -1.0026    0.1564
 2407 IVAVMDD   -8.1770   -9.1796   -1.0026    0.1564
 2408 IVVVDDM   -5.9796   -8.4748   -2.4951    0.1564
 2409 MVDVKIG   -5.7250   -5.8016   -0.0766    0.1564
 2410 GVDVMKI   -8.0471   -8.1236   -0.0766    0.1564
 2411 GVDIMKV   -7.7300   -7.8065   -0.0766    0.1564
 2412 GVDIMKV   -7.7300   -7.8065   -0.0766    0.1564
 2413 GVKIMDF   -5.5747   -5.4127    0.1620    0.1564
 2414 GVKIMDF   -5.5747   -5.4127    0.1620    0.1564
 2415 GVRIMDF   -2.3000   -5.5020   -3.2020    0.1564
 2416 RVAIMDF    1.6655   -3.4268   -5.0923    0.1564
 2417 EVAIMDG   -0.7238   -5.1093   -4.3854    0.1564
 2418 EVAIMDI   -3.9659   -6.8085   -2.8426    0.1564
 2419 MIAIEDV   -3.5602   -6.5142   -2.9540    0.1564
 2420 AIDIAEV   -2.4999   -5.3924   -2.8926    0.1564
 2421 AIEIADV   -4.9306   -7.8232   -2.8926    0.1564
 2422 GIVEIDA   -5.2312   -8.0249   -2.7937    0.1564
 2423 GIVEIDA   -6.9816   -9.7753   -2.7937    0.1564
 2424 GVVEIEA   -5.9443  -10.4295   -4.4851    0.1564
 2425 GVVIKEA   -6.1420  -10.0400   -3.8980    0.1564
 2426 GIVKIEM   -9.1704   -9.6299   -0.4594    0.1564
 2427 GIVKIEM   -9.1704   -9.6299   -0.4594    0.1564
 2428 GIKVMME   -6.2945   -6.7942   -0.4997    0.1564
 2429 GIEMVME   -6.4167   -7.7265   -1.3097    0.1564
 2430 GMEMVIE   -6.2388   -7.5485   -1.3097    0.1564
 2431 GMEVVIE   -7.6969   -9.0121   -1.3151    0.1564
 2432 GLEVVIK   -7.4351   -9.1611   -1.7260    0.1564
 2433 GVELKIV   -7.7441   -9.3587   -1.6146    0.1564
 2434 GVELKVI   -8.6066  -10.2212   -1.6146    0.1564
 2435 GVEKIVL   -8.2509  -10.0883   -1.8374    0.1564
 2436 GVEKVVF   -9.9742  -10.3719   -0.3977    0.1564
 2437 GVEVVKF  -10.2852  -10.4600   -0.1749    0.1564
 2438 GVEVMKF   -9.4739   -9.6433   -0.1694    0.1564
 2439 GVEVLKF   -8.6433   -9.9536   -1.3103    0.1564
 2440 GVEKLVF   -7.9913   -9.5244   -1.5331    0.1564
 2441 KVFVAGE   -6.0416   -9.7153   -3.6737    0.1564
 2442 KVFVAGE   -6.0416   -9.7153   -3.6737    0.1564
 2443 KVFEAGV   -5.4790   -8.9299   -3.4509    0.1564
 2444 EVLVKGA   -4.7448  -10.3211   -5.5763    0.1564
 2445 EVLVLGK   -7.9448  -11.0120   -3.0671    0.1564
 2446 EVVKLGV   -9.0217  -11.2105   -2.1889    0.1564
 2447 EVIKVGV  -10.8773  -11.2765   -0.3991    0.1564
 2448 EMIKVGV  -10.6487  -11.0424   -0.3937    0.1564
 2449 EMIKVGV  -10.6477  -11.0414   -0.3937    0.1564
 2450 KVIEVGV   -9.1853   -9.5844   -0.3991    0.1564
 2451 VKIEVGI   -9.3282   -9.6017   -0.2734    0.1564
 2452 EKIVVGI  -10.4339  -11.0416   -0.6077    0.1564
 2453 EKLVVGM   -7.9573  -10.3636   -2.4063    0.1564
 2454 GKVVIEM   -9.5452  -10.0504   -0.5051    0.1564
 2455 GKVVEIM   -9.5664  -10.0715   -0.5051    0.1564
 2456 GKVVEMI  -10.9763  -11.4815   -0.5051    0.1564
 2457 GKVVEII  -10.2270  -10.7233   -0.4963    0.1564
 2458 GKVVDIM  -10.2068  -10.3948   -0.1880    0.1564
 2459 GKVVIEV  -10.2375  -10.7481   -0.5106    0.1564
 2460 GKVVIEV  -10.2375  -10.7481   -0.5106    0.1564
 2461 GKIIEVV   -9.7719  -10.2682   -0.4963    0.1564
 2462 GKIIEIV   -6.2575   -8.5795   -2.3220    0.1564
 2463 GKIIEIV   -6.2575   -8.5795   -2.3220    0.1564
 2464 GKIIEVI   -6.9982   -9.3202   -2.3220    0.1564
 2465 GKIIEVV   -9.7314  -10.2277   -0.4963    0.1564
 2466 GKIIVVE   -9.9281  -10.5358   -0.6077    0.1564
 2467 GKVIIVE   -9.5825  -10.1902   -0.6077    0.1564
 2468 GKVIIVE   -9.5825  -10.1902   -0.6077    0.1564
 2469 GKVVILE   -9.6969  -11.5343   -1.8374    0.1564
 2470 GKIVELV   -9.8588  -11.5847   -1.7260    0.1564
 2471 MKIGDLY   -7.4244   -8.7372   -1.3129    0.1564
 2472 MKVGDLY   -7.4345  -10.1217   -2.6871    0.1564
 2473 MDVGKLY   -5.2384   -7.9256   -2.6871    0.1564
 2474 MDGVKLY   -4.6621   -7.3493   -2.6871    0.1564
 2475 MDGVKLW   -4.3925   -7.1191   -2.7266    0.1564
 2476 MDVLKGI   -7.1229   -8.4949   -1.3720    0.1564
 2477 MDVLKGI   -7.1229   -8.4949   -1.3720    0.1564
 2478 MDVMKGI   -8.0239   -8.0950   -0.0711    0.1564
 2479 MDVMKGI   -8.0239   -8.0950   -0.0711    0.1564
 2480 MVDMKGM   -2.0674   -3.5074   -1.4400    0.1564
 2481 MVMMDGK   -2.9134   -4.5762   -1.6629    0.1564
 2482 MKIMDGV   -6.3084   -6.3795   -0.0711    0.1564
 2483 MMIKDGV   -6.0723   -6.3663   -0.2940    0.1564
 2484 DMIKMGV   -6.5812   -6.6523   -0.0711    0.1564
 2485 EMIKMGV   -7.5781   -7.9664   -0.3883    0.1564
 2486 EMKIVGM   -7.1398   -7.5281   -0.3883    0.1564
 2487 EMKIVGM   -7.1398   -7.5281   -0.3883    0.1564
 2488 EMIKVGM   -7.3081   -7.6964   -0.3883    0.1564
 2489 EMVKVGM   -6.8197   -8.5823   -1.7626    0.1564
 2490 EVVKVGM   -7.1960   -8.9640   -1.7680    0.1564
 2491 VEVKMAV   -5.9473   -7.8141   -1.8669    0.1564
 2492 VMVKEAF   -6.5390   -7.0302   -0.4911    0.1564
 2493 VMVKEAF   -6.9658   -7.4569   -0.4911    0.1564
 2494 MMVDEAV   -4.5556   -7.1328   -2.5771    0.1564
 2495 MMVAEDL   -5.6045   -8.5971   -2.9926    0.1564
 2496 MMVAEDL   -5.6045   -8.5971   -2.9926    0.1564
 2497 MMVAEKL   -2.9070   -5.4067   -2.4997    0.1564
 2498 MEVAMKL   -1.7700   -4.0469   -2.2769    0.1564
 2499 MEVAMDL   -2.8994   -5.6691   -2.7697    0.1564
 2500 MEIAMDV   -4.6682   -5.6482   -0.9800    0.1564
 2501 MEIAVDM   -4.4058   -5.3858   -0.9800    0.1564
 2502 MMIAVDE   -8.9175  -10.2318   -1.3143    0.1564
 2503 MMIDVDG   -5.1777   -5.8531   -0.6754    0.1564
 2504 MMIDMDG   -5.3202   -5.9902   -0.6700    0.1564
 2505 MMGMDEI   -6.9247   -7.9118   -0.9871    0.1564
 2506 MMGMDIE   -7.0916   -7.9673   -0.8757    0.1564
 2507 MMGVDIE   -8.0407   -8.9219   -0.8811    0.1564
 2508 MMGVDWE   -7.2522   -7.8079   -0.5557    0.1564
 2509 MMGVDKW   -6.5762   -6.4333    0.1429    0.1564
 2510 MMGVDKV   -6.5708   -8.1277   -1.5569    0.1564
 2511 MMGVDEV   -6.6257   -8.9925   -2.3669    0.1564
 2512 MLGMEEV   -6.3690   -9.4684   -3.0994    0.1564
 2513 ELGMVKM   -3.2345   -5.4125   -2.1780    0.1564
 2514 ELGIMKM   -3.8705   -5.6342   -1.7637    0.1564
 2515 ELGIMKM   -3.8705   -5.6342   -1.7637    0.1564
 2516 ELGIMKM   -3.8705   -5.6342   -1.7637    0.1564
 2517 EVGMMIK   -4.7493   -5.2490   -0.4997    0.1564
 2518 KIGIVME   -8.3665   -8.9373   -0.5709    0.1564
 2519 KIGIVMD   -8.2298   -8.4835   -0.2537    0.1564
 2520 KIGIVMD   -8.2298   -8.4835   -0.2537    0.1564
 2521 KFGIDMV   -5.8743   -5.7123    0.1620    0.1564
 2522 KFGIVMD   -7.8467   -7.7961    0.0506    0.1564
 2523 KFGIVDV   -8.2349   -7.9983    0.2366    0.1564
 2524 KFGFVDV   -6.9685   -6.4277    0.5409    0.1564
 2525 KFGFVEV   -6.4963   -6.2726    0.2237    0.1564
 2526 KFGIVEV   -7.6905   -7.7711   -0.0806    0.1564
 2527 KFGIVVE   -7.0619   -7.2539   -0.1920    0.1564
 2528 KFGIMVE   -6.6138   -6.8804   -0.2666    0.1564
 2529 KFGIMVE   -6.6464   -6.9129   -0.2666    0.1564
 2530 KMGIMEV   -6.7461   -7.1344   -0.3883    0.1564
 2531 KVGIMEL   -3.6322   -5.3214   -1.6891    0.1564
 2532 KVGIFAE   -5.9777   -8.1657   -2.1880    0.1564
 2533 IVGKFAE   -5.0803   -7.2683   -2.1880    0.1564
 2534 IVGKFAE   -6.3982   -8.5862   -2.1880    0.1564
 2535 IVKGFAD   -7.7074   -9.5782   -1.8709    0.1564
 2536 IFKGFAD   -7.9432   -8.2155   -0.2723    0.1564
 2537 IMKGIAE   -7.0898   -9.4967   -2.4069    0.1564
 2538 IMKGEAM   -6.1166   -9.8923   -3.7757    0.1564
 2539 IIKGAEM   -6.3733   -8.6688   -2.2954    0.1564
 2540 IIKGAEM   -7.0136   -9.3091   -2.2954    0.2363
 2541 IIKGAEW   -7.3552   -9.2363   -1.8811    0.2363
 2542 IIKGAEW   -7.3552   -9.2363   -1.8811    0.2363
 2543 IVKGAEW   -8.5120   -9.7274   -1.2154    0.2363
 2544 IAKGVEV   -5.1623   -8.8374   -3.6751    0.2363
 2545 IAKGVEV   -5.1623   -8.8374   -3.6751    0.2363
 2546 AIKGVEL   -4.9609   -9.0515   -4.0906    0.2363
 2547 IGKGVEL   -3.2437   -7.2354   -3.9917    0.2363
 2548 IEKGVGF   -5.3616   -7.4507   -2.0891    0.2363
 2549 IFEGVGK   -6.2981   -8.3873   -2.0891    0.2363
 2550 IFVGKGD   -9.0631  -10.9465   -1.8834    0.2363
 2551 IFVGKMD   -9.4409   -9.3903    0.0506    0.2363
 2552 IFVGKMD   -9.4409   -9.3903    0.0506    0.2363
 2553 IFVGKMD   -9.4409   -9.3903    0.0506    0.2363
 2554 IFVGKME   -9.3500   -9.6165   -0.2666    0.2363
 2555 IFVGEMK   -7.7049   -7.9714   -0.2666    0.2363
 2556 IFVGEME   -8.4235   -9.5000   -1.0766    0.2363
 2557 IFAGEME   -4.5153   -7.5079   -2.9926    0.2363
 2558 IFYGEME   -4.0459   -4.5834   -0.5374    0.2363
 2559 IFIGEME   -6.3087   -9.2110   -2.9023    0.2363
 2560 IFIGMEE   -6.7407   -9.7544   -3.0137    0.2363
 2561 IFIGEME   -5.6189   -8.5211   -2.9023    0.2363
 2562 IFIGKAE   -9.1830   -9.9967   -0.8137    0.2363
 2563 KFIGLAE   -7.7987  -10.4021   -2.6034    0.2363
 2564 KFIGDAL   -7.4126   -9.6988   -2.2863    0.2363
 2565 KVIGDAF   -5.4311   -7.3020   -1.8709    0.2363
 2566 MKIGDAF   -6.3316   -8.0856   -1.7540    0.2363
 2567 MRIGFAD   -2.8973   -8.0153   -5.1180    0.2363
 2568 MDIGFAD   -3.3914   -5.6383   -2.2469    0.2363
 2569 MEFGIDA   -2.7476   -5.2002   -2.4526    0.2363
 2570 MFEGIDV   -5.9893   -6.6373   -0.6480    0.2363
 2571 MVEGIDM   -6.7368   -7.6179   -0.8811    0.2363
 2572 MEVGIDM   -6.0016   -6.7713   -0.7697    0.2363
 2573 MEGIVDM   -6.6578   -7.5389   -0.8811    0.2363
 2574 IVGMEDM   -7.4851   -8.4777   -0.9926    0.2363
 2575 IVGMEMD   -7.6968   -8.5780   -0.8811    0.2363
 2576 IMGVEMD   -6.9639   -7.8451   -0.8811    0.2363
 2577 ILGVEAD   -5.9422  -10.5256   -4.5834    0.2363
 2578 ILGVELD   -4.1704   -9.3333   -5.1629    0.2363
 2579 IVGLELD   -3.8599   -9.0228   -5.1629    0.2363
 2580 ILGVDGD   -4.9515   -9.2303   -4.2789    0.2363
 2581 ILLVDGE   -6.0926  -11.4783   -5.3857    0.2363
 2582 ILLVEGE   -6.3349  -12.0377   -5.7029    0.2363
 2583 ILVAEGE   -5.9479  -11.0713   -5.1234    0.2363
 2584 VIAVDGE   -4.9401   -9.3309   -4.3909    0.2363
 2585 IVFMDGE   -6.5235   -7.3944   -0.8709    0.2363
 2586 FVIMEGE   -6.1810   -7.3690   -1.1880    0.2363
 2587 FVIMEGE   -7.6881   -8.8761   -1.1880    0.2363
 2588 FVVMKGE   -7.4288   -7.8211   -0.3923    0.2363
 2589 FVEMKGV   -6.8858   -7.0552   -0.1694    0.2363
 2590 IEVMKGV   -9.0109   -9.4046   -0.3937    0.2363
 2591 IDVMKGV   -8.1201   -8.1967   -0.0766    0.2363
 2592 MDVIKGV   -8.1668   -8.2434   -0.0766    0.2363
 2593 MIVVKGD   -9.8840  -10.1834   -0.2994    0.2363
 2594 MIVVKGD   -9.8840  -10.1834   -0.2994    0.2363
 2595 LMVDKGV   -5.5336   -7.6228   -2.0891    0.2363
 2596 LVVMKGD   -9.0300  -11.1192   -2.0891    0.2363
 2597 MVVLKGD   -9.7877  -11.8768   -2.0891    0.2363
 2598 MVILKGD  -10.1027  -11.6976   -1.5949    0.2363
 2599 MVIMKGD  -10.2113  -10.5053   -0.2940    0.2363
 2600 MDIMKGV   -8.2745   -8.3457   -0.0711    0.2363
 2601 MDIVKGM   -8.1253   -8.1965   -0.0711    0.2363
 2602 MMIVKGE   -8.4272   -9.0384   -0.6111    0.2363
 2603 MVIMKGE   -7.5311   -8.1422   -0.6111    0.2363
 2604 KVIDMGV   -9.5453   -9.6219   -0.0766    0.2363
 2605 KVIDYGV   -6.8906   -7.7934   -0.9029    0.2363
 2606 KIVDYGV   -7.4649   -8.3678   -0.9029    0.2363
 2607 KVVDYGI   -5.7934   -6.6963   -0.9029    0.2363
 2608 KVIDYGF   -6.6044   -5.9087    0.6957    0.2363
 2609 KFIDYGV   -6.0721   -5.3764    0.6957    0.2363
 2610 KFIDYGV   -6.0721   -5.3764    0.6957    0.2363
 2611 KIIDYGV   -7.9409   -7.4695    0.4714    0.2363
 2612 KIIVYGD  -11.0572  -10.8086    0.2486    0.2363
 2613 KIIVYGD  -11.0572  -10.8086    0.2486    0.2363
 2614 KIIVYGD  -11.0572  -10.8086    0.2486    0.2363
 2615 KIIVYGD  -11.0572  -10.8086    0.2486    0.2363
 2616 KIIDYGV   -8.2315   -7.7600    0.4714    0.2363
 2617 KIVEYGV   -7.5903   -8.8103   -1.2200    0.2363
 2618 KIIEYGV   -8.2006   -8.0463    0.1543    0.2363
 2619 KIIVYGE   -9.2672   -9.3358   -0.0686    0.2363
 2620 KIIVYGE   -9.2672   -9.3358   -0.0686    0.2363
 2621 KIIVYGE   -9.1315   -9.2000   -0.0686    0.2363
 2622 KIIIYGE   -7.1213   -8.9756   -1.8543    0.2363
 2623 KIIIYGE   -7.1213   -8.9756   -1.8543    0.2363
 2624 EIIIAGK   -7.5407   -8.6901   -1.1494    0.2363
 2625 EIIIAGD   -6.9505   -8.5927   -1.6423    0.2363
 2626 DIIIAGD   -6.0749   -7.4001   -1.3251    0.2363
 2627 DIIIAGK   -6.3582   -7.1905   -0.8323    0.2363
 2628 EIIIAGK   -7.7148   -8.8642   -1.1494    0.2363
 2629 EMIIAGK   -6.9069   -9.4251   -2.5183    0.2363
 2630 EAIILGD   -5.2492   -8.6812   -3.4320    0.2363
 2631 KAIIWGD   -7.7924   -9.5793   -1.7869    0.2363
 2632 KMIIAGD   -8.7686  -10.9697   -2.2011    0.2363
 2633 EMIIAGD   -6.3720   -9.3831   -3.0111    0.2363
 2634 GMIIAED   -5.8350   -8.9576   -3.1226    0.2363
 2635 GMIIYED   -6.2966   -7.0040   -0.7074    0.2363
 2636 GMIIMDD   -6.9934   -8.0374   -1.0440    0.2363
 2637 GMIIGDD   -5.2817   -7.9883   -2.7066    0.2363
 2638 GMIIDDG   -5.1196   -7.8262   -2.7066    0.2363
 2639 EIMIDGG   -3.9119   -6.9356   -3.0237    0.2363
 2640 KIMIDGV   -9.1313   -9.3850   -0.2537    0.2363
 2641 KIVIDGM   -9.7650  -10.0187   -0.2537    0.2363
 2642 KVVMDGI  -10.4468  -10.6348   -0.1880    0.2363
 2643 KIVMEGV   -9.3053   -9.8104   -0.5051    0.2363
 2644 VIVMEGK   -6.8859   -7.5025   -0.6166    0.2363
 2645 AKVMEGV   -4.4529   -9.4969   -5.0440    0.2363
 2646 KAVEMGV   -5.0382  -10.0822   -5.0440    0.2363
 2647 VAVEMGE   -4.7682  -10.7337   -5.9654    0.2363
 2648 AMVVEVE   -6.8311   -9.6194   -2.7883    0.2363
 2649 AMVVVEE   -6.1977   -9.2088   -3.0111    0.2363
 2650 AMVMFDE   -6.3105   -7.4005   -1.0900    0.2363
 2651 ALKMFVD   -4.4109   -7.3689   -2.9580    0.2363
 2652 KLDAFVV   -1.5871   -4.4705   -2.8834    0.2363
 2653 KLAFEVV   -2.8461   -6.0467   -3.2006    0.2363
 2654 ELAFEVV   -1.6202   -5.6307   -4.0106    0.2363
 2655 KLAFEVV   -3.6890   -6.8895   -3.2006    0.2363
 2656 KLAEFVV   -3.9501   -7.1507   -3.2006    0.2363
 2657 KLAEFVV   -3.9501   -7.1507   -3.2006    0.2363
 2658 KLAFEGV   -2.1296   -6.1073   -3.9777    0.2363
 2659 KLAFEVG   -1.1131   -5.0908   -3.9777    0.2363
 2660 KLAFEVI    0.4582   -4.5681   -5.0263    0.2363
 2661 KVAFEVA   -1.7954   -5.4566   -3.6611    0.2363
 2662 LVAFKVE    0.8734   -2.3271   -3.2006    0.2363
 2663 YVAFKVD   -1.8588   -2.7477   -0.8889    0.2363
 2664 YVAFKVD   -1.8588   -2.7477   -0.8889    0.2363
 2665 YVAFDAD   -0.9908   -5.6485   -4.6577    0.2363
 2666 YDAFDAV    1.7534   -2.7929   -4.5463    0.2363
 2667 YEVFDAV    0.2646   -1.3228   -1.5874    0.2363
 2668 AELAKFV   -4.2049   -8.1700   -3.9651    0.2363
 2669 ADVALFK   -3.2169   -6.9764   -3.7594    0.2363
 2670 ADVALFK   -3.2169   -6.9764   -3.7594    0.2363
 2671 ALDAVFK   -0.8307   -4.5901   -3.7594    0.2363
 2672 GLKAWFD   -3.1098   -5.7106   -2.6009    0.2363
 2673 GMKAWFD   -4.8584   -5.6384   -0.7800    0.2363
 2674 AMKAWFD   -4.6846   -6.0835   -1.3989    0.2363
 2675 AKMAWFD   -7.4172   -8.8161   -1.3989    0.2363
 2676 AKVAWDF   -7.5340   -8.7468   -1.2129    0.2363
 2677 AVKAWDF   -7.7611   -8.9739   -1.2129    0.2363
 2678 AVKAWDF   -7.7611   -8.9739   -1.2129    0.2363
 2679 AIKAVDW   -9.4014  -10.9185   -1.5171    0.2363
 2680 AWKAVDI   -9.5458  -11.0629   -1.5171    0.2363
 2681 AWKAVDI   -9.5458  -11.0629   -1.5171    0.2363
 2682 AWKAVDI   -9.6602  -11.1773   -1.5171    0.2363
 2683 AWKADVI   -8.4943  -10.0115   -1.5171    0.2363
 2684 AIKADVI   -8.0776  -10.1602   -2.0826    0.2363
 2685 AIKVADI   -7.6401   -9.7226   -2.0826    0.2363
 2686 AAKVYDI   -4.1259   -8.4036   -4.2777    0.2363
 2687 AAKVYDI   -4.1259   -8.4036   -4.2777    0.2363
 2688 AAKVYDW   -4.4492   -7.6414   -3.1923    0.2363
 2689 AAKVLDW   -6.6097   -9.3965   -2.7869    0.2363
 2690 AAKVMEW   -7.4932  -10.1763   -2.6831    0.2363
 2691 AAKVMEW   -7.4932  -10.1763   -2.6831    0.2363
 2692 AAKVMEW   -7.4932  -10.1763   -2.6831    0.2363
 2693 AAKDWVF   -5.2115   -6.6472   -1.4357    0.2363
 2694 AAKDFVW   -5.8359   -7.2716   -1.4357    0.2363
 2695 AAKDFVW   -5.8359   -7.2716   -1.4357    0.2363
 2696 AAKEFVW   -7.3107   -9.0635   -1.7529    0.2363
 2697 VVKEWGF   -6.4345   -7.9810   -1.5466    0.2363
 2698 VIKGWEY   -3.2134   -4.3736   -1.1603    0.2363
 2699 EIKVWGY   -3.9799   -5.1402   -1.1603    0.2363
 2700 GEKVVVM   -7.7320   -9.8343   -2.1023    0.2363
 2701 GKEVVVM   -7.6400   -9.7423   -2.1023    0.2363
 2702 GKEVVVI   -9.5816  -10.3151   -0.7334    0.2363
 2703 GKEVVVI   -9.5816  -10.3151   -0.7334    0.2363
 2704 GKEVVVI   -9.5816  -10.3151   -0.7334    0.2363
 2705 GEKVVIV   -9.2543   -9.9878   -0.7334    0.2363
 2706 GKEVVIV   -9.1753   -9.9088   -0.7334    0.2363
 2707 GIEVVLK   -7.4117   -9.1377   -1.7260    0.2363
 2708 GVEVVLK   -7.4547   -9.7550   -2.3003    0.2363
 2709 LVEVVKG   -6.2186   -8.5189   -2.3003    0.2363
 2710 GVEVVEI   -8.3514   -9.5605   -1.2091    0.2363
 2711 GVEVVKI   -9.8035  -10.2027   -0.3991    0.2363
 2712 GVEVVKI   -9.8035  -10.2027   -0.3991    0.2363
 2713 GKEVVVI  -10.8871  -11.6205   -0.7334    0.2363
 2714 MKEVVVI  -10.2224  -12.5418   -2.3194    0.2363
 2715 MVEVKVI   -9.5783  -11.6749   -2.0966    0.2363
 2716 AVEVKVI  -10.2325  -10.7305   -0.4980    0.2363
 2717 AIEVKVV  -10.4598  -10.9578   -0.4980    0.2363
 2718 AKEVMIV   -8.9726   -9.6880   -0.7154    0.2363
 2719 GIEVVKV   -8.9045   -9.3037   -0.3991    0.2363
 2720 GIVEIEV   -5.4792   -6.6740   -1.1949    0.2363
 2721 GIVEIEM   -5.2486   -6.5180   -1.2694    0.2363
 2722 GIVMIEE   -6.2297   -7.8334   -1.6037    0.2363
 2723 GIVIEEM   -6.7212   -8.2135   -1.4923    0.2363
 2724 GIIVEDV   -8.3754   -9.4759   -1.1006    0.2363
 2725 GIVVEID   -9.0467  -10.0358   -0.9891    0.2363
 2726 GMVVEID   -9.6173  -10.6153   -0.9980    0.2363
 2727 GVVVEID   -9.8273  -10.8308   -1.0034    0.2363
 2728 GVVMEIK   -9.1186   -9.6237   -0.5051    0.2363
 2729 KIVMEVA   -7.2120   -7.8160   -0.6040    0.2363
 2730 MIKVEVA   -8.2993   -8.7919   -0.4926    0.2363
 2731 MIKAVDV   -7.0635   -7.2390   -0.1754    0.2363
 2732 AIKVVDM   -8.3212   -8.4966   -0.1754    0.2363
 2733 MIEVVDA   -7.8360   -8.8214   -0.9854    0.2363
 2734 KIMVVDA   -9.9638  -10.2506   -0.2869    0.2363
 2735 KIMVVEA  -10.1364  -10.7404   -0.6040    0.2363
 2736 AIMVEMK   -9.4581  -10.0566   -0.5986    0.2363
 2737 AKMVEMI  -10.1608  -10.6479   -0.4871    0.2363
 2738 AKMVEIM  -10.9675  -11.4547   -0.4871    0.2363
 2739 ALMVEVK   -8.3008  -10.6946   -2.3937    0.2363
 2740 AIMVEKV  -10.4311  -11.1466   -0.7154    0.2363
 2741 AIMVEKV  -10.4311  -11.1466   -0.7154    0.2363
 2742 AIMVEKV   -8.6401   -9.3555   -0.7154    0.2382
 2743 AIMVEKV   -8.6401   -9.3555   -0.7154    0.2382
 2744 AIMVDKV   -8.7488   -9.1471   -0.3983    0.2382
 2745 AVMVEDI   -6.5175   -7.7258   -1.2083    0.2382
 2746 AVMVEDI   -6.5175   -7.7258   -1.2083    0.2382
 2747 AVVVEDI   -8.7993  -10.0130   -1.2137    0.2382
 2748 DVVVDAG   -3.1219   -8.4585   -5.3366    0.2382
 2749 DVVVLGD   -5.7212   -8.3086   -2.5874    0.2382
 2750 DVVLMVD   -6.8496  -10.5745   -3.7249    0.2382
 2751 DVVLMDG   -6.6170   -9.1990   -2.5820    0.2382
 2752 LVVLDDG   -6.7935  -10.1478   -3.3543    0.2382
 2753 LVVLDDG   -6.7935  -10.1478   -3.3543    0.2382
 2754 GVVLKDL   -7.3521  -10.1021   -2.7500    0.2382
 2755 GVVLEDL   -6.9676  -10.5276   -3.5600    0.2382
 2756 GMLLDEV   -3.7598   -7.3944   -3.6346    0.2382
 2757 EIMLDGV   -4.9417   -7.2352   -2.2934    0.2382
 2758 EIVLDGM   -7.7485  -10.0419   -2.2934    0.2382
 2759 EIVLDGM   -7.7485  -10.0419   -2.2934    0.2382
 2760 MIELDGM   -6.4868   -8.7434   -2.2566    0.2382
 2761 MIKLDGM   -6.6395   -8.0861   -1.4466    0.2382
 2762 MIKLDGV   -7.0227   -8.3947   -1.3720    0.2382
 2763 MVKLDGV   -6.6743   -8.5406   -1.8663    0.2382
 2764 MVIKLGD   -7.7703   -9.2538   -1.4834    0.2382
 2765 GIVKVGD   -4.4739   -7.8444   -3.3706    0.2382
 2766 KIVEIGG   -6.5871   -9.0119   -2.4249    0.2382
 2767 KIIEVGG   -7.2112   -9.6360   -2.4249    0.2382
 2768 KIIEVGG   -7.2112   -9.6360   -2.4249    0.2382
 2769 KIVEVGG   -6.6379  -10.4370   -3.7991    0.2382
 2770 EIVKVGG   -6.6356  -10.4347   -3.7991    0.2382
 2771 EIVKLGG   -6.0679  -10.2825   -4.2146    0.2382
 2772 GIIKLGE   -5.4618   -8.1907   -2.7289    0.2382
 2773 GKIIIGD   -6.1104   -6.8438   -0.7334    0.2382
 2774 KGFVIGD   -6.1146   -7.9981   -1.8834    0.2382
 2775 KGVFVGD   -4.6470   -7.9047   -3.2577    0.2382
 2776 KVVFGGD   -5.7032   -9.0724   -3.3691    0.2382
 2777 KVVIGGD   -7.6580  -11.2514   -3.5934    0.2382
 2778 KVVIGGD   -7.6580  -11.2514   -3.5934    0.2382
 2779 KVVIGGD   -7.6580  -11.2514   -3.5934    0.2382
 2780 KVIVGGE   -7.2848  -11.1954   -3.9106    0.2382
 2781 KVIVGGE   -7.2848  -11.1954   -3.9106    0.2382
 2782 KVIVGGD   -8.4646  -12.0580   -3.5934    0.2382
 2783 KIIVGGD  -10.9799  -13.1991   -2.2191    0.2382
 2784 IIKVGGD   -8.1173  -10.2250   -2.1077    0.2382
 2785 FIKVGGD   -7.0127   -8.8961   -1.8834    0.2382
 2786 DIKLGGV   -3.9226   -7.7086   -3.7860    0.2382
 2787 VMKMGGD   -2.0339   -6.8793   -4.8454    0.2382
 2788 VGKMMGD   -1.5615   -6.2955   -4.7340    0.2382
 2789 MKGYVGD   -0.9848   -6.5450   -5.5603    0.2382
 2790 MKGYVGD   -0.9848   -6.5450   -5.5603    0.2382
 2791 MKGYVGD   -0.9848   -6.5450   -5.5603    0.2382
 2792 KMGFVGD   -5.7132   -8.8541   -3.1409    0.2382
 2793 KVGWMGD   -6.7249   -9.0046   -2.2797    0.2382
 2794 KVGIWGD   -9.8121  -10.7230   -0.9109    0.2382
 2795 KVGWWGD   -9.9747   -9.8001    0.1746    0.2382
 2796 KVGWWGD   -9.9747   -9.8001    0.1746    0.2382
 2797 KVGWWGD   -9.9747   -9.8001    0.1746    0.2382
 2798 KVGWWGD   -9.9747   -9.8001    0.1746    0.2382
 2799 KVGWWGE   -9.3166   -9.4592   -0.1426    0.2382
 2800 KVGWEGV   -7.5110  -10.0018   -2.4909    0.2382
 2801 WVKGEGV   -7.9574  -10.5597   -2.6023    0.2382
 2802 KVWGDGL   -6.4660   -9.1666   -2.7006    0.2382
 2803 KLWGDGL   -6.1079   -9.2239   -3.1160    0.2382
 2804 KLWGDGL   -6.1079   -9.2239   -3.1160    0.2382
 2805 KLWGEGL   -5.4922   -8.9254   -3.4331    0.2382
 2806 LKWGEGW   -6.2957   -8.9823   -2.6866    0.2382
 2807 LKWGEGL   -6.7635  -10.0852   -3.3217    0.2382
 2808 LKWGEGL   -6.7635  -10.0852   -3.3217    0.2382
 2809 FKWGEGM   -6.9364   -7.8233   -0.8869    0.2382
 2810 FKWGDGI   -8.0842   -7.5651    0.5191    0.2382
 2811 FKWGDGF   -7.5344   -6.7109    0.8234    0.2382
 2812 FKWGDGF   -7.5344   -6.7109    0.8234    0.2382
 2813 VKWGDGF   -7.4908   -8.0660   -0.5751    0.2382
 2814 VKWGDGF   -7.4908   -8.0660   -0.5751    0.2382
 2815 KVWGDGF   -6.7190   -7.4055   -0.6866    0.2382
 2816 KVWGDGV   -7.1138   -9.3990   -2.2851    0.2382
 2817 KVWGDGV   -7.1138   -9.3990   -2.2851    0.2382
 2818 WVWGDGK   -8.3762   -8.3131    0.0631    0.2382
 2819 WVWGDGD   -8.9723   -9.4020   -0.4297    0.2382
 2820 WVWGKGD   -7.4930   -7.4298    0.0631    0.2382
 2821 WVWGDGD   -8.8177   -9.2474   -0.4297    0.2382
 2822 WKWGDGV   -9.7996   -9.5136    0.2860    0.2382
 2823 WKWGDGV   -9.7996   -9.5136    0.2860    0.2382
 2824 WKWGEGV  -10.5378  -10.5689   -0.0311    0.2382
 2825 WKWGDGV  -10.7981  -10.5121    0.2860    0.2382
 2826 KWWGEGV   -8.5417   -8.6843   -0.1426    0.2382
 2827 KVWGEGW   -8.5930   -8.7356   -0.1426    0.2382
 2828 KVWGEGW   -8.5930   -8.7356   -0.1426    0.2382
 2829 KVWGEGW   -8.5930   -8.7356   -0.1426    0.2382
 2830 KWWGVGE   -8.6097   -8.7522   -0.1426    0.2382
 2831 KWWGVGE   -8.6097   -8.7522   -0.1426    0.2382
 2832 KWWGVGE   -8.6097   -8.7522   -0.1426    0.2382
 2833 KWWGVGE   -8.6097   -8.7522   -0.1426    0.2382
 2834 KWWGMGE   -8.6946   -8.8318   -0.1371    0.2382
 2835 KWWGMGE   -8.6946   -8.8318   -0.1371    0.2382
 2836 KWWGMGE   -8.6946   -8.8318   -0.1371    0.2382
 2837 KWWGMGE   -8.6946   -8.8318   -0.1371    0.2382
 2838 KWWGMGE   -8.6946   -8.8318   -0.1371    0.2382
 2839 KWWGMGD  -10.1401   -9.9601    0.1800    0.2382
 2840 KWWGMGD  -10.1401   -9.9601    0.1800    0.2382
 2841 KWWGMGD  -10.1401   -9.9601    0.1800    0.2382
 2842 KWWGMGD  -10.1401   -9.9601    0.1800    0.2382
 2843 KFWGMGD   -8.1151   -8.7963   -0.6811    0.2382
 2844 FKWGMGD   -6.2055   -6.7752   -0.5697    0.2382
 2845 KMWGFGD   -8.9843   -9.6654   -0.6811    0.2382
 2846 KMFGWGD   -6.9309   -7.6120   -0.6811    0.2382
 2847 KLFGWGD   -6.8762   -7.9782   -1.1020    0.2382
 2848 KLFGWGD   -6.8762   -7.9782   -1.1020    0.2382
 2849 KLWGFGD   -7.7195   -8.8215   -1.1020    0.2382
 2850 KLWGMGE   -4.7043   -7.7166   -3.0123    0.2382
 2851 KLWGMGD   -6.0879   -8.7830   -2.6951    0.2382
 2852 KIWGMGE   -6.3425   -7.5651   -1.2226    0.2382
 2853 KMWGIGE   -5.5504   -6.7730   -1.2226    0.2382
 2854 KIWGMGE   -4.7130   -5.9356   -1.2226    0.2382
 2855 KIWGVGE   -7.1059   -8.3339   -1.2280    0.2382
 2856 KIWGWGE   -5.4022   -6.9705   -1.5683    0.2382
 2857 KIWGWGE   -5.4022   -6.9705   -1.5683    0.2382
 2858 KIWGLGE   -5.4847   -7.1281   -1.6434    0.2382
 2859 KIWGLGE   -5.4847   -7.1281   -1.6434    0.2382
 2860 KIFGWGD   -7.4363   -7.0286    0.4077    0.2382
 2861 KIFGWGD   -7.4363   -7.0286    0.4077    0.2382
 2862 KIFGMGD   -7.1307   -8.8972   -1.7666    0.2382
 2863 KIGFMGD   -6.5429   -8.3095   -1.7666    0.2382
 2864 KIGFMGD   -6.5429   -8.3095   -1.7666    0.2382
 2865 KIGFMGD   -6.5429   -8.3095   -1.7666    0.2382
 2866 KIGFMGD   -6.5429   -8.3095   -1.7666    0.2382
 2867 KVGFMGD   -5.6988   -8.8397   -3.1409    0.2382
 2868 KVGMFGD   -6.8218   -9.9627   -3.1409    0.2382
 2869 KVGFMGD   -6.0045   -9.1454   -3.1409    0.2382
 2870 KVGFLGD   -5.5238   -9.0855   -3.5617    0.2382
 2871 KIFGMGD   -7.2526   -9.0192   -1.7666    0.2382
 2872 FIKGYGD   -5.6640   -8.2568   -2.5929    0.2382
 2873 AIKGYGD   -2.7113  -10.1787   -7.4674    0.2382
 2874 MIKGFGD   -9.3324  -11.0990   -1.7666    0.2382
 2875 WIKGFGD  -11.0063  -10.5986    0.4077    0.2382
 2876 WIKGFGD  -11.0063  -10.5986    0.4077    0.2382
 2877 WIKGFGD  -11.0063  -10.5986    0.4077    0.2382
 2878 WIKGFGD  -11.0063  -10.5986    0.4077    0.2382
 2879 WIKGFGD  -11.1490  -10.7412    0.4077    0.2382
 2880 WIKGFGD  -11.1490  -10.7412    0.4077    0.2382
 2881 WIKGFGD  -11.1490  -10.7412    0.4077    0.2382
 2882 WLKGFGD  -10.1400  -11.2420   -1.1020    0.2382
 2883 FVKGWGE   -6.7522   -7.7559   -1.0037    0.2382
 2884 FIKGWGE   -6.6544   -6.5639    0.0906    0.2382
 2885 FIKGWGD   -8.2047   -7.7970    0.4077    0.2382
 2886 FIKGWGD   -8.2047   -7.7970    0.4077    0.2382
 2887 DIKGFGW   -4.7108   -4.1916    0.5191    0.2382
 2888 EIKGIGW   -5.2616   -5.3639   -0.1023    0.2382
 2889 EIKGIGW   -5.2616   -5.3639   -0.1023    0.2382
 2890 DIKGFGW   -4.5974   -4.0783    0.5191    0.2382
 2891 DIKGFGI   -5.8695   -6.1558   -0.2863    0.2382
 2892 FIKGDGF   -4.8350   -5.0084   -0.1734    0.2382
 2893 FKIGDGI   -7.9165   -8.2028   -0.2863    0.2382
 2894 IKFGDGI   -7.2877   -7.5740   -0.2863    0.2382
 2895 FIKGDGI   -8.0248   -8.4225   -0.3977    0.2382
 2896 FIKGDGI   -8.0248   -8.4225   -0.3977    0.2382
 2897 FIKGDGI   -8.0248   -8.4225   -0.3977    0.2382
 2898 FIKGDGI   -8.0248   -8.4225   -0.3977    0.2382
 2899 KIFGDGI   -8.2676   -8.6653   -0.3977    0.2382
 2900 KFFGDGI   -6.6782   -6.8517   -0.1734    0.2382
 2901 KFGFDGI   -3.6762   -3.7382   -0.0620    0.2382
 2902 KIGFDGI   -4.5769   -4.8632   -0.2863    0.2382
 2903 KVGIDGI   -5.9789   -7.8638   -1.8849    0.2382
 2904 EVGIKGI   -6.5199   -8.7219   -2.2020    0.2382
 2905 KVGIEGI   -7.0409   -9.2429   -2.2020    0.2382
 2906 KVGIEGV   -6.1380   -9.7143   -3.5763    0.2382
 2907 KVGIFGD   -7.1091   -8.8811   -1.7720    0.2382
 2908 KIGVFGD   -6.6799   -8.4519   -1.7720    0.2382
 2909 KIMVFGD   -7.9072   -7.9681   -0.0609    0.2382
 2910 GMVVFKD   -8.2094   -8.3960   -0.1866    0.2382
 2911 GMVVFKD   -8.2094   -8.3960   -0.1866    0.2382
 2912 KVVVFGD  -11.0651  -11.1457   -0.0806    0.2382
 2913 KVVIFGD  -10.6870  -10.6733    0.0137    0.2382
 2914 KVVIFGD  -10.6870  -10.6733    0.0137    0.2382
 2915 KIIVVGD  -12.1238  -12.4143   -0.2906    0.2382
 2916 IKIVVGD  -13.0291  -13.2082   -0.1791    0.2382
 2917 IKIVVGD  -12.8374  -13.0165   -0.1791    0.2382
 2918 IKIVVGD  -12.8374  -13.0165   -0.1791    0.2382
 2919 IKIVVGE  -12.8952  -13.3915   -0.4963    0.2382
 2920 IKIVVGE  -12.8952  -13.3915   -0.4963    0.2382
 2921 MKIVMGE  -12.7050  -13.2047   -0.4997    0.2382
 2922 MKMVMGE  -10.0682  -11.9368   -1.8686    0.2382
 2923 MKMVVGE  -10.6698  -12.5438   -1.8740    0.2382
 2924 MKMVVGE  -10.6698  -12.5438   -1.8740    0.2382
 2925 MKVVMGE  -10.6201  -12.4941   -1.8740    0.2382
 2926 MKDVMGV   -8.7359  -10.2928   -1.5569    0.2382
 2927 IKVVMAE  -10.9184  -11.5224   -0.6040    0.2382
 2928 VKVIMAD  -11.2208  -11.5077   -0.2869    0.2382
 2929 VVKIDAM   -9.5033   -9.6787   -0.1754    0.2382
 2930 IVKVDAM  -10.0605  -10.2360   -0.1754    0.2382
 2931 IVKVADM  -10.8604  -11.0359   -0.1754    0.2382
 2932 VVKIADM  -10.7823  -10.9577   -0.1754    0.2382
 2933 IVKVADM  -10.8324  -11.0078   -0.1754    0.2382
 2934 MVKVADI   -9.9720  -10.1475   -0.1754    0.2382
 2935 MVKVADI   -9.9720  -10.1475   -0.1754    0.2382
 2936 MIVKDAV   -8.9603   -9.3586   -0.3983    0.2382
 2937 MIVKAEM   -8.7457   -9.2329   -0.4871    0.2382
 2938 MIVKAEM   -8.7457   -9.2329   -0.4871    0.2382
 2939 MIKVAEI   -6.3103   -8.5486   -2.2383    0.2382
 2940 MIKVAEI   -6.3103   -8.5486   -2.2383    0.2382
 2941 MKIVAEI   -8.7460  -10.9843   -2.2383    0.2382
 2942 MKIVAEI   -8.7460  -10.9843   -2.2383    0.2382
 2943 MIKVAEV   -9.4269   -9.9195   -0.4926    0.2382
 2944 MIKVGEV   -8.7175   -9.1112   -0.3937    0.2382
 2945 MIKVGEV  -10.3720  -10.7657   -0.3937    0.2397
 2946 MIKVGEV  -10.3720  -10.7657   -0.3937    0.2397
 2947 MIVKGDV  -10.6367  -10.8247   -0.1880    0.2397
 2948 MIVKGDM  -10.5692  -10.7517   -0.1826    0.2397
 2949 MIVKGDM  -10.5692  -10.7517   -0.1826    0.2397
 2950 MIVKGDV  -10.6392  -10.8272   -0.1880    0.2397
 2951 MIVEGVD   -9.7959  -10.7939   -0.9980    0.2397
 2952 MIVDGVD   -8.9336   -9.6144   -0.6809    0.2397
 2953 MIVDGVD   -8.9336   -9.6144   -0.6809    0.2397
 2954 MIDVGVD  -10.4510  -11.0204   -0.5694    0.2397
 2955 MIDIGVD  -10.1490  -10.7842   -0.6351    0.2397
 2956 MIKIGVD  -10.3398  -10.4821   -0.1423    0.2397
 2957 MIKIGVD  -10.3398  -10.4821   -0.1423    0.2397
 2958 MMKIGVE   -8.2490   -8.6373   -0.3883    0.2397
 2959 MMEIGVE   -8.2559   -9.4542   -1.1983    0.2397
 2960 MMEIGVE   -8.2559   -9.4542   -1.1983    0.2397
 2961 MMKIGVE   -8.4911   -8.8794   -0.3883    0.2397
 2962 MMEIGVD   -9.3920  -10.2731   -0.8811    0.2397
 2963 MMEIGVD   -9.3762  -10.2574   -0.8811    0.2397
 2964 MMEIGVD   -9.3762  -10.2574   -0.8811    0.2397
 2965 MIVIGED  -10.4886  -11.7752   -1.2866    0.2397
 2966 MIVIGED  -10.4886  -11.7752   -1.2866    0.2397
 2967 MIEIGVD  -10.1609  -11.1132   -0.9523    0.2397
 2968 MIEVGVD  -10.0493  -10.9359   -0.8866    0.2397
 2969 MIEMGVD   -9.0746   -9.9557   -0.8811    0.2397
 2970 MIEMGVD   -9.0746   -9.9557   -0.8811    0.2397
 2971 MIEMGVD   -9.0746   -9.9557   -0.8811    0.2397
 2972 MIMEGVD   -9.3016  -10.2942   -0.9926    0.2397
 2973 MIMEGVE   -8.2932   -9.6029   -1.3097    0.2397
 2974 MIMEGVE   -8.2932   -9.6029   -1.3097    0.2397
 2975 MIMEGVE   -8.2932   -9.6029   -1.3097    0.2397
 2976 MIMEGVK   -7.4516   -7.9513   -0.4997    0.2397
 2977 MIMEGVD   -9.2936  -10.2861   -0.9926    0.2397
 2978 MIIEGVD   -8.9519  -10.0156   -1.0637    0.2397
 2979 MIVEGVD   -9.8967  -10.8947   -0.9980    0.2397
 2980 MIVKGDV   -9.9252  -10.1132   -0.1880    0.2397
 2981 MKVIGDV  -10.3238  -10.4004   -0.0766    0.2397
 2982 MKMIGEV   -8.2815   -8.6698   -0.3883    0.2397
 2983 AKMIGDV   -5.5573   -8.9099   -3.3526    0.2397
 2984 AKIIGVD   -8.0276  -10.0114   -1.9837    0.2397
 2985 AKIIGVD   -8.0276  -10.0114   -1.9837    0.2397
 2986 MKVIGID   -9.6582   -9.8004   -0.1423    0.2397
 2987 MKVLGID   -9.4861  -10.8581   -1.3720    0.2397
 2988 MKVLGID   -9.4861  -10.8581   -1.3720    0.2397
 2989 MKLVGID   -9.6892  -11.0612   -1.3720    0.2397
 2990 MKLVGID   -9.6892  -11.0612   -1.3720    0.2397
 2991 KMLVGID   -9.1903  -10.6738   -1.4834    0.2397
 2992 KMLVGID   -9.1903  -10.6738   -1.4834    0.2397
 2993 KVLIGVD   -9.6240  -11.0328   -1.4089    0.2397
 2994 KVLVGVD   -9.8103  -11.7934   -1.9831    0.2397
 2995 DVIIGVK   -7.3574   -7.5366   -0.1791    0.2397
 2996 EVIIGVK   -7.8059   -8.3022   -0.4963    0.2397
 2997 EIVIGVK  -10.0917  -10.5880   -0.4963    0.2397
 2998 EIVIGVK  -10.0917  -10.5880   -0.4963    0.2397
 2999 EIVIGVK  -10.0917  -10.5880   -0.4963    0.2397
 3000 EIVKGVI   -9.5337  -10.0299   -0.4963    0.2397
 3001 EIVKGVI   -9.5337  -10.0299   -0.4963    0.2397
 3002 EIKVGVI   -9.7105  -10.0953   -0.3849    0.2397
 3003 EIVKGVI   -9.4010   -9.8973   -0.4963    0.2397
 3004 KIEVGVI   -9.0143   -9.3991   -0.3849    0.2397
 3005 KIEVGVI   -9.0143   -9.3991   -0.3849    0.2397
 3006 DIEVGVI   -8.0838   -8.9615   -0.8777    0.2397
 3007 DIVVGEI   -7.9081   -8.8972   -0.9891    0.2397
 3008 EMIVGDI   -5.1173   -6.1810   -1.0637    0.2397
 3009 EIVVGMD   -7.1352   -8.1332   -0.9980    0.2397
 3010 EIVVGMK   -8.6287   -9.1339   -0.5051    0.2397
 3011 EIMVGVK   -9.5795  -10.0846   -0.5051    0.2397
 3012 EIVVGVK   -9.8098  -10.3204   -0.5106    0.2397
 3013 EIVVGVK   -9.8098  -10.3204   -0.5106    0.2397
 3014 EIVVGVK   -9.8098  -10.3204   -0.5106    0.2397
 3015 EIVVGVK   -9.8098  -10.3204   -0.5106    0.2397
 3016 EIVVGVK   -9.8098  -10.3204   -0.5106    0.2397
 3017 KIVVGLE   -9.6198  -11.3458   -1.7260    0.2397
 3018 KIVVGVE  -11.5389  -12.0494   -0.5106    0.2397
 3019 KIMVGVD  -11.4232  -11.6112   -0.1880    0.2397
 3020 KIIVGVD  -10.8167  -10.9958   -0.1791    0.2397
 3021 KIIVGVE  -10.5679  -11.0642   -0.4963    0.2397
 3022 KIVVGVE  -11.4370  -11.9475   -0.5106    0.2397
 3023 KIVVGVD  -11.6796  -11.8730   -0.1934    0.2397
 3024 KIVVGVD  -11.6796  -11.8730   -0.1934    0.2397
 3025 KIVVGVE  -11.3985  -11.9091   -0.5106    0.2397
 3026 KIVVGEV  -10.7767  -11.2872   -0.5106    0.2397
 3027 KIEVGVV   -9.4509   -9.8501   -0.3991    0.2397
 3028 KVEVGVV   -7.1644   -8.9378   -1.7734    0.2397
 3029 KVDVGVV   -6.4342   -7.8905   -1.4563    0.2397
 3030 DDMVGVV   -4.4423   -6.6089   -2.1666    0.2397
 3031 DDVMGVV   -4.3272   -6.4938   -2.1666    0.2397
 3032 DMLDGVV   -4.3730   -6.8435   -2.4706    0.2397
 3033 KMLDGVL   -6.5020   -9.2151   -2.7131    0.2397
 3034 KMLLGVD   -7.9494  -10.6626   -2.7131    0.2397
 3035 KMLLGVD   -7.9494  -10.6626   -2.7131    0.2397
 3036 KLMLGVD   -6.3363   -9.0495   -2.7131    0.2397
 3037 KLMLGVD   -6.3363   -9.0495   -2.7131    0.2397
 3038 KLMLGVD   -6.3363   -9.0495   -2.7131    0.2397
 3039 KVMLGLD   -3.7843   -6.4974   -2.7131    0.2397
 3040 KVLLGMD   -6.1530   -8.8661   -2.7131    0.2397
 3041 KVLMGVD   -9.0878  -11.0655   -1.9777    0.2397
 3042 KVLMGVD   -9.0878  -11.0655   -1.9777    0.2397
 3043 KVILGVD   -8.1534   -9.5623   -1.4089    0.2397
 3044 KVILGVD   -8.1534   -9.5623   -1.4089    0.2397
 3045 KMIIGVD  -10.0262  -10.2799   -0.2537    0.2397
 3046 KIIVGVD  -12.0099  -12.1891   -0.1791    0.2397
 3047 KVIVGIE   -9.0689   -9.5652   -0.4963    0.2397
 3048 KVIVGVE   -9.9067  -10.4173   -0.5106    0.2397
 3049 KVIVGEV   -9.6295  -10.1400   -0.5106    0.2397
 3050 KIVVGEV  -11.7331  -12.2437   -0.5106    0.2397
 3051 KIVVGDV  -11.9559  -12.1493   -0.1934    0.2397
 3052 KVVIGDV   -9.3923   -9.5858   -0.1934    0.2397
 3053 KVLIGDV   -9.2003  -10.6092   -1.4089    0.2397
 3054 KVLIGDV   -9.2003  -10.6092   -1.4089    0.2397
 3055 KVLIGDV   -9.2065  -10.6153   -1.4089    0.2397
 3056 KVVIGDV   -9.6130   -9.8064   -0.1934    0.2397
 3057 KVVMGDI  -10.2515  -10.4395   -0.1880    0.2397
 3058 KGVVMDI   -8.9245   -9.1125   -0.1880    0.2397
 3059 KGVMMDW   -8.7093   -8.5664    0.1429    0.2397
 3060 KGVMVDW   -8.5331   -8.3157    0.2174    0.2397
 3061 KMWGVDV   -9.5222   -9.1934    0.3289    0.2397
 3062 KMWGVDV   -9.5222   -9.1934    0.3289    0.2397
 3063 KMWGVDV   -9.5222   -9.1934    0.3289    0.2397
 3064 KVIGVDI   -9.4813   -9.5491   -0.0677    0.2397
 3065 KVIGVDI   -9.4813   -9.5491   -0.0677    0.2397
 3066 KVIGVDI   -9.7567   -9.8244   -0.0677    0.2397
 3067 KIIGVDF   -7.2377   -8.8269   -1.5891    0.2397
 3068 KIIGADF   -7.3005   -7.6856   -0.3851    0.2397
 3069 KIIGGDW   -8.5296   -8.5376   -0.0080    0.2397
 3070 KIMGGDW   -9.1901  -10.2070   -1.0169    0.2397
 3071 KLIGGDW   -7.5481   -8.9858   -1.4377    0.2397
 3072 KLIGGDW   -7.5481   -8.9858   -1.4377    0.2397
 3073 KLIGGDW   -7.5481   -8.9858   -1.4377    0.2397
 3074 LKIGGDW   -7.4653   -8.7916   -1.3263    0.2397
 3075 VIKGGDW   -7.6233   -8.6455   -1.0223    0.2397
 3076 FIKGGDW   -8.4167   -8.1204    0.2963    0.2397
 3077 IFKGGDW   -6.8544   -6.5581    0.2963    0.2397
 3078 IFKGGDW   -6.8544   -6.5581    0.2963    0.2397
 3079 IFKGGDW   -6.8544   -6.5581    0.2963    0.2397
 3080 MFKGGDW   -8.8333   -9.6259   -0.7926    0.2397
 3081 MWKGGDW   -9.7379   -9.6694    0.0686    0.2397
 3082 MWKGGDA   -4.0600   -9.7271   -5.6671    0.2397
 3083 MWKGGMD   -6.4586   -8.8443   -2.3857    0.2397
 3084 MWKGGMD   -6.4586   -8.8443   -2.3857    0.2397
 3085 MWKGGAD   -4.3053   -9.9724   -5.6671    0.2397
 3086 MWKGGME   -5.7796   -8.4825   -2.7029    0.2397
 3087 MWKGGME   -3.6450   -6.3479   -2.7029    0.2397
 3088 MFKGGEM   -5.4399   -9.0039   -3.5640    0.2397
 3089 MFKGGDM   -6.3798   -9.6267   -3.2469    0.2397
 3090 MFKGGDM   -6.3798   -9.6267   -3.2469    0.2397
 3091 MWKGGDM   -6.5723   -8.9581   -2.3857    0.2397
 3092 MWKGGEM   -5.9473   -8.6502   -2.7029    0.2397
 3093 MWKGGEM   -5.9473   -8.6502   -2.7029    0.2397
 3094 MWKGGDI   -7.5420   -8.5588   -1.0169    0.2397
 3095 AWKGGDI   -5.2199   -9.5182   -4.2983    0.2397
 3096 AWKGGEI   -5.9991  -10.6145   -4.6154    0.2397
 3097 AWKGGEI   -5.8754  -10.4908   -4.6154    0.2397
 3098 AWKGGEW   -6.3490   -9.8790   -3.5300    0.2397
 3099 AWKGGEW   -6.3490   -9.8790   -3.5300    0.2397
 3100 AWKGGEW   -6.3490   -9.8790   -3.5300    0.2397
 3101 AWKGGEW   -6.3490   -9.8790   -3.5300    0.2397
 3102 AWKGGEW   -6.3490   -9.8790   -3.5300    0.2397
 3103 AWKGGEW   -6.3490   -9.8790   -3.5300    0.2397
 3104 AWKGGEW   -6.3490   -9.8790   -3.5300    0.2397
 3105 AWKGGEW   -6.3490   -9.8790   -3.5300    0.2397
 3106 AWKGGEW   -6.3490   -9.8790   -3.5300    0.2397
 3107 AWKGGEW   -6.3490   -9.8790   -3.5300    0.2397
 3108 AWKGGDW   -6.2350   -9.4479   -3.2129    0.2397
 3109 AWKGGDW   -6.2350   -9.4479   -3.2129    0.2397
 3110 AWKGGDW   -6.2350   -9.4479   -3.2129    0.2397
 3111 AWKGGDW   -6.2350   -9.4479   -3.2129    0.2397
 3112 AWKGGDW   -6.2350   -9.4479   -3.2129    0.2397
 3113 AWKGGDW   -6.2350   -9.4479   -3.2129    0.2397
 3114 AWKGGDW   -6.2350   -9.4479   -3.2129    0.2397
 3115 AWKGGDW   -6.2350   -9.4479   -3.2129    0.2397
 3116 AWKGGDW   -6.2350   -9.4479   -3.2129    0.2397
 3117 AWKGGEW   -6.1249   -9.6549   -3.5300    0.2397
 3118 AIKGGEW   -5.4953  -10.1108   -4.6154    0.2397
 3119 AFKGGEW   -5.6584  -10.0496   -4.3911    0.2397
 3120 MFKGGEW   -7.0581   -8.1679   -1.1097    0.2397
 3121 MIKGGEW   -7.1420   -8.4760   -1.3340    0.2397
 3122 MIKGGEW   -7.1420   -8.4760   -1.3340    0.2397
 3123 MIWGGEE   -2.3182   -4.6850   -2.3669    0.2397
 3124 EIMGGEW   -4.2702   -6.4142   -2.1440    0.2397
 3125 EWMGGKW   -3.3476   -3.5962   -0.2486    0.2397
 3126 EWMGGKW   -3.3476   -3.5962   -0.2486    0.2397
 3127 EWMGGKW   -3.3476   -3.5962   -0.2486    0.2397
 3128 EWMGGKW   -3.3476   -3.5962   -0.2486    0.2397
 3129 DWMGGKW   -2.9226   -2.8541    0.0686    0.2397
 3130 KWMGGDW   -4.7496   -4.6811    0.0686    0.2397
 3131 KMMGGDW   -3.1493   -5.5350   -2.3857    0.2397
 3132 KFMGGDW   -2.9914   -3.7839   -0.7926    0.2397
 3133 KMMGGDW   -3.0910   -5.4768   -2.3857    0.2397
 3134 KMMGGEW   -3.4212   -6.1241   -2.7029    0.2397
 3135 KMMGGEW   -3.4212   -6.1241   -2.7029    0.2397
 3136 KMMGGEW   -3.4212   -6.1241   -2.7029    0.2397
 3137 DMMGGKW   -2.4529   -4.8386   -2.3857    0.2397
 3138 DIIGGKW   -5.3612   -5.3692   -0.0080    0.2397
 3139 DIIGGKW   -5.3612   -5.3692   -0.0080    0.2397
 3140 DIIGGKW   -5.3612   -5.3692   -0.0080    0.2397
 3141 DIIGGKW   -5.5889   -5.5969   -0.0080    0.2397
 3142 DIIGGKW   -5.5889   -5.5969   -0.0080    0.2397
 3143 DIKGGIW   -5.3917   -5.3997   -0.0080    0.2397
 3144 DIKGGIW   -5.3917   -5.3997   -0.0080    0.2397
 3145 DIKGGIW   -5.3917   -5.3997   -0.0080    0.2397
 3146 DIKGGIW   -9.0952   -9.1032   -0.0080    0.2555
 3147 DIKGGIW   -9.0952   -9.1032   -0.0080    0.2555
 3148 DIKGGIW   -9.0952   -9.1032   -0.0080    0.2555
 3149 DIKGGIW   -9.0952   -9.1032   -0.0080    0.2555
 3150 DIKGGIF   -8.3484   -8.8575   -0.5091    0.2555
 3151 DIKGGIF   -8.3484   -8.8575   -0.5091    0.2555
 3152 DIKGGII   -8.6459   -9.3793   -0.7334    0.2555
 3153 DIKGGII   -8.6459   -9.3793   -0.7334    0.2555
 3154 DIKGGII   -8.6459   -9.3793   -0.7334    0.2555
 3155 DIKGGII   -8.6459   -9.3793   -0.7334    0.2555
 3156 DIKGGII   -8.6459   -9.3793   -0.7334    0.2555
 3157 DIKGGIW   -8.7724   -8.7804   -0.0080    0.2555
 3158 DIKGGII   -8.6469   -9.3804   -0.7334    0.2555
 3159 DIKGGII   -8.6469   -9.3804   -0.7334    0.2555
 3160 DIKGGII   -8.6469   -9.3804   -0.7334    0.2555
 3161 DIKGGII   -8.6469   -9.3804   -0.7334    0.2555
 3162 DIKGGII   -8.6469   -9.3804   -0.7334    0.2555
 3163 DIKGGII   -8.6469   -9.3804   -0.7334    0.2555
 3164 DIKGGIW   -8.7683   -8.7763   -0.0080    0.2555
 3165 DIIGGKW   -7.1535   -7.1615   -0.0080    0.2555
 3166 DIIGGID   -6.5748   -7.8010   -1.2263    0.2555
 3167 EIIGGID   -4.7565   -6.2999   -1.5434    0.2555
 3168 EIIGGIE   -5.3966   -7.2572   -1.8606    0.2555
 3169 EIIGGIE   -5.3966   -7.2572   -1.8606    0.2555
 3170 EIIGGID   -5.5318   -7.0752   -1.5434    0.2555
 3171 MRIGGID   -3.4091   -8.7639   -5.3549    0.2555
 3172 RVIGGLD   -2.0614   -9.3228   -7.2614    0.2555
 3173 RWIGGLD   -3.2773   -8.0790   -4.8017    0.2555
 3174 DIWGGLR   -3.9038   -8.7056   -4.8017    0.2555
 3175 DIWGGVD   -5.9384   -7.4535   -1.5151    0.2555
 3176 DIGWGVE   -4.5766   -6.1860   -1.6094    0.2555
 3177 KIGWGVD   -7.3252   -8.1246   -0.7994    0.2555
 3178 KWGWGVD   -7.4889   -7.2029    0.2860    0.2555
 3179 KWGWGVD   -7.4889   -7.2029    0.2860    0.2555
 3180 KWGWGVD   -7.4889   -7.2029    0.2860    0.2555
 3181 KWGWGVD   -7.4889   -7.2029    0.2860    0.2555
 3182 KWGMGVD   -6.9502   -9.1184   -2.1683    0.2555
 3183 KWGMGID   -7.6628   -8.4568   -0.7940    0.2555
 3184 KWGMGID   -7.6628   -8.4568   -0.7940    0.2555
 3185 KWGIGID   -7.0049   -6.7900    0.2149    0.2555
 3186 DWGIGIE   -3.6393   -4.2345   -0.5951    0.2555
 3187 DWGIGIK   -6.1522   -5.9373    0.2149    0.2555
 3188 DIGIGKW   -7.0203   -6.8054    0.2149    0.2555
 3189 DIGIGKW   -7.0203   -6.8054    0.2149    0.2555
 3190 DIGIGKW   -7.0203   -6.8054    0.2149    0.2555
 3191 DIGIGKW   -7.0203   -6.8054    0.2149    0.2555
 3192 DIGIGKW   -7.0203   -6.8054    0.2149    0.2555
 3193 DIGVGKW   -6.8144   -7.6138   -0.7994    0.2555
 3194 KIVGGEW   -6.3992   -7.7387   -1.3394    0.2555
 3195 KIVGGEW   -6.3992   -7.7387   -1.3394    0.2555
 3196 KIIGGEW   -6.0141   -6.3392   -0.3251    0.2555
 3197 KIIGGEW   -6.0141   -6.3392   -0.3251    0.2555
 3198 KIWGGEI   -5.5558   -5.8810   -0.3251    0.2555
 3199 RIWGGEI   -2.0524   -5.7416   -3.6891    0.2555
 3200 RIWGGDI   -2.6286   -6.0006   -3.3720    0.2555
 3201 IIWGGDE   -3.9878   -5.0286   -1.0409    0.2555
 3202 AIWGGEE   -3.7431   -9.3914   -5.6483    0.2555
 3203 AIIGGEE   -4.5609  -11.2946   -6.7337    0.2555
 3204 AIIGGEK   -4.3767  -10.3004   -5.9237    0.2555
 3205 GIIGGEE   -4.0976  -10.7325   -6.6349    0.2555
 3206 GIIGGED   -4.3858  -10.7036   -6.3177    0.2555
 3207 YIWGGED   -3.7826   -6.6586   -2.8760    0.2555
 3208 YIIGGED   -4.3655   -8.3269   -3.9614    0.2555
 3209 AIIGGED   -4.9055  -11.3221   -6.4166    0.2555
 3210 AIIGGDE   -4.5416  -10.9582   -6.4166    0.2555
 3211 GIIGGDE   -4.5936  -10.9113   -6.3177    0.2555
 3212 GIIGGDE   -4.5936  -10.9113   -6.3177    0.2555
 3213 AIWGGDE   -5.2343  -10.5654   -5.3311    0.2555
 3214 AIWGGDD   -5.4289  -10.4429   -5.0140    0.2555
 3215 AIWGGED   -5.2276  -10.5587   -5.3311    0.2555
 3216 AIWGGEE   -5.0331  -10.6814   -5.6483    0.2555
 3217 AMWGGEK   -2.6854   -8.8925   -6.2071    0.2555
 3218 AMWGFDK   -3.4659   -4.3573   -0.8914    0.2555
 3219 AMWGFDK   -3.4659   -4.3573   -0.8914    0.2555
 3220 AMWGMDK   -4.6776   -7.1622   -2.4846    0.2555
 3221 GMWGMDK   -4.4524   -6.8381   -2.3857    0.2555
 3222 GMWGMDD   -4.7136   -7.5922   -2.8786    0.2555
 3223 GMWGMED   -5.1182   -8.3139   -3.1957    0.2555
 3224 GMWGMDD   -5.5007   -8.3793   -2.8786    0.2555
 3225 GIWGDDF   -7.0634   -7.2599   -0.1966    0.2555
 3226 GIWGDDF   -7.0634   -7.2599   -0.1966    0.2555
 3227 GIFGDDW   -6.9974   -7.1939   -0.1966    0.2555
 3228 GIFGDDF   -6.8790   -7.6567   -0.7777    0.2555
 3229 GIFGDEF   -6.9537   -8.0486   -1.0949    0.2555
 3230 GIFGDEF   -6.9537   -8.0486   -1.0949    0.2555
 3231 GIFGDEF   -6.9537   -8.0486   -1.0949    0.2555
 3232 GIFGEEF   -7.3661   -8.7781   -1.4120    0.2555
 3233 GIFGDEF   -7.3154   -8.4102   -1.0949    0.2555
 3234 GIFGEDF   -7.2212   -8.3161   -1.0949    0.2555
 3235 GIFGEDI   -7.1052   -8.4243   -1.3191    0.2555
 3236 GFIGGDE   -1.8419   -7.9354   -6.0934    0.2555
 3237 GVIGGDE   -2.3877  -10.0797   -7.6920    0.2555
 3238 GVIGGEE   -2.3023  -10.3114   -8.0091    0.2555
 3239 GVIGGEE   -2.3023  -10.3114   -8.0091    0.2555
 3240 GVIGGKD   -2.7731   -9.6551   -6.8820    0.2555
 3241 DVIGGKI   -5.4075   -7.5152   -2.1077    0.2555
 3242 DIVGGKI   -5.9594   -8.0671   -2.1077    0.2555
 3243 DIVGGKI   -5.9594   -8.0671   -2.1077    0.2555
 3244 DIVGGKI   -5.8452   -7.9529   -2.1077    0.2555
 3245 KIVGGDI   -6.4964   -8.6041   -2.1077    0.2555
 3246 KIIGGDI   -8.0931   -8.8265   -0.7334    0.2555
 3247 KIIGGDI   -8.0931   -8.8265   -0.7334    0.2555
 3248 KIIGGDI   -8.0931   -8.8265   -0.7334    0.2555
 3249 KIIGGDI   -8.0931   -8.8265   -0.7334    0.2555
 3250 KIIGGEI   -8.2053   -9.2559   -1.0506    0.2555
 3251 KIIGGEI   -8.2053   -9.2559   -1.0506    0.2555
 3252 KIIGGEI   -8.2053   -9.2559   -1.0506    0.2555
 3253 KIIGGEI   -8.1839   -9.2345   -1.0506    0.2555
 3254 KIIGGEL   -6.5849   -9.4251   -2.8403    0.2555
 3255 KIIGGEL   -6.5849   -9.4251   -2.8403    0.2555
 3256 KILGGEI   -6.6439   -9.4842   -2.8403    0.2555
 3257 LIKGGEI   -6.7138   -9.5540   -2.8403    0.2555
 3258 LIKGGEI   -6.7138   -9.5540   -2.8403    0.2555
 3259 LIKGGEI   -6.7138   -9.5540   -2.8403    0.2555
 3260 LIKGGEI   -6.7138   -9.5540   -2.8403    0.2555
 3261 LIKGGEM   -5.0998   -9.3089   -4.2091    0.2555
 3262 LIEGGKM   -3.9403   -8.1494   -4.2091    0.2555
 3263 LFEGGKM   -1.9007   -5.8856   -3.9849    0.2555
 3264 MLEGGKF   -2.7339   -6.7188   -3.9849    0.2555
 3265 MIEGGKV   -5.6940   -9.4877   -3.7937    0.2555
 3266 MWVGGKE   -4.9004   -7.8316   -2.9311    0.2555
 3267 MWVGGDE   -4.4539   -7.8779   -3.4240    0.2555
 3268 MWVGGDE   -4.4539   -7.8779   -3.4240    0.2555
 3269 MWVGGED   -5.1591   -8.5831   -3.4240    0.2555
 3270 FWIGGDD   -6.0908   -6.5103   -0.4194    0.2555
 3271 FWIGGDD   -6.0908   -6.5103   -0.4194    0.2555
 3272 FIWGGDD   -6.0688   -6.4882   -0.4194    0.2555
 3273 FIWGGDD   -6.0688   -6.4882   -0.4194    0.2555
 3274 FWIGGED   -6.4951   -7.2317   -0.7366    0.2555
 3275 FWIGGED   -6.4951   -7.2317   -0.7366    0.2555
 3276 FWIGGED   -6.4951   -7.2317   -0.7366    0.2555
 3277 FWIGGED   -6.4951   -7.2317   -0.7366    0.2555
 3278 FWIGGEE   -5.3438   -6.3975   -1.0537    0.2555
 3279 FWIGGDE   -5.2241   -5.9607   -0.7366    0.2555
 3280 FWIGGDE   -5.2241   -5.9607   -0.7366    0.2555
 3281 FFIGGEE   -4.3594   -5.9942   -1.6349    0.2555
 3282 FWIGGDE   -6.2469   -6.9834   -0.7366    0.2555
 3283 FWIGGED   -7.6654   -8.4019   -0.7366    0.2555
 3284 FWIGGED   -7.6654   -8.4019   -0.7366    0.2555
 3285 MWIGGED   -9.0297  -11.0794   -2.0497    0.2555
 3286 MWIGGED   -9.0297  -11.0794   -2.0497    0.2555
 3287 MIWGGDD   -9.0967  -10.8293   -1.7326    0.2555
 3288 MIWGGDD   -9.0967  -10.8293   -1.7326    0.2555
 3289 MIWGGDD   -9.0967  -10.8293   -1.7326    0.2555
 3290 MIWGGDD   -9.0967  -10.8293   -1.7326    0.2555
 3291 MIWGGDD   -9.0967  -10.8293   -1.7326    0.2555
 3292 MIWGGDD   -9.0967  -10.8293   -1.7326    0.2555
 3293 MIWGGDD   -9.0967  -10.8293   -1.7326    0.2555
 3294 MIWGGDD   -9.0967  -10.8293   -1.7326    0.2555
 3295 MIWGGED   -8.1523  -10.2020   -2.0497    0.2555
 3296 MIWGGEE   -6.7722   -9.1391   -2.3669    0.2555
 3297 KIWGGEM   -4.8311   -6.1651   -1.3340    0.2555
 3298 KIWGGDV   -6.7290   -7.7512   -1.0223    0.2555
 3299 KFIGGDV   -4.1757   -6.0591   -1.8834    0.2555
 3300 KGIGFDF   -2.4020   -2.4640   -0.0620    0.2555
 3301 KGIGFDF   -2.4020   -2.4640   -0.0620    0.2555
 3302 DGIGWKF   -4.7498   -4.2307    0.5191    0.2555
 3303 DGIGWKF   -4.7498   -4.2307    0.5191    0.2555
 3304 DGIGWKF   -4.7498   -4.2307    0.5191    0.2555
 3305 DGIGVFK   -3.7981   -5.5701   -1.7720    0.2555
 3306 EGVGKFI   -4.0933   -6.1824   -2.0891    0.2555
 3307 IGLGKFD   -3.7258   -5.8018   -2.0760    0.2555
 3308 IGLGKFD   -3.7258   -5.8018   -2.0760    0.2555
 3309 VGKGLFD   -3.0764   -6.6381   -3.5617    0.2555
 3310 VEKGLFG   -2.0481   -6.0384   -3.9903    0.2555
 3311 VEKGLFG   -2.0481   -6.0384   -3.9903    0.2555
 3312 VEKGLFA   -2.0381   -6.1272   -4.0891    0.2555
 3313 VEKGLFA   -2.0381   -6.1272   -4.0891    0.2555
 3314 VEKGMFA   -3.4173   -7.0856   -3.6683    0.2555
 3315 VEKGFAM   -3.2465   -6.9147   -3.6683    0.2555
 3316 VEKGFAM   -3.2465   -6.9147   -3.6683    0.2555
 3317 VEKGLAM   -2.3843   -8.0665   -5.6823    0.2555
 3318 MEKGLFV   -6.1505   -7.7582   -1.6077    0.2555
 3319 VEKGFFV   -5.7162   -5.7153    0.0009    0.2555
 3320 FEKGFVV   -4.9829   -4.9820    0.0009    0.2555
 3321 FEKGFVV   -5.3333   -5.3324    0.0009    0.2555
 3322 FEKGFVV   -5.3333   -5.3324    0.0009    0.2555
 3323 IEKGFAV   -4.6062   -6.9056   -2.2994    0.2555
 3324 IDKGFAV   -3.8479   -5.8302   -1.9823    0.2555
 3325 KDIGFMV   -5.9756   -6.0364   -0.0609    0.2555
 3326 KDIGFAV   -4.9771   -6.9594   -1.9823    0.2555
 3327 KDIGFAL   -4.4361   -6.8338   -2.3977    0.2555
 3328 KEWGMAL   -2.0857   -5.3083   -3.2226    0.2555
 3329 KEMGWAL   -2.5426   -5.7651   -3.2226    0.2555
 3330 KLMGEAV   -4.5547  -10.1255   -5.5709    0.2555
 3331 KMLGEAV   -5.6216  -11.1925   -5.5709    0.2555
 3332 MKLGEAV   -7.5947  -13.0541   -5.4594    0.2555
 3333 MLKGEAL   -7.3014  -13.2876   -5.9863    0.2555
 3334 MLKGEAL   -7.3639  -13.3502   -5.9863    0.2555
 3335 VLKGEAL   -5.7571  -11.7488   -5.9917    0.2555
 3336 VLKGEAL   -5.7571  -11.7488   -5.9917    0.2555
 3337 KLWGEAV   -7.9741  -11.0906   -3.1166    0.2555
 3338 KLWGEAI   -7.6732  -10.8955   -3.2223    0.2555
 3339 KLWGEAV   -8.1346  -11.2512   -3.1166    0.2555
 3340 KLWGEAV   -8.1346  -11.2512   -3.1166    0.2555
 3341 KWLGVAE   -6.8175   -9.9341   -3.1166    0.2555
 3342 EWFGYAE   -2.8581   -5.5915   -2.7334    0.2555
 3343 IWFGDAE   -6.2545   -8.4356   -2.1811    0.2555
 3344 IWFGEAD   -7.1252   -9.3064   -2.1811    0.2555
 3345 IIGIAED   -5.0344   -6.6767   -1.6423    0.2555
 3346 IFGIADD   -6.4781   -7.5790   -1.1009    0.2555
 3347 IFGIADK   -5.6348   -6.2428   -0.6080    0.2555
 3348 IFGIADK   -5.3186   -5.9266   -0.6080    0.2608
 3349 IKGIADF   -6.4546   -6.8398   -0.3851    0.2608
 3350 IKGIADF   -6.4546   -6.8398   -0.3851    0.2608
 3351 MKGIADL   -5.0805   -8.8485   -3.7680    0.2608
 3352 IKGIADL   -6.5181   -8.9172   -2.3991    0.2608
 3353 IKGIADL   -7.3657   -9.7649   -2.3991    0.2608
 3354 IKGFADL   -5.7467   -7.9216   -2.1749    0.2608
 3355 IKGIADW   -7.8686   -9.4326   -1.5640    0.2608
 3356 IKGMAEW   -6.7580   -7.9680   -1.2100    0.2608
 3357 IKGMAEW   -6.7580   -7.9680   -1.2100    0.2608
 3358 IKGMAEW   -6.7580   -7.9680   -1.2100    0.2608
 3359 IKVGADW   -7.8828   -8.6697   -0.7869    0.2608
 3360 IKVGAEW   -8.1574   -9.2614   -1.1040    0.2608
 3361 IKVGAEW   -8.1574   -9.2614   -1.1040    0.2608
 3362 IKVGAEW   -8.1574   -9.2614   -1.1040    0.2608
 3363 IGKGVDW   -5.1331   -5.9326   -0.7994    0.2608
 3364 IVKGGEL   -5.2650   -9.4796   -4.2146    0.2608
 3365 IIKGGEL   -7.4395  -10.2798   -2.8403    0.2608
 3366 IKIGGEI   -8.2909   -9.2301   -0.9391    0.2608
 3367 IKIGGEI   -8.2909   -9.2301   -0.9391    0.2608
 3368 IIKGGEV   -6.1291   -8.5540   -2.4249    0.2608
 3369 VIIGGEE   -7.2788  -10.7365   -3.4577    0.2608
 3370 KIIGGVE   -8.6900  -11.1148   -2.4249    0.2608
 3371 KIIGGVE   -8.6900  -11.1148   -2.4249    0.2608
 3372 DIIGGVE   -5.5025   -8.4202   -2.9177    0.2608
 3373 KIIGGFE   -8.4093   -9.2356   -0.8263    0.2608
 3374 KIIGGFE   -8.4093   -9.2356   -0.8263    0.2608
 3375 KIIGGFD   -8.6649   -9.1740   -0.5091    0.2608
 3376 KIIGGFE   -8.6522   -9.4785   -0.8263    0.2608
 3377 KIIGGFE   -8.6522   -9.4785   -0.8263    0.2608
 3378 KIIGGFE   -8.6522   -9.4785   -0.8263    0.2608
 3379 KIIGGFE   -8.6522   -9.4785   -0.8263    0.2608
 3380 KIIGGVE   -8.8272  -11.2521   -2.4249    0.2608
 3381 KIIGGVE   -8.8272  -11.2521   -2.4249    0.2608
 3382 KIIGGVE   -8.8272  -11.2521   -2.4249    0.2608
 3383 KIIGGVE   -8.8272  -11.2521   -2.4249    0.2608
 3384 KIIGGVE   -8.8272  -11.2521   -2.4249    0.2608
 3385 KIIGGVE   -8.8272  -11.2521   -2.4249    0.2608
 3386 KIIGGVE   -8.8272  -11.2521   -2.4249    0.2608
 3387 KLIGGIE   -5.5881   -8.4284   -2.8403    0.2608
 3388 KIIGGEI   -7.9176   -8.9681   -1.0506    0.2608
 3389 KIIGGEI   -7.9176   -8.9681   -1.0506    0.2608
 3390 KIIGGEI   -7.9176   -8.9681   -1.0506    0.2608
 3391 KFIGGEI   -7.5616   -8.3879   -0.8263    0.2608
 3392 KFIGGEI   -7.5616   -8.3879   -0.8263    0.2608
 3393 KFIGGEW   -7.2878   -7.3086   -0.0209    0.2608
 3394 KFVGGDW   -5.8747   -6.6727   -0.7980    0.2608
 3395 KWFGGDW   -2.4166   -3.4749   -1.0583    0.2608
 3396 KWFGGDG   -0.5556   -4.6421   -4.0866    0.2608
 3397 KWFGGDA   -0.7458   -4.8198   -4.0740    0.2608
 3398 KWFGGID   -5.3173   -5.0210    0.2963    0.2608
 3399 KWFGGID   -5.3173   -5.0210    0.2963    0.2608
 3400 KWFGGID   -5.3173   -5.0210    0.2963    0.2608
 3401 KWFGGDI   -4.8118   -4.5155    0.2963    0.2608
 3402 KWFGGDI   -4.8118   -4.5155    0.2963    0.2608
 3403 KVFGGEW   -5.1931   -6.3082   -1.1151    0.2608
 3404 KVWGGEW   -6.7321   -6.9861   -0.2540    0.2608
 3405 KWVGGEW   -6.2041   -6.4581   -0.2540    0.2608
 3406 KWEGGVW   -4.3034   -4.5574   -0.2540    0.2608
 3407 KWEGGVW   -4.3034   -4.5574   -0.2540    0.2608
 3408 KWEGGVW   -4.3034   -4.5574   -0.2540    0.2608
 3409 KWEGGVW   -4.3034   -4.5574   -0.2540    0.2608
 3410 KEWGGVW   -6.6974   -7.0628   -0.3654    0.2608
 3411 KWWGGVE   -9.4596   -9.7136   -0.2540    0.2608
 3412 KWWGGVE   -9.4596   -9.7136   -0.2540    0.2608
 3413 DIWGGVE   -5.7815   -7.6138   -1.8323    0.2608
 3414 DVWGGIK   -6.0082   -7.0305   -1.0223    0.2608
 3415 DVLGGKI   -4.9177   -8.8151   -3.8974    0.2608
 3416 DVFGGKI   -5.6218   -7.5053   -1.8834    0.2608
 3417 DVMGGKI   -5.4326   -8.9091   -3.4766    0.2608
 3418 EVMGGKI   -6.4851  -10.2788   -3.7937    0.2608
 3419 EIMGGKI   -8.6416  -11.0610   -2.4194    0.2608
 3420 EIMGGKI   -8.6416  -11.0610   -2.4194    0.2608
 3421 EIMGGKI   -8.6416  -11.0610   -2.4194    0.2608
 3422 EIMGGKI   -8.6416  -11.0610   -2.4194    0.2608
 3423 EIMGGIK   -7.0521   -9.4716   -2.4194    0.2608
 3424 EIMGGKI   -8.1310  -10.5504   -2.4194    0.2608
 3425 EIMGGKI   -8.1310  -10.5504   -2.4194    0.2608
 3426 EFMGGKI   -5.7812   -7.9763   -2.1951    0.2608
 3427 EFIGGKI   -6.6238   -7.4501   -0.8263    0.2608
 3428 FIIGGKE   -7.1834   -8.2326   -1.0491    0.2608
 3429 FFIGGKE   -4.8625   -5.6874   -0.8249    0.2608
 3430 IKFGIGE   -6.9709   -7.5743   -0.6034    0.2608
 3431 IEIGFGK   -5.4930   -6.0964   -0.6034    0.2608
 3432 IEIGFGK   -5.4930   -6.0964   -0.6034    0.2608
 3433 IEIGWGK   -6.1834   -6.2856   -0.1023    0.2608
 3434 LEIGWGE   -4.7855   -7.1275   -2.3420    0.2608
 3435 EEIGWGL   -3.6277   -6.0811   -2.4534    0.2608
 3436 EEIGWGF   -3.4423   -4.1618   -0.7194    0.2608
 3437 EEIGWGI   -4.5675   -5.5912   -1.0237    0.2608
 3438 IEIGWGE   -6.0326   -6.9449   -0.9123    0.2608
 3439 IDIGIGD   -5.6153   -6.6187   -1.0034    0.2608
 3440 IEIGIGD   -5.9929   -7.3135   -1.3206    0.2608
 3441 IEIGIGD   -5.9929   -7.3135   -1.3206    0.2608
 3442 GDVGIIK   -3.9710   -5.9673   -1.9963    0.2608
 3443 GIKGDIV   -4.9312   -6.9275   -1.9963    0.2608
 3444 GIKGDIV   -4.8465   -6.8428   -1.9963    0.2608
 3445 GIKGDIM   -4.7329   -6.7238   -1.9909    0.2608
 3446 GIKGDIM   -4.7155   -6.7063   -1.9909    0.2608
 3447 GIKGIEF   -8.1692   -8.7727   -0.6034    0.2608
 3448 GIEGIKM   -7.6116   -9.8081   -2.1966    0.2608
 3449 GIEGIKM   -7.6116   -9.8081   -2.1966    0.2608
 3450 GIEGIKM   -7.6116   -9.8081   -2.1966    0.2608
 3451 GIEGIKV   -8.0554  -10.2574   -2.2020    0.2608
 3452 GIEGVEI   -5.1641   -8.1761   -3.0120    0.2608
 3453 GIEGVRI   -3.4462   -9.0122   -5.5660    0.2608
 3454 GIGEVEI   -5.0672   -8.0792   -3.0120    0.2608
 3455 GIGEVEI   -5.0672   -8.0792   -3.0120    0.2608
 3456 GIGDIEV   -4.1339   -6.8287   -2.6949    0.2608
 3457 GIGKIDV   -5.3198   -7.2047   -1.8849    0.2608
 3458 GVGIIDE   -7.2007  -10.1184   -2.9177    0.2608
 3459 GVGIIEE   -7.1737  -10.4086   -3.2349    0.2608
 3460 GVGIEEI   -6.2377   -9.3612   -3.1234    0.2608
 3461 GVGIEEI   -6.4840   -9.6075   -3.1234    0.2608
 3462 GVGIEEW   -6.8468   -8.8848   -2.0380    0.2608
 3463 GVGIEEW   -6.8468   -8.8848   -2.0380    0.2608
 3464 GVGMEEW   -5.1485   -8.5553   -3.4069    0.2608
 3465 GVGYEEF   -1.7276   -6.8219   -5.0943    0.2608
 3466 GVGYEEF   -1.4651   -6.5594   -5.0943    0.2608
 3467 GVGYEDF   -1.4101   -6.1872   -4.7771    0.2608
 3468 GDGYEVF    1.8702   -2.9069   -4.7771    0.2608
 3469 VDGYEGV    2.8447   -3.4196   -6.2643    0.2608
 3470 VDGYRGV    4.8919   -3.9264   -8.8183    0.2608
 3471 MDGIRGV   -0.3762   -6.9939   -6.6177    0.2608
 3472 MVGIRGD   -0.4649   -7.1941   -6.7291    0.2608
 3473 MVGIKGD   -6.6043   -9.9694   -3.3651    0.2608
 3474 MVGIKGD   -6.6043   -9.9694   -3.3651    0.2608
 3475 IVGIGDK   -5.7616   -7.8693   -2.1077    0.2608
 3476 GVGIIEK   -4.6963   -7.1211   -2.4249    0.2608
 3477 GVGIIEK   -4.6963   -7.1211   -2.4249    0.2608
 3478 GIGIEEI   -6.4092   -8.1583   -1.7491    0.2608
 3479 GIGIEEI   -6.4092   -8.1583   -1.7491    0.2608
 3480 GIGIEEI   -6.4092   -8.1583   -1.7491    0.2608
 3481 GIGFEEI   -4.6992   -6.2241   -1.5249    0.2608
 3482 GIGEMEI   -4.4975   -7.5040   -3.0066    0.2608
 3483 GIGEIDM   -5.4568   -8.1462   -2.6894    0.2608
 3484 GIGDIDM   -4.3353   -6.7075   -2.3723    0.2608
 3485 GIDGMDI   -4.6737   -7.0460   -2.3723    0.2608
 3486 GKIGIDI   -7.9319   -8.4425   -0.5106    0.2608
 3487 GKIGIDI   -7.9319   -8.4425   -0.5106    0.2608
 3488 GKIGIDI   -7.9319   -8.4425   -0.5106    0.2608
 3489 GKIGIDI   -7.9319   -8.4425   -0.5106    0.2608
 3490 GKIGDII   -7.1666   -7.7886   -0.6220    0.2608
 3491 GKIGDII   -7.1666   -7.7886   -0.6220    0.2608
 3492 GKIGEII   -8.3302   -9.2693   -0.9391    0.2608
 3493 GKIGEII   -8.3302   -9.2693   -0.9391    0.2608
 3494 GKIGEII   -8.3302   -9.2693   -0.9391    0.2608
 3495 GKIGEIW   -8.4875   -8.7012   -0.2137    0.2608
 3496 GKLGVID   -3.6079   -7.3939   -3.7860    0.2608
 3497 GKGFLID    0.4140   -1.8848   -2.2989    0.2608
 3498 IGGELDF    1.1567   -1.8407   -2.9974    0.2608
 3499 IDGELGL   -0.2180   -5.1180   -4.9000    0.2608
 3500 EDGMIGL   -0.7013   -5.4033   -4.7020    0.2608
 3501 KDGMLGF   -0.8333   -4.5010   -3.6677    0.2608
 3502 IDGMKGF   -3.5856   -5.2407   -1.6551    0.2608
 3503 FDGMKGI   -3.5803   -5.2355   -1.6551    0.2608
 3504 FDGMKGW   -4.1956   -4.7653   -0.5697    0.2608
 3505 FDGMKGW   -4.1956   -4.7653   -0.5697    0.2608
 3506 WDGIKGM   -3.1520   -3.9460   -0.7940    0.2608
 3507 LDIGKGM   -3.1774   -6.8465   -3.6691    0.2608
 3508 LDMGKGI   -4.9373   -8.6064   -3.6691    0.2608
 3509 LDIGKGM   -3.9799   -7.6490   -3.6691    0.2608
 3510 MMIGKGD   -4.6776   -8.1488   -3.4711    0.2608
 3511 MIIGKGD   -5.3044   -7.4067   -2.1023    0.2608
 3512 VILGDGD   -5.3912   -9.7815   -4.3903    0.2608
 3513 VILGDGE   -5.2544   -9.9619   -4.7074    0.2608
 3514 IVLGEMD   -7.6652   -9.9586   -2.2934    0.2608
 3515 IVLGEMD   -7.6652   -9.9586   -2.2934    0.2608
 3516 IVLGDEM   -7.0434   -9.4483   -2.4049    0.2608
 3517 IVLGEME   -6.5630   -9.1736   -2.6106    0.2608
 3518 IVLGVEE   -8.2272  -10.8746   -2.6474    0.2608
 3519 IVLGVDD   -8.2319  -10.2450   -2.0131    0.2608
 3520 LVIGVDD   -7.7426   -9.7558   -2.0131    0.2608
 3521 IVIGVDE   -8.1131   -9.2137   -1.1006    0.2608
 3522 VIIGVDK   -8.0706   -8.3611   -0.2906    0.2608
 3523 VIIGVKD   -9.0961   -9.3866   -0.2906    0.2608
 3524 VIKGVID   -8.4143   -8.5935   -0.1791    0.2608
 3525 VIKGVDI  -10.4105  -10.4782   -0.0677    0.2608
 3526 VLKGVDI  -10.0116  -11.3091   -1.2974    0.2608
 3527 VLKGVDI  -10.0116  -11.3091   -1.2974    0.2608
 3528 VLKGVDI  -10.0116  -11.3091   -1.2974    0.2608
 3529 VLKGVDI  -10.0116  -11.3091   -1.2974    0.2608
 3530 IIKGVDY   -7.8365   -7.3651    0.4714    0.2608
 3531 IIKGVEY   -8.2103   -8.0561    0.1543    0.2608
 3532 IIKGYEV   -7.4944   -7.3401    0.1543    0.2608
 3533 IVKGYEI   -7.9035   -7.7493    0.1543    0.2608
 3534 IVKGYEI   -7.9035   -7.7493    0.1543    0.2608
 3535 MIKGYEI   -8.7116   -8.5919    0.1197    0.2608
 3536 MIKGAEI   -6.8937   -9.1891   -2.2954    0.2608
 3537 ILKGAEI   -7.0065   -9.7228   -2.7163    0.2608
 3538 IIKGAEI   -7.4357   -8.3623   -0.9266    0.2608
 3539 VIKGAEI   -7.3223   -9.6232   -2.3009    0.2608
 3540 VIKGVEI   -6.9503   -7.3352   -0.3849    0.2608
 3541 VIKGVEI   -6.9503   -7.3352   -0.3849    0.2608
 3542 VIKGVEI   -6.8534   -7.2382   -0.3849    0.2608
 3543 VKIGVDI   -7.8562   -7.8124    0.0437    0.2608
 3544 VKIGVDI   -7.8562   -7.8124    0.0437    0.2608
 3545 VKVGVEL   -6.7868   -8.8643   -2.0774    0.2608
 3546 MKLGVEV   -6.8753   -8.9473   -2.0720    0.2608
 3547 KMLGVVE   -6.3858   -8.6807   -2.2949    0.2608
 3548 KMLGVVD   -6.6877   -8.6655   -1.9777    0.2608
 3549 KMLGVVD   -8.5751  -10.5528   -1.9777    0.2668
 3550 KMLGVVD   -8.5751  -10.5528   -1.9777    0.2668
 3551 KIFGVVD   -8.5656   -8.4405    0.1251    0.2668
 3552 KWFGVVD   -7.7321   -8.9615   -1.2294    0.2668
 3553 KWFGVVD   -7.7321   -8.9615   -1.2294    0.2668
 3554 KWFGVVE   -6.3926   -7.9392   -1.5466    0.2668
 3555 KVFGVVE   -7.8270   -8.1133   -0.2863    0.2668
 3556 KVFGEVV   -7.9376   -8.2239   -0.2863    0.2668
 3557 FVKGDVV   -7.5760   -7.5451    0.0309    0.2668
 3558 FKVGDMV  -10.2227  -10.0750    0.1477    0.2668
 3559 FKVGDMV  -10.2227  -10.0750    0.1477    0.2668
 3560 FKVGDMV  -10.2227  -10.0750    0.1477    0.2668
 3561 FRIGDMV   -8.2308  -11.4328   -3.2020    0.2668
 3562 FKVGDMV  -10.7749  -10.6272    0.1477    0.2668
 3563 FKVGDMV  -10.7749  -10.6272    0.1477    0.2668
 3564 FKVGDMV  -10.7749  -10.6272    0.1477    0.2668
 3565 FVKGDMV   -9.5699   -9.5336    0.0363    0.2668
 3566 FVKGDMV   -9.5699   -9.5336    0.0363    0.2668
 3567 FKMGDVV   -8.5920   -8.4443    0.1477    0.2668
 3568 FKDGVVF   -3.6296   -3.3116    0.3180    0.2668
 3569 FDFGVVD   -5.8666   -5.8186    0.0480    0.2668
 3570 FVFGVEE   -5.4742   -6.2834   -0.8091    0.2668
 3571 FFVGEEV   -6.1780   -6.9872   -0.8091    0.2668
 3572 FFVGEEM   -4.2322   -5.1160   -0.8837    0.2668
 3573 FFMGEKV   -5.1367   -5.2105   -0.0737    0.2668
 3574 FFMGEKV   -5.1367   -5.2105   -0.0737    0.2668
 3575 FFKGEMV   -6.6908   -6.6531    0.0377    0.2668
 3576 FFKGEMV   -6.6908   -6.6531    0.0377    0.2668
 3577 FFKGEMV   -6.6908   -6.6531    0.0377    0.2668
 3578 MFKGEFV   -6.9979   -6.9601    0.0377    0.2668
 3579 MEKGVFF   -5.9408   -6.0145   -0.0737    0.2668
 3580 MEKGVFY   -4.6665   -5.8797   -1.2131    0.2668
 3581 MEKGVFY   -4.6665   -5.8797   -1.2131    0.2668
 3582 MEKGVFY   -4.6665   -5.8797   -1.2131    0.2668
 3583 MEVGKLW   -5.1992   -8.2430   -3.0437    0.2668
 3584 MDVGELW   -3.3840   -6.9206   -3.5366    0.2668
 3585 MEVGELW   -3.5323   -7.3860   -3.8537    0.2668
 3586 EEMGALW   -1.0864   -5.1189   -4.0326    0.2668
 3587 EKMGGLI   -1.9324   -6.2530   -4.3206    0.2668
 3588 EKGMGII   -1.4812   -3.9006   -2.4194    0.2668
 3589 EKGIGVM   -2.2476   -6.0413   -3.7937    0.2668
 3590 KFGLGEM   -3.4861   -7.2481   -3.7620    0.2668
 3591 KFGLGEW   -5.1831   -6.4908   -1.3077    0.2668
 3592 KFGLGDL   -2.9491   -6.8148   -3.8657    0.2668
 3593 KFGLGEL   -3.7793   -7.9621   -4.1829    0.2668
 3594 KFGLGDY   -0.7635   -5.0346   -4.2711    0.2668
 3595 KFGWGDI   -5.5857   -5.0666    0.5191    0.2668
 3596 KFGWGDI   -5.5857   -5.0666    0.5191    0.2668
 3597 KFGWGDI   -5.5857   -5.0666    0.5191    0.2668
 3598 KFGWGDI   -5.5857   -5.0666    0.5191    0.2668
 3599 KFGWGDI   -5.5857   -5.0666    0.5191    0.2668
 3600 KFGWGDI   -5.5857   -5.0666    0.5191    0.2668
 3601 KWGWGDI   -3.9731   -5.1128   -1.1397    0.2668
 3602 KWGWGDI   -3.9731   -5.1128   -1.1397    0.2668
 3603 KWGFGID   -5.9321   -5.4130    0.5191    0.2668
 3604 KWGFGID   -5.9321   -5.4130    0.5191    0.2668
 3605 KWGLGID   -5.0312   -6.2461   -1.2149    0.2668
 3606 KLGIGLD   -4.7129   -8.8029   -4.0900    0.2668
 3607 KLGIGLD   -4.7129   -8.8029   -4.0900    0.2668
 3608 KLGIGMD   -4.8850   -8.5542   -3.6691    0.2668
 3609 EWGIGMD   -4.0883   -5.6923   -1.6040    0.2668
 3610 EWGIGMD   -4.0883   -5.6923   -1.6040    0.2668
 3611 DWGIGMD   -4.0309   -5.3178   -1.2869    0.2668
 3612 KGGIWMD   -7.5737   -8.7019   -1.1283    0.2668
 3613 KGGIWMD   -7.5737   -8.7019   -1.1283    0.2668
 3614 KGGIWMD   -7.5737   -8.7019   -1.1283    0.2668
 3615 KGGIWMD   -7.5737   -8.7019   -1.1283    0.2668
 3616 KGGIWMD   -7.5737   -8.7019   -1.1283    0.2668
 3617 KGGIWMD   -7.5737   -8.7019   -1.1283    0.2668
 3618 KGGIWMD   -7.5737   -8.7019   -1.1283    0.2668
 3619 KGGIWMD   -7.5737   -8.7019   -1.1283    0.2668
 3620 KGGIWME   -6.9719   -8.4173   -1.4454    0.2668
 3621 KGGIWME   -6.9719   -8.4173   -1.4454    0.2668
 3622 KGGIWME   -6.9719   -8.4173   -1.4454    0.2668
 3623 KGGIWME   -6.9719   -8.4173   -1.4454    0.2668
 3624 KWGIGMD   -7.8060   -8.6000   -0.7940    0.2668
 3625 KWGIGME   -7.0948   -8.2060   -1.1111    0.2668
 3626 KWGIGME   -7.0948   -8.2060   -1.1111    0.2668
 3627 KWGVGME   -5.5544   -8.0398   -2.4854    0.2668
 3628 KWGVGME   -5.5544   -8.0398   -2.4854    0.2668
 3629 KWGVGME   -5.5544   -8.0398   -2.4854    0.2668
 3630 KWGWGME   -6.8029   -6.8286   -0.0257    0.2668
 3631 KWGWGMD   -7.4455   -7.1541    0.2914    0.2668
 3632 KWGWGMD   -7.4455   -7.1541    0.2914    0.2668
 3633 KWGWGMD   -7.4455   -7.1541    0.2914    0.2668
 3634 KWGWGMD   -7.4455   -7.1541    0.2914    0.2668
 3635 KWGWGMD   -7.4455   -7.1541    0.2914    0.2668
 3636 KWGWGMD   -7.4455   -7.1541    0.2914    0.2668
 3637 KWGWGMD   -7.4455   -7.1541    0.2914    0.2668
 3638 KWGWGMD   -7.4455   -7.1541    0.2914    0.2668
 3639 KWGIGMD   -6.4651   -7.2591   -0.7940    0.2668
 3640 KWGIGMD   -6.4651   -7.2591   -0.7940    0.2668
 3641 KIGVGMD   -5.8265   -9.0802   -3.2537    0.2668
 3642 DIGVGMK   -3.0732   -6.3269   -3.2537    0.2668
 3643 DIGVGME   -2.7388   -6.8025   -4.0637    0.2668
 3644 MIDVGGD   -5.4710   -9.4405   -3.9694    0.2668
 3645 MVDIGGD   -4.9469   -8.9163   -3.9694    0.2668
 3646 MVEIGGD   -6.5451  -10.8317   -4.2866    0.2668
 3647 GVEIGMD   -6.3703  -10.4340   -4.0637    0.2668
 3648 GIEIGMD   -8.1679  -10.8573   -2.6894    0.2668
 3649 GIEIGMK   -8.3897  -10.5863   -2.1966    0.2668
 3650 GIEIGMK   -8.3897  -10.5863   -2.1966    0.2668
 3651 GIEIGMK   -8.3897  -10.5863   -2.1966    0.2668
 3652 GIEIGMK   -8.3897  -10.5863   -2.1966    0.2668
 3653 GKEMGMI   -5.4449   -9.2332   -3.7883    0.2668
 3654 GIEMGMK   -5.6336   -9.1991   -3.5654    0.2668
 3655 GIEMGMD   -5.5655   -9.6238   -4.0583    0.2668
 3656 GIEFGMD   -3.9574   -6.4226   -2.4651    0.2668
 3657 GIEFGMD   -3.9574   -6.4226   -2.4651    0.2668
 3658 GIELGMD   -5.1886   -9.6678   -4.4791    0.2668
 3659 GIELGMD   -5.1886   -9.6678   -4.4791    0.2668
 3660 GLEIGLD   -4.9028   -9.8028   -4.9000    0.2668
 3661 GLEIGFD   -3.3868   -6.2728   -2.8860    0.2668
 3662 GMLIGED   -5.8451  -10.6585   -4.8134    0.2668
 3663 GMLIGEE   -5.5600  -10.6906   -5.1306    0.2668
 3664 GMLIGEK   -5.6681   -9.9887   -4.3206    0.2668
 3665 GMLIGDK   -5.9551   -9.9585   -4.0034    0.2668
 3666 GMLKGDI   -4.9635   -8.7440   -3.7806    0.2668
 3667 GMLIGDK   -5.9375   -9.9409   -4.0034    0.2668
 3668 GLMIGDD   -6.1623  -10.6586   -4.4963    0.2668
 3669 GVMIGDD   -6.5397  -10.6205   -4.0809    0.2668
 3670 GVMVGDK   -5.2220  -10.1843   -4.9623    0.2668
 3671 GVMVGDE   -5.1628  -10.9351   -5.7723    0.2668
 3672 GIVVGDE   -7.7917  -12.1951   -4.4034    0.2668
 3673 GIVVGDE   -7.7917  -12.1951   -4.4034    0.2668
 3674 GIVIGDK   -9.7333  -11.9525   -2.2191    0.2668
 3675 GIIVGDK   -9.4150  -11.6342   -2.2191    0.2668
 3676 GIIVGDD   -9.6345  -12.3465   -2.7120    0.2668
 3677 GILVGDD   -8.2995  -12.8012   -4.5017    0.2668
 3678 GILVGDD   -8.2995  -12.8012   -4.5017    0.2668
 3679 GILVGDD   -8.2995  -12.8012   -4.5017    0.2668
 3680 GILVGDD   -8.2995  -12.8012   -4.5017    0.2668
 3681 GILVGDD   -8.2995  -12.8012   -4.5017    0.2668
 3682 GILVGDK   -8.0640  -12.0728   -4.0089    0.2668
 3683 GILIGDD   -9.7097  -12.8372   -3.1274    0.2668
 3684 GILIGDE   -9.3935  -12.8381   -3.4446    0.2668
 3685 GILIGDE   -9.3935  -12.8381   -3.4446    0.2668
 3686 GILVGDK   -8.0806  -12.0895   -4.0089    0.2668
 3687 GILVGDD   -8.5151  -13.0168   -4.5017    0.2668
 3688 GILVGDK   -8.2756  -12.2845   -4.0089    0.2668
 3689 DWLVGGK   -6.0723   -8.9957   -2.9234    0.2668
 3690 DWIYGVK   -3.5210   -4.4756   -0.9546    0.2668
 3691 DWLVGVK   -6.4224   -9.1859   -2.7634    0.2668
 3692 EWIVGVK   -4.2136   -6.0644   -1.8509    0.2668
 3693 EWVVGMK   -7.2143   -7.3140   -0.0997    0.2668
 3694 EWVVGMK   -7.2143   -7.3140   -0.0997    0.2668
 3695 EVIVGMK   -7.3125   -7.8176   -0.5051    0.2668
 3696 EIVVGLK   -8.3670  -10.0930   -1.7260    0.2668
 3697 AIVVGKE   -6.0543  -10.0637   -4.0094    0.2668
 3698 KWVVGAE   -4.8254   -7.5266   -2.7011    0.2668
 3699 KWVVGAD   -8.8248  -11.2088   -2.3840    0.2668
 3700 KGVVWAD   -8.5788  -11.0742   -2.4954    0.2668
 3701 KGVVWAD   -8.5788  -11.0742   -2.4954    0.2668
 3702 KGVVWVD   -9.4577   -9.2771    0.1806    0.2668
 3703 FGVVKID   -6.4973   -6.2607    0.2366    0.2668
 3704 FGVKVID   -6.2796   -6.0430    0.2366    0.2668
 3705 FGVKVID   -6.2796   -6.0430    0.2366    0.2668
 3706 FGVKVVD   -7.2591   -7.1169    0.1423    0.2668
 3707 FGVKDVV   -7.4080   -7.3772    0.0309    0.2668
 3708 FGVKDVV   -7.4080   -7.3772    0.0309    0.2668
 3709 FGVKDVV   -7.4080   -7.3772    0.0309    0.2668
 3710 DGVVFDM   -5.4212   -5.8777   -0.4566    0.2668
 3711 DGIVFDV   -4.5528   -4.9205   -0.3677    0.2668
 3712 DGIVFDV   -4.5528   -4.9205   -0.3677    0.2668
 3713 DGVIFDV   -5.7140   -6.0817   -0.3677    0.2668
 3714 DGVVFDI   -5.2444   -5.6122   -0.3677    0.2668
 3715 KGVVFDI   -7.9942   -7.8690    0.1251    0.2668
 3716 KGVVFDI   -7.9942   -7.8690    0.1251    0.2668
 3717 EGVVFID   -6.4297   -7.2260   -0.7963    0.2668
 3718 EGVVDIF   -5.0433   -5.7281   -0.6849    0.2668
 3719 EGDVVIF   -4.6538   -5.4500   -0.7963    0.2668
 3720 DMDGVIV   -2.7182   -3.3991   -0.6809    0.2668
 3721 DDGVVIM   -3.7322   -4.6359   -0.9037    0.2668
 3722 DIGVVDI   -4.6061   -5.1666   -0.5606    0.2668
 3723 DIVGVDI   -5.4793   -6.0399   -0.5606    0.2668
 3724 VVIGMKD   -9.2246   -9.5240   -0.2994    0.2668
 3725 VIVGMKD   -7.9136   -8.2131   -0.2994    0.2668
 3726 VVIGMKD   -8.7996   -9.0990   -0.2994    0.2668
 3727 IWVGMKD   -6.5382   -8.2579   -1.7197    0.2668
 3728 IWVGMED   -6.9099   -9.4396   -2.5297    0.2668
 3729 VWMGMEE   -8.3434   -9.4391   -1.0957    0.2668
 3730 DWMGMVE   -6.0396   -6.7067   -0.6671    0.2668
 3731 DWMGVVD   -6.4666   -6.7420   -0.2754    0.2668
 3732 DWVGVVD   -8.1666   -8.3675   -0.2009    0.2668
 3733 DVWGVVK   -9.2771   -8.9851    0.2920    0.2668
 3734 DVWGMVK   -9.4483   -9.2309    0.2174    0.2668
 3735 DVWGMVK   -9.4483   -9.2309    0.2174    0.2668
 3736 KVFGMVD   -8.1938   -8.1576    0.0363    0.2668
 3737 KVFGIVD   -7.5687   -7.4436    0.1251    0.2668
 3738 KVFGLVD   -6.9956   -8.1001   -1.1046    0.2668
 3739 KVMGLVE   -7.0738   -9.3687   -2.2949    0.2668
 3740 KVMGLVE   -7.0820   -9.3769   -2.2949    0.2668
 3741 KVMGIVE   -8.3702   -8.8753   -0.5051    0.2668
 3742 KVIGMVE   -9.0287   -9.5338   -0.5051    0.2668
 3743 KVIGVVE   -8.9929   -9.5035   -0.5106    0.2668
 3744 KVIGMVE   -9.0530   -9.5582   -0.5051    0.2668
 3745 KVIGVVE   -8.9871   -9.4977   -0.5106    0.2668
 3746 KFIGVVE  -10.2078  -10.3998   -0.1920    0.2668
 3747 KFIGVVD  -10.3542  -10.2290    0.1251    0.2668
 3748 KFIGVVD  -10.3542  -10.2290    0.1251    0.2668
 3749 KFIGVVD  -10.3542  -10.2290    0.1251    0.2668
 3750 KFIGVVD  -10.9409  -10.8158    0.1251    0.3177
 3751 KFIGVVD  -10.9409  -10.8158    0.1251    0.3177
 3752 KFIGVVD  -10.9409  -10.8158    0.1251    0.3177
 3753 KFVGVVD  -11.1298  -11.0989    0.0309    0.3177
 3754 KFMGVVD   -8.4273   -8.3911    0.0363    0.3177
 3755 KFMGVVD   -8.4273   -8.3911    0.0363    0.3177
 3756 KFMGVVD   -8.4273   -8.3911    0.0363    0.3177
 3757 KFMGVVD   -8.4273   -8.3911    0.0363    0.3177
 3758 KFMGVVD   -8.4273   -8.3911    0.0363    0.3177
 3759 DFMGVVK   -8.2712   -8.2349    0.0363    0.3177
 3760 KFMGVVD  -10.5853  -10.5490    0.0363    0.3177
 3761 KMVGMVD   -4.7889   -6.3457   -1.5569    0.3177
 3762 KMIGVMD   -6.9129   -7.0955   -0.1826    0.3177
 3763 MMIGVKD   -8.5415   -8.8355   -0.2940    0.3177
 3764 MKIGVMD   -9.9641  -10.0352   -0.0711    0.3177
 3765 MKIGVMD   -9.9641  -10.0352   -0.0711    0.3177
 3766 MKIGVMD   -9.9641  -10.0352   -0.0711    0.3177
 3767 MKIGVVD  -10.7231  -10.7997   -0.0766    0.3177
 3768 MKFGVVD  -10.1309   -9.9832    0.1477    0.3177
 3769 MKVGFVD   -8.7567   -8.6090    0.1477    0.3177
 3770 MKVGFDM   -6.2010   -5.9364    0.2646    0.3177
 3771 MKVGIMD   -8.6296   -8.7007   -0.0711    0.3177
 3772 MKVGIMD   -8.6296   -8.7007   -0.0711    0.3177
 3773 MKIGMID   -8.2075   -8.4243   -0.2169    0.3177
 3774 MKIGIMD   -9.0395   -9.2563   -0.2169    0.3177
 3775 MKIGIVD   -9.8108   -9.9531   -0.1423    0.3177
 3776 FKMGIVD   -8.6706   -8.5086    0.1620    0.3177
 3777 FKMGFVD   -7.7884   -7.3221    0.4663    0.3177
 3778 FKMGFVD   -7.7884   -7.3221    0.4663    0.3177
 3779 FKMGMVE   -7.5207   -7.6847   -0.1640    0.3177
 3780 MKFGVVE   -8.9917   -9.1611   -0.1694    0.3177
 3781 MKFGVVD  -10.1844  -10.0367    0.1477    0.3177
 3782 MKIGVVD  -10.8869  -10.9635   -0.0766    0.3177
 3783 MRIGVVD   -6.8628  -10.3034   -3.4406    0.3177
 3784 MRIGVVD   -6.8628  -10.3034   -3.4406    0.3177
 3785 MRVGIVD   -3.9170   -7.3576   -3.4406    0.3177
 3786 MRMGIVD   -3.2431   -6.6783   -3.4351    0.3177
 3787 FRMGVVD   -4.9065   -8.1228   -3.2163    0.3177
 3788 FRIGVDV   -4.4075   -7.4235   -3.0160    0.3177
 3789 FVIGREV   -1.6114   -5.2788   -3.6674    0.3177
 3790 DIVGFEV   -5.1895   -5.7629   -0.5734    0.3177
 3791 EDVGVIF   -3.6886   -4.4849   -0.7963    0.3177
 3792 EKFGVIV   -6.6331   -6.9366   -0.3034    0.3177
 3793 EKFGVIV   -7.1058   -7.4092   -0.3034    0.3177
 3794 EKFGVVV   -7.4807   -7.8784   -0.3977    0.3177
 3795 DKIGVVV   -7.4631   -7.7680   -0.3049    0.3177
 3796 VKIGVDL   -6.4816   -7.6676   -1.1860    0.3177
 3797 DLIGVVK   -7.0320   -8.4409   -1.4089    0.3177
 3798 DVFGVVK   -7.6092   -7.5783    0.0309    0.3177
 3799 DVFGVVD   -7.3554   -7.8174   -0.4620    0.3177
 3800 KVFGVVD   -9.0996   -9.0688    0.0309    0.3177
 3801 FKVGVVD  -10.1408   -9.9985    0.1423    0.3177
 3802 VKVGVID   -9.9165   -9.9985   -0.0820    0.3177
 3803 IKVGVID   -9.3367   -9.4045   -0.0677    0.3177
 3804 YKVGVIE   -6.6974   -7.9174   -1.2200    0.3177
 3805 IKVGVIE   -9.7640  -10.1489   -0.3849    0.3177
 3806 IKVGVIE   -9.7640  -10.1489   -0.3849    0.3177
 3807 IKVGVIE   -9.7801  -10.1649   -0.3849    0.3177
 3808 IKVGVIE   -9.7801  -10.1649   -0.3849    0.3177
 3809 IKGIVVE   -7.0453   -7.5416   -0.4963    0.3177
 3810 IKGIMVE   -6.7361   -7.3069   -0.5709    0.3177
 3811 IKGVMVE   -7.3328   -7.8379   -0.5051    0.3177
 3812 IKAVMVE   -7.7412   -8.3452   -0.6040    0.3177
 3813 IKAMEVM   -6.7019   -7.1891   -0.4871    0.3177
 3814 MKGIEVM   -9.9157  -10.3039   -0.3883    0.3177
 3815 MKGVDIM   -9.7472   -9.8183   -0.0711    0.3177
 3816 MKGMDVM  -10.1190  -11.5590   -1.4400    0.3177
 3817 MKGMELM   -9.4647  -11.6372   -2.1726    0.3177
 3818 MKGMEIM  -11.1181  -11.5010   -0.3829    0.3177
 3819 MKGMDIM  -10.9840  -11.0498   -0.0657    0.3177
 3820 MKGMDIM  -10.9840  -11.0498   -0.0657    0.3177
 3821 MKGMDIM  -10.9840  -11.0498   -0.0657    0.3177
 3822 MKGMEIM  -11.2404  -11.6233   -0.3829    0.3177
 3823 MKGMEIM  -11.2404  -11.6233   -0.3829    0.3177
 3824 MKGMEIM  -11.2404  -11.6233   -0.3829    0.3177
 3825 MKGMEIM  -11.2404  -11.6233   -0.3829    0.3177
 3826 MKGMEIM  -11.2404  -11.6233   -0.3829    0.3177
 3827 MKGMEIM  -11.2404  -11.6233   -0.3829    0.3177
 3828 MKGMEIM  -11.2404  -11.6233   -0.3829    0.3177
 3829 MKGMEIM  -11.2404  -11.6233   -0.3829    0.3177
 3830 MKGMEIM  -11.2404  -11.6233   -0.3829    0.3177
 3831 MKGMEIM  -11.2404  -11.6233   -0.3829    0.3177
 3832 MKGMDIM  -10.9720  -11.0377   -0.0657    0.3177
 3833 MKGMEIL   -9.2213  -10.9850   -1.7637    0.3177
 3834 MKGMEIL   -8.1943   -9.9580   -1.7637    0.3177
 3835 MKGVDIL   -8.4462   -9.8182   -1.3720    0.3177
 3836 MKGVDIL   -8.4462   -9.8182   -1.3720    0.3177
 3837 MKGVDVI   -9.1796   -9.2561   -0.0766    0.3177
 3838 MKGIDVV  -11.0740  -11.1506   -0.0766    0.3177
 3839 MKGIDVV  -11.0740  -11.1506   -0.0766    0.3177
 3840 MKGIDVV  -11.0740  -11.1506   -0.0766    0.3177
 3841 MKGMDVV   -9.7584  -11.2039   -1.4454    0.3177
 3842 MKGMEVM  -10.0572  -11.8144   -1.7571    0.3177
 3843 MKGMEVM  -10.0572  -11.8144   -1.7571    0.3177
 3844 MKGMEVM  -10.0572  -11.8144   -1.7571    0.3177
 3845 MKGIEVM  -11.2968  -11.6851   -0.3883    0.3177
 3846 MKGIEVM  -11.2968  -11.6851   -0.3883    0.3177
 3847 MKGIEVM  -11.2968  -11.6851   -0.3883    0.3177
 3848 MKGIEVM  -11.2968  -11.6851   -0.3883    0.3177
 3849 MKGIVDM  -10.3030  -10.3741   -0.0711    0.3177
 3850 MKGIFDA   -6.1696   -7.9236   -1.7540    0.3177
 3851 MKGIFAD   -6.7498   -8.6152   -1.8654    0.3177
 3852 MKGIFAD   -6.7498   -8.6152   -1.8654    0.3177
 3853 MKGWFAD   -6.1063   -6.8863   -0.7800    0.3177
 3854 MKGWFAD   -6.1063   -6.8863   -0.7800    0.3177
 3855 IKGWFAD   -6.5397   -7.9108   -1.3711    0.3177
 3856 IKGFIAD   -8.5649   -9.0615   -0.4966    0.3177
 3857 AIGFKID   -6.4206   -6.8057   -0.3851    0.3177
 3858 AIGVDIE   -5.8664   -8.6601   -2.7937    0.3177
 3859 AIGIEVD   -7.3467  -10.1405   -2.7937    0.3177
 3860 AVGIEVD   -6.4512  -10.6192   -4.1680    0.3177
 3861 MVAVEVD   -9.6202  -12.0913   -2.4711    0.3177
 3862 MVAVEVD   -9.6202  -12.0913   -2.4711    0.3177
 3863 MLAVEVD   -9.2400  -12.1265   -2.8866    0.3177
 3864 MMAVDVE   -6.5399   -9.0056   -2.4657    0.3177
 3865 AMMVDVE   -5.8132   -8.2790   -2.4657    0.3177
 3866 AMMVDVE   -5.8132   -8.2790   -2.4657    0.3177
 3867 AFMVDVD   -7.6911   -8.2465   -0.5554    0.3177
 3868 ADMVFIK   -2.4267   -4.1550   -1.7283    0.3177
 3869 GKAVFID   -4.1735   -6.1558   -1.9823    0.3177
 3870 GKAFFID   -3.3732   -3.7569   -0.3837    0.3177
 3871 GFAEFID   -4.2155   -5.2978   -1.0823    0.3177
 3872 GFAEFIE   -3.4875   -4.8869   -1.3994    0.3177
 3873 FFIEGAE    3.6155    2.2160   -1.3994    0.3177
 3874 DFIGFAE    2.0101    0.9279   -1.0823    0.3177
 3875 GDIIFAE   -4.4332   -5.8512   -1.4180    0.3177
 3876 ADIIFGE   -4.6746   -5.9812   -1.3066    0.3177
 3877 AEIIFEG   -3.7287   -5.3524   -1.6237    0.3177
 3878 AKIIFEG   -4.4157   -5.2294   -0.8137    0.3177
 3879 MKIIFGE   -5.5360   -7.6283   -2.0923    0.3177
 3880 MKIGFVE   -5.4876   -5.6427   -0.1551    0.3177
 3881 MKMGFVE   -7.4236   -7.5876   -0.1640    0.3177
 3882 MKMGEVF   -8.5739   -8.7379   -0.1640    0.3177
 3883 MKMGEVM   -7.8686   -9.6257   -1.7571    0.3177
 3884 MKIGEVM   -9.8065  -10.1948   -0.3883    0.3177
 3885 MMIGEIK  -10.0333  -10.6788   -0.6454    0.3177
 3886 MMMGEIK   -9.3065   -9.8008   -0.4943    0.3177
 3887 MMIGEID  -10.8888  -12.0271   -1.1383    0.3177
 3888 MMIGELD  -11.0185  -13.3865   -2.3680    0.3177
 3889 MMIGELD  -11.0185  -13.3865   -2.3680    0.3177
 3890 MMIGELD  -11.0185  -13.3865   -2.3680    0.3177
 3891 MMIGELD  -11.0185  -13.3865   -2.3680    0.3177
 3892 MMVGELD  -10.5585  -13.3408   -2.7823    0.3177
 3893 MMVGEID  -10.6894  -11.6820   -0.9926    0.3177
 3894 MFVGEMD   -8.4840   -9.2522   -0.7683    0.3177
 3895 MFMGEVD  -10.0342  -10.8025   -0.7683    0.3177
 3896 MFMGEVD  -10.0904  -10.8587   -0.7683    0.3177
 3897 MFMGEMD   -9.4207  -10.1836   -0.7629    0.3177
 3898 MFMGDMD   -8.3841   -8.8298   -0.4457    0.3177
 3899 MFMGEMD   -9.1745   -9.9374   -0.7629    0.3177
 3900 MFMGKMD   -6.5860   -6.5389    0.0471    0.3177
 3901 MEMGKMF   -5.0313   -5.1899   -0.1586    0.3177
 3902 MDGMFDM   -4.7955   -5.1297   -0.3343    0.3177
 3903 MDGFMEM   -5.4389   -6.0904   -0.6514    0.3177
 3904 MDFGMDM   -5.7808   -6.0037   -0.2229    0.3177
 3905 MDFGMDV   -5.7839   -6.0122   -0.2283    0.3177
 3906 MDFGFDV   -6.2085   -6.1237    0.0849    0.3177
 3907 MDVGFDF   -5.8961   -5.8112    0.0849    0.3177
 3908 MEVGFDF   -7.5120   -7.7443   -0.2323    0.3177
 3909 MEVGFDF   -7.5120   -7.7443   -0.2323    0.3177
 3910 MEVGFFE   -7.8228   -8.4837   -0.6609    0.3177
 3911 MKVGFVE   -9.5439   -9.7133   -0.1694    0.3177
 3912 MEVGFVE   -9.5073  -10.4867   -0.9794    0.3177
 3913 MEVGFVE   -9.5073  -10.4867   -0.9794    0.3177
 3914 MEVGFVK  -10.3876  -10.5571   -0.1694    0.3177
 3915 MEVGFVK  -10.3876  -10.5571   -0.1694    0.3177
 3916 MEVGFYK   -7.2744   -8.2647   -0.9903    0.3177
 3917 MEVGFWK   -7.3628   -8.8726   -1.5097    0.3177
 3918 MEVGFKW   -8.2423   -9.6406   -1.3983    0.3177
 3919 MEKGFVW   -6.5710   -8.3036   -1.7326    0.3177
 3920 MEKGFVF   -7.0429   -7.1167   -0.0737    0.3177
 3921 MEKGFVF   -7.0429   -7.1167   -0.0737    0.3177
 3922 MEKGFAW   -5.4986   -6.7072   -1.2086    0.3177
 3923 MEKGFAI   -4.7776   -7.0716   -2.2940    0.3177
 3924 MEKGFAI   -4.5581   -6.8521   -2.2940    0.3177
 3925 KEMGFAI   -5.1841   -7.4781   -2.2940    0.3177
 3926 KAIGFEL   -5.1401   -7.6321   -2.4920    0.3177
 3927 KAIGFEV   -6.4640   -8.5406   -2.0766    0.3177
 3928 KAVGFEI   -7.4093   -9.4859   -2.0766    0.3177
 3929 KIVGEFA   -4.8577   -7.0457   -2.1880    0.3177
 3930 KVIGFEA   -4.6730   -6.7495   -2.0766    0.3177
 3931 KALGFEV   -2.7049   -6.5712   -3.8663    0.3177
 3932 KAFGLEV   -3.7538   -7.6201   -3.8663    0.3177
 3933 KALGVEI   -3.2717   -7.3623   -4.0906    0.3177
 3934 KALGFEV   -3.1096   -6.9759   -3.8663    0.3177
 3935 KVVGLEV   -6.5687   -8.7576   -2.1889    0.3177
 3936 KVVGVVE  -10.3720  -12.2568   -1.8849    0.3177
 3937 KVFGEVV  -10.5007  -10.7869   -0.2863    0.3177
 3938 KVFGEVV  -10.5007  -10.7869   -0.2863    0.3177
 3939 KVFGDVV  -10.2362  -10.2054    0.0309    0.3177
 3940 KLFGDVV   -9.2595  -10.3641   -1.1046    0.3177
 3941 LKVGDVF   -7.5107   -8.5038   -0.9931    0.3177
 3942 FFKGDVV   -9.2894   -8.8599    0.4294    0.3177
 3943 FFKGEVV   -8.9397   -8.8274    0.1123    0.3177
 3944 FFKGEVV   -8.9397   -8.8274    0.1123    0.3177
 3945 FFKGDVV   -9.0318   -8.6024    0.4294    0.3177
 3946 FWKGDVV   -8.9288  -10.1582   -1.2294    0.3177
 3947 FVKGDVW   -7.1775   -8.4070   -1.2294    0.3177
 3948 DVKGFVW   -5.3655   -6.5950   -1.2294    0.3177
 3949 LVKGDVW   -5.3154   -8.0788   -2.7634    0.3177
 3950 LKVGDVW   -5.2062   -7.8582   -2.6520    0.3177
 3951 LKVGDVW   -7.5653  -10.2173   -2.6520    0.3187
 3952 YKVGDVW   -6.1792   -5.9967    0.1826    0.3187
 3953 YKVGDMW   -5.7315   -5.5435    0.1880    0.3187
 3954 GKFGDMW   -5.3855   -6.0667   -0.6811    0.3187
 3955 GKWGMDF   -6.9903   -7.5600   -0.5697    0.3187
 3956 GKWGDIF  -11.0297  -10.6219    0.4077    0.3187
 3957 AKWGDIG   -7.9630  -12.0384   -4.0754    0.3187
 3958 AKWGDIM  -11.1446  -12.0374   -0.8929    0.3187
 3959 AKWGDVM  -10.7082  -12.9753   -2.2671    0.3187
 3960 AKWGDVM  -10.7082  -12.9753   -2.2671    0.3187
 3961 AKWGDVM  -10.7082  -12.9753   -2.2671    0.3187
 3962 AKWGDVM  -10.7082  -12.9753   -2.2671    0.3187
 3963 AKWGDVM  -10.7082  -12.9753   -2.2671    0.3187
 3964 AKWGVVD   -9.5793  -11.8518   -2.2726    0.3187
 3965 AKWGVVD   -9.5793  -11.8518   -2.2726    0.3187
 3966 MKWGVVD  -12.1173  -11.7885    0.3289    0.3187
 3967 MKWGVVD  -12.1173  -11.7885    0.3289    0.3187
 3968 MKWGDVV  -13.2870  -12.9581    0.3289    0.3187
 3969 MKWGDVV  -13.2870  -12.9581    0.3289    0.3187
 3970 MKWGDVV  -13.2870  -12.9581    0.3289    0.3187
 3971 MKWGDVV  -13.2870  -12.9581    0.3289    0.3187
 3972 MKWGDVV  -13.2974  -12.9686    0.3289    0.3187
 3973 MKWGDVV  -13.2974  -12.9686    0.3289    0.3187
 3974 MKWGDVV  -13.2974  -12.9686    0.3289    0.3187
 3975 MKWGDVV  -13.2974  -12.9686    0.3289    0.3187
 3976 MKWGDVV  -13.2974  -12.9686    0.3289    0.3187
 3977 MKWGDVV  -13.2974  -12.9686    0.3289    0.3187
 3978 MKWGDVV  -13.2974  -12.9686    0.3289    0.3187
 3979 MKWGDVV  -13.2974  -12.9686    0.3289    0.3187
 3980 MKWGDVV  -13.2974  -12.9686    0.3289    0.3187
 3981 MKWGDVV  -13.2974  -12.9686    0.3289    0.3187
 3982 MKWGDVV  -13.2974  -12.9686    0.3289    0.3187
 3983 MKWGDVV  -13.2974  -12.9686    0.3289    0.3187
 3984 MKWGDVV  -13.2974  -12.9686    0.3289    0.3187
 3985 MKWGVVD  -12.0484  -11.7196    0.3289    0.3187
 3986 MKWGVVD  -12.0484  -11.7196    0.3289    0.3187
 3987 MKWGVVD  -12.0484  -11.7196    0.3289    0.3187
 3988 MKWGVVE  -10.8593  -10.8476    0.0117    0.3187
 3989 MKWGVVD  -11.9865  -11.6576    0.3289    0.3187
 3990 MKWGVVD  -11.9865  -11.6576    0.3289    0.3187
 3991 MKWGVVD  -11.9865  -11.6576    0.3289    0.3187
 3992 MKWGVVD  -11.9865  -11.6576    0.3289    0.3187
 3993 MKGWVVD   -8.8629   -8.6454    0.2174    0.3187
 3994 MKGWVVD   -8.8629   -8.6454    0.2174    0.3187
 3995 MKGWVVD   -8.8629   -8.6454    0.2174    0.3187
 3996 MKGWVVD   -8.8629   -8.6454    0.2174    0.3187
 3997 MKGWVVD   -8.8629   -8.6454    0.2174    0.3187
 3998 MKGWVVD   -8.8629   -8.6454    0.2174    0.3187
 3999 MKGWVVD   -8.8629   -8.6454    0.2174    0.3187
 4000 MKGWDVV  -10.4874  -10.1585    0.3289    0.3187
 4001 MKGWDVV  -10.4874  -10.1585    0.3289    0.3187
 4002 MKGFDVV   -9.4285   -9.2808    0.1477    0.3187
 4003 MKVADAV   -6.9656  -11.7913   -4.8257    0.3187
 4004 LKVYDGV   -7.1795   -9.8721   -2.6926    0.3187
 4005 LKYLDGV   -5.9603   -9.0683   -3.1080    0.3187
 4006 LKVYDGV   -7.5866  -10.2792   -2.6926    0.3187
 4007 KLVLDGV   -7.9609  -10.5994   -2.6386    0.3187
 4008 KLVIDGV   -9.6646  -11.0735   -1.4089    0.3187
 4009 KLVIDGV   -9.6646  -11.0735   -1.4089    0.3187
 4010 LKVIDGV   -9.6958  -10.9933   -1.2974    0.3187
 4011 IKVVDGI  -11.3223  -11.3900   -0.0677    0.3187
 4012 VKVVDGI  -11.5320  -11.6140   -0.0820    0.3187
 4013 VKVVEAI  -11.5922  -12.0902   -0.4980    0.3187
 4014 VKVVEAI  -11.5922  -12.0902   -0.4980    0.3187
 4015 VKVWEAV  -10.3178  -12.0104   -1.6926    0.3187
 4016 VVVWAEK   -5.1469   -7.1738   -2.0269    0.3187
 4017 VVVWMDK   -5.4805   -8.9488   -3.4683    0.3187
 4018 VVVWMDK   -5.4805   -8.9488   -3.4683    0.3187
 4019 VVVWGDD  -10.0395  -10.4632   -0.4237    0.3187
 4020 VVVWGDD  -10.0395  -10.4632   -0.4237    0.3187
 4021 VVVWGDD  -10.0395  -10.4632   -0.4237    0.3187
 4022 VVVWGDD  -10.0395  -10.4632   -0.4237    0.3187
 4023 VVVWGDE   -9.8751  -10.6159   -0.7409    0.3187
 4024 VVVWGDE   -9.8751  -10.6159   -0.7409    0.3187
 4025 VVVWGDE  -10.4001  -11.1409   -0.7409    0.3187
 4026 VVVWGDE  -10.4001  -11.1409   -0.7409    0.3187
 4027 VVVWGDE  -10.4001  -11.1409   -0.7409    0.3187
 4028 VMVWGDK   -8.7020   -8.7074   -0.0054    0.3187
 4029 VMVIGDK   -8.1190   -8.5298   -0.4109    0.3187
 4030 VMVIGKE   -8.2103   -8.9383   -0.7280    0.3187
 4031 VMMIGKE   -7.2153   -7.9378   -0.7226    0.3187
 4032 VMMIGKE   -7.2153   -7.9378   -0.7226    0.3187
 4033 VMMIGDE   -7.8165   -9.0319   -1.2154    0.3187
 4034 VMMIGDE   -7.8165   -9.0319   -1.2154    0.3187
 4035 VMMIGDE   -7.8165   -9.0319   -1.2154    0.3187
 4036 VMIIGDE   -9.4230  -10.7096   -1.2866    0.3187
 4037 IIVIGDE   -7.3616  -10.3993   -3.0377    0.3187
 4038 LIVIGDE   -6.3342  -10.6016   -4.2674    0.3187
 4039 LIVMGDE   -7.7627  -10.2790   -2.5163    0.3187
 4040 LIVYGDE   -5.5159   -7.9784   -2.4626    0.3187
 4041 LYVIGED   -3.0624   -5.5250   -2.4626    0.3187
 4042 LYVIGED   -3.0624   -5.5250   -2.4626    0.3187
 4043 FMDIGEV   -1.8041   -2.4521   -0.6480    0.3187
 4044 FMKIGEV   -3.1817   -3.3369   -0.1551    0.3187
 4045 LMKIGEV   -2.1691   -3.8582   -1.6891    0.3187
 4046 IMEVGEV   -5.1214   -6.3251   -1.2037    0.3187
 4047 IEMVGKV   -3.6949   -4.0887   -0.3937    0.3187
 4048 IMEVGKV   -4.8716   -5.2653   -0.3937    0.3187
 4049 IKEVGMV   -4.9188   -5.4240   -0.5051    0.3187
 4050 MKEVGMV   -5.9391   -7.8131   -1.8740    0.3187
 4051 MKEVGML   -4.6762   -6.9657   -2.2894    0.3187
 4052 MKEVGML   -4.6762   -6.9657   -2.2894    0.3187
 4053 MKEVGMF   -5.6052   -5.8806   -0.2754    0.3187
 4054 MKDVGMF   -5.3851   -5.3434    0.0417    0.3187
 4055 MKDVGMF   -5.3851   -5.3434    0.0417    0.3187
 4056 MKDVGMF   -7.1232   -7.0815    0.0417    0.3187
 4057 MKDMGVF   -8.0542   -8.0125    0.0417    0.3187
 4058 MKVVGDL   -9.4520  -11.3182   -1.8663    0.3187
 4059 MKVVGDW  -11.1907  -10.8619    0.3289    0.3187
 4060 MKDVGVW  -10.2899  -10.0724    0.2174    0.3187
 4061 MKDVGVW  -10.2899  -10.0724    0.2174    0.3187
 4062 MEVVGDW   -8.6384   -9.1196   -0.4811    0.3187
 4063 MEVVGDW   -8.6384   -9.1196   -0.4811    0.3187
 4064 MVVEGDF   -7.3546   -8.1283   -0.7737    0.3187
 4065 MIVFGDE   -7.5171   -8.4994   -0.9823    0.3187
 4066 MIVFGDD   -9.4914  -10.1565   -0.6651    0.3187
 4067 MFVIGDD   -9.2552   -9.9204   -0.6651    0.3187
 4068 MIDVGVD  -10.1090  -10.6784   -0.5694    0.3187
 4069 MIDVGVD  -10.1090  -10.6784   -0.5694    0.3187
 4070 MIDVGVD  -10.1185  -10.6879   -0.5694    0.3187
 4071 MIDMGVD   -9.5358  -10.0998   -0.5640    0.3187
 4072 MIDLGVD   -9.2961  -11.1610   -1.8649    0.3187
 4073 MILDGVD   -9.5798  -11.5561   -1.9763    0.3187
 4074 MIDLGVD   -9.7691  -11.6339   -1.8649    0.3187
 4075 MIDLGVD   -9.7691  -11.6339   -1.8649    0.3187
 4076 MMDLGVD   -7.8026  -10.1563   -2.3537    0.3187
 4077 MMDIGVD   -8.8026   -9.3666   -0.5640    0.3187
 4078 MMDLGDV   -5.9614   -8.3151   -2.3537    0.3187
 4079 MLEVGDV   -7.7057  -10.3820   -2.6763    0.3187
 4080 MLEVGDM   -7.0655   -9.7363   -2.6709    0.3187
 4081 MIEDGVM   -6.8160   -7.9200   -1.1040    0.3187
 4082 MIEEGVF   -6.8374   -8.0254   -1.1880    0.3187
 4083 MIEEGVL   -6.7709   -9.4929   -2.7220    0.3187
 4084 MLEEGVV   -6.6477   -9.8639   -3.2163    0.3187
 4085 MIEEGVV   -8.4791   -9.9056   -1.4266    0.3187
 4086 MIEVGEV   -9.7653  -10.9690   -1.2037    0.3187
 4087 MIKVGEV   -9.2057   -9.5995   -0.3937    0.3187
 4088 MIKVGEV   -9.2057   -9.5995   -0.3937    0.3187
 4089 MIEVGVE  -10.4268  -11.6305   -1.2037    0.3187
 4090 EIEVGVM   -7.3124   -8.5161   -1.2037    0.3187
 4091 MVKVGVE   -7.4819   -9.2499   -1.7680    0.3187
 4092 FKVVGVE   -9.5415   -9.7163   -0.1749    0.3187
 4093 FKVIGVD  -10.7395  -10.5029    0.2366    0.3187
 4094 FKVIGVD  -10.7395  -10.5029    0.2366    0.3187
 4095 FKVIGVD  -10.8235  -10.5869    0.2366    0.3187
 4096 MKVIGVD  -11.9970  -12.0736   -0.0766    0.3187
 4097 MVKIGVD   -9.6465   -9.7231   -0.0766    0.3187
 4098 MIKIGVD  -10.1639  -10.3062   -0.1423    0.3187
 4099 MIKIGVD  -10.1639  -10.3062   -0.1423    0.3187
 4100 MIKIGVD  -10.1639  -10.3062   -0.1423    0.3187
 4101 MKIIGVD   -8.2216   -8.3639   -0.1423    0.3187
 4102 MKIIGVD   -8.2216   -8.3639   -0.1423    0.3187
 4103 MKMVGID   -7.5329   -7.6041   -0.0711    0.3187
 4104 MKMVGID   -7.5329   -7.6041   -0.0711    0.3187
 4105 DKMVGMI   -5.1461   -5.4401   -0.2940    0.3187
 4106 EKMVGMI   -5.1932   -5.8044   -0.6111    0.3187
 4107 MIEVGME   -6.6011   -7.7994   -1.1983    0.3187
 4108 AIKVGME   -5.2192   -8.8889   -3.6697    0.3187
 4109 FIKVGVE   -7.3338   -7.4144   -0.0806    0.3187
 4110 FIEVGVE   -7.3481   -8.2386   -0.8906    0.3187
 4111 FIEVGVE   -7.3481   -8.2386   -0.8906    0.3187
 4112 AIVDGVD   -5.4328   -9.3951   -3.9623    0.3187
 4113 AIIEGVD   -6.9226   -9.8277   -2.9051    0.3187
 4114 AIIEGVK   -6.4646   -8.8769   -2.4123    0.3187
 4115 IWIEGAK   -4.1207   -6.1133   -1.9926    0.3187
 4116 IIEEGAW   -3.0307   -5.9447   -2.9140    0.3187
 4117 IEIEGAW   -3.6177   -6.3088   -2.6911    0.3187
 4118 IKIEGAW   -6.2327   -8.1138   -1.8811    0.3187
 4119 KIIEGAW   -6.4400   -8.4325   -1.9926    0.3187
 4120 KIIEGAL   -5.9988   -8.8265   -2.8277    0.3187
 4121 EILEGAI   -4.5037   -8.1414   -3.6377    0.3187
 4122 KILIGAE   -8.4716  -11.2993   -2.8277    0.3187
 4123 KIMIGAE   -8.4337  -10.8406   -2.4069    0.3187
 4124 KIMIGAD   -9.2225  -11.3122   -2.0897    0.3187
 4125 KIMIGVD  -10.3464  -10.6001   -0.2537    0.3187
 4126 KVMIGVD   -9.3665   -9.5545   -0.1880    0.3187
 4127 DVKIGVM   -6.4174   -6.4939   -0.0766    0.3187
 4128 MMKIGVD   -8.6804   -8.7516   -0.0711    0.3187
 4129 MMEIGVD   -7.9058   -8.7870   -0.8811    0.3187
 4130 MYVIGED   -5.2453   -7.2870   -2.0417    0.3187
 4131 MYVIGED   -5.2453   -7.2870   -2.0417    0.3187
 4132 MYVIGDD   -5.7572   -7.4817   -1.7246    0.3187
 4133 MYVIGDD   -5.7572   -7.4817   -1.7246    0.3187
 4134 MLVIGDD   -8.0545  -10.2536   -2.1991    0.3187
 4135 MLDIGVD   -6.6104   -8.4752   -1.8649    0.3187
 4136 GGDIFVD   -2.6839   -5.1716   -2.4877    0.3187
 4137 GGVIFDD   -5.0364   -7.6356   -2.5991    0.3187
 4138 GGVEFDI   -2.8392   -5.4212   -2.5820    0.3187
 4139 GGVIEDF   -3.5802   -6.3851   -2.8049    0.3187
 4140 GEVLIDL   -2.5692   -7.8435   -5.2743    0.3187
 4141 GEVILDL   -2.9330   -8.2073   -5.2743    0.3187
 4142 GEVIYKL   -2.5723   -4.3192   -1.7469    0.3187
 4143 GELIEVY   -5.9293   -8.4861   -2.5569    0.3187
 4144 GELIKVY   -6.7859   -8.5328   -1.7469    0.3187
 4145 GELIKMY   -6.4621   -8.2035   -1.7414    0.3187
 4146 GELIKMY   -6.4621   -8.2035   -1.7414    0.3187
 4147 GKLIEMY   -9.0630  -10.8044   -1.7414    0.3187
 4148 GKLIDMY   -7.7708   -9.1951   -1.4243    0.3187
 4149 GKLIEMY   -8.4645  -10.2059   -1.7414    0.3187
 4150 GKLIEMY   -8.4645  -10.2059   -1.7414    0.3187
 4151 GKLIEMY   -8.4645  -10.2059   -1.7414    0.3187
 4152 GKIIEMM  -10.1345  -10.7799   -0.6454    0.3187
 4153 GKIIEAM   -8.4749  -10.8818   -2.4069    0.3187
 4154 GKIIEAM   -8.4749  -10.8818   -2.4069    0.3187
 4155 GKIIEAM  -10.1141  -12.5210   -2.4069    0.3194
 4156 GKVIEAI   -9.3269  -11.7392   -2.4123    0.3194
 4157 GKVVDAI   -6.3150   -9.7845   -3.4694    0.3194
 4158 IKLVEAI   -7.8528  -13.0720   -5.2191    0.3194
 4159 IKLVEAI   -7.8528  -13.0720   -5.2191    0.3194
 4160 IKIVEAI   -9.3729  -13.3624   -3.9894    0.3194
 4161 MKMVEAI  -11.9601  -12.4472   -0.4871    0.3194
 4162 MKVMEAI  -11.9670  -12.4542   -0.4871    0.3194
 4163 MKVMEAI  -11.9670  -12.4542   -0.4871    0.3194
 4164 MKVMEAI  -11.9670  -12.4542   -0.4871    0.3194
 4165 IKVMEAM  -11.8455  -12.3326   -0.4871    0.3194
 4166 IKVMEAM  -11.8455  -12.3326   -0.4871    0.3194
 4167 IKVMEAV  -11.7762  -12.2688   -0.4926    0.3194
 4168 IKVMEAV  -11.7762  -12.2688   -0.4926    0.3194
 4169 VKVMEAV  -10.6602  -12.5270   -1.8669    0.3194
 4170 VKVLEAV  -10.9012  -13.1889   -2.2877    0.3194
 4171 VKVLEAV  -10.9012  -13.1889   -2.2877    0.3194
 4172 VKVLEAV  -10.9012  -13.1889   -2.2877    0.3194
 4173 VKVLEAV  -10.8931  -13.1808   -2.2877    0.3194
 4174 VKVLEAV  -10.8929  -13.1806   -2.2877    0.3194
 4175 VKVLEAV  -10.8929  -13.1806   -2.2877    0.3194
 4176 VVKLDAV   -6.7474   -8.7179   -1.9706    0.3194
 4177 VKDVVAV   -8.6733  -10.4513   -1.7780    0.3194
 4178 KVVVADV   -9.3357  -11.0023   -1.6666    0.3194
 4179 KVVAVDV   -8.7279  -10.3945   -1.6666    0.3194
 4180 AVVKVDW   -7.3898   -8.7652   -1.3754    0.3194
 4181 GKVMVEW   -6.9855   -7.0852   -0.0997    0.3194
 4182 GKMVVEW   -7.8151   -7.9148   -0.0997    0.3194
 4183 GKVVMEV   -7.7075   -9.5869   -1.8794    0.3194
 4184 GKEVMLV   -7.0874   -9.6051   -2.5177    0.3194
 4185 GKVVMME   -8.9068  -10.8922   -1.9854    0.3194
 4186 GKVVMME   -8.9068  -10.8922   -1.9854    0.3194
 4187 GKVVMME   -8.9068  -10.8922   -1.9854    0.3194
 4188 GKVVMME   -8.9068  -10.8922   -1.9854    0.3194
 4189 GKVVMEM   -8.2223  -10.0963   -1.8740    0.3194
 4190 GKIVDMM   -9.6284   -9.8110   -0.1826    0.3194
 4191 GKIVDMM   -9.6284   -9.8110   -0.1826    0.3194
 4192 GKIVMDM  -10.0177  -10.2003   -0.1826    0.3194
 4193 GKIVMDV  -10.1304  -10.3184   -0.1880    0.3194
 4194 GKIVMDV  -10.1304  -10.3184   -0.1880    0.3194
 4195 GKIVMDV  -10.1304  -10.3184   -0.1880    0.3194
 4196 GKVIEMV   -9.6552  -10.1603   -0.5051    0.3194
 4197 GKVIEVV   -9.5407  -10.0512   -0.5106    0.3194
 4198 GKVIEVV   -9.5407  -10.0512   -0.5106    0.3194
 4199 GDVIKVM   -7.9802   -8.1682   -0.1880    0.3194
 4200 GDVVKMI   -9.1020   -9.2900   -0.1880    0.3194
 4201 GDVVKMI   -9.1020   -9.2900   -0.1880    0.3194
 4202 GFVVKMD   -8.6507   -8.6144    0.0363    0.3194
 4203 GFVVEMD   -8.8019   -9.5757   -0.7737    0.3194
 4204 GFVVEMD   -8.8019   -9.5757   -0.7737    0.3194
 4205 GFVVEMD   -8.8019   -9.5757   -0.7737    0.3194
 4206 GFVVEMD   -8.8019   -9.5757   -0.7737    0.3194
 4207 GFVVEMD   -8.8019   -9.5757   -0.7737    0.3194
 4208 GMVVFEK   -6.7108   -7.2145   -0.5037    0.3194
 4209 GMVVFDD   -7.7629   -8.4423   -0.6794    0.3194
 4210 GIVVWED   -7.0182   -9.5848   -2.5666    0.3194
 4211 GIVVWED   -7.0182   -9.5848   -2.5666    0.3194
 4212 GIVVWED   -7.0182   -9.5848   -2.5666    0.3194
 4213 GVVKWID   -3.4532   -4.9869   -1.5337    0.3194
 4214 GVIKYVD   -4.3170   -5.3313   -1.0143    0.3194
 4215 GIVKMVD   -7.0138   -7.2018   -0.1880    0.3194
 4216 GIDLMVK   -5.6872   -7.1707   -1.4834    0.3194
 4217 GMLDMVK   -4.4890   -6.4612   -1.9723    0.3194
 4218 GDLVMVE   -5.6394   -8.5385   -2.8991    0.3194
 4219 GDVVLLE   -3.6290   -7.1890   -3.5600    0.3194
 4220 GDLLLVE   -1.1087   -7.7241   -6.6154    0.3194
 4221 GLLLEAD   -3.6479  -10.5479   -6.9000    0.3194
 4222 GLLLEAD   -3.6479  -10.5479   -6.9000    0.3194
 4223 GLLAELD   -3.0981   -9.9981   -6.9000    0.3194
 4224 GLLAELD   -3.0981   -9.9981   -6.9000    0.3194
 4225 GLIAEYE   -4.2525  -10.0854   -5.8329    0.3194
 4226 GLIADYE   -3.1021   -8.6178   -5.5157    0.3194
 4227 GLLADYD   -2.7103   -9.6986   -6.9883    0.3194
 4228 GLMLDDA   -1.2104   -7.4838   -6.2734    0.3194
 4229 GLMLDEA   -0.7239   -7.3144   -6.5906    0.3194
 4230 GLMLDEM   -3.3501   -7.0592   -3.7091    0.3194
 4231 GLMLMDE   -4.1406   -7.9612   -3.8206    0.3194
 4232 GLMGMKE   -2.1714   -7.7494   -5.5780    0.3194
 4233 GLMGMKD   -2.6031   -7.8640   -5.2609    0.3194
 4234 GLVGMED   -4.2263  -10.3026   -6.0763    0.3194
 4235 GLVGMED   -4.2263  -10.3026   -6.0763    0.3194
 4236 GLVGMED   -4.2263  -10.3026   -6.0763    0.3194
 4237 MLVGGKD   -5.0773  -10.5665   -5.4891    0.3194
 4238 MIVGGED   -6.7305  -11.2399   -4.5094    0.3194
 4239 MIVGGED   -6.6804  -11.1899   -4.5094    0.3194
 4240 MIVGGDE   -5.8355  -10.3449   -4.5094    0.3194
 4241 MIVGGDE   -5.9331  -10.4425   -4.5094    0.3194
 4242 MIVGGDE   -5.9331  -10.4425   -4.5094    0.3194
 4243 MIIGGDE   -7.2562  -10.3913   -3.1351    0.3194
 4244 MIIGGDE   -7.2562  -10.3913   -3.1351    0.3194
 4245 MIFGGDE   -5.7496   -8.6605   -2.9109    0.3194
 4246 MIFGGDE   -5.7440   -8.6548   -2.9109    0.3194
 4247 MIFGGDK   -4.8098   -6.9107   -2.1009    0.3194
 4248 MIFGGDD   -6.7869   -9.3806   -2.5937    0.3194
 4249 MFIGGDD   -7.3300   -9.9237   -2.5937    0.3194
 4250 MFIGGED   -7.0823   -9.9932   -2.9109    0.3194
 4251 MIIGGED   -7.3636  -10.4987   -3.1351    0.3194
 4252 MIIGGED   -7.3636  -10.4987   -3.1351    0.3194
 4253 MIIGGED   -7.3636  -10.4987   -3.1351    0.3194
 4254 MIIGGED   -7.3636  -10.4987   -3.1351    0.3194
 4255 MIMGGED   -6.2240  -10.7280   -4.5040    0.3194
 4256 MIWGGED   -7.5304   -9.5801   -2.0497    0.3194
 4257 MIWGGED   -7.5304   -9.5801   -2.0497    0.3194
 4258 MIWGGED   -7.5304   -9.5801   -2.0497    0.3194
 4259 MIIGGDD   -8.0312  -10.8492   -2.8180    0.3194
 4260 MIGIGDD   -7.4719  -10.0670   -2.5951    0.3194
 4261 FIGIGDD   -6.9664   -7.9684   -1.0020    0.3194
 4262 LDGIGDI    1.0645   -1.7287   -2.7931    0.3194
 4263 EIGIGLD   -3.4322   -6.5425   -3.1103    0.3194
 4264 RIGIGLD   -3.4221   -9.0864   -5.6643    0.3194
 4265 RIGIGLE   -1.7872   -7.7687   -5.9814    0.3194
 4266 KIGIGLE   -3.9514   -6.5688   -2.6174    0.3194
 4267 KIGIGLE   -3.9514   -6.5688   -2.6174    0.3194
 4268 KIGIGLD   -6.1494   -8.4497   -2.3003    0.3194
 4269 KIGIGLD   -6.1494   -8.4497   -2.3003    0.3194
 4270 KIGIGLD   -6.1494   -8.4497   -2.3003    0.3194
 4271 KIGIGLD   -6.1494   -8.4497   -2.3003    0.3194
 4272 KIGIGLD   -6.1494   -8.4497   -2.3003    0.3194
 4273 KIGIGLD   -6.1494   -8.4497   -2.3003    0.3194
 4274 KIGIGLD   -6.1494   -8.4497   -2.3003    0.3194
 4275 KIGIGLD   -6.1494   -8.4497   -2.3003    0.3194
 4276 KIGIGLD   -6.1494   -8.4497   -2.3003    0.3194
 4277 KIGIGVE   -5.9396   -8.1416   -2.2020    0.3194
 4278 KIGIGVE   -5.9161   -8.1181   -2.2020    0.3194
 4279 KIGIGVD   -6.6358   -8.5207   -1.8849    0.3194
 4280 KIGIGVD   -6.6358   -8.5207   -1.8849    0.3194
 4281 KVIGGVD   -5.2174   -8.6994   -3.4820    0.3194
 4282 KFVGGID   -4.0793   -5.9628   -1.8834    0.3194
 4283 KIVGGFD   -7.3367   -9.2202   -1.8834    0.3194
 4284 KIIGGFD   -9.3696   -9.8787   -0.5091    0.3194
 4285 KIIGGFD   -9.3696   -9.8787   -0.5091    0.3194
 4286 KIIGGFD   -9.3696   -9.8787   -0.5091    0.3194
 4287 KIIGGFD   -9.3696   -9.8787   -0.5091    0.3194
 4288 KIIGGFD   -9.3696   -9.8787   -0.5091    0.3194
 4289 DIIGGFD   -6.3974   -7.3994   -1.0020    0.3194
 4290 KIIGGFD   -9.8427  -10.3518   -0.5091    0.3194
 4291 KIIGGFD   -9.8427  -10.3518   -0.5091    0.3194
 4292 KIIGGFD   -9.8427  -10.3518   -0.5091    0.3194
 4293 KIIGGFD   -9.8427  -10.3518   -0.5091    0.3194
 4294 KIIGGFD   -9.8427  -10.3518   -0.5091    0.3194
 4295 KIIGGFD   -9.8427  -10.3518   -0.5091    0.3194
 4296 KIIGGFD   -9.8427  -10.3518   -0.5091    0.3194
 4297 KIIGGFD   -9.8427  -10.3518   -0.5091    0.3194
 4298 KIIGGFD   -9.8427  -10.3518   -0.5091    0.3194
 4299 KIIGGFD   -9.8427  -10.3518   -0.5091    0.3194
 4300 KIIGGFD   -9.8427  -10.3518   -0.5091    0.3194
 4301 KIIGGFE   -8.8761   -9.7024   -0.8263    0.3194
 4302 IKIGGFE   -7.2921   -8.0069   -0.7149    0.3194
 4303 KIIGGFE   -9.0234   -9.8497   -0.8263    0.3194
 4304 KIIGGFE   -9.0234   -9.8497   -0.8263    0.3194
 4305 KIIGGFE   -9.0234   -9.8497   -0.8263    0.3194
 4306 KIIGGFE   -9.0234   -9.8497   -0.8263    0.3194
 4307 KIIGGFE   -9.0234   -9.8497   -0.8263    0.3194
 4308 EIIGGFK   -8.1715   -8.9978   -0.8263    0.3194
 4309 KIIGGFE   -9.6981  -10.5244   -0.8263    0.3194
 4310 KIIGGFE   -9.6981  -10.5244   -0.8263    0.3194
 4311 KIIGGFD  -10.3266  -10.8358   -0.5091    0.3194
 4312 KIIGGFD  -10.3266  -10.8358   -0.5091    0.3194
 4313 KIIGGFD  -10.3266  -10.8358   -0.5091    0.3194
 4314 KIIGGFD  -10.3266  -10.8358   -0.5091    0.3194
 4315 KIIGGFD  -10.3266  -10.8358   -0.5091    0.3194
 4316 KIIGGFD  -10.3266  -10.8358   -0.5091    0.3194
 4317 KIIGGFD  -10.3266  -10.8358   -0.5091    0.3194
 4318 KIIGGFD  -10.3266  -10.8358   -0.5091    0.3194
 4319 KIIGGFD  -10.3266  -10.8358   -0.5091    0.3194
 4320 KIIGGFD  -10.3266  -10.8358   -0.5091    0.3194
 4321 KIIGGFD  -10.3266  -10.8358   -0.5091    0.3194
 4322 KIIGGAD   -5.2510  -10.6347   -5.3837    0.3194
 4323 KIGIGAD   -4.8036   -9.9644   -5.1609    0.3194
 4324 KIGIGAE   -4.2462   -9.7242   -5.4780    0.3194
 4325 KIMIGAE   -4.8762   -7.2830   -2.4069    0.3194
 4326 KIAIGEM   -3.0455   -5.4524   -2.4069    0.3194
 4327 KIMMGEM   -4.9821   -5.4764   -0.4943    0.3194
 4328 KMMIGEV   -6.7722   -7.2720   -0.4997    0.3194
 4329 MMKIGEV   -7.3498   -7.7381   -0.3883    0.3194
 4330 MMKIGEV   -7.3498   -7.7381   -0.3883    0.3194
 4331 MKMIGEV   -7.9204   -8.3086   -0.3883    0.3194
 4332 MKMIGVE   -8.8682   -9.2565   -0.3883    0.3194
 4333 MKVIGME   -7.9000   -8.2883   -0.3883    0.3194
 4334 MKMIGVE   -8.9002   -9.2885   -0.3883    0.3194
 4335 KMMVGIE   -6.9164   -7.4161   -0.4997    0.3194
 4336 KFMVGVE   -7.4872   -7.7680   -0.2809    0.3194
 4337 KVVVGVE   -7.8561   -9.7410   -1.8849    0.3194
 4338 KWVVGVE   -8.7722   -8.7973   -0.0251    0.3194
 4339 KWVVGVD   -8.9298   -8.6378    0.2920    0.3194
 4340 KWVVGMD   -8.0166   -7.7992    0.2174    0.3194
 4341 RILVGMD   -5.8109  -10.6584   -4.8474    0.3194
 4342 RILVGMD   -5.8109  -10.6584   -4.8474    0.3194
 4343 RIVVGMD   -6.3938   -9.9458   -3.5520    0.3194
 4344 DIVVGMR   -6.5072  -10.0592   -3.5520    0.3194
 4345 DIVIGMR   -6.4176  -10.0354   -3.6177    0.3194
 4346 DIVMGIR   -6.0037   -9.6214   -3.6177    0.3194
 4347 DIVLGMK   -7.1578   -8.6412   -1.4834    0.3194
 4348 DVMLGVK   -5.6318   -7.6095   -1.9777    0.3194
 4349 DVMLGVD   -5.2397   -7.7103   -2.4706    0.3194
 4350 DVMLGVD   -5.1481   -7.6187   -2.4706    0.3194
 4351 MVDVGVD   -6.4996   -8.4433   -1.9437    0.3194
 4352 MVDVGVD   -6.5749   -8.5186   -1.9437    0.3194
 4353 MVKVGVD  -10.7093  -12.1602   -1.4509    0.3194
 4354 MVKVGVD  -10.7093  -12.1602   -1.4509    0.3194
 4355 MWKVGVD  -12.5710  -12.2421    0.3289    0.3194
 4356 MIKVGVD  -13.1479  -13.2244   -0.0766    0.3194
 4357 MIKVGVD  -13.1479  -13.2244   -0.0766    0.3194
 4358 MIKVGVD  -13.1479  -13.2244   -0.0766    0.3194
 4359 MIKVGVD  -11.7439  -11.8204   -0.0766    0.2829
 4360 MIKVGVD  -11.7439  -11.8204   -0.0766    0.2829
 4361 MIKVGVD  -11.7439  -11.8204   -0.0766    0.2829
 4362 MIKVGVE  -11.7115  -12.1052   -0.3937    0.2829
 4363 MIKVGEV  -11.0621  -11.4558   -0.3937    0.2829
 4364 MIKVGEV  -11.0621  -11.4558   -0.3937    0.2829
 4365 MIKVGEV  -11.0621  -11.4558   -0.3937    0.2829
 4366 MIKEGVV  -10.3755  -10.9921   -0.6166    0.2829
 4367 MIKEGVV  -10.3755  -10.9921   -0.6166    0.2829
 4368 MIKEGVV  -10.3755  -10.9921   -0.6166    0.2829
 4369 MIKEGVV  -10.3755  -10.9921   -0.6166    0.2829
 4370 MIKEGVL   -9.1997  -11.1117   -1.9120    0.2829
 4371 MKIEGVL   -6.3878   -8.0769   -1.6891    0.2829
 4372 MKIEGVL   -6.3878   -8.0769   -1.6891    0.2829
 4373 MKIVGVE   -9.4054   -9.7991   -0.3937    0.2829
 4374 MKVVGVE   -9.6720  -11.4400   -1.7680    0.2829
 4375 MKVVGVE   -9.6720  -11.4400   -1.7680    0.2829
 4376 MKVEGVV   -8.1970   -9.9650   -1.7680    0.2829
 4377 MKEVGVV   -9.6597  -11.5391   -1.8794    0.2829
 4378 MKEVGVV   -9.6597  -11.5391   -1.8794    0.2829
 4379 MKEVGVI  -11.3332  -11.8384   -0.5051    0.2829
 4380 MKEVGVI  -11.3332  -11.8384   -0.5051    0.2829
 4381 KEMVGVI   -7.7656   -8.3821   -0.6166    0.2829
 4382 KMMEGVI   -7.4753   -7.9750   -0.4997    0.2829
 4383 KIMEGVV   -8.4120   -8.9172   -0.5051    0.2829
 4384 KMMEGVV   -6.1120   -7.9860   -1.8740    0.2829
 4385 KMMVGVE   -7.6263   -9.5003   -1.8740    0.2829
 4386 MVIVGKE   -2.2900   -3.0180   -0.7280    0.2829
 4387 FYVEGKV    1.3120    0.2048   -1.1071    0.2829
 4388 FIEVGKV   -4.8019   -4.8824   -0.0806    0.2829
 4389 FYRVGEV   -1.4909   -5.8506   -4.3597    0.2829
 4390 FWKVGEV   -5.9863   -7.4214   -1.4351    0.2829
 4391 FVKVGEW   -5.5916   -7.0268   -1.4351    0.2829
 4392 KWLVGEV   -4.7721   -7.8527   -3.0806    0.2829
 4393 EWLVGKV   -2.3600   -5.4405   -3.0806    0.2829
 4394 KGLVWEV   -3.6456   -6.7262   -3.0806    0.2829
 4395 KGLVMVE   -5.8833   -8.2896   -2.4063    0.2829
 4396 KMLVGLE   -4.8161   -7.8464   -3.0303    0.2829
 4397 KMLVGLE   -5.3030   -8.3333   -3.0303    0.2829
 4398 EMLVGLK   -5.6315   -8.6617   -3.0303    0.2829
 4399 KMLVGLE   -6.4917   -9.5220   -3.0303    0.2829
 4400 KMLVGLE   -6.4917   -9.5220   -3.0303    0.2829
 4401 KILVGLE   -5.0472   -9.8286   -4.7814    0.2829
 4402 KLIVGLE   -6.2210  -11.0025   -4.7814    0.2829
 4403 KYLVGIE   -5.1986   -6.9454   -1.7469    0.2829
 4404 KYLVGIE   -5.1986   -6.9454   -1.7469    0.2829
 4405 KYLVGIE   -5.1986   -6.9454   -1.7469    0.2829
 4406 KILVGIE   -7.1621  -10.7138   -3.5517    0.2829
 4407 KILVGIE   -7.1621  -10.7138   -3.5517    0.2829
 4408 KMLMGVE   -6.5495   -8.8389   -2.2894    0.2829
 4409 KMLMGVE   -6.5495   -8.8389   -2.2894    0.2829
 4410 KMLMGLE   -4.9853   -8.0901   -3.1049    0.2829
 4411 KILMGLE   -3.5372   -8.3932   -4.8560    0.2829
 4412 KILMGGE   -4.5208   -8.8414   -4.3206    0.2829
 4413 KMLIGVE   -6.9844   -8.7850   -1.8006    0.2829
 4414 KMLIGVD   -7.9289   -9.4123   -1.4834    0.2829
 4415 MKLIGVD   -9.8888  -11.2608   -1.3720    0.2829
 4416 MKLIGVD   -9.8888  -11.2608   -1.3720    0.2829
 4417 MKLIGVD   -9.8888  -11.2608   -1.3720    0.2829
 4418 MKLIGVD   -9.8888  -11.2608   -1.3720    0.2829
 4419 MKILGVD  -10.0754  -11.4474   -1.3720    0.2829
 4420 MKLVGVD  -11.2762  -13.1424   -1.8663    0.2829
 4421 MKLVGVD  -11.2762  -13.1424   -1.8663    0.2829
 4422 MKLVGVD  -11.2762  -13.1424   -1.8663    0.2829
 4423 MKLVGVE  -10.3887  -12.5721   -2.1834    0.2829
 4424 MKVVGVE   -9.2352  -11.0032   -1.7680    0.2829
 4425 MKVVGVE   -9.2352  -11.0032   -1.7680    0.2829
 4426 MVKVGVE   -7.3697   -9.1377   -1.7680    0.2829
 4427 MVKVGVE   -7.3697   -9.1377   -1.7680    0.2829
 4428 MVKVGVE   -7.3697   -9.1377   -1.7680    0.2829
 4429 KMVIGVE   -7.2552   -7.7604   -0.5051    0.2829
 4430 KLVIGEV   -7.1986   -8.9246   -1.7260    0.2829
 4431 KLVIGME   -7.0914   -8.8919   -1.8006    0.2829
 4432 KLVIGME   -7.0914   -8.8919   -1.8006    0.2829
 4433 KLVIGMD   -7.8757   -9.3591   -1.4834    0.2829
 4434 KLVIGMD   -7.8757   -9.3591   -1.4834    0.2829
 4435 KLVIGME   -7.4316   -9.2322   -1.8006    0.2829
 4436 KLIVGME   -9.0004  -10.8010   -1.8006    0.2829
 4437 KIIVGME  -11.3677  -11.9385   -0.5709    0.2829
 4438 KIIVGMD  -11.8414  -12.0952   -0.2537    0.2829
 4439 KVIVGME  -10.5718  -11.0769   -0.5051    0.2829
 4440 KVIVGME  -10.5718  -11.0769   -0.5051    0.2829
 4441 KVLVGME   -9.2049  -11.4997   -2.2949    0.2829
 4442 KVLVGME   -9.2049  -11.4997   -2.2949    0.2829
 4443 KLVVGME   -8.1541  -10.4490   -2.2949    0.2829
 4444 KLVVGME   -8.1541  -10.4490   -2.2949    0.2829
 4445 KFVVGME   -8.6897   -8.9706   -0.2809    0.2829
 4446 KWVVGME   -9.9228  -10.0225   -0.0997    0.2829
 4447 KFVVGME   -8.9961   -9.2769   -0.2809    0.2829
 4448 KFVVGMD   -9.3523   -9.3160    0.0363    0.2829
 4449 KFVVGMD   -9.3523   -9.3160    0.0363    0.2829
 4450 KFVVGVD   -9.8680   -9.8372    0.0309    0.2829
 4451 KGIVFVD  -10.3998  -10.3861    0.0137    0.2829
 4452 KGVVFVD  -10.5491  -10.6296   -0.0806    0.2829
 4453 KFVVGVD   -9.5439   -9.5131    0.0309    0.2829
 4454 KLVVGDV   -8.6185  -10.6017   -1.9831    0.2829
 4455 KLVVGDV   -8.6185  -10.6017   -1.9831    0.2829
 4456 FKVVGDV  -10.0997   -9.9575    0.1423    0.2829
 4457 FKVMGDV   -9.2669   -9.1192    0.1477    0.2829
 4458 FKVMGDV   -9.2669   -9.1192    0.1477    0.2829
 4459 FKVMGVD   -9.4068   -9.2591    0.1477    0.2829
 4460 MKVFGVD   -9.1618   -9.0141    0.1477    0.2829
 4461 MKVFGDV   -8.1353   -7.9876    0.1477    0.2829
 4462 MKVFGDV   -8.1353   -7.9876    0.1477    0.2829
 4463 FKVVGDM   -9.2554   -9.1077    0.1477    0.2829
 4464 FKMVGDV   -9.3915   -9.2438    0.1477    0.2829
 4465 FKMVGVD  -10.3512  -10.2035    0.1477    0.2829
 4466 FKMVGVE   -9.7639   -9.9333   -0.1694    0.2829
 4467 FEVMGVE   -6.0540   -7.0334   -0.9794    0.2829
 4468 FEVMGVE   -6.0540   -7.0334   -0.9794    0.2829
 4469 FEVEGMV   -3.3534   -4.3328   -0.9794    0.2829
 4470 FVEMGEV   -3.7342   -4.7137   -0.9794    0.2829
 4471 FVKMGEV   -7.3119   -7.4813   -0.1694    0.2829
 4472 FKVMGEV   -6.9054   -7.0748   -0.1694    0.2829
 4473 FKEMGVV   -7.4101   -7.6909   -0.2809    0.2829
 4474 FKEVGVM   -5.8285   -6.1093   -0.2809    0.2829
 4475 FKEVGVM   -5.8285   -6.1093   -0.2809    0.2829
 4476 FKEVGVW   -5.1040   -6.6505   -1.5466    0.2829
 4477 MKVEGVW   -9.4017   -9.3899    0.0117    0.2829
 4478 MKVEGVW   -9.4017   -9.3899    0.0117    0.2829
 4479 MKVEGVW   -9.4017   -9.3899    0.0117    0.2829
 4480 MWVEGVK   -9.2053   -9.3050   -0.0997    0.2829
 4481 MWVEGVK   -9.2053   -9.3050   -0.0997    0.2829
 4482 MWVEGVK   -9.2053   -9.3050   -0.0997    0.2829
 4483 MWVEGVK   -9.2053   -9.3050   -0.0997    0.2829
 4484 MWVEGVE   -9.7748  -10.6845   -0.9097    0.2829
 4485 MWVEGVE   -9.7748  -10.6845   -0.9097    0.2829
 4486 MGVEFME   -7.9645   -8.9385   -0.9740    0.2829
 4487 MGVEFME   -7.9645   -8.9385   -0.9740    0.2829
 4488 MGVEFME   -7.9645   -8.9385   -0.9740    0.2829
 4489 MGVEIMD   -7.4839   -8.3651   -0.8811    0.2829
 4490 MGMEIVD   -6.7289   -7.6100   -0.8811    0.2829
 4491 MIMEWVD   -1.2927   -7.2484   -5.9557    0.2829
 4492 MILDYVD   -2.2435   -7.1035   -4.8600    0.2829
 4493 AIVDVLD   -4.3928   -8.0734   -3.6806    0.2829
 4494 AIVDVLD   -4.5596   -8.2401   -3.6806    0.2829
 4495 GLVDVLK   -7.3888  -10.0274   -2.6386    0.2829
 4496 KMVDVLG   -7.0249   -9.0026   -1.9777    0.2829
 4497 KMVLVDG   -7.2482   -9.3373   -2.0891    0.2829
 4498 KMVLVDG   -7.1807   -9.2699   -2.0891    0.2829
 4499 KMVLVEG   -6.3494   -8.7557   -2.4063    0.2829
 4500 EVMLVDG   -4.5155   -7.4146   -2.8991    0.2829
 4501 MLELVDG   -4.4164   -7.9395   -3.5231    0.2829
 4502 MLELVDG   -5.7127   -9.2358   -3.5231    0.2829
 4503 GLVLEDI   -5.0476  -10.4333   -5.3857    0.2829
 4504 GLLIEEV   -4.4945  -10.1973   -5.7029    0.2829
 4505 GLMIEEV   -5.9956   -8.7176   -2.7220    0.2829
 4506 GLMVEEV   -6.3902   -9.6065   -3.2163    0.2829
 4507 GMLVEEF   -7.0394   -9.4571   -2.4177    0.2829
 4508 GMIVEKF   -6.2835   -6.6615   -0.3780    0.2829
 4509 GMLVDKF   -5.6534   -6.9440   -1.2906    0.2829
 4510 GMLVDKF   -5.6534   -6.9440   -1.2906    0.2829
 4511 GMLVEKF   -6.0462   -7.6539   -1.6077    0.2829
 4512 GMLVFKD   -6.0969   -7.4989   -1.4020    0.2829
 4513 KMLVFGD   -8.9493  -10.2399   -1.2906    0.2829
 4514 KMLVFGD   -8.9493  -10.2399   -1.2906    0.2829
 4515 KMLVFGD   -8.9493  -10.2399   -1.2906    0.2829
 4516 KMLVFGD   -8.9493  -10.2399   -1.2906    0.2829
 4517 KMIVFGD  -10.5279  -10.5888   -0.0609    0.2829
 4518 KMIVFGD  -10.5279  -10.5888   -0.0609    0.2829
 4519 KMIVFGD  -10.5279  -10.5888   -0.0609    0.2829
 4520 KMIVFGD  -10.5279  -10.5888   -0.0609    0.2829
 4521 KMIVFGD  -10.5279  -10.5888   -0.0609    0.2829
 4522 FMIKDGV   -7.9939   -8.0547   -0.0609    0.2829
 4523 FIMKEGV   -7.3032   -7.6812   -0.3780    0.2829
 4524 KIIVEGV   -8.4420   -8.9382   -0.4963    0.2829
 4525 KILVVGE   -9.7394  -11.5768   -1.8374    0.2829
 4526 KIVVMGE  -11.1185  -11.7351   -0.6166    0.2829
 4527 KMVEIGV   -7.1208   -7.5145   -0.3937    0.2829
 4528 KMVEIGV   -7.1208   -7.5145   -0.3937    0.2829
 4529 WMVEKGV   -8.1966   -8.4078   -0.2111    0.2829
 4530 WMVEKGV   -8.1966   -8.4078   -0.2111    0.2829
 4531 WMVEKGV   -8.1966   -8.4078   -0.2111    0.2829
 4532 WMVEEGV   -7.2748   -8.2959   -1.0211    0.2829
 4533 WMVEEGV   -7.2748   -8.2959   -1.0211    0.2829
 4534 WMVEDGV   -6.6064   -7.3104   -0.7040    0.2829
 4535 WMVVEGD  -10.8177  -11.5217   -0.7040    0.2829
 4536 WMVVEGD  -10.8177  -11.5217   -0.7040    0.2829
 4537 WEVVMGD  -10.1411  -10.7336   -0.5926    0.2829
 4538 WMVVEGD   -9.3878  -10.0918   -0.7040    0.2829
 4539 WMVVEGD   -9.3878  -10.0918   -0.7040    0.2829
 4540 WMVVEGD   -9.3878  -10.0918   -0.7040    0.2829
 4541 WMEVVGE   -5.7913   -6.7010   -0.9097    0.2829
 4542 WYEVVGE   -6.2288   -7.2848   -1.0560    0.2829
 4543 WYVVEGE   -7.5312   -8.6986   -1.1674    0.2829
 4544 WYVVEGD   -8.0422   -8.8925   -0.8503    0.2829
 4545 WYVVEGD   -8.0422   -8.8925   -0.8503    0.2829
 4546 WYVVEGD   -8.0422   -8.8925   -0.8503    0.2829
 4547 YWMVEGD   -7.8330   -8.6778   -0.8449    0.2829
 4548 YWMVEGD   -7.8330   -8.6778   -0.8449    0.2829
 4549 MWEVMGD   -5.8011   -6.4683   -0.6671    0.2829
 4550 MWKVMGD   -8.2503   -8.1074    0.1429    0.2829
 4551 MWKVMGD   -8.2503   -8.1074    0.1429    0.2829
 4552 MWKVMGD   -8.2503   -8.1074    0.1429    0.2829
 4553 MVKVMGD   -7.7745   -9.3314   -1.5569    0.2829
 4554 LKVVMGD   -3.9140   -5.8917   -1.9777    0.2829
 4555 VKLVMGD   -4.7187   -6.6964   -1.9777    0.2829
 4556 MLKVWGD   -8.5435  -11.3815   -2.8380    0.2829
 4557 MLKVWGD   -8.5435  -11.3815   -2.8380    0.2829
 4558 MLKVMGD  -10.4793  -12.4516   -1.9723    0.2829
 4559 MLKVMGD  -10.4793  -12.4516   -1.9723    0.2829
 4560 MLKVMGD  -10.8607  -12.8330   -1.9723    0.2701
 4561 MLKVMGD  -10.8607  -12.8330   -1.9723    0.2701
 4562 MLKVMGD  -10.8736  -12.8459   -1.9723    0.2701
 4563 MLKVMGD  -10.8736  -12.8459   -1.9723    0.2701
 4564 MLKVMGD  -10.8736  -12.8459   -1.9723    0.2701
 4565 KIMVMGD   -9.2086   -9.5026   -0.2940    0.2701
 4566 KIMVMGE   -7.7657   -8.3768   -0.6111    0.2701
 4567 KIMVMGE   -7.7657   -8.3768   -0.6111    0.2701
 4568 KLMVIGE   -6.6900   -8.6020   -1.9120    0.2701
 4569 ELMVIGK   -5.6282   -7.5402   -1.9120    0.2701
 4570 ELMVIGK   -6.1439   -8.0559   -1.9120    0.2701
 4571 IVMVEGK   -7.7853   -8.4019   -0.6166    0.2701
 4572 IVMIKGE   -8.3603   -9.0426   -0.6823    0.2701
 4573 MEIIKGV   -8.2864   -8.7458   -0.4594    0.2701
 4574 MIEIKGV   -8.1427   -8.6021   -0.4594    0.2701
 4575 KVIVMGE  -11.2026  -11.8191   -0.6166    0.2701
 4576 KIVVMGE   -9.9132  -10.5297   -0.6166    0.2701
 4577 KIVVMGE   -9.9132  -10.5297   -0.6166    0.2701
 4578 KIVVMGE   -9.9132  -10.5297   -0.6166    0.2701
 4579 KILVMGE   -8.6194  -10.5314   -1.9120    0.2701
 4580 KILVMGE   -8.6194  -10.5314   -1.9120    0.2701
 4581 KIVLMGE   -8.1455  -10.0575   -1.9120    0.2701
 4582 KIVLMGE   -9.1126  -11.0246   -1.9120    0.2701
 4583 KIVLMGE   -9.1126  -11.0246   -1.9120    0.2701
 4584 KIVLMGE   -9.1126  -11.0246   -1.9120    0.2701
 4585 KIVLMGE   -9.1126  -11.0246   -1.9120    0.2701
 4586 MIVIKGE   -8.0690   -8.7513   -0.6823    0.2701
 4587 DIVKMGI   -6.0538   -6.1960   -0.1423    0.2701
 4588 IIVKMGD   -6.9843   -7.2380   -0.2537    0.2701
 4589 IVKIMGD   -9.4958   -9.7496   -0.2537    0.2701
 4590 GVMIEIK   -8.4531   -9.0239   -0.5709    0.2701
 4591 GVMIEID   -9.3481  -10.4118   -1.0637    0.2701
 4592 GVMIEID   -9.3481  -10.4118   -1.0637    0.2701
 4593 GIMVEID   -9.4304  -10.4941   -1.0637    0.2701
 4594 GIMVEID   -9.4304  -10.4941   -1.0637    0.2701
 4595 GVMIEID   -8.8202   -9.8839   -1.0637    0.2701
 4596 GVMIEID   -8.8202   -9.8839   -1.0637    0.2701
 4597 GVMILDD   -6.4108   -8.6099   -2.1991    0.2701
 4598 GLMVIDD   -7.3174   -9.5166   -2.1991    0.2701
 4599 GIMVDLK   -8.3767   -9.8601   -1.4834    0.2701
 4600 GIMVDLD   -8.6401  -10.6163   -1.9763    0.2701
 4601 GMVVDLD   -8.8853  -11.3558   -2.4706    0.2701
 4602 GMVVDLE   -8.5658  -11.3535   -2.7877    0.2701
 4603 GMVIDLE   -8.5546  -10.8480   -2.2934    0.2701
 4604 GMVIDLE   -8.5546  -10.8480   -2.2934    0.2701
 4605 GMVIDIE   -9.0063  -10.0701   -1.0637    0.2701
 4606 GMVIEDI   -8.5772   -9.7523   -1.1751    0.2701
 4607 GMVIDDI   -9.3988  -10.2568   -0.8580    0.2701
 4608 GMVIDDI   -9.3988  -10.2568   -0.8580    0.2701
 4609 MMVADID   -8.8651   -9.6394   -0.7743    0.2701
 4610 MVAMEID   -7.3821   -8.4735   -1.0914    0.2701
 4611 MVAMKDI   -5.2545   -5.6474   -0.3929    0.2701
 4612 MVAVKID   -9.2510   -9.5378   -0.2869    0.2701
 4613 KYIVAMD   -5.4920   -6.7111   -1.2191    0.2701
 4614 KYIVAMD   -5.4920   -6.7111   -1.2191    0.2701
 4615 KYLVAMD   -4.8149   -7.8238   -3.0089    0.2701
 4616 KMLVAMD   -7.6029   -9.7854   -2.1826    0.2701
 4617 MMLVADD  -10.0409  -12.8277   -2.7869    0.2701
 4618 MMLVGDD   -9.3373  -12.0253   -2.6880    0.2701
 4619 MGMVMDD   -7.7874   -9.9431   -2.1557    0.2701
 4620 MGMVMDD   -7.7874   -9.9431   -2.1557    0.2701
 4621 MGMIMDD   -9.1699   -9.9514   -0.7814    0.2701
 4622 MGMIMDD   -9.1699   -9.9514   -0.7814    0.2701
 4623 MGMIMDD   -9.1699   -9.9514   -0.7814    0.2701
 4624 MGMIMDD   -9.1699   -9.9514   -0.7814    0.2701
 4625 MGMIMDD   -9.1699   -9.9514   -0.7814    0.2701
 4626 MGMILED   -6.8432   -9.3226   -2.4794    0.2701
 4627 MFMIGED  -10.4479  -11.5048   -1.0569    0.2701
 4628 MFMIGDE   -9.6498  -10.7067   -1.0569    0.2701
 4629 MFMIGDE   -9.6498  -10.7067   -1.0569    0.2701
 4630 MFMIGDD  -11.0264  -11.7661   -0.7397    0.2701
 4631 MVMIGDD  -10.5244  -11.4227   -0.8983    0.2701
 4632 MVMIGDD  -10.5244  -11.4227   -0.8983    0.2701
 4633 MVMIGDE   -9.5483  -10.7638   -1.2154    0.2701
 4634 MIMVGDE   -9.9564  -11.1718   -1.2154    0.2701
 4635 MIVMGDE  -10.0215  -11.2370   -1.2154    0.2701
 4636 MIVMGDE  -10.0215  -11.2370   -1.2154    0.2701
 4637 MIVMGDD  -11.0263  -11.9246   -0.8983    0.2701
 4638 MIVMGDD  -11.0263  -11.9246   -0.8983    0.2701
 4639 MGVMIDD   -9.6291  -10.4159   -0.7869    0.2701
 4640 MGVMIDD   -9.6291  -10.4159   -0.7869    0.2701
 4641 MIMVGDD  -12.2189  -13.1172   -0.8983    0.2701
 4642 MIMVGDD  -12.2189  -13.1172   -0.8983    0.2701
 4643 MIMVGDD  -12.2189  -13.1172   -0.8983    0.2701
 4644 MIMVGDE  -11.1742  -12.3897   -1.2154    0.2701
 4645 MIMVGED  -12.4806  -13.6960   -1.2154    0.2701
 4646 MIMVGED  -12.4806  -13.6960   -1.2154    0.2701
 4647 MIMVGED  -12.4806  -13.6960   -1.2154    0.2701
 4648 MIMVGED  -12.4806  -13.6960   -1.2154    0.2701
 4649 MIMEGVD  -11.3953  -12.3879   -0.9926    0.2701
 4650 MIMEGVD  -11.3953  -12.3879   -0.9926    0.2701
 4651 MIVEGVD  -10.9476  -11.9456   -0.9980    0.2701
 4652 MIEVGVD  -11.0758  -11.9624   -0.8866    0.2701
 4653 MIVVGED  -12.0391  -13.2600   -1.2209    0.2701
 4654 MVVIGEE  -10.4848  -12.0228   -1.5380    0.2701
 4655 MMVIGEE  -10.2010  -11.7336   -1.5326    0.2701
 4656 MMIVGEK   -8.1651   -8.8877   -0.7226    0.2701
 4657 MIKVGEI  -11.6797  -12.1391   -0.4594    0.2701
 4658 MIKVGEI  -11.6797  -12.1391   -0.4594    0.2701
 4659 MIKIGEV  -12.9155  -13.3749   -0.4594    0.2701
 4660 MIKIGEV  -12.9155  -13.3749   -0.4594    0.2701
 4661 MIKIGEV  -12.9155  -13.3749   -0.4594    0.2701
 4662 MIKIGEV  -12.9155  -13.3749   -0.4594    0.2701
 4663 MIKVGEV  -13.8875  -14.2812   -0.3937    0.2701
 4664 MIKVGEV  -13.8875  -14.2812   -0.3937    0.2701
 4665 MIKEGVV  -12.6146  -13.2312   -0.6166    0.2701
 4666 MEKIGVV  -11.0348  -11.5400   -0.5051    0.2701
 4667 MEKVGVV  -10.5144  -12.3938   -1.8794    0.2701
 4668 MMKVGEV  -11.0285  -12.7911   -1.7626    0.2701
 4669 MMKVGEV  -11.0285  -12.7911   -1.7626    0.2701
 4670 MIKVGEV  -12.6430  -13.0367   -0.3937    0.2701
 4671 MWKVGEV  -11.4867  -11.4749    0.0117    0.2701
 4672 MWKVGVE  -11.6552  -11.6435    0.0117    0.2701
 4673 MWKVGVD  -12.7771  -12.4482    0.3289    0.2701
 4674 MWKVGVD  -12.7771  -12.4482    0.3289    0.2701
 4675 MWKVGVD  -12.7771  -12.4482    0.3289    0.2701
 4676 MWKVGVD  -12.7771  -12.4482    0.3289    0.2701
 4677 MWKVGVE  -11.9208  -11.9091    0.0117    0.2701
 4678 MVKEGVL   -9.3134  -11.7197   -2.4063    0.2701
 4679 MVKEGVF   -9.7120  -10.1043   -0.3923    0.2701
 4680 MVKEGVI   -9.5793  -10.1959   -0.6166    0.2701
 4681 MVKEGVI   -9.5793  -10.1959   -0.6166    0.2701
 4682 MIKEGVV  -12.0338  -12.6504   -0.6166    0.2701
 4683 MIKEGVV  -12.0338  -12.6504   -0.6166    0.2701
 4684 MIKVGEV  -12.0835  -12.4772   -0.3937    0.2701
 4685 MIKVGEV  -12.0835  -12.4772   -0.3937    0.2701
 4686 MIKVGDV  -12.3114  -12.3879   -0.0766    0.2701
 4687 MVKVGDV  -10.5178  -11.9687   -1.4509    0.2701
 4688 MVKVGDV  -10.5178  -11.9687   -1.4509    0.2701
 4689 MEKVGVV  -10.5241  -12.4035   -1.8794    0.2701
 4690 MEKVGVW  -11.3089  -11.4086   -0.0997    0.2701
 4691 MEKVGVW  -11.3089  -11.4086   -0.0997    0.2701
 4692 MEKVGVI   -9.8416  -10.3467   -0.5051    0.2701
 4693 MEKVGVW  -11.5058  -11.6055   -0.0997    0.2701
 4694 MEKVGVW  -11.5058  -11.6055   -0.0997    0.2701
 4695 MWKVGVD  -12.4069  -12.0781    0.3289    0.2701
 4696 MWKVGVD  -12.4069  -12.0781    0.3289    0.2701
 4697 MMKVGVD  -12.4916  -13.9370   -1.4454    0.2701
 4698 MMKVGVD  -12.4916  -13.9370   -1.4454    0.2701
 4699 MIKVGVD  -14.0500  -14.1265   -0.0766    0.2701
 4700 MIKVGVD  -14.0500  -14.1265   -0.0766    0.2701
 4701 MIKVGVD  -14.0500  -14.1265   -0.0766    0.2701
 4702 MIKVGVD  -14.0500  -14.1265   -0.0766    0.2701
 4703 MIKVGVD  -14.0500  -14.1265   -0.0766    0.2701
 4704 MIKVGMD  -12.0502  -12.1214   -0.0711    0.2701
 4705 MIKVGMD  -12.0502  -12.1214   -0.0711    0.2701
 4706 MIKVGMD  -12.0502  -12.1214   -0.0711    0.2701
 4707 MIKVGVD  -14.0910  -14.1676   -0.0766    0.2701
 4708 MIKVGVD  -14.0910  -14.1676   -0.0766    0.2701
 4709 MIKVGVD  -14.0910  -14.1676   -0.0766    0.2701
 4710 MIKVGVD  -14.0910  -14.1676   -0.0766    0.2701
 4711 MIKVGVD  -14.0910  -14.1676   -0.0766    0.2701
 4712 MIKVGVD  -14.0910  -14.1676   -0.0766    0.2701
 4713 MIKVGVD  -14.0910  -14.1676   -0.0766    0.2701
 4714 MIKVGVE  -13.0657  -13.4594   -0.3937    0.2701
 4715 MIKVGEV  -12.5950  -12.9887   -0.3937    0.2701
 4716 MIKVGDV  -13.1649  -13.2415   -0.0766    0.2701
 4717 MIKVGDV  -13.1649  -13.2415   -0.0766    0.2701
 4718 FKIVGDV   -9.0344   -8.7978    0.2366    0.2701
 4719 FKIVGDV   -9.0344   -8.7978    0.2366    0.2701
 4720 FKIVGDV   -9.0344   -8.7978    0.2366    0.2701
 4721 FKIVGDV   -9.0344   -8.7978    0.2366    0.2701
 4722 FKIVGDV   -9.0344   -8.7978    0.2366    0.2701
 4723 FKIVGDY   -7.6491   -6.9534    0.6957    0.2701
 4724 FIDVGKY   -4.8644   -4.1687    0.6957    0.2701
 4725 FIDVGDY   -4.9134   -4.7106    0.2029    0.2701
 4726 MIDVGDY   -6.0285   -7.4188   -1.3903    0.2701
 4727 MIDVGKF   -9.4421   -9.2801    0.1620    0.2701
 4728 MIDKGVF  -10.4510  -10.5118   -0.0609    0.2701
 4729 MIDKGVF  -10.4510  -10.5118   -0.0609    0.2701
 4730 MIDKGVF  -10.4510  -10.5118   -0.0609    0.2701
 4731 MIEKGVF  -10.4890  -10.8670   -0.3780    0.2701
 4732 MIDKGVM   -9.5072   -9.8012   -0.2940    0.2701
 4733 MIDKGVM   -9.5072   -9.8012   -0.2940    0.2701
 4734 MIDKGVM   -9.5072   -9.8012   -0.2940    0.2701
 4735 MIDKGVM   -9.5072   -9.8012   -0.2940    0.2701
 4736 MIDKGVI   -9.0416   -9.4067   -0.3651    0.2701
 4737 MIDKGVI   -9.0416   -9.4067   -0.3651    0.2701
 4738 MIDIGVK   -7.8388   -7.9811   -0.1423    0.2701
 4739 MIDVGVK   -9.6582   -9.7347   -0.0766    0.2701
 4740 MIDFGVK   -7.4826   -7.3206    0.1620    0.2701
 4741 MIDLGVE   -7.3966   -9.5786   -2.1820    0.2701
 4742 MIELGVD   -9.4087  -11.5907   -2.1820    0.2701
 4743 MIELGVD   -9.3455  -11.5275   -2.1820    0.2701
 4744 MIELGVD   -9.3455  -11.5275   -2.1820    0.2701
 4745 MIVIGED  -11.3407  -12.6273   -1.2866    0.2701
 4746 MIVIGDD  -11.6202  -12.5896   -0.9694    0.2701
 4747 MIVIGDK  -11.0982  -11.5748   -0.4766    0.2701
 4748 MIVIGED  -11.3957  -12.6823   -1.2866    0.2701
 4749 MIKLGDV   -8.0358   -9.4078   -1.3720    0.2701
 4750 MKILGVD   -7.2825   -8.6545   -1.3720    0.2701
 4751 MIKLGVD   -6.9056   -8.2776   -1.3720    0.2701
 4752 MIKLGVD   -6.8998   -8.2718   -1.3720    0.2701
 4753 MFKLGDV   -4.6003   -5.6680   -1.0677    0.2701
 4754 MFKIGVE   -5.0994   -5.2545   -0.1551    0.2701
 4755 MWDIGVE   -5.0703   -7.3771   -2.3069    0.2701
 4756 FWDEGVF    2.1401   -1.5322   -3.6723    0.2701
 4757 FIDKGVV   -6.3076   -6.2938    0.0137    0.2701
 4758 FFDKGVV   -6.1341   -5.8161    0.3180    0.2701
 4759 FWDKGVV   -5.0757   -6.4166   -1.3409    0.2701
 4760 FWVDGVK   -4.5359   -5.7653   -1.2294    0.2701
 4761 FWVDGVD   -5.6546   -7.3769   -1.7223    0.2701
 4762 FWVDGVD   -6.2699   -7.9922   -1.7223    0.2923
 4763 FWVDGVD   -6.2699   -7.9922   -1.7223    0.2923
 4764 FWVDGVD   -6.2699   -7.9922   -1.7223    0.2923
 4765 FWVVGDE   -5.2304   -7.4927   -2.2623    0.2923
 4766 LWVVGDE   -3.8675   -7.6638   -3.7963    0.2923
 4767 LIVEGDM   -7.1597   -9.4532   -2.2934    0.2923
 4768 LIVKGDM   -6.1283   -7.6118   -1.4834    0.2923
 4769 LIVKGDA   -3.8138   -7.6987   -3.8849    0.2923
 4770 KILVGDA   -6.5757  -10.4606   -3.8849    0.2923
 4771 KIWVGDA   -6.5371   -7.5468   -1.0097    0.2923
 4772 KIVFGDA   -7.1093   -8.9802   -1.8709    0.2923
 4773 KIVLGDA   -7.8278  -11.7127   -3.8849    0.2923
 4774 KVVLGDA   -5.6026  -10.8618   -5.2591    0.2923
 4775 KLVVGDA   -6.1795  -11.4386   -5.2591    0.2923
 4776 KVVVGDA   -6.0010  -10.8447   -4.8437    0.2923
 4777 KFVVGDA   -6.0659   -9.3110   -3.2451    0.2923
 4778 KFVVGAE   -5.4145   -8.9767   -3.5623    0.2923
 4779 KFVVGEA   -5.5178   -9.0801   -3.5623    0.2923
 4780 KFVVGEG   -5.4828   -9.0576   -3.5749    0.2923
 4781 KFVVGEY   -6.3042   -7.4113   -1.1071    0.2923
 4782 VYKVGDF   -3.3962   -4.0748   -0.6786    0.2923
 4783 VYKVGDF   -3.3962   -4.0748   -0.6786    0.2923
 4784 VIKVGEM   -7.6592   -8.0529   -0.3937    0.2923
 4785 VIKVGEM   -7.6592   -8.0529   -0.3937    0.2923
 4786 VIKVGEV   -7.9104   -8.3096   -0.3991    0.2923
 4787 FIKVGEV   -6.3280   -6.4086   -0.0806    0.2923
 4788 FIKVGEV   -6.3280   -6.4086   -0.0806    0.2923
 4789 FIKVGEV   -6.3280   -6.4086   -0.0806    0.2923
 4790 FIKVGEV   -6.7997   -6.8803   -0.0806    0.2923
 4791 FIKVGEV   -6.7997   -6.8803   -0.0806    0.2923
 4792 VMKVGEF   -5.3724   -5.5418   -0.1694    0.2923
 4793 VMKVGEV   -5.9262   -7.6942   -1.7680    0.2923
 4794 VRMVGVE   -4.6210   -9.7530   -5.1320    0.2923
 4795 VKMVGVE   -8.8861  -10.6541   -1.7680    0.2923
 4796 EKIVGVV   -7.4089   -8.0309   -0.6220    0.2923
 4797 EKVIGVV   -7.9079   -8.5299   -0.6220    0.2923
 4798 EVIIGVK   -8.8392   -9.3355   -0.4963    0.2923
 4799 EVIIGVK   -8.8392   -9.3355   -0.4963    0.2923
 4800 EVIIGVK   -8.8392   -9.3355   -0.4963    0.2923
 4801 EVIIGVK   -8.8392   -9.3355   -0.4963    0.2923
 4802 EIIVGVK   -9.9721  -10.4684   -0.4963    0.2923
 4803 EIIVGVK   -9.9721  -10.4684   -0.4963    0.2923
 4804 EIIVGVK   -9.9721  -10.4684   -0.4963    0.2923
 4805 EIVIGVK   -9.8716  -10.3679   -0.4963    0.2923
 4806 EIVVGIK   -9.4535   -9.9498   -0.4963    0.2923
 4807 EIVVGKI   -9.6417  -10.1380   -0.4963    0.2923
 4808 ELVVGKI   -8.0768   -9.8028   -1.7260    0.2923
 4809 ELVVGIK   -7.1596   -8.8856   -1.7260    0.2923
 4810 EFVVGIK   -5.9392   -6.1312   -0.1920    0.2923
 4811 KMVVGVE  -10.4251  -12.3045   -1.8794    0.2923
 4812 KMMVGVE   -9.4684  -11.3424   -1.8740    0.2923
 4813 KMVMGVE   -8.0684   -9.9424   -1.8740    0.2923
 4814 MMVKGVD   -7.0113   -8.5681   -1.5569    0.2923
 4815 MMVKGLE   -6.1357   -8.4251   -2.2894    0.2923
 4816 MMVKGVE   -6.9068   -8.7808   -1.8740    0.2923
 4817 MLVKGVE   -6.8534   -9.1483   -2.2949    0.2923
 4818 MVLKGDV   -4.9842   -6.9620   -1.9777    0.2923
 4819 FVVKGEV   -6.2356   -6.5219   -0.2863    0.2923
 4820 FVVKGEV   -6.2356   -6.5219   -0.2863    0.2923
 4821 FFVDGDV   -3.0104   -3.0738   -0.0634    0.2923
 4822 DMVFGEV   -3.5149   -4.2886   -0.7737    0.2923
 4823 KIMVGEV   -9.1761   -9.6812   -0.5051    0.2923
 4824 KIMVGEV   -9.1761   -9.6812   -0.5051    0.2923
 4825 KMIVGEV   -9.6136  -10.1188   -0.5051    0.2923
 4826 KMIVGEV   -9.6136  -10.1188   -0.5051    0.2923
 4827 KMIVGEV   -9.6136  -10.1188   -0.5051    0.2923
 4828 MKIVGEV  -10.1219  -10.5156   -0.3937    0.2923
 4829 MKIVGDV  -10.6451  -10.7217   -0.0766    0.2923
 4830 IKVVGDV   -9.6738   -9.7558   -0.0820    0.2923
 4831 IKIVGDV  -10.3790  -10.4467   -0.0677    0.2923
 4832 IKMVGDI  -10.0494  -10.1917   -0.1423    0.2923
 4833 MKMVGDI  -10.1730  -10.2441   -0.0711    0.2923
 4834 MKMVGDI  -10.1730  -10.2441   -0.0711    0.2923
 4835 MKIVGDM  -10.1354  -10.2066   -0.0711    0.2923
 4836 KIMVGDM  -10.7840  -10.9666   -0.1826    0.2923
 4837 KIMVGMD  -10.8220  -11.0045   -0.1826    0.2923
 4838 KIMVGDM  -10.6502  -10.8328   -0.1826    0.2923
 4839 KIMVGDM  -10.6502  -10.8328   -0.1826    0.2923
 4840 KIMVGDL   -9.4501  -10.9336   -1.4834    0.2923
 4841 KIMVGDL   -9.4501  -10.9336   -1.4834    0.2923
 4842 KIMVGDL  -10.9138  -12.3972   -1.4834    0.2923
 4843 DIMDGVL   -4.4176   -6.3939   -1.9763    0.2923
 4844 DIMVGVD   -9.2020   -9.8829   -0.6809    0.2923
 4845 DIVVGVD   -8.7660   -9.4523   -0.6863    0.2923
 4846 DIVVGEV   -7.6033   -8.6067   -1.0034    0.2923
 4847 EIDVGVV   -6.1231   -7.0151   -0.8920    0.2923
 4848 DIDVGLV   -4.7647   -6.5550   -1.7903    0.2923
 4849 DILVGKV   -7.7735   -9.1823   -1.4089    0.2923
 4850 VILVGED   -7.5346   -9.9763   -2.4417    0.2923
 4851 VILVGED   -7.5346   -9.9763   -2.4417    0.2923
 4852 VILVGED   -7.5346   -9.9763   -2.4417    0.2923
 4853 VILVGEE   -9.6943  -12.4532   -2.7589    0.2923
 4854 VILVGEE   -9.6943  -12.4532   -2.7589    0.2923
 4855 VILVGEK   -8.7062  -10.6550   -1.9489    0.2923
 4856 VILVGEK   -8.7062  -10.6550   -1.9489    0.2923
 4857 VILVGEK   -8.7062  -10.6550   -1.9489    0.2923
 4858 VIFVGEK   -4.1429   -4.5577   -0.4149    0.2923
 4859 VIMVGEK   -9.1007   -9.8287   -0.7280    0.2923
 4860 MIVVGDK  -10.1721  -10.5829   -0.4109    0.2923
 4861 MIVVGED  -10.8695  -12.0903   -1.2209    0.2923
 4862 MIVVGED  -10.8695  -12.0903   -1.2209    0.2923
 4863 MIVVGED  -10.8695  -12.0903   -1.2209    0.2923
 4864 MIVIGED   -9.9964  -11.2830   -1.2866    0.2923
 4865 MIVVGED  -10.9996  -12.2204   -1.2209    0.2923
 4866 MIVVGED  -10.9996  -12.2204   -1.2209    0.2923
 4867 MVVIGDE   -8.7465   -9.9673   -1.2209    0.2923
 4868 MWVIGDE   -7.0557   -9.6968   -2.6411    0.2923
 4869 MWIVGDE   -8.0671  -10.7083   -2.6411    0.2923
 4870 MWLVGDE   -7.3460  -11.2169   -3.8709    0.2923
 4871 MWLVGDE   -7.3460  -11.2169   -3.8709    0.2923
 4872 MWDVGKM   -7.5045   -7.2502    0.2543    0.2923
 4873 MWDVGDM   -6.9559   -7.1944   -0.2386    0.2923
 4874 MWEVGKM   -9.2420   -9.3048   -0.0629    0.2923
 4875 MWEVGKM   -9.2420   -9.3048   -0.0629    0.2923
 4876 MWEVGKM   -9.2420   -9.3048   -0.0629    0.2923
 4877 MWDVGVK   -8.2119   -7.8831    0.3289    0.2923
 4878 MWDVGVR   -5.0202   -8.0554   -3.0351    0.2923
 4879 MFDVGVK   -7.8020   -7.6542    0.1477    0.2923
 4880 MFVDGKV   -7.6103   -7.5740    0.0363    0.2923
 4881 FMVDGKV   -5.7818   -5.7455    0.0363    0.2923
 4882 FVVDGKI   -6.2038   -6.0787    0.1251    0.2923
 4883 FVVDGKI   -6.2038   -6.0787    0.1251    0.2923
 4884 FMVEGKI   -7.2869   -7.5535   -0.2666    0.2923
 4885 FMVEGKI   -7.2869   -7.5535   -0.2666    0.2923
 4886 FMVEGDI   -5.6186   -6.3780   -0.7594    0.2923
 4887 FMVDGEI   -5.6913   -6.4507   -0.7594    0.2923
 4888 FMVKGEI   -4.6318   -4.8984   -0.2666    0.2923
 4889 FMVDGEM   -4.3450   -5.1133   -0.7683    0.2923
 4890 FIVDGKM   -6.2850   -6.2344    0.0506    0.2923
 4891 FKVDGMM   -6.5233   -6.3702    0.1531    0.2923
 4892 FKVDGMM   -6.5233   -6.3702    0.1531    0.2923
 4893 FKVDGMF   -6.3514   -5.8851    0.4663    0.2923
 4894 FKVDGMI   -7.2535   -7.0915    0.1620    0.2923
 4895 FKVDGML   -5.9274   -6.9951   -1.0677    0.2923
 4896 FKVDGML   -5.9274   -6.9951   -1.0677    0.2923
 4897 MKVEGMV   -7.0142   -8.7768   -1.7626    0.2923
 4898 MKVEGMV   -7.0142   -8.7768   -1.7626    0.2923
 4899 KGVEMIV   -5.2961   -5.8013   -0.5051    0.2923
 4900 KGVMIEV   -5.3773   -5.8824   -0.5051    0.2923
 4901 MGVKIEV   -6.6983   -6.9806   -0.2823    0.2923
 4902 MGVIKEV   -9.1001   -9.6052   -0.5051    0.2923
 4903 MGVVKEY   -4.5207   -7.2210   -2.7003    0.2923
 4904 MGIVKEL   -6.0523   -7.8528   -1.8006    0.2923
 4905 MGVIKEL   -7.5382   -9.3388   -1.8006    0.2923
 4906 MGVIKDL   -7.6723   -9.1558   -1.4834    0.2923
 4907 MGVIKEL   -6.4482   -8.2488   -1.8006    0.2923
 4908 MGVIKEL   -6.4482   -8.2488   -1.8006    0.2923
 4909 MGKIVEF   -7.0235   -7.1786   -0.1551    0.2923
 4910 MGKVVEF   -6.8568   -7.0263   -0.1694    0.2923
 4911 MGKVWEV   -7.6360   -7.6243    0.0117    0.2923
 4912 MGKVIEV   -8.4371   -8.8308   -0.3937    0.2923
 4913 MGKVIEV   -8.4371   -8.8308   -0.3937    0.2923
 4914 MEKVIGV   -7.5759   -8.0810   -0.5051    0.2923
 4915 MEKVVVI   -5.8685   -8.1879   -2.3194    0.2923
 4916 GKVVEVI   -9.0623   -9.5729   -0.5106    0.2923
 4917 AKVVEVI   -9.1638   -9.6618   -0.4980    0.2923
 4918 AIVVEVK  -10.9717  -11.5812   -0.6094    0.2923
 4919 AIKVEVV  -11.5373  -12.0353   -0.4980    0.2923
 4920 AVKVIEV  -10.0317  -10.5297   -0.4980    0.2923
 4921 AVKVIEV  -10.0317  -10.5297   -0.4980    0.2923
 4922 AVKVEIV  -10.3025  -10.8005   -0.4980    0.2923
 4923 AVKVEVI  -10.5868  -11.0848   -0.4980    0.2923
 4924 AKVVEVI  -11.2062  -11.7042   -0.4980    0.2923
 4925 AKVVEIL   -7.3951  -10.7886   -3.3934    0.2923
 4926 AKVAELI   -6.7182  -10.9076   -4.1894    0.2923
 4927 AKIAELV   -6.9552  -11.1447   -4.1894    0.2923
 4928 AKIADLV   -6.4470  -10.3193   -3.8723    0.2923
 4929 MKVAELI   -8.8640  -12.3320   -3.4680    0.2923
 4930 MKVAELI   -8.8640  -12.3320   -3.4680    0.2923
 4931 MKVAELM   -9.7502  -12.0270   -2.2769    0.2923
 4932 MKLAEVM   -9.9031  -12.1800   -2.2769    0.2923
 4933 MMKAEVL   -8.6482  -10.9251   -2.2769    0.2923
 4934 MMKAEVL   -8.6482  -10.9251   -2.2769    0.2923
 4935 MMKAEVL   -8.6482  -10.9251   -2.2769    0.2923
 4936 AEKMLVI   -3.2264   -6.9173   -3.6909    0.2923
 4937 AEKMLVI   -3.2264   -6.9173   -3.6909    0.2923
 4938 AEKMLVI   -3.2264   -6.9173   -3.6909    0.2923
 4939 AMKEVVI   -7.4488   -8.1643   -0.7154    0.2923
 4940 AVKEMVF   -8.8936   -9.3847   -0.4911    0.2923
 4941 AMKEMVV   -6.3709   -8.4552   -2.0843    0.2923
 4942 YMKEMVV   -6.2052   -6.1944    0.0109    0.2923
 4943 YMKEMVV   -6.2052   -6.1944    0.0109    0.2923
 4944 MMKEMVV   -8.4330   -9.0758   -0.6429    0.2923
 4945 MMKEMVV   -8.4330   -9.0758   -0.6429    0.2923
 4946 MMKEVVM   -8.6458   -9.2887   -0.6429    0.2923
 4947 MMKEVVM   -8.6458   -9.2887   -0.6429    0.2923
 4948 MEKMVVM   -8.9186   -9.5615   -0.6429    0.2923
 4949 MVKADVM   -9.5578  -11.1021   -1.5443    0.2923
 4950 MVKADVI   -9.6031   -9.7786   -0.1754    0.2923
 4951 MVKAEVI  -10.4384  -10.9310   -0.4926    0.2923
 4952 MVKADVL   -9.6803  -11.6454   -1.9651    0.2923
 4953 MVKAEVF   -9.7272   -9.9955   -0.2683    0.2923
 4954 MVKAEVF   -9.7272   -9.9955   -0.2683    0.2923
 4955 MVKAEVF   -9.7272   -9.9955   -0.2683    0.2923
 4956 MVKAEVW   -9.7123  -11.4795   -1.7671    0.2923
 4957 MVKAEVW   -9.7123  -11.4795   -1.7671    0.2923
 4958 MVKAEVW   -9.7123  -11.4795   -1.7671    0.2923
 4959 MWKAEVY   -7.6305   -8.8185   -1.1880    0.2923
 4960 MWKGEVY   -7.2819   -7.5224   -0.2406    0.2923
 4961 MEKGVVM   -7.2465   -9.2320   -1.9854    0.2923
 4962 MYKEVVM   -9.3012   -9.2903    0.0109    0.2923
 4963 MYKEVVM   -5.7314   -5.7205    0.0109    0.3054
 4964 MYKEVVM   -5.7314   -5.7205    0.0109    0.3054
 4965 MYEKVVM   -6.5414   -6.5305    0.0109    0.3054
 4966 MYEKVVM   -6.5414   -6.5305    0.0109    0.3054
 4967 MYEKVVM   -6.5414   -6.5305    0.0109    0.3054
 4968 MYEVVKM   -8.6465   -8.4128    0.2337    0.3054
 4969 MVEVVEM   -7.7235   -8.8789   -1.1554    0.3054
 4970 MVEMVEM   -4.3349   -5.5649   -1.2300    0.3054
 4971 MVEMVDM   -4.5729   -5.4857   -0.9129    0.3054
 4972 MVEMDVM   -4.9259   -5.8387   -0.9129    0.3054
 4973 MVEVEMM   -7.3254   -8.5554   -1.2300    0.3054
 4974 MMMVEVD   -9.1863  -10.2106   -1.0243    0.3054
 4975 MMMVEVD   -9.1863  -10.2106   -1.0243    0.3054
 4976 MMMVEVK   -7.4411   -7.9725   -0.5314    0.3054
 4977 MMMVDVE   -6.6934   -7.7177   -1.0243    0.3054
 4978 MKVVDVI   -8.8597  -10.6391   -1.7794    0.3054
 4979 MKVVDGI   -9.3129   -9.3895   -0.0766    0.3054
 4980 MKVVDGI   -9.3129   -9.3895   -0.0766    0.3054
 4981 MKVVDGW  -10.1501   -9.8213    0.3289    0.3054
 4982 MKVVDGV   -9.5305  -10.9814   -1.4509    0.3054
 4983 IKVMDGV  -11.1698  -11.2463   -0.0766    0.3054
 4984 MKVVDGV  -10.9672  -12.4180   -1.4509    0.3054
 4985 MKVVDGV  -10.9672  -12.4180   -1.4509    0.3054
 4986 FKVVDGV  -10.5460  -10.4037    0.1423    0.3054
 4987 VKVVDGF  -11.3546  -11.2123    0.1423    0.3054
 4988 VKVVDFG   -9.8364   -9.6941    0.1423    0.3054
 4989 VKVVDFG   -9.8364   -9.6941    0.1423    0.3054
 4990 MKVVDGF  -10.9057  -10.7580    0.1477    0.3054
 4991 MKVVDGF  -10.9057  -10.7580    0.1477    0.3054
 4992 VKVMDGF  -11.0287  -10.8810    0.1477    0.3054
 4993 VKIMDGF  -10.6522  -10.4902    0.1620    0.3054
 4994 VKIMDGF  -10.6522  -10.4902    0.1620    0.3054
 4995 VKIMDGF  -10.6522  -10.4902    0.1620    0.3054
 4996 VKIMDGF  -10.6522  -10.4902    0.1620    0.3054
 4997 VKMMDGF   -9.7354   -9.5822    0.1531    0.3054
 4998 VKMMDGF   -9.7354   -9.5822    0.1531    0.3054
 4999 IKMMDGI   -9.1715   -9.3884   -0.2169    0.3054
 5000 IKMMDGI   -9.1715   -9.3884   -0.2169    0.3054
 5001 IKMMDGI   -8.9422   -9.1591   -0.2169    0.3054
 5002 MKIIDGI   -7.6900   -9.6580   -1.9680    0.3054
 5003 IKIMDGI   -7.8749   -9.8429   -1.9680    0.3054
 5004 VKIMDGW   -8.4288   -9.9256   -1.4969    0.3054
 5005 WKMMDGV   -9.7571   -9.5028    0.2543    0.3054
 5006 AKVMDGI   -6.2544   -9.6070   -3.3526    0.3054
 5007 GKIMDVI   -7.4282   -7.6819   -0.2537    0.3054
 5008 GKIMDVM   -8.3263   -8.5089   -0.1826    0.3054
 5009 GKIMDVM   -8.3263   -8.5089   -0.1826    0.3054
 5010 GKMIDVM   -9.2249   -9.4075   -0.1826    0.3054
 5011 GKVIDMM   -8.8976   -9.0802   -0.1826    0.3054
 5012 GKVIDMF   -8.5894   -8.5388    0.0506    0.3054
 5013 GKVIDMF   -8.5894   -8.5388    0.0506    0.3054
 5014 GKVIEMF   -8.1156   -8.3821   -0.2666    0.3054
 5015 MKVIEGY   -9.9314  -11.1459   -1.2146    0.3054
 5016 MVEWKGY   -6.7188   -6.8479   -0.1291    0.3054
 5017 MEVWKGY   -8.6640   -8.7931   -0.1291    0.3054
 5018 MEVWKGY   -8.6640   -8.7931   -0.1291    0.3054
 5019 MKVIDGY   -7.8700   -8.7674   -0.8974    0.3054
 5020 MKVIDGY   -7.8700   -8.7674   -0.8974    0.3054
 5021 IKVYDGI   -6.7297   -6.2582    0.4714    0.3054
 5022 IDVYKGI   -6.0610   -5.5896    0.4714    0.3054
 5023 IDVYKGI   -6.0610   -5.5896    0.4714    0.3054
 5024 WDVYKGI   -0.8194   -1.6625   -0.8431    0.3054
 5025 IDVYKGM   -4.7880   -5.6854   -0.8974    0.3054
 5026 IKVYEGF   -6.9065   -6.5279    0.3786    0.3054
 5027 IKVYEGF   -6.9065   -6.5279    0.3786    0.3054
 5028 FKVYEGF   -5.3346   -4.7318    0.6029    0.3054
 5029 KFVYEGF   -5.0966   -4.6052    0.4914    0.3054
 5030 KFVYEGF   -5.0966   -4.6052    0.4914    0.3054
 5031 KFVFEGV   -6.9647   -6.8524    0.1123    0.3054
 5032 KFLFEGV   -0.2491   -3.1922   -2.9431    0.3054
 5033 KELGFGV   -0.4278   -4.3066   -3.8789    0.3054
 5034 KEIGFGV   -4.6855   -6.7747   -2.0891    0.3054
 5035 KEIGFGV   -4.6855   -6.7747   -2.0891    0.3054
 5036 FKIGEGV   -5.8322   -7.8099   -1.9777    0.3054
 5037 FIKGEGV   -5.9007   -7.9898   -2.0891    0.3054
 5038 FIKGEGI   -5.1715   -5.8864   -0.7149    0.3054
 5039 FKIGEGI   -6.2743   -6.8777   -0.6034    0.3054
 5040 IKFGDGI   -3.5733   -3.8596   -0.2863    0.3054
 5041 IKFGDGI   -3.5733   -3.8596   -0.2863    0.3054
 5042 IDFGKGI   -2.3339   -2.6202   -0.2863    0.3054
 5043 IEKGMGF   -5.1179   -7.2016   -2.0837    0.3054
 5044 IEKGMGF   -5.1179   -7.2016   -2.0837    0.3054
 5045 FDKGMGI   -4.8270   -6.5936   -1.7666    0.3054
 5046 IDKGMGF   -5.3257   -7.0923   -1.7666    0.3054
 5047 MDKGFGI   -5.5616   -7.3282   -1.7666    0.3054
 5048 FDKGMGF   -4.1050   -5.6473   -1.5423    0.3054
 5049 FDKGMGF   -4.1050   -5.6473   -1.5423    0.3054
 5050 MDKGMGW   -6.4404   -8.7147   -2.2743    0.3054
 5051 IMKGDGW   -5.1318   -6.0372   -0.9054    0.3054
 5052 MVKGVGD   -6.8366  -11.5760   -4.7394    0.3054
 5053 MDKGVGV   -5.8057  -10.5452   -4.7394    0.3054
 5054 MVKGFGD   -9.2547  -12.3955   -3.1409    0.3054
 5055 MVKGFGD   -9.2547  -12.3955   -3.1409    0.3054
 5056 MVKGFGD   -9.2547  -12.3955   -3.1409    0.3054
 5057 MVKGFGD   -9.2547  -12.3955   -3.1409    0.3054
 5058 GVKGFMD   -7.3713  -10.5122   -3.1409    0.3054
 5059 GVKGFME   -6.8281  -10.2861   -3.4580    0.3054
 5060 GVKGFME   -6.8281  -10.2861   -3.4580    0.3054
 5061 GVKGFEF   -8.0686   -9.8220   -1.7534    0.3054
 5062 GVKGFEF   -8.0686   -9.8220   -1.7534    0.3054
 5063 GVKGFEF   -8.0686   -9.8220   -1.7534    0.3054
 5064 GVKGIDL   -7.1298  -10.8043   -3.6746    0.3054
 5065 GVKGIEL   -7.2509  -11.2426   -3.9917    0.3054
 5066 GVKGIEL   -7.7106  -11.7024   -3.9917    0.3054
 5067 GFKGIDL   -8.0878  -10.1638   -2.0760    0.3054
 5068 GIKGIDM  -10.0526  -11.9320   -1.8794    0.3054
 5069 GIKGIVD  -10.4500  -12.4463   -1.9963    0.3054
 5070 GIKGIVD  -10.1839  -12.1801   -1.9963    0.3054
 5071 GIKGIVD  -10.1839  -12.1801   -1.9963    0.3054
 5072 GIKGIVD  -10.1839  -12.1801   -1.9963    0.3054
 5073 GIKGIVD  -10.1839  -12.1801   -1.9963    0.3054
 5074 GIKGIVD  -10.1089  -12.1052   -1.9963    0.3054
 5075 GIKGDVI   -8.1375  -10.1337   -1.9963    0.3054
 5076 GIKGDVW   -8.7368   -9.6476   -0.9109    0.3054
 5077 GIKGDFW   -8.6792   -8.2714    0.4077    0.3054
 5078 GWKGDFI   -7.8461   -7.4384    0.4077    0.3054
 5079 GWKGDFM   -6.3394   -7.0206   -0.6811    0.3054
 5080 GWKGDFM   -6.3394   -7.0206   -0.6811    0.3054
 5081 GWKGDFM   -6.3890   -7.0702   -0.6811    0.3054
 5082 GWKGDFA   -3.6538   -7.6164   -3.9626    0.3054
 5083 GWKGEFA   -4.0567   -8.3364   -4.2797    0.3054
 5084 GWKGEFA   -3.8842   -8.1639   -4.2797    0.3054
 5085 GMKGEFW   -7.2406   -8.2389   -0.9983    0.3054
 5086 GEKGMFW   -7.7008   -8.9219   -1.2211    0.3054
 5087 GEKGMFW   -7.7008   -8.9219   -1.2211    0.3054
 5088 GEKGMFW   -7.7008   -8.9219   -1.2211    0.3054
 5089 GEKGMFW   -7.7008   -8.9219   -1.2211    0.3054
 5090 GEKGMFF   -6.7079   -8.7902   -2.0823    0.3054
 5091 GEKGFMF   -6.5869   -8.6691   -2.0823    0.3054
 5092 GEKGVMW   -7.5157  -10.3354   -2.8197    0.3054
 5093 GEKGVIW   -7.8460   -9.2968   -1.4509    0.3054
 5094 GEWGVIK   -5.9938   -7.2218   -1.2280    0.3054
 5095 GEWGVIK   -5.9938   -7.2218   -1.2280    0.3054
 5096 GIWGVEK   -6.3267   -7.6661   -1.3394    0.3054
 5097 GIKGVEW   -6.7989   -7.9154   -1.1166    0.3054
 5098 GVKGIEW   -8.7047   -9.8212   -1.1166    0.3054
 5099 GVKGIEI   -8.4192  -10.6212   -2.2020    0.3054
 5100 GVKGIEI   -8.4125  -10.6145   -2.2020    0.3054
 5101 GVKGIEI   -8.4125  -10.6145   -2.2020    0.3054
 5102 GVKGIEL   -6.6896  -10.6813   -3.9917    0.3054
 5103 GVKGIEW   -9.0857  -10.2023   -1.1166    0.3054
 5104 GIKGLEW   -8.1900   -9.7220   -1.5320    0.3054
 5105 GIKGLEW   -8.1900   -9.7220   -1.5320    0.3054
 5106 GIKGLEW   -8.1900   -9.7220   -1.5320    0.3054
 5107 GIKGVEW   -8.4742   -9.5908   -1.1166    0.3054
 5108 GIKGVEW   -8.4742   -9.5908   -1.1166    0.3054
 5109 GVKGIEW   -8.7276   -9.8442   -1.1166    0.3054
 5110 GIKGIEW  -10.2596  -10.3619   -0.1023    0.3054
 5111 GIKGIEW  -10.2596  -10.3619   -0.1023    0.3054
 5112 GFKGIEW   -7.9648   -7.7628    0.2020    0.3054
 5113 GFKGIEW   -7.9648   -7.7628    0.2020    0.3054
 5114 GFKGIEW   -7.9648   -7.7628    0.2020    0.3054
 5115 GIKGIEW  -10.1681  -10.2704   -0.1023    0.3054
 5116 GIKGIEW  -10.1681  -10.2704   -0.1023    0.3054
 5117 GIKGIEW  -10.1681  -10.2704   -0.1023    0.3054
 5118 GKIGIEI   -9.8599  -10.6876   -0.8277    0.3054
 5119 GKIGIEI   -9.8599  -10.6876   -0.8277    0.3054
 5120 GKIGIDI   -9.8627  -10.3733   -0.5106    0.3054
 5121 GKIGIID  -10.2300  -10.8520   -0.6220    0.3054
 5122 MIIGKID   -6.0675   -8.1469   -2.0794    0.3054
 5123 MIIGKGD   -6.3074   -8.4097   -2.1023    0.3054
 5124 MIIGEMD  -10.4285  -11.5668   -1.1383    0.3054
 5125 MIIGEMD  -10.4285  -11.5668   -1.1383    0.3054
 5126 MIIGEMD  -10.4285  -11.5668   -1.1383    0.3054
 5127 MIVGEMD  -10.1698  -11.1624   -0.9926    0.3054
 5128 MIIGEVD  -11.4618  -12.5255   -1.0637    0.3054
 5129 MWVGEVD  -10.9824  -11.5749   -0.5926    0.3054
 5130 MWVGEVK   -7.7982   -7.8979   -0.0997    0.3054
 5131 MWVGEVK   -8.5804   -8.6801   -0.0997    0.3054
 5132 MIVGEVD  -11.5777  -12.5757   -0.9980    0.3054
 5133 MIWGEVD  -10.8137  -13.2320   -2.4183    0.3054
 5134 MIWGEGD   -8.7663  -10.5932   -1.8269    0.3054
 5135 MIGWEGD   -8.4430  -10.1584   -1.7154    0.3054
 5136 WIGLEGD   -8.3732  -10.5095   -2.1363    0.3054
 5137 WIGLEGD   -8.3732  -10.5095   -2.1363    0.3054
 5138 WIGLEGD   -8.3732  -10.5095   -2.1363    0.3054
 5139 WIGLEGD   -8.3732  -10.5095   -2.1363    0.3054
 5140 WIGLEGD   -8.3732  -10.5095   -2.1363    0.3054
 5141 WIGLEGD   -8.3732  -10.5095   -2.1363    0.3054
 5142 WIGLEGD   -8.3732  -10.5095   -2.1363    0.3054
 5143 WIGLDGE   -6.5554   -8.6917   -2.1363    0.3054
 5144 WIELEGG   -4.5846   -7.1494   -2.5649    0.3054
 5145 IILEEGY   -2.7709   -6.6649   -3.8940    0.3054
 5146 IILEEGA   -4.6074   -8.3565   -3.7491    0.3054
 5147 IIELEGA   -5.3552   -8.8815   -3.5263    0.3054
 5148 IIALEGD   -6.5145   -9.9465   -3.4320    0.3054
 5149 LIAIEGD   -6.8913  -10.3233   -3.4320    0.3054
 5150 DVAIEGI   -3.9808   -6.8859   -2.9051    0.3054
 5151 KVAWEGI   -5.2278   -6.5547   -1.3269    0.3054
 5152 KVAWEGI   -5.2278   -6.5547   -1.3269    0.3054
 5153 IVAWEGE   -6.7020   -8.9503   -2.2483    0.3054
 5154 WVGIEAE   -6.9485   -8.9739   -2.0254    0.3054
 5155 VVGIDAE   -5.2005   -9.3685   -4.1680    0.3054
 5156 VVGIDAE   -5.3848   -9.5528   -4.1680    0.3054
 5157 LVGIDAE   -4.8613   -9.4447   -4.5834    0.3054
 5158 LVGIEGE   -5.4910  -10.4042   -4.9131    0.3054
 5159 IVGLDGE   -4.5835   -9.1795   -4.5960    0.3054
 5160 IGGVWDE   -4.7558   -6.6995   -1.9437    0.3054
 5161 IVGGWEE   -4.7047   -6.9655   -2.2609    0.3054
 5162 IVGGWEE   -4.6716   -6.9325   -2.2609    0.3054
 5163 IFGGWEE   -5.5722   -6.5145   -0.9423    0.3054
 5164 IFGGWEE   -6.2206   -7.1628   -0.9423    0.2287
 5165 IFGAWEE   -5.4311   -8.0408   -2.6097    0.2287
 5166 IFGAWEE   -5.4311   -8.0408   -2.6097    0.2287
 5167 IAGFWEE   -4.1638   -6.7735   -2.6097    0.2287
 5168 IWGEAEF   -2.4446   -4.8315   -2.3869    0.2287
 5169 IWGKAFE   -4.4780   -6.1663   -1.6883    0.2287
 5170 IWAKGMD   -3.3695   -4.3738   -1.0043    0.2287
 5171 IKAIGMD   -5.3610   -7.3393   -1.9783    0.2287
 5172 IKAIGMD   -5.3610   -7.3393   -1.9783    0.2287
 5173 IKAIGMD   -5.3610   -7.3393   -1.9783    0.2287
 5174 MIAKGID   -4.5327   -6.6224   -2.0897    0.2287
 5175 MIAKGID   -4.5327   -6.6224   -2.0897    0.2287
 5176 MIAKGID   -4.5327   -6.6224   -2.0897    0.2287
 5177 MIAKGIE   -3.7411   -6.1479   -2.4069    0.2287
 5178 MIAKGVE   -5.4239   -9.2050   -3.7811    0.2287
 5179 KIAVGME   -4.0333   -7.8145   -3.7811    0.2287
 5180 KWAVGME   -4.6492   -7.3449   -2.6957    0.2287
 5181 MWVVGKE   -6.5606   -6.8831   -0.3226    0.2287
 5182 KWVVGME   -7.8676   -7.9673   -0.0997    0.2287
 5183 KVVVGME   -6.4984   -8.3778   -1.8794    0.2287
 5184 KVEVGIV   -5.6193   -6.0185   -0.3991    0.2287
 5185 KVVEGIV   -5.3956   -5.9061   -0.5106    0.2287
 5186 DVVEGIV   -4.5662   -5.5696   -1.0034    0.2287
 5187 DVVIGVE   -6.6681   -7.6715   -1.0034    0.2287
 5188 DVVIGVD   -7.2909   -7.9772   -0.6863    0.2287
 5189 DVVVGVD   -6.7918   -8.8524   -2.0606    0.2287
 5190 VLVDGVD   -6.2138   -8.6898   -2.4760    0.2287
 5191 VLVVGDD   -9.4157  -12.1145   -2.6989    0.2287
 5192 VVVVGED   -8.5784  -11.1790   -2.6006    0.2287
 5193 VVVVGEE   -8.6080  -11.5258   -2.9177    0.2287
 5194 VWEVGMD   -7.2052   -7.6863   -0.4811    0.2287
 5195 VWDVGME   -6.8144   -7.2956   -0.4811    0.2287
 5196 VWMVGEE   -8.3407   -9.4733   -1.1326    0.2287
 5197 VWMVGEE   -8.3407   -9.4733   -1.1326    0.2287
 5198 VWMVGEE   -8.3407   -9.4733   -1.1326    0.2287
 5199 VWMVGEE   -8.3407   -9.4733   -1.1326    0.2287
 5200 VFMVGEE   -9.0136  -10.3274   -1.3137    0.2287
 5201 VWMVGEE   -9.3223  -10.4549   -1.1326    0.2287
 5202 LWVVGEK   -5.6677   -8.9712   -3.3034    0.2287
 5203 LFVVGEE   -6.0917   -8.5462   -2.4546    0.2287
 5204 VELVGDF   -5.9833   -7.7865   -1.8031    0.2287
 5205 GELVEVF   -4.2223   -6.4540   -2.2317    0.2287
 5206 ALEVYVE   -4.7131   -8.7431   -4.0300    0.2287
 5207 ALKVYME   -5.9188   -9.1334   -3.2146    0.2287
 5208 AVKVLME   -7.8934  -10.2871   -2.3937    0.2287
 5209 AVKVLEF   -7.4204  -10.5096   -3.0891    0.2287
 5210 AVKLFEG   -4.1329   -8.1106   -3.9777    0.2287
 5211 AVKLFEG   -4.1329   -8.1106   -3.9777    0.2287
 5212 AVKLLEG   -3.2621   -9.2539   -5.9917    0.2287
 5213 ALKVDLA   -2.1833   -7.8453   -5.6620    0.2287
 5214 FYKVDLA   -0.2263   -2.4191   -2.1929    0.2287
 5215 FIKLDVA   -1.0385   -5.6362   -4.5977    0.2287
 5216 FVKADVL   -4.7515   -7.5235   -2.7720    0.2287
 5217 MVKDAVF   -6.5202   -6.6942   -0.1740    0.2287
 5218 MFKVADV   -8.3789   -8.3300    0.0489    0.2287
 5219 MFKDAVV   -7.2705   -7.4445   -0.1740    0.2287
 5220 MFKDAVV   -7.2705   -7.4445   -0.1740    0.2287
 5221 MMKDAVV   -6.2869   -8.0540   -1.7671    0.2287
 5222 FMKADVV   -6.1873   -6.1384    0.0489    0.2287
 5223 AMKVDVF   -8.2181   -8.1693    0.0489    0.2287
 5224 MVKVDAF   -9.2525   -9.2036    0.0489    0.2287
 5225 MVEVDAF   -7.5178   -8.2790   -0.7611    0.2287
 5226 MFKVVAD   -9.3317   -9.3942   -0.0626    0.2287
 5227 MFKVVAD   -9.3317   -9.3942   -0.0626    0.2287
 5228 KFMVVAD  -10.9994  -11.1734   -0.1740    0.2287
 5229 KFMVVAD  -10.9994  -11.1734   -0.1740    0.2287
 5230 KFMVVAD  -10.9994  -11.1734   -0.1740    0.2287
 5231 KFVVVAD  -10.9524  -11.1318   -0.1794    0.2287
 5232 KFVVVAD  -10.9524  -11.1318   -0.1794    0.2287
 5233 KFVVVAD  -10.9524  -11.1318   -0.1794    0.2287
 5234 KFVVVAD  -10.9524  -11.1318   -0.1794    0.2287
 5235 KFVVVAD  -10.9524  -11.1318   -0.1794    0.2287
 5236 KFAVMVD   -8.5106   -8.6846   -0.1740    0.2287
 5237 KFAVVMD   -7.9240   -8.0980   -0.1740    0.2287
 5238 FKAVVMD   -6.5361   -6.5986   -0.0626    0.2287
 5239 MKAMVVD   -9.6797  -11.3354   -1.6557    0.2287
 5240 MKDMMVA   -4.2727   -6.0344   -1.7617    0.2287
 5241 MKDMAVM   -4.1956   -5.9573   -1.7617    0.2287
 5242 MKDMAVF   -6.0278   -6.1964   -0.1686    0.2287
 5243 MKEMAVI   -6.2386   -6.9486   -0.7100    0.2287
 5244 MKDMAVI   -5.6439   -6.0367   -0.3929    0.2287
 5245 MKDIAVM   -5.0471   -5.4400   -0.3929    0.2287
 5246 MKDIAVM   -5.0471   -5.4400   -0.3929    0.2287
 5247 MKAVDIM   -8.6865   -8.8565   -0.1700    0.2287
 5248 MKMVDVA   -9.7738  -11.3181   -1.5443    0.2287
 5249 AKMVDVM  -10.3436  -11.8878   -1.5443    0.2287
 5250 MKMVAVD  -10.4250  -12.0807   -1.6557    0.2287
 5251 MKMVAVD  -10.4250  -12.0807   -1.6557    0.2287
 5252 MKMVGVD   -9.8639  -11.3093   -1.4454    0.2287
 5253 MKMVGVD   -9.8639  -11.3093   -1.4454    0.2287
 5254 MKLVGVD   -9.9213  -11.7876   -1.8663    0.2287
 5255 MKLVGVD   -9.9213  -11.7876   -1.8663    0.2287
 5256 MKLVGVD   -9.9213  -11.7876   -1.8663    0.2287
 5257 MKLVVVD  -10.1108  -13.2314   -3.1206    0.2287
 5258 AKLVVVD  -10.5332  -12.6152   -2.0820    0.2287
 5259 MKLVVVD  -10.3740  -13.4945   -3.1206    0.2287
 5260 MKLVVVD  -10.3740  -13.4945   -3.1206    0.2287
 5261 MKLVVVD  -10.3740  -13.4945   -3.1206    0.2287
 5262 MKLVGVD  -10.1646  -12.0309   -1.8663    0.2287
 5263 MKLVVVD  -10.5011  -13.6217   -3.1206    0.2287
 5264 MVLVKAD   -8.5868  -10.6633   -2.0766    0.2287
 5265 MVVVEAD  -10.3172  -12.7883   -2.4711    0.2287
 5266 FVVAEVD   -7.3824   -8.2604   -0.8780    0.2287
 5267 FVAVEVD   -8.2467   -9.1247   -0.8780    0.2287
 5268 FAVVEVD   -7.6706   -8.5486   -0.8780    0.2287
 5269 FVVVEVD   -7.9654  -10.2874   -2.3220    0.2287
 5270 DVVVMVD   -9.0398   -9.7092   -0.6694    0.2287
 5271 KVMVYVD   -9.3999   -8.9973    0.4026    0.2287
 5272 KVMVYVD   -9.3999   -8.9973    0.4026    0.2287
 5273 KVMVYVD   -9.3999   -8.9973    0.4026    0.2287
 5274 KVGIIVD   -7.3217   -7.5008   -0.1791    0.2287
 5275 KVGIIVE   -6.1639   -6.6602   -0.4963    0.2287
 5276 KVGIFVE   -8.1938   -8.3858   -0.1920    0.2287
 5277 KVGVFVD   -8.7339   -8.7030    0.0309    0.2287
 5278 KVGVFVD   -8.7339   -8.7030    0.0309    0.2287
 5279 KFVVGID   -5.2358   -5.1107    0.1251    0.2287
 5280 KFVIGLD   -3.4680   -6.3983   -2.9303    0.2287
 5281 KIWIGGD   -4.2708   -4.3902   -0.1194    0.2287
 5282 KILIGGD   -4.8052   -7.4398   -2.6346    0.2287
 5283 KILIGGD   -4.8052   -7.4398   -2.6346    0.2287
 5284 KIILGGD   -4.6345   -7.2691   -2.6346    0.2287
 5285 KIILGGD   -4.6345   -7.2691   -2.6346    0.2287
 5286 KWILGGD   -6.9405   -8.4896   -1.5491    0.2287
 5287 KWILGGD   -6.9405   -8.4896   -1.5491    0.2287
 5288 KWILGGD   -6.9405   -8.4896   -1.5491    0.2287
 5289 KWIIGGD   -9.4075   -9.5269   -0.1194    0.2287
 5290 KWIIGGD   -9.4075   -9.5269   -0.1194    0.2287
 5291 KWIIGGD   -9.4075   -9.5269   -0.1194    0.2287
 5292 KMIIGGD   -7.6511   -9.8649   -2.2137    0.2287
 5293 KVIIGGD   -8.1152  -10.3343   -2.2191    0.2287
 5294 KVIIGGD   -8.1152  -10.3343   -2.2191    0.2287
 5295 KWIIGGD   -8.5250   -8.6445   -0.1194    0.2287
 5296 KWIIGGD   -8.5250   -8.6445   -0.1194    0.2287
 5297 DWIIGGD   -5.6401   -6.2524   -0.6123    0.2287
 5298 DMIIGGR   -3.0662   -8.6439   -5.5777    0.2287
 5299 DMIIGGR   -3.0662   -8.6439   -5.5777    0.2287
 5300 DLIIGGD   -5.5695   -8.6969   -3.1274    0.2287
 5301 KIIIGGD  -12.6723  -13.5172   -0.8449    0.2287
 5302 KIIIGGD  -12.6723  -13.5172   -0.8449    0.2287
 5303 KIIIGGD  -12.6723  -13.5172   -0.8449    0.2287
 5304 KIIMGGD   -8.9777  -11.1914   -2.2137    0.2287
 5305 WKIMGGD   -8.3531   -9.3700   -1.0169    0.2287
 5306 WKMIGGD   -8.3739   -9.3907   -1.0169    0.2287
 5307 WKMIGGD   -8.3739   -9.3907   -1.0169    0.2287
 5308 WKIIGGD  -11.1336  -11.1416   -0.0080    0.2287
 5309 WKIIGGD  -11.1336  -11.1416   -0.0080    0.2287
 5310 WKIIGGD  -11.1336  -11.1416   -0.0080    0.2287
 5311 WKIIGGD  -11.1336  -11.1416   -0.0080    0.2287
 5312 WEIIGGD   -8.2616   -9.0796   -0.8180    0.2287
 5313 WKIIGGD   -9.2558   -9.2638   -0.0080    0.2287
 5314 WIIKGGD  -10.4450  -10.5644   -0.1194    0.2287
 5315 WIIKGGD  -10.4450  -10.5644   -0.1194    0.2287
 5316 WIIKGGD  -10.4450  -10.5644   -0.1194    0.2287
 5317 WIIKGGD  -10.4450  -10.5644   -0.1194    0.2287
 5318 WIIKGGD  -10.4450  -10.5644   -0.1194    0.2287
 5319 WIIKGGD  -10.4450  -10.5644   -0.1194    0.2287
 5320 WIIKGGD  -10.4450  -10.5644   -0.1194    0.2287
 5321 WIIKGGD  -10.4450  -10.5644   -0.1194    0.2287
 5322 WKIIGGD  -10.7562  -10.7642   -0.0080    0.2287
 5323 WKIIGGD  -10.7562  -10.7642   -0.0080    0.2287
 5324 WKIIGGE   -9.8099  -10.1351   -0.3251    0.2287
 5325 WKIIGGD  -10.6931  -10.7011   -0.0080    0.2287
 5326 WIKIGGD  -10.0933  -10.1013   -0.0080    0.2287
 5327 WIKIGGD  -10.0933  -10.1013   -0.0080    0.2287
 5328 WIKIGGD  -10.0933  -10.1013   -0.0080    0.2287
 5329 WIKIGGD  -10.0933  -10.1013   -0.0080    0.2287
 5330 WIKIGGD  -10.0933  -10.1013   -0.0080    0.2287
 5331 IIKLGGD   -7.1609   -9.6841   -2.5231    0.2287
 5332 KIILGGE   -8.2079  -11.1596   -2.9517    0.2287
 5333 KIILGGE   -8.2079  -11.1596   -2.9517    0.2287
 5334 KIILGGE   -8.1934  -11.1451   -2.9517    0.2287
 5335 KIILGGE   -8.1934  -11.1451   -2.9517    0.2287
 5336 KIILGGD   -9.1159  -11.7505   -2.6346    0.2287
 5337 KILLGGD   -7.6827  -12.1070   -4.4243    0.2287
 5338 KILLGGD   -7.6827  -12.1070   -4.4243    0.2287
 5339 KFIIGGD  -10.1983  -10.8189   -0.6206    0.2287
 5340 KFIIGGD  -10.1983  -10.8189   -0.6206    0.2287
 5341 KFIIGGD  -10.1983  -10.8189   -0.6206    0.2287
 5342 KLIIGGD  -10.4312  -13.0658   -2.6346    0.2287
 5343 IKILGGD  -10.5210  -13.0441   -2.5231    0.2287
 5344 IKILGGD  -10.5210  -13.0441   -2.5231    0.2287
 5345 IKILGGD  -10.5210  -13.0441   -2.5231    0.2287
 5346 KIILGGD  -12.1227  -14.7573   -2.6346    0.2287
 5347 KIVLGGD  -10.1125  -14.1213   -4.0089    0.2287
 5348 KIWGGID   -8.9959   -9.0039   -0.0080    0.2287
 5349 KIWGGID   -8.9959   -9.0039   -0.0080    0.2287
 5350 KIWGGID   -8.9959   -9.0039   -0.0080    0.2287
 5351 KIMGGID   -7.8363   -9.9386   -2.1023    0.2287
 5352 KIWGGID   -8.9187   -8.9267   -0.0080    0.2287
 5353 KIWGGID   -8.9187   -8.9267   -0.0080    0.2287
 5354 KIWGGGD   -6.1444  -10.5666   -4.4223    0.2287
 5355 KIGWGGD   -6.3227  -10.5221   -4.1994    0.2287
 5356 KIGWGGD   -6.3227  -10.5221   -4.1994    0.2287
 5357 KWGFGGD   -6.5699  -10.5450   -3.9751    0.2287
 5358 KWGFGGD   -6.5699  -10.5450   -3.9751    0.2287
 5359 KWGFGGD   -6.5699  -10.5450   -3.9751    0.2287
 5360 KWGFGGD   -6.5699  -10.5450   -3.9751    0.2287
 5361 KWGFGGD   -6.5699  -10.5450   -3.9751    0.2287
 5362 KWGWGGD   -8.0543  -11.1683   -3.1140    0.2287
 5363 KWGWGGD   -8.0543  -11.1683   -3.1140    0.2287
 5364 KWGWGGD   -8.0543  -11.1683   -3.1140    0.2287
 5365 KWGWGGD   -8.0543  -11.1683   -3.1140    0.2287
 5366 KWGWGGD   -8.0543  -11.1683   -3.1140    0.2287
 5367 KWGWGGD   -8.0543  -11.1683   -3.1140    0.2287
 5368 KWGWGGD   -8.0543  -11.1683   -3.1140    0.2287
 5369 KWGWGGD   -8.0543  -11.1683   -3.1140    0.2287
 5370 KWGWGGD   -8.0543  -11.1683   -3.1140    0.2287
 5371 KWGWGGE   -6.6892  -10.1203   -3.4311    0.2287
 5372 KWGWGGE   -6.6892  -10.1203   -3.4311    0.2287
 5373 KWGWGGE   -6.6892  -10.1203   -3.4311    0.2287
 5374 KWGWGAE   -7.0366  -10.3438   -3.3071    0.2287
 5375 KWGWGAE   -7.0366  -10.3438   -3.3071    0.2287
 5376 KWGWGAE   -7.0366  -10.3438   -3.3071    0.2287
 5377 KWGWGAE   -7.0366  -10.3438   -3.3071    0.2287
 5378 KWGWGAE   -7.0366  -10.3438   -3.3071    0.2287
 5379 KWGWGAE   -5.8416   -9.1487   -3.3071    0.2037
 5380 KWGWGAE   -5.8416   -9.1487   -3.3071    0.2037
 5381 KWGWGAE   -5.8416   -9.1487   -3.3071    0.2037
 5382 KWGWGAE   -5.8416   -9.1487   -3.3071    0.2037
 5383 KWGWGGE   -5.2096   -8.6407   -3.4311    0.2037
 5384 KWGWGGE   -5.2096   -8.6407   -3.4311    0.2037
 5385 KWGWGEV   -8.8539   -8.8850   -0.0311    0.2037
 5386 KWGWGEV   -8.8539   -8.8850   -0.0311    0.2037
 5387 KWGWGDV   -8.2125   -7.9265    0.2860    0.2037
 5388 KWGWGDV   -8.2125   -7.9265    0.2860    0.2037
 5389 KVGWGDW   -6.8982   -6.6122    0.2860    0.2037
 5390 KVGWGDW   -6.8982   -6.6122    0.2860    0.2037
 5391 KVGWGEW   -5.7947   -5.8259   -0.0311    0.2037
 5392 KVGWGEW   -5.7947   -5.8259   -0.0311    0.2037
 5393 KVGWGEW   -5.7947   -5.8259   -0.0311    0.2037
 5394 KVGWGDW   -7.0051   -6.7191    0.2860    0.2037
 5395 KMGWGDW   -6.5250   -6.2335    0.2914    0.2037
 5396 KMGWGDW   -6.5250   -6.2335    0.2914    0.2037
 5397 KMGWGEW   -7.0612   -7.0869   -0.0257    0.2037
 5398 KMGIGEW   -6.8550   -7.9662   -1.1111    0.2037
 5399 KIGMGEW   -7.7445   -8.8557   -1.1111    0.2037
 5400 KMGIGEW   -7.0998   -8.2109   -1.1111    0.2037
 5401 KMGIGEW   -7.0998   -8.2109   -1.1111    0.2037
 5402 KVGIGEW   -7.3125   -8.4291   -1.1166    0.2037
 5403 KVGIGEW   -7.3125   -8.4291   -1.1166    0.2037
 5404 KIGVGEW   -6.7544   -7.8710   -1.1166    0.2037
 5405 KIGFGEV   -5.4167   -7.3944   -1.9777    0.2037
 5406 KIGFGVE   -5.4401   -7.4178   -1.9777    0.2037
 5407 KIGFGVD   -6.0394   -7.6999   -1.6606    0.2037
 5408 KIGFGVD   -6.0394   -7.6999   -1.6606    0.2037
 5409 KIGFGVD   -6.0394   -7.6999   -1.6606    0.2037
 5410 KIFGGDV   -6.1250   -8.0084   -1.8834    0.2037
 5411 KVFGGDW   -6.3461   -7.1441   -0.7980    0.2037
 5412 KGFGMDW   -4.9741   -5.5438   -0.5697    0.2037
 5413 KGWGMDF   -5.4815   -6.0512   -0.5697    0.2037
 5414 KGWGMDL   -4.8331   -7.4168   -2.5837    0.2037
 5415 KGWGMEL   -4.8914   -7.7922   -2.9009    0.2037
 5416 KGWGMEL   -4.8914   -7.7922   -2.9009    0.2037
 5417 KGWGMEL   -5.1743   -8.0751   -2.9009    0.2037
 5418 KGWGMEL   -5.1743   -8.0751   -2.9009    0.2037
 5419 KGWGMEV   -5.8358   -8.3212   -2.4854    0.2037
 5420 KGWGMVE   -5.9216   -8.5184   -2.5969    0.2037
 5421 KGMGWVE   -6.5247   -9.1215   -2.5969    0.2037
 5422 KGMGWVE   -6.5247   -9.1215   -2.5969    0.2037
 5423 KGMGWVE   -6.5247   -9.1215   -2.5969    0.2037
 5424 KGMGWVD   -6.8562   -9.1359   -2.2797    0.2037
 5425 KGMGWVD   -6.8562   -9.1359   -2.2797    0.2037
 5426 KGMGWVD   -6.8562   -9.1359   -2.2797    0.2037
 5427 KGMGWVD   -6.8562   -9.1359   -2.2797    0.2037
 5428 KGWGMVD   -7.5784   -9.8581   -2.2797    0.2037
 5429 KGFGMVD   -6.6229   -9.7638   -3.1409    0.2037
 5430 KGIGMVE   -4.6325   -8.3148   -3.6823    0.2037
 5431 KMIGGVE   -6.2419  -10.0356   -3.7937    0.2037
 5432 KMLGGVE   -4.6469  -10.2303   -5.5834    0.2037
 5433 KILGGVE   -6.2457  -10.4602   -4.2146    0.2037
 5434 KWIGGVE   -7.2876   -8.6271   -1.3394    0.2037
 5435 KWIGGVE   -7.2876   -8.6271   -1.3394    0.2037
 5436 KIIGGVE   -8.3278  -10.7527   -2.4249    0.2037
 5437 KIIGGVD   -8.8694  -10.9771   -2.1077    0.2037
 5438 KYIGGVE   -4.9914   -9.6114   -4.6200    0.2037
 5439 KYIGGVE   -4.9914   -9.6114   -4.6200    0.2037
 5440 KYIGGVD   -5.6543   -9.9572   -4.3029    0.2037
 5441 KYIGGID   -5.6568   -8.5854   -2.9286    0.2037
 5442 KIIGGID   -8.6602   -9.3936   -0.7334    0.2037
 5443 KIIGGID   -8.6602   -9.3936   -0.7334    0.2037
 5444 KIIGGVD   -8.7150  -10.8227   -2.1077    0.2037
 5445 KILGGFD   -6.4207   -8.7195   -2.2989    0.2037
 5446 KWMGGID   -8.5036   -9.5205   -1.0169    0.2037
 5447 KWMGGID   -8.5036   -9.5205   -1.0169    0.2037
 5448 KWMGGID   -8.5036   -9.5205   -1.0169    0.2037
 5449 KWIGGID   -8.7826   -8.7906   -0.0080    0.2037
 5450 KWIGGID   -8.7826   -8.7906   -0.0080    0.2037
 5451 KWIGGID   -8.7826   -8.7906   -0.0080    0.2037
 5452 KWIGGID   -8.7826   -8.7906   -0.0080    0.2037
 5453 KFIGGID   -8.9994   -9.5085   -0.5091    0.2037
 5454 KFIGGVD   -8.9939  -10.8774   -1.8834    0.2037
 5455 KFVGGID   -8.1803  -10.0637   -1.8834    0.2037
 5456 KFGVGID   -7.4464   -9.1070   -1.6606    0.2037
 5457 KFGVGID   -7.4464   -9.1070   -1.6606    0.2037
 5458 KFGVGVD   -6.8337   -9.8686   -3.0349    0.2037
 5459 KFGVGMD   -6.2268   -9.2563   -3.0294    0.2037
 5460 KIGVGMD   -6.2483   -9.5020   -3.2537    0.2037
 5461 KWGVGMD   -4.5529   -6.7212   -2.1683    0.2037
 5462 KWGVGMD   -4.5529   -6.7212   -2.1683    0.2037
 5463 KWGMGMD   -3.6743   -5.8372   -2.1629    0.2037
 5464 KWGMGMD   -3.6743   -5.8372   -2.1629    0.2037
 5465 KWGMGMD   -3.6743   -5.8372   -2.1629    0.2037
 5466 KWGMGID   -6.7047   -7.4987   -0.7940    0.2037
 5467 KWGVGID   -7.8879   -8.6873   -0.7994    0.2037
 5468 KIGVGWD   -8.6618   -9.4612   -0.7994    0.2037
 5469 KIGVGWD   -8.6618   -9.4612   -0.7994    0.2037
 5470 KIGVGWD   -8.6618   -9.4612   -0.7994    0.2037
 5471 KIGVGWD   -8.6618   -9.4612   -0.7994    0.2037
 5472 KIGVGWD   -8.6618   -9.4612   -0.7994    0.2037
 5473 KIGVGWD   -8.6618   -9.4612   -0.7994    0.2037
 5474 KIGVGWD   -8.6618   -9.4612   -0.7994    0.2037
 5475 KIGVGWD   -8.6618   -9.4612   -0.7994    0.2037
 5476 KIGVGWD   -8.6618   -9.4612   -0.7994    0.2037
 5477 KIGVGWD   -8.6618   -9.4612   -0.7994    0.2037
 5478 IKGVGWD   -6.6034   -7.4028   -0.7994    0.2037
 5479 MKGVGWD   -7.7060   -9.8743   -2.1683    0.2037
 5480 MKGFGWD   -6.8952   -7.4649   -0.5697    0.2037
 5481 MKGFGDW   -6.7020   -7.2717   -0.5697    0.2037
 5482 MKGMGEW   -6.2871   -8.7671   -2.4800    0.2037
 5483 MKGMGEW   -6.2871   -8.7671   -2.4800    0.2037
 5484 MKGFGEW   -7.0345   -7.9213   -0.8869    0.2037
 5485 MKGFGDW   -6.7844   -7.3541   -0.5697    0.2037
 5486 MKGFGDW   -6.7844   -7.3541   -0.5697    0.2037
 5487 MKGFGDW   -6.7844   -7.3541   -0.5697    0.2037
 5488 MKGFGDW   -6.7844   -7.3541   -0.5697    0.2037
 5489 MKGFGDW   -6.7844   -7.3541   -0.5697    0.2037
 5490 MKGIGEW   -8.9991  -10.1102   -1.1111    0.2037
 5491 MKGIGEW   -8.9991  -10.1102   -1.1111    0.2037
 5492 MKGFGDW   -7.6193   -8.1890   -0.5697    0.2037
 5493 MKGFGDW   -7.6193   -8.1890   -0.5697    0.2037
 5494 MKGMGEW   -7.9532  -10.4332   -2.4800    0.2037
 5495 MKGMGEW   -7.9532  -10.4332   -2.4800    0.2037
 5496 MKGMGEW   -7.9532  -10.4332   -2.4800    0.2037
 5497 MKGMGEW   -7.9532  -10.4332   -2.4800    0.2037
 5498 KMGMGEW   -5.3393   -7.8193   -2.4800    0.2037
 5499 MKGMGEW   -5.3865   -7.8665   -2.4800    0.2037
 5500 MKGWGEI   -3.0334   -4.1445   -1.1111    0.2037
 5501 MKGVGDW   -6.5285   -8.6968   -2.1683    0.2037
 5502 MKGVGDW   -6.5285   -8.6968   -2.1683    0.2037
 5503 MVGKGDW   -6.4285   -8.7082   -2.2797    0.2037
 5504 MVGKGDW   -6.4285   -8.7082   -2.2797    0.2037
 5505 MVGKGDY   -3.1077   -8.6680   -5.5603    0.2037
 5506 MVGKGDY   -3.1077   -8.6680   -5.5603    0.2037
 5507 MVGKGEY   -2.9109   -8.7883   -5.8774    0.2037
 5508 MVGKGEY   -2.7249   -8.6023   -5.8774    0.2037
 5509 MLGKGEV   -3.1988   -8.6708   -5.4720    0.2037
 5510 MVGKGEV   -3.8280   -8.8846   -5.0566    0.2037
 5511 MKGVGEV   -5.3990  -10.3442   -4.9451    0.2037
 5512 MKGDGVV   -3.8669   -8.6063   -4.7394    0.2037
 5513 MKMVGDW  -10.8312  -10.5769    0.2543    0.2037
 5514 MKMVGDW  -10.8312  -10.5769    0.2543    0.2037
 5515 MWMVGDK   -9.2242   -9.3042   -0.0800    0.2037
 5516 MWMVGED   -9.6644  -10.5544   -0.8900    0.2037
 5517 MWMVGED   -9.6644  -10.5544   -0.8900    0.2037
 5518 MWMVGDE   -9.9440  -10.8340   -0.8900    0.2037
 5519 MWMVGDE   -9.9440  -10.8340   -0.8900    0.2037
 5520 MWMVGDE   -9.9440  -10.8340   -0.8900    0.2037
 5521 MWMVGDD  -10.1303  -10.7032   -0.5729    0.2037
 5522 MWMVGDD  -10.1303  -10.7032   -0.5729    0.2037
 5523 MWMVGDD  -10.1303  -10.7032   -0.5729    0.2037
 5524 MWMVGDK   -9.6072   -9.6872   -0.0800    0.2037
 5525 MWMVGDD  -10.0807  -10.6535   -0.5729    0.2037
 5526 MVMVGDD   -8.2018  -10.4744   -2.2726    0.2037
 5527 MVVVGED   -8.4851  -11.0802   -2.5951    0.2037
 5528 MVVIGDD  -10.2496  -11.1533   -0.9037    0.2037
 5529 MVIIGDK   -7.8486   -8.3252   -0.4766    0.2037
 5530 MVVIGDK   -9.6588  -10.0696   -0.4109    0.2037
 5531 MKVIGDV  -11.3575  -11.4341   -0.0766    0.2037
 5532 MKVIGDM  -11.0768  -11.1479   -0.0711    0.2037
 5533 MDVIGDM   -7.1654   -7.7294   -0.5640    0.2037
 5534 MMVKGDI   -9.2136   -9.3961   -0.1826    0.2037
 5535 MIMKGDI   -6.7739   -7.1022   -0.3283    0.2037
 5536 MIMKGID   -4.3153   -4.6436   -0.3283    0.2037
 5537 MIAIGDD   -6.1046   -8.9100   -2.8054    0.2037
 5538 MIMIGDD   -7.5612   -8.6052   -1.0440    0.2037
 5539 MIMIGDE   -7.1704   -8.5315   -1.3611    0.2037
 5540 MIMIGDE   -7.1704   -8.5315   -1.3611    0.2037
 5541 MIMIGDD   -7.0671   -8.1111   -1.0440    0.2037
 5542 MIVIGEK   -7.7407   -8.5344   -0.7937    0.2037
 5543 MIMIGEE   -7.4281   -9.1064   -1.6783    0.2037
 5544 MIMIGEE   -7.4281   -9.1064   -1.6783    0.2037
 5545 MIMIGEE   -7.4281   -9.1064   -1.6783    0.2037
 5546 MIMIGEE   -7.4281   -9.1064   -1.6783    0.2037
 5547 MIEIGDY   -7.6858   -8.0589   -0.3731    0.2037
 5548 MIEIGDY   -7.6858   -8.0589   -0.3731    0.2037
 5549 AIEIGDY   -4.2252   -7.8397   -3.6146    0.2037
 5550 EVAWGDV   -1.1348   -4.3288   -3.1940    0.2037
 5551 KVVWGDV   -7.1592   -6.8672    0.2920    0.2037
 5552 KVVWGDV   -7.1592   -6.8672    0.2920    0.2037
 5553 FVVDGDV   -5.4301   -5.8921   -0.4620    0.2037
 5554 FLVDGEV   -5.4941   -7.4086   -1.9146    0.2037
 5555 FWVDGEV   -4.9660   -7.0055   -2.0394    0.2037
 5556 AWVVGED   -6.6395  -10.0564   -3.4169    0.2037
 5557 AWVVGED   -6.6395  -10.0564   -3.4169    0.2037
 5558 MLVVGKD   -5.4861   -7.6866   -2.2006    0.2037
 5559 FLVVGKE   -4.1251   -5.7697   -1.6446    0.2037
 5560 FLVEGVE   -3.8733   -6.1050   -2.2317    0.2037
 5561 EIVFGVE   -2.0773   -3.0793   -1.0020    0.2037
 5562 RIVFGVE   -3.2375   -6.7935   -3.5560    0.2037
 5563 KIMFGVD   -5.6553   -5.6047    0.0506    0.2037
 5564 KIMFGVD   -5.6553   -5.6047    0.0506    0.2037
 5565 KIVMGMD   -6.0025   -6.1851   -0.1826    0.2037
 5566 KIMMGVD   -6.1181   -6.3007   -0.1826    0.2037
 5567 KWVVGME   -8.1857   -8.2854   -0.0997    0.2037
 5568 KWMVGVD  -11.0894  -10.8719    0.2174    0.2037
 5569 KFMVGVD  -10.6739  -10.6377    0.0363    0.2037
 5570 KFMVGVD  -10.6739  -10.6377    0.0363    0.2037
 5571 KFMVGVD  -10.6739  -10.6377    0.0363    0.2037
 5572 KFMVGVD  -10.6739  -10.6377    0.0363    0.2037
 5573 KFMVGVD  -10.6739  -10.6377    0.0363    0.2037
 5574 KFMVGDV   -9.7783   -9.7421    0.0363    0.2037
 5575 KFMVGDV   -9.7783   -9.7421    0.0363    0.2037
 5576 KFMVGEV   -9.8232  -10.1041   -0.2809    0.2037
 5577 KIMVGDV  -10.4967  -10.6847   -0.1880    0.2037
 5578 KIMVGDV  -10.4967  -10.6847   -0.1880    0.2037
 5579 KIMVGDV  -10.4967  -10.6847   -0.1880    0.2037
 5580 KIMVGDV  -10.1179  -10.3059   -0.1880    0.1846
 5581 KIMVGEV  -10.2257  -10.7309   -0.5051    0.1846
 5582 KIMVGEV  -10.2257  -10.7309   -0.5051    0.1846
 5583 KIMVGEV  -10.2257  -10.7309   -0.5051    0.1846
 5584 KIMVGDV   -9.5914   -9.7794   -0.1880    0.1846
 5585 KIMVGVD   -9.7441   -9.9321   -0.1880    0.1846
 5586 KIMVGVD   -9.7441   -9.9321   -0.1880    0.1846
 5587 KIMVGVD   -9.7441   -9.9321   -0.1880    0.1846
 5588 KIMVGVD   -9.7441   -9.9321   -0.1880    0.1846
 5589 KIMVGLD   -8.2478   -9.7312   -1.4834    0.1846
 5590 KIMVGDV  -10.3611  -10.5491   -0.1880    0.1846
 5591 KIMVGDV  -10.3611  -10.5491   -0.1880    0.1846
 5592 KIVVGDV  -10.1754  -10.3688   -0.1934    0.1846
 5593 KIVVGMD   -9.0435   -9.2315   -0.1880    0.1846
 5594 KIVAGVD   -4.5640   -8.0334   -3.4694    0.1846
 5595 KIAVGVD   -5.3353   -8.8048   -3.4694    0.1846
 5596 KIVAGDV   -5.5525   -9.0219   -3.4694    0.1846
 5597 KIVAGEV   -5.9767   -9.7633   -3.7866    0.1846
 5598 KIMAGDV   -5.8242   -9.2882   -3.4640    0.1846
 5599 KIMAGEV   -6.5775  -10.3587   -3.7811    0.1846
 5600 KIIAGEV   -7.5689   -9.9812   -2.4123    0.1846
 5601 KILIGEV   -6.6018  -10.1535   -3.5517    0.1846
 5602 VLEIGLK   -1.6892   -6.3592   -4.6700    0.1846
 5603 VMLIGKE   -3.8883   -5.9117   -2.0234    0.1846
 5604 VMLIGED   -5.6144   -8.1307   -2.5163    0.1846
 5605 MVLIGED   -6.8556   -9.3718   -2.5163    0.1846
 5606 MILVGED   -8.9131  -11.4294   -2.5163    0.1846
 5607 MILVGEE   -8.1952  -11.0286   -2.8334    0.1846
 5608 MILVGEE   -8.1952  -11.0286   -2.8334    0.1846
 5609 MIVVGEE   -9.8075  -11.3455   -1.5380    0.1846
 5610 MIVVGEE   -9.8075  -11.3455   -1.5380    0.1846
 5611 MIVVGEE   -9.8075  -11.3455   -1.5380    0.1846
 5612 MIEVGEV   -8.1861   -9.3898   -1.2037    0.1846
 5613 MIEVGEV   -8.1861   -9.3898   -1.2037    0.1846
 5614 MFKIGEV   -6.5092   -6.6644   -0.1551    0.1846
 5615 FMVIGEE   -6.1957   -7.4952   -1.2994    0.1846
 5616 EMVIGEF   -5.0670   -6.1435   -1.0766    0.1846
 5617 EMIVGEF   -5.0036   -6.0801   -1.0766    0.1846
 5618 EMVIGDM   -5.3934   -6.3860   -0.9926    0.1846
 5619 DIVMGDM   -7.2595   -7.9350   -0.6754    0.1846
 5620 KIMVGDM   -9.7834   -9.9660   -0.1826    0.1846
 5621 MIMVGEE  -11.4238  -12.9564   -1.5326    0.1846
 5622 MIIVGED  -10.7276  -12.0141   -1.2866    0.1846
 5623 MIVIGED  -11.4247  -12.7113   -1.2866    0.1846
 5624 MIVIGEK  -11.1439  -11.9377   -0.7937    0.1846
 5625 MIVEGIK   -9.5363  -10.1071   -0.5709    0.1846
 5626 MIVEGIK   -9.5363  -10.1071   -0.5709    0.1846
 5627 MEVLGIK   -7.8573   -9.5465   -1.6891    0.1846
 5628 MEVLGVK   -9.4897  -11.6731   -2.1834    0.1846
 5629 MGVLEVK   -7.7036   -9.8870   -2.1834    0.1846
 5630 MKVLEVG  -10.4927  -12.6761   -2.1834    0.1846
 5631 MKVLEVA  -10.5700  -12.8523   -2.2823    0.1846
 5632 MKVLEVA  -10.5700  -12.8523   -2.2823    0.1846
 5633 MKVMEVA   -9.8807  -11.7421   -1.8614    0.1846
 5634 MKVIDVA  -12.0531  -12.2285   -0.1754    0.1846
 5635 MDVIKVA  -11.0257  -11.2011   -0.1754    0.1846
 5636 MDVVKVA   -9.6569  -11.2066   -1.5497    0.1846
 5637 MEMMKVA   -6.5927   -8.4487   -1.8560    0.1846
 5638 MEMMKVG   -6.5178   -8.2750   -1.7571    0.1846
 5639 MKMMEVG   -6.9479   -8.7050   -1.7571    0.1846
 5640 MVMMEVK   -8.7672   -9.2987   -0.5314    0.1846
 5641 MVMEMVK   -8.5840   -9.1154   -0.5314    0.1846
 5642 MVMEYVK   -8.7161   -8.5938    0.1223    0.1846
 5643 MVMEMVK   -8.7941   -9.3255   -0.5314    0.1846
 5644 MVKEMVM   -9.0072   -9.6501   -0.6429    0.1846
 5645 MVKEMVM   -9.0072   -9.6501   -0.6429    0.1846
 5646 MVEKGVM   -8.1541  -10.1396   -1.9854    0.1846
 5647 MMEKGVV   -9.1656  -11.1511   -1.9854    0.1846
 5648 FVEKGVV   -8.4365   -8.8342   -0.3977    0.1846
 5649 FKDVGVV   -8.3425   -8.3116    0.0309    0.1846
 5650 FKVVGDI   -7.8201   -7.5836    0.2366    0.1846
 5651 FKVVGDL   -8.2736   -9.2668   -0.9931    0.1846
 5652 FKVVGLD   -6.9259   -7.9191   -0.9931    0.1846
 5653 FKVVGMD   -9.9626   -9.8149    0.1477    0.1846
 5654 FKDMGVV   -7.4967   -7.4604    0.0363    0.1846
 5655 FKDMGVV   -7.4967   -7.4604    0.0363    0.1846
 5656 FKDMGVV   -7.4967   -7.4604    0.0363    0.1846
 5657 FKEMGVV   -7.0301   -7.3109   -0.2809    0.1846
 5658 FKEMGVV   -7.0301   -7.3109   -0.2809    0.1846
 5659 FKEMGVV   -7.0301   -7.3109   -0.2809    0.1846
 5660 FKEMGVV   -7.0301   -7.3109   -0.2809    0.1846
 5661 MKVEGVF   -8.8231   -8.9926   -0.1694    0.1846
 5662 MKVEGVW   -9.0732   -9.0615    0.0117    0.1846
 5663 MKVEGVV   -9.3557  -11.1237   -1.7680    0.1846
 5664 MKVEGVF   -8.9481   -9.1175   -0.1694    0.1846
 5665 MKVEGVF   -8.9481   -9.1175   -0.1694    0.1846
 5666 MKVEGVF   -8.9481   -9.1175   -0.1694    0.1846
 5667 MKVVGEF   -9.1960   -9.3654   -0.1694    0.1846
 5668 MKVVGDF   -9.7086   -9.5609    0.1477    0.1846
 5669 MKVVGFD   -9.4731   -9.3254    0.1477    0.1846
 5670 KMVVGID   -9.1378   -9.3258   -0.1880    0.1846
 5671 KMVVGIE   -8.2698   -8.7749   -0.5051    0.1846
 5672 MKVVGIE   -7.5023   -7.8960   -0.3937    0.1846
 5673 FKVVGEI   -6.6803   -6.7609   -0.0806    0.1846
 5674 FKVVGDF   -7.4886   -6.9478    0.5409    0.1846
 5675 FKVVGDF   -7.4886   -6.9478    0.5409    0.1846
 5676 FKVVGDF   -7.4886   -6.9478    0.5409    0.1846
 5677 FKVVGDI   -7.2789   -7.0424    0.2366    0.1846
 5678 FKVMGDI   -4.2081   -4.0461    0.1620    0.1846
 5679 FKVMGDI   -4.2081   -4.0461    0.1620    0.1846
 5680 FKVAGDY   -1.7542   -5.7087   -3.9546    0.1846
 5681 FKVAGDY   -1.7542   -5.7087   -3.9546    0.1846
 5682 FKVAGDF   -3.8746   -5.4097   -1.5351    0.1846
 5683 FKVAGDF   -3.8746   -5.4097   -1.5351    0.1846
 5684 FKFEGAV   -3.0291   -4.8814   -1.8523    0.1846
 5685 FKFAGDV   -3.3247   -4.8598   -1.5351    0.1846
 5686 FKFAGAE   -0.5397   -5.6680   -5.1283    0.1846
 5687 FKWAGAE   -1.2113   -5.4784   -4.2671    0.1846
 5688 FEWAGAE    1.9142   -3.1629   -5.0771    0.1846
 5689 FWMAEAE   -1.4546   -3.9806   -2.5260    0.1846
 5690 KIMAMAE   -4.9808   -8.9668   -3.9860    0.1846
 5691 KIFAMAE   -5.3920   -7.7849   -2.3929    0.1846
 5692 KIFAMAE   -5.3920   -7.7849   -2.3929    0.1846
 5693 KIMAFAE   -4.7961   -7.1889   -2.3929    0.1846
 5694 KIVGFAE   -4.3654   -6.5534   -2.1880    0.1846
 5695 KIEGMAV   -2.8074   -6.5885   -3.7811    0.1846
 5696 KIVGMME   -7.0649   -7.5646   -0.4997    0.1846
 5697 KIVGMVD   -8.2647   -8.4527   -0.1880    0.1846
 5698 KVIGMVD   -9.2877   -9.4757   -0.1880    0.1846
 5699 DVIGMVK   -7.5586   -7.7466   -0.1880    0.1846
 5700 DVVGIVK   -8.6573   -8.8507   -0.1934    0.1846
 5701 KVVGVVE   -8.8402  -10.7251   -1.8849    0.1846
 5702 KVWGVVE  -11.0989  -11.1241   -0.0251    0.1846
 5703 KVWGVVE  -11.0989  -11.1241   -0.0251    0.1846
 5704 KVWGMVE  -10.9388  -11.0385   -0.0997    0.1846
 5705 KVWGYVE   -9.5833   -9.8293   -0.2460    0.1846
 5706 KVWGYVE   -9.5833   -9.8293   -0.2460    0.1846
 5707 KLIGYVD   -7.8705   -9.3002   -1.4297    0.1846
 5708 EMIGYVD   -4.0027   -5.8216   -1.8189    0.1846
 5709 EIVGFVD   -5.2403   -5.9251   -0.6849    0.1846
 5710 KVVGFID   -8.1187   -7.9935    0.1251    0.1846
 5711 KIVGFVD   -8.6203   -8.4951    0.1251    0.1846
 5712 KVIGFVD   -8.9125   -8.7873    0.1251    0.1846
 5713 KIMGFVD   -9.2085   -9.1580    0.0506    0.1846
 5714 DIMGWEV   -4.4369   -6.7438   -2.3069    0.1846
 5715 DIMGWEV   -4.4369   -6.7438   -2.3069    0.1846
 5716 DIMGWEV   -4.4369   -6.7438   -2.3069    0.1846
 5717 DIMGVKV   -6.9862   -7.0628   -0.0766    0.1846
 5718 DIMGVKV   -6.9862   -7.0628   -0.0766    0.1846
 5719 DFVGVKF   -7.2039   -6.6631    0.5409    0.1846
 5720 DMVGVKF   -7.4878   -7.3401    0.1477    0.1846
 5721 MDKGVVF   -8.8624   -8.9375   -0.0751    0.1846
 5722 MVKGVDF   -9.0841   -8.9364    0.1477    0.1846
 5723 MVKGMDF   -8.7828   -8.6296    0.1531    0.1846
 5724 MVKGMEF   -9.3858   -9.5498   -0.1640    0.1846
 5725 MVKGMDF   -8.6935   -8.5403    0.1531    0.1846
 5726 MVKGMDF   -8.6935   -8.5403    0.1531    0.1846
 5727 MVKGMEF   -9.4199   -9.5839   -0.1640    0.1846
 5728 MVKGMEF   -9.4199   -9.5839   -0.1640    0.1846
 5729 MVMGEDI   -8.2808   -9.3848   -1.1040    0.1846
 5730 MVMGDEI   -8.5864   -9.6904   -1.1040    0.1846
 5731 MIVGDEM   -8.2873   -9.3913   -1.1040    0.1846
 5732 MIVGMED   -8.8333   -9.9373   -1.1040    0.1846
 5733 MIVGMEK   -8.8967   -9.5078   -0.6111    0.1846
 5734 MVVGIEK   -7.6970   -8.3135   -0.6166    0.1846
 5735 MVVGIEE   -7.7042   -9.1308   -1.4266    0.1846
 5736 MVVGIKE   -7.4116   -8.0282   -0.6166    0.1846
 5737 MVVGIDK   -7.1029   -7.4023   -0.2994    0.1846
 5738 MVIGDDV   -8.7986   -9.5909   -0.7923    0.1846
 5739 MVIGKDV   -9.9208  -10.2202   -0.2994    0.1846
 5740 MVIGKDV   -9.9208  -10.2202   -0.2994    0.1846
 5741 MVIGKDV   -9.9257  -10.2251   -0.2994    0.1846
 5742 MVIGKEV  -10.0113  -10.6279   -0.6166    0.1846
 5743 MVIGKEV  -10.0113  -10.6279   -0.6166    0.1846
 5744 MMIGEEV   -9.7889  -11.2101   -1.4211    0.1846
 5745 FMIGEEV   -8.0451   -9.2331   -1.1880    0.1846
 5746 MFLGEEV   -6.6700   -9.0877   -2.4177    0.1846
 5747 MFVGEEL   -5.9727   -8.3904   -2.4177    0.1846
 5748 MFVGDEL   -5.5508   -7.6514   -2.1006    0.1846
 5749 MFVGDEL   -5.5370   -7.6376   -2.1006    0.1846
 5750 MFVGDEL   -5.5913   -7.6918   -2.1006    0.1846
 5751 MWVGEKL   -5.5543   -8.8209   -3.2666    0.1846
 5752 MWVGEKL   -5.5543   -8.8209   -3.2666    0.1846
 5753 MWVGDKL   -6.3537   -9.3031   -2.9494    0.1846
 5754 MWVGDEL   -6.1361   -9.8955   -3.7594    0.1846
 5755 MWVGDEF   -5.9829   -8.2084   -2.2254    0.1846
 5756 MWVGDEA   -6.3778   -9.6778   -3.3000    0.1846
 5757 AWVGDEM   -5.2696   -8.5696   -3.3000    0.1846
 5758 AWVGDME   -6.9190  -10.1076   -3.1886    0.1846
 5759 AWVGDME   -6.9190  -10.1076   -3.1886    0.1846
 5760 AWVGDME   -6.9190  -10.1076   -3.1886    0.1846
 5761 GMIGDME   -4.8021   -8.9718   -4.1697    0.1846
 5762 GIIGDME   -5.7678   -8.5686   -2.8009    0.1846
 5763 MIVGEME   -7.9564   -9.2661   -1.3097    0.1846
 5764 MIVGEME   -7.9564   -9.2661   -1.3097    0.1846
 5765 MIVGEME   -7.9564   -9.2661   -1.3097    0.1846
 5766 MIMGEVD   -8.0281   -9.0207   -0.9926    0.1846
 5767 MIMGEVD   -8.0281   -9.0207   -0.9926    0.1846
 5768 MIMGEVD   -8.0281   -9.0207   -0.9926    0.1846
 5769 MIMGEVD   -8.0281   -9.0207   -0.9926    0.1846
 5770 MIDVEGM   -5.7267   -6.6079   -0.8811    0.1846
 5771 GIDVEMM   -6.0102   -6.8913   -0.8811    0.1846
 5772 GIMVEDV   -9.0545  -10.1640   -1.1094    0.1846
 5773 GVMVEDI   -8.3465   -9.4559   -1.1094    0.1846
 5774 GVFVEDI   -7.5252   -8.3215   -0.7963    0.1846
 5775 GVFVEEI   -7.5875   -8.7009   -1.1134    0.1846
 5776 GVFVEKF   -8.9216   -8.9207    0.0009    0.1846
 5777 GVFVEKF   -8.9216   -8.9207    0.0009    0.1846
 5778 FVFVEKG   -6.5572   -6.6677   -0.1106    0.1846
 5779 FVFVEKG   -6.5572   -6.6677   -0.1106    0.1846
 5780 GKFVEVF   -9.5269   -9.4146    0.1123    0.1846
 5781 GKFVEVF   -9.5269   -9.4146    0.1123    0.1846
 5782 GKFVEVF   -9.5269   -9.4146    0.1123    0.1846
 5783 GKLVEVF   -9.9190  -11.3407   -1.4217    0.1846
 5784 GKFVEVV   -9.9775  -10.2638   -0.2863    0.1846
 5785 GKFVEVV   -9.9775  -10.2638   -0.2863    0.1846
 5786 GKFVEVV   -9.9775  -10.2638   -0.2863    0.1846
 5787 GVKVEVF   -9.5876   -9.7625   -0.1749    0.1846
 5788 GVKVEVF   -9.9827  -10.1575   -0.1749    0.1997
 5789 GVKVVDF  -10.3561  -10.2138    0.1423    0.1997
 5790 GVKVVEF   -9.6823   -9.8572   -0.1749    0.1997
 5791 GVKVIEI   -9.5590   -9.9438   -0.3849    0.1997
 5792 GIKVMDV   -8.5616   -8.6382   -0.0766    0.1997
 5793 GVKVMDW   -9.2778   -8.9490    0.3289    0.1997
 5794 GVVKMDV   -8.4790   -9.9299   -1.4509    0.1997
 5795 GVVKMDV   -8.4790   -9.9299   -1.4509    0.1997
 5796 GVVKVDV   -8.9236  -10.3799   -1.4563    0.1997
 5797 GEVVVKV   -7.6404   -9.5253   -1.8849    0.1997
 5798 GDVVVKV   -6.9122   -8.4799   -1.5677    0.1997
 5799 GDVVVKV   -6.9122   -8.4799   -1.5677    0.1997
 5800 GDVVVKV   -6.9122   -8.4799   -1.5677    0.1997
 5801 GVVVKDV   -9.0737  -10.7528   -1.6791    0.1997
 5802 GVVVKDI  -10.0530  -10.3578   -0.3049    0.1997
 5803 GVVVKDI  -10.0530  -10.3578   -0.3049    0.1997
 5804 GIVVKDV  -10.5976  -10.9024   -0.3049    0.1997
 5805 GIVVDKV   -8.2560   -8.5608   -0.3049    0.1997
 5806 GVKIDVV  -10.0811  -10.1631   -0.0820    0.1997
 5807 GIKVVDV  -10.7118  -10.7938   -0.0820    0.1997
 5808 GVVKFDV   -9.1626   -9.0203    0.1423    0.1997
 5809 GVVKLDV   -8.1971  -10.0688   -1.8717    0.1997
 5810 GVVKLDI   -8.3752   -9.6727   -1.2974    0.1997
 5811 GVVLEDI   -8.6557  -10.9860   -2.3303    0.1997
 5812 GIVVEDI   -8.9724  -10.0730   -1.1006    0.1997
 5813 GVVIIDE   -9.5517  -10.7637   -1.2120    0.1997
 5814 GIIVIDE   -9.0148  -12.0525   -3.0377    0.1997
 5815 GIIVVEE  -10.3338  -11.8630   -1.5291    0.1997
 5816 GIIVVDE  -11.4160  -12.6280   -1.2120    0.1997
 5817 GVIIVDE  -10.8600  -12.0720   -1.2120    0.1997
 5818 GVIIVDE  -10.8600  -12.0720   -1.2120    0.1997
 5819 GVIVIDE  -10.9549  -12.1669   -1.2120    0.1997
 5820 GIIVVDE  -11.0591  -12.2711   -1.2120    0.1997
 5821 GIIVVDK  -11.4165  -11.8185   -0.4020    0.1997
 5822 GVIVVDK  -11.7861  -12.2024   -0.4163    0.1997
 5823 GVIVVDD  -11.6255  -12.5347   -0.9091    0.1997
 5824 GMIVVDD  -10.8793  -11.7830   -0.9037    0.1997
 5825 GMIVVDD  -10.8793  -11.7830   -0.9037    0.1997
 5826 GMIVVDD  -10.8793  -11.7830   -0.9037    0.1997
 5827 GIIVVDE  -11.4777  -12.6896   -1.2120    0.1997
 5828 GMIVEDV  -10.4421  -11.5516   -1.1094    0.1997
 5829 GVIMEDV   -9.5963  -10.7057   -1.1094    0.1997
 5830 GKIIVDV  -11.8948  -12.0739   -0.1791    0.1997
 5831 GIIKVDV   -9.5481   -9.6158   -0.0677    0.1997
 5832 GIIKVDV   -9.5481   -9.6158   -0.0677    0.1997
 5833 GKIIVDV  -10.2862  -10.4654   -0.1791    0.1997
 5834 GIIKVDV   -9.7230   -9.7908   -0.0677    0.1997
 5835 GVIKVDI   -9.1733   -9.2410   -0.0677    0.1997
 5836 GVVDIDV   -8.8345   -9.4093   -0.5749    0.1997
 5837 GVIDIDV   -8.2642   -8.8248   -0.5606    0.1997
 5838 GVIKIDV   -8.8879   -8.9556   -0.0677    0.1997
 5839 GVIKIDV   -8.8879   -8.9556   -0.0677    0.1997
 5840 GVIKIDV   -8.8879   -8.9556   -0.0677    0.1997
 5841 GVIKYDI   -6.4438   -5.9724    0.4714    0.1997
 5842 GVIEYEI   -6.1039   -6.7596   -0.6557    0.1997
 5843 GVIEYEI   -6.1039   -6.7596   -0.6557    0.1997
 5844 GVIEYEI   -6.1039   -6.7596   -0.6557    0.1997
 5845 GLVIYDE   -5.2196   -7.6822   -2.4626    0.1997
 5846 GIVVMEE   -7.1954   -8.7334   -1.5380    0.1997
 5847 MVVIEGD  -10.6925  -11.8019   -1.1094    0.1997
 5848 VVMIEGD   -8.7738   -9.8833   -1.1094    0.1997
 5849 VVMIDGE   -8.5684   -9.6778   -1.1094    0.1997
 5850 VVMIDGE   -8.5684   -9.6778   -1.1094    0.1997
 5851 VVMIDGE   -8.5684   -9.6778   -1.1094    0.1997
 5852 VVMIDGE   -8.7200   -9.8294   -1.1094    0.1997
 5853 GVMIEVE   -8.6108   -9.9260   -1.3151    0.1997
 5854 GVMIEVK   -8.6281   -9.1332   -0.5051    0.1997
 5855 GVMIFEK   -7.0191   -7.5085   -0.4894    0.1997
 5856 GVMIKDF   -7.0601   -7.1209   -0.0609    0.1997
 5857 GMVIKDF   -6.6185   -6.6793   -0.0609    0.1997
 5858 GMVMKDF   -5.8279   -5.8977   -0.0697    0.1997
 5859 GMVMFDK   -6.8801   -7.0612   -0.1811    0.1997
 5860 GMVMFDK   -6.8801   -7.0612   -0.1811    0.1997
 5861 GWVKYDM   -5.4507   -5.2627    0.1880    0.1997
 5862 GWKVYEM   -2.3328   -2.4619   -0.1291    0.1997
 5863 GLKVYEM   -5.1675   -8.1718   -3.0043    0.1997
 5864 GLKVMEM   -4.4505   -6.6285   -2.1780    0.1997
 5865 GLKVMEM   -4.4505   -6.6285   -2.1780    0.1997
 5866 GIKLVEM   -3.1884   -4.8775   -1.6891    0.1997
 5867 GLKVIEM   -5.8163   -7.5055   -1.6891    0.1997
 5868 GLEVIEM   -4.7264   -7.2256   -2.4991    0.1997
 5869 GLDVIKM   -5.8204   -7.1924   -1.3720    0.1997
 5870 KLDVIGM   -7.6282   -9.0002   -1.3720    0.1997
 5871 KLDVIGM   -7.6282   -9.0002   -1.3720    0.1997
 5872 KLIVEGM   -9.9659  -11.7664   -1.8006    0.1997
 5873 KMIVEGL   -8.2094  -10.0099   -1.8006    0.1997
 5874 KMIVEGM   -9.7576  -10.2574   -0.4997    0.1997
 5875 KVIMEGM   -8.4553   -8.9550   -0.4997    0.1997
 5876 KIVMEGM   -5.6453   -6.1450   -0.4997    0.1997
 5877 KMVIEGI   -9.0740   -9.6449   -0.5709    0.1997
 5878 KMVIEGG   -7.9509  -11.8561   -3.9051    0.1997
 5879 KMVIEGI   -9.0753   -9.6461   -0.5709    0.1997
 5880 MKIIEGV  -12.2454  -12.7049   -0.4594    0.1997
 5881 MKIIEGV  -12.2454  -12.7049   -0.4594    0.1997
 5882 MKIIEGV  -12.2454  -12.7049   -0.4594    0.1997
 5883 MKIMEGL   -8.9650  -10.7287   -1.7637    0.1997
 5884 MKIMEGI  -10.3307  -10.8647   -0.5340    0.1997
 5885 MKIIEGM  -11.1154  -11.6494   -0.5340    0.1997
 5886 MKIIEGM  -11.1154  -11.6494   -0.5340    0.1997
 5887 MKIIEGM  -11.1154  -11.6494   -0.5340    0.1997
 5888 KMIMEGI   -8.4425   -9.0879   -0.6454    0.1997
 5889 KMIMEGI   -8.4425   -9.0879   -0.6454    0.1997
 5890 KYIMEGI   -6.1560   -6.1477    0.0083    0.1997
 5891 YKIMEGI   -7.7096   -7.5898    0.1197    0.1997
 5892 YKIMEGI   -7.7096   -7.5898    0.1197    0.1997
 5893 GKIFDGI   -6.2401   -6.6378   -0.3977    0.1997
 5894 FKIGDGI   -5.2273   -5.5135   -0.2863    0.1997
 5895 WKIGDGI   -6.6517   -6.4369    0.2149    0.1997
 5896 MKIGDGY   -4.0474   -8.1220   -4.0746    0.1997
 5897 IKMGDGY   -4.0851   -8.1596   -4.0746    0.1997
 5898 IMKGDGG   -3.1087   -9.8738   -6.7651    0.1997
 5899 IMKGDGF   -6.4714   -8.2380   -1.7666    0.1997
 5900 IMKGDGF   -6.4714   -8.2380   -1.7666    0.1997
 5901 KIMGDGF   -5.4336   -7.2002   -1.7666    0.1997
 5902 KLMGFGD   -5.1727   -8.7290   -3.5563    0.1997
 5903 KIMGDGF   -6.6411   -8.4077   -1.7666    0.1997
 5904 KIWGDGF   -8.5464   -8.1387    0.4077    0.1997
 5905 KIWGDGI   -9.6480   -9.5445    0.1034    0.1997
 5906 KIWGDGI   -9.6480   -9.5445    0.1034    0.1997
 5907 KIWGDGI   -9.6480   -9.5445    0.1034    0.1997
 5908 KIWGDGI   -9.6480   -9.5445    0.1034    0.1997
 5909 KIWGDGI   -9.6480   -9.5445    0.1034    0.1997
 5910 KIWGDGI   -9.6480   -9.5445    0.1034    0.1997
 5911 KIWGDGI   -9.6480   -9.5445    0.1034    0.1997
 5912 KIWGDGI   -9.6480   -9.5445    0.1034    0.1997
 5913 KIWGDGF   -8.5859   -8.1782    0.4077    0.1997
 5914 KIWGDGM   -8.6544   -9.5598   -0.9054    0.1997
 5915 KIMGDGW   -8.9207   -9.8262   -0.9054    0.1997
 5916 IKIGDGW  -10.8027  -10.5879    0.2149    0.1997
 5917 IKIGDGV   -9.6128  -11.4977   -1.8849    0.1997
 5918 IKIGDGV   -9.6128  -11.4977   -1.8849    0.1997
 5919 IKLGDGV   -7.9331  -11.6076   -3.6746    0.1997
 5920 IKVGDGY   -5.4300   -9.5100   -4.0800    0.1997
 5921 IKVGDGY   -5.4300   -9.5100   -4.0800    0.1997
 5922 IKVGDGW  -10.2032  -11.0026   -0.7994    0.1997
 5923 IKLGDGW  -10.1304  -11.3453   -1.2149    0.1997
 5924 IKWGDLG   -8.1039   -9.3187   -1.2149    0.1997
 5925 IKWGDAG   -6.6199  -10.6954   -4.0754    0.1997
 5926 IKWGDAA   -6.6392  -10.8134   -4.1743    0.1997
 5927 IKWGDAA   -6.6392  -10.8134   -4.1743    0.1997
 5928 AKWGDAI   -6.6855  -10.8598   -4.1743    0.1997
 5929 YKWGDAI   -6.2027   -7.9219   -1.7191    0.1997
 5930 IKWGDAY   -8.0033   -9.7225   -1.7191    0.1997
 5931 IKWGDAY   -8.0033   -9.7225   -1.7191    0.1997
 5932 IKWGDAY   -8.0033   -9.7225   -1.7191    0.1997
 5933 IKWGDAY   -8.0033   -9.7225   -1.7191    0.1997
 5934 IKWGDAY   -8.0033   -9.7225   -1.7191    0.1997
 5935 IKWGDAY   -8.0033   -9.7225   -1.7191    0.1997
 5936 IKWGDAY   -8.0033   -9.7225   -1.7191    0.1997
 5937 IKWGDAY   -8.0033   -9.7225   -1.7191    0.1997
 5938 IKWGDAY   -8.0033   -9.7225   -1.7191    0.1997
 5939 IKWGDAY   -8.0033   -9.7225   -1.7191    0.1997
 5940 IKWGDAI  -10.0535  -11.6175   -1.5640    0.1997
 5941 IKFGDGI   -9.6887   -9.9750   -0.2863    0.1997
 5942 IKIGDGF   -9.3388   -9.6251   -0.2863    0.1997
 5943 IKIGDGI  -11.0193  -11.5299   -0.5106    0.1997
 5944 IKVGDGI   -9.3679  -11.2528   -1.8849    0.1997
 5945 IVKGEGI   -8.9690  -11.2824   -2.3134    0.1997
 5946 IKVGEGI   -9.2816  -11.4836   -2.2020    0.1997
 5947 VKIGEGI   -9.4715  -11.6735   -2.2020    0.1997
 5948 VKIGEGW  -10.0817  -11.1982   -1.1166    0.1997
 5949 VKWGEGI  -10.3752  -11.4917   -1.1166    0.1997
 5950 VKWGEGI  -10.3752  -11.4917   -1.1166    0.1997
 5951 VKWGEGI  -10.3752  -11.4917   -1.1166    0.1997
 5952 IKWGEGV  -10.5315  -11.6481   -1.1166    0.1997
 5953 IKWGDGV   -9.8785  -10.6779   -0.7994    0.1997
 5954 IKWGDGM   -9.7480  -10.5420   -0.7940    0.1997
 5955 IKWGDGM   -9.7480  -10.5420   -0.7940    0.1997
 5956 IKWGDGI  -10.6010  -10.3862    0.2149    0.1997
 5957 IKWGEGI  -10.5068  -10.6091   -0.1023    0.1997
 5958 IKWGEGI  -10.5068  -10.6091   -0.1023    0.1997
 5959 IKIGEGI  -10.0427  -10.8704   -0.8277    0.1997
 5960 IKVGEGI   -8.2862  -10.4882   -2.2020    0.1997
 5961 IKIGDGI  -10.2458  -10.7563   -0.5106    0.1997
 5962 IKIGDGI  -10.2458  -10.7563   -0.5106    0.1997
 5963 IKIGDGI  -10.2458  -10.7563   -0.5106    0.1997
 5964 IKIGDGI  -10.2458  -10.7563   -0.5106    0.1997
 5965 IKIGDGI  -10.2458  -10.7563   -0.5106    0.1997
 5966 IKIGDGW  -10.9621  -10.7473    0.2149    0.1997
 5967 IKWGDGI  -10.7617  -10.5469    0.2149    0.1997
 5968 IKWGDGI  -10.8480  -10.6332    0.2149    0.1997
 5969 IKWGDGI  -10.8480  -10.6332    0.2149    0.1997
 5970 IKWGDGI  -10.8480  -10.6332    0.2149    0.1997
 5971 IKWGDGL   -9.3743  -10.5891   -1.2149    0.1997
 5972 IKWGDGL   -9.3743  -10.5891   -1.2149    0.1997
 5973 ILWGDGK   -6.9561   -8.3938   -1.4377    0.1997
 5974 IVWGDGK   -6.9580   -7.9803   -1.0223    0.1997
 5975 VEVGVGK   -2.8967   -7.8473   -4.9506    0.1997
 5976 VEKGVGW   -5.9840   -8.5863   -2.6023    0.1997
 5977 VGKGVEW   -4.9110   -7.4018   -2.4909    0.1997
 5978 VFKGVEY   -5.8160   -6.8117   -0.9957    0.1997
 5979 VFKGVEY   -5.8160   -6.8117   -0.9957    0.1997
 5980 VFKGVEM   -8.7833   -8.9528   -0.1694    0.1997
 5981 VFKGVEI   -8.4141   -8.4947   -0.0806    0.1997
 5982 VFKGVEV   -8.5998   -8.7747   -0.1749    0.1997
 5983 VFKGVEV   -8.5998   -8.7747   -0.1749    0.1997
 5984 FVKGVEV   -7.9917   -8.1666   -0.1749    0.1997
 5985 FVKGVEV   -7.9917   -8.1666   -0.1749    0.1997
 5986 FVKGVDV   -8.0110   -7.8688    0.1423    0.1997
 5987 FVKGVDV   -8.0110   -7.8688    0.1423    0.1997
 5988 FVKGLEV   -6.7851   -8.0953   -1.3103    0.1997
 5989 FVKGLEV   -9.3049  -10.6152   -1.3103    0.1798
 5990 FMKGLEV   -9.1474  -10.5322   -1.3849    0.1798
 5991 FMKGMEV   -9.9964  -10.1604   -0.1640    0.1798
 5992 FMKGMEV   -9.9964  -10.1604   -0.1640    0.1798
 5993 FMKGMEV   -9.9964  -10.1604   -0.1640    0.1798
 5994 MMKGMEV   -9.7338  -11.4910   -1.7571    0.1798
 5995 MMKGMEY   -7.2647   -9.8427   -2.5780    0.1798
 5996 MMKGMEF   -9.4183   -9.5769   -0.1586    0.1798
 5997 MMKGMEF   -9.3822   -9.5408   -0.1586    0.1798
 5998 MMKGMEF   -9.3822   -9.5408   -0.1586    0.1798
 5999 MMKGMEF   -9.3822   -9.5408   -0.1586    0.1798
 6000 MMKGMEF   -9.3822   -9.5408   -0.1586    0.1798
 6001 MMKGMEI  -10.9498  -11.3326   -0.3829    0.1798
 6002 MMKGMEI  -10.9498  -11.3326   -0.3829    0.1798
 6003 MMKGMEI  -10.9498  -11.3326   -0.3829    0.1798
 6004 MMKGMEI  -10.9498  -11.3326   -0.3829    0.1798
 6005 MMKGMEI  -10.9498  -11.3326   -0.3829    0.1798
 6006 MMKGMEI  -10.9498  -11.3326   -0.3829    0.1798
 6007 MMKGMEI  -10.9498  -11.3326   -0.3829    0.1798
 6008 MMKGMEI  -10.9498  -11.3326   -0.3829    0.1798
 6009 MMKGMEI  -10.9498  -11.3326   -0.3829    0.1798
 6010 MMKGMEI  -10.9498  -11.3326   -0.3829    0.1798
 6011 MMKGMEI  -10.9498  -11.3326   -0.3829    0.1798
 6012 MMKGMEI  -10.9498  -11.3326   -0.3829    0.1798
 6013 MMKGMEI  -10.9498  -11.3326   -0.3829    0.1798
 6014 MMKGMEI  -10.9498  -11.3326   -0.3829    0.1798
 6015 MMKGMEI  -10.9498  -11.3326   -0.3829    0.1798
 6016 MMKGMEI  -10.9498  -11.3326   -0.3829    0.1798
 6017 MMKGMEI  -10.9498  -11.3326   -0.3829    0.1798
 6018 MMKGMEI  -10.9498  -11.3326   -0.3829    0.1798
 6019 MMKGMEI  -10.9498  -11.3326   -0.3829    0.1798
 6020 MMKGMEI  -10.9498  -11.3326   -0.3829    0.1798
 6021 MMKGMEI  -10.9498  -11.3326   -0.3829    0.1798
 6022 MMKGMEI  -11.6551  -12.0379   -0.3829    0.1798
 6023 MMKGMEW  -10.8821  -11.0196   -0.1374    0.1798
 6024 MMKGMEW  -10.8821  -11.0196   -0.1374    0.1798
 6025 MMKGMEW  -10.8821  -11.0196   -0.1374    0.1798
 6026 MMKGMEW  -10.8821  -11.0196   -0.1374    0.1798
 6027 MMKGMEW  -10.8821  -11.0196   -0.1374    0.1798
 6028 MMKGMEW  -10.8821  -11.0196   -0.1374    0.1798
 6029 MMKGMEW  -10.8821  -11.0196   -0.1374    0.1798
 6030 MMKGMEF  -10.1542  -10.3128   -0.1586    0.1798
 6031 MMKGMEF  -10.1542  -10.3128   -0.1586    0.1798
 6032 MMKGMEF  -10.1542  -10.3128   -0.1586    0.1798
 6033 MMKGMEF  -10.1542  -10.3128   -0.1586    0.1798
 6034 MMKGMEF  -10.1542  -10.3128   -0.1586    0.1798
 6035 MMKGMEF  -10.1542  -10.3128   -0.1586    0.1798
 6036 MMKGMEV  -10.5631  -12.3202   -1.7571    0.1798
 6037 MMKGMEV  -10.5631  -12.3202   -1.7571    0.1798
 6038 MMKGMEV  -10.5631  -12.3202   -1.7571    0.1798
 6039 MMKGLEV  -10.2055  -12.3835   -2.1780    0.1798
 6040 MMKGLEV  -10.2055  -12.3835   -2.1780    0.1798
 6041 MMKGLEV  -10.2055  -12.3835   -2.1780    0.1798
 6042 MMKGLEV  -10.2055  -12.3835   -2.1780    0.1798
 6043 MMKGLEV  -10.2055  -12.3835   -2.1780    0.1798
 6044 MMKGLEV  -10.2055  -12.3835   -2.1780    0.1798
 6045 MMKGLEV  -10.2055  -12.3835   -2.1780    0.1798
 6046 MMKGMEV  -10.5976  -12.3547   -1.7571    0.1798
 6047 MMKGMEV  -10.5976  -12.3547   -1.7571    0.1798
 6048 MMKGMEW  -10.8915  -11.0289   -0.1374    0.1798
 6049 MMKGMEW  -10.8915  -11.0289   -0.1374    0.1798
 6050 MMKGMEW  -10.8915  -11.0289   -0.1374    0.1798
 6051 MMKGMEW  -10.8915  -11.0289   -0.1374    0.1798
 6052 MMKGMEV  -10.5961  -12.3532   -1.7571    0.1798
 6053 MMKGMEV  -10.5961  -12.3532   -1.7571    0.1798
 6054 MMKGMEV  -10.5961  -12.3532   -1.7571    0.1798
 6055 MMKGMEV  -10.5961  -12.3532   -1.7571    0.1798
 6056 MMKGMEL   -9.7836  -11.9562   -2.1726    0.1798
 6057 MMKGLEL   -9.0828  -12.0762   -2.9934    0.1798
 6058 MMKGLEL   -9.0828  -12.0762   -2.9934    0.1798
 6059 MMKGLEL   -9.0828  -12.0762   -2.9934    0.1798
 6060 MMKGLEL   -9.0828  -12.0762   -2.9934    0.1798
 6061 MMKGLEL   -9.0828  -12.0762   -2.9934    0.1798
 6062 MMKGLEL   -9.0828  -12.0762   -2.9934    0.1798
 6063 MMKGLEM   -9.1520  -11.3245   -2.1726    0.1798
 6064 MMKGLEM   -9.1520  -11.3245   -2.1726    0.1798
 6065 MMKGLEF   -8.7991  -10.2586   -1.4594    0.1798
 6066 MMKGLEM   -9.2961  -11.4686   -2.1726    0.1798
 6067 MMKGLEI  -10.6173  -12.3810   -1.7637    0.1798
 6068 MMKGLEI  -10.6173  -12.3810   -1.7637    0.1798
 6069 MMKGLEI  -10.6173  -12.3810   -1.7637    0.1798
 6070 MMKGLEI  -10.6173  -12.3810   -1.7637    0.1798
 6071 MMKGLEI  -10.6173  -12.3810   -1.7637    0.1798
 6072 MMKGMEI  -12.2611  -12.6439   -0.3829    0.1798
 6073 MMKGMEI  -12.2611  -12.6439   -0.3829    0.1798
 6074 MMKGMEI  -12.2611  -12.6439   -0.3829    0.1798
 6075 MMKGMEI  -12.2611  -12.6439   -0.3829    0.1798
 6076 MMKGMEI  -12.2611  -12.6439   -0.3829    0.1798
 6077 MMKGMEI  -12.2611  -12.6439   -0.3829    0.1798
 6078 MMKGMEI  -12.2611  -12.6439   -0.3829    0.1798
 6079 MMKGMEI  -12.2611  -12.6439   -0.3829    0.1798
 6080 MMKGMEI  -12.2611  -12.6439   -0.3829    0.1798
 6081 MMKGMEI  -12.2611  -12.6439   -0.3829    0.1798
 6082 MMKGMEI  -12.2611  -12.6439   -0.3829    0.1798
 6083 MMKGMEI  -12.2611  -12.6439   -0.3829    0.1798
 6084 MMKGMEM  -10.0138  -11.7655   -1.7517    0.1798
 6085 MMKGMEL  -10.3304  -12.5030   -2.1726    0.1798
 6086 MMKGMEL  -10.3304  -12.5030   -2.1726    0.1798
 6087 MMKGMEW  -11.3831  -11.5205   -0.1374    0.1798
 6088 MMKGMEW  -11.3831  -11.5205   -0.1374    0.1798
 6089 MMKGMEV  -10.9783  -12.7354   -1.7571    0.1798
 6090 MMKGMEV  -10.9783  -12.7354   -1.7571    0.1798
 6091 MMKGMEV  -10.9783  -12.7354   -1.7571    0.1798
 6092 MMKGMEV  -10.9783  -12.7354   -1.7571    0.1798
 6093 MMKGMEL  -10.1669  -12.3395   -2.1726    0.1798
 6094 MMKGMEL  -10.1669  -12.3395   -2.1726    0.1798
 6095 MMKGLEM   -8.7405  -10.9131   -2.1726    0.1798
 6096 MMKGLEI  -10.1346  -11.8984   -1.7637    0.1798
 6097 MMKGLEV   -9.8117  -11.9897   -2.1780    0.1798
 6098 MMKGLEV   -9.8117  -11.9897   -2.1780    0.1798
 6099 MMKGLEV   -9.8117  -11.9897   -2.1780    0.1798
 6100 MLKGMEV   -9.5449  -11.7229   -2.1780    0.1798
 6101 MLKGMEI   -9.6365  -11.4002   -1.7637    0.1798
 6102 MIKGYEL   -7.5133   -9.1433   -1.6300    0.1798
 6103 MIKGYEV   -8.3341   -9.5487   -1.2146    0.1798
 6104 MKIGVEV  -10.7773  -11.0595   -0.2823    0.1798
 6105 MKGIVEV   -9.1836   -9.5773   -0.3937    0.1798
 6106 MKGIMVD  -10.4854  -10.6680   -0.1826    0.1798
 6107 MKGIMVD  -10.4854  -10.6680   -0.1826    0.1798
 6108 MKGIMVD  -10.4854  -10.6680   -0.1826    0.1798
 6109 MKGIMME  -10.0341  -10.5284   -0.4943    0.1798
 6110 MKGIMME  -10.0341  -10.5284   -0.4943    0.1798
 6111 MKGIMME  -10.0341  -10.5284   -0.4943    0.1798
 6112 MKGIMME  -10.0341  -10.5284   -0.4943    0.1798
 6113 MKGIMMD  -10.0736  -10.2508   -0.1771    0.1798
 6114 MKGIMMD  -10.0736  -10.2508   -0.1771    0.1798
 6115 MKGIMMD  -10.0736  -10.2508   -0.1771    0.1798
 6116 MKGIMGD   -6.1139   -9.4737   -3.3597    0.1798
 6117 MKMGIGD   -7.7323  -10.9806   -3.2483    0.1798
 6118 VKIGMGD   -7.1153  -10.3690   -3.2537    0.1798
 6119 VKIGDGM   -6.9045  -10.1582   -3.2537    0.1798
 6120 LKFGDGV   -5.5578   -9.0081   -3.4503    0.1798
 6121 LKFGDGW   -6.8424   -7.8330   -0.9906    0.1798
 6122 VKFGDGW   -6.3617   -6.9369   -0.5751    0.1798
 6123 LFKGDGI   -4.5236   -6.7110   -2.1874    0.1798
 6124 FFKGDGV   -3.6870   -5.2348   -1.5477    0.1798
 6125 FKVGDGV   -5.4374   -8.4723   -3.0349    0.1798
 6126 VVKGDGF   -6.1119   -9.2582   -3.1463    0.1798
 6127 VLKGDGV   -6.2452  -11.4055   -5.1603    0.1798
 6128 VLKGDGV   -6.2452  -11.4055   -5.1603    0.1798
 6129 VLKGVGD   -6.3843  -11.5446   -5.1603    0.1798
 6130 ILKGVDG   -5.5440   -9.3300   -3.7860    0.1798
 6131 MLKGFDG   -6.4253   -9.9815   -3.5563    0.1798
 6132 FLKGFDG   -7.9564   -9.9195   -1.9631    0.1798
 6133 FLKGFDG   -7.9564   -9.9195   -1.9631    0.1798
 6134 FLKGFEG   -8.4530  -10.7333   -2.2803    0.1798
 6135 FLKGFEG   -8.4530  -10.7333   -2.2803    0.1798
 6136 FMKGFDG   -7.1489   -8.6912   -1.5423    0.1798
 6137 FMKGYDW   -5.0298   -5.6432   -0.6134    0.1798
 6138 FMKGYDI   -6.8321   -6.1310    0.7011    0.1798
 6139 FMKGYDI   -6.5966   -5.8955    0.7011    0.1798
 6140 FMKGYDI   -6.5966   -5.8955    0.7011    0.1798
 6141 FMKGYDI   -6.5966   -5.8955    0.7011    0.1798
 6142 FMKGYDI   -7.2511   -6.5499    0.7011    0.1798
 6143 FMKGIDY   -5.6252   -4.9240    0.7011    0.1798
 6144 MMKGFDW   -5.9626   -7.2297   -1.2671    0.1798
 6145 MMKGFEM   -8.9877   -9.1462   -0.1586    0.1798
 6146 MFKGFEM   -8.7811   -8.7065    0.0746    0.1798
 6147 MFKGFEM   -8.7811   -8.7065    0.0746    0.1798
 6148 MFKGFEG   -6.6750   -8.5345   -1.8594    0.1798
 6149 FMKGFDG   -5.2158   -6.7581   -1.5423    0.1798
 6150 FMKGFDM   -4.9722   -4.5805    0.3917    0.1798
 6151 FMKGYDA   -2.5065   -6.4556   -3.9491    0.1798
 6152 GLKGYEA    0.4580   -9.0049   -9.4629    0.1798
 6153 GLKGYEL   -1.9544   -8.5567   -6.6023    0.1798
 6154 GLKGYEL   -1.9544   -8.5567   -6.6023    0.1798
 6155 GLKGYEL   -1.9544   -8.5567   -6.6023    0.1798
 6156 GLKGYEL   -1.9544   -8.5567   -6.6023    0.1798
 6157 GMKGYEM   -1.9673   -7.7279   -5.7606    0.1798
 6158 GMKGMDM   -3.1203   -7.7374   -4.6171    0.1798
 6159 GMKGMEW   -4.1885   -6.6685   -2.4800    0.1798
 6160 GMKGMEW   -4.1885   -6.6685   -2.4800    0.1798
 6161 GMKGMDL   -2.8763   -7.9143   -5.0380    0.1798
 6162 GMKGMDL   -2.8763   -7.9143   -5.0380    0.1798
 6163 GMKGMEI   -4.1768   -7.7422   -3.5654    0.1798
 6164 GFKGMDI   -6.1666   -7.8218   -1.6551    0.1798
 6165 GFKGMEI   -6.3067   -8.2790   -1.9723    0.1798
 6166 GFKGVEY   -5.3761   -9.5489   -4.1729    0.1798
 6167 EMKGFGY   -2.8514   -7.0189   -4.1674    0.1798
 6168 EMKGFGY   -2.8514   -7.0189   -4.1674    0.1798
 6169 EMKGFGY   -2.8514   -7.0189   -4.1674    0.1798
 6170 FDKGMGY   -1.8384   -5.8001   -3.9617    0.1798
 6171 FEKGVGY   -4.7507   -9.0349   -4.2843    0.1798
 6172 EFKGVGY   -4.6330   -8.8058   -4.1729    0.1798
 6173 VFKGVGE   -6.2722   -9.7356   -3.4634    0.1798
 6174 VFKGEGV   -6.4129   -9.8763   -3.4634    0.1798
 6175 GEKGVGV   -2.3514  -10.7020   -8.3506    0.1798
 6176 GEKGVMV   -3.0892   -8.3686   -5.2794    0.1798
 6177 GEKGIMI   -4.9822   -7.5130   -2.5309    0.1798
 6178 GMKGIEI   -6.7464   -8.9429   -2.1966    0.1798
 6179 GMKGIEI   -6.7464   -8.9429   -2.1966    0.1798
 6180 GMKGIEI   -6.7464   -8.9429   -2.1966    0.1798
 6181 GMKGIEI   -6.7464   -8.9429   -2.1966    0.1798
 6182 GLKGWDI   -7.2058   -8.4207   -1.2149    0.1798
 6183 GLKGIDW   -7.4667   -8.6815   -1.2149    0.1798
 6184 GWKGIDL   -8.0795   -9.2943   -1.2149    0.1798
 6185 EWKGIGF   -6.8923   -6.6903    0.2020    0.1798
 6186 FFKGMGE   -6.5303   -8.3897   -1.8594    0.1798
 6187 KFFGMGD   -5.1512   -6.6935   -1.5423    0.1798
 6188 KFFGMGD   -5.1512   -6.6935   -1.5423    0.1798
 6189 KFFGMGD   -5.1512   -6.6935   -1.5423    0.1798
 6190 KFFGMGD   -6.6353   -8.1776   -1.5423    0.1853
 6191 KWFGMGD   -7.1544   -7.8355   -0.6811    0.1853
 6192 KWMGMGD   -7.5792   -9.8535   -2.2743    0.1853
 6193 KWMGMGD   -7.5792   -9.8535   -2.2743    0.1853
 6194 KWWGMGD   -8.5906   -8.4106    0.1800    0.1853
 6195 KWMGWGD   -8.7738   -8.5938    0.1800    0.1853
 6196 KWIGWGD   -6.2784   -7.5296   -1.2511    0.1853
 6197 KWIGMGE   -6.9861   -8.2086   -1.2226    0.1853
 6198 KFIGMGE   -5.9619   -8.0456   -2.0837    0.1853
 6199 KFIGMGE   -5.9619   -8.0456   -2.0837    0.1853
 6200 KFIGFGE   -5.7531   -6.2437   -0.4906    0.1853
 6201 KFIGFGE   -5.7531   -6.2437   -0.4906    0.1853
 6202 KWIGIGE   -5.8331   -6.0468   -0.2137    0.1853
 6203 KWIGIGE   -5.8331   -6.0468   -0.2137    0.1853
 6204 KWIGIGE   -5.8331   -6.0468   -0.2137    0.1853
 6205 KWIGIGE   -5.8331   -6.0468   -0.2137    0.1853
 6206 KWIGEGM   -5.3914   -6.6139   -1.2226    0.1853
 6207 KWIGEMG   -3.2620   -4.4846   -1.2226    0.1853
 6208 KWIGEMG   -3.2620   -4.4846   -1.2226    0.1853
 6209 KWIGMEG   -2.0672   -3.2897   -1.2226    0.1853
 6210 KMIGWEG   -2.8146   -4.0372   -1.2226    0.1853
 6211 KMFGWEG   -1.3940   -2.3923   -0.9983    0.1853
 6212 FMKGWEG   -2.1785   -3.1768   -0.9983    0.1853
 6213 FMKGWEG   -2.1785   -3.1768   -0.9983    0.1853
 6214 WMKGWEG   -3.3333   -3.4704   -0.1371    0.1853
 6215 WMKGWEG   -3.3333   -3.4704   -0.1371    0.1853
 6216 WMKGWEG   -3.3333   -3.4704   -0.1371    0.1853
 6217 WMKGWEG   -3.3333   -3.4704   -0.1371    0.1853
 6218 WMKGWEG   -3.3333   -3.4704   -0.1371    0.1853
 6219 FMKGWEG   -2.8684   -3.8667   -0.9983    0.1853
 6220 FMEGFKG   -2.4220   -4.2814   -1.8594    0.1853
 6221 FMEGFKG   -2.4220   -4.2814   -1.8594    0.1853
 6222 FLEGFKG   -3.0374   -5.3177   -2.2803    0.1853
 6223 FLEGWKG   -4.0232   -5.4424   -1.4191    0.1853
 6224 MLEGWKG   -3.8238   -6.8361   -3.0123    0.1853
 6225 MLEGWRG   -1.1900   -7.5662   -6.3763    0.1853
 6226 GREGWLM   -0.6420   -7.2411   -6.5991    0.1853
 6227 GRDGWLM    0.2062   -6.0758   -6.2820    0.1853
 6228 MLDGWRV   -1.6931   -7.7836   -6.0906    0.1853
 6229 MMDGWRV   -2.8850   -5.9947   -3.1097    0.1853
 6230 MRDGWMV   -5.0872   -8.4198   -3.3326    0.1853
 6231 MRDGWMV   -5.0872   -8.4198   -3.3326    0.1853
 6232 MRDGWMV   -5.0872   -8.4198   -3.3326    0.1853
 6233 MRDGWVV   -5.9374   -9.1954   -3.2580    0.1853
 6234 MRDGWVV   -5.9374   -9.1954   -3.2580    0.1853
 6235 MRDGWIV   -3.3350   -8.4187   -5.0837    0.1853
 6236 MRDGWIV   -3.3350   -8.4187   -5.0837    0.1853
 6237 MRDGWIV   -3.3350   -8.4187   -5.0837    0.1853
 6238 MRDGWIV   -3.3350   -8.4187   -5.0837    0.1853
 6239 MRDGWIV   -3.3350   -8.4187   -5.0837    0.1853
 6240 MRDGWIV   -3.3350   -8.4187   -5.0837    0.1853
 6241 MRDGWMV   -5.1853   -8.5179   -3.3326    0.1853
 6242 MRDGWMV   -5.1853   -8.5179   -3.3326    0.1853
 6243 MMDGWKV   -6.8288   -6.5745    0.2543    0.1853
 6244 MKGDWMV   -6.5943   -6.4514    0.1429    0.1853
 6245 DKGIWVM   -4.7199   -6.5511   -1.8311    0.1853
 6246 MKGDWIM   -3.6861   -5.3689   -1.6829    0.1853
 6247 MKGDYII   -2.7124   -2.3869    0.3254    0.1853
 6248 MKGIYIE   -4.5902   -4.5820    0.0083    0.1853
 6249 MKGIYID   -5.9815   -5.6561    0.3254    0.1853
 6250 MEGIVID   -2.9943   -4.0580   -1.0637    0.1853
 6251 MKGIVDL   -7.4551   -8.8271   -1.3720    0.1853
 6252 MKGFVLD   -7.3030   -8.4821   -1.1791    0.1853
 6253 MKGFVLD   -7.3030   -8.4821   -1.1791    0.1853
 6254 MKGMVLD   -7.4543   -9.4266   -1.9723    0.1853
 6255 MKGMVID   -8.3784   -8.5610   -0.1826    0.1853
 6256 MKGMVID   -8.3784   -8.5610   -0.1826    0.1853
 6257 MKGMVID   -8.3784   -8.5610   -0.1826    0.1853
 6258 MKGIVLD   -9.8826  -11.3660   -1.4834    0.1853
 6259 MKGIVLD   -9.8722  -11.3556   -1.4834    0.1853
 6260 MKGIVLD   -9.8722  -11.3556   -1.4834    0.1853
 6261 LKWGVMD   -3.7490   -6.4756   -2.7266    0.1853
 6262 LKWGVMD   -3.7490   -6.4756   -2.7266    0.1853
 6263 AKWGVMD   -5.0883   -7.3555   -2.2671    0.1853
 6264 AKWGVMD   -5.0883   -7.3555   -2.2671    0.1853
 6265 AKWGVMD   -5.0883   -7.3555   -2.2671    0.1853
 6266 AKWGVMD   -5.0883   -7.3555   -2.2671    0.1853
 6267 AKWGVEM   -7.7441  -10.2169   -2.4729    0.1853
 6268 AKGWVEM   -6.1163   -8.7006   -2.5843    0.1853
 6269 MKGWEVM   -8.8391   -8.9019   -0.0629    0.1853
 6270 MKGWEVM   -8.8391   -8.9019   -0.0629    0.1853
 6271 MKGWEVM   -8.8391   -8.9019   -0.0629    0.1853
 6272 MKGWEVM   -8.8391   -8.9019   -0.0629    0.1853
 6273 MKGWVME   -6.8959   -7.0701   -0.1743    0.1853
 6274 MKGWVME   -6.8959   -7.0701   -0.1743    0.1853
 6275 MKGWVME   -6.8959   -7.0701   -0.1743    0.1853
 6276 MKGWVME   -6.8959   -7.0701   -0.1743    0.1853
 6277 MKGWVAE   -5.5686   -8.2644   -2.6957    0.1853
 6278 MKGWVEM   -7.8702   -7.9331   -0.0629    0.1853
 6279 MKGWMEV   -7.9030   -7.9658   -0.0629    0.1853
 6280 MKGWMDV   -8.0562   -7.8019    0.2543    0.1853
 6281 MKGWMDV   -8.0562   -7.8019    0.2543    0.1853
 6282 MKGWMEV   -8.0308   -8.0937   -0.0629    0.1853
 6283 MKGWMEV   -8.0308   -8.0937   -0.0629    0.1853
 6284 MKGWMEV   -8.0308   -8.0937   -0.0629    0.1853
 6285 MKGWMEV   -8.0308   -8.0937   -0.0629    0.1853
 6286 MKGWVDV   -7.9035   -7.5746    0.3289    0.1853
 6287 FKGMVDV   -7.5805   -7.4328    0.1477    0.1853
 6288 FKGLDVV   -6.8799   -7.8730   -0.9931    0.1853
 6289 FKGLVVD   -7.8945   -8.9991   -1.1046    0.1853
 6290 FKGLVVD   -7.8945   -8.9991   -1.1046    0.1853
 6291 FKGLVVD   -7.8945   -8.9991   -1.1046    0.1853
 6292 FKGVVVD   -8.7167   -8.6859    0.0309    0.1853
 6293 DKGVFVV   -5.8100   -6.0020   -0.1920    0.1853
 6294 EKGFVVV   -5.0667   -5.5758   -0.5091    0.1853
 6295 FVGEKVV   -8.1240   -8.5217   -0.3977    0.1853
 6296 FIGEKVV   -8.9921   -9.2955   -0.3034    0.1853
 6297 MIGEKVV  -10.8055  -11.4220   -0.6166    0.1853
 6298 MIGEKVV  -10.8055  -11.4220   -0.6166    0.1853
 6299 MIGEKVV  -10.8055  -11.4220   -0.6166    0.1853
 6300 MIGEKVV  -10.8055  -11.4220   -0.6166    0.1853
 6301 MIGEKVV  -10.8055  -11.4220   -0.6166    0.1853
 6302 MIGEKVV  -10.8055  -11.4220   -0.6166    0.1853
 6303 MIGEKIV  -10.2964  -10.9786   -0.6823    0.1853
 6304 MIGEKIV  -10.2964  -10.9786   -0.6823    0.1853
 6305 MIGDKIV   -8.7478   -9.1130   -0.3651    0.1853
 6306 MIGEKVV  -11.2320  -11.8486   -0.6166    0.1853
 6307 MIGEKVV  -11.2320  -11.8486   -0.6166    0.1853
 6308 MIGEKVV  -11.2320  -11.8486   -0.6166    0.1853
 6309 MIGEKVV  -11.2320  -11.8486   -0.6166    0.1853
 6310 MIGEKVV  -11.2320  -11.8486   -0.6166    0.1853
 6311 MIGEKVV  -11.2320  -11.8486   -0.6166    0.1853
 6312 MIGEKVV  -11.2320  -11.8486   -0.6166    0.1853
 6313 MIGEKVV  -11.2320  -11.8486   -0.6166    0.1853
 6314 MIGEKVV  -11.2320  -11.8486   -0.6166    0.1853
 6315 MIGEKVV  -11.2320  -11.8486   -0.6166    0.1853
 6316 MIGEKVV  -11.2320  -11.8486   -0.6166    0.1853
 6317 MIGEKVV  -11.2320  -11.8486   -0.6166    0.1853
 6318 MIGEKVV  -11.2320  -11.8486   -0.6166    0.1853
 6319 MIGEKVV  -11.2320  -11.8486   -0.6166    0.1853
 6320 MIGEKVV  -11.2320  -11.8486   -0.6166    0.1853
 6321 MIGEKVV  -11.2320  -11.8486   -0.6166    0.1853
 6322 MIKGEVV  -12.0465  -12.5516   -0.5051    0.1853
 6323 MIKGEVM  -10.9353  -11.4350   -0.4997    0.1853
 6324 MIKGEVM  -10.9353  -11.4350   -0.4997    0.1853
 6325 MIKGEMV  -10.2873  -10.7870   -0.4997    0.1853
 6326 MIKGEMV  -10.2873  -10.7870   -0.4997    0.1853
 6327 MIKGEMV  -10.2873  -10.7870   -0.4997    0.1853
 6328 MMKGEIF   -6.0572   -6.3983   -0.3411    0.1853
 6329 MMKGEIF   -6.0572   -6.3983   -0.3411    0.1853
 6330 MLKGEIM   -5.2514   -7.1265   -1.8751    0.1853
 6331 MLKGDIM   -5.1931   -6.7511   -1.5580    0.1853
 6332 MKIGEIM   -7.0007   -7.5347   -0.5340    0.1853
 6333 MKWGDVM  -11.9648  -11.7106    0.2543    0.1853
 6334 MKWGDVM  -11.9648  -11.7106    0.2543    0.1853
 6335 MKWGDVG  -10.4650  -12.6333   -2.1683    0.1853
 6336 MKWGDVG  -10.4650  -12.6333   -2.1683    0.1853
 6337 MKYGEVG   -3.7860   -9.5520   -5.7660    0.1853
 6338 MKYGEVG   -3.7860   -9.5520   -5.7660    0.1853
 6339 MKIGEVY   -9.3936  -10.6081   -1.2146    0.1853
 6340 MKIGEVY   -9.3936  -10.6081   -1.2146    0.1853
 6341 MKIGEVF  -10.2224  -10.3775   -0.1551    0.1853
 6342 MKMGEVV  -10.5575  -12.3200   -1.7626    0.1853
 6343 MKFGDVV  -14.0515  -13.9038    0.1477    0.1853
 6344 MKVGDVF  -11.8125  -11.6648    0.1477    0.1853
 6345 MKVGDVV  -12.0648  -13.5157   -1.4509    0.1853
 6346 MKVGDVV  -12.0648  -13.5157   -1.4509    0.1853
 6347 MKVGDVV  -12.0648  -13.5157   -1.4509    0.1853
 6348 MKVGDVV  -12.0648  -13.5157   -1.4509    0.1853
 6349 MKWGDVV  -13.9122  -13.5833    0.3289    0.1853
 6350 MKWGDVV  -13.9122  -13.5833    0.3289    0.1853
 6351 MKWGDLV   -9.2781  -12.0047   -2.7266    0.1853
 6352 MIKGDLV   -9.4788  -10.9622   -1.4834    0.1853
 6353 MIKGLDV   -6.1101   -7.4821   -1.3720    0.1853
 6354 MIKGELV   -7.9114   -9.7120   -1.8006    0.1853
 6355 MLKGEIV   -7.6790   -9.4795   -1.8006    0.1853
 6356 MKLGEVI   -5.9302   -7.6193   -1.6891    0.1853
 6357 MKLGEVF   -6.4739   -7.8588   -1.3849    0.1853
 6358 MVIGDKM   -7.6990   -7.9930   -0.2940    0.1853
 6359 MVIGMED   -9.9967  -11.1008   -1.1040    0.1853
 6360 MVIGMED   -9.9967  -11.1008   -1.1040    0.1853
 6361 MFLGEME   -6.3791   -8.7600   -2.3809    0.1853
 6362 MMLGDME   -5.8602   -8.6371   -2.7769    0.1853
 6363 EMMGDLM   -3.3506   -6.1275   -2.7769    0.1853
 6364 MVMGDLE   -5.1263   -7.9085   -2.7823    0.1853
 6365 MDMGVIK   -1.4041   -1.4753   -0.0711    0.1853
 6366 MDGMVID   -3.9052   -4.5807   -0.6754    0.1853
 6367 MIGMVDE   -7.2870   -8.3910   -1.1040    0.1853
 6368 MFGMVDE   -6.9845   -7.8643   -0.8797    0.1853
 6369 MFGVEDV   -5.3745   -6.1482   -0.7737    0.1853
 6370 GFGVEVE   -3.5659   -7.7279   -4.1620    0.1853
 6371 GFGVEEV   -2.7182   -6.9916   -4.2734    0.1853
 6372 GFGFEDW   -4.5767   -4.6747   -0.0980    0.1853
 6373 GFGFEDW   -4.5767   -4.6747   -0.0980    0.1853
 6374 GDGVIEW   -3.8854   -5.6063   -1.7209    0.1853
 6375 GEGVIDW   -4.1654   -5.8863   -1.7209    0.1853
 6376 GEGIFDI   -3.2923   -4.5001   -1.2077    0.1853
 6377 GEGILDL   -1.8177   -6.8291   -5.0114    0.1853
 6378 GDGILDI   -2.9409   -5.8455   -2.9046    0.1853
 6379 GEGIMDI   -2.2448   -5.0457   -2.8009    0.1853
 6380 GEGIMDI   -2.2451   -5.0460   -2.8009    0.1853
 6381 GMGIDDI   -4.7669   -7.2506   -2.4837    0.1853
 6382 GMGIDDI   -4.7669   -7.2506   -2.4837    0.1853
 6383 GIGIEDI   -6.2065   -7.6385   -1.4320    0.1853
 6384 GIGIIDE   -4.1616   -5.7051   -1.5434    0.1853
 6385 GIGKIDL   -1.7883   -4.0886   -2.3003    0.1853
 6386 GIGKDIL   -4.0010   -6.5241   -2.5231    0.1853
 6387 GIGKDGM   -0.3737   -7.0274   -6.6537    0.1853
 6388 KIGGDLM   -3.7664   -7.6584   -3.8920    0.1853
 6389 GIKGLDM   -2.4305   -6.0997   -3.6691    0.1853
 6390 GIKGLDI   -2.9344   -5.2347   -2.3003    0.1853
 6391 GIKGLDI   -7.0281   -9.3283   -2.3003    0.2084
 6392 GKIGVDI   -6.9819   -8.8667   -1.8849    0.2084
 6393 GKIGVEI   -7.1371   -9.3391   -2.2020    0.2084
 6394 GIIGVEK   -5.8526   -8.2775   -2.4249    0.2084
 6395 GIIGFED   -4.3229   -5.6421   -1.3191    0.2084
 6396 GFIGIED   -5.6459   -6.9651   -1.3191    0.2084
 6397 GFIGVED   -5.5119   -8.2053   -2.6934    0.2084
 6398 GVIGFED   -5.9006   -8.5940   -2.6934    0.2084
 6399 GVIGFED   -5.9006   -8.5940   -2.6934    0.2084
 6400 GKVGFEV   -3.8577   -7.2097   -3.3520    0.2084
 6401 EVKGFMV   -2.1916   -2.4725   -0.2809    0.2084
 6402 EVVGFMK   -4.0143   -4.2952   -0.2809    0.2084
 6403 EVVGFMK   -4.0143   -4.2952   -0.2809    0.2084
 6404 EVVGFMK   -4.6238   -4.9047   -0.2809    0.2084
 6405 MVVGFEK   -7.6512   -8.0435   -0.3923    0.2084
 6406 MVVGFEK   -7.6512   -8.0435   -0.3923    0.2084
 6407 KVVGIEM   -8.9647   -9.3584   -0.3937    0.2084
 6408 KVVGIEM   -8.9647   -9.3584   -0.3937    0.2084
 6409 KVVGIEM   -8.9647   -9.3584   -0.3937    0.2084
 6410 KWVGVEM   -9.7135   -9.7018    0.0117    0.2084
 6411 KWVGVDM  -10.2441   -9.9153    0.3289    0.2084
 6412 KWVGVDM  -10.2441   -9.9153    0.3289    0.2084
 6413 KWVGVDM  -10.2441   -9.9153    0.3289    0.2084
 6414 KIVGVDM   -9.7019   -9.7785   -0.0766    0.2084
 6415 KIVGVDM   -9.7019   -9.7785   -0.0766    0.2084
 6416 KIVGVDM   -9.7019   -9.7785   -0.0766    0.2084
 6417 KIVGVDV   -9.5680   -9.6500   -0.0820    0.2084
 6418 KVVGIDV   -9.1711   -9.2531   -0.0820    0.2084
 6419 DVVGIDV   -5.7505   -6.3253   -0.5749    0.2084
 6420 DVMGIDV   -5.9131   -6.4825   -0.5694    0.2084
 6421 VVMGIED   -8.9484  -10.0579   -1.1094    0.2084
 6422 IVMGVEE   -9.2509  -10.6775   -1.4266    0.2084
 6423 IVMGVEE   -9.2509  -10.6775   -1.4266    0.2084
 6424 IMVGVEE   -8.1983   -9.6249   -1.4266    0.2084
 6425 VMIGVEE   -8.4478   -9.8743   -1.4266    0.2084
 6426 IMVGVEE   -8.0368   -9.4633   -1.4266    0.2084
 6427 IVMGMEE   -8.9933  -10.4144   -1.4211    0.2084
 6428 IMVGMEE   -7.2816   -8.7028   -1.4211    0.2084
 6429 IMMGMEE   -7.4481   -8.8638   -1.4157    0.2084
 6430 IMMGMEE   -7.4481   -8.8638   -1.4157    0.2084
 6431 IMVGMEE   -7.2728   -8.6940   -1.4211    0.2084
 6432 IMVGEME   -5.9448   -7.2545   -1.3097    0.2084
 6433 IMLGEME   -4.4828   -7.1679   -2.6851    0.2084
 6434 ILMGDME   -5.2339   -7.6019   -2.3680    0.2084
 6435 MLIGDME   -5.0719   -7.4399   -2.3680    0.2084
 6436 MLIGDMD   -4.8838   -6.9347   -2.0509    0.2084
 6437 MLIGDME   -4.8932   -7.2612   -2.3680    0.2084
 6438 MFIGDME   -6.9326   -7.7666   -0.8340    0.2084
 6439 FDIGIME   -0.9153   -3.3890   -2.4737    0.2084
 6440 FDMGIAK   -2.1234   -3.8774   -1.7540    0.2084
 6441 DIMGFAK   -2.9088   -4.7743   -1.8654    0.2084
 6442 DMIGFIK   -3.6581   -5.4333   -1.7751    0.2084
 6443 KMIGFID   -5.2764   -7.0516   -1.7751    0.2084
 6444 FMIGEID   -4.4351   -7.0203   -2.5851    0.2084
 6445 FMIGIED   -4.4674   -7.1639   -2.6966    0.2084
 6446 FMIGIED   -4.4674   -7.1639   -2.6966    0.2084
 6447 FMIGEID   -4.6750   -7.2601   -2.5851    0.2084
 6448 GMIGEID   -5.6443   -8.4451   -2.8009    0.2084
 6449 MMIGEID   -7.4539   -8.5922   -1.1383    0.2084
 6450 MIMGEVD   -8.4790   -9.4716   -0.9926    0.2084
 6451 MLVGEMD   -8.1664  -10.9487   -2.7823    0.2084
 6452 MLVGEMK   -7.0433   -9.3328   -2.2894    0.2084
 6453 MWVGEMK   -6.7210   -6.8953   -0.1743    0.2084
 6454 MKVGEMW   -8.6480   -8.7108   -0.0629    0.2084
 6455 MMVGEKW   -8.4112   -8.6969   -0.2857    0.2084
 6456 MMEGVKI   -6.6180   -7.0063   -0.3883    0.2084
 6457 AWEGVKI   -6.3870   -7.6024   -1.2154    0.2084
 6458 AWIGVKE   -8.9099  -10.3482   -1.4383    0.2084
 6459 AWIGVKE   -8.9099  -10.3482   -1.4383    0.2084
 6460 AWIGVKE   -8.9099  -10.3482   -1.4383    0.2084
 6461 AWIGVDE   -8.1259  -10.0571   -1.9311    0.2084
 6462 AWIGVDE   -8.1259  -10.0571   -1.9311    0.2084
 6463 AVIGDVE   -6.4219  -10.7013   -4.2794    0.2084
 6464 ADVGVIK   -4.6633   -8.0213   -3.3580    0.2084
 6465 AEIGVVD   -6.0583  -10.2263   -4.1680    0.2084
 6466 VVIGAED   -5.5585   -9.9494   -4.3909    0.2084
 6467 VVIGAED   -5.5550   -9.9459   -4.3909    0.2084
 6468 VIIGAEE   -6.7233  -10.0570   -3.3337    0.2084
 6469 VIVGAEE   -5.0879   -9.7959   -4.7080    0.2084
 6470 IVMGGEE   -5.1715   -9.9981   -4.8266    0.2084
 6471 IVMGGEE   -5.1715   -9.9981   -4.8266    0.2084
 6472 ILIGGED   -6.1930   -9.7490   -3.5560    0.2084
 6473 ILIGGED   -6.1930   -9.7490   -3.5560    0.2084
 6474 ILIGGED   -6.1930   -9.7490   -3.5560    0.2084
 6475 ILIGGED   -6.4616  -10.0176   -3.5560    0.2084
 6476 ILIGGED   -6.4616  -10.0176   -3.5560    0.2084
 6477 ILIGGDD   -5.8566   -9.0955   -3.2389    0.2084
 6478 ILIGGEK   -6.8278   -9.8909   -3.0631    0.2084
 6479 ILIGGED   -7.0386  -10.5946   -3.5560    0.2084
 6480 ILIGGED   -7.0386  -10.5946   -3.5560    0.2084
 6481 IFIGGED   -8.9007  -10.4427   -1.5420    0.2084
 6482 IFIGGED   -8.9007  -10.4427   -1.5420    0.2084
 6483 IFIGGED   -8.9007  -10.4427   -1.5420    0.2084
 6484 IIIGGEE   -9.7092  -11.7926   -2.0834    0.2084
 6485 IIIGGEE   -9.7092  -11.7926   -2.0834    0.2084
 6486 IIIGGEE   -9.7092  -11.7926   -2.0834    0.2084
 6487 IIIGGED   -9.2601  -11.0264   -1.7663    0.2084
 6488 IIIGGED   -9.2601  -11.0264   -1.7663    0.2084
 6489 IIIGGED   -9.2601  -11.0264   -1.7663    0.2084
 6490 IFIGGED   -8.8765  -10.4185   -1.5420    0.2084
 6491 IGIGFED   -7.9631   -9.1708   -1.2077    0.2084
 6492 IGIGFED   -7.9631   -9.1708   -1.2077    0.2084
 6493 IGIGFED   -7.9631   -9.1708   -1.2077    0.2084
 6494 IGIGWED   -8.0882   -8.7948   -0.7066    0.2084
 6495 MWIGGED   -7.7571   -9.8068   -2.0497    0.2084
 6496 MWIGGKD   -6.2904   -7.5301   -1.2397    0.2084
 6497 MWIGGKD   -6.2904   -7.5301   -1.2397    0.2084
 6498 MWIGGDD   -7.1657   -8.8982   -1.7326    0.2084
 6499 MFIGGDD   -7.4825  -10.0762   -2.5937    0.2084
 6500 MFIGGDD   -8.1269  -10.7206   -2.5937    0.2084
 6501 MFIGGDD   -8.1269  -10.7206   -2.5937    0.2084
 6502 MLGIGDD   -5.8517  -10.2365   -4.3849    0.2084
 6503 MMGIGDD   -5.4157   -9.3797   -3.9640    0.2084
 6504 MMGIGDD   -5.4157   -9.3797   -3.9640    0.2084
 6505 MFGIGDD   -5.7429   -8.1138   -2.3709    0.2084
 6506 MIGFGDD   -4.5450   -6.9159   -2.3709    0.2084
 6507 MFGFGDD   -5.1190   -7.2656   -2.1466    0.2084
 6508 MFGWGDD   -5.8623   -7.1477   -1.2854    0.2084
 6509 MFGWGDD   -5.8623   -7.1477   -1.2854    0.2084
 6510 MWGWGDD   -7.4932   -7.9175   -0.4243    0.2084
 6511 MFGWGDD   -5.6015   -6.8869   -1.2854    0.2084
 6512 MFGWGDE   -4.1210   -5.7235   -1.6026    0.2084
 6513 MWGWGDE   -7.4752   -8.2166   -0.7414    0.2084
 6514 MWGWGDE   -7.4752   -8.2166   -0.7414    0.2084
 6515 MWGWGDE   -7.4752   -8.2166   -0.7414    0.2084
 6516 MWGWGED   -8.7639   -9.5053   -0.7414    0.2084
 6517 MWGWGDD   -8.9751   -9.3994   -0.4243    0.2084
 6518 MWGWGDD   -8.9751   -9.3994   -0.4243    0.2084
 6519 MWGWGED   -8.6167   -9.3581   -0.7414    0.2084
 6520 MWGWGEE   -7.1693   -8.2278   -1.0586    0.2084
 6521 MWGWGEE   -7.1693   -8.2278   -1.0586    0.2084
 6522 MWGWGEE   -7.1693   -8.2278   -1.0586    0.2084
 6523 MWGWGEK   -5.7763   -6.0248   -0.2486    0.2084
 6524 MWGWGEK   -5.7763   -6.0248   -0.2486    0.2084
 6525 MKGWGEW   -4.8173   -4.8430   -0.0257    0.2084
 6526 MEGWGEG    1.5320   -5.0520   -6.5840    0.2084
 6527 MEGWGEY    0.7180   -3.3983   -4.1163    0.2084
 6528 MEGWGDW   -4.2331   -4.7517   -0.5186    0.2084
 6529 MGGWEDW   -3.1295   -3.8709   -0.7414    0.2084
 6530 MGGVWKD   -4.8390   -7.3416   -2.5026    0.2084
 6531 MGGVWKD   -4.8390   -7.3416   -2.5026    0.2084
 6532 MGGVWED   -6.1273   -9.4399   -3.3126    0.2084
 6533 MWGVGDD   -7.4635  -10.3475   -2.8840    0.2084
 6534 IWGVGDD   -6.0682   -7.5834   -1.5151    0.2084
 6535 DWGVGVD   -3.9399   -6.6065   -2.6666    0.2084
 6536 DWGVGVD   -3.9399   -6.6065   -2.6666    0.2084
 6537 DWGVGVD   -3.9399   -6.6065   -2.6666    0.2084
 6538 RWGVGVD   -4.4092   -9.9470   -5.5377    0.2084
 6539 RWVGGVD   -3.4761   -9.2366   -5.7606    0.2084
 6540 KWGVGVD   -7.1609   -9.3346   -2.1737    0.2084
 6541 KWMVGVD   -8.7846   -8.5672    0.2174    0.2084
 6542 KMMVGVD   -7.4050   -8.9619   -1.5569    0.2084
 6543 KIFVGVD   -9.0043   -8.8792    0.1251    0.2084
 6544 KIFLGVD   -6.2932   -9.2235   -2.9303    0.2084
 6545 KFFLGVE   -5.6596   -8.6027   -2.9431    0.2084
 6546 KFMLGVD   -6.3239   -7.5031   -1.1791    0.2084
 6547 KWMLGVD   -4.2836   -7.1216   -2.8380    0.2084
 6548 KWMLGVD   -4.2836   -7.1216   -2.8380    0.2084
 6549 KWMLGVD   -4.2836   -7.1216   -2.8380    0.2084
 6550 KWMGGVD   -3.7433   -6.1344   -2.3911    0.2084
 6551 KWVGGMD   -4.9071   -7.2983   -2.3911    0.2084
 6552 KWVGGMD   -4.9071   -7.2983   -2.3911    0.2084
 6553 KWVGGMD   -4.9071   -7.2983   -2.3911    0.2084
 6554 KWVGGMD   -4.9071   -7.2983   -2.3911    0.2084
 6555 KWGVGMD   -4.2764   -6.4447   -2.1683    0.2084
 6556 KWMVGAE   -6.2697   -8.9655   -2.6957    0.2084
 6557 DWFVGAE   -2.5373   -4.1327   -1.5954    0.2084
 6558 KFVVGAD   -8.3484  -11.5935   -3.2451    0.2084
 6559 KFAVGVD   -7.8290  -11.0741   -3.2451    0.2084
 6560 KFAIGVE   -8.6154  -10.8034   -2.1880    0.2084
 6561 KFAIGVE   -8.6154  -10.8034   -2.1880    0.2084
 6562 KFVIGAD   -9.6331  -11.5039   -1.8709    0.2084
 6563 KFVIGVD  -11.7248  -11.5996    0.1251    0.2084
 6564 KFVIGVE  -11.7648  -11.9568   -0.1920    0.2084
 6565 KFVIGVE  -11.7648  -11.9568   -0.1920    0.2084
 6566 KFVIGVE  -11.7648  -11.9568   -0.1920    0.2084
 6567 KMVIGVD  -10.6974  -10.8854   -0.1880    0.2084
 6568 KVMIGVD  -11.3845  -11.5725   -0.1880    0.2084
 6569 KVMIGVD  -11.3845  -11.5725   -0.1880    0.2084
 6570 KVMIGVD  -11.3845  -11.5725   -0.1880    0.2084
 6571 KVMVGVD  -10.2187  -11.7810   -1.5623    0.2084
 6572 KVMVGVD  -10.2187  -11.7810   -1.5623    0.2084
 6573 KIIVGMD  -10.6523  -10.9061   -0.2537    0.2084
 6574 KILVGMD  -11.4170  -12.9004   -1.4834    0.2084
 6575 KILVGMD  -11.4170  -12.9004   -1.4834    0.2084
 6576 KILVGMD  -11.4170  -12.9004   -1.4834    0.2084
 6577 KLLVGMD   -9.4772  -12.1904   -2.7131    0.2084
 6578 KLLVGMD   -9.4510  -12.1641   -2.7131    0.2084
 6579 KMLVGMD   -9.4080  -11.3803   -1.9723    0.2084
 6580 KWMVGMD  -10.1869  -10.0440    0.1429    0.2084
 6581 KIMVGME   -9.6019  -10.1016   -0.4997    0.2084
 6582 KIMVGME   -9.6019  -10.1016   -0.4997    0.2084
 6583 KIVVGME  -10.5933  -11.0985   -0.5051    0.2084
 6584 KIVVGME  -10.5933  -11.0985   -0.5051    0.2084
 6585 KIVVGME  -10.5933  -11.0985   -0.5051    0.2084
 6586 KVVIGME  -10.3961  -10.9012   -0.5051    0.2084
 6587 KVVIGME  -10.3961  -10.9012   -0.5051    0.2084
 6588 KVVIGMD  -11.3421  -11.5301   -0.1880    0.2084
 6589 KVIVGMD  -12.5514  -12.7394   -0.1880    0.2084
 6590 KVIVGMD  -12.6050  -12.7930   -0.1880    0.2084
 6591 KVIVGMD  -12.6050  -12.7930   -0.1880    0.2084
 6592 KVIVGMD  -12.6050  -12.7930   -0.1880    0.2084
 6593 KVIVGMD  -12.6050  -12.7930   -0.1880    0.2084
 6594 KVIVGMD  -12.6050  -12.7930   -0.1880    0.2084
 6595 KVIVGME  -10.7270  -11.2322   -0.5051    0.2084
 6596 KIVVGME  -11.8986  -12.4038   -0.5051    0.2084
 6597 KIVVGME  -11.8986  -12.4038   -0.5051    0.2084
 6598 KIVVGMD  -11.2448  -11.4328   -0.1880    0.2084
 6599 KIVVGMD  -11.2636  -11.4516   -0.1880    0.2225
 6600 KIVVGMD  -11.2636  -11.4516   -0.1880    0.2225
 6601 KIVVGMD  -11.2636  -11.4516   -0.1880    0.2225
 6602 KIVVGMD  -11.2636  -11.4516   -0.1880    0.2225
 6603 KIMVGMD   -9.9657  -10.1483   -0.1826    0.2225
 6604 KIMVGMD   -9.9657  -10.1483   -0.1826    0.2225
 6605 KIMVGMD   -9.9657  -10.1483   -0.1826    0.2225
 6606 KIMVGMD   -9.9657  -10.1483   -0.1826    0.2225
 6607 KMIVGMD   -9.2473   -9.4299   -0.1826    0.2225
 6608 KMVIGME   -8.3734   -8.8731   -0.4997    0.2225
 6609 KMIIGME   -8.8664   -9.5118   -0.6454    0.2225
 6610 KIMMGME   -6.2504   -6.7447   -0.4943    0.2225
 6611 KIMMGME   -6.2504   -6.7447   -0.4943    0.2225
 6612 KIMMGME   -6.2504   -6.7447   -0.4943    0.2225
 6613 KMIAGME   -4.7204   -8.4961   -3.7757    0.2225
 6614 KMIAGMD   -6.3607   -9.8193   -3.4586    0.2225
 6615 KMIAGMD   -6.3607   -9.8193   -3.4586    0.2225
 6616 KMIAGMD   -6.3607   -9.8193   -3.4586    0.2225
 6617 KMIAGMD   -6.3607   -9.8193   -3.4586    0.2225
 6618 KMIAGME   -4.7101   -8.4858   -3.7757    0.2225
 6619 KMIAGME   -4.1057   -7.8814   -3.7757    0.2225
 6620 EIIAGMK   -4.2813   -6.6881   -2.4069    0.2225
 6621 EIIMGKA   -5.9336   -8.3404   -2.4069    0.2225
 6622 DIIMGKA   -4.9228   -7.0126   -2.0897    0.2225
 6623 DFIMGKA   -4.0523   -5.9177   -1.8654    0.2225
 6624 DFIMGKM   -5.4633   -5.4873   -0.0240    0.2225
 6625 DFIMGKG   -3.9733   -5.8513   -1.8780    0.2225
 6626 EFIMGKG   -4.2261   -6.4212   -2.1951    0.2225
 6627 EFMMGKG   -1.7118   -5.2758   -3.5640    0.2225
 6628 EFMMGKF   -3.3425   -3.3793   -0.0369    0.2225
 6629 EIMMGKF   -4.2544   -4.5955   -0.3411    0.2225
 6630 EIMMGKF   -4.2544   -4.5955   -0.3411    0.2225
 6631 EIMMGKF   -4.2544   -4.5955   -0.3411    0.2225
 6632 EMMIGKF   -1.1614   -1.5026   -0.3411    0.2225
 6633 EIMMGKF   -2.6759   -3.0171   -0.3411    0.2225
 6634 EIMMGKL   -3.0962   -4.9714   -1.8751    0.2225
 6635 DIKVGMM   -4.9382   -5.0093   -0.0711    0.2225
 6636 DIEVGMV   -5.4772   -6.3638   -0.8866    0.2225
 6637 DIVVGEM   -6.9643   -7.9623   -0.9980    0.2225
 6638 DIVVGEM   -6.9643   -7.9623   -0.9980    0.2225
 6639 MIVVGED  -11.0294  -12.2503   -1.2209    0.2225
 6640 MIVVGDD  -11.1005  -12.0042   -0.9037    0.2225
 6641 MIVDGDV   -9.0045   -9.6854   -0.6809    0.2225
 6642 MIVKGDV  -11.7428  -11.9308   -0.1880    0.2225
 6643 MWMKGDV  -10.3618  -10.2189    0.1429    0.2225
 6644 MWMKGDV  -10.3618  -10.2189    0.1429    0.2225
 6645 MFMKGDV  -11.3378  -11.2960    0.0417    0.2225
 6646 MFDKGMV   -7.3741   -7.4438   -0.0697    0.2225
 6647 MVEKGMW   -7.6358   -7.9216   -0.2857    0.2225
 6648 MVEKGMW   -7.6358   -7.9216   -0.2857    0.2225
 6649 MVEKGMW   -7.6358   -7.9216   -0.2857    0.2225
 6650 MFEKGMW   -6.3377   -8.1449   -1.8071    0.2225
 6651 MKEVGVW  -10.6457  -10.7454   -0.0997    0.2225
 6652 MVKEGVA   -3.7693   -9.0362   -5.2669    0.2225
 6653 MMEKGVA   -2.0251   -7.2866   -5.2614    0.2225
 6654 MVEKGVY   -3.0524   -5.8641   -2.8117    0.2225
 6655 YMEKGVV   -1.5339   -4.3456   -2.8117    0.2225
 6656 YMEKGVV   -1.5339   -4.3456   -2.8117    0.2225
 6657 MYEKGVV   -1.8035   -4.6152   -2.8117    0.2225
 6658 MWEKGVV   -6.5500   -6.7611   -0.2111    0.2225
 6659 MWEKGVV   -6.5500   -6.7611   -0.2111    0.2225
 6660 MWEKGVV   -6.5500   -6.7611   -0.2111    0.2225
 6661 MWEKGVV   -6.5500   -6.7611   -0.2111    0.2225
 6662 MWEKGVV   -6.5500   -6.7611   -0.2111    0.2225
 6663 MWEKGVV   -6.5500   -6.7611   -0.2111    0.2225
 6664 MVEKGVW   -5.8196   -6.0308   -0.2111    0.2225
 6665 MMEKGVW   -5.5684   -5.8541   -0.2857    0.2225
 6666 MMEKGVW   -5.5684   -5.8541   -0.2857    0.2225
 6667 MMEKGVW   -5.5684   -5.8541   -0.2857    0.2225
 6668 MVEKGVW   -5.8363   -6.0474   -0.2111    0.2225
 6669 MVEKGVW   -5.8363   -6.0474   -0.2111    0.2225
 6670 MDDMGVW   -2.4228   -2.7728   -0.3500    0.2225
 6671 MRDMGVW   -1.9792   -5.2004   -3.2211    0.2225
 6672 MRDMGVW   -0.3444   -3.5655   -3.2211    0.2225
 6673 MDKMGVW   -2.8429   -2.7000    0.1429    0.2225
 6674 MGDMKVW    0.5699    0.8242    0.2543    0.2225
 6675 MGDVKVW   -3.7229   -3.3941    0.3289    0.2225
 6676 MGVDKVW   -3.3607   -3.1432    0.2174    0.2225
 6677 DGVVDFM   -2.3627   -2.8192   -0.4566    0.2225
 6678 GVEVDMW   -5.8651   -6.3462   -0.4811    0.2225
 6679 GMVEVDW   -8.1994   -8.6805   -0.4811    0.2225
 6680 GMVEVDW   -8.1994   -8.6805   -0.4811    0.2225
 6681 GMVEVDW   -8.1994   -8.6805   -0.4811    0.2225
 6682 GVVEVDW   -8.6707   -9.0773   -0.4066    0.2225
 6683 GMVEVDW   -8.2223   -8.7035   -0.4811    0.2225
 6684 GMVEVDW   -8.2223   -8.7035   -0.4811    0.2225
 6685 GMVKVDW   -5.5684   -5.2396    0.3289    0.2225
 6686 GVVKVDW   -6.0168   -5.6134    0.4034    0.2225
 6687 GVVDVDW   -8.3134   -8.4028   -0.0894    0.2225
 6688 GVVDVDW   -8.3134   -8.4028   -0.0894    0.2225
 6689 GVVDVKW   -7.3048   -6.9013    0.4034    0.2225
 6690 GVVKVDW   -7.0456   -6.6421    0.4034    0.2225
 6691 GVVKVEW   -6.8916   -6.8054    0.0863    0.2225
 6692 GVVVKEW   -8.8036   -8.9402   -0.1366    0.2225
 6693 GVVVKEW   -8.8036   -8.9402   -0.1366    0.2225
 6694 GVVVDEW   -8.3270   -8.9565   -0.6294    0.2225
 6695 GVLVFED   -9.9101  -12.0475   -2.1374    0.2225
 6696 GVIVFED  -10.0171  -10.9248   -0.9077    0.2225
 6697 GVIVFED  -10.0171  -10.9248   -0.9077    0.2225
 6698 GVVIVED  -10.9203  -12.1465   -1.2263    0.2225
 6699 GVVIVED  -10.9203  -12.1465   -1.2263    0.2225
 6700 GVVIFED  -10.5705  -11.4782   -0.9077    0.2225
 6701 GVVIFEK  -10.1089  -10.5238   -0.4149    0.2225
 6702 GVIVKEF   -7.9018   -8.2052   -0.3034    0.2225
 6703 KIVVEGF   -9.9786  -10.1706   -0.1920    0.2225
 6704 KIVVEGF   -9.9786  -10.1706   -0.1920    0.2225
 6705 KVIVDGF  -10.6255  -10.5004    0.1251    0.2225
 6706 KVMVDGF  -10.3901  -10.3539    0.0363    0.2225
 6707 KVMVDGF  -10.3901  -10.3539    0.0363    0.2225
 6708 KVMDVGF   -7.3112   -7.1635    0.1477    0.2225
 6709 KVMDVGF   -7.3112   -7.1635    0.1477    0.2225
 6710 KLVDVGF   -6.1397   -7.1329   -0.9931    0.2225
 6711 KIVVEGF   -7.5606   -7.7526   -0.1920    0.2225
 6712 KLEAVGW   -4.4864   -7.4915   -3.0051    0.2225
 6713 AWEKVGI   -6.8600   -8.1868   -1.3269    0.2225
 6714 GWEKVAF   -7.2292   -8.4432   -1.2140    0.2225
 6715 GWEKFAV   -5.5300   -6.7440   -1.2140    0.2225
 6716 GWEKFAV   -5.5300   -6.7440   -1.2140    0.2225
 6717 FWEKGAV   -4.9954   -6.2094   -1.2140    0.2225
 6718 FVEKGAV   -4.2638   -7.9375   -3.6737    0.2225
 6719 IWEKGAV   -7.2302   -8.6685   -1.4383    0.2225
 6720 IWEKGAV   -7.2302   -8.6685   -1.4383    0.2225
 6721 IWEKGAV   -7.2302   -8.6685   -1.4383    0.2225
 6722 FWKEGAV   -5.9697   -7.1837   -1.2140    0.2225
 6723 VWKEGAF   -5.4389   -6.6529   -1.2140    0.2225
 6724 VWKEGAF   -5.4389   -6.6529   -1.2140    0.2225
 6725 VFKEGAW   -6.2928   -7.5068   -1.2140    0.2225
 6726 VVKEGAW   -6.3350   -9.1476   -2.8126    0.2225
 6727 VMKEGAW   -5.8009   -8.6081   -2.8071    0.2225
 6728 VDYEGAW    3.6521   -0.2514   -3.9034    0.2225
 6729 VDAYGDW    0.7986   -2.7877   -3.5863    0.2225
 6730 IDAYGKW    0.7141   -1.0050   -1.7191    0.2225
 6731 IKAAGDW   -3.1498   -7.3241   -4.1743    0.2225
 6732 IKAAGDW   -3.1498   -7.3241   -4.1743    0.2225
 6733 IKAAGDW   -3.1498   -7.3241   -4.1743    0.2225
 6734 IKAAGEW   -3.3758   -7.8673   -4.4914    0.2225
 6735 IKAAGEW   -3.3758   -7.8673   -4.4914    0.2225
 6736 IKAVGDW   -7.9635   -8.8618   -0.8983    0.2225
 6737 IKAVGDW   -7.9635   -8.8618   -0.8983    0.2225
 6738 IKALGEM   -5.5227   -9.6078   -4.0851    0.2225
 6739 IKALGEM   -5.5227   -9.6078   -4.0851    0.2225
 6740 MKMLGEI   -8.5483  -10.3120   -1.7637    0.2225
 6741 MKMLGEI   -8.5483  -10.3120   -1.7637    0.2225
 6742 MKMLGEI   -8.5483  -10.3120   -1.7637    0.2225
 6743 MKMLGDI   -8.9747  -10.4213   -1.4466    0.2225
 6744 MKMLGDI   -8.9747  -10.4213   -1.4466    0.2225
 6745 MKMLGDI   -8.9747  -10.4213   -1.4466    0.2225
 6746 MKMMGDI   -9.0139   -9.0796   -0.0657    0.2225
 6747 KMMIGEI   -4.7419   -5.3874   -0.6454    0.2225
 6748 KMMVGEI   -5.2622   -5.7620   -0.4997    0.2225
 6749 KMLVGEI   -6.4064   -8.2070   -1.8006    0.2225
 6750 KMVLGEI   -5.1732   -6.9737   -1.8006    0.2225
 6751 KIVLGEM   -7.0854   -8.8860   -1.8006    0.2225
 6752 KIVLGEM   -7.0854   -8.8860   -1.8006    0.2225
 6753 KIVMGEM   -7.5492   -8.0489   -0.4997    0.2225
 6754 MIVKGEM   -7.5528   -8.0525   -0.4997    0.2225
 6755 EIMEGVM   -4.4260   -5.7357   -1.3097    0.2225
 6756 EIMEGVV   -5.2060   -6.5212   -1.3151    0.2225
 6757 IIEVGEV   -6.9926   -8.1875   -1.1949    0.2225
 6758 IIMVGEK   -7.8159   -8.6096   -0.7937    0.2225
 6759 KIMVGEI   -7.4351   -8.0060   -0.5709    0.2225
 6760 MKMVGEI   -8.0697   -8.4579   -0.3883    0.2225
 6761 MKEVGMI   -8.4337   -8.9334   -0.4997    0.2225
 6762 MKEIGMI   -7.7492   -8.3946   -0.6454    0.2225
 6763 MKEMGIV   -5.3812   -5.8810   -0.4997    0.2225
 6764 MKEMGVV   -6.1071   -7.9811   -1.8740    0.2225
 6765 FKVVGEG   -5.5577   -9.0211   -3.4634    0.2225
 6766 FKVVMEG   -4.5727   -4.8536   -0.2809    0.2225
 6767 FKEVMVG   -4.2719   -4.6642   -0.3923    0.2225
 6768 FKEVGVM   -8.7487   -9.0295   -0.2809    0.2225
 6769 FKMVGVE   -8.6754   -8.8448   -0.1694    0.2225
 6770 FVVDGMD   -5.1670   -5.6236   -0.4566    0.2225
 6771 FMVDGVD   -5.8116   -6.2682   -0.4566    0.2225
 6772 FMVDGMD   -5.9786   -6.4298   -0.4511    0.2225
 6773 FMVMGDD   -6.6747   -7.3487   -0.6740    0.2225
 6774 FMVMGDD   -6.6747   -7.3487   -0.6740    0.2225
 6775 FMVMGDD   -6.6747   -7.3487   -0.6740    0.2225
 6776 FMVMGDD   -6.6747   -7.3487   -0.6740    0.2225
 6777 FMVMGED   -5.9260   -6.9172   -0.9911    0.2225
 6778 FMVVGED   -8.0750   -9.0716   -0.9966    0.2225
 6779 FMVVGED   -8.0750   -9.0716   -0.9966    0.2225
 6780 FEVVGMK   -6.9687   -7.1381   -0.1694    0.2225
 6781 FMKVGEF   -6.0968   -5.9477    0.1491    0.2225
 6782 FMKVGDI   -7.8562   -7.6942    0.1620    0.2225
 6783 FMKVGEI   -7.7858   -7.9410   -0.1551    0.2225
 6784 FEKVGMI   -8.1073   -8.3739   -0.2666    0.2225
 6785 FIKVGME   -8.1750   -8.3301   -0.1551    0.2225
 6786 FEKVGMI   -8.1285   -8.3951   -0.2666    0.2225
 6787 FIKVGMD   -8.4380   -8.2760    0.1620    0.2225
 6788 FVKVGMD   -7.6797   -7.5320    0.1477    0.2225
 6789 FVKVGMD   -7.6797   -7.5320    0.1477    0.2225
 6790 FVKVGMD   -7.6797   -7.5320    0.1477    0.2225
 6791 FVKVGID   -7.5699   -7.3333    0.2366    0.2225
 6792 FVKVGID   -7.5699   -7.3333    0.2366    0.2225
 6793 FVKVGVD   -8.7582   -8.6159    0.1423    0.2225
 6794 DVKVGVF   -7.7745   -7.6322    0.1423    0.2225
 6795 DVVVGKF   -7.7009   -7.6701    0.0309    0.2225
 6796 KVVVGDF  -10.3923  -10.3614    0.0309    0.2225
 6797 EVEVGVM   -5.0858   -7.6638   -2.5780    0.2225
 6798 KMVVGEM   -6.3718   -8.2458   -1.8740    0.2225
 6799 KVVVGDM   -7.4468   -9.0091   -1.5623    0.2225
 6800 KILVGDM   -9.3473  -10.8307   -1.4834    0.2225
 6801 KMLVGID   -9.3198  -10.8032   -1.4834    0.2225
 6802 KMLVGID   -9.3198  -10.8032   -1.4834    0.2225
 6803 DMLVGIK   -8.2566   -9.7400   -1.4834    0.2225
 6804 DMLVGIK   -8.2566   -9.7400   -1.4834    0.2225
 6805 DMLVGIK   -8.2566   -9.7400   -1.4834    0.2225
 6806 DMLVGIK   -8.2566   -9.7400   -1.4834    0.2225
 6807 DMLVGIE   -7.1536   -9.4470   -2.2934    0.2225
 6808 MDLVGIE   -5.7273   -7.9093   -2.1820    0.2225
 6809 MDLVGVE   -5.7145   -8.3908   -2.6763    0.2225
 6810 LMVVGDE   -6.5728   -9.5834   -3.0106    0.2225
 6811 LMVVGDE   -7.0674  -10.0780   -3.0106    0.2161
 6812 MVVLGDD   -7.5338  -10.2272   -2.6934    0.2161
 6813 MVVMGDK   -4.5752   -6.3549   -1.7797    0.2161
 6814 MVLVGDK   -7.1678   -9.3684   -2.2006    0.2161
 6815 MVLVGDD   -9.8858  -12.5792   -2.6934    0.2161
 6816 MILVGED  -10.6518  -13.1681   -2.5163    0.2161
 6817 AILVGED   -7.8951  -12.8128   -4.9177    0.2161
 6818 AILVGKE   -7.7336  -12.1585   -4.4249    0.2161
 6819 AELVGIK   -5.7350   -9.8256   -4.0906    0.2161
 6820 AELVGID   -5.3829   -9.9663   -4.5834    0.2161
 6821 AEMVGID   -3.7176   -7.8801   -4.1626    0.2161
 6822 AELVGIK   -4.9579   -9.0485   -4.0906    0.2161
 6823 MEIVGIR   -0.0550   -3.8784   -3.8234    0.2161
 6824 EMIVGIR   -0.6661   -4.6009   -3.9349    0.2161
 6825 KMIIGVE   -7.2598   -7.8306   -0.5709    0.2161
 6826 KIEVGMI   -7.2043   -7.6637   -0.4594    0.2161
 6827 MIIVGKD   -8.3039   -8.7805   -0.4766    0.2161
 6828 MIVVGED  -10.0682  -11.2891   -1.2209    0.2161
 6829 MIVVGEE   -9.3089  -10.8469   -1.5380    0.2161
 6830 MIVVGEK   -8.2856   -9.0136   -0.7280    0.2161
 6831 KIVIGDM   -7.7684   -8.0221   -0.2537    0.2161
 6832 KIVIGDY   -9.3147   -8.9547    0.3600    0.2161
 6833 KIVIGDY   -9.3147   -8.9547    0.3600    0.2161
 6834 KIVIGDY   -9.3147   -8.9547    0.3600    0.2161
 6835 IKVIGDY   -7.6858   -7.2144    0.4714    0.2161
 6836 KFVIGDY   -6.2423   -5.6581    0.5843    0.2161
 6837 KLVIGDY   -6.3154   -7.7451   -1.4297    0.2161
 6838 KLVIGEY   -6.4794   -8.2263   -1.7469    0.2161
 6839 KMVIGEY   -7.2283   -8.5543   -1.3260    0.2161
 6840 KMVIGEY   -7.2283   -8.5543   -1.3260    0.2161
 6841 KMVIGEL   -6.7400   -8.5406   -1.8006    0.2161
 6842 VKLIGEM   -7.7064   -9.3956   -1.6891    0.2161
 6843 VKLIGME   -8.9672  -10.6563   -1.6891    0.2161
 6844 VKLIGME   -8.9672  -10.6563   -1.6891    0.2161
 6845 VKLIGME   -8.9672  -10.6563   -1.6891    0.2161
 6846 VKMIGLE   -9.1457  -10.8348   -1.6891    0.2161
 6847 VKMIGLE   -9.1457  -10.8348   -1.6891    0.2161
 6848 VKMIGLE   -9.1457  -10.8348   -1.6891    0.2161
 6849 VKMIGLE   -9.1457  -10.8348   -1.6891    0.2161
 6850 VKMIGLE   -9.1457  -10.8348   -1.6891    0.2161
 6851 VKMIGLE   -9.1457  -10.8348   -1.6891    0.2161
 6852 VKMIGME  -10.2326  -10.6209   -0.3883    0.2161
 6853 VKMIGME  -10.2326  -10.6209   -0.3883    0.2161
 6854 MKVIGME   -8.7422   -9.1305   -0.3883    0.2161
 6855 MKVIGME  -10.9923  -11.3806   -0.3883    0.2161
 6856 MKVIGME  -10.9923  -11.3806   -0.3883    0.2161
 6857 MKVIGME  -10.9923  -11.3806   -0.3883    0.2161
 6858 MKEVGMI   -9.4929   -9.9926   -0.4997    0.2161
 6859 MKEMGVI   -7.9279   -8.4276   -0.4997    0.2161
 6860 MKEVGMI   -8.4537   -8.9535   -0.4997    0.2161
 6861 MKEVGIV  -10.9964  -11.5016   -0.5051    0.2161
 6862 MKEIGVL  -10.0904  -11.8910   -1.8006    0.2161
 6863 MKEIGVL  -10.0904  -11.8910   -1.8006    0.2161
 6864 MKEIGVL  -10.0904  -11.8910   -1.8006    0.2161
 6865 MKIEGVL   -7.3772   -9.0663   -1.6891    0.2161
 6866 MKEVGIL   -5.9443   -7.7448   -1.8006    0.2161
 6867 MKEVGIL   -5.9443   -7.7448   -1.8006    0.2161
 6868 MKEVGIL   -5.9443   -7.7448   -1.8006    0.2161
 6869 MKEVGLI   -8.8766  -10.6772   -1.8006    0.2161
 6870 MKEVGLI   -8.8766  -10.6772   -1.8006    0.2161
 6871 MKEVGLI   -8.8766  -10.6772   -1.8006    0.2161
 6872 MKLVGEV   -9.1101  -11.2936   -2.1834    0.2161
 6873 MVMVGEK   -6.4468   -8.5437   -2.0969    0.2161
 6874 AVMIGEK   -1.2509   -5.2549   -4.0040    0.2161
 6875 MVAMGED   -0.8949   -6.7606   -5.8657    0.2161
 6876 MEVMGVD   -5.7814   -8.0369   -2.2554    0.2161
 6877 MEVMGVD   -6.4972   -8.7527   -2.2554    0.2161
 6878 MDVMGVD   -5.3333   -7.2715   -1.9383    0.2161
 6879 MDVMGVD   -5.3333   -7.2715   -1.9383    0.2161
 6880 MVVMGDD   -7.4962   -9.7688   -2.2726    0.2161
 6881 MVVMGDD   -7.4962   -9.7688   -2.2726    0.2161
 6882 MIMVGDD  -10.2299  -11.1282   -0.8983    0.2161
 6883 MIMVGDD  -10.2299  -11.1282   -0.8983    0.2161
 6884 MIIVGDD  -10.0305  -10.9999   -0.9694    0.2161
 6885 MIVVGDD  -11.0290  -11.9327   -0.9037    0.2161
 6886 MIVVGDD  -11.0290  -11.9327   -0.9037    0.2161
 6887 MIVVGDD  -11.0290  -11.9327   -0.9037    0.2161
 6888 MIIVGDD  -11.5033  -12.4727   -0.9694    0.2161
 6889 MIVIGDD  -11.1007  -12.0701   -0.9694    0.2161
 6890 MIVIGDD  -11.1007  -12.0701   -0.9694    0.2161
 6891 YIVIGDD   -6.4125   -6.7683   -0.3557    0.2161
 6892 YIVIGED   -6.2837   -6.9566   -0.6729    0.2161
 6893 YIVIGED   -5.9753   -6.6482   -0.6729    0.2161
 6894 GIIVGDR   -4.5983  -10.1814   -5.5831    0.2161
 6895 GIMIGDE   -8.1346  -11.1583   -3.0237    0.2161
 6896 GIMIGDE   -8.1243  -11.1481   -3.0237    0.2161
 6897 GIIMGDE   -7.6501  -10.6738   -3.0237    0.2161
 6898 AIIMGDE   -7.9770  -11.0996   -3.1226    0.2161
 6899 AIIMGEE   -8.2528  -11.6925   -3.4397    0.2161
 6900 AIIMGDE   -7.8055  -10.9281   -3.1226    0.2161
 6901 AMIIGDK   -6.8601   -9.1727   -2.3126    0.2161
 6902 AKMIGDW   -6.9256   -7.8185   -0.8929    0.2161
 6903 AKMIGEW   -7.1283   -8.3383   -1.2100    0.2161
 6904 AKMIGEW   -7.1283   -8.3383   -1.2100    0.2161
 6905 AKMIGEW   -7.1283   -8.3383   -1.2100    0.2161
 6906 AKMIGEW   -7.1283   -8.3383   -1.2100    0.2161
 6907 GKMIGEW   -6.5071   -7.7297   -1.2226    0.2161
 6908 GMKIGEW   -5.4731   -6.5842   -1.1111    0.2161
 6909 GMKIGEW   -5.4731   -6.5842   -1.1111    0.2161
 6910 GMKIGEW   -5.4731   -6.5842   -1.1111    0.2161
 6911 GMKIGEW   -5.4731   -6.5842   -1.1111    0.2161
 6912 GMKIGEW   -5.4731   -6.5842   -1.1111    0.2161
 6913 GKMIGDW   -7.8269   -8.7323   -0.9054    0.2161
 6914 GKVIGDW   -8.5347   -9.4455   -0.9109    0.2161
 6915 GKVIGDW   -8.5347   -9.4455   -0.9109    0.2161
 6916 GKIIGDW   -9.2389   -9.1354    0.1034    0.2161
 6917 GKIIGDW   -9.2389   -9.1354    0.1034    0.2161
 6918 GKIVGDW   -9.1266  -10.0375   -0.9109    0.2161
 6919 GKIVGDW   -9.1266  -10.0375   -0.9109    0.2161
 6920 GIKVGDW   -9.9047  -10.7041   -0.7994    0.2161
 6921 GIKVGEW   -9.2609  -10.3775   -1.1166    0.2161
 6922 GIKVGEW   -9.2609  -10.3775   -1.1166    0.2161
 6923 EIKVGGW   -7.4420   -8.6700   -1.2280    0.2161
 6924 DVKIGGW   -5.9109   -6.8218   -0.9109    0.2161
 6925 EFIKGGW   -9.4551   -9.4759   -0.0209    0.2161
 6926 EFIKGGW   -9.4551   -9.4759   -0.0209    0.2161
 6927 EIIKGGW   -9.7182  -10.0433   -0.3251    0.2161
 6928 EMIKGGW   -6.9477   -8.2817   -1.3340    0.2161
 6929 EMIKGGW   -6.9477   -8.2817   -1.3340    0.2161
 6930 MEIKGGW   -7.4365   -8.6590   -1.2226    0.2161
 6931 MEIKGGW   -7.4365   -8.6590   -1.2226    0.2161
 6932 IEIKGGW   -7.7348   -7.9485   -0.2137    0.2161
 6933 IEIKGGI   -7.9076   -8.8467   -0.9391    0.2161
 6934 IEIKGGI   -7.9076   -8.8467   -0.9391    0.2161
 6935 EIIEGGI   -7.1523   -9.0128   -1.8606    0.2161
 6936 EVIEGGI   -4.9939   -8.2288   -3.2349    0.2161
 6937 EWIKGGF   -7.4594   -7.4803   -0.0209    0.2161
 6938 EWIKGGF   -7.4594   -7.4803   -0.0209    0.2161
 6939 WIIEGGK   -4.9820   -5.4186   -0.4366    0.2161
 6940 WIIEGGR   -3.1984   -6.9990   -3.8006    0.2161
 6941 WIIKGGE   -8.6954   -9.1319   -0.4366    0.2161
 6942 WIIKGGE   -8.6954   -9.1319   -0.4366    0.2161
 6943 WIIKGGE   -8.6954   -9.1319   -0.4366    0.2161
 6944 WIIKGGE   -8.6954   -9.1319   -0.4366    0.2161
 6945 WLIKGGE   -6.5459   -8.4122   -1.8663    0.2161
 6946 WLIKGGE   -6.5459   -8.4122   -1.8663    0.2161
 6947 DLIKGGW   -5.7182   -7.1559   -1.4377    0.2161
 6948 DVIKGGW   -6.6028   -7.6251   -1.0223    0.2161
 6949 DVIKGGW   -6.5661   -7.5884   -1.0223    0.2161
 6950 DIVKGGW   -6.6279   -7.6502   -1.0223    0.2161
 6951 EIVKGGW   -7.5625   -8.9020   -1.3394    0.2161
 6952 EFVWGGK   -4.9336   -6.1602   -1.2266    0.2161
 6953 EFKWGGV   -4.2284   -5.2322   -1.0037    0.2161
 6954 DFKVGGF   -3.0371   -4.5848   -1.5477    0.2161
 6955 DFKWGGF   -5.4504   -4.7384    0.7120    0.2161
 6956 DFKWGGF   -5.3834   -4.6714    0.7120    0.2161
 6957 KFEFGGF   -6.0053   -6.2716   -0.2663    0.2161
 6958 KFEWGGF   -6.4755   -6.0807    0.3949    0.2161
 6959 KFEWGGF   -6.4755   -6.0807    0.3949    0.2161
 6960 KFEWGGF   -6.4755   -6.0807    0.3949    0.2161
 6961 KFEWGGF   -6.4755   -6.0807    0.3949    0.2161
 6962 KFEWGGF   -6.4755   -6.0807    0.3949    0.2161
 6963 KFDWGGF   -6.1710   -5.4590    0.7120    0.2161
 6964 KFEFGGF   -6.2555   -6.5218   -0.2663    0.2161
 6965 KFEFGGF   -6.2555   -6.5218   -0.2663    0.2161
 6966 KFEFGGF   -6.2555   -6.5218   -0.2663    0.2161
 6967 KFEFGGI   -5.8310   -6.3216   -0.4906    0.2161
 6968 KFEFGGW   -5.9052   -5.5104    0.3949    0.2161
 6969 KFEFGGW   -5.9052   -5.5104    0.3949    0.2161
 6970 KFEFGGW   -5.9052   -5.5104    0.3949    0.2161
 6971 KFEFGGW   -5.9052   -5.5104    0.3949    0.2161
 6972 KFDFGGW   -5.1798   -4.4678    0.7120    0.2161
 6973 KFEFGGW   -5.7993   -5.4044    0.3949    0.2161
 6974 KFEFGGW   -5.7993   -5.4044    0.3949    0.2161
 6975 KFEFGGW   -5.7993   -5.4044    0.3949    0.2161
 6976 KFEFGGW   -5.7993   -5.4044    0.3949    0.2161
 6977 KFEFGGI   -5.7292   -6.2198   -0.4906    0.2161
 6978 KFDFGGI   -4.9482   -5.1216   -0.1734    0.2161
 6979 DFKFGGI   -2.2361   -2.4096   -0.1734    0.2161
 6980 DIKFGGF   -2.9718   -3.1452   -0.1734    0.2161
 6981 DIDFGGF   -3.1526   -3.8188   -0.6663    0.2161
 6982 GWDFGDI   -3.6789   -3.6526    0.0263    0.2161
 6983 GIDFGDW   -4.6458   -4.6195    0.0263    0.2161
 6984 GIEFGDW   -5.1415   -5.4324   -0.2909    0.2161
 6985 GIEFGDW   -5.1415   -5.4324   -0.2909    0.2161
 6986 GIEFGDW   -5.1415   -5.4324   -0.2909    0.2161
 6987 GIEFGDW   -5.1415   -5.4324   -0.2909    0.2161
 6988 GIEFGDW   -5.1415   -5.4324   -0.2909    0.2161
 6989 GIEFGKW   -2.2735   -2.0715    0.2020    0.2161
 6990 GIKFGDW   -3.4884   -2.9693    0.5191    0.2161
 6991 GIKFGDW   -3.4884   -2.9693    0.5191    0.2161
 6992 GIDFGDW   -4.7879   -4.7616    0.0263    0.2161
 6993 GIDIGDL   -4.3078   -7.1009   -2.7931    0.2161
 6994 GIEIGDL   -5.4575   -8.5678   -3.1103    0.2161
 6995 GIKIGDL   -6.4233   -8.7236   -2.3003    0.2161
 6996 GIKIGDL   -6.4233   -8.7236   -2.3003    0.2161
 6997 GWKIGDL   -6.3655   -7.5803   -1.2149    0.2161
 6998 GWKIGDL   -6.3655   -7.5803   -1.2149    0.2161
 6999 GWKIGEL   -5.4689   -7.0009   -1.5320    0.2161
 7000 GWKIGDL   -6.0129   -7.2278   -1.2149    0.2161
 7001 GWKIGDF   -5.7843   -5.2651    0.5191    0.2161
 7002 GWKIGEW   -4.4525   -5.9094   -1.4569    0.2161
 7003 GWKIGEW   -4.4525   -5.9094   -1.4569    0.2161
 7004 GWKIGEL   -5.4096   -6.9416   -1.5320    0.2161
 7005 GWKIGEL   -5.4096   -6.9416   -1.5320    0.2161
 7006 GIKIGEL   -5.1352   -7.7526   -2.6174    0.2161
 7007 GIKIGEM   -5.5054   -7.7020   -2.1966    0.2161
 7008 GIMIGDK   -6.0911   -8.3049   -2.2137    0.2161
 7009 GIMIGDE   -6.2818   -9.3055   -3.0237    0.2161
 7010 GIKIGDM   -6.3904   -8.2698   -1.8794    0.2161
 7011 GIKIGDM   -6.3904   -8.2698   -1.8794    0.2161
 7012 GIKIGDM   -9.4302  -11.3096   -1.8794    0.2346
 7013 GIKIGEM   -8.4192  -10.6158   -2.1966    0.2346
 7014 GIKIGEF   -9.6980  -10.3014   -0.6034    0.2346
 7015 GIKIGEF   -9.6980  -10.3014   -0.6034    0.2346
 7016 GIKIGEF   -9.6980  -10.3014   -0.6034    0.2346
 7017 GIKIGEF   -9.6980  -10.3014   -0.6034    0.2346
 7018 GIKIGEF   -9.6980  -10.3014   -0.6034    0.2346
 7019 GIKIGDF  -10.4873  -10.7736   -0.2863    0.2346
 7020 GIKIGDF  -10.4873  -10.7736   -0.2863    0.2346
 7021 GIKIGDF  -10.4873  -10.7736   -0.2863    0.2346
 7022 GIKIGDF  -10.4873  -10.7736   -0.2863    0.2346
 7023 GIKIGDF  -10.4873  -10.7736   -0.2863    0.2346
 7024 GIKIGDF  -10.4873  -10.7736   -0.2863    0.2346
 7025 GIKIGDF  -10.4873  -10.7736   -0.2863    0.2346
 7026 GIKIGEF   -9.6899  -10.2933   -0.6034    0.2346
 7027 GIKIGDF  -10.4630  -10.7493   -0.2863    0.2346
 7028 GIKIGDF  -10.4630  -10.7493   -0.2863    0.2346
 7029 GIKIGDF  -10.4630  -10.7493   -0.2863    0.2346
 7030 GIKIGDW  -11.0492  -10.8343    0.2149    0.2346
 7031 GIKLGEW   -8.8034  -10.3354   -1.5320    0.2346
 7032 GLKIGEW   -7.9040   -9.4360   -1.5320    0.2346
 7033 GYKIGEW   -4.6466   -6.5840   -1.9374    0.2346
 7034 GYKIGDW   -5.4128   -7.0331   -1.6203    0.2346
 7035 GYKIGDW   -5.4128   -7.0331   -1.6203    0.2346
 7036 GIKIGDW  -10.7091  -10.4942    0.2149    0.2346
 7037 GIKVGEW   -9.4092  -10.5258   -1.1166    0.2346
 7038 GIKVGEW   -9.4092  -10.5258   -1.1166    0.2346
 7039 GIKVGEW   -9.4092  -10.5258   -1.1166    0.2346
 7040 GIKIGEW   -9.6236   -9.7259   -0.1023    0.2346
 7041 GIKIGEF   -9.0617   -9.6651   -0.6034    0.2346
 7042 GIKIGEF   -9.0617   -9.6651   -0.6034    0.2346
 7043 GIKIGEI   -9.4905  -10.3183   -0.8277    0.2346
 7044 GIKIGDI  -10.2808  -10.7914   -0.5106    0.2346
 7045 GIKIGDI  -10.2808  -10.7914   -0.5106    0.2346
 7046 GIKIGDI  -10.2808  -10.7914   -0.5106    0.2346
 7047 GIKIGDI  -10.2808  -10.7914   -0.5106    0.2346
 7048 GIKIGDI  -10.2808  -10.7914   -0.5106    0.2346
 7049 GIKIGEI   -9.5722  -10.3999   -0.8277    0.2346
 7050 GIKLGDI   -8.6359  -10.9361   -2.3003    0.2346
 7051 GIKLGDI   -8.6359  -10.9361   -2.3003    0.2346
 7052 GIKIGDL   -8.5292  -10.8295   -2.3003    0.2346
 7053 GIKIGDL   -8.5292  -10.8295   -2.3003    0.2346
 7054 GILIGDK   -8.1564  -10.7909   -2.6346    0.2346
 7055 GLLIGDD   -6.0247  -10.9418   -4.9171    0.2346
 7056 GLLIGDE   -6.1917  -11.4259   -5.2343    0.2346
 7057 GIILGDK   -6.7056   -9.3402   -2.6346    0.2346
 7058 GIILGEK   -5.5310   -8.4827   -2.9517    0.2346
 7059 GWILGEE   -4.3487   -7.0250   -2.6763    0.2346
 7060 GGILWDD   -5.4016   -7.5550   -2.1534    0.2346
 7061 GWIVGDD   -7.9427   -9.5693   -1.6266    0.2346
 7062 GWIIGDD   -8.4054   -9.0177   -0.6123    0.2346
 7063 GWIIGDD   -8.4054   -9.0177   -0.6123    0.2346
 7064 GWIIGDD   -8.4054   -9.0177   -0.6123    0.2346
 7065 GVLIGDD   -7.0602  -11.5619   -4.5017    0.2346
 7066 GVLIGDD   -7.0602  -11.5619   -4.5017    0.2346
 7067 GVLIGDD   -7.0602  -11.5619   -4.5017    0.2346
 7068 GVLIGDD   -7.0602  -11.5619   -4.5017    0.2346
 7069 GFMIGDD   -6.5712   -9.0535   -2.4823    0.2346
 7070 GFMIGDK   -6.0683   -8.0577   -1.9894    0.2346
 7071 DFMIGGK   -4.8649   -6.8543   -1.9894    0.2346
 7072 EIMFGGK   -4.4567   -6.7632   -2.3066    0.2346
 7073 EIMFGGK   -4.4567   -6.7632   -2.3066    0.2346
 7074 EIMWGGK   -5.3664   -6.8118   -1.4454    0.2346
 7075 EIMWGGK   -5.3664   -6.8118   -1.4454    0.2346
 7076 KIMIGGE   -8.6280  -11.1588   -2.5309    0.2346
 7077 KILIGGE   -9.1949  -12.1466   -2.9517    0.2346
 7078 KILIGGE   -9.1949  -12.1466   -2.9517    0.2346
 7079 LKIIGGE   -6.0941   -8.9344   -2.8403    0.2346
 7080 KIIIGGE  -11.7426  -12.9046   -1.1620    0.2346
 7081 IKIIGGE  -10.1553  -11.2059   -1.0506    0.2346
 7082 IKIIGGE  -10.1553  -11.2059   -1.0506    0.2346
 7083 IKIIGGE  -10.1553  -11.2059   -1.0506    0.2346
 7084 IKEVGGI   -7.8266  -10.2515   -2.4249    0.2346
 7085 IGDVKGW   -4.1553   -4.9547   -0.7994    0.2346
 7086 VGEKIGW   -5.3714   -6.5994   -1.2280    0.2346
 7087 VGEKIGW   -5.3714   -6.5994   -1.2280    0.2346
 7088 VGEKIGW   -5.3714   -6.5994   -1.2280    0.2346
 7089 VGEKIAW   -5.3864   -6.8247   -1.4383    0.2346
 7090 VGDKIAW   -5.4074   -6.5286   -1.1211    0.2346
 7091 VGDKIAW   -5.4074   -6.5286   -1.1211    0.2346
 7092 VIADGKW   -3.9560   -4.9657   -1.0097    0.2346
 7093 EIAVGKW   -4.5892   -5.9161   -1.3269    0.2346
 7094 EFAVGKW   -4.3056   -5.4082   -1.1026    0.2346
 7095 EGAVFEW   -4.2607   -6.1732   -1.9126    0.2346
 7096 EGEVFAW   -1.0831   -3.1071   -2.0240    0.2346
 7097 AGELFEW   -0.9071   -4.5237   -3.6166    0.2346
 7098 AGELFEW   -0.9071   -4.5237   -3.6166    0.2346
 7099 AGELFEW   -0.9071   -4.5237   -3.6166    0.2346
 7100 EGAMFEW   -1.5243   -3.4314   -1.9071    0.2346
 7101 EGAMFEW   -1.5243   -3.4314   -1.9071    0.2346
 7102 MGAWFDE   -3.4391   -5.1405   -1.7014    0.2346
 7103 IGAWFDE   -3.6419   -5.9344   -2.2926    0.2346
 7104 LGAWFDE   -2.1864   -5.7086   -3.5223    0.2346
 7105 MGAWEDF   -4.0510   -5.6410   -1.5900    0.2346
 7106 MEAWGDF   -0.9158   -2.3944   -1.4786    0.2346
 7107 DMAWGDF   -0.4934   -1.7663   -1.2729    0.2346
 7108 MKAWGDF   -3.4606   -4.1291   -0.6686    0.2346
 7109 MWAKGDF   -3.0407   -3.8208   -0.7800    0.2346
 7110 MWAEGEF   -3.5225   -5.4297   -1.9071    0.2346
 7111 MFAEGEF   -2.9624   -5.7307   -2.7683    0.2346
 7112 MIEAGKF   -3.9150   -5.9862   -2.0711    0.2346
 7113 MIAEGEW   -3.9992   -6.1306   -2.1314    0.2346
 7114 MIEAGEW   -4.0717   -6.0917   -2.0200    0.2346
 7115 MIEAGEW   -4.0717   -6.0917   -2.0200    0.2346
 7116 GIEVGEF   -4.8633   -7.6511   -2.7877    0.2346
 7117 GIEVGDF   -6.9552   -9.4257   -2.4706    0.2346
 7118 GIKVGDF   -9.3616  -11.0222   -1.6606    0.2346
 7119 GIKVGEF   -8.7150  -10.6927   -1.9777    0.2346
 7120 GIKVGEF   -8.7150  -10.6927   -1.9777    0.2346
 7121 GIKVGEV   -7.8328  -11.4091   -3.5763    0.2346
 7122 GIKVGEV   -7.8328  -11.4091   -3.5763    0.2346
 7123 GIKVGEV   -7.8328  -11.4091   -3.5763    0.2346
 7124 GIKVGEM   -7.7631  -11.3340   -3.5709    0.2346
 7125 GIKVGEM   -7.7631  -11.3340   -3.5709    0.2346
 7126 GIEVGKM   -6.9570  -10.5278   -3.5709    0.2346
 7127 GIEVGKM   -6.9570  -10.5278   -3.5709    0.2346
 7128 GIEVGKM   -6.9570  -10.5278   -3.5709    0.2346
 7129 GIEVGKY   -5.5397   -9.9368   -4.3971    0.2346
 7130 GIEVGKY   -5.5397   -9.9368   -4.3971    0.2346
 7131 GIEVGKY   -5.5397   -9.9368   -4.3971    0.2346
 7132 GIEVGKV   -7.0485  -10.6248   -3.5763    0.2346
 7133 GIEVGKI   -7.4164   -9.6184   -2.2020    0.2346
 7134 GWEVGKI   -6.7208   -7.8374   -1.1166    0.2346
 7135 GVEVGKI   -5.1269   -8.7032   -3.5763    0.2346
 7136 GVEIGKF   -6.1712   -8.1489   -1.9777    0.2346
 7137 GMEIGKF   -5.8730   -7.8453   -1.9723    0.2346
 7138 GIEIGKF   -8.3070   -8.9104   -0.6034    0.2346
 7139 GIKIGEI   -8.4489   -9.2766   -0.8277    0.2346
 7140 GIKIGEF   -7.9634   -8.5668   -0.6034    0.2346
 7141 GIKIGEF   -7.9634   -8.5668   -0.6034    0.2346
 7142 GGKIIEF   -2.7146   -3.5409   -0.8263    0.2346
 7143 GGKIVEF   -3.3830   -5.5836   -2.2006    0.2346
 7144 GKGIVEF   -1.2684   -3.3575   -2.0891    0.2346
 7145 GWGIVDE   -5.4653   -7.2976   -1.8323    0.2346
 7146 GWGIVDK   -5.2284   -6.2507   -1.0223    0.2346
 7147 GWGIVDD   -5.2469   -6.7620   -1.5151    0.2346
 7148 GWGLVDD   -4.4261   -7.7310   -3.3049    0.2346
 7149 GWGLVDD   -4.4261   -7.7310   -3.3049    0.2346
 7150 GWGLVDD   -4.8932   -8.1980   -3.3049    0.2346
 7151 GWGLVDD   -4.8932   -8.1980   -3.3049    0.2346
 7152 GWGLLED   -4.0859   -8.1233   -4.0374    0.2346
 7153 GWGLLDD   -4.3393   -8.0596   -3.7203    0.2346
 7154 GLGLWDD   -4.7224   -8.4426   -3.7203    0.2346
 7155 GLGLWED   -4.4011   -8.4386   -4.0374    0.2346
 7156 GLGLEVD   -2.1512   -8.4255   -6.2743    0.2346
 7157 GMMLEVD   -1.9246   -4.7069   -2.7823    0.2346
 7158 VMMLEGD   -1.5295   -4.4232   -2.8937    0.2346
 7159 EMMLDGV    1.2794   -1.5029   -2.7823    0.2346
 7160 LMEEMGM    1.2273   -1.8667   -3.0940    0.2346
 7161 GMLEEMM   -2.3646   -5.5700   -3.2054    0.2346
 7162 GMLEDMM   -1.7001   -4.5884   -2.8883    0.2346
 7163 GMLEDML   -0.6675   -4.3766   -3.7091    0.2346
 7164 FDMEGLL    0.6330   -4.3002   -4.9331    0.2346
 7165 MDMGELL   -2.7477   -6.2339   -3.4863    0.2346
 7166 MVEGELL   -5.1785   -9.0187   -3.8403    0.2346
 7167 MVELDLG   -3.8889   -7.3006   -3.4117    0.2346
 7168 MVELGLD   -4.5556   -7.9673   -3.4117    0.2346
 7169 MLEIGVE   -4.0854   -6.5846   -2.4991    0.2346
 7170 KVDIGVM   -3.1066   -3.1831   -0.0766    0.2346
 7171 DVKIGVM   -3.2612   -3.3377   -0.0766    0.2346
 7172 MVKIGVE   -6.9731   -7.3668   -0.3937    0.2346
 7173 MIKIGVE   -7.3743   -7.8337   -0.4594    0.2346
 7174 MIKEGVV   -8.4488   -9.0654   -0.6166    0.2346
 7175 MIKEGVV   -8.4488   -9.0654   -0.6166    0.2346
 7176 MIKEGVV   -8.4488   -9.0654   -0.6166    0.2346
 7177 MIKEGVV   -8.4488   -9.0654   -0.6166    0.2346
 7178 MIKEGVV   -8.4488   -9.0654   -0.6166    0.2346
 7179 MEKIGVV   -8.2896   -8.7948   -0.5051    0.2346
 7180 MEKIGVV   -8.2896   -8.7948   -0.5051    0.2346
 7181 MVEIGVK   -6.9509   -7.3446   -0.3937    0.2346
 7182 MFEIGVK   -5.1118   -5.2670   -0.1551    0.2346
 7183 MFEIGVD   -7.2535   -7.9015   -0.6480    0.2346
 7184 MMEIGVD   -8.2454   -9.1265   -0.8811    0.2346
 7185 MGVIMDD   -9.0136   -9.8005   -0.7869    0.2346
 7186 MGIVMED   -9.6665  -10.7705   -1.1040    0.2346
 7187 MMIVGED  -10.3092  -11.5247   -1.2154    0.2346
 7188 MMIVGED  -10.3092  -11.5247   -1.2154    0.2346
 7189 MMIVGED  -10.3092  -11.5247   -1.2154    0.2346
 7190 MMILGED   -8.5203  -11.1112   -2.5909    0.2346
 7191 MGILIDD   -2.6242   -6.5376   -3.9134    0.2346
 7192 MGIVIDD   -6.0903   -6.9484   -0.8580    0.2346
 7193 MGIVMDD   -9.7657  -10.5525   -0.7869    0.2346
 7194 MGIVMDD   -9.7657  -10.5525   -0.7869    0.2346
 7195 MGIVMDD   -9.7657  -10.5525   -0.7869    0.2346
 7196 MMIVGDD  -10.3947  -11.2930   -0.8983    0.2346
 7197 MMIVGDD  -10.3947  -11.2930   -0.8983    0.2346
 7198 MVIVGDD  -10.5898  -11.4936   -0.9037    0.2346
 7199 MIVVGED  -11.4300  -12.6509   -1.2209    0.2346
 7200 MIVVGDD  -11.3484  -12.2521   -0.9037    0.2346
 7201 MILVGDD  -10.5086  -12.7078   -2.1991    0.2346
 7202 MILVGDD  -10.5086  -12.7078   -2.1991    0.2346
 7203 MILVGDD  -10.5086  -12.7078   -2.1991    0.2346
 7204 FFYAGDD   -0.6219   -3.8050   -3.1831    0.2346
 7205 FWYAGDD   -3.0616   -5.3836   -2.3220    0.2346
 7206 YFWAGDD   -4.0188   -6.3408   -2.3220    0.2346
 7207 YFVAGDD   -2.2688   -7.0505   -4.7817    0.2346
 7208 FFVIGDD   -2.3697   -4.4817   -2.1120    0.2346
 7209 FVFIGDD   -2.1133   -4.2253   -2.1120    0.2346
 7210 FIFVGDD   -2.8886   -5.0006   -2.1120    0.2346
 7211 FIFVGDD   -2.8886   -5.0006   -2.1120    0.2346
 7212 FAVFGDD   -3.2562   -5.6185   -2.3623    0.2346
 7213 FAVFGDD   -2.2730   -4.6353   -2.3623    0.2207
 7214 KMVVGDA   -3.2654   -8.1037   -4.8383    0.2207
 7215 KMVVGDI   -6.6127   -6.8007   -0.1880    0.2207
 7216 KMVFGDV   -6.2243   -6.1880    0.0363    0.2207
 7217 KVVFGDV   -6.7259   -6.6950    0.0309    0.2207
 7218 KVVVGDF   -6.5416   -6.5107    0.0309    0.2207
 7219 KVMVGDF   -6.9627   -6.9264    0.0363    0.2207
 7220 KVMVGDF   -6.9192   -6.8829    0.0363    0.2207
 7221 KVMVGDF   -6.9192   -6.8829    0.0363    0.2207
 7222 DMVVGEF   -5.3296   -6.1033   -0.7737    0.2207
 7223 MDVVGEI   -6.9864   -7.8730   -0.8866    0.2207
 7224 MDVVGEI   -6.9864   -7.8730   -0.8866    0.2207
 7225 MDVVGEF   -5.8251   -6.4874   -0.6623    0.2207
 7226 MDVVGEF   -5.8251   -6.4874   -0.6623    0.2207
 7227 MEVVGDF   -6.4604   -7.1226   -0.6623    0.2207
 7228 MFMVGDE   -8.1161   -9.1072   -0.9911    0.2207
 7229 MFMVGDK   -8.4948   -8.6760   -0.1811    0.2207
 7230 MFKVGDM   -9.4656   -9.3125    0.1531    0.2207
 7231 MGKVFDM  -11.2182  -11.0650    0.1531    0.2207
 7232 MGKVFDM  -11.2182  -11.0650    0.1531    0.2207
 7233 MGKVFDM  -11.2182  -11.0650    0.1531    0.2207
 7234 MGKVFDM  -11.2182  -11.0650    0.1531    0.2207
 7235 MGKVFDM  -11.2182  -11.0650    0.1531    0.2207
 7236 MGKVFDM  -11.2182  -11.0650    0.1531    0.2207
 7237 MGKVFDM  -11.2182  -11.0650    0.1531    0.2207
 7238 MGKVFDM  -11.2182  -11.0650    0.1531    0.2207
 7239 MGKVFDM  -11.2182  -11.0650    0.1531    0.2207
 7240 MGKVIDM   -9.6721   -9.7432   -0.0711    0.2207
 7241 MIKVGDM  -11.8612  -11.9323   -0.0711    0.2207
 7242 MIKMGDM   -9.3539   -9.4196   -0.0657    0.2207
 7243 MIKMGDG   -5.9935   -9.3533   -3.3597    0.2207
 7244 MIKMGDG   -5.9935   -9.3533   -3.3597    0.2207
 7245 MWKIGDG   -7.4733   -8.3788   -0.9054    0.2207
 7246 MIKIGDG   -7.5683   -9.5592   -1.9909    0.2207
 7247 GIKMGDM   -3.5726   -6.8208   -3.2483    0.2207
 7248 GIKVGDM   -7.4747  -10.7284   -3.2537    0.2207
 7249 GLKVGDM   -5.4934  -10.5369   -5.0434    0.2207
 7250 GLKVGDF   -7.2973  -10.7475   -3.4503    0.2207
 7251 GVKVGDF   -7.5929  -10.6278   -3.0349    0.2207
 7252 FVKVGDF   -9.6653   -9.1245    0.5409    0.2207
 7253 YLKVGDF   -6.7396   -7.8336   -1.0940    0.2207
 7254 YLKVGDI   -7.2007   -8.5190   -1.3183    0.2207
 7255 YFKVGDI   -7.3127   -6.6170    0.6957    0.2207
 7256 YIKVGDI   -9.5302   -9.0588    0.4714    0.2207
 7257 YIKVGDI   -9.5302   -9.0588    0.4714    0.2207
 7258 YIKVGDI   -9.5302   -9.0588    0.4714    0.2207
 7259 AIKVGDI   -9.6299  -11.6136   -1.9837    0.2207
 7260 AIKVGDF   -9.7577  -11.5171   -1.7594    0.2207
 7261 AIKVGDF   -9.7577  -11.5171   -1.7594    0.2207
 7262 AIKVGDF   -9.7577  -11.5171   -1.7594    0.2207
 7263 AFKVGDI   -9.4388  -11.1982   -1.7594    0.2207
 7264 AIKVGDF   -9.7191  -11.4786   -1.7594    0.2207
 7265 GIKVGDF   -9.4562  -11.1168   -1.6606    0.2207
 7266 MIKVGDF  -10.9001  -10.7381    0.1620    0.2207
 7267 MIKVGDF  -10.9001  -10.7381    0.1620    0.2207
 7268 MIKVGEF   -9.1860   -9.3411   -0.1551    0.2207
 7269 MFKVGEF   -8.8041   -8.6549    0.1491    0.2207
 7270 MFKVGEF   -8.8041   -8.6549    0.1491    0.2207
 7271 MFKVGEV   -9.0154   -9.1848   -0.1694    0.2207
 7272 MIKVGEV   -9.4916   -9.8853   -0.3937    0.2207
 7273 AIKVGEV   -7.1758  -10.8509   -3.6751    0.2207
 7274 AIKVGEV   -7.1913  -10.8665   -3.6751    0.2207
 7275 AFKVGEV   -6.6475  -10.0984   -3.4509    0.2207
 7276 AVKVGEV   -5.2087  -10.2581   -5.0494    0.2207
 7277 AVKVGDV   -6.7172  -11.4495   -4.7323    0.2207
 7278 AVKVGDL   -6.0596  -11.2073   -5.1477    0.2207
 7279 AKVVGDY   -5.4358  -10.9890   -5.5531    0.2207
 7280 GKVVGDY   -4.9471  -10.5129   -5.5657    0.2207
 7281 GKVVGDL   -5.6315  -10.7918   -5.1603    0.2207
 7282 GKVVGDL   -6.5379  -11.6981   -5.1603    0.2207
 7283 GKVVGDL   -6.5379  -11.6981   -5.1603    0.2207
 7284 GKIVGDL   -8.2281  -12.0141   -3.7860    0.2207
 7285 GKMLGDV   -5.9035  -11.0583   -5.1549    0.2207
 7286 GKMLGDV   -5.9035  -11.0583   -5.1549    0.2207
 7287 GKMLGDV   -5.9035  -11.0583   -5.1549    0.2207
 7288 GKMLGDV   -5.9035  -11.0583   -5.1549    0.2207
 7289 GKMLGDV   -5.9035  -11.0583   -5.1549    0.2207
 7290 GKMLGDV   -5.9035  -11.0583   -5.1549    0.2207
 7291 GKMLGDV   -5.9035  -11.0583   -5.1549    0.2207
 7292 GKMLGDI   -6.2394  -10.0200   -3.7806    0.2207
 7293 GKMLGDI   -6.2394  -10.0200   -3.7806    0.2207
 7294 EKMLGGI   -4.6108   -8.9314   -4.3206    0.2207
 7295 EKMLGGI   -4.6108   -8.9314   -4.3206    0.2207
 7296 EKMLGGL   -3.9491  -10.0594   -6.1103    0.2207
 7297 ELVKGGV   -4.0391   -9.6279   -5.5889    0.2207
 7298 ELVKGGV   -4.0387   -9.6275   -5.5889    0.2207
 7299 EFVKGGV   -5.1652   -8.7401   -3.5749    0.2207
 7300 EFKVGGV   -5.2472   -8.7107   -3.4634    0.2207
 7301 EFVVGGK   -5.5621   -9.2484   -3.6863    0.2207
 7302 EMVVGGE   -2.5727   -8.6621   -6.0894    0.2207
 7303 EMMVGGE   -1.5001   -7.5841   -6.0840    0.2207
 7304 EMEFGGV   -0.6310   -4.8990   -4.2680    0.2207
 7305 EMKFGGV   -3.0650   -6.5230   -3.4580    0.2207
 7306 EMVFGGK   -3.5186   -7.1995   -3.6809    0.2207
 7307 EFVMGGK   -1.7818   -5.4627   -3.6809    0.2207
 7308 GFVMGDK   -1.0484   -4.4121   -3.3637    0.2207
 7309 GFAMGDE    2.4132   -5.0365   -7.4497    0.2207
 7310 GFAVGDE   -1.1334   -8.5886   -7.4551    0.2207
 7311 GFWVGDE   -4.0720   -5.7914   -1.7194    0.2207
 7312 GFWLGDE   -3.6365   -5.7713   -2.1349    0.2207
 7313 GIWLGEE   -4.9614   -7.6377   -2.6763    0.2207
 7314 GIWLGEE   -4.9614   -7.6377   -2.6763    0.2207
 7315 GIWLGDE   -5.6243   -7.9835   -2.3591    0.2207
 7316 GLWIGDE   -5.7556   -8.1148   -2.3591    0.2207
 7317 GLLIGDE   -5.3901  -10.6244   -5.2343    0.2207
 7318 GLLIGDD   -5.7023  -10.6195   -4.9171    0.2207
 7319 GDLIMDA   -2.0310   -6.4032   -4.3723    0.2207
 7320 GDLVIDA   -4.4061   -8.7838   -4.3777    0.2207
 7321 GDLVIDL   -3.3360   -8.2932   -4.9571    0.2207
 7322 GDIVYDL   -4.0307   -5.9533   -1.9226    0.2207
 7323 GDMVIDA   -3.7287   -7.6855   -3.9569    0.2207
 7324 IDMVIGD   -6.0051   -6.7517   -0.7466    0.2207
 7325 IEMVMGK   -6.4911   -6.9908   -0.4997    0.2207
 7326 IDMVMGK   -7.3996   -7.5822   -0.1826    0.2207
 7327 MEIVVGE   -7.2413   -8.5564   -1.3151    0.2207
 7328 VDIMVGK   -5.7603   -5.9483   -0.1880    0.2207
 7329 VDIMVGD   -7.0281   -7.7089   -0.6809    0.2207
 7330 DMIVVGD   -8.0969   -8.8892   -0.7923    0.2207
 7331 VMIVEGD  -10.7476  -11.8571   -1.1094    0.2207
 7332 VVIIDGD   -9.8589  -10.6423   -0.7834    0.2207
 7333 MVIVEGD  -11.9664  -13.0759   -1.1094    0.2207
 7334 VVIVEGD  -11.6799  -12.7948   -1.1149    0.2207
 7335 VVIVEGD  -11.6799  -12.7948   -1.1149    0.2207
 7336 IVIVDGD  -10.9516  -11.7350   -0.7834    0.2207
 7337 IVIVDGD  -10.9516  -11.7350   -0.7834    0.2207
 7338 VIIVDGD  -10.3014  -11.0849   -0.7834    0.2207
 7339 VMIVDGD  -11.0325  -11.8248   -0.7923    0.2207
 7340 VLIVDGD  -10.3922  -12.4053   -2.0131    0.2207
 7341 VLIVEGD  -10.7018  -13.0321   -2.3303    0.2207
 7342 VLIVEGD  -10.7018  -13.0321   -2.3303    0.2207
 7343 VLIVDGD  -10.1902  -12.2034   -2.0131    0.2207
 7344 VLIVDGD  -10.1902  -12.2034   -2.0131    0.2207
 7345 VMIVDGD  -10.8927  -11.6850   -0.7923    0.2207
 7346 MMIVDGD  -10.8294  -11.6163   -0.7869    0.2207
 7347 MIMVDGD  -10.0941  -10.8810   -0.7869    0.2207
 7348 IDMVDGM   -6.2747   -6.8387   -0.5640    0.2207
 7349 IGMIDDM   -5.5850   -6.4062   -0.8211    0.2207
 7350 IVIGDDM   -7.6610   -8.5190   -0.8580    0.2207
 7351 IVIGDDM   -7.6610   -8.5190   -0.8580    0.2207
 7352 IVIGDDM   -7.6610   -8.5190   -0.8580    0.2207
 7353 MFIGDDV   -6.5576   -7.1113   -0.5537    0.2207
 7354 MIIGDDV   -7.5062   -8.3642   -0.8580    0.2207
 7355 IMIGDDV   -8.0744   -8.9324   -0.8580    0.2207
 7356 IMMGDDV   -8.4731   -9.2599   -0.7869    0.2207
 7357 MMIGDDV   -8.8827   -9.6696   -0.7869    0.2207
 7358 IMIGDDV   -8.2664   -9.1244   -0.8580    0.2207
 7359 IMVGDDI   -8.2014   -9.0594   -0.8580    0.2207
 7360 IMMGDDI   -8.5950   -9.5276   -0.9326    0.2207
 7361 IMMGDKI   -7.0814   -7.5211   -0.4397    0.2207
 7362 IMMGDKI   -7.0814   -7.5211   -0.4397    0.2207
 7363 IMMGDDI   -8.1895   -9.1221   -0.9326    0.2207
 7364 IMMGDDI   -8.1895   -9.1221   -0.9326    0.2207
 7365 IMMGDDI   -8.1895   -9.1221   -0.9326    0.2207
 7366 IMIGDDM   -8.2992   -9.2318   -0.9326    0.2207
 7367 IVMGKDI   -8.9204   -9.2855   -0.3651    0.2207
 7368 IVIGKDM   -8.9947   -9.3599   -0.3651    0.2207
 7369 IVIGKDV   -8.8759   -9.1665   -0.2906    0.2207
 7370 IVIGKDV   -8.8759   -9.1665   -0.2906    0.2207
 7371 IVVGKDI   -8.8232   -9.1138   -0.2906    0.2207
 7372 IVVGKDI   -8.8232   -9.1138   -0.2906    0.2207
 7373 IVVGKDI   -8.8232   -9.1138   -0.2906    0.2207
 7374 VVIGEDI   -8.3181   -9.4186   -1.1006    0.2207
 7375 VVIGEMD  -10.0676  -11.0656   -0.9980    0.2207
 7376 VVIGEMD  -10.0676  -11.0656   -0.9980    0.2207
 7377 VVIGEFD   -8.2974   -8.9823   -0.6849    0.2207
 7378 VVVGEID   -8.8133   -9.8168   -1.0034    0.2207
 7379 VVVGEIE   -8.2591   -9.5796   -1.3206    0.2207
 7380 VVVGEIE   -8.2591   -9.5796   -1.3206    0.2207
 7381 VVVGDIE   -8.0765   -9.0800   -1.0034    0.2207
 7382 VVVGDEI   -8.8685   -9.9834   -1.1149    0.2207
 7383 VVVGDDI   -8.2414   -9.0391   -0.7977    0.2207
 7384 VVVGEDI   -8.1790   -9.2939   -1.1149    0.2207
 7385 MIVGEDM   -6.1229   -7.2269   -1.1040    0.2207
 7386 DVVGEMI   -3.6156   -4.6136   -0.9980    0.2207
 7387 DMIGEVV   -5.9771   -6.9751   -0.9980    0.2207
 7388 DMVGEII   -3.5266   -4.5903   -1.0637    0.2207
 7389 KMIGEVI   -4.3040   -4.8748   -0.5709    0.2207
 7390 KMFGEVI   -4.9665   -5.2330   -0.2666    0.2207
 7391 KMFGDVI   -4.3724   -4.3218    0.0506    0.2207
 7392 KMFGEVM   -4.5881   -4.8635   -0.2754    0.2207
 7393 KMFGEVM   -4.5881   -4.8635   -0.2754    0.2207
 7394 KFMGEVM   -5.3769   -5.6524   -0.2754    0.2207
 7395 KWMGDVV   -8.6145   -8.3970    0.2174    0.2207
 7396 KWMGDVV   -8.6145   -8.3970    0.2174    0.2207
 7397 KWMGDVV   -8.6145   -8.3970    0.2174    0.2207
 7398 KWMGDVV   -8.6145   -8.3970    0.2174    0.2207
 7399 KWMGDVV   -8.6145   -8.3970    0.2174    0.2207
 7400 KWVGDVV   -8.7134   -8.4214    0.2920    0.2207
 7401 KFVGDVV   -8.9307   -8.8999    0.0309    0.2207
 7402 DFVGKVV   -7.5104   -7.4795    0.0309    0.2207
 7403 DWVGDGV   -3.5440   -6.3220   -2.7780    0.2207
 7404 DWFGKGV   -4.8367   -5.5233   -0.6866    0.2207
 7405 KWFGEGV   -9.1927  -10.1964   -1.0037    0.2207
 7406 KWFGDGV   -8.7123   -9.3988   -0.6866    0.2207
 7407 KWFGDGV   -8.7123   -9.3988   -0.6866    0.2207
 7408 KWFGDGV   -8.7123   -9.3988   -0.6866    0.2207
 7409 KWFGDGV   -8.7123   -9.3988   -0.6866    0.2207
 7410 KWFGDGV   -8.7123   -9.3988   -0.6866    0.2207
 7411 VWFGDGK   -6.1574   -6.9554   -0.7980    0.2207
 7412 KWFGDGV   -7.4551   -8.1417   -0.6866    0.2207
 7413 KWFGDGV   -7.4551   -8.1417   -0.6866    0.2207
 7414 KWFGDGF   -6.9325   -6.2205    0.7120    0.2207
 7415 KWFGDGF   -7.9090   -7.1970    0.7120    0.2281
 7416 KFFGDGW   -7.8620   -7.1500    0.7120    0.2281
 7417 KMFGDGW   -8.0194   -8.7006   -0.6811    0.2281
 7418 MKFGDGW   -8.5328   -9.1026   -0.5697    0.2281
 7419 MKFGDGW   -8.5328   -9.1026   -0.5697    0.2281
 7420 MKFGDGM   -5.6473   -8.6713   -3.0240    0.2281
 7421 MKIGDGM   -5.8552   -9.1035   -3.2483    0.2281
 7422 IKIGDGM   -5.6238   -7.5033   -1.8794    0.2281
 7423 IIKGDGM   -4.8222   -6.8131   -1.9909    0.2281
 7424 FIKGMGD   -5.2611   -7.0277   -1.7666    0.2281
 7425 FVKGMGE   -4.0906   -7.5486   -3.4580    0.2281
 7426 LVKGEGF   -3.8063   -7.6851   -3.8789    0.2281
 7427 KVLGEGW   -5.7447   -8.7624   -3.0177    0.2281
 7428 WELGVGK   -2.5661   -5.4724   -2.9063    0.2281
 7429 WELGVGK   -4.1405   -7.0468   -2.9063    0.2281
 7430 WELGVGD   -4.5995   -7.9987   -3.3991    0.2281
 7431 WELGVGD   -4.5995   -7.9987   -3.3991    0.2281
 7432 LVFGKGD   -3.0261   -6.6993   -3.6731    0.2281
 7433 LDFGKGV   -1.8387   -5.2890   -3.4503    0.2281
 7434 LDFGKGV   -1.2406   -4.6909   -3.4503    0.2281
 7435 LVVGKGD   -2.1387   -7.4104   -5.2717    0.2281
 7436 VVLGGED   -4.0417  -10.3463   -6.3046    0.2281
 7437 VVLGDGE   -4.4629  -10.5446   -6.0817    0.2281
 7438 VVLGGEE   -3.9818  -10.6035   -6.6217    0.2281
 7439 VVLGLDE   -6.8273  -10.3873   -3.5600    0.2281
 7440 VVLGMDE   -8.0180  -10.9171   -2.8991    0.2281
 7441 VMLGVDE   -6.5228   -9.4220   -2.8991    0.2281
 7442 LMLGVDE   -4.7087   -8.3432   -3.6346    0.2281
 7443 DMLGIVE   -2.5199   -4.8134   -2.2934    0.2281
 7444 DMVGILE   -1.9065   -4.1999   -2.2934    0.2281
 7445 DIKGVLV   -6.9490   -8.3579   -1.4089    0.2281
 7446 DFLGVEV   -4.8713   -6.6744   -1.8031    0.2281
 7447 DFIGVVK   -8.2168   -8.0917    0.1251    0.2281
 7448 DFIGVVK   -8.2168   -8.0917    0.1251    0.2281
 7449 DFIGVVK   -8.2168   -8.0917    0.1251    0.2281
 7450 KYVGVID   -5.7887   -6.8029   -1.0143    0.2281
 7451 KWVGVIE   -7.9190   -9.7699   -1.8509    0.2281
 7452 KVVGVIE   -8.0962   -8.6068   -0.5106    0.2281
 7453 KIVGVVE   -8.6770   -9.1875   -0.5106    0.2281
 7454 KFVGVVE   -8.3777   -8.6640   -0.2863    0.2281
 7455 KFVGVVE   -8.3777   -8.6640   -0.2863    0.2281
 7456 KFVGVVE   -8.3777   -8.6640   -0.2863    0.2281
 7457 KFVGMVE   -7.2817   -7.5625   -0.2809    0.2281
 7458 KFVGMVE   -7.2817   -7.5625   -0.2809    0.2281
 7459 KFVGMVE   -7.2817   -7.5625   -0.2809    0.2281
 7460 KFMGVVE   -7.8668   -8.1477   -0.2809    0.2281
 7461 KFMGVVE   -7.8668   -8.1477   -0.2809    0.2281
 7462 KFIGVVE   -8.1452   -8.3372   -0.1920    0.2281
 7463 KFIGVVE   -8.1452   -8.3372   -0.1920    0.2281
 7464 KFFGVVE   -6.6848   -6.5726    0.1123    0.2281
 7465 KFFGVVE   -6.6848   -6.5726    0.1123    0.2281
 7466 KFVGVVE   -8.5950   -8.8813   -0.2863    0.2281
 7467 KFVGVVE   -8.5950   -8.8813   -0.2863    0.2281
 7468 KFVGVVE   -8.5950   -8.8813   -0.2863    0.2281
 7469 KFVGVVE   -8.5950   -8.8813   -0.2863    0.2281
 7470 KFVGMVE   -7.2854   -7.5662   -0.2809    0.2281
 7471 KFVGIME   -5.2170   -5.4835   -0.2666    0.2281
 7472 KFVGEMI   -5.0363   -5.3029   -0.2666    0.2281
 7473 KFMGEVI   -5.0759   -5.3425   -0.2666    0.2281
 7474 DMFGEVF   -4.2717   -4.7269   -0.4551    0.2281
 7475 EMFGDVF   -2.3344   -2.7895   -0.4551    0.2281
 7476 EMFGDVF   -2.3344   -2.7895   -0.4551    0.2281
 7477 KMMGDVF   -6.6209   -6.5792    0.0417    0.2281
 7478 KLMGDVF   -6.5041   -7.6832   -1.1791    0.2281
 7479 KLMGDVF   -6.5041   -7.6832   -1.1791    0.2281
 7480 KLFGDMV   -3.8053   -4.9844   -1.1791    0.2281
 7481 KLFGDMV   -3.8053   -4.9844   -1.1791    0.2281
 7482 LKFGDMM   -3.2926   -4.4349   -1.1423    0.2281
 7483 MKVGDML   -4.7485   -6.6093   -1.8609    0.2281
 7484 MKVGMDW   -6.0489   -5.6831    0.3657    0.2281
 7485 MKWGMDA   -3.9973   -6.1476   -2.1503    0.2281
 7486 MKWGADM   -4.5782   -6.7285   -2.1503    0.2281
 7487 MKWGADM   -4.5782   -6.7285   -2.1503    0.2281
 7488 MKWGADM   -4.5782   -6.7285   -2.1503    0.2281
 7489 MKWGMDG   -3.8810   -6.0438   -2.1629    0.2281
 7490 MKWGMEG   -4.2540   -6.7340   -2.4800    0.2281
 7491 MKWGMEG   -4.2540   -6.7340   -2.4800    0.2281
 7492 MKWGMEG   -4.2540   -6.7340   -2.4800    0.2281
 7493 MKWGMEG   -4.2540   -6.7340   -2.4800    0.2281
 7494 MKWGGEM   -4.5952   -7.1867   -2.5914    0.2281
 7495 MKWGAEM   -5.6173   -8.0847   -2.4674    0.2281
 7496 MKWGAEF   -5.8558   -6.7301   -0.8743    0.2281
 7497 MKWGAEF   -5.8558   -6.7301   -0.8743    0.2281
 7498 MKFGEAF   -3.9921   -5.8390   -1.8469    0.2281
 7499 KMWGEAF   -5.3898   -6.4869   -1.0971    0.2281
 7500 KMWGEAV   -5.7704   -8.4662   -2.6957    0.2281
 7501 VMWGEAD   -4.8555   -8.0441   -3.1886    0.2281
 7502 VMWGEAE   -5.0885   -8.5942   -3.5057    0.2281
 7503 VMWGEAE   -5.0885   -8.5942   -3.5057    0.2281
 7504 VMWGEAE   -5.0885   -8.5942   -3.5057    0.2281
 7505 IMWGAED   -5.4822   -7.4079   -1.9257    0.2281
 7506 IMWGAEK   -4.9969   -6.4297   -1.4329    0.2281
 7507 LMGIEAK   -4.4596   -8.5448   -4.0851    0.2281
 7508 LMGIEGK   -4.0707   -8.1684   -4.0977    0.2281
 7509 LMGIELE   -2.6906   -8.2451   -5.5546    0.2281
 7510 LEGIELM   -1.3402   -6.8947   -5.5546    0.2281
 7511 FEGIEML    1.5292   -2.4914   -4.0206    0.2281
 7512 FEGIEML    1.4462   -2.5744   -4.0206    0.2281
 7513 EFGIKML    2.2295   -0.9811   -3.2106    0.2281
 7514 MMGIKLE   -2.5460   -4.3098   -1.7637    0.2281
 7515 MMGIELK   -4.0540   -5.8177   -1.7637    0.2281
 7516 MMGIELK   -4.0540   -5.8177   -1.7637    0.2281
 7517 MEGIELM   -3.0089   -5.5826   -2.5737    0.2281
 7518 MEGIELM   -3.0089   -5.5826   -2.5737    0.2281
 7519 EMGIELM   -3.3639   -5.9376   -2.5737    0.2281
 7520 DMGIMLE   -2.5940   -4.9620   -2.3680    0.2281
 7521 MDGIGLK   -1.4168   -5.0859   -3.6691    0.2281
 7522 MKGIILD   -4.1320   -7.4412   -3.3091    0.2281
 7523 MKGIVLD   -5.5033   -6.9868   -1.4834    0.2281
 7524 MIGKVLD   -3.7473   -5.2308   -1.4834    0.2281
 7525 MVGLIDK   -4.3441   -5.9389   -1.5949    0.2281
 7526 MVGIVDK   -7.1967   -7.4961   -0.2994    0.2281
 7527 MVGLFDK   -4.4966   -5.7872   -1.2906    0.2281
 7528 MLGVFDK   -4.4562   -5.7468   -1.2906    0.2281
 7529 MLGVFDK   -4.4562   -5.7468   -1.2906    0.2281
 7530 MLGVFDD   -6.3559   -8.1393   -1.7834    0.2281
 7531 MLGVFDD   -6.3559   -8.1393   -1.7834    0.2281
 7532 MLGVFDD   -6.3559   -8.1393   -1.7834    0.2281
 7533 MLGVFDD   -6.3559   -8.1393   -1.7834    0.2281
 7534 MLGVFED   -5.9462   -8.0468   -2.1006    0.2281
 7535 MLGVFED   -5.9462   -8.0468   -2.1006    0.2281
 7536 MIGVFED   -8.0614   -8.9323   -0.8709    0.2281
 7537 MIGMFED   -7.6390   -8.5845   -0.9454    0.2281
 7538 MIGYFED   -4.0280   -4.3597   -0.3317    0.2281
 7539 MIGFYDK   -3.0751   -2.5969    0.4783    0.2281
 7540 MIGFYEK   -2.5253   -2.3641    0.1611    0.2281
 7541 MIGLYEE   -2.6558   -5.3187   -2.6629    0.2281
 7542 MVGEMLE   -3.8936   -6.9930   -3.0994    0.2281
 7543 MVGEMLE   -3.1995   -6.2989   -3.0994    0.2281
 7544 MDGVMLE   -1.2209   -4.0032   -2.7823    0.2281
 7545 MDGLMVE   -1.1783   -3.9606   -2.7823    0.2281
 7546 MEGELVM   -3.0927   -6.1921   -3.0994    0.2281
 7547 DEGMMIM   -0.6691   -1.8791   -1.2100    0.2281
 7548 EEGMIMM    1.2922   -0.2349   -1.5271    0.2281
 7549 KIMIEGM   -6.8283   -7.4737   -0.6454    0.2281
 7550 IKMIDGM   -9.5899   -9.8068   -0.2169    0.2281
 7551 IKMMDGI   -7.8057   -8.0226   -0.2169    0.2281
 7552 IKMVDGI   -9.5916   -9.7339   -0.1423    0.2281
 7553 MKIVDGI  -10.6178  -10.7601   -0.1423    0.2281
 7554 MKIVDGI  -10.0792  -10.2215   -0.1423    0.2281
 7555 MKIVDGI  -10.0792  -10.2215   -0.1423    0.2281
 7556 MKIVDGI  -10.0792  -10.2215   -0.1423    0.2281
 7557 MKVIDGV  -10.6769  -10.7535   -0.0766    0.2281
 7558 MKVLDGV  -10.3815  -12.2478   -1.8663    0.2281
 7559 IKVMDGV  -10.3514  -10.4279   -0.0766    0.2281
 7560 IKVVDGM  -10.8316  -10.9082   -0.0766    0.2281
 7561 IKVVDGM  -10.8316  -10.9082   -0.0766    0.2281
 7562 VKIVDGM  -11.3074  -11.3840   -0.0766    0.2281
 7563 VMKVDGI  -10.6833  -10.7599   -0.0766    0.2281
 7564 VMKVDGI  -10.6833  -10.7599   -0.0766    0.2281
 7565 VMKVDGI  -10.6833  -10.7599   -0.0766    0.2281
 7566 KMIVDGI   -8.6714   -8.9251   -0.2537    0.2281
 7567 VMIKDGM   -8.6701   -8.9641   -0.2940    0.2281
 7568 VMIEDGF   -5.9073   -6.7781   -0.8709    0.2281
 7569 VFIEDGM   -8.4349   -9.3057   -0.8709    0.2281
 7570 IMEVDGM   -7.5624   -8.4436   -0.8811    0.2281
 7571 VMVDEGM   -5.0787   -7.5570   -2.4783    0.2281
 7572 IIVMEGD   -9.3172  -10.4923   -1.1751    0.2281
 7573 IIVMEGD   -9.3172  -10.4923   -1.1751    0.2281
 7574 IVIMDGE   -9.1213  -10.2964   -1.1751    0.2281
 7575 IMIVDGE   -8.9484  -10.1235   -1.1751    0.2281
 7576 VIIMDGE   -9.0403  -10.2154   -1.1751    0.2281
 7577 IVIMDGE   -9.7315  -10.9066   -1.1751    0.2281
 7578 VIVMDGE   -9.1213  -10.2308   -1.1094    0.2281
 7579 VIVMEGE   -9.6006  -11.0272   -1.4266    0.2281
 7580 VIGVVEE   -6.0128   -7.4448   -1.4320    0.2281
 7581 VWGVVED   -7.6050   -8.2344   -0.6294    0.2281
 7582 VWGVVED   -7.6050   -8.2344   -0.6294    0.2281
 7583 KWGVVMD   -8.7252   -8.5078    0.2174    0.2281
 7584 KWGVVMD   -8.7252   -8.5078    0.2174    0.2281
 7585 KWGVVMD   -8.7252   -8.5078    0.2174    0.2281
 7586 KWGVVMD   -8.7252   -8.5078    0.2174    0.2281
 7587 KWGVVMD   -8.7252   -8.5078    0.2174    0.2281
 7588 KWGVVMD   -8.7252   -8.5078    0.2174    0.2281
 7589 KWGVVMD   -8.7252   -8.5078    0.2174    0.2281
 7590 KWGVVMD   -8.7252   -8.5078    0.2174    0.2281
 7591 KWGVVMD   -8.7252   -8.5078    0.2174    0.2281
 7592 KWGVVMD   -8.7252   -8.5078    0.2174    0.2281
 7593 KWGVVMD   -8.7252   -8.5078    0.2174    0.2281
 7594 KWGVVMD   -8.7252   -8.5078    0.2174    0.2281
 7595 KWGVVMD   -8.7252   -8.5078    0.2174    0.2281
 7596 KWGVVMD   -8.7252   -8.5078    0.2174    0.2281
 7597 KWGVVMD   -8.7252   -8.5078    0.2174    0.2281
 7598 KWGVVMD   -8.7252   -8.5078    0.2174    0.2281
 7599 KWGVVMD   -8.7252   -8.5078    0.2174    0.2281
 7600 KWGVVME   -8.1105   -8.2103   -0.0997    0.2281
 7601 KWGYVME   -6.2070   -6.4476   -0.2406    0.2281
 7602 KWGYVMD   -6.5261   -6.4495    0.0766    0.2281
 7603 KWGEVMG   -2.9510   -5.5479   -2.5969    0.2281
 7604 KWGEVMG   -2.9510   -5.5479   -2.5969    0.2281
 7605 KVGEWMG   -2.0979   -4.6948   -2.5969    0.2281
 7606 KGMEWMV    3.0287    2.8544   -0.1743    0.2281
 7607 KIMEWMV    4.5612   -0.9017   -5.4629    0.2281
 7608 KIMEVMV   -3.5521   -5.8347   -2.2826    0.2281
 7609 KVMEIMV   -2.0564   -4.3390   -2.2826    0.2281
 7610 KAMEFMV   -2.9095   -3.2838   -0.3743    0.2281
 7611 KVMEFMA   -4.7066   -5.0809   -0.3743    0.2281
 7612 KVMAFMD   -5.7804   -5.9490   -0.1686    0.2281
 7613 KVAFMDF   -2.9340   -4.3580   -1.4240    0.2281
 7614 KVAYFDV   -4.7791   -5.6680   -0.8889    0.2281
 7615 KVAYFDV   -4.7791   -5.6680   -0.8889    0.2281
 7616 KFGYFDV   -3.8258   -2.9058    0.9200    0.2281
 7617 KFGYFDV   -3.8258   -2.9058    0.9200    0.2281
 7618 KVGYFDV   -4.2538   -4.9324   -0.6786    0.2281
 7619 KVFGLDV   -5.3244   -6.3176   -0.9931    0.2281
 7620 KVFGLDV   -6.6944   -7.6875   -0.9931    0.1717
 7621 KVGFMDV   -7.1223   -6.9746    0.1477    0.1717
 7622 KLGLMEV   -3.6961   -6.6150   -2.9189    0.1717
 7623 KLGMMEV   -3.7876   -5.9656   -2.1780    0.1717
 7624 KLGMWDV   -3.3385   -6.0651   -2.7266    0.1717
 7625 KMGMWDV   -6.4068   -6.1525    0.2543    0.1717
 7626 KMGMWDV   -6.4701   -6.2159    0.2543    0.1717
 7627 KMMGWDV   -6.4958   -6.2415    0.2543    0.1717
 7628 KMMGWVD   -7.0103   -6.8675    0.1429    0.1717
 7629 KMMGWVD   -7.0103   -6.8675    0.1429    0.1717
 7630 KMVGWVD   -7.6514   -7.4340    0.2174    0.1717
 7631 KMFGWVD   -4.9670   -6.2710   -1.3040    0.1717
 7632 MKFGWVD   -6.8929   -8.0855   -1.1926    0.1717
 7633 MKFGWVD   -6.8929   -8.0855   -1.1926    0.1717
 7634 MKFGFVE   -6.9630   -6.8139    0.1491    0.1717
 7635 MKFGFVD   -8.0676   -7.6013    0.4663    0.1717
 7636 MKFGFVD   -8.0676   -7.6013    0.4663    0.1717
 7637 MKFGVVD   -7.5010   -7.3533    0.1477    0.1717
 7638 MKFGFVD   -7.9667   -7.5004    0.4663    0.1717
 7639 MKMGFVD   -8.2791   -8.1260    0.1531    0.1717
 7640 KMMGFVD   -7.7442   -7.7025    0.0417    0.1717
 7641 KMGMFVD   -7.1204   -7.0787    0.0417    0.1717
 7642 MKGMFVD   -7.9256   -7.8839    0.0417    0.1717
 7643 MKGMFVD   -7.9256   -7.8839    0.0417    0.1717
 7644 MKGMFVD   -7.6778   -7.6361    0.0417    0.1717
 7645 MKGMFVD   -7.6778   -7.6361    0.0417    0.1717
 7646 MKGIFVD   -7.5952   -7.5446    0.0506    0.1717
 7647 MKGIFVD   -7.5952   -7.5446    0.0506    0.1717
 7648 MKGVFVD   -7.7648   -7.7285    0.0363    0.1717
 7649 MKGVFVD   -7.7648   -7.7285    0.0363    0.1717
 7650 MKGVFVD   -7.7648   -7.7285    0.0363    0.1717
 7651 MKGVFVD   -7.7648   -7.7285    0.0363    0.1717
 7652 MKGVFVD   -7.7648   -7.7285    0.0363    0.1717
 7653 KMGVFDV   -5.4352   -5.2875    0.1477    0.1717
 7654 KMGVFDV   -5.4352   -5.2875    0.1477    0.1717
 7655 KMGVFDV   -5.4352   -5.2875    0.1477    0.1717
 7656 KMGVFDV   -5.4352   -5.2875    0.1477    0.1717
 7657 MKGVFDV   -7.5979   -7.4502    0.1477    0.1717
 7658 KMGVFDV   -5.7461   -5.5984    0.1477    0.1717
 7659 KMGVWVD   -7.2052   -6.9878    0.2174    0.1717
 7660 KMGVWMD   -5.1956   -5.0527    0.1429    0.1717
 7661 EMGVWMD   -1.1753   -1.8424   -0.6671    0.1717
 7662 EMGVWME   -1.8127   -2.7969   -0.9843    0.1717
 7663 EMGMWID    0.2156   -2.2773   -2.4929    0.1717
 7664 KMGIWMD   -5.6432   -7.3261   -1.6829    0.1717
 7665 KMGIFMD   -6.8174   -6.8414   -0.0240    0.1717
 7666 KMGIFMD   -6.8174   -6.8414   -0.0240    0.1717
 7667 KMGIFMD   -6.8174   -6.8414   -0.0240    0.1717
 7668 KMMGFID   -6.4928   -6.5168   -0.0240    0.1717
 7669 KMMGFID   -6.4928   -6.5168   -0.0240    0.1717
 7670 KFMGMID   -6.2687   -6.2927   -0.0240    0.1717
 7671 KFMGMVD   -6.5612   -6.5195    0.0417    0.1717
 7672 MFMGKVD   -7.3005   -7.2588    0.0417    0.1717
 7673 MMFGEVD   -8.2945   -9.0628   -0.7683    0.1717
 7674 MMFGEMD   -6.8775   -7.6403   -0.7629    0.1717
 7675 MMFGEMD   -6.8775   -7.6403   -0.7629    0.1717
 7676 MLFGEMD   -5.4207   -7.4844   -2.0637    0.1717
 7677 MLMGEMD   -6.5035   -9.2803   -2.7769    0.1717
 7678 MFMGEMD   -7.8155   -8.5784   -0.7629    0.1717
 7679 MFVGEMD   -8.4535   -9.2217   -0.7683    0.1717
 7680 MFMGEMD   -7.4858   -8.2486   -0.7629    0.1717
 7681 MFMGEMD   -7.4858   -8.2486   -0.7629    0.1717
 7682 MFMGEMD   -7.4858   -8.2486   -0.7629    0.1717
 7683 MFMGEMD   -7.4858   -8.2486   -0.7629    0.1717
 7684 MFMGEMD   -7.4858   -8.2486   -0.7629    0.1717
 7685 MFMGEMD   -8.9005   -9.6634   -0.7629    0.1717
 7686 MFMGEMD   -8.9005   -9.6634   -0.7629    0.1717
 7687 MFMGEMD   -8.9005   -9.6634   -0.7629    0.1717
 7688 MFMGEMD   -8.9005   -9.6634   -0.7629    0.1717
 7689 MFEGMMD   -5.5397   -6.3026   -0.7629    0.1717
 7690 MFEGVMD   -4.5488   -5.3171   -0.7683    0.1717
 7691 MFMGEME   -6.8785   -7.9585   -1.0800    0.1717
 7692 MFMGEME   -6.8785   -7.9585   -1.0800    0.1717
 7693 MFMGEMD   -8.6253   -9.3882   -0.7629    0.1717
 7694 FMMGELD   -5.8323   -7.8960   -2.0637    0.1717
 7695 FMMGELD   -5.8323   -7.8960   -2.0637    0.1717
 7696 MFMGELD   -7.1092   -9.1729   -2.0637    0.1717
 7697 MMMGELE   -5.0945   -8.1885   -3.0940    0.1717
 7698 MMMGEEL   -4.5187   -7.7241   -3.2054    0.1717
 7699 MMMGEEL   -4.5187   -7.7241   -3.2054    0.1717
 7700 MMMGEEV   -5.2619   -8.0519   -2.7900    0.1717
 7701 MMMGEEW   -6.1239   -7.2941   -1.1703    0.1717
 7702 MMKGEMW   -7.4822   -7.7310   -0.2489    0.1717
 7703 MMKGEMV   -6.6685   -8.5371   -1.8686    0.1717
 7704 MFKGEAV   -4.6923   -8.2492   -3.5569    0.1717
 7705 MFDGEVV   -4.9149   -5.6886   -0.7737    0.1717
 7706 MFDGEIV   -2.8798   -3.6393   -0.7594    0.1717
 7707 MFGKEVI   -5.7097   -6.0877   -0.3780    0.1717
 7708 FMGKEVI   -4.1656   -4.5436   -0.3780    0.1717
 7709 FMGKEVI   -4.1656   -4.5436   -0.3780    0.1717
 7710 FMGKEVI   -4.1656   -4.5436   -0.3780    0.1717
 7711 FMGKEVI   -4.1656   -4.5436   -0.3780    0.1717
 7712 FMGKEVI   -4.1656   -4.5436   -0.3780    0.1717
 7713 MKGVEVI   -8.9623   -9.3560   -0.3937    0.1717
 7714 MKVMEVL   -8.1459  -11.5467   -3.4009    0.1717
 7715 MKVVEVW   -7.5839  -11.0350   -3.4511    0.1717
 7716 MKVVEVW   -7.5839  -11.0350   -3.4511    0.1717
 7717 MKVAEVW   -8.7028  -10.4699   -1.7671    0.1717
 7718 MKVAEVW   -8.7028  -10.4699   -1.7671    0.1717
 7719 MKWAEVG   -7.3979   -9.9822   -2.5843    0.1717
 7720 MKWAEVG   -7.3979   -9.9822   -2.5843    0.1717
 7721 MKWAEVG   -7.3979   -9.9822   -2.5843    0.1717
 7722 KMWGEVA   -3.0444   -5.7401   -2.6957    0.1717
 7723 AMWGELK   -2.0456   -5.1568   -3.1111    0.1717
 7724 AMWGELK   -2.0456   -5.1568   -3.1111    0.1717
 7725 AMWGEVK   -2.9298   -5.6255   -2.6957    0.1717
 7726 AFEGKVW   -0.3527   -1.4553   -1.1026    0.1717
 7727 AFEGKVM    1.0489   -2.5079   -3.5569    0.1717
 7728 AFEGKLY    2.6940   -2.1046   -4.7986    0.1717
 7729 AYEGKIF    0.0969   -2.9119   -3.0089    0.1717
 7730 KLIGAEF   -6.3252   -8.8172   -2.4920    0.1717
 7731 KAIGLEF   -5.1821   -7.6741   -2.4920    0.1717
 7732 IAKGFDF   -8.7968   -8.9577   -0.1609    0.1717
 7733 IGKGFDF   -7.8497   -7.9117   -0.0620    0.1717
 7734 IGKGFDF   -7.8497   -7.9117   -0.0620    0.1717
 7735 IGKGFDF   -7.8497   -7.9117   -0.0620    0.1717
 7736 GIKGFDV   -7.1082   -8.7687   -1.6606    0.1717
 7737 GIKGFDV   -7.1082   -8.7687   -1.6606    0.1717
 7738 GIKGFDF   -6.4552   -6.5172   -0.0620    0.1717
 7739 GIKGFDF   -6.4552   -6.5172   -0.0620    0.1717
 7740 GIKGVDF   -5.1126   -6.7732   -1.6606    0.1717
 7741 GIKGWEF   -5.1755   -4.9735    0.2020    0.1717
 7742 GIKGWEF   -5.1755   -4.9735    0.2020    0.1717
 7743 GIKGWEF   -5.1755   -4.9735    0.2020    0.1717
 7744 EIKGWGF   -4.7713   -4.5693    0.2020    0.1717
 7745 EIKGFGL   -5.0743   -7.4675   -2.3931    0.1717
 7746 EIGKFGL   -5.3138   -7.7070   -2.3931    0.1717
 7747 EIGKFGL   -5.3138   -7.7070   -2.3931    0.1717
 7748 LIGKFGE   -4.3775   -6.8821   -2.5046    0.1717
 7749 LIGEFGK   -1.9590   -4.4636   -2.5046    0.1717
 7750 LIGDWGE   -1.7542   -3.8905   -2.1363    0.1717
 7751 DIGLWGK   -3.4010   -4.7273   -1.3263    0.1717
 7752 DVGLWGK   -4.2357   -6.9363   -2.7006    0.1717
 7753 GLGLWDK   -3.7088   -6.9362   -3.2274    0.1717
 7754 GLGLWDE   -4.6106   -8.6480   -4.0374    0.1717
 7755 GLGLWEE   -4.2416   -8.5961   -4.3546    0.1717
 7756 GLGLWEE   -3.7546   -8.1091   -4.3546    0.1717
 7757 GIGMWEE   -3.9248   -6.0688   -2.1440    0.1717
 7758 GIGVWEK   -5.2800   -6.6194   -1.3394    0.1717
 7759 GIGVWEK   -5.2800   -6.6194   -1.3394    0.1717
 7760 GIGVWED   -5.7738   -7.6061   -1.8323    0.1717
 7761 GIGVWDE   -5.6065   -7.4388   -1.8323    0.1717
 7762 GIGVIDE   -7.9174  -10.8351   -2.9177    0.1717
 7763 GVGIIDE   -7.8725  -10.7903   -2.9177    0.1717
 7764 GIGIMDE   -6.3403   -9.2526   -2.9123    0.1717
 7765 GIGIMDE   -6.3403   -9.2526   -2.9123    0.1717
 7766 GMGIIDE   -6.1461   -9.0584   -2.9123    0.1717
 7767 GMGIIDE   -6.1461   -9.0584   -2.9123    0.1717
 7768 GMGIIDE   -6.1461   -9.0584   -2.9123    0.1717
 7769 GMIGIDK   -6.9776   -9.0799   -2.1023    0.1717
 7770 GMIGIDK   -6.9776   -9.0799   -2.1023    0.1717
 7771 DMGIIGK   -5.4808   -7.4717   -1.9909    0.1717
 7772 IMGVDGD   -3.1202   -6.9782   -3.8580    0.1717
 7773 VIGIDGD   -6.3456   -8.8347   -2.4891    0.1717
 7774 VIGIKGD   -5.5662   -7.5625   -1.9963    0.1717
 7775 VIGIKGD   -5.5662   -7.5625   -1.9963    0.1717
 7776 VVIGDGD   -5.9608   -9.9357   -3.9749    0.1717
 7777 WIIGDGD   -7.5354   -8.0363   -0.5009    0.1717
 7778 WIIGDGD   -7.5354   -8.0363   -0.5009    0.1717
 7779 IIWGDGD   -7.8635   -8.3643   -0.5009    0.1717
 7780 WMGWDGD   -5.1055   -5.4183   -0.3129    0.1717
 7781 MKGWWGD   -6.5854   -6.4054    0.1800    0.1717
 7782 MKGWWGD   -6.5854   -6.4054    0.1800    0.1717
 7783 MKGWWGD   -6.5854   -6.4054    0.1800    0.1717
 7784 MKGWWGD   -6.5854   -6.4054    0.1800    0.1717
 7785 MKGLWGD   -4.3300   -7.0252   -2.6951    0.1717
 7786 MKGLWGD   -4.3300   -7.0252   -2.6951    0.1717
 7787 MKGLWGD   -4.3300   -7.0252   -2.6951    0.1717
 7788 MKGLFGD   -3.6285   -7.1848   -3.5563    0.1717
 7789 MKGIFGD   -5.8706   -7.6372   -1.7666    0.1717
 7790 MKAIWGD   -6.3049   -7.3092   -1.0043    0.1717
 7791 LKAIWGD   -4.1664   -7.0715   -2.9051    0.1717
 7792 LIAKWGD   -4.5010   -7.4062   -2.9051    0.1717
 7793 LIAKWGD   -4.5010   -7.4062   -2.9051    0.1717
 7794 LIAKWGD   -4.5010   -7.4062   -2.9051    0.1717
 7795 FIAKWGD   -4.1267   -5.4979   -1.3711    0.1717
 7796 FIAKWGD   -4.1267   -5.4979   -1.3711    0.1717
 7797 FIDKWGA   -2.9500   -4.3212   -1.3711    0.1717
 7798 FIDKMGA   -2.9728   -4.8382   -1.8654    0.1717
 7799 MKFIDGA   -2.8800   -4.6340   -1.7540    0.1717
 7800 MDFIAGE   -2.2971   -4.9725   -2.6754    0.1717
 7801 MIFADGE   -2.7954   -5.5823   -2.7869    0.1717
 7802 FIFAEGE   -2.9816   -4.4924   -1.5109    0.1717
 7803 FIFAEGD   -3.6690   -4.8627   -1.1937    0.1717
 7804 GIFMEGD   -2.1140   -4.8020   -2.6880    0.1717
 7805 GIFMEIE   -1.5069   -4.4092   -2.9023    0.1717
 7806 GIGFEIE   -3.3597   -4.7731   -1.4134    0.1717
 7807 GFGIEIK   -4.1047   -4.7081   -0.6034    0.1717
 7808 GWGIKID   -7.6566   -7.4417    0.2149    0.1717
 7809 GWGIKID   -7.6566   -7.4417    0.2149    0.1717
 7810 AWGIKID   -5.8359   -7.3999   -1.5640    0.1717
 7811 AWGIKLD   -5.9710   -8.7647   -2.7937    0.1717
 7812 AWGIKLE   -6.0008   -9.1117   -3.1109    0.1717
 7813 AWGFKLE   -5.0105   -7.8171   -2.8066    0.1717
 7814 AFGFKLD   -4.7776   -6.7282   -1.9506    0.1717
 7815 AFGKFDL   -3.4773   -5.4279   -1.9506    0.1717
 7816 AFGFFDK   -4.4045   -4.5640   -0.1594    0.1717
 7817 AFGVFDD   -2.4803   -4.7312   -2.2509    0.1717
 7818 MFDGFVD   -4.3029   -4.4409   -0.1380    0.1717
 7819 MFDGFVD   -4.3029   -4.4409   -0.1380    0.1717
 7820 MFDGFVD   -4.3029   -4.4409   -0.1380    0.1717
 7821 MFDGFVD   -6.5304   -6.6684   -0.1380    0.2091
 7822 MFEGFVD   -7.2392   -7.6943   -0.4551    0.2091
 7823 MFEGFVD   -7.2392   -7.6943   -0.4551    0.2091
 7824 MFEGFVD   -7.2392   -7.6943   -0.4551    0.2091
 7825 MVEGFVD   -7.8807   -8.6544   -0.7737    0.2091
 7826 MVFGEVD  -11.9966  -12.7704   -0.7737    0.2091
 7827 MVFGEVD  -11.9966  -12.7704   -0.7737    0.2091
 7828 MVFGEVD  -11.9966  -12.7704   -0.7737    0.2091
 7829 MVFGEVD  -11.9966  -12.7704   -0.7737    0.2091
 7830 MVFGEVE  -10.4288  -11.5196   -1.0909    0.2091
 7831 MVFGKVE  -10.2905  -10.5714   -0.2809    0.2091
 7832 FEFGKVV   -9.2090   -8.9853    0.2237    0.2091
 7833 FEFGKVV   -9.2090   -8.9853    0.2237    0.2091
 7834 FEFGDVV   -6.4288   -6.6980   -0.2691    0.2091
 7835 FKFGDVV  -10.6143  -10.0734    0.5409    0.2091
 7836 FDFGDVV   -5.1180   -5.0700    0.0480    0.2091
 7837 FKFGDVV  -10.3013   -9.7604    0.5409    0.2091
 7838 KFIGDVV   -8.8386   -8.7134    0.1251    0.2091
 7839 KFIGDVV   -8.8386   -8.7134    0.1251    0.2091
 7840 KFIGDVV   -8.8386   -8.7134    0.1251    0.2091
 7841 KFIGEVV   -8.7934   -8.9854   -0.1920    0.2091
 7842 EFIGEVV   -6.5866   -7.5886   -1.0020    0.2091
 7843 EFIGKVV   -7.1197   -7.3117   -0.1920    0.2091
 7844 FKIGEVV   -8.9676   -9.0482   -0.0806    0.2091
 7845 FKIGEVV   -8.9676   -9.0482   -0.0806    0.2091
 7846 FKIGEVV   -8.9676   -9.0482   -0.0806    0.2091
 7847 FKWGEVV   -7.5982   -9.0334   -1.4351    0.2091
 7848 AKWGEVV   -7.2784   -9.8681   -2.5897    0.2091
 7849 MKWGEVV  -10.7446  -10.7329    0.0117    0.2091
 7850 MKWGEVV  -10.7446  -10.7329    0.0117    0.2091
 7851 MKWGEVV  -10.7446  -10.7329    0.0117    0.2091
 7852 MKWGEVV  -10.7446  -10.7329    0.0117    0.2091
 7853 MKWGEVV  -10.7446  -10.7329    0.0117    0.2091
 7854 MKWGEVV  -10.7446  -10.7329    0.0117    0.2091
 7855 MKWGDVV   -9.9124   -9.5835    0.3289    0.2091
 7856 MKMGDVI   -7.2922   -7.3634   -0.0711    0.2091
 7857 MKMGDVI   -7.2922   -7.3634   -0.0711    0.2091
 7858 MKVGEGI   -2.7306   -6.3015   -3.5709    0.2091
 7859 VKMGEGI   -2.4997   -6.0705   -3.5709    0.2091
 7860 MKMGDGI   -4.1865   -7.4348   -3.2483    0.2091
 7861 MKMGDGW   -5.3958   -7.5587   -2.1629    0.2091
 7862 MKFGDGW   -7.8778   -8.4475   -0.5697    0.2091
 7863 MKWGDGF   -6.5648   -7.1345   -0.5697    0.2091
 7864 KMWGDGF   -6.2964   -6.9775   -0.6811    0.2091
 7865 KMWGDGF   -6.2964   -6.9775   -0.6811    0.2091
 7866 KIWGDGV   -6.7889   -7.6998   -0.9109    0.2091
 7867 KIWGDGV   -6.7889   -7.6998   -0.9109    0.2091
 7868 WIKGDGI   -5.4726   -5.3691    0.1034    0.2091
 7869 WIKGIGD   -8.6385   -8.5351    0.1034    0.2091
 7870 WIKGIGD   -8.6385   -8.5351    0.1034    0.2091
 7871 WVKGIGD   -7.8930   -8.8039   -0.9109    0.2091
 7872 WMKGVGD   -7.4003   -9.6800   -2.2797    0.2091
 7873 WVKGMGD   -6.4411   -8.7208   -2.2797    0.2091
 7874 WVKGMGD   -6.7515   -9.0313   -2.2797    0.2091
 7875 EVKGMGW   -5.2764   -7.7618   -2.4854    0.2091
 7876 EVKGMGW   -5.2764   -7.7618   -2.4854    0.2091
 7877 MVEGKGW   -4.7076   -7.3045   -2.5969    0.2091
 7878 GVDGKMW   -2.2614   -4.5411   -2.2797    0.2091
 7879 GVGMEDW   -4.4552   -7.5449   -3.0897    0.2091
 7880 GVGFEEW   -3.9305   -5.7442   -1.8137    0.2091
 7881 GVGFWDD   -4.1553   -5.4462   -1.2909    0.2091
 7882 GVGFWDE   -3.8231   -5.4311   -1.6080    0.2091
 7883 GVGIWDD   -6.4780   -7.9931   -1.5151    0.2091
 7884 GVGIMDD   -6.4017  -10.3712   -3.9694    0.2091
 7885 GVGIMDD   -6.4017  -10.3712   -3.9694    0.2091
 7886 GVGIEMD   -5.4386   -9.5023   -4.0637    0.2091
 7887 GVGIEME   -4.7343   -9.1152   -4.3809    0.2091
 7888 GVGIEGE   -1.6856   -9.3605   -7.6749    0.2091
 7889 GIGFEEG   -1.1489   -7.3366   -6.1877    0.2091
 7890 GIGFEEI   -4.6522   -6.1770   -1.5249    0.2091
 7891 GEGFIEM   -2.5743   -5.4680   -2.8937    0.2091
 7892 GKGIFEI   -1.8906   -2.6055   -0.7149    0.2091
 7893 EKGIFGI   -1.4896   -2.3159   -0.8263    0.2091
 7894 IKGIFGE   -3.5597   -4.2746   -0.7149    0.2091
 7895 IKGIFGE   -3.5597   -4.2746   -0.7149    0.2091
 7896 MDGIFGE   -3.2707   -5.8472   -2.5766    0.2091
 7897 MDIGFGK   -3.3239   -4.9790   -1.6551    0.2091
 7898 MDVGFGK   -2.2971   -5.3265   -3.0294    0.2091
 7899 MFVGDGK   -3.1213   -6.3735   -3.2523    0.2091
 7900 MVKGDGF   -5.6965   -8.8373   -3.1409    0.2091
 7901 MVKGFGD   -7.2377  -10.3786   -3.1409    0.2091
 7902 MVKGFGD   -7.2377  -10.3786   -3.1409    0.2091
 7903 MVKGFGD   -7.2377  -10.3786   -3.1409    0.2091
 7904 MDKGFGV   -4.8643   -8.0052   -3.1409    0.2091
 7905 MDKGFGV   -4.8643   -8.0052   -3.1409    0.2091
 7906 FDKGFGV   -4.6022   -6.1499   -1.5477    0.2091
 7907 FDKGLGW   -3.3791   -4.4811   -1.1020    0.2091
 7908 FDKGFGW   -3.5658   -2.8538    0.7120    0.2091
 7909 FDKGLGW   -2.9998   -4.1018   -1.1020    0.2091
 7910 IGKGLDW   -3.4157   -4.6306   -1.2149    0.2091
 7911 IGKGIDI   -5.7165   -6.2271   -0.5106    0.2091
 7912 IGKGIDI   -5.7165   -6.2271   -0.5106    0.2091
 7913 IGKGIDW   -7.0715   -6.8566    0.2149    0.2091
 7914 IGKGWDI   -6.8697   -6.6548    0.2149    0.2091
 7915 IGKGWDI   -6.8697   -6.6548    0.2149    0.2091
 7916 IGKGWEI   -6.4258   -6.5281   -0.1023    0.2091
 7917 IGKGWDI   -6.6842   -6.4693    0.2149    0.2091
 7918 IGKGWEI   -6.0962   -6.1985   -0.1023    0.2091
 7919 IWKGGEI   -9.5492   -9.8743   -0.3251    0.2091
 7920 IWKGGDI  -10.0055  -10.0135   -0.0080    0.2091
 7921 IWKGGDI  -10.0055  -10.0135   -0.0080    0.2091
 7922 IWKGGDI  -10.0055  -10.0135   -0.0080    0.2091
 7923 IWKGGDI   -9.5594   -9.5674   -0.0080    0.2091
 7924 IWKGGDI   -9.5594   -9.5674   -0.0080    0.2091
 7925 IWKGGDI   -9.5594   -9.5674   -0.0080    0.2091
 7926 IWKGGDI   -9.5594   -9.5674   -0.0080    0.2091
 7927 IWKGGDI   -9.5594   -9.5674   -0.0080    0.2091
 7928 IWKGGDI   -9.5594   -9.5674   -0.0080    0.2091
 7929 IWKGGDI   -9.5594   -9.5674   -0.0080    0.2091
 7930 IWKGGDI   -9.5594   -9.5674   -0.0080    0.2091
 7931 IWKGGDI   -9.5594   -9.5674   -0.0080    0.2091
 7932 IWKGGEI   -9.3115   -9.6367   -0.3251    0.2091
 7933 IWKGGEI   -9.3115   -9.6367   -0.3251    0.2091
 7934 IWKGGEI   -9.3115   -9.6367   -0.3251    0.2091
 7935 IWKGGEI   -9.3115   -9.6367   -0.3251    0.2091
 7936 IWKGGDI   -9.5507   -9.5587   -0.0080    0.2091
 7937 IWKGGEI   -8.9221   -9.2472   -0.3251    0.2091
 7938 IWKGGEI   -8.9221   -9.2472   -0.3251    0.2091
 7939 MWKGGEI   -8.3826   -9.7166   -1.3340    0.2091
 7940 IWKGGEF   -7.8386   -7.8595   -0.0209    0.2091
 7941 IWKGGEF   -7.8386   -7.8595   -0.0209    0.2091
 7942 IWKGGDL   -8.1676   -9.6054   -1.4377    0.2091
 7943 IWKGGDV   -8.6146   -9.6369   -1.0223    0.2091
 7944 IWKGGDV   -8.6146   -9.6369   -1.0223    0.2091
 7945 VWKGGDW   -9.7756   -9.7124    0.0631    0.2091
 7946 VWKGGDW   -9.7756   -9.7124    0.0631    0.2091
 7947 VWKGGDW   -9.7756   -9.7124    0.0631    0.2091
 7948 VWKGGDW   -9.7756   -9.7124    0.0631    0.2091
 7949 VWKGGEW   -9.3187   -9.5727   -0.2540    0.2091
 7950 VWKGGEW   -9.3187   -9.5727   -0.2540    0.2091
 7951 VWKGGEW   -9.3187   -9.5727   -0.2540    0.2091
 7952 VWKGGEW   -9.3187   -9.5727   -0.2540    0.2091
 7953 VWKGGEW   -9.3187   -9.5727   -0.2540    0.2091
 7954 KWVGGDW   -7.6804   -7.6172    0.0631    0.2091
 7955 KWVGGDW   -7.6804   -7.6172    0.0631    0.2091
 7956 KWVGGEW   -6.9433   -7.1973   -0.2540    0.2091
 7957 KWVGGEW   -6.9433   -7.1973   -0.2540    0.2091
 7958 KWVGGDW   -7.7909   -7.7278    0.0631    0.2091
 7959 KVWGGDW   -7.3946   -7.3315    0.0631    0.2091
 7960 KVWGGEW   -7.3302   -7.5842   -0.2540    0.2091
 7961 KWVGGEW   -6.1254   -6.3794   -0.2540    0.2091
 7962 KWWGGEV   -5.8657   -6.1197   -0.2540    0.2091
 7963 ELWGGKV   -2.4517   -5.5809   -3.1291    0.2091
 7964 ELWGGDI   -4.2297   -6.4774   -2.2477    0.2091
 7965 KIWGGDI   -6.1031   -6.1111   -0.0080    0.2091
 7966 EIIGGEW   -4.3503   -5.4855   -1.1351    0.2091
 7967 EIIGGEI   -4.6693   -6.5299   -1.8606    0.2091
 7968 IIIGGKD   -4.5703   -5.5266   -0.9563    0.2091
 7969 IIIGGED   -7.1536   -8.9199   -1.7663    0.2091
 7970 LIIGGED   -7.3375  -10.8935   -3.5560    0.2091
 7971 LIIGGED   -7.3375  -10.8935   -3.5560    0.2091
 7972 LIIGGED   -7.3375  -10.8935   -3.5560    0.2091
 7973 LIIGGED   -7.3375  -10.8935   -3.5560    0.2091
 7974 MIIGGED   -8.0968  -11.2319   -3.1351    0.2091
 7975 IIIGGED   -8.7257  -10.4920   -1.7663    0.2091
 7976 IIIGGDD   -8.6917  -10.1408   -1.4491    0.2091
 7977 IIIGGED   -9.1007  -10.8670   -1.7663    0.2091
 7978 IIIGGED   -9.1007  -10.8670   -1.7663    0.2091
 7979 LIIGGED   -6.2833   -9.8393   -3.5560    0.2091
 7980 LIIGGDE   -6.0091   -9.5651   -3.5560    0.2091
 7981 MWIGGDE   -5.6101   -7.6598   -2.0497    0.2091
 7982 MEIGGDM   -3.2716   -7.4414   -4.1697    0.2091
 7983 MKIGGDM   -5.6528   -9.0125   -3.3597    0.2091
 7984 MKIGGDM   -5.6528   -9.0125   -3.3597    0.2091
 7985 MKIGGDW   -7.2323   -8.1377   -0.9054    0.2091
 7986 KMIGGDW   -4.2331   -5.2500   -1.0169    0.2091
 7987 KMVGGDW   -2.7680   -5.1592   -2.3911    0.2091
 7988 KVMGGDI   -2.6890   -6.1655   -3.4766    0.2091
 7989 KVMGGDW   -4.0313   -6.4225   -2.3911    0.2091
 7990 KMIGGDW   -5.1503   -6.1672   -1.0169    0.2091
 7991 MKIGGDW   -7.1950   -8.1004   -0.9054    0.2091
 7992 MKIGGDW   -7.1950   -8.1004   -0.9054    0.2091
 7993 MKIGGDW   -7.1950   -8.1004   -0.9054    0.2091
 7994 MIKGGDW   -8.8029   -9.8198   -1.0169    0.2091
 7995 MIKGGDW   -8.8029   -9.8198   -1.0169    0.2091
 7996 MIKGGDW   -8.8029   -9.8198   -1.0169    0.2091
 7997 MIKGGDW   -8.8029   -9.8198   -1.0169    0.2091
 7998 MIKGGDW   -8.8029   -9.8198   -1.0169    0.2091
 7999 MIKGGDW   -8.8029   -9.8198   -1.0169    0.2091
 8000 MWKGGDI   -7.0097   -8.0266   -1.0169    0.2091
 8001 VWKGGDI   -5.7394   -6.7617   -1.0223    0.2091
 8002 VIKGGEM   -5.3688   -9.1625   -3.7937    0.2091
 8003 VIKGGEM   -5.3688   -9.1625   -3.7937    0.2091
 8004 VIMGGDK   -5.1662   -8.8656   -3.6994    0.2091
 8005 MIKGGDV   -6.9669  -10.4435   -3.4766    0.2091
 8006 MIKGGDV   -6.9669  -10.4435   -3.4766    0.2091
 8007 FIKGGDV   -6.2337   -8.1172   -1.8834    0.2091
 8008 FIKGGDV   -6.2337   -8.1172   -1.8834    0.2091
 8009 FIKGGEV   -5.9350   -8.1356   -2.2006    0.2091
 8010 FKWGGEV   -4.0824   -5.0861   -1.0037    0.2091
 8011 FKWGGEV   -4.0824   -5.0861   -1.0037    0.2091
 8012 FKWGGVE   -5.9984   -7.0021   -1.0037    0.2091
 8013 FKWGGVE   -5.9984   -7.0021   -1.0037    0.2091
 8014 FKWGGVE   -5.9984   -7.0021   -1.0037    0.2091
 8015 FKWGGVE   -5.9984   -7.0021   -1.0037    0.2091
 8016 FRWGGVE   -3.3732   -7.7410   -4.3677    0.2091
 8017 FRWGGVE   -3.3732   -7.7410   -4.3677    0.2091
 8018 FEWGGVE   -3.7326   -5.5463   -1.8137    0.2091
 8019 FGVGEVE   -1.9153   -6.0773   -4.1620    0.2091
 8020 YEVGFVE   -1.7203   -3.5260   -1.8057    0.2091
 8021 KFVGYVD   -6.8513   -7.6413   -0.7900    0.2091
 8022 KFVGFVD   -8.4656   -8.0362    0.4294    0.2091
 8023 FFVGKVD   -6.3760   -5.9466    0.4294    0.2091
 8024 FFVGKVD   -5.6162   -5.1868    0.4294    0.1839
 8025 FFVGEVD   -7.8050   -8.1856   -0.3806    0.1839
 8026 FLVGEVD   -7.9932   -9.9078   -1.9146    0.1839
 8027 FLVGEVD   -7.9932   -9.9078   -1.9146    0.1839
 8028 FFVGEVD   -7.9481   -8.3287   -0.3806    0.1839
 8029 FFVGEVD   -7.9481   -8.3287   -0.3806    0.1839
 8030 FFVGEVD   -7.9481   -8.3287   -0.3806    0.1839
 8031 MFVGEVD   -8.4308   -9.2046   -0.7737    0.1839
 8032 MIVGDVK   -5.1605   -5.3485   -0.1880    0.1839
 8033 MIVGKVE   -6.4709   -6.9760   -0.5051    0.1839
 8034 MIMGEEV   -7.3047   -8.7259   -1.4211    0.1839
 8035 MIMGEEV   -7.3047   -8.7259   -1.4211    0.1839
 8036 MIMGEEV   -7.3047   -8.7259   -1.4211    0.1839
 8037 MWMGEEV   -7.9956   -9.0914   -1.0957    0.1839
 8038 MWMGEEV   -7.9956   -9.0914   -1.0957    0.1839
 8039 MLMGEEV   -6.8255  -10.0364   -3.2109    0.1839
 8040 MVMGEEL   -6.0227   -9.2335   -3.2109    0.1839
 8041 MVMGELE   -4.0883   -7.1877   -3.0994    0.1839
 8042 MVKGLME   -3.0755   -5.3649   -2.2894    0.1839
 8043 MVRGLEM   -3.4967   -9.0387   -5.5420    0.1839
 8044 FVRGLEA   -1.6739   -8.9042   -7.2303    0.1839
 8045 FIRGWEA   -0.0506   -4.9915   -4.9409    0.1839
 8046 FARGVDI   -1.7390   -6.8625   -5.1234    0.1839
 8047 MARGIDV   -2.2760   -8.9925   -6.7166    0.1839
 8048 MFKGVDW   -6.7578   -7.9504   -1.1926    0.1839
 8049 MFKGVDW   -6.7578   -7.9504   -1.1926    0.1839
 8050 MMKGVDW   -8.8763   -8.6220    0.2543    0.1839
 8051 MMKGVDW   -8.8763   -8.6220    0.2543    0.1839
 8052 MMKGVDW   -8.8763   -8.6220    0.2543    0.1839
 8053 MMKGVEM   -6.9539   -8.7110   -1.7571    0.1839
 8054 MMKGVEM   -6.9539   -8.7110   -1.7571    0.1839
 8055 MKMGFDM   -7.0284   -6.7584    0.2700    0.1839
 8056 MKMGMEM   -7.2905   -8.9308   -1.6403    0.1839
 8057 MKMGMDI   -8.4642   -8.4185    0.0457    0.1839
 8058 MKMGMDI   -8.4642   -8.4185    0.0457    0.1839
 8059 MKMGMIE   -7.7372   -8.1201   -0.3829    0.1839
 8060 MKMGMDI   -8.6457   -8.6000    0.0457    0.1839
 8061 MKMGMDI   -8.6457   -8.6000    0.0457    0.1839
 8062 MKIGMDM   -7.9021   -7.8564    0.0457    0.1839
 8063 MMKGMEI   -9.0670   -9.4498   -0.3829    0.1839
 8064 MMKGMEI   -9.0670   -9.4498   -0.3829    0.1839
 8065 MMKGMEF   -7.9372   -8.0958   -0.1586    0.1839
 8066 MMKGMEF   -7.9372   -8.0958   -0.1586    0.1839
 8067 MMKGMEF   -7.9372   -8.0958   -0.1586    0.1839
 8068 MMKGMEF   -7.9372   -8.0958   -0.1586    0.1839
 8069 MMKGMDF   -8.1064   -7.9479    0.1586    0.1839
 8070 FKMGMDM   -4.5853   -4.3153    0.2700    0.1839
 8071 FKMGMDM   -4.5853   -4.3153    0.2700    0.1839
 8072 FKAGMEM   -1.6025   -4.9310   -3.3286    0.1839
 8073 FKIGMEM   -5.9537   -6.0719   -0.1183    0.1839
 8074 FKMGMEI   -6.1318   -6.2500   -0.1183    0.1839
 8075 FMKGVEI   -7.1759   -7.3310   -0.1551    0.1839
 8076 FMKGVEI   -7.1759   -7.3310   -0.1551    0.1839
 8077 FMKGVEI   -7.1759   -7.3310   -0.1551    0.1839
 8078 VMKGVEI   -8.0046   -8.3983   -0.3937    0.1839
 8079 MVKGMEI   -7.8565   -8.2448   -0.3883    0.1839
 8080 VMMGDEI   -6.2439   -7.3479   -1.1040    0.1839
 8081 IMGMDEV   -6.2151   -7.2076   -0.9926    0.1839
 8082 IMDVDGM   -5.2852   -5.8492   -0.5640    0.1839
 8083 IMKVDGM   -6.7323   -6.8035   -0.0711    0.1839
 8084 IKMIDGM   -7.5579   -7.7747   -0.2169    0.1839
 8085 IKVIDGM   -8.8277   -8.9700   -0.1423    0.1839
 8086 VKIMEGI   -8.8973   -9.3567   -0.4594    0.1839
 8087 VKIMDGV   -9.7091   -9.7856   -0.0766    0.1839
 8088 MKIVDGM   -9.5383   -9.6095   -0.0711    0.1839
 8089 KVIVDGM   -8.1722   -8.3602   -0.1880    0.1839
 8090 KVIDVGF   -6.4028   -6.1662    0.2366    0.1839
 8091 KVIDVGF   -6.4028   -6.1662    0.2366    0.1839
 8092 KILDVGF   -3.4842   -6.3031   -2.8189    0.1839
 8093 KLLVFGD   -5.3034   -9.5749   -4.2714    0.1839
 8094 KLLVFGE   -4.5854   -9.1740   -4.5886    0.1839
 8095 KLLVFGE   -4.5854   -9.1740   -4.5886    0.1839
 8096 KLLVFGE   -4.5854   -9.1740   -4.5886    0.1839
 8097 KALVFGD   -3.9566   -7.7286   -3.7720    0.1839
 8098 RVLVFGD   -4.6645   -9.2445   -4.5800    0.1839
 8099 EIVVFGK   -7.8513   -8.1547   -0.3034    0.1839
 8100 EIVVLGK   -7.0259   -8.8633   -1.8374    0.1839
 8101 EVILVGK   -8.4281  -10.2655   -1.8374    0.1839
 8102 KVILVGE   -9.8651  -11.7025   -1.8374    0.1839
 8103 KVIELGV   -8.1321   -9.7467   -1.6146    0.1839
 8104 KLILEGV   -7.5936  -12.3750   -4.7814    0.1839
 8105 KLILEGV   -7.5936  -12.3750   -4.7814    0.1839
 8106 VILLEGE   -5.5716  -11.2744   -5.7029    0.1839
 8107 GILLEVD   -5.9373  -11.2115   -5.2743    0.1839
 8108 GVLLDVK   -6.3145   -8.9531   -2.6386    0.1839
 8109 GVLMEVK   -7.2175   -9.5123   -2.2949    0.1839
 8110 GVEMLVE   -3.8638   -6.9687   -3.1049    0.1839
 8111 GMVELVK   -5.1917   -7.4865   -2.2949    0.1839
 8112 GVMELVD   -4.8573   -7.6450   -2.7877    0.1839
 8113 GDVMELF   -1.1707   -3.1598   -1.9891    0.1839
 8114 GFLMEVD   -4.4735   -6.4627   -1.9891    0.1839
 8115 GFLMEVD   -4.4735   -6.4627   -1.9891    0.1839
 8116 GFVMEVK   -5.4131   -5.6939   -0.2809    0.1839
 8117 GFVMEVK   -5.4131   -5.6939   -0.2809    0.1839
 8118 GIVMEVD   -8.1791   -9.1771   -0.9980    0.1839
 8119 GIVMEDM   -7.5165   -8.6205   -1.1040    0.1839
 8120 GIMVEDM   -9.9464  -11.0504   -1.1040    0.1839
 8121 GIMVEDM   -9.9464  -11.0504   -1.1040    0.1839
 8122 GILVEDM   -9.3155  -11.7203   -2.4049    0.1839
 8123 GIVLYDE   -6.9505   -9.4131   -2.4626    0.1839
 8124 GIVIYDD   -8.7341   -9.0898   -0.3557    0.1839
 8125 GIVVYDD   -7.7879   -9.5179   -1.7300    0.1839
 8126 GIVVDYD   -7.6600   -9.1672   -1.5071    0.1839
 8127 GIVVEYD   -8.0744   -9.8987   -1.8243    0.1839
 8128 VVIVEGD   -9.8445  -10.9594   -1.1149    0.1839
 8129 VIVVEGD  -10.3554  -11.4703   -1.1149    0.1839
 8130 VEVVDGW   -6.7461   -7.1527   -0.4066    0.1839
 8131 VDVVRGW   -6.2578   -9.2184   -2.9606    0.1839
 8132 VDVVRGW   -6.2578   -9.2184   -2.9606    0.1839
 8133 VDVVRGW   -7.1355  -10.0961   -2.9606    0.1839
 8134 VDVVRGW   -7.1355  -10.0961   -2.9606    0.1839
 8135 VGRVVDW   -6.7452   -9.7058   -2.9606    0.1839
 8136 VGDIIDV   -4.3392   -4.8998   -0.5606    0.1839
 8137 VGDVMDI   -6.4391   -7.0085   -0.5694    0.1839
 8138 VIKVGDM  -10.0023  -10.0789   -0.0766    0.1839
 8139 VGKVIEM   -7.0800   -7.4737   -0.3937    0.1839
 8140 VGKVIEW   -5.5290   -7.2684   -1.7394    0.1839
 8141 IEKIVGY   -4.8358   -4.7929    0.0429    0.1839
 8142 IEVIKGY   -4.6027   -4.4484    0.1543    0.1839
 8143 IEILEGY   -2.9400   -6.6112   -3.6711    0.1839
 8144 IEIVEGY   -5.2501   -5.9058   -0.6557    0.1839
 8145 IEIVEGY   -5.2501   -5.9058   -0.6557    0.1839
 8146 IEIVDGY   -4.7202   -5.0588   -0.3386    0.1839
 8147 IEVIDGY   -5.1796   -5.5182   -0.3386    0.1839
 8148 IIVEDGY   -8.2540   -8.8154   -0.5614    0.1839
 8149 EIVIDGY   -9.2723   -9.7223   -0.4500    0.1839
 8150 EIVIDGY   -9.2723   -9.7223   -0.4500    0.1839
 8151 EIVIDGY   -9.2723   -9.7223   -0.4500    0.1839
 8152 EIVIEGY   -9.5195  -10.2866   -0.7671    0.1839
 8153 IIVEEGY   -8.5726   -9.4511   -0.8786    0.1839
 8154 VMIEEGY   -8.0989  -10.3463   -2.2474    0.1839
 8155 VMIEKGY   -4.1934   -5.6308   -1.4374    0.1839
 8156 IMIKDGV   -9.4182   -9.7833   -0.3651    0.1839
 8157 MFIEDGM   -7.8532   -8.7987   -0.9454    0.1839
 8158 MFIEDGM   -7.8532   -8.7987   -0.9454    0.1839
 8159 VFIEDGM   -8.3562   -9.2270   -0.8709    0.1839
 8160 VMIEEGM   -8.6257  -10.0468   -1.4211    0.1839
 8161 VMIMEGE   -9.2927  -10.7138   -1.4211    0.1839
 8162 VMIEMGE   -8.6575   -9.9673   -1.3097    0.1839
 8163 VMIEEGM   -8.2758   -9.6969   -1.4211    0.1839
 8164 VMIMEGD   -9.8385  -10.9425   -1.1040    0.1839
 8165 VMIVDGE  -10.5928  -11.7022   -1.1094    0.1839
 8166 VVIMDGE  -10.3757  -11.4852   -1.1094    0.1839
 8167 VVILEGD  -10.9264  -13.2567   -2.3303    0.1839
 8168 VVILEGD  -10.9264  -13.2567   -2.3303    0.1839
 8169 LLVMEGD   -7.1002  -10.7348   -3.6346    0.1839
 8170 LVVLEGD   -8.0882  -11.6482   -3.5600    0.1839
 8171 LVLVEGD   -9.5825  -13.1425   -3.5600    0.1839
 8172 LLVVEGD   -9.3330  -12.8930   -3.5600    0.1839
 8173 MDVLVGD   -6.2916   -8.7622   -2.4706    0.1839
 8174 MDVDMGL   -3.9526   -6.1948   -2.2423    0.1839
 8175 LMVDEGV   -4.1080   -7.0071   -2.8991    0.1839
 8176 MLVEDGI   -6.9947   -9.3995   -2.4049    0.1839
 8177 MVVEDGI   -7.2706   -8.3800   -1.1094    0.1839
 8178 MVVEDGI   -7.2706   -8.3800   -1.1094    0.1839
 8179 VVVEDGW   -6.8605   -7.4899   -0.6294    0.1839
 8180 VDVVEGW   -7.3282   -7.7348   -0.4066    0.1839
 8181 VWVVDGD  -10.5609  -10.8732   -0.3123    0.1839
 8182 VWVVDGE  -10.4366  -11.0660   -0.6294    0.1839
 8183 VIVVDGE   -9.7320  -10.8469   -1.1149    0.1839
 8184 AIVVDVE   -9.5328  -10.6351   -1.1023    0.1839
 8185 AIVVDVE  -10.0708  -11.1731   -1.1023    0.1839
 8186 AIVVDVE  -10.0708  -11.1731   -1.1023    0.1839
 8187 AIVVDVE  -10.1260  -11.2283   -1.1023    0.1839
 8188 AIVVEVE  -10.3728  -11.7922   -1.4194    0.1839
 8189 AIVVEKV   -9.0272   -9.7481   -0.7209    0.1839
 8190 AKIVEVV   -9.0214   -9.5194   -0.4980    0.1839
 8191 AKIVDAF   -7.0146   -8.8729   -1.8583    0.1839
 8192 AIKVDAW   -9.4117  -10.9289   -1.5171    0.1839
 8193 AIKVDAF   -9.9040  -11.7623   -1.8583    0.1839
 8194 AIKVDAF   -9.9040  -11.7623   -1.8583    0.1839
 8195 AKVIDAF   -8.7199  -10.5782   -1.8583    0.1839
 8196 ALVIDAD   -7.2562  -11.7328   -4.4766    0.1839
 8197 ALAIDVD   -6.2786  -10.7551   -4.4766    0.1839
 8198 AIVVLDR   -1.4245   -8.1991   -6.7746    0.1839
 8199 AIVVLDR   -1.4245   -8.1991   -6.7746    0.1839
 8200 AIVVLKD   -6.6337  -10.0443   -3.4106    0.1839
 8201 AIVVLED   -6.2178  -10.4384   -4.2206    0.1839
 8202 AIVVLEK   -5.9804   -9.7081   -3.7277    0.1839
 8203 AVVIIDK   -6.4014   -8.5823   -2.1809    0.1839
 8204 AIEVVIK   -7.5356   -9.8107   -2.2751    0.1839
 8205 AVEKVIV   -7.9355   -8.6564   -0.7209    0.1839
 8206 MVVKWEV   -3.7368   -7.1880   -3.4511    0.1839
 8207 MEVKAVV   -6.0264   -7.8932   -1.8669    0.1839
 8208 MVVAKEV   -6.2185   -8.3083   -2.0897    0.1839
 8209 MEVIEVV   -5.5248   -8.4313   -2.9066    0.1839
 8210 MKVVELV   -8.3219  -11.6481   -3.3263    0.1839
 8211 MKVIEVV  -10.9249  -13.0215   -2.0966    0.1839
 8212 MKVVDVV  -12.2722  -12.2260    0.0463    0.1839
 8213 MKVVDVV  -12.2722  -12.2260    0.0463    0.1839
 8214 MKMVEAV   -9.5936  -11.4550   -1.8614    0.1839
 8215 MKMVEAV   -9.5936  -11.4550   -1.8614    0.1839
 8216 MKMVEAV   -9.5936  -11.4550   -1.8614    0.1839
 8217 MKVVEAF   -9.3348   -9.6031   -0.2683    0.1839
 8218 MKVVEAF   -9.3348   -9.6031   -0.2683    0.1839
 8219 VKVVEAY   -8.9295  -11.6226   -2.6931    0.1839
 8220 VKVFEAY   -7.5542   -8.6488   -1.0946    0.1839
 8221 MKVFEAY   -6.1350   -7.2242   -1.0891    0.1839
 8222 MKVFEAY   -6.1350   -7.2242   -1.0891    0.1839
 8223 MKVFDAY   -6.5683   -7.3403   -0.7720    0.1839
 8224 MKIFDAY   -7.6074   -8.6451   -1.0377    0.1839
 8225 MKIFDAY   -9.0318  -10.0696   -1.0377    0.1978
 8226 MKIFDAY   -9.0318  -10.0696   -1.0377    0.1978
 8227 MKVFDAY   -9.0923   -9.8643   -0.7720    0.1978
 8228 MKFVDAY   -6.4473   -7.2193   -0.7720    0.1978
 8229 MKLVDAY   -8.7472  -11.5332   -2.7860    0.1978
 8230 MKLVDAY   -8.7472  -11.5332   -2.7860    0.1978
 8231 MKWVEAY   -7.0620   -8.2500   -1.1880    0.1978
 8232 MKLVEAY   -8.5714  -11.6745   -3.1031    0.1978
 8233 VKLVDAY   -9.2785  -12.0699   -2.7914    0.1978
 8234 VKLVDAY   -9.2785  -12.0699   -2.7914    0.1978
 8235 VKLVDAY   -9.2785  -12.0699   -2.7914    0.1978
 8236 AKLVVDY   -7.5288  -10.3202   -2.7914    0.1978
 8237 AELVVDY   -5.8240   -9.4254   -3.6014    0.1978
 8238 AEIVVDM   -6.6665   -7.6519   -0.9854    0.1978
 8239 AEIVVDV   -7.2143   -8.2052   -0.9909    0.1978
 8240 AEVVVDV   -6.3129   -8.6780   -2.3651    0.1978
 8241 ADVVFEV   -5.9731   -6.7396   -0.7666    0.1978
 8242 ADVFVDV   -6.1270   -6.5764   -0.4494    0.1978
 8243 AVDFVVD   -7.0432   -7.6041   -0.5609    0.1978
 8244 AVDFVVE   -6.7253   -7.6033   -0.8780    0.1978
 8245 AVDVVVE   -6.1855   -8.6620   -2.4766    0.1978
 8246 AVVMVDD   -8.8354  -11.2122   -2.3769    0.1978
 8247 AVVVVED   -9.3286  -12.0280   -2.6994    0.1978
 8248 AVVVEVD  -10.0794  -12.5560   -2.4766    0.1978
 8249 AVVVDVD   -9.2740  -11.4335   -2.1594    0.1978
 8250 MVVVDVD  -10.3801  -10.9381   -0.5580    0.1978
 8251 MVVVDVD  -10.3801  -10.9381   -0.5580    0.1978
 8252 MVDVVVD   -9.2136   -9.7716   -0.5580    0.1978
 8253 MVVVDVD  -11.1423  -11.7003   -0.5580    0.1978
 8254 MVVVDVD  -11.1423  -11.7003   -0.5580    0.1978
 8255 MVVVEVD  -11.6852  -12.5603   -0.8751    0.1978
 8256 MVVMEVD  -11.3918  -12.3415   -0.9497    0.1978
 8257 MVMVEVD  -11.7068  -12.6565   -0.9497    0.1978
 8258 MVMVEVD  -11.7068  -12.6565   -0.9497    0.1978
 8259 MVMVEVE  -10.7639  -12.0308   -1.2669    0.1978
 8260 EVMVEVM   -9.6753  -10.9422   -1.2669    0.1978
 8261 MMVVEEV   -9.7602  -11.1385   -1.3783    0.1978
 8262 MMVVEEV   -9.7602  -11.1385   -1.3783    0.1978
 8263 MVVVEEM   -9.6128  -10.9911   -1.3783    0.1978
 8264 MMVVEDM  -10.5038  -11.6396   -1.1357    0.1978
 8265 MMVVEDM  -10.5038  -11.6396   -1.1357    0.1978
 8266 MMVVEDM  -10.5038  -11.6396   -1.1357    0.1978
 8267 MMVIEDV   -9.3319  -12.2187   -2.8869    0.1978
 8268 MMVIEDV   -9.3319  -12.2187   -2.8869    0.1978
 8269 MMAIEDV   -8.9145  -10.1174   -1.2029    0.1978
 8270 MEAIMDV   -7.5877   -8.5677   -0.9800    0.1978
 8271 MVAEMDV   -5.2729   -7.6272   -2.3543    0.1978
 8272 MVVMEDF   -5.7563   -8.3389   -2.5826    0.1978
 8273 MVVMFEE   -4.3370   -7.3481   -3.0111    0.1978
 8274 MLVMFDD   -3.8144   -9.2467   -5.4323    0.1978
 8275 FLVGMED   -6.9030   -9.0036   -2.1006    0.1978
 8276 MLVGMKE   -5.6223   -8.0232   -2.4009    0.1978
 8277 MLVGMKE   -5.6223   -8.0232   -2.4009    0.1978
 8278 MLVGMKE   -5.6223   -8.0232   -2.4009    0.1978
 8279 MLVGMKE   -5.6223   -8.0232   -2.4009    0.1978
 8280 MLVGMKE   -5.6223   -8.0232   -2.4009    0.1978
 8281 MLVGMDE   -6.3534   -9.2471   -2.8937    0.1978
 8282 MLVGMDE   -6.3534   -9.2471   -2.8937    0.1978
 8283 MLVGMDD   -7.8655  -10.4421   -2.5766    0.1978
 8284 MLVGMDD   -7.8655  -10.4421   -2.5766    0.1978
 8285 MLVGMDD   -7.8655  -10.4421   -2.5766    0.1978
 8286 MLVAMDE   -7.0013  -10.1053   -3.1040    0.1978
 8287 MLVAMDE   -7.0013  -10.1053   -3.1040    0.1978
 8288 MLVADME   -5.2600   -8.1411   -2.8811    0.1978
 8289 MLVADMD   -6.8860   -9.4500   -2.5640    0.1978
 8290 MLVADVD   -7.0534   -9.6228   -2.5694    0.1978
 8291 MFAVDVD   -6.9287   -7.4841   -0.5554    0.1978
 8292 MMAVDVD   -7.0261   -9.1747   -2.1486    0.1978
 8293 AVMVEMD   -6.2951   -8.7609   -2.4657    0.1978
 8294 AVMIEMD   -5.3295   -6.4209   -1.0914    0.1978
 8295 AVMIEMD   -5.3295   -6.4209   -1.0914    0.1978
 8296 AMMIEVD   -4.2637   -5.3551   -1.0914    0.1978
 8297 MAMVEVD   -6.2590   -8.7247   -2.4657    0.1978
 8298 MMVVDAE   -7.4116   -9.8773   -2.4657    0.1978
 8299 MMVVEAD   -8.4012  -10.8670   -2.4657    0.1978
 8300 MLVVEAD   -8.5315  -11.4181   -2.8866    0.1978
 8301 MLVVEAD   -8.5315  -11.4181   -2.8866    0.1978
 8302 MIMVEAD   -7.9082   -8.9997   -1.0914    0.1978
 8303 MIMVEAD   -7.9082   -8.9997   -1.0914    0.1978
 8304 MVMVEAD   -6.7478   -9.2135   -2.4657    0.1978
 8305 VVMVEAE   -7.3600  -10.1483   -2.7883    0.1978
 8306 MVVVEAD   -9.3380  -11.8092   -2.4711    0.1978
 8307 MVLVEAD   -9.4759  -12.3625   -2.8866    0.1978
 8308 MMKVEAL   -9.2613  -11.5381   -2.2769    0.1978
 8309 LMKVLAE   -3.6665   -8.4756   -4.8091    0.1978
 8310 LMVELAK   -1.1451   -5.9542   -4.8091    0.1978
 8311 KLVEMAL   -4.7765   -9.5857   -4.8091    0.1978
 8312 KLVEMAL   -4.7765   -9.5857   -4.8091    0.1978
 8313 KLVEMAV   -7.4240   -9.8177   -2.3937    0.1978
 8314 KLVMMAE   -6.6555   -9.1552   -2.4997    0.1978
 8315 KMVLMEA   -8.3480  -10.7363   -2.3883    0.1978
 8316 KLVMMEA   -7.8056  -10.1939   -2.3883    0.1978
 8317 KLVMMEG   -7.6295  -10.0303   -2.4009    0.1978
 8318 KLMEMGM   -5.4841   -7.6566   -2.1726    0.1978
 8319 KLMEMGM   -5.4841   -7.6566   -2.1726    0.1978
 8320 KLVGFEM   -6.8223   -8.2071   -1.3849    0.1978
 8321 LVKGFEV   -6.3593   -7.6696   -1.3103    0.1978
 8322 LVKGFEV   -6.3593   -7.6696   -1.3103    0.1978
 8323 LVKGIEV   -7.0777   -8.6923   -1.6146    0.1978
 8324 LVKGVEM   -6.4772   -8.6606   -2.1834    0.1978
 8325 KVLGVEM   -7.7014   -9.8848   -2.1834    0.1978
 8326 KVLGVDM   -8.3006  -10.1669   -1.8663    0.1978
 8327 KVWGVEM   -8.9618   -8.9501    0.0117    0.1978
 8328 KVWGVEM   -8.9618   -8.9501    0.0117    0.1978
 8329 KLVGVEM   -7.3030   -9.4864   -2.1834    0.1978
 8330 KLVGVFE   -8.9725  -10.3942   -1.4217    0.1978
 8331 KLVGVVD   -8.6835  -10.6666   -1.9831    0.1978
 8332 KLVGVDL   -7.8986  -10.4258   -2.5271    0.1978
 8333 KVVGLDL   -7.4455   -9.9726   -2.5271    0.1978
 8334 KVLGVEL   -7.5560  -10.4002   -2.8443    0.1978
 8335 KVLGVEI   -9.0404  -10.6549   -1.6146    0.1978
 8336 KAVGLEY   -0.8733   -7.1590   -6.2857    0.1978
 8337 KAWGLDI   -2.9870   -5.7807   -2.7937    0.1978
 8338 KAWGLDI   -2.9870   -5.7807   -2.7937    0.1978
 8339 KDWGLAI   -2.4972   -5.5138   -3.0166    0.1978
 8340 KDWGLAI   -2.4972   -5.5138   -3.0166    0.1978
 8341 KIVGLAD   -5.9565   -9.8414   -3.8849    0.1978
 8342 KILGVVD   -5.5532   -6.9620   -1.4089    0.1978
 8343 EIIGVVD   -6.4506   -7.4398   -0.9891    0.1978
 8344 EIIGVVD   -6.4506   -7.4398   -0.9891    0.1978
 8345 KVIGIVD  -11.5180  -11.6971   -0.1791    0.1978
 8346 KVIGIVD  -11.5180  -11.6971   -0.1791    0.1978
 8347 KVIGIVD  -11.5180  -11.6971   -0.1791    0.1978
 8348 KVIGIVD  -11.6546  -11.8337   -0.1791    0.1978
 8349 KMIGIVD  -11.7875  -12.0412   -0.2537    0.1978
 8350 KMIGIVD  -11.7875  -12.0412   -0.2537    0.1978
 8351 KIIGMVD  -11.5371  -11.7908   -0.2537    0.1978
 8352 KIIGMVD  -11.5371  -11.7908   -0.2537    0.1978
 8353 KIMGIVD  -11.3767  -11.6304   -0.2537    0.1978
 8354 KIMGDVI   -6.9198   -7.1735   -0.2537    0.1978
 8355 KIMGDVV   -9.2228   -9.4108   -0.1880    0.1978
 8356 KMIGEVV  -10.5111  -11.0162   -0.5051    0.1978
 8357 KMIGEVV  -10.5111  -11.0162   -0.5051    0.1978
 8358 KIVGEVV   -9.9264  -10.4370   -0.5106    0.1978
 8359 KIVGEVV   -9.9264  -10.4370   -0.5106    0.1978
 8360 KIMGEVV  -10.2427  -10.7479   -0.5051    0.1978
 8361 KIMGEVV  -10.2427  -10.7479   -0.5051    0.1978
 8362 KIIGEVV  -10.1836  -10.6799   -0.4963    0.1978
 8363 KFIGEVV   -9.2668   -9.4588   -0.1920    0.1978
 8364 KFIGEVV   -9.2668   -9.4588   -0.1920    0.1978
 8365 KFIGEVV   -9.2668   -9.4588   -0.1920    0.1978
 8366 KFIGEVV   -9.2668   -9.4588   -0.1920    0.1978
 8367 KWIGEVV   -9.7069  -11.5578   -1.8509    0.1978
 8368 KVIGEVV  -10.0151  -10.5257   -0.5106    0.1978
 8369 KVVGVEV   -8.7817  -10.5552   -1.7734    0.1978
 8370 KVIGVEV   -9.6922  -10.0913   -0.3991    0.1978
 8371 KVIGVDL   -6.6912   -7.9887   -1.2974    0.1978
 8372 IVKGVDG   -5.1501   -8.5206   -3.3706    0.1978
 8373 IVKGVDL   -7.6031   -8.9005   -1.2974    0.1978
 8374 MVGKFDM   -7.3979   -7.2448    0.1531    0.1978
 8375 MVGKFDW   -6.3295   -7.5221   -1.1926    0.1978
 8376 MVGKFEW   -6.8676   -8.3773   -1.5097    0.1978
 8377 MVGKFDW   -6.7489   -7.9415   -1.1926    0.1978
 8378 MVKGFDW   -9.9513  -11.1439   -1.1926    0.1978
 8379 MVKGFDW   -9.9513  -11.1439   -1.1926    0.1978
 8380 GVKGFDW   -8.6473   -9.2225   -0.5751    0.1978
 8381 GVKGFDW   -8.6473   -9.2225   -0.5751    0.1978
 8382 AVKGIDF   -9.0956  -10.8551   -1.7594    0.1978
 8383 ADKGFVF   -2.5605   -4.3185   -1.7580    0.1978
 8384 AKDGFVF   -6.2030   -7.9610   -1.7580    0.1978
 8385 AKDGFVI   -5.7171   -7.6993   -1.9823    0.1978
 8386 AKDGFFV   -4.6235   -6.3815   -1.7580    0.1978
 8387 AKFGFVD   -6.7793   -8.3144   -1.5351    0.1978
 8388 DKFGFIA   -6.2047   -6.5884   -0.3837    0.1978
 8389 DKFGFIA   -6.2047   -6.5884   -0.3837    0.1978
 8390 DKFGFIA   -6.2047   -6.5884   -0.3837    0.1978
 8391 DKFGFIA   -5.9136   -6.2973   -0.3837    0.1978
 8392 AKFGFID   -7.4138   -7.5747   -0.1609    0.1978
 8393 AKMGFID   -7.7584   -9.5124   -1.7540    0.1978
 8394 AKGMFID   -6.5694   -8.4349   -1.8654    0.1978
 8395 AKGMFID   -6.5694   -8.4349   -1.8654    0.1978
 8396 AKMGFIE   -7.9354  -10.0065   -2.0711    0.1978
 8397 AKMGFIE   -7.9354  -10.0065   -2.0711    0.1978
 8398 AKFGFIE   -7.1519   -7.6299   -0.4780    0.1978
 8399 AKIGFIE   -6.9098   -7.6121   -0.7023    0.1978
 8400 AKVGFIE   -7.6580   -9.7346   -2.0766    0.1978
 8401 AKVGFIE   -7.6580   -9.7346   -2.0766    0.1978
 8402 GKVGFID   -7.1671   -8.9391   -1.7720    0.1978
 8403 GKFGFID   -7.7781   -7.9516   -0.1734    0.1978
 8404 GKFGFIE   -7.6511   -8.1416   -0.4906    0.1978
 8405 GKFGFIE   -7.6511   -8.1416   -0.4906    0.1978
 8406 GKVGFIE   -7.0370   -9.1261   -2.0891    0.1978
 8407 GKVGFIE   -7.0370   -9.1261   -2.0891    0.1978
 8408 GKVGFIE   -7.0370   -9.1261   -2.0891    0.1978
 8409 GKVGFVE   -6.6061  -10.0695   -3.4634    0.1978
 8410 GKFGFVE   -6.8455   -8.7103   -1.8649    0.1978
 8411 GKFGFVE   -6.8455   -8.7103   -1.8649    0.1978
 8412 GKMGFVE   -6.2805   -9.7385   -3.4580    0.1978
 8413 GMKGFVE   -7.4305  -10.8885   -3.4580    0.1978
 8414 GLKGFVE   -7.5745  -11.4534   -3.8789    0.1978
 8415 GLVGFEE   -6.7203  -11.5206   -4.8003    0.1978
 8416 GLVGFKE   -6.7598  -10.7501   -3.9903    0.1978
 8417 GLWGFDD   -4.8113   -6.5176   -1.7063    0.1978
 8418 GLWGFDD   -6.6868   -8.3931   -1.7063    0.1978
 8419 GLWGFEE   -6.9987   -9.3393   -2.3406    0.1978
 8420 GLIGFEE   -7.5836  -11.0096   -3.4260    0.1978
 8421 GLIGFEE   -7.5836  -11.0096   -3.4260    0.1978
 8422 GLIGFEE   -7.5836  -11.0096   -3.4260    0.1978
 8423 GLIGFEE   -7.9487  -11.3747   -3.4260    0.1978
 8424 GLIGFEE   -7.9487  -11.3747   -3.4260    0.1978
 8425 GLIGFEE   -7.9487  -11.3747   -3.4260    0.1978
 8426 GLIGFED   -8.2620  -11.3708   -3.1089    0.1978
 8427 GLIGFED   -6.5905   -9.6994   -3.1089    0.2266
 8428 GLIGFED   -6.5905   -9.6994   -3.1089    0.2266
 8429 GLIGFED   -6.5905   -9.6994   -3.1089    0.2266
 8430 GLIGFEE   -5.9077   -9.3337   -3.4260    0.2266
 8431 GLIGFEE   -5.9077   -9.3337   -3.4260    0.2266
 8432 GFIGFED   -5.4759   -6.5707   -1.0949    0.2266
 8433 GFIGEME   -4.5384   -7.4322   -2.8937    0.2266
 8434 GMIGDFD   -6.0833   -8.3427   -2.2594    0.2266
 8435 GWIGDFD   -5.8953   -5.9805   -0.0851    0.2266
 8436 GWIGFED   -5.7468   -6.2605   -0.5137    0.2266
 8437 GWIGEFD   -7.4289   -7.8311   -0.4023    0.2266
 8438 GWIGEFD   -7.4289   -7.8311   -0.4023    0.2266
 8439 GWIGEFD   -7.4289   -7.8311   -0.4023    0.2266
 8440 GWIGEFD   -7.4289   -7.8311   -0.4023    0.2266
 8441 GWIGEFE   -7.1446   -7.8640   -0.7194    0.2266
 8442 GWIGEFK   -7.1793   -7.0888    0.0906    0.2266
 8443 GWIGEFK   -7.1793   -7.0888    0.0906    0.2266
 8444 GWIGEFK   -7.1793   -7.0888    0.0906    0.2266
 8445 GWIGEFK   -7.1793   -7.0888    0.0906    0.2266
 8446 GWIGEFK   -7.1793   -7.0888    0.0906    0.2266
 8447 GWIGFEK   -5.3537   -5.3746   -0.0209    0.2266
 8448 GYIGFEK   -1.5131   -4.5346   -3.0214    0.2266
 8449 GYIGVEK   -2.6554   -7.2754   -4.6200    0.2266
 8450 GRIGVEY   -1.8720   -9.6332   -7.7611    0.2266
 8451 GRIGVDY   -2.4759   -9.9199   -7.4440    0.2266
 8452 GRIGVDW   -5.4448   -9.6082   -4.1634    0.2266
 8453 GGDEVLW   -0.2632   -4.1080   -3.8449    0.2266
 8454 GGDDFIW    0.5016    0.0821   -0.4194    0.2266
 8455 GFFDDIF    1.4512   -2.0708   -3.5220    0.2266
 8456 GGFEIID   -1.9805   -3.2996   -1.3191    0.2266
 8457 GGFDIIE   -1.4294   -2.7486   -1.3191    0.2266
 8458 GGFDVDI   -2.3026   -4.5674   -2.2649    0.2266
 8459 GGFDVDM   -1.2587   -4.8924   -3.6337    0.2266
 8460 GGFDVDW   -3.7352   -4.9147   -1.1794    0.2266
 8461 GFMDVDW   -2.0154   -3.7008   -1.6854    0.2266
 8462 GFMEVDW   -2.2068   -4.2094   -2.0026    0.2266
 8463 GFVEVDM   -4.3753   -5.0376   -0.6623    0.2266
 8464 GFMEVDM   -6.9572   -7.6141   -0.6569    0.2266
 8465 GFMEVDV   -7.0234   -7.6857   -0.6623    0.2266
 8466 GFMDVDV   -6.3502   -6.6953   -0.3451    0.2266
 8467 GFMDVDV   -6.3502   -6.6953   -0.3451    0.2266
 8468 GFDMVDV   -5.9171   -6.2622   -0.3451    0.2266
 8469 GLDMVDV   -5.3199   -7.6790   -2.3591    0.2266
 8470 GVDMDVV   -3.4775   -5.4212   -1.9437    0.2266
 8471 GMKVVMD   -5.7086   -7.2655   -1.5569    0.2266
 8472 GMKMVID   -6.9862   -7.1688   -0.1826    0.2266
 8473 GIKMVID   -6.9511   -7.2048   -0.2537    0.2266
 8474 GIKIVME   -6.6448   -7.2157   -0.5709    0.2266
 8475 GIKIVEM   -6.2022   -6.6616   -0.4594    0.2266
 8476 GIKIVDM   -7.3990   -7.5413   -0.1423    0.2266
 8477 GIKIVDM   -7.3990   -7.5413   -0.1423    0.2266
 8478 GVKIVDM   -7.7246   -7.8012   -0.0766    0.2266
 8479 GVKIVDM   -7.7246   -7.8012   -0.0766    0.2266
 8480 GVKIEVM   -7.4772   -7.8709   -0.3937    0.2266
 8481 GKVIVEM   -8.3996   -8.9047   -0.5051    0.2266
 8482 GKVVIEM   -8.4130   -8.9181   -0.5051    0.2266
 8483 GKEVIVM   -6.9749   -7.7029   -0.7280    0.2266
 8484 GKDVIVM   -7.1625   -7.5734   -0.4109    0.2266
 8485 MKDGVVI   -6.0874   -6.3868   -0.2994    0.2266
 8486 MKIGVVE  -10.5396  -10.9333   -0.3937    0.2266
 8487 MKIGVVE  -10.5396  -10.9333   -0.3937    0.2266
 8488 MKIGVVE  -10.5396  -10.9333   -0.3937    0.2266
 8489 MKIGDVV   -9.7109   -9.7875   -0.0766    0.2266
 8490 MKIGDVV   -9.7109   -9.7875   -0.0766    0.2266
 8491 MKIGVVD  -10.2934  -10.3699   -0.0766    0.2266
 8492 MKIGVVD  -11.2789  -11.3554   -0.0766    0.2266
 8493 MKIGDVV  -10.7004  -10.7770   -0.0766    0.2266
 8494 FKIGDVV   -9.9178   -9.6812    0.2366    0.2266
 8495 MIKGDVV   -9.5580   -9.7460   -0.1880    0.2266
 8496 MIKGDVV   -9.5580   -9.7460   -0.1880    0.2266
 8497 MVKGDVV   -9.0498  -10.6121   -1.5623    0.2266
 8498 MVKGMVD   -9.6799  -11.2368   -1.5569    0.2266
 8499 MMKGVVD   -9.5570  -11.1138   -1.5569    0.2266
 8500 MAKGVVD   -5.1217   -9.9600   -4.8383    0.2266
 8501 AMKGVVE   -6.1799  -11.3353   -5.1554    0.2266
 8502 AFKGEVV   -6.5742  -10.1365   -3.5623    0.2266
 8503 AFKGEVV   -6.5742  -10.1365   -3.5623    0.2266
 8504 AFKGEIV   -6.5957   -8.7837   -2.1880    0.2266
 8505 ALKGEIF   -7.9165  -10.5200   -2.6034    0.2266
 8506 ALKGEIF   -7.9165  -10.5200   -2.6034    0.2266
 8507 GLKGEIF   -8.1044  -10.6089   -2.5046    0.2266
 8508 GLKGEIF   -8.1044  -10.6089   -2.5046    0.2266
 8509 GLKGEIV   -7.1820  -11.2851   -4.1031    0.2266
 8510 GLKGEVV   -6.4705  -11.9479   -5.4774    0.2266
 8511 GLKGELV   -5.7490  -11.6418   -5.8929    0.2266
 8512 GLKGELV   -5.7490  -11.6418   -5.8929    0.2266
 8513 GLKGELW   -7.3699  -10.8030   -3.4331    0.2266
 8514 GFKGELW   -6.4088   -7.8280   -1.4191    0.2266
 8515 GVKGELW   -6.6450   -9.6627   -3.0177    0.2266
 8516 GVKGLEW   -8.1964  -11.1027   -2.9063    0.2266
 8517 GIKGVEW   -9.4660  -10.5825   -1.1166    0.2266
 8518 GIKGVEW   -9.4660  -10.5825   -1.1166    0.2266
 8519 GLKGIEW   -9.6670  -11.1990   -1.5320    0.2266
 8520 GMKGIEM   -7.1564  -10.7218   -3.5654    0.2266
 8521 GMKGIEM   -7.1564  -10.7218   -3.5654    0.2266
 8522 GMKGIEM   -7.1564  -10.7218   -3.5654    0.2266
 8523 GMKGIEF   -8.5103  -10.4826   -1.9723    0.2266
 8524 GIKGMEF   -8.1621  -10.1344   -1.9723    0.2266
 8525 GIKGMEF   -8.1621  -10.1344   -1.9723    0.2266
 8526 GIKGMEF   -8.1621  -10.1344   -1.9723    0.2266
 8527 GIKGMEW   -8.9546  -10.0658   -1.1111    0.2266
 8528 GIKGMEW   -8.9546  -10.0658   -1.1111    0.2266
 8529 GIKGMEW   -8.9546  -10.0658   -1.1111    0.2266
 8530 GIKGMEW   -8.9546  -10.0658   -1.1111    0.2266
 8531 GIKGFEW   -8.8304   -8.6284    0.2020    0.2266
 8532 GIKGFDW   -8.6844   -8.1652    0.5191    0.2266
 8533 GFKGIDW   -9.2264   -8.7073    0.5191    0.2266
 8534 GFKGIDW   -9.2264   -8.7073    0.5191    0.2266
 8535 GFKGIDW   -9.2264   -8.7073    0.5191    0.2266
 8536 GFKGIDW   -9.2264   -8.7073    0.5191    0.2266
 8537 GFKGIDW   -9.2264   -8.7073    0.5191    0.2266
 8538 GIKGFDW   -9.0536   -8.5345    0.5191    0.2266
 8539 GIKGYID   -5.6277   -8.4448   -2.8171    0.2266
 8540 GIKGYID   -5.6277   -8.4448   -2.8171    0.2266
 8541 GIKGIID   -8.0285   -8.6505   -0.6220    0.2266
 8542 GIKGIID   -8.0285   -8.6505   -0.6220    0.2266
 8543 GIKGFID  -10.0452  -10.4430   -0.3977    0.2266
 8544 GLKGFID   -9.1421  -11.3296   -2.1874    0.2266
 8545 ILKGFGD   -9.5400  -11.7275   -2.1874    0.2266
 8546 GLKGFID   -9.2583  -11.4458   -2.1874    0.2266
 8547 GLKGFDI   -9.5666  -11.6426   -2.0760    0.2266
 8548 GLKGFID   -9.2868  -11.4742   -2.1874    0.2266
 8549 GLKGFID   -9.2868  -11.4742   -2.1874    0.2266
 8550 GLKGFID   -9.2899  -11.4773   -2.1874    0.2266
 8551 GLKGEIF   -6.5550   -9.0596   -2.5046    0.2266
 8552 GFKGEIF   -6.7827   -7.2733   -0.4906    0.2266
 8553 GFFGEIE   -6.4864   -7.7869   -1.3006    0.2266
 8554 GFFGIEE   -5.3694   -6.7814   -1.4120    0.2266
 8555 GFFGVED   -6.3932   -8.8623   -2.4691    0.2266
 8556 GFFGFED   -4.2267   -5.0972   -0.8706    0.2266
 8557 GFFGLED   -3.2550   -6.1396   -2.8846    0.2266
 8558 GEFGKFL   -1.4429   -3.7232   -2.2803    0.2266
 8559 GEFGKMF   -2.8847   -4.7441   -1.8594    0.2266
 8560 GEFGKMF   -2.8847   -4.7441   -1.8594    0.2266
 8561 GEMGKMF   -1.0182   -4.4708   -3.4526    0.2266
 8562 GEFGKFF   -1.2914   -1.5576   -0.2663    0.2266
 8563 GEVGKVF   -5.0683   -8.5317   -3.4634    0.2266
 8564 GFVGKDV   -4.1239   -7.3816   -3.2577    0.2266
 8565 GVMGKDW   -2.9379   -5.3290   -2.3911    0.2266
 8566 GMVGKEW   -3.5563   -6.2646   -2.7083    0.2266
 8567 GFVGKDW   -5.8253   -6.6233   -0.7980    0.2266
 8568 GFVGDKF   -4.2771   -5.9362   -1.6591    0.2266
 8569 AFVGDKF   -4.6199   -6.3779   -1.7580    0.2266
 8570 AKVGDFW   -8.0511   -8.7251   -0.6740    0.2266
 8571 AKVGDFW   -8.0511   -8.7251   -0.6740    0.2266
 8572 AKIGDFW   -8.0760   -9.3357   -1.2597    0.2266
 8573 AKIGDFW   -8.2344   -9.4941   -1.2597    0.2266
 8574 AKIGDFW   -8.2344   -9.4941   -1.2597    0.2266
 8575 AKIGDFW   -8.2344   -9.4941   -1.2597    0.2266
 8576 AKIGDFW   -8.2344   -9.4941   -1.2597    0.2266
 8577 AKIGDFW   -8.2344   -9.4941   -1.2597    0.2266
 8578 AKIGDFM   -8.9464  -10.7004   -1.7540    0.2266
 8579 AKIGDFM   -8.9464  -10.7004   -1.7540    0.2266
 8580 AKIGDFM   -8.9464  -10.7004   -1.7540    0.2266
 8581 FKIGDAM   -8.1335   -9.8875   -1.7540    0.2266
 8582 MKIGDAF   -7.8276   -9.5816   -1.7540    0.2266
 8583 MKIGDAW  -10.7804  -11.6733   -0.8929    0.2266
 8584 MKIGDAW  -10.7804  -11.6733   -0.8929    0.2266
 8585 MKIGADW   -9.0230   -9.8045   -0.7814    0.2266
 8586 MWIGADK   -5.8199   -6.9356   -1.1157    0.2266
 8587 KWLGADM   -0.5083   -3.1908   -2.6826    0.2266
 8588 KWLGAMD   -1.2302   -4.0242   -2.7940    0.2266
 8589 KVLGLDM   -1.6153   -4.2170   -2.6017    0.2266
 8590 KMLGLDV   -2.6879   -5.2896   -2.6017    0.2266
 8591 KILGIEV    0.4205   -3.0198   -3.4403    0.2266
 8592 KILGYEV   -1.5257   -3.1612   -1.6354    0.2266
 8593 VIIGYEK   -5.3484   -5.4170   -0.0686    0.2266
 8594 VIIGYED   -6.5587   -7.1201   -0.5614    0.2266
 8595 VIIGDEY   -5.3282   -5.8897   -0.5614    0.2266
 8596 VIIGEDF   -4.5111   -7.1331   -2.6220    0.2266
 8597 IGIGEKF   -1.4820   -2.1969   -0.7149    0.2266
 8598 VIGGEEI   -4.2677   -7.6140   -3.3463    0.2266
 8599 IIGIDEG   -4.9486   -6.4920   -1.5434    0.2266
 8600 VIGLIED   -6.8955  -11.0515   -4.1560    0.2266
 8601 IVGLYDD   -6.5805   -8.6145   -2.0340    0.2266
 8602 VIGLYDD   -6.6746   -8.7086   -2.0340    0.2266
 8603 VIGLDDM   -5.4314   -7.4077   -1.9763    0.2266
 8604 MIGLEVD   -7.8087   -9.9907   -2.1820    0.2266
 8605 MIGVEVK   -8.1886   -8.5823   -0.3937    0.2266
 8606 MVGIEVK   -9.1719   -9.5657   -0.3937    0.2266
 8607 MVGKEVI   -9.1805   -9.7971   -0.6166    0.2266
 8608 FVGEIVE   -6.4455   -7.4475   -1.0020    0.2266
 8609 FIAVVED   -5.8402   -8.5268   -2.6866    0.2266
 8610 YVAIVED   -5.0345   -7.1805   -2.1460    0.2266
 8611 VVAIGKD   -4.6983   -8.3906   -3.6923    0.2266
 8612 VVAIKDG   -3.6032   -7.2955   -3.6923    0.2266
 8613 VVAKIEW   -4.3845   -7.9028   -3.5183    0.2266
 8614 VAKAIEL   -3.7102   -7.8996   -4.1894    0.2266
 8615 VAKAIEM   -3.7786   -7.5472   -3.7686    0.2266
 8616 VAKAFEI   -5.2684   -7.4438   -2.1754    0.2266
 8617 VIKAFEA   -4.7926   -6.9680   -2.1754    0.2266
 8618 VIDAFAE   -2.0415   -4.8212   -2.7797    0.2266
 8619 VIDAFAD   -2.4756   -4.9382   -2.4626    0.2266
 8620 AIDAFVD   -3.0009   -5.4635   -2.4626    0.2266
 8621 DIAKFVA   -2.0013   -3.9710   -1.9697    0.2266
 8622 DAAFKVI   -1.4913   -3.4610   -1.9697    0.2266
 8623 AAVFKDI   -3.4074   -5.4885   -2.0811    0.2266
 8624 AAVKFDI   -3.2904   -5.1487   -1.8583    0.2266
 8625 AAVKFDW   -3.3436   -4.5565   -1.2129    0.2266
 8626 AKAVFDW   -2.1774   -3.3903   -1.2129    0.2266
 8627 GKAVFDW   -2.1620   -2.9475   -0.7854    0.2266
 8628 DKAVWGF   -2.7819   -3.6788   -0.8969    0.2266
 8629 DKAVWGF   -4.8412   -5.7381   -0.8969    0.2420
 8630 VKAGWEM   -3.5738   -6.0467   -2.4729    0.2420
 8631 MKAGWEV   -3.6524   -6.1252   -2.4729    0.2420
 8632 VEVVWEG   -8.4673   -9.3024   -0.8351    0.2420
 8633 VDVVWDG   -7.3584   -7.5592   -0.2009    0.2420
 8634 VDVVWEG   -7.0318   -7.5498   -0.5180    0.2420
 8635 VDVVWDG   -7.3462   -7.5471   -0.2009    0.2420
 8636 VDVVWDG   -7.3462   -7.5471   -0.2009    0.2420
 8637 VWVVDDG   -8.2202   -8.6439   -0.4237    0.2420
 8638 VWVVDDG   -8.2202   -8.6439   -0.4237    0.2420
 8639 DMVVDIG   -7.0274   -7.7083   -0.6809    0.2420
 8640 KMVVDIG   -8.9735   -9.1615   -0.1880    0.2420
 8641 KIVVDMG   -9.8287  -10.0167   -0.1880    0.2420
 8642 KVIIMDG   -9.9198  -10.2849   -0.3651    0.2420
 8643 KVIIMDG   -9.9198  -10.2849   -0.3651    0.2420
 8644 KVIIMEG   -9.2064   -9.8887   -0.6823    0.2420
 8645 KAMVLEG    0.3023   -5.3799   -5.6823    0.2420
 8646 KAMILDG   -1.7226   -5.7135   -3.9909    0.2420
 8647 DALIKGM   -3.0776   -6.9571   -3.8794    0.2420
 8648 GALIKEM   -3.8929   -8.2009   -4.3080    0.2420
 8649 GALIMDE   -5.7528  -10.6651   -4.9123    0.2420
 8650 GALIWDE   -5.6471   -9.5851   -3.9380    0.2420
 8651 GALIWDE   -5.6471   -9.5851   -3.9380    0.2420
 8652 GALIWDD   -5.9667   -9.5876   -3.6209    0.2420
 8653 GAMIWDK   -5.1449   -6.3721   -1.2271    0.2420
 8654 GWKIAEM   -7.2009   -8.4109   -1.2100    0.2420
 8655 GWKIAEM   -7.2009   -8.4109   -1.2100    0.2420
 8656 GWKIMEA   -7.3958   -8.6058   -1.2100    0.2420
 8657 GWKIMEA   -7.3958   -8.6058   -1.2100    0.2420
 8658 GWKIAEM   -7.2007   -8.4107   -1.2100    0.2420
 8659 GWMIAEK   -6.9397   -8.4839   -1.5443    0.2420
 8660 EWMIAGK   -7.6636   -9.0964   -1.4329    0.2420
 8661 EWKIAGM   -4.9576   -6.1676   -1.2100    0.2420
 8662 MWKEAGI   -3.8052   -5.1267   -1.3214    0.2420
 8663 MWKIAGE   -3.9966   -5.3181   -1.3214    0.2420
 8664 MWKIAGE   -3.9966   -5.3181   -1.3214    0.2420
 8665 MWKIAGE   -3.9966   -5.3181   -1.3214    0.2420
 8666 MFEIAGK   -3.5482   -5.7308   -2.1826    0.2420
 8667 EFMIAGK   -4.4030   -6.6970   -2.2940    0.2420
 8668 EVMIFGK   -6.4793   -6.8573   -0.3780    0.2420
 8669 EIMVFGK   -7.5110   -7.8890   -0.3780    0.2420
 8670 EIMVFGK   -7.5110   -7.8890   -0.3780    0.2420
 8671 EIMVFGK   -7.5110   -7.8890   -0.3780    0.2420
 8672 EVKVFGM   -7.5800   -7.7494   -0.1694    0.2420
 8673 EVKVFGL   -7.3137   -8.6240   -1.3103    0.2420
 8674 KVDVFGL   -4.5737   -5.5668   -0.9931    0.2420
 8675 VVDKMGL   -7.1478   -9.1255   -1.9777    0.2420
 8676 VVDKMGL   -7.1478   -9.1255   -1.9777    0.2420
 8677 GVDKMLV   -5.9151   -8.0043   -2.0891    0.2420
 8678 GVEKMLV   -3.9875   -6.3938   -2.4063    0.2420
 8679 EVGLFKV   -2.4788   -3.7891   -1.3103    0.2420
 8680 KVGLFDV   -6.8282   -7.8213   -0.9931    0.2420
 8681 KFGMVDV   -8.0433   -7.8956    0.1477    0.2420
 8682 KFGMVEV   -7.9528   -8.1222   -0.1694    0.2420
 8683 KFGMVEV   -7.9528   -8.1222   -0.1694    0.2420
 8684 KFGMVDV   -7.8527   -7.7050    0.1477    0.2420
 8685 KFGMVEV   -8.0220   -8.1915   -0.1694    0.2420
 8686 KWGMVDV   -7.8966   -7.5678    0.3289    0.2420
 8687 KWGMVDV   -7.8966   -7.5678    0.3289    0.2420
 8688 MWGKVDV   -7.3625   -7.0337    0.3289    0.2420
 8689 MWGKVDV   -7.3625   -7.0337    0.3289    0.2420
 8690 DWGMVVD   -6.5362   -6.8117   -0.2754    0.2420
 8691 DWGMVVD   -6.5362   -6.8117   -0.2754    0.2420
 8692 DIGMVVK   -7.2647   -7.4527   -0.1880    0.2420
 8693 KIGMVVD   -7.3642   -7.5522   -0.1880    0.2420
 8694 KIGMVVD   -7.3642   -7.5522   -0.1880    0.2420
 8695 KIGMVVD   -7.3642   -7.5522   -0.1880    0.2420
 8696 KIGMVMD   -7.3828   -7.5654   -0.1826    0.2420
 8697 KIMGMVD   -7.9947   -8.1773   -0.1826    0.2420
 8698 KIIGMVD   -7.5165   -7.7702   -0.2537    0.2420
 8699 KWMGDVM   -5.5842   -5.4414    0.1429    0.2420
 8700 KWMGDVM   -5.5842   -5.4414    0.1429    0.2420
 8701 KWMGDVY   -6.8488   -6.7723    0.0766    0.2420
 8702 KWVGDVM   -6.9537   -6.7363    0.2174    0.2420
 8703 KWMGDVM   -6.5944   -6.4516    0.1429    0.2420
 8704 KFMGDVM   -6.3696   -6.3278    0.0417    0.2420
 8705 KFVGDVF   -5.9640   -5.5345    0.4294    0.2420
 8706 KVMGDVF   -5.1378   -5.1015    0.0363    0.2420
 8707 KMVGDVF   -6.2332   -6.1969    0.0363    0.2420
 8708 KFMGMVD   -8.7172   -8.6755    0.0417    0.2420
 8709 KFIGMVD   -8.5284   -8.4779    0.0506    0.2420
 8710 KFIGVVD  -10.2322  -10.1071    0.1251    0.2420
 8711 KMFGVVD   -9.5496   -9.5133    0.0363    0.2420
 8712 KVLGVMD   -4.9790   -6.9567   -1.9777    0.2420
 8713 KVLGVMD   -4.9790   -6.9567   -1.9777    0.2420
 8714 KVMGMMD   -7.0707   -8.6222   -1.5514    0.2420
 8715 KVMGVME   -7.2600   -9.1340   -1.8740    0.2420
 8716 MMVGVKE   -6.7370   -8.7225   -1.9854    0.2420
 8717 MMVGVEK   -5.8952   -7.8806   -1.9854    0.2420
 8718 MMKGVEV   -8.9109  -10.6734   -1.7626    0.2420
 8719 MKMGVEV   -8.1851   -9.8363   -1.6511    0.2420
 8720 MKMGVEV   -8.1853   -9.8364   -1.6511    0.2420
 8721 MKMGVEI   -8.8253   -9.1021   -0.2769    0.2420
 8722 MKMGVEI   -8.8253   -9.1021   -0.2769    0.2420
 8723 MKMGVEI   -8.8253   -9.1021   -0.2769    0.2420
 8724 KDMGVMI   -6.1137   -6.4077   -0.2940    0.2420
 8725 KVMGDMI   -7.3468   -7.5293   -0.1826    0.2420
 8726 MMKGDVI   -7.7675   -7.9500   -0.1826    0.2420
 8727 MIKGDVV   -9.3093   -9.4973   -0.1880    0.2420
 8728 MIKGVDF   -8.3012   -8.1391    0.1620    0.2420
 8729 MIKGVEV  -10.4621  -10.8558   -0.3937    0.2420
 8730 MVKGIEV  -10.4780  -10.8717   -0.3937    0.2420
 8731 MVKGFEI   -8.7227   -8.8778   -0.1551    0.2420
 8732 FVKGMEI   -7.0400   -7.1951   -0.1551    0.2420
 8733 FVKGMEI   -7.0400   -7.1951   -0.1551    0.2420
 8734 FVKGVEI   -7.1979   -7.2784   -0.0806    0.2420
 8735 FVKGVDF   -7.0455   -6.5046    0.5409    0.2420
 8736 FVKGVDF   -7.0455   -6.5046    0.5409    0.2420
 8737 FVKGVDW   -6.6620   -7.7800   -1.1180    0.2420
 8738 FVKGVDA   -5.3870   -8.5207   -3.1337    0.2420
 8739 YVKGVEA   -3.4221   -9.2924   -5.8703    0.2420
 8740 YVKGVEL   -5.6341   -8.6438   -3.0097    0.2420
 8741 YVKGIEL   -6.5980   -8.2334   -1.6354    0.2420
 8742 AVKGIEL   -5.5878   -9.6784   -4.0906    0.2420
 8743 IVKGEFI   -4.6104   -6.6281   -2.0177    0.2420
 8744 IVKGEFY   -5.0834   -4.8163    0.2671    0.2420
 8745 IVKGEIM   -5.3597   -5.9306   -0.5709    0.2420
 8746 IVKGIME   -8.0540   -8.6249   -0.5709    0.2420
 8747 IVIGKMD   -7.9451   -8.1988   -0.2537    0.2420
 8748 VIMGKID   -8.4220   -8.6757   -0.2537    0.2420
 8749 VIMGKID   -8.4220   -8.6757   -0.2537    0.2420
 8750 VIMGKIE   -8.5450   -9.1158   -0.5709    0.2420
 8751 IMIGEVE   -3.6413   -5.0221   -1.3809    0.2420
 8752 IMIGEEV   -5.9268   -7.4191   -1.4923    0.2420
 8753 MIVGEKI   -7.7045   -8.3868   -0.6823    0.2420
 8754 MIVGEKI   -7.7045   -8.3868   -0.6823    0.2420
 8755 MKVGEIV   -8.1534   -8.5471   -0.3937    0.2420
 8756 MKVGEIV   -8.1534   -8.5471   -0.3937    0.2420
 8757 MIVGEKV  -10.4998  -11.1164   -0.6166    0.2420
 8758 MIVGEKV  -10.4998  -11.1164   -0.6166    0.2420
 8759 MIMGEKV  -10.1420  -10.7532   -0.6111    0.2420
 8760 MIMGEKV  -10.1420  -10.7532   -0.6111    0.2420
 8761 MIMGEKV  -10.1420  -10.7532   -0.6111    0.2420
 8762 MIIGEKV  -10.1784  -10.8607   -0.6823    0.2420
 8763 MIIGEKV  -10.1784  -10.8607   -0.6823    0.2420
 8764 MIVGEEI   -9.4847  -10.9770   -1.4923    0.2420
 8765 MIVGEEI   -9.5052  -10.9974   -1.4923    0.2420
 8766 MIVGEIE   -8.8191  -10.2000   -1.3809    0.2420
 8767 MIVGEIE   -8.8191  -10.2000   -1.3809    0.2420
 8768 MIVGEIE   -8.8191  -10.2000   -1.3809    0.2420
 8769 MVIGIEE   -7.0979   -8.5902   -1.4923    0.2420
 8770 MVIGEIE   -7.6353   -9.0162   -1.3809    0.2420
 8771 MVIGEID   -7.9186   -8.9823   -1.0637    0.2420
 8772 MVIGIED   -8.7567   -9.9318   -1.1751    0.2420
 8773 MIIGVEK   -8.8456   -9.5279   -0.6823    0.2420
 8774 MIIGVEK   -8.8456   -9.5279   -0.6823    0.2420
 8775 MIIGVEK   -8.8602   -9.5425   -0.6823    0.2420
 8776 MIIGVEK   -8.8602   -9.5425   -0.6823    0.2420
 8777 MIIGVED   -9.1087  -10.2839   -1.1751    0.2420
 8778 MMIGAEE   -5.0587   -9.7559   -4.6971    0.2420
 8779 MIIGEEF   -5.4711   -8.4848   -3.0137    0.2420
 8780 MIIGDEF   -5.3572   -8.0538   -2.6966    0.2420
 8781 GIIGDEI   -6.1570   -7.7004   -1.5434    0.2420
 8782 MMIGDEI   -8.4179   -9.6676   -1.2497    0.2420
 8783 MMIGDEV   -9.4734  -10.5774   -1.1040    0.2420
 8784 MMIGDEV   -9.4734  -10.5774   -1.1040    0.2420
 8785 MMIGDKL   -7.4672   -9.1367   -1.6694    0.2420
 8786 MMIGDKL   -7.4672   -9.1367   -1.6694    0.2420
 8787 MMIGDKF   -7.4773   -7.6127   -0.1354    0.2420
 8788 MMIGDKI   -8.3654   -8.8051   -0.4397    0.2420
 8789 MMVGDIE   -9.1010  -10.0935   -0.9926    0.2420
 8790 MMVGDIE   -9.1010  -10.0935   -0.9926    0.2420
 8791 MMVGDID   -9.9922  -10.6676   -0.6754    0.2420
 8792 MMMGDID   -9.7500  -10.4200   -0.6700    0.2420
 8793 MMMGDID   -9.7500  -10.4200   -0.6700    0.2420
 8794 MMMGDID   -9.7500  -10.4200   -0.6700    0.2420
 8795 MFMGDID   -8.2767   -8.7935   -0.5169    0.2420
 8796 MLMGDID   -8.0893  -10.1402   -2.0509    0.2420
 8797 MMLGEID   -8.8657  -11.2337   -2.3680    0.2420
 8798 MMLGEID   -8.8657  -11.2337   -2.3680    0.2420
 8799 MMLGEID   -8.8657  -11.2337   -2.3680    0.2420
 8800 MMIGEID   -9.7539  -10.8922   -1.1383    0.2420
 8801 MMIGEID   -9.7539  -10.8922   -1.1383    0.2420
 8802 MMIGELD   -9.4297  -11.7977   -2.3680    0.2420
 8803 MMVGELD   -8.8292  -11.6115   -2.7823    0.2420
 8804 MMVGELD   -8.8292  -11.6115   -2.7823    0.2420
 8805 MLVGEID   -9.1960  -11.4894   -2.2934    0.2420
 8806 MLVGEIE   -8.9463  -11.5569   -2.6106    0.2420
 8807 MMMGDVE   -8.7058  -11.0672   -2.3614    0.2420
 8808 MIMGDVE   -9.3609  -10.3535   -0.9926    0.2420
 8809 MIMGDVE   -9.3609  -10.3535   -0.9926    0.2420
 8810 MIMGDVE   -9.3609  -10.3535   -0.9926    0.2420
 8811 MMIGDVE  -10.1346  -11.1272   -0.9926    0.2420
 8812 FMIGDVE   -8.0414   -8.8009   -0.7594    0.2420
 8813 FMIGDVD   -8.9264   -9.3687   -0.4423    0.2420
 8814 FMIGDVD   -8.9264   -9.3687   -0.4423    0.2420
 8815 FMIGEVD   -8.9821   -9.7416   -0.7594    0.2420
 8816 FMIGDVD   -9.1216   -9.5639   -0.4423    0.2420
 8817 FMGIDVD   -7.4933   -7.8242   -0.3309    0.2420
 8818 FMIGDVD   -9.1949   -9.6372   -0.4423    0.2420
 8819 FMIGDVD   -9.1949   -9.6372   -0.4423    0.2420
 8820 FMMGDVD   -9.1814   -9.6326   -0.4511    0.2420
 8821 FMMGDVD   -9.1814   -9.6326   -0.4511    0.2420
 8822 FMMGDDV   -7.2819   -7.8444   -0.5626    0.2420
 8823 FMMGDDV   -7.2819   -7.8444   -0.5626    0.2420
 8824 FMMGDDV   -7.2819   -7.8444   -0.5626    0.2420
 8825 FMMGDDV   -7.2819   -7.8444   -0.5626    0.2420
 8826 MMGFDDV   -6.5269   -6.9780   -0.4511    0.2420
 8827 MMGFDDV   -6.5269   -6.9780   -0.4511    0.2420
 8828 MFGIDEV   -4.4610   -5.2204   -0.7594    0.2420
 8829 MFGIEKV   -5.4177   -5.6843   -0.2666    0.2420
 8830 FKGIEMV   -7.3867   -7.5418   -0.1551    0.2420
 8831 FKGIEMV   -8.0434   -8.1986   -0.1551    0.2298
 8832 FKGIEMV   -8.0434   -8.1986   -0.1551    0.2298
 8833 FKGIEMV   -8.0434   -8.1986   -0.1551    0.2298
 8834 FKMIEGV   -7.7004   -7.8555   -0.1551    0.2298
 8835 FKMIEGV   -7.7004   -7.8555   -0.1551    0.2298
 8836 FKGIEMV   -6.3509   -6.5060   -0.1551    0.2298
 8837 FKGIEMV   -6.3509   -6.5060   -0.1551    0.2298
 8838 FKGIEVV   -8.1969   -8.2775   -0.0806    0.2298
 8839 FKGVEMV   -8.1220   -8.2914   -0.1694    0.2298
 8840 FKGVEVI   -6.7968   -6.8774   -0.0806    0.2298
 8841 FKGVEVF   -7.0360   -6.8123    0.2237    0.2298
 8842 FKGVEVF   -7.0360   -6.8123    0.2237    0.2298
 8843 FKGVFVD   -5.0898   -4.6604    0.4294    0.2298
 8844 FDGVMVD   -5.3691   -5.8257   -0.4566    0.2298
 8845 DFGVMVD   -5.6934   -6.1500   -0.4566    0.2298
 8846 RFGVMVD   -5.1682   -8.4959   -3.3277    0.2298
 8847 RFGVMVD   -5.1682   -8.4959   -3.3277    0.2298
 8848 RMGVFVD   -5.1846   -8.5123   -3.3277    0.2298
 8849 RMAVFVD   -5.8065   -9.3445   -3.5380    0.2298
 8850 MKAVFVD  -11.7985  -11.8610   -0.0626    0.2298
 8851 MKAVFDV  -10.3505  -10.3016    0.0489    0.2298
 8852 MKAVFVD  -11.8311  -11.8937   -0.0626    0.2298
 8853 MKVAFVD  -11.1755  -11.2381   -0.0626    0.2298
 8854 MKVAFVD  -11.1755  -11.2381   -0.0626    0.2298
 8855 MKMAFVD  -12.3794  -12.4365   -0.0571    0.2298
 8856 MKMAFVD  -12.3794  -12.4365   -0.0571    0.2298
 8857 MKMAFVD  -12.3794  -12.4365   -0.0571    0.2298
 8858 MKMAMVD   -9.8911  -11.5414   -1.6503    0.2298
 8859 MKMAFVD  -12.6026  -12.6598   -0.0571    0.2298
 8860 MKMAFVD  -12.6026  -12.6598   -0.0571    0.2298
 8861 MKMAFVD  -12.6026  -12.6598   -0.0571    0.2298
 8862 MKMADVF   -8.9465   -8.8922    0.0543    0.2298
 8863 MMKAFVD   -9.2124   -9.2695   -0.0571    0.2298
 8864 MMKAFVD   -9.2124   -9.2695   -0.0571    0.2298
 8865 MKMAFVD  -10.0110  -10.0682   -0.0571    0.2298
 8866 MKMAFVD  -10.0110  -10.0682   -0.0571    0.2298
 8867 MDMAFVD   -7.6463   -8.1963   -0.5500    0.2298
 8868 MDMAFVD   -7.6463   -8.1963   -0.5500    0.2298
 8869 MDMAFVD   -7.6463   -8.1963   -0.5500    0.2298
 8870 MKMAFVD  -10.1027  -10.1599   -0.0571    0.2298
 8871 MKMAFVD  -10.1027  -10.1599   -0.0571    0.2298
 8872 MKVAFVD  -10.5238  -10.5864   -0.0626    0.2298
 8873 MKVVFAD   -8.3093   -8.3718   -0.0626    0.2298
 8874 MKVVFAD   -8.3093   -8.3718   -0.0626    0.2298
 8875 MKVVFAD   -8.3093   -8.3718   -0.0626    0.2298
 8876 MKVDFAV   -6.9574   -6.9086    0.0489    0.2298
 8877 MRVMDVV   -3.5013   -6.8936   -3.3923    0.2298
 8878 MRVMEVV   -4.5961   -8.3056   -3.7094    0.2298
 8879 MRVMEVV   -6.2617   -9.9711   -3.7094    0.2298
 8880 MRVMEVV   -6.2617   -9.9711   -3.7094    0.2298
 8881 MKVMEVV  -10.9943  -11.3397   -0.3454    0.2298
 8882 AKVMEVV   -8.2800  -10.1468   -1.8669    0.2298
 8883 YKVMEVV   -8.3688   -8.0605    0.3083    0.2298
 8884 YKVMEVV   -8.3688   -8.0605    0.3083    0.2298
 8885 YKVMEVV   -8.3688   -8.0605    0.3083    0.2298
 8886 YKVMEVV   -8.3688   -8.0605    0.3083    0.2298
 8887 YKVVEVV   -7.6140   -7.2312    0.3829    0.2298
 8888 YKVVDVV   -6.8949   -6.1949    0.7000    0.2298
 8889 YVKVDVV   -7.8799   -7.1799    0.7000    0.2298
 8890 AIKVEVV  -11.3642  -11.8622   -0.4980    0.2298
 8891 AVKIEVV  -10.4197  -10.9177   -0.4980    0.2298
 8892 AVKVEVI  -11.1798  -11.6778   -0.4980    0.2298
 8893 AVKVDVI  -11.0949  -11.2758   -0.1809    0.2298
 8894 AVKVEVI  -11.6931  -12.1911   -0.4980    0.2298
 8895 AVKVDVI  -11.2209  -11.4018   -0.1809    0.2298
 8896 AVVVDIK   -9.6758   -9.9681   -0.2923    0.2298
 8897 AVVVEIE  -10.7017  -12.1211   -1.4194    0.2298
 8898 AVVVKID  -10.2981  -10.5904   -0.2923    0.2298
 8899 VIVVKAD  -10.3522  -10.6445   -0.2923    0.2298
 8900 VKIVEAV  -10.8854  -11.3834   -0.4980    0.2298
 8901 KVIIEAV   -9.0519  -11.3270   -2.2751    0.2298
 8902 VKIIEAY   -7.6986   -9.2832   -1.5846    0.2298
 8903 VKIIEAM   -8.7858  -11.0241   -2.2383    0.2298
 8904 MKIIEAV  -10.0104  -12.2487   -2.2383    0.2298
 8905 MKIVEAI   -9.8952  -12.1335   -2.2383    0.2298
 8906 VKMVEAI   -9.9762  -10.4688   -0.4926    0.2298
 8907 VKMVDAI   -9.5309   -9.7063   -0.1754    0.2298
 8908 MKVVDAV  -10.6265  -12.1763   -1.5497    0.2298
 8909 MKVIDAV  -10.6712  -10.8467   -0.1754    0.2298
 8910 MKVIEAV  -11.9233  -12.4159   -0.4926    0.2298
 8911 MKVIEVA  -10.0993  -10.5919   -0.4926    0.2298
 8912 MKVIEVA  -10.0993  -10.5919   -0.4926    0.2298
 8913 MKVIEVA  -10.0993  -10.5919   -0.4926    0.2298
 8914 MKVIEVA  -10.0993  -10.5919   -0.4926    0.2298
 8915 MKVIEVV   -8.9094  -11.0060   -2.0966    0.2298
 8916 MKMIDVV   -6.2762   -8.1302   -1.8540    0.2298
 8917 MKDIMVV   -4.7117   -6.7886   -2.0769    0.2298
 8918 MKFAMVD   -7.0567   -7.1138   -0.0571    0.2298
 8919 MKFAMVD   -7.0567   -7.1138   -0.0571    0.2298
 8920 MKMAEVF   -7.4256   -7.6884   -0.2629    0.2298
 8921 MKFAEVV   -8.7537   -9.0219   -0.2683    0.2298
 8922 MKFAEVV   -8.5971   -8.8654   -0.2683    0.2298
 8923 MKFAEVV   -8.5971   -8.8654   -0.2683    0.2298
 8924 MKFAEVV   -8.5971   -8.8654   -0.2683    0.2298
 8925 MKFAEVV   -8.5971   -8.8654   -0.2683    0.2298
 8926 MKFAEVV   -8.5971   -8.8654   -0.2683    0.2298
 8927 MKFAEVV   -8.5971   -8.8654   -0.2683    0.2298
 8928 MKFAEVV   -8.5971   -8.8654   -0.2683    0.2298
 8929 MKFAEVV   -8.5971   -8.8654   -0.2683    0.2298
 8930 MEVADFV   -7.5080   -8.2691   -0.7611    0.2298
 8931 MEVADFV   -7.5080   -8.2691   -0.7611    0.2298
 8932 EMVADFV   -6.6034   -7.4760   -0.8726    0.2298
 8933 EDVAMFV   -4.8111   -5.9065   -1.0954    0.2298
 8934 EDVAVFV   -5.0082   -6.1090   -1.1009    0.2298
 8935 EDVAVFV   -5.0082   -6.1090   -1.1009    0.2298
 8936 FKVGVEV   -7.7465   -7.8099   -0.0634    0.2298
 8937 FKVGVEM   -7.1790   -7.2370   -0.0580    0.2298
 8938 FKVAVEM   -7.9033   -8.1716   -0.2683    0.2298
 8939 FKMAEVV  -10.4125  -10.6808   -0.2683    0.2298
 8940 FKMVEVA  -10.4499  -10.7182   -0.2683    0.2298
 8941 FKMVEVA  -10.4499  -10.7182   -0.2683    0.2298
 8942 FKMVEAV  -10.3912  -10.6595   -0.2683    0.2298
 8943 FKMVEAV  -10.3912  -10.6595   -0.2683    0.2298
 8944 FKMVEAV  -10.3912  -10.6595   -0.2683    0.2298
 8945 YKMVEAV   -7.2015   -9.8892   -2.6877    0.2298
 8946 YKMVELV   -6.6732   -9.4203   -2.7471    0.2298
 8947 YKMVELV   -6.6732   -9.4203   -2.7471    0.2298
 8948 YKMVEVV  -10.8351  -10.5268    0.3083    0.2298
 8949 YKMVVEV  -10.0050   -9.6968    0.3083    0.2298
 8950 YKMVVEV  -10.0050   -9.6968    0.3083    0.2298
 8951 MKMVVEV  -11.7812  -12.1266   -0.3454    0.2298
 8952 MKMVVEV  -11.7812  -12.1266   -0.3454    0.2298
 8953 MKMVVAE   -7.9548   -9.9276   -1.9729    0.2298
 8954 MKMVVVD  -12.1776  -12.3173   -0.1397    0.2298
 8955 MKLGVVD   -9.8627  -11.7290   -1.8663    0.2298
 8956 MKLGVVD   -9.8627  -11.7290   -1.8663    0.2298
 8957 MVLGKVD   -8.1608  -10.1385   -1.9777    0.2298
 8958 MILGDVD   -7.3292   -9.3055   -1.9763    0.2298
 8959 MVIGDVD   -9.7260  -10.4068   -0.6809    0.2298
 8960 MVGIDVD   -8.9512   -9.5206   -0.5694    0.2298
 8961 MVGIKVD   -9.3494   -9.4260   -0.0766    0.2298
 8962 MVGIKLD   -7.6569   -9.0289   -1.3720    0.2298
 8963 MVGIKLD   -7.6569   -9.0289   -1.3720    0.2298
 8964 MVGIKLD   -7.6569   -9.0289   -1.3720    0.2298
 8965 MVIGKDL   -6.4853   -8.0802   -1.5949    0.2298
 8966 MILGKDV   -6.6958   -8.2907   -1.5949    0.2298
 8967 MILGKDV   -6.6958   -8.2907   -1.5949    0.2298
 8968 MFVGDVD   -8.4053   -8.8619   -0.4566    0.2298
 8969 FFVGEVD   -7.8149   -8.1955   -0.3806    0.2298
 8970 MFIGEVD   -9.7480  -10.5075   -0.7594    0.2298
 8971 MFIGEVD   -9.6779  -10.4373   -0.7594    0.2298
 8972 MMIGEVD  -11.0039  -11.9965   -0.9926    0.2298
 8973 MWIGEVD   -8.7696  -11.1879   -2.4183    0.2298
 8974 MWIGEAD   -7.9588   -9.7731   -1.8143    0.2298
 8975 AWIGEMD   -7.5276   -9.3419   -1.8143    0.2298
 8976 AWIGEMD   -7.5866   -9.4008   -1.8143    0.2298
 8977 AWIGELD   -7.0525  -10.7677   -3.7151    0.2298
 8978 AWVGEDF   -6.1011   -7.8079   -1.7069    0.2298
 8979 GWVGEKM   -5.3753   -8.0836   -2.7083    0.2298
 8980 GWVGEKW   -7.3509   -7.6049   -0.2540    0.2298
 8981 GWVGEKW   -7.3509   -7.6049   -0.2540    0.2298
 8982 GLVGEKW   -6.5429   -9.6720   -3.1291    0.2298
 8983 MLVGEKI   -8.3641  -10.2761   -1.9120    0.2298
 8984 MLVGEKI   -8.3641  -10.2761   -1.9120    0.2298
 8985 ELVGMKI   -5.1238   -6.8129   -1.6891    0.2298
 8986 DVIGVKI   -7.1177   -7.1854   -0.0677    0.2298
 8987 DFVGKIV   -4.7247   -4.5995    0.1251    0.2298
 8988 DVIGKVF   -9.0278   -8.9027    0.1251    0.2298
 8989 MVIGKVD  -10.6743  -10.8623   -0.1880    0.2298
 8990 MVIGKVD  -10.6743  -10.8623   -0.1880    0.2298
 8991 MVIGKVD  -10.6743  -10.8623   -0.1880    0.2298
 8992 MLMGEVD   -9.0157  -11.7980   -2.7823    0.2298
 8993 MEIGMVD   -7.2695   -8.1506   -0.8811    0.2298
 8994 MEFGMVD   -7.8200   -8.4768   -0.6569    0.2298
 8995 MEFGMVD   -7.8200   -8.4768   -0.6569    0.2298
 8996 MEFGMVK   -5.1322   -5.2962   -0.1640    0.2298
 8997 MMFGEVK   -5.6448   -5.9203   -0.2754    0.2298
 8998 MMKGFVE   -5.1196   -5.3950   -0.2754    0.2298
 8999 FMMGKVD   -4.4045   -4.3628    0.0417    0.2298
 9000 FKGMDVM   -4.4767   -4.3236    0.1531    0.2298
 9001 FMGKDVV   -4.9811   -5.0562   -0.0751    0.2298
 9002 FMKGDVV   -9.1110   -9.0747    0.0363    0.2298
 9003 FMKGDVV   -9.1110   -9.0747    0.0363    0.2298
 9004 FKMGDVV   -8.7902   -8.6425    0.1477    0.2298
 9005 FKMGDVV   -8.7902   -8.6425    0.1477    0.2298
 9006 FKIGEVV   -7.5891   -7.6697   -0.0806    0.2298
 9007 FKWGEVV   -5.7638   -7.1989   -1.4351    0.2298
 9008 FKWGEVV   -5.7638   -7.1989   -1.4351    0.2298
 9009 FKWGDVV   -6.5034   -7.6214   -1.1180    0.2298
 9010 FKWGDVY   -5.0076   -5.5465   -0.5389    0.2298
 9011 YKWGEVI   -5.2265   -6.3868   -1.1603    0.2298
 9012 YKMGEVI   -5.3447   -6.5593   -1.2146    0.2298
 9013 YEVGKIM   -1.4205   -2.6351   -1.2146    0.2298
 9014 YEVGKIM   -1.4205   -2.6351   -1.2146    0.2298
 9015 GEVGKWI   -0.8676   -2.0956   -1.2280    0.2298
 9016 GEIGKWI   -3.6815   -3.8952   -0.2137    0.2298
 9017 GKIGEWI   -4.7793   -4.9930   -0.2137    0.2298
 9018 GEIGKWI   -2.9313   -3.1450   -0.2137    0.2298
 9019 GEIGKVI   -3.7309   -6.0443   -2.3134    0.2298
 9020 GEIGKMI   -3.1123   -5.4203   -2.3080    0.2298
 9021 GEIGKMW   -3.3277   -4.5503   -1.2226    0.2298
 9022 GEMGKWM   -1.2407   -3.8321   -2.5914    0.2298
 9023 GEMGKMF   -0.6508   -4.1033   -3.4526    0.2298
 9024 GEKGMMV   -2.1361   -7.4101   -5.2740    0.2298
 9025 GELGMMD   -2.6515   -8.6110   -5.9594    0.2298
 9026 GELGMLD   -1.5508   -7.9311   -6.3803    0.2298
 9027 AELGMVD   -2.2805   -8.2328   -5.9523    0.2298
 9028 AMLGEFK   -2.1256   -6.0979   -3.9723    0.2298
 9029 GMIGEFK   -4.4874   -6.5711   -2.0837    0.2298
 9030 GLIGEFK   -5.7913   -8.2958   -2.5046    0.2298
 9031 GLMGEMK   -1.7005   -7.1671   -5.4666    0.2298
 9032 GMLGEME   -2.5496   -8.8261   -6.2766    0.2298
 9033 GMLGEME   -1.6079   -7.8844   -6.2766    0.2534
 9034 GILGEEM   -0.0745   -5.0937   -5.0191    0.2534
 9035 GMLGEEL   -0.3390   -7.1478   -6.8089    0.2534
 9036 GMVGEKI   -1.9665   -5.7602   -3.7937    0.2534
 9037 MMVGEKV   -7.1642   -9.1496   -1.9854    0.2534
 9038 MKVGEMV   -7.0301   -8.7927   -1.7626    0.2534
 9039 MMFGEDV   -5.8349   -6.7147   -0.8797    0.2534
 9040 MMFGEDV   -5.8349   -6.7147   -0.8797    0.2534
 9041 MMFGDEV   -6.2336   -7.1133   -0.8797    0.2534
 9042 MMIGDDV   -8.3354   -9.1222   -0.7869    0.2534
 9043 MMIGDDF   -8.0639   -8.6922   -0.6283    0.2534
 9044 MMIGDEF   -8.1270   -9.0724   -0.9454    0.2534
 9045 MMIGDKF   -8.6582   -8.7936   -0.1354    0.2534
 9046 MKIGDLF   -7.6642  -10.5576   -2.8934    0.2534
 9047 MKIGDLF   -7.6642  -10.5576   -2.8934    0.2534
 9048 MKIGDLF   -7.6642  -10.5576   -2.8934    0.2534
 9049 MKYGDLF   -7.7177   -8.8063   -1.0886    0.2534
 9050 MKYGDLF   -7.7177   -8.8063   -1.0886    0.2534
 9051 MKMGDLF   -9.8914  -11.0337   -1.1423    0.2534
 9052 MKMGDLF   -9.8914  -11.0337   -1.1423    0.2534
 9053 MKMGDLF   -9.8914  -11.0337   -1.1423    0.2534
 9054 MKVGDLF  -10.1087  -11.1764   -1.0677    0.2534
 9055 MKLGDVF  -10.3211  -11.3888   -1.0677    0.2534
 9056 MKLGDVF  -10.3211  -11.3888   -1.0677    0.2534
 9057 MKGLDVF   -9.1282  -10.1959   -1.0677    0.2534
 9058 MKGLDVF   -9.1282  -10.1959   -1.0677    0.2534
 9059 MKGMDVV   -9.6698  -11.1152   -1.4454    0.2534
 9060 MKGMDVV   -9.6698  -11.1152   -1.4454    0.2534
 9061 MEGMVVK   -7.2134   -9.0874   -1.8740    0.2534
 9062 MEGMKVV   -6.7209   -8.4834   -1.7626    0.2534
 9063 FEGMKVV   -5.4546   -5.6241   -0.1694    0.2534
 9064 FEGMKMV   -4.0916   -4.2556   -0.1640    0.2534
 9065 FEGMDMA    0.8927   -3.0402   -3.9329    0.2534
 9066 AMGIDEW   -5.7787   -7.5930   -1.8143    0.2534
 9067 AIGMDEW   -5.6616   -7.4759   -1.8143    0.2534
 9068 AEGMDIW   -3.9897   -5.6926   -1.7029    0.2534
 9069 AEGMDIW   -3.9897   -5.6926   -1.7029    0.2534
 9070 DEGMAIF   -1.9870   -4.8853   -2.8983    0.2534
 9071 DMGEYIF   -2.4742   -2.6944   -0.2203    0.2534
 9072 DEGMYIV   -0.9270   -2.9687   -2.0417    0.2534
 9073 DEGIYVV   -1.4993   -3.5464   -2.0471    0.2534
 9074 DEGIYVV   -1.4993   -3.5464   -2.0471    0.2534
 9075 DYGIEVI   -2.4862   -2.8248   -0.3386    0.2534
 9076 VIGIEDY   -7.9111   -8.3611   -0.4500    0.2534
 9077 IVGIEDM   -7.9578   -9.0215   -1.0637    0.2534
 9078 IVGIKDM  -10.1180  -10.3717   -0.2537    0.2534
 9079 IVGIKDM  -10.1180  -10.3717   -0.2537    0.2534
 9080 IIGVKEV   -8.0340   -8.5303   -0.4963    0.2534
 9081 IIGVKEV   -8.0340   -8.5303   -0.4963    0.2534
 9082 IIGVKDV   -8.1009   -8.2801   -0.1791    0.2534
 9083 IIGVKDV   -8.1009   -8.2801   -0.1791    0.2534
 9084 IVGIKDV  -10.1254  -10.3045   -0.1791    0.2534
 9085 IVGMKDI  -10.0759  -10.3296   -0.2537    0.2534
 9086 IVGMKEI   -9.8255  -10.3964   -0.5709    0.2534
 9087 IVGMKEI   -9.8255  -10.3964   -0.5709    0.2534
 9088 MVGIKDI   -9.5295   -9.7832   -0.2537    0.2534
 9089 IVGIEDV   -8.1636   -9.1527   -0.9891    0.2534
 9090 IVGIEDV   -8.1696   -9.1588   -0.9891    0.2534
 9091 VVGIEDI   -8.4884   -9.4776   -0.9891    0.2534
 9092 VVGIDDI   -7.7174   -8.3894   -0.6720    0.2534
 9093 VVIVDGD  -10.2030  -11.0007   -0.7977    0.2534
 9094 VVIVKGD   -9.5656   -9.8705   -0.3049    0.2534
 9095 MVIVKGD  -10.4909  -10.7903   -0.2994    0.2534
 9096 MVIIEGD  -10.9987  -12.1738   -1.1751    0.2534
 9097 MVIIEGD  -10.9987  -12.1738   -1.1751    0.2534
 9098 MVIIKGE   -8.1734   -8.8557   -0.6823    0.2534
 9099 MVIIEGD  -11.1549  -12.3301   -1.1751    0.2534
 9100 IVMIEGD   -9.1082  -10.2833   -1.1751    0.2534
 9101 VIMIEGD   -9.0842  -10.2593   -1.1751    0.2534
 9102 VIMIEGD   -9.0842  -10.2593   -1.1751    0.2534
 9103 MIMIEGD   -9.6935  -10.9432   -1.2497    0.2534
 9104 MIMIDGD   -9.1153  -10.0479   -0.9326    0.2534
 9105 MIMIDGE   -8.1236   -9.3733   -1.2497    0.2534
 9106 MIVIDGE   -8.2603   -9.4355   -1.1751    0.2534
 9107 MIVIEGE   -9.5231  -11.0153   -1.4923    0.2534
 9108 FIVIEGE   -5.7507   -8.6899   -2.9391    0.2534
 9109 YIVIEGD   -8.5457   -9.1071   -0.5614    0.2534
 9110 YIIIEGD   -6.8390   -9.1861   -2.3471    0.2534
 9111 YILIEGD   -5.2485   -8.8254   -3.5769    0.2534
 9112 GILIEGD   -6.7939  -10.1271   -3.3331    0.2534
 9113 AILIEGD   -6.9822  -10.4142   -3.4320    0.2534
 9114 AIMIEDA   -7.0248  -10.1348   -3.1100    0.2534
 9115 AIMIEEY   -5.7375   -8.4295   -2.6920    0.2534
 9116 EIMIEAY   -4.7901   -7.3707   -2.5806    0.2534
 9117 ALEIEMI   -0.4852   -6.5889   -6.1037    0.2534
 9118 ALEIEMG   -1.9375   -6.8326   -4.8951    0.2534
 9119 AMIEEMM   -7.1695   -8.7640   -1.5946    0.2534
 9120 AMIEEMM   -7.1695   -8.7640   -1.5946    0.2534
 9121 AMIMEME   -6.5918   -8.0749   -1.4831    0.2534
 9122 MIMEDAM   -5.4446   -6.7220   -1.2774    0.2534
 9123 MIMMDAE   -8.3679   -9.5339   -1.1660    0.2534
 9124 MMVMDVD   -8.5323   -9.2394   -0.7071    0.2534
 9125 MMVMEAD   -9.1332  -11.5935   -2.4603    0.2534
 9126 MFVMEAD   -9.6227  -10.4899   -0.8671    0.2534
 9127 MFVMDAE   -7.4154   -8.2826   -0.8671    0.2534
 9128 MFVAEMD   -8.1795   -9.0466   -0.8671    0.2534
 9129 MFVAEMD   -8.1795   -9.0466   -0.8671    0.2534
 9130 MFVMEAD   -9.0046   -9.8717   -0.8671    0.2534
 9131 MFVMEAD   -9.0046   -9.8717   -0.8671    0.2534
 9132 MFVLEAD   -8.2756  -12.0436   -3.7680    0.2534
 9133 GFVLEAD   -6.0883  -10.5589   -4.4706    0.2534
 9134 GFVLEAD   -6.0883  -10.5589   -4.4706    0.2534
 9135 GFVLEAD   -6.0883  -10.5589   -4.4706    0.2534
 9136 GLVLDAD   -6.3803  -12.5477   -6.1674    0.2534
 9137 ALVLEAD   -7.1439  -13.7273   -6.5834    0.2534
 9138 ALILDAD   -7.5034  -12.5554   -5.0520    0.2534
 9139 GLILDAD   -7.2934  -12.0865   -4.7931    0.2534
 9140 GLILDDY   -6.3402  -10.8296   -4.4894    0.2534
 9141 GLILDDY   -6.3402  -10.8296   -4.4894    0.2534
 9142 GLILEDY   -6.8734  -11.6799   -4.8066    0.2534
 9143 GLILEDY   -6.8734  -11.6799   -4.8066    0.2534
 9144 GLILEDY   -6.8734  -11.6799   -4.8066    0.2534
 9145 GLILEDY   -6.8734  -11.6799   -4.8066    0.2534
 9146 GMIIEDY   -8.8774   -9.4734   -0.5960    0.2534
 9147 GMIIEDY   -8.8774   -9.4734   -0.5960    0.2534
 9148 GMIIEDY   -8.8774   -9.4734   -0.5960    0.2534
 9149 GMIIEDY   -8.8774   -9.4734   -0.5960    0.2534
 9150 GMIMEDY   -7.1445   -9.0693   -1.9249    0.2534
 9151 GMIMEDF   -8.2695   -9.2149   -0.9454    0.2534
 9152 GMIMEDF   -8.2695   -9.2149   -0.9454    0.2534
 9153 GMIDEMF   -5.4823   -6.4277   -0.9454    0.2534
 9154 GMIEDMF   -6.0309   -6.9763   -0.9454    0.2534
 9155 GFIEDMM   -4.2153   -5.1607   -0.9454    0.2534
 9156 MFIEDGA   -3.7311   -6.5180   -2.7869    0.2534
 9157 FMIEDGA   -4.2734   -7.0603   -2.7869    0.2534
 9158 FMIEDGA   -4.2734   -7.0603   -2.7869    0.2534
 9159 FVIVDGE   -8.2817   -9.0780   -0.7963    0.2534
 9160 VVIVDGD  -10.6173  -11.4150   -0.7977    0.2534
 9161 VWIVDGE   -7.3418   -9.7970   -2.4551    0.2534
 9162 AVIVDGE   -7.1045  -11.4953   -4.3909    0.2534
 9163 AVIVDGK   -6.9235  -10.5044   -3.5809    0.2534
 9164 ADIVVGE   -4.9035   -9.1829   -4.2794    0.2534
 9165 GDIVIAE   -5.8311   -8.8477   -3.0166    0.2534
 9166 GKIAIFE   -3.7628   -4.6880   -0.9251    0.2534
 9167 GKIAIFE   -2.7885   -3.7137   -0.9251    0.2534
 9168 GKIAIFD   -3.0751   -3.6831   -0.6080    0.2534
 9169 GDIAMFD    0.9398   -1.5299   -2.4697    0.2534
 9170 GEMAFFE   -1.9426   -4.8224   -2.8797    0.2534
 9171 GMKMFFE   -2.2029   -2.2398   -0.0369    0.2534
 9172 GMKMFFD   -2.4643   -2.1840    0.2803    0.2534
 9173 GMKMFFD   -2.4643   -2.1840    0.2803    0.2534
 9174 GMKMFFD   -2.4643   -2.1840    0.2803    0.2534
 9175 GMKMFFD   -2.4643   -2.1840    0.2803    0.2534
 9176 GMMKFFE   -1.2612   -1.2980   -0.0369    0.2534
 9177 GMMKFFE   -1.2615   -1.2983   -0.0369    0.2534
 9178 GMMEFFD   -2.4415   -2.9712   -0.5297    0.2534
 9179 GFMEKMF    2.5191    2.3708   -0.1483    0.2534
 9180 GFKEMMF    0.5368    0.3885   -0.1483    0.2534
 9181 GFKEMMF    0.9496    0.8013   -0.1483    0.2534
 9182 GFKEMMF    0.9496    0.8013   -0.1483    0.2534
 9183 GFKEMMV    0.5246    0.1377   -0.3869    0.2534
 9184 GFKEMMF    0.9144    0.7661   -0.1483    0.2534
 9185 MFKEMGF   -3.0285   -3.0654   -0.0369    0.2534
 9186 MFEKMGF   -4.0354   -4.0723   -0.0369    0.2534
 9187 MFEKAGF   -3.3445   -5.3028   -1.9583    0.2534
 9188 MFEEAGF   -2.4581   -5.2263   -2.7683    0.2534
 9189 IFFEAGE   -3.6800   -5.0794   -1.3994    0.2534
 9190 IFFEAGE   -3.6800   -5.0794   -1.3994    0.2534
 9191 IFFDGAE   -2.3304   -3.4127   -1.0823    0.2534
 9192 IFFEGAE   -3.0861   -4.4856   -1.3994    0.2534
 9193 IFAVGEE   -3.2734   -6.4943   -3.2209    0.2534
 9194 ILAFGEE   -2.8855   -6.5218   -3.6363    0.2534
 9195 ILAFGDE   -3.5759   -6.8950   -3.3191    0.2534
 9196 IEAFGDL   -2.3339   -5.3187   -2.9849    0.2534
 9197 IEAFGDL   -2.3339   -5.3187   -2.9849    0.2534
 9198 IEAFGDI   -3.3899   -4.5851   -1.1951    0.2534
 9199 IFAEGDI   -5.1314   -6.4380   -1.3066    0.2534
 9200 IFAEGDI   -5.1314   -6.4380   -1.3066    0.2534
 9201 IFGEGID   -1.8381   -3.0458   -1.2077    0.2534
 9202 DFGEGII   -2.3077   -3.5154   -1.2077    0.2534
 9203 DFGIGEI   -3.2197   -4.3160   -1.0963    0.2534
 9204 DFGIGDI   -3.6594   -4.4385   -0.7791    0.2534
 9205 DFGFGEI   -5.2272   -6.0992   -0.8720    0.2534
 9206 KFGFGDI   -5.9481   -6.0101   -0.0620    0.2534
 9207 KWGFGDI   -6.9019   -6.3828    0.5191    0.2534
 9208 KWGFGDI   -6.9019   -6.3828    0.5191    0.2534
 9209 KWGFGDI   -6.9019   -6.3828    0.5191    0.2534
 9210 KWGFGDI   -6.9019   -6.3828    0.5191    0.2534
 9211 KWGFGDI   -6.9019   -6.3828    0.5191    0.2534
 9212 KWGFGEI   -7.0551   -6.8531    0.2020    0.2534
 9213 KWGFGEI   -7.0551   -6.8531    0.2020    0.2534
 9214 KWGFGEI   -7.0551   -6.8531    0.2020    0.2534
 9215 KWGFGEI   -7.0551   -6.8531    0.2020    0.2534
 9216 KWGFGDI   -6.9139   -6.3948    0.5191    0.2534
 9217 KWGFGDI   -6.9139   -6.3948    0.5191    0.2534
 9218 DWGFGEI   -3.7655   -4.0563   -0.2909    0.2534
 9219 EWGVGEI   -3.8231   -5.7497   -1.9266    0.2534
 9220 EWGMGEI   -2.9706   -4.8918   -1.9211    0.2534
 9221 EWGMGDI   -3.2967   -4.9007   -1.6040    0.2534
 9222 KWGMGDI   -6.0746   -6.8686   -0.7940    0.2534
 9223 KWGDGMI   -3.0723   -3.9777   -0.9054    0.2534
 9224 KWGMGDI   -5.4989   -6.2929   -0.7940    0.2534
 9225 KWGMGDI   -5.4989   -6.2929   -0.7940    0.2534
 9226 RWGLGDI   -4.1557   -8.7346   -4.5789    0.2534
 9227 RWGLGDI   -4.1557   -8.7346   -4.5789    0.2534
 9228 DWGLGEI   -4.7238   -6.7487   -2.0249    0.2534
 9229 DWGLGDI   -5.2188   -6.9266   -1.7077    0.2534
 9230 DWGLGID   -4.6065   -6.3142   -1.7077    0.2534
 9231 DWGLGID   -4.6065   -6.3142   -1.7077    0.2534
 9232 IWGFGDD   -7.7644   -7.9609   -0.1966    0.2534
 9233 IWGFGDD   -7.7644   -7.9609   -0.1966    0.2534
 9234 IWGFGDD   -7.8462   -8.0428   -0.1966    0.2169
 9235 IWGFGDE   -7.8350   -8.3487   -0.5137    0.2169
 9236 IWGFGDE   -7.8350   -8.3487   -0.5137    0.2169
 9237 IWGFGDE   -7.8350   -8.3487   -0.5137    0.2169
 9238 IWGFGDE   -7.8350   -8.3487   -0.5137    0.2169
 9239 IWGFGDE   -7.8350   -8.3487   -0.5137    0.2169
 9240 IWGFGDD   -7.7570   -7.9536   -0.1966    0.2169
 9241 IWGFGDD   -7.7570   -7.9536   -0.1966    0.2169
 9242 IWGLGDE   -7.6248   -9.8725   -2.2477    0.2169
 9243 IWGLGDE   -7.6248   -9.8725   -2.2477    0.2169
 9244 IWGLGDD   -7.6005   -9.5311   -1.9306    0.2169
 9245 IWGLGDD   -7.6388   -9.5693   -1.9306    0.2169
 9246 MWGLGDD   -6.4389   -9.7384   -3.2994    0.2169
 9247 MWGLGDD   -6.4389   -9.7384   -3.2994    0.2169
 9248 MWGLGDD   -6.4389   -9.7384   -3.2994    0.2169
 9249 MWGLGDD   -6.4389   -9.7384   -3.2994    0.2169
 9250 MWGLGDD   -6.4389   -9.7384   -3.2994    0.2169
 9251 MWGLGDD   -6.4389   -9.7384   -3.2994    0.2169
 9252 VWGDGLD   -3.9935   -7.1869   -3.1934    0.2169
 9253 IWGDGLD   -4.7408   -6.5599   -1.8191    0.2169
 9254 IWGEGLE   -4.9596   -7.4130   -2.4534    0.2169
 9255 IWGEGLE   -4.9596   -7.4130   -2.4534    0.2169
 9256 IWGDGLE   -4.6312   -6.7674   -2.1363    0.2169
 9257 IWGEGLE   -4.9765   -7.4299   -2.4534    0.2169
 9258 IKGEGLW   -4.5223   -6.1657   -1.6434    0.2169
 9259 IKGEGLW   -4.5223   -6.1657   -1.6434    0.2169
 9260 IKGLGEW   -5.3443   -6.8763   -1.5320    0.2169
 9261 IKGLGDW   -6.5289   -7.7438   -1.2149    0.2169
 9262 IKGLGDW   -6.5289   -7.7438   -1.2149    0.2169
 9263 IKGVGDW   -7.3554   -8.1549   -0.7994    0.2169
 9264 IKGVGDW   -7.3554   -8.1549   -0.7994    0.2169
 9265 VKGIGDW   -5.9974   -6.7968   -0.7994    0.2169
 9266 VKLGGDW   -5.6080   -8.3085   -2.7006    0.2169
 9267 VKLGGDW   -5.6080   -8.3085   -2.7006    0.2169
 9268 VKLGGEW   -5.9669   -8.9847   -3.0177    0.2169
 9269 IELGGEW   -4.4643   -6.9177   -2.4534    0.2169
 9270 IEWGGEW   -1.8467   -4.2249   -2.3783    0.2169
 9271 MEWGGEW   -2.6917   -3.6389   -0.9471    0.2169
 9272 MKWGGEW   -4.0354   -4.1725   -0.1371    0.2169
 9273 MELGGDW   -2.9531   -6.4582   -3.5051    0.2169
 9274 MELGGDW   -2.9531   -6.4582   -3.5051    0.2169
 9275 MEWGGDW   -2.0698   -2.6998   -0.6300    0.2169
 9276 MWKGGDW  -10.0372   -9.9687    0.0686    0.2169
 9277 MWKGGDW  -10.0372   -9.9687    0.0686    0.2169
 9278 MWKGGDW  -10.0372   -9.9687    0.0686    0.2169
 9279 MWKGGDW  -10.0372   -9.9687    0.0686    0.2169
 9280 MWKGGDW  -10.0372   -9.9687    0.0686    0.2169
 9281 MWKGGDW  -10.0372   -9.9687    0.0686    0.2169
 9282 MWKGGEW   -9.2322   -9.4808   -0.2486    0.2169
 9283 MWKGGEW   -9.2322   -9.4808   -0.2486    0.2169
 9284 MWKGGEW   -9.2322   -9.4808   -0.2486    0.2169
 9285 MWKGGEW   -9.2322   -9.4808   -0.2486    0.2169
 9286 MWKGGDW   -9.5234   -9.4548    0.0686    0.2169
 9287 MWKGGDW   -9.5234   -9.4548    0.0686    0.2169
 9288 MWKGGEW   -9.2139   -9.4625   -0.2486    0.2169
 9289 MWKGGEW   -9.2139   -9.4625   -0.2486    0.2169
 9290 MWKGGDW   -9.5125   -9.4440    0.0686    0.2169
 9291 MWKGGDW   -9.5125   -9.4440    0.0686    0.2169
 9292 MWKGGDV   -7.2754   -9.6666   -2.3911    0.2169
 9293 MWKGGDL   -6.4801   -9.2867   -2.8066    0.2169
 9294 MWKGGEL   -6.1614   -9.2851   -3.1237    0.2169
 9295 MWKGGEL   -6.1614   -9.2851   -3.1237    0.2169
 9296 FWKGGEL   -6.6936   -8.2241   -1.5306    0.2169
 9297 FWKGGEL   -6.6936   -8.2241   -1.5306    0.2169
 9298 FWKGGEL   -6.6936   -8.2241   -1.5306    0.2169
 9299 FWKGGEL   -6.6936   -8.2241   -1.5306    0.2169
 9300 LWKGGEF   -4.8671   -6.3977   -1.5306    0.2169
 9301 MWKGGEF   -7.2105   -8.3202   -1.1097    0.2169
 9302 MWKGGEW   -9.4849   -9.7335   -0.2486    0.2169
 9303 MWKGGEW   -9.4849   -9.7335   -0.2486    0.2169
 9304 MWKGGDW  -10.2074  -10.1388    0.0686    0.2169
 9305 MWKGGDW  -10.2074  -10.1388    0.0686    0.2169
 9306 MWKGGDW  -10.2074  -10.1388    0.0686    0.2169
 9307 MWKGGDW  -10.2074  -10.1388    0.0686    0.2169
 9308 MWKGGDW  -10.2074  -10.1388    0.0686    0.2169
 9309 MWKGGDW  -10.2074  -10.1388    0.0686    0.2169
 9310 MWKGGDM   -7.8295  -10.2152   -2.3857    0.2169
 9311 MWKGGDM   -7.8295  -10.2152   -2.3857    0.2169
 9312 MWKGGDM   -7.8295  -10.2152   -2.3857    0.2169
 9313 MWKGGDM   -7.8295  -10.2152   -2.3857    0.2169
 9314 MWKGGDM   -7.8295  -10.2152   -2.3857    0.2169
 9315 MWKGGDW  -10.3812  -10.3126    0.0686    0.2169
 9316 MWKGGDW  -10.3812  -10.3126    0.0686    0.2169
 9317 MWKGGDW  -10.3812  -10.3126    0.0686    0.2169
 9318 MWKGGDW  -10.3812  -10.3126    0.0686    0.2169
 9319 MWKGGDW  -10.3812  -10.3126    0.0686    0.2169
 9320 MWKGGDW  -10.3812  -10.3126    0.0686    0.2169
 9321 MWKGGDW  -10.3812  -10.3126    0.0686    0.2169
 9322 MWKGGDF   -9.6547  -10.4473   -0.7926    0.2169
 9323 MIKGGDW   -8.9023   -9.9192   -1.0169    0.2169
 9324 MIKGGDW   -8.9023   -9.9192   -1.0169    0.2169
 9325 MIKGGDW   -8.9023   -9.9192   -1.0169    0.2169
 9326 MWKGGDI   -7.7764   -8.7932   -1.0169    0.2169
 9327 MWKGGDI   -7.7764   -8.7932   -1.0169    0.2169
 9328 MWKGGDW   -9.1343   -9.0658    0.0686    0.2169
 9329 MWKGGEW   -8.4752   -8.7238   -0.2486    0.2169
 9330 MWKGGEW   -8.4752   -8.7238   -0.2486    0.2169
 9331 MFKGGEW   -8.7927   -9.9024   -1.1097    0.2169
 9332 MFKGGDW   -9.4905  -10.2831   -0.7926    0.2169
 9333 MWKGGDF   -9.2121  -10.0047   -0.7926    0.2169
 9334 MWKGGDF   -9.2121  -10.0047   -0.7926    0.2169
 9335 MIKGGDF   -8.7191  -10.5971   -1.8780    0.2169
 9336 MWKGGEF   -7.7035   -8.8132   -1.1097    0.2169
 9337 MWKGGEF   -7.7035   -8.8132   -1.1097    0.2169
 9338 MFKGGEF   -8.3110  -10.2819   -1.9709    0.2169
 9339 MFKGGEF   -8.3110  -10.2819   -1.9709    0.2169
 9340 MFKGGDF   -9.0358  -10.6895   -1.6537    0.2169
 9341 MFKGGDF   -9.0358  -10.6895   -1.6537    0.2169
 9342 MFKGGDF   -9.0358  -10.6895   -1.6537    0.2169
 9343 MFKGGDF   -9.0358  -10.6895   -1.6537    0.2169
 9344 MFKGGDF   -9.0358  -10.6895   -1.6537    0.2169
 9345 MFKGGDF   -9.0358  -10.6895   -1.6537    0.2169
 9346 MFKGGDF   -9.0358  -10.6895   -1.6537    0.2169
 9347 MFKGGDF   -9.0358  -10.6895   -1.6537    0.2169
 9348 MIKGGDF   -8.4293  -10.3073   -1.8780    0.2169
 9349 MIKGGDI   -7.9869  -10.0892   -2.1023    0.2169
 9350 MIKGGDI   -7.9869  -10.0892   -2.1023    0.2169
 9351 MLKGGDI   -5.9317   -9.8237   -3.8920    0.2169
 9352 MMKGGDI   -6.6940  -10.1651   -3.4711    0.2169
 9353 MMIGGDK   -5.1480   -8.8420   -3.6940    0.2169
 9354 MIIGGDK   -6.8397   -9.1649   -2.3251    0.2169
 9355 MIVGGDK   -5.2081   -8.9075   -3.6994    0.2169
 9356 MIVGGDK   -5.2081   -8.9075   -3.6994    0.2169
 9357 MKWGGDI   -8.1485   -9.0540   -0.9054    0.2169
 9358 MKWGGDI   -8.1043   -9.0097   -0.9054    0.2169
 9359 MKWGGDF   -8.5562   -9.2374   -0.6811    0.2169
 9360 MKVGGDF   -6.4019   -9.5428   -3.1409    0.2169
 9361 MKVGGDV   -5.0450   -9.7844   -4.7394    0.2169
 9362 WKVGGDV   -4.0396   -6.3247   -2.2851    0.2169
 9363 FKLGGDF   -5.1838   -7.1469   -1.9631    0.2169
 9364 FKIGGDI   -7.6052   -8.0030   -0.3977    0.2169
 9365 FKIGGDW   -9.3251   -8.9174    0.4077    0.2169
 9366 FKIGGDW   -9.3251   -8.9174    0.4077    0.2169
 9367 FKIGGDW   -9.3251   -8.9174    0.4077    0.2169
 9368 FKIGGDW   -9.3251   -8.9174    0.4077    0.2169
 9369 FKIGGDW   -9.2372   -8.8295    0.4077    0.2169
 9370 FKIGGDV   -8.4162  -10.1882   -1.7720    0.2169
 9371 FKIGGEV   -8.9039  -10.9931   -2.0891    0.2169
 9372 FKIGGEG   -5.3000  -10.6777   -5.3777    0.2169
 9373 FKIGGEG   -5.3000  -10.6777   -5.3777    0.2169
 9374 FIKGGEG   -3.5459   -9.0351   -5.4891    0.2169
 9375 FIKGGEG   -3.5459   -9.0351   -5.4891    0.2169
 9376 FLKGGEA   -1.4401   -8.7064   -7.2663    0.2169
 9377 FLKGGEF   -4.1922   -6.5839   -2.3917    0.2169
 9378 FLKGGEF   -4.1922   -6.5839   -2.3917    0.2169
 9379 FLKGGEF   -4.1922   -6.5839   -2.3917    0.2169
 9380 FKLGGEV   -6.5957  -10.4746   -3.8789    0.2169
 9381 FKLGGEV   -6.5957  -10.4746   -3.8789    0.2169
 9382 KFLGGEV   -5.4096   -9.3999   -3.9903    0.2169
 9383 KFLGGEV   -5.4096   -9.3999   -3.9903    0.2169
 9384 KFLGGEL   -4.7510   -9.1567   -4.4057    0.2169
 9385 KFLGGEL   -4.7510   -9.1567   -4.4057    0.2169
 9386 KLLGGEF   -2.6036   -7.0093   -4.4057    0.2169
 9387 KGLGWEF   -3.8148   -5.1226   -1.3077    0.2169
 9388 KGLGWEF   -3.8148   -5.1226   -1.3077    0.2169
 9389 KGLGWEF   -3.8148   -5.1226   -1.3077    0.2169
 9390 KGLGWEF   -3.8148   -5.1226   -1.3077    0.2169
 9391 KGLGWEF   -3.8148   -5.1226   -1.3077    0.2169
 9392 KGIGWEL   -3.7528   -5.2848   -1.5320    0.2169
 9393 KGGIWLD   -5.0973   -6.6464   -1.5491    0.2169
 9394 KGGIWLD   -5.0973   -6.6464   -1.5491    0.2169
 9395 KGGIWLD   -5.0973   -6.6464   -1.5491    0.2169
 9396 KGGIWLD   -5.0973   -6.6464   -1.5491    0.2169
 9397 EGGIWLD   -3.3086   -5.6677   -2.3591    0.2169
 9398 KGGIWLE   -4.5952   -6.4615   -1.8663    0.2169
 9399 KGGIWLD   -6.4650   -8.0141   -1.5491    0.2169
 9400 KGGIWID   -7.2042   -7.3236   -0.1194    0.2169
 9401 KGGIWID   -7.2042   -7.3236   -0.1194    0.2169
 9402 KGGIWID   -7.2042   -7.3236   -0.1194    0.2169
 9403 WGGIKAD   -1.6192   -5.8060   -4.1869    0.2169
 9404 WGGIKAD   -1.6192   -5.8060   -4.1869    0.2169
 9405 IGGFKAD   -1.2967   -6.3447   -5.0480    0.2169
 9406 IGGDFAE   -1.0991   -7.0685   -5.9694    0.2169
 9407 IGGFDAE   -0.6366   -6.4946   -5.8580    0.2169
 9408 IGGFDAD   -0.8823   -6.4232   -5.5409    0.2169
 9409 IWGFDDA   -1.2245   -3.0885   -1.8640    0.2169
 9410 IWGFDDA   -1.2245   -3.0885   -1.8640    0.2169
 9411 IWGFDDA   -1.2245   -3.0885   -1.8640    0.2169
 9412 IWGFEDA   -5.0751   -7.2562   -2.1811    0.2169
 9413 IWGFEAD   -6.2268   -8.2966   -2.0697    0.2169
 9414 IWGVEAD   -7.3905   -9.0987   -1.7083    0.2169
 9415 IVGWDAD   -7.3765   -8.7677   -1.3911    0.2169
 9416 IVGWDAD   -7.3765   -8.7677   -1.3911    0.2169
 9417 IVGWKAD   -6.7250   -7.6232   -0.8983    0.2169
 9418 IVGWKAD   -6.7250   -7.6232   -0.8983    0.2169
 9419 IVGWKAD   -6.7250   -7.6232   -0.8983    0.2169
 9420 ILGWEAD   -6.6282  -10.2319   -3.6037    0.2169
 9421 IIGWDAE   -5.2663   -7.6403   -2.3740    0.2169
 9422 IIGWDAE   -5.2663   -7.6403   -2.3740    0.2169
 9423 IIWGDAE   -6.6704   -9.1559   -2.4854    0.2169
 9424 MIWGDAE   -8.0055   -9.8198   -1.8143    0.2169
 9425 MIWGDAE   -8.0055   -9.8198   -1.8143    0.2169
 9426 MIWGEAE   -8.1266  -10.2580   -2.1314    0.2169
 9427 MIWGEAE   -7.8942  -10.0256   -2.1314    0.2169
 9428 MIWGDAE   -7.3854   -9.1997   -1.8143    0.2169
 9429 MIWGDAD   -7.5346   -9.0318   -1.4971    0.2169
 9430 MIWGDAD   -7.5346   -9.0318   -1.4971    0.2169
 9431 MIWGEAD   -7.2659   -9.0802   -1.8143    0.2169
 9432 IIIGEAD   -7.1891   -8.7200   -1.5309    0.2169
 9433 VIIGEAE   -6.6820   -9.9043   -3.2223    0.2169
 9434 MIIGEME   -6.3676   -7.8230   -1.4554    0.2169
 9435 MIIGEME   -9.3267  -10.7822   -1.4554    0.2269
 9436 YIIGEMD   -8.5340   -9.0186   -0.4846    0.2269
 9437 YIIGEMD   -8.5340   -9.0186   -0.4846    0.2269
 9438 YIIGEMD   -8.5340   -9.0186   -0.4846    0.2269
 9439 YIIGEME   -7.3976   -8.1993   -0.8017    0.2269
 9440 EIIGEMY   -6.4120   -7.2137   -0.8017    0.2269
 9441 KIIGMEY  -10.0781   -9.9584    0.1197    0.2269
 9442 KIIGMEV   -9.8741  -10.3336   -0.4594    0.2269
 9443 KIIGMEV   -9.8741  -10.3336   -0.4594    0.2269
 9444 KMIGIDV   -8.4571   -8.5994   -0.1423    0.2269
 9445 KVMGIDV   -7.9146   -7.9912   -0.0766    0.2269
 9446 KVIGVDM   -9.3474   -9.4240   -0.0766    0.2269
 9447 KVIGVEM   -9.6727  -10.0664   -0.3937    0.2269
 9448 KVIGVEF   -9.6668   -9.7473   -0.0806    0.2269
 9449 KVVGFEV   -7.7315   -7.9064   -0.1749    0.2269
 9450 KVVGLDV   -6.9222   -8.7940   -1.8717    0.2269
 9451 KIVGLDV   -6.6943   -7.9917   -1.2974    0.2269
 9452 VVKGLDI   -8.7294  -10.0269   -1.2974    0.2269
 9453 IVKGLDV   -9.2116  -10.5090   -1.2974    0.2269
 9454 IVKGLDV   -9.2116  -10.5090   -1.2974    0.2269
 9455 IVKGLDV   -9.2116  -10.5090   -1.2974    0.2269
 9456 MVKGLDV   -9.1811  -11.0473   -1.8663    0.2269
 9457 MVKGLDV   -9.5207  -11.3870   -1.8663    0.2269
 9458 MIKGLDV   -9.0949  -10.4669   -1.3720    0.2269
 9459 MIKGLDV   -9.0949  -10.4669   -1.3720    0.2269
 9460 MIKGLDV   -9.0949  -10.4669   -1.3720    0.2269
 9461 MIKGLDV   -9.0949  -10.4669   -1.3720    0.2269
 9462 MIKGMDV   -9.7898   -9.8610   -0.0711    0.2269
 9463 MIKGLDV   -9.6277  -10.9997   -1.3720    0.2269
 9464 MIKGLDV   -9.6277  -10.9997   -1.3720    0.2269
 9465 MIKGLDV   -9.6277  -10.9997   -1.3720    0.2269
 9466 KIMGLVD   -7.5422   -9.0256   -1.4834    0.2269
 9467 DIMGLVD   -6.0870   -8.0632   -1.9763    0.2269
 9468 DILGVLR   -1.6947   -9.5230   -7.8283    0.2269
 9469 DILGVVR   -2.0329   -6.8057   -4.7729    0.2269
 9470 DIMGVIR   -4.4572   -8.0750   -3.6177    0.2269
 9471 DIMGMIK   -6.3464   -6.6747   -0.3283    0.2269
 9472 DIVGMKM   -6.2812   -6.3523   -0.0711    0.2269
 9473 KVIGIDM   -9.8310   -9.9733   -0.1423    0.2269
 9474 KIIGVDM  -10.0473  -10.1895   -0.1423    0.2269
 9475 KIMGMDM   -8.9409   -9.0066   -0.0657    0.2269
 9476 KMIGDMM   -9.0215   -9.1987   -0.1771    0.2269
 9477 KMIGDMM   -9.0215   -9.1987   -0.1771    0.2269
 9478 KVIGDMM   -9.4708   -9.6534   -0.1826    0.2269
 9479 KMIGDMI   -9.9047  -10.2330   -0.3283    0.2269
 9480 KMIGEMI   -9.0285   -9.6739   -0.6454    0.2269
 9481 KMIGEMI   -9.0285   -9.6739   -0.6454    0.2269
 9482 KMIGEMI   -9.0285   -9.6739   -0.6454    0.2269
 9483 KMIGEMI   -9.0285   -9.6739   -0.6454    0.2269
 9484 KMIGEMV   -9.4715   -9.9712   -0.4997    0.2269
 9485 KMIGEMV   -9.4715   -9.9712   -0.4997    0.2269
 9486 KMLGEMV   -7.3316   -9.6210   -2.2894    0.2269
 9487 MMMGEKV   -7.1909   -9.1709   -1.9800    0.2269
 9488 MMMGEKV   -7.1909   -9.1709   -1.9800    0.2269
 9489 MMMGEKF   -6.9897   -7.3711   -0.3814    0.2269
 9490 KMMGEMF   -7.4822   -7.7522   -0.2700    0.2269
 9491 KMMGEMF   -7.4822   -7.7522   -0.2700    0.2269
 9492 MKMGEMF   -8.0701   -8.2287   -0.1586    0.2269
 9493 MKMGEMF   -8.0701   -8.2287   -0.1586    0.2269
 9494 MKMGEMW   -8.5385   -8.6760   -0.1374    0.2269
 9495 MKVGEMW   -8.7728   -8.8357   -0.0629    0.2269
 9496 MKMGEVW   -9.0771   -9.1400   -0.0629    0.2269
 9497 MKMGEVW   -9.0771   -9.1400   -0.0629    0.2269
 9498 MKWGEVM   -9.7637   -9.8266   -0.0629    0.2269
 9499 MKWGEVM   -9.7637   -9.8266   -0.0629    0.2269
 9500 MKVGDVM   -8.9566  -10.4020   -1.4454    0.2269
 9501 MVKGDVF  -12.1719  -12.1356    0.0363    0.2269
 9502 MVKGFDV  -12.8011  -12.6534    0.1477    0.2269
 9503 MLKGVDV  -10.8037  -12.6700   -1.8663    0.2269
 9504 MLKGVDI  -10.4809  -11.8529   -1.3720    0.2269
 9505 MLKGVDI  -10.4809  -11.8529   -1.3720    0.2269
 9506 MVKGVDF  -12.4255  -12.2778    0.1477    0.2269
 9507 MVKGEVF  -11.9915  -12.2724   -0.2809    0.2269
 9508 MEKGVVF  -11.4192  -11.8115   -0.3923    0.2269
 9509 MEKGFVF  -10.4477  -10.5215   -0.0737    0.2269
 9510 MEKGFVF  -10.4477  -10.5215   -0.0737    0.2269
 9511 MEKGFVF  -10.4477  -10.5215   -0.0737    0.2269
 9512 MEKGFVM   -9.4542   -9.8410   -0.3869    0.2269
 9513 MEKGFMM   -6.8171   -7.1985   -0.3814    0.2269
 9514 MFMGEMK   -5.6818   -5.9518   -0.2700    0.2269
 9515 MFMGEMD   -6.8072   -7.5700   -0.7629    0.2269
 9516 DMMGFMD   -1.4635   -1.9092   -0.4457    0.2269
 9517 MEMGMDM   -2.5804   -4.7136   -2.1331    0.2269
 9518 MMMGMDD   -5.3389   -7.4892   -2.1503    0.2269
 9519 MMMGMDD   -5.3389   -7.4892   -2.1503    0.2269
 9520 MMMGMDD   -5.3389   -7.4892   -2.1503    0.2269
 9521 MMMGMDE   -4.0423   -6.5097   -2.4674    0.2269
 9522 MFMGMDD   -7.3970   -7.9542   -0.5571    0.2269
 9523 MFMGEMD   -7.2821   -8.0449   -0.7629    0.2269
 9524 MFIGEMD   -6.9316   -7.7656   -0.8340    0.2269
 9525 MFIGEVE   -7.6392   -8.7158   -1.0766    0.2269
 9526 MFIGEVD   -8.5978   -9.3572   -0.7594    0.2269
 9527 MFIGDVK   -5.6877   -5.6371    0.0506    0.2269
 9528 IDIGMAK   -3.1861   -5.1644   -1.9783    0.2269
 9529 FDIGMAK   -3.1266   -4.8806   -1.7540    0.2269
 9530 KEIGMAF   -2.0765   -4.3705   -2.2940    0.2269
 9531 GEIGMKF   -1.5417   -3.5140   -1.9723    0.2269
 9532 GEIGKWL   -2.3632   -4.0066   -1.6434    0.2269
 9533 GEIGKWL   -2.3632   -4.0066   -1.6434    0.2269
 9534 GEIGWKL   -0.8743   -2.4063   -1.5320    0.2269
 9535 GEIGWRI    1.6375   -1.8287   -3.4663    0.2269
 9536 GDLGWEF   -1.9147   -3.7153   -1.8006    0.2269
 9537 GDLGWEM   -0.8559   -4.2496   -3.3937    0.2269
 9538 GLEGWEM   -2.4405   -6.1513   -3.7109    0.2269
 9539 GLEGWDM   -3.2604   -6.6541   -3.3937    0.2269
 9540 GLEGWEW   -2.9834   -6.4800   -3.4966    0.2269
 9541 GLKGWEW   -7.5270  -10.2135   -2.6866    0.2269
 9542 GMKGWEW   -9.7056   -9.7314   -0.0257    0.2269
 9543 GMKGWEW   -9.7056   -9.7314   -0.0257    0.2269
 9544 GMKGWDW   -9.2569   -8.9655    0.2914    0.2269
 9545 GMKGWDW   -9.2569   -8.9655    0.2914    0.2269
 9546 GMKGWDW   -9.2569   -8.9655    0.2914    0.2269
 9547 GMKGWEW   -9.2956   -9.3213   -0.0257    0.2269
 9548 GMKGMEW   -7.9654  -10.4454   -2.4800    0.2269
 9549 GMKGMDW   -7.9518  -10.1147   -2.1629    0.2269
 9550 GMKGMDW   -7.9518  -10.1147   -2.1629    0.2269
 9551 GMKGGDW   -3.1888   -8.7571   -5.5683    0.2269
 9552 GMKGWDW   -8.5160   -8.2245    0.2914    0.2269
 9553 GMKGIDW   -8.1952   -8.9892   -0.7940    0.2269
 9554 GMKGWDW   -9.6397   -9.3483    0.2914    0.2269
 9555 GMKGWDM   -7.7536   -9.9164   -2.1629    0.2269
 9556 GMKGWDM   -7.7536   -9.9164   -2.1629    0.2269
 9557 GMKGWDM   -7.7536   -9.9164   -2.1629    0.2269
 9558 GMKGWDM   -7.7536   -9.9164   -2.1629    0.2269
 9559 GMKGWDW   -9.0099   -8.7184    0.2914    0.2269
 9560 GMKGWDW   -9.0099   -8.7184    0.2914    0.2269
 9561 GMKGWDW   -9.0099   -8.7184    0.2914    0.2269
 9562 GMKGWDW   -9.0099   -8.7184    0.2914    0.2269
 9563 GMKGWDW   -9.0099   -8.7184    0.2914    0.2269
 9564 GMKGWDW   -9.0099   -8.7184    0.2914    0.2269
 9565 GMKGWDW   -9.0099   -8.7184    0.2914    0.2269
 9566 GMKGWDW   -9.0099   -8.7184    0.2914    0.2269
 9567 GMKGWDW   -9.0099   -8.7184    0.2914    0.2269
 9568 GMKGWDW   -9.0099   -8.7184    0.2914    0.2269
 9569 GMKGWDW   -9.0099   -8.7184    0.2914    0.2269
 9570 GMKGWEW   -9.1100   -9.1357   -0.0257    0.2269
 9571 GMKGWEW   -9.1100   -9.1357   -0.0257    0.2269
 9572 GMKGWEW   -9.1100   -9.1357   -0.0257    0.2269
 9573 GMKGWEW   -9.1100   -9.1357   -0.0257    0.2269
 9574 GMKGMEW   -7.5712  -10.0512   -2.4800    0.2269
 9575 GMKGWEM   -8.0727  -10.5527   -2.4800    0.2269
 9576 GMKGWEI   -8.0659   -9.1771   -1.1111    0.2269
 9577 GMKGWEI   -8.0659   -9.1771   -1.1111    0.2269
 9578 GMKGWEI   -8.0659   -9.1771   -1.1111    0.2269
 9579 GMKGWEW  -10.2470  -10.2727   -0.0257    0.2269
 9580 GMKGWDW  -10.1094   -9.8180    0.2914    0.2269
 9581 GMKGWEW  -10.2203  -10.2460   -0.0257    0.2269
 9582 GMKGWEW  -10.2203  -10.2460   -0.0257    0.2269
 9583 GMKGWEW  -10.2203  -10.2460   -0.0257    0.2269
 9584 GMKGWEW   -9.5860   -9.6117   -0.0257    0.2269
 9585 GMKGWEW   -9.5860   -9.6117   -0.0257    0.2269
 9586 GMKGWEW   -9.5860   -9.6117   -0.0257    0.2269
 9587 GMKGWDW   -9.2301   -8.9387    0.2914    0.2269
 9588 GMKGWEW   -9.4342   -9.4599   -0.0257    0.2269
 9589 GMKGWEW   -9.4342   -9.4599   -0.0257    0.2269
 9590 GMKGWEW   -9.4342   -9.4599   -0.0257    0.2269
 9591 GMKGWEW   -9.4342   -9.4599   -0.0257    0.2269
 9592 GMKGWEW   -9.4342   -9.4599   -0.0257    0.2269
 9593 GMKGWEW   -9.4342   -9.4599   -0.0257    0.2269
 9594 GMKGWEW   -9.4342   -9.4599   -0.0257    0.2269
 9595 GMKGWEW   -9.4342   -9.4599   -0.0257    0.2269
 9596 GMKGWEW   -9.4342   -9.4599   -0.0257    0.2269
 9597 GMKGWEW   -9.4342   -9.4599   -0.0257    0.2269
 9598 GMKGWEW   -9.4342   -9.4599   -0.0257    0.2269
 9599 GMKGWEW   -9.4342   -9.4599   -0.0257    0.2269
 9600 GMKGWEW   -9.4342   -9.4599   -0.0257    0.2269
 9601 GMKGWEW   -9.4342   -9.4599   -0.0257    0.2269
 9602 GMKGWEW   -9.4342   -9.4599   -0.0257    0.2269
 9603 GMKGWEW   -9.4342   -9.4599   -0.0257    0.2269
 9604 GMKGWEW   -9.4342   -9.4599   -0.0257    0.2269
 9605 GMKGWEW   -9.4342   -9.4599   -0.0257    0.2269
 9606 GMKGWEW   -9.4342   -9.4599   -0.0257    0.2269
 9607 GMKGWEW   -9.4342   -9.4599   -0.0257    0.2269
 9608 GMKGWEW   -9.4342   -9.4599   -0.0257    0.2269
 9609 GMKGWEW   -9.4342   -9.4599   -0.0257    0.2269
 9610 GMKGFEW   -8.0585   -8.9453   -0.8869    0.2269
 9611 GMKGFEW   -8.0585   -8.9453   -0.8869    0.2269
 9612 GMKGFEW   -8.0585   -8.9453   -0.8869    0.2269
 9613 GFKGMEW   -8.4164   -9.3033   -0.8869    0.2269
 9614 GFKGMEW   -8.4164   -9.3033   -0.8869    0.2269
 9615 GFKGMEW   -8.4164   -9.3033   -0.8869    0.2269
 9616 GFKGMEW   -8.4164   -9.3033   -0.8869    0.2269
 9617 GFKGFEW   -8.5226   -8.0164    0.5063    0.2269
 9618 GFKGFEW   -8.5226   -8.0164    0.5063    0.2269
 9619 GFKGFEW   -8.5226   -8.0164    0.5063    0.2269
 9620 GFKGFEW   -8.5226   -8.0164    0.5063    0.2269
 9621 GFKGFEW   -8.5226   -8.0164    0.5063    0.2269
 9622 GFKGIEF   -8.8312   -9.2103   -0.3791    0.2269
 9623 GFKGIEF   -8.8312   -9.2103   -0.3791    0.2269
 9624 GVKGVEF   -8.1587  -11.5107   -3.3520    0.2269
 9625 GVKGVEF   -8.1587  -11.5107   -3.3520    0.2269
 9626 GWKGFEF   -9.5684   -9.0621    0.5063    0.2269
 9627 GWKGVEY   -8.3139  -11.6256   -3.3117    0.2269
 9628 GWKGMEY   -7.1801  -10.4864   -3.3063    0.2269
 9629 GWKGLEY   -6.8145  -10.5417   -3.7271    0.2269
 9630 GWKGEIY   -6.2455   -8.2944   -2.0489    0.2269
 9631 YWKGEIG   -4.9152   -6.9641   -2.0489    0.2269
 9632 YWKGEIG   -4.9152   -6.9641   -2.0489    0.2269
 9633 GWKGDIL   -5.5119   -6.8382   -1.3263    0.2269
 9634 GWLGEIK   -4.2551   -5.8985   -1.6434    0.2269
 9635 GWFGEIK   -6.9137   -6.8231    0.0906    0.2269
 9636 GWFGEIK   -6.4775   -6.3870    0.0906    0.2269
 9637 KWFGEGI   -6.8232   -6.7326    0.0906    0.2269
 9638 KWFGEGI   -7.8337   -7.7431    0.0906    0.2193
 9639 WKFGEGI   -5.6092   -5.4072    0.2020    0.2193
 9640 WKFGDGI   -5.4712   -4.9520    0.5191    0.2193
 9641 WKGFDGI   -5.4550   -4.9359    0.5191    0.2193
 9642 WKGFDGI   -5.4550   -4.9359    0.5191    0.2193
 9643 MKGFDGI   -5.7625   -7.4176   -1.6551    0.2193
 9644 VKGIDGF   -4.9092   -6.5698   -1.6606    0.2193
 9645 VKGIDGA   -2.0519   -8.5870   -6.5351    0.2193
 9646 GKIGDVV   -5.8668   -9.2373   -3.3706    0.2193
 9647 YVKGDVI   -4.7851   -5.7994   -1.0143    0.2193
 9648 MVKGEVI   -8.3215   -8.8266   -0.5051    0.2193
 9649 MKVGEVI   -9.4823   -9.8760   -0.3937    0.2193
 9650 MKLGDVI   -8.2834   -9.6554   -1.3720    0.2193
 9651 MKLGDVF   -7.8238   -8.8915   -1.0677    0.2193
 9652 MKVGDVI   -8.4512   -8.5278   -0.0766    0.2193
 9653 MVVGDKI   -8.2215   -8.5209   -0.2994    0.2193
 9654 MVKGDVI  -10.1366  -10.3246   -0.1880    0.2193
 9655 MVKGDVV  -10.5248  -12.0871   -1.5623    0.2193
 9656 MVKGDIM  -10.4427  -10.6253   -0.1826    0.2193
 9657 MVKGEIV  -11.0583  -11.5635   -0.5051    0.2193
 9658 MFKGEIV  -10.6343  -10.9008   -0.2666    0.2193
 9659 MFKGEIV  -10.6343  -10.9008   -0.2666    0.2193
 9660 MFKGEIV  -10.6343  -10.9008   -0.2666    0.2193
 9661 MFKGDIG   -7.1268   -8.8933   -1.7666    0.2193
 9662 MWKGDIG   -8.5469   -9.4523   -0.9054    0.2193
 9663 MLKGDIG   -6.9775  -10.7581   -3.7806    0.2193
 9664 MWKGDIG   -8.6743   -9.5797   -0.9054    0.2193
 9665 MWKGDIG   -8.6743   -9.5797   -0.9054    0.2193
 9666 MDKGWIG   -7.1516   -8.1685   -1.0169    0.2193
 9667 MDKGWVM   -8.9191   -8.8877    0.0314    0.2193
 9668 MDKGWVM   -8.9191   -8.8877    0.0314    0.2193
 9669 MVKGWDM   -8.8039   -8.5496    0.2543    0.2193
 9670 MVKGWDM   -8.8039   -8.5496    0.2543    0.2193
 9671 MVKGWDM   -8.8039   -8.5496    0.2543    0.2193
 9672 MDKGWVM   -8.3036   -8.2722    0.0314    0.2193
 9673 MDKGMVW   -7.4436   -7.4122    0.0314    0.2193
 9674 MDKGMVW   -7.4436   -7.4122    0.0314    0.2193
 9675 MDKGIVM   -7.0738   -7.3678   -0.2940    0.2193
 9676 MMDGIVD   -4.5307   -5.2061   -0.6754    0.2193
 9677 MMDGVMD   -3.1629   -5.2072   -2.0443    0.2193
 9678 FMMGEVD   -6.4474   -7.2156   -0.7683    0.2193
 9679 FMIGEVD   -6.6904   -7.4498   -0.7594    0.2193
 9680 FVLGEMD   -6.9350   -8.9242   -1.9891    0.2193
 9681 FVGLDMD   -5.6272   -7.1878   -1.5606    0.2193
 9682 FMGFDVD   -7.3233   -7.3499   -0.0266    0.2193
 9683 FMGFDVD   -7.3233   -7.3499   -0.0266    0.2193
 9684 FMGFEVD   -7.5762   -7.9199   -0.3437    0.2193
 9685 FMGFMED   -5.8114   -6.4526   -0.6411    0.2193
 9686 FMGFMDD   -5.6071   -5.9311   -0.3240    0.2193
 9687 LMGFMDD   -4.6127   -6.4707   -1.8580    0.2193
 9688 LMGFMDD   -4.6127   -6.4707   -1.8580    0.2193
 9689 MLGFDLD   -2.7245   -7.3405   -4.6160    0.2193
 9690 MLGMDLD   -4.2891   -7.4582   -3.1691    0.2193
 9691 MLGMDLD   -4.2891   -7.4582   -3.1691    0.2193
 9692 MMGLELD   -6.0618   -9.5481   -3.4863    0.2193
 9693 MMGVELD   -7.1569   -9.8278   -2.6709    0.2193
 9694 MMGVELD   -7.1569   -9.8278   -2.6709    0.2193
 9695 MMGIDLD   -7.2606   -9.2001   -1.9394    0.2193
 9696 MMGIDMD   -7.3955   -7.9541   -0.5586    0.2193
 9697 VMGIMDD   -5.8789   -6.6658   -0.7869    0.2193
 9698 MMGIMED   -5.8028   -6.9014   -1.0986    0.2193
 9699 MMGLMED   -4.0304   -6.9187   -2.8883    0.2193
 9700 MLGLFED   -4.0588   -9.2148   -5.1560    0.2193
 9701 MLGLFED   -4.0588   -9.2148   -5.1560    0.2193
 9702 MLGLAED   -2.7462   -9.3368   -6.5906    0.2193
 9703 MVGLADD   -4.7359  -10.5939   -5.8580    0.2193
 9704 MAGEVLD   -3.2113   -9.2751   -6.0637    0.2193
 9705 MLGKVAD   -4.4951   -9.7488   -5.2537    0.2193
 9706 MLKGVAD   -7.7899  -13.0437   -5.2537    0.2193
 9707 MLKGVAD   -7.7899  -13.0437   -5.2537    0.2193
 9708 MLKGIAD   -7.4140  -11.2934   -3.8794    0.2193
 9709 ILKGMAD   -8.6988  -12.5783   -3.8794    0.2193
 9710 ILKGMAD   -8.6988  -12.5783   -3.8794    0.2193
 9711 ILKGMAE   -8.6394  -12.8359   -4.1966    0.2193
 9712 KLWGMAE  -10.2128  -13.3239   -3.1111    0.2193
 9713 KLGWMAE   -8.6212  -11.7324   -3.1111    0.2193
 9714 KLGWMAE   -8.6212  -11.7324   -3.1111    0.2193
 9715 KLWGMAE   -9.7673  -12.8785   -3.1111    0.2193
 9716 KLWGMAD   -9.4978  -12.2918   -2.7940    0.2193
 9717 KMWGMAE   -7.2604   -9.9507   -2.6903    0.2193
 9718 KLWGVAE   -8.1940  -11.3106   -3.1166    0.2193
 9719 KWWGVAE   -9.1654  -10.6869   -1.5214    0.2193
 9720 KWWGVAE   -9.1654  -10.6869   -1.5214    0.2193
 9721 KWWGVGE   -9.7368   -9.8793   -0.1426    0.2193
 9722 KIWGVGE   -8.5771   -9.8051   -1.2280    0.2193
 9723 KIWGVGE   -8.5771   -9.8051   -1.2280    0.2193
 9724 KIVGEAW   -8.1604   -9.4873   -1.3269    0.2193
 9725 KIFGEAW   -8.3132  -10.0015   -1.6883    0.2193
 9726 KIFGEGW   -9.4642   -9.3736    0.0906    0.2193
 9727 KIFGEGW   -9.4642   -9.3736    0.0906    0.2193
 9728 KIFGEGW   -9.4642   -9.3736    0.0906    0.2193
 9729 KIFGEGW   -9.4642   -9.3736    0.0906    0.2193
 9730 KIFGEGW   -9.4642   -9.3736    0.0906    0.2193
 9731 KIFGEGI   -8.8478   -9.5626   -0.7149    0.2193
 9732 KIFGEGI   -8.8478   -9.5626   -0.7149    0.2193
 9733 KWIGEGF   -6.8469   -6.7563    0.0906    0.2193
 9734 KIIGEGF   -8.3562   -9.0711   -0.7149    0.2193
 9735 IIKGDGF   -7.4559   -7.8536   -0.3977    0.2193
 9736 IIKGDGF   -7.4559   -7.8536   -0.3977    0.2193
 9737 MIKGDGF   -7.4124   -9.1789   -1.7666    0.2193
 9738 MIKGFGD   -8.0458   -9.8123   -1.7666    0.2193
 9739 MIKGYGD   -5.9254  -10.1114   -4.1860    0.2193
 9740 WIKGYGD   -6.4785   -8.2102   -1.7317    0.2193
 9741 WIKGYGD   -6.4785   -8.2102   -1.7317    0.2193
 9742 WIKGYGD   -6.4785   -8.2102   -1.7317    0.2193
 9743 WIKGYGD   -6.4785   -8.2102   -1.7317    0.2193
 9744 WIKGEGY   -5.6231   -7.6720   -2.0489    0.2193
 9745 WIKGMGE   -6.8287   -8.0512   -1.2226    0.2193
 9746 WIKGMGE   -8.1673   -9.3899   -1.2226    0.2193
 9747 WIKGMGE   -8.1673   -9.3899   -1.2226    0.2193
 9748 WIKGMGD   -8.7330   -9.6385   -0.9054    0.2193
 9749 WIKGEGM   -7.5829   -8.8055   -1.2226    0.2193
 9750 WIKGEGM   -7.5829   -8.8055   -1.2226    0.2193
 9751 WFKGEGV   -9.6115  -10.6152   -1.0037    0.2193
 9752 WEKGLGV   -7.5699  -10.5877   -3.0177    0.2193
 9753 WEKGFGV   -8.0402   -9.0439   -1.0037    0.2193
 9754 WEKGFGV   -8.0402   -9.0439   -1.0037    0.2193
 9755 WEKGFGV   -8.0402   -9.0439   -1.0037    0.2193
 9756 WEKGLGV   -7.5581  -10.5759   -3.0177    0.2193
 9757 WEKGLGV   -7.5581  -10.5759   -3.0177    0.2193
 9758 WEKGLGV   -7.5581  -10.5759   -3.0177    0.2193
 9759 WEKGLGV   -7.5581  -10.5759   -3.0177    0.2193
 9760 WEKGLGV   -7.5581  -10.5759   -3.0177    0.2193
 9761 KVWGEGL   -7.0710  -10.0887   -3.0177    0.2193
 9762 KVWGEGL   -7.0710  -10.0887   -3.0177    0.2193
 9763 KLIGEGV   -7.9644  -12.0676   -4.1031    0.2193
 9764 KMIGEGV   -7.6601  -11.3424   -3.6823    0.2193
 9765 KEIGMGV   -4.8949   -8.5771   -3.6823    0.2193
 9766 KEIGMGL   -3.7473   -7.8450   -4.0977    0.2193
 9767 KEIGMGL   -3.7473   -7.8450   -4.0977    0.2193
 9768 KIIGEGL   -5.9347   -8.6635   -2.7289    0.2193
 9769 KIIGDGL   -5.5239   -7.9356   -2.4117    0.2193
 9770 KIFGDGI   -5.9394   -6.3371   -0.3977    0.2193
 9771 KMWGDGI   -7.9097   -8.8151   -0.9054    0.2193
 9772 KMWGDGI   -7.9097   -8.8151   -0.9054    0.2193
 9773 KMWGEGI   -7.0550   -8.2776   -1.2226    0.2193
 9774 MKWGEGI   -5.7680   -6.8791   -1.1111    0.2193
 9775 MKWGEGI   -5.7680   -6.8791   -1.1111    0.2193
 9776 MKWGEGI   -6.1074   -7.2185   -1.1111    0.2193
 9777 MKIGEGI   -5.8401   -8.0367   -2.1966    0.2193
 9778 GKMGEMI   -2.3609   -6.0377   -3.6769    0.2193
 9779 MIEGMKG    1.8076   -1.8692   -3.6769    0.2193
 9780 MIEGMKG   -2.9369   -6.6137   -3.6769    0.2193
 9781 MLEGMKI   -3.2783   -5.0421   -1.7637    0.2193
 9782 MIEGMKI   -3.9445   -4.4785   -0.5340    0.2193
 9783 MIEGMKI   -3.9445   -4.4785   -0.5340    0.2193
 9784 MIEGMKI   -3.9445   -4.4785   -0.5340    0.2193
 9785 MIEGMKV   -6.0900   -6.4783   -0.3883    0.2193
 9786 MIEGMKV   -6.0900   -6.4783   -0.3883    0.2193
 9787 MVEGMKV   -5.3777   -7.1403   -1.7626    0.2193
 9788 MEVGMKW   -5.5836   -5.5351    0.0486    0.2193
 9789 MEVGMDW   -4.9884   -5.4326   -0.4443    0.2193
 9790 MEVGMDW   -4.9884   -5.4326   -0.4443    0.2193
 9791 MEVGFDW   -2.0858   -3.9770   -1.8911    0.2193
 9792 MEVGFDW   -2.0858   -3.9770   -1.8911    0.2193
 9793 MEVGFDF   -2.6449   -2.8772   -0.2323    0.2193
 9794 MEVGFDL   -2.6964   -4.4627   -1.7663    0.2193
 9795 MDVGFLD   -4.6631   -6.2236   -1.5606    0.2193
 9796 MDVGFLD   -4.6631   -6.2236   -1.5606    0.2193
 9797 MDVGLLD   -4.3261   -7.4207   -3.0946    0.2193
 9798 MDMGLVD   -5.5835   -7.9372   -2.3537    0.2193
 9799 DMFGLVD   -4.4801   -6.1521   -1.6720    0.2193
 9800 DMFGLVD   -4.4801   -6.1521   -1.6720    0.2193
 9801 DMFGLVD   -4.4801   -6.1521   -1.6720    0.2193
 9802 KMMGLVD   -7.2534   -9.2257   -1.9723    0.2193
 9803 KMIGLVD   -8.1318   -9.6153   -1.4834    0.2193
 9804 KMIGLVD   -8.1318   -9.6153   -1.4834    0.2193
 9805 KMLGIVD   -4.1198   -5.6033   -1.4834    0.2193
 9806 MVLGIED   -6.0661   -8.4710   -2.4049    0.2193
 9807 MVGVIED   -6.3607   -7.4701   -1.1094    0.2193
 9808 MVGVIED   -6.3607   -7.4701   -1.1094    0.2193
 9809 MEGVLKV   -4.8160   -6.9994   -2.1834    0.2193
 9810 MEGIMVD   -8.0325   -9.0251   -0.9926    0.2193
 9811 MEGIFVD   -6.8235   -7.5829   -0.7594    0.2193
 9812 MEGIFVD   -6.8235   -7.5829   -0.7594    0.2193
 9813 MVGIDEL   -6.2550   -8.5484   -2.2934    0.2193
 9814 MVGIDEL   -6.2550   -8.5484   -2.2934    0.2193
 9815 MVGLDKI   -4.8990   -6.3825   -1.4834    0.2193
 9816 MMGMDKI   -5.9167   -6.0938   -0.1771    0.2193
 9817 MKGLDMI   -7.8449   -9.2915   -1.4466    0.2193
 9818 MKGIELM   -8.5981  -10.3618   -1.7637    0.2193
 9819 MKGIELM   -8.5981  -10.3618   -1.7637    0.2193
 9820 MKGIEIM   -7.5917   -8.1257   -0.5340    0.2193
 9821 MKGIELY   -7.2703   -8.9003   -1.6300    0.2193
 9822 MKGIDLV   -8.4527   -9.8247   -1.3720    0.2193
 9823 MKGIDMW   -6.7758   -8.3472   -1.5714    0.2193
 9824 MKGMDMW   -7.1126   -6.9329    0.1797    0.2193
 9825 MKGMDMW   -7.1126   -6.9329    0.1797    0.2193
 9826 MKGMDMW   -7.1126   -6.9329    0.1797    0.2193
 9827 MKGMDMW   -7.1126   -6.9329    0.1797    0.2193
 9828 MKGMDMW   -7.1126   -6.9329    0.1797    0.2193
 9829 MKGMEMW   -6.9349   -7.0724   -0.1374    0.2193
 9830 MKMGEMW   -9.3044   -9.4418   -0.1374    0.2193
 9831 MKMGEVW  -10.5671  -10.6300   -0.0629    0.2193
 9832 MKMGEVW  -10.5671  -10.6300   -0.0629    0.2193
 9833 MKMGDVW  -10.7383  -10.4840    0.2543    0.2193
 9834 MKMGDVW  -10.7383  -10.4840    0.2543    0.2193
 9835 MKWGDVV  -11.6316  -11.3028    0.3289    0.2193
 9836 MKWGDVV  -11.6316  -11.3028    0.3289    0.2193
 9837 MKWGDVI   -9.1918  -10.6887   -1.4969    0.2193
 9838 MKAGEVI   -5.5650   -9.2347   -3.6697    0.2193
 9839 MKADGVI   -4.3093   -7.6619   -3.3526    0.2193
 9840 MKIIGVD   -8.9158   -9.0580   -0.1423    0.2193
 9841 MKIIGVD  -11.5808  -11.7231   -0.1423    0.2363
 9842 MKIIGVD  -11.4228  -11.5651   -0.1423    0.2363
 9843 MKFIGVD  -10.1842  -10.0222    0.1620    0.2363
 9844 MKFIGVE   -9.6140   -9.7691   -0.1551    0.2363
 9845 MKFIGVD  -10.1746  -10.0126    0.1620    0.2363
 9846 MKIMGVD   -8.0579   -8.1290   -0.0711    0.2363
 9847 KIMMGVE   -8.0600   -8.5597   -0.4997    0.2363
 9848 KIMMGVE   -8.0600   -8.5597   -0.4997    0.2363
 9849 KIVMGVE   -7.9067   -8.4118   -0.5051    0.2363
 9850 KIVVGME   -8.1349   -8.6400   -0.5051    0.2363
 9851 KIVVGME   -8.1349   -8.6400   -0.5051    0.2363
 9852 KMLVGID   -7.6352   -9.1187   -1.4834    0.2363
 9853 KMLVGID   -7.6352   -9.1187   -1.4834    0.2363
 9854 KMLVGLD   -7.2782   -9.9913   -2.7131    0.2363
 9855 KMIVGID   -6.2972   -6.5509   -0.2537    0.2363
 9856 MKIVGID   -7.1670   -7.3093   -0.1423    0.2363
 9857 MKMVGID   -8.0590   -8.1301   -0.0711    0.2363
 9858 MKMVGLE   -8.1069  -10.2849   -2.1780    0.2363
 9859 MMKVGIE   -9.7846  -10.1729   -0.3883    0.2363
 9860 MMKVGID  -10.1861  -10.2573   -0.0711    0.2363
 9861 MMKVGID  -10.1861  -10.2573   -0.0711    0.2363
 9862 MKMVGLD   -8.7036  -10.5644   -1.8609    0.2363
 9863 MKMVGVD   -9.8760  -11.3214   -1.4454    0.2363
 9864 FKVVGMD  -10.1143   -9.9666    0.1477    0.2363
 9865 FKVVGMD  -10.1143   -9.9666    0.1477    0.2363
 9866 FKMVGMD   -9.4123   -9.2591    0.1531    0.2363
 9867 FKMVGMD   -9.4123   -9.2591    0.1531    0.2363
 9868 FKMVGMD   -9.4123   -9.2591    0.1531    0.2363
 9869 FKMVGMD   -9.4123   -9.2591    0.1531    0.2363
 9870 FKMVGMD   -9.4123   -9.2591    0.1531    0.2363
 9871 FKMVGMD   -9.4123   -9.2591    0.1531    0.2363
 9872 FKMVGMD   -9.4123   -9.2591    0.1531    0.2363
 9873 FKMVGMD   -9.4123   -9.2591    0.1531    0.2363
 9874 FKMVGMD   -9.4123   -9.2591    0.1531    0.2363
 9875 FKMVGMD   -9.4123   -9.2591    0.1531    0.2363
 9876 MKVDGMM   -6.7472   -8.1872   -1.4400    0.2363
 9877 MMKVGDM   -9.2503  -10.6903   -1.4400    0.2363
 9878 MMKVGDM   -9.2503  -10.6903   -1.4400    0.2363
 9879 MMKIGME   -7.2960   -7.6789   -0.3829    0.2363
 9880 MKMIGME   -6.0672   -6.4500   -0.3829    0.2363
 9881 MKMIGVE   -6.6057   -6.9940   -0.3883    0.2363
 9882 MKMIGVD   -6.9399   -7.0111   -0.0711    0.2363
 9883 MKMIGVD   -6.9399   -7.0111   -0.0711    0.2363
 9884 MKMIGVD   -6.9399   -7.0111   -0.0711    0.2363
 9885 MMKIGVD   -7.0934   -7.1645   -0.0711    0.2363
 9886 MYEIGLD   -4.9721   -7.0949   -2.1229    0.2363
 9887 MYEIGLE   -4.5799   -7.0199   -2.4400    0.2363
 9888 MYEIGLE   -4.5799   -7.0199   -2.4400    0.2363
 9889 AVEIGLE   -3.9370   -8.8376   -4.9006    0.2363
 9890 AIEIGLE   -6.1378   -9.6641   -3.5263    0.2363
 9891 AIEIGLE   -6.1378   -9.6641   -3.5263    0.2363
 9892 AIEIGLD   -6.9417  -10.1508   -3.2091    0.2363
 9893 AIEIGVE   -7.4726  -10.5835   -3.1109    0.2363
 9894 AIEIGVD   -7.8079  -10.6017   -2.7937    0.2363
 9895 AIEIGVE   -7.5065  -10.6174   -3.1109    0.2363
 9896 MIEIGVE   -8.6084   -9.8779   -1.2694    0.2363
 9897 MIVIGEE   -9.6344  -11.2381   -1.6037    0.2363
 9898 MIMIGEE   -7.9712   -9.6495   -1.6783    0.2363
 9899 MIMIGEK   -7.3852   -8.2535   -0.8683    0.2363
 9900 EIMIGMK   -6.3870   -7.0324   -0.6454    0.2363
 9901 EIMIGMK   -6.3870   -7.0324   -0.6454    0.2363
 9902 DVMIGEM   -4.1551   -5.1477   -0.9926    0.2363
 9903 MVVIGED   -9.6487  -10.8696   -1.2209    0.2363
 9904 MVVIGED   -9.6487  -10.8696   -1.2209    0.2363
 9905 MVVIGED   -9.6367  -10.8576   -1.2209    0.2363
 9906 MVVIGED   -9.6367  -10.8576   -1.2209    0.2363
 9907 MVVIGDD   -9.4034  -10.3071   -0.9037    0.2363
 9908 MVIVGDD   -9.9270  -10.8307   -0.9037    0.2363
 9909 MIVVGDD  -10.5816  -11.4853   -0.9037    0.2363
 9910 MIVVGDD  -10.5816  -11.4853   -0.9037    0.2363
 9911 MIVVGDK  -10.0448  -10.4556   -0.4109    0.2363
 9912 MKFVGDI   -6.8263   -6.6643    0.1620    0.2363
 9913 MIKVGDF   -6.1878   -6.0257    0.1620    0.2363
 9914 MMKVGDM   -6.2712   -7.7112   -1.4400    0.2363
 9915 MFMVGDR   -3.1212   -6.6663   -3.5451    0.2363
 9916 MFMVGDR   -3.1212   -6.6663   -3.5451    0.2363
 9917 MFMVGEE   -6.2864   -7.5947   -1.3083    0.2363
 9918 MFEVGMK   -6.6313   -6.7953   -0.1640    0.2363
 9919 MWEVGMK   -6.7382   -6.8010   -0.0629    0.2363
 9920 MLEVGLK   -6.1501   -9.0690   -2.9189    0.2363
 9921 MLEVGLK   -6.1501   -9.0690   -2.9189    0.2363
 9922 MLEVGLK   -6.1501   -9.0690   -2.9189    0.2363
 9923 MMEVGLD   -7.0112   -9.6821   -2.6709    0.2363
 9924 MIEVGLD   -8.5306  -10.7126   -2.1820    0.2363
 9925 MIEVGLD   -8.5306  -10.7126   -2.1820    0.2363
 9926 MIKVGLE   -7.3976   -9.0867   -1.6891    0.2363
 9927 MIKVGLD   -7.9733   -9.3453   -1.3720    0.2363
 9928 MIKVGLD   -7.9733   -9.3453   -1.3720    0.2363
 9929 MIKVGLD   -7.9733   -9.3453   -1.3720    0.2363
 9930 MIKVGLE   -7.5993   -9.2885   -1.6891    0.2363
 9931 MIKVGLE   -7.5993   -9.2885   -1.6891    0.2363
 9932 MIEVGLE   -7.7052  -10.2043   -2.4991    0.2363
 9933 MIVEGGD   -5.1179   -9.5159   -4.3980    0.2363
 9934 MEVIGVD   -6.7675   -7.6541   -0.8866    0.2363
 9935 MKVIGVE   -7.1974   -7.5911   -0.3937    0.2363
 9936 MKVIGVE   -7.1974   -7.5911   -0.3937    0.2363
 9937 MEVIGVK   -6.7506   -7.1443   -0.3937    0.2363
 9938 MEVIGMK   -7.1030   -7.4913   -0.3883    0.2363
 9939 MKVIGME   -8.7326   -9.1208   -0.3883    0.2363
 9940 MKVIGMD   -9.3129   -9.3840   -0.0711    0.2363
 9941 MKEIGVM   -9.1246   -9.6243   -0.4997    0.2363
 9942 MKDIGVM   -8.0711   -8.2537   -0.1826    0.2363
 9943 MKIEGVM   -8.4637   -8.8519   -0.3883    0.2363
 9944 MKMMGVE   -7.1187   -8.8758   -1.7571    0.2363
 9945 MKMMGVE   -7.1187   -8.8758   -1.7571    0.2363
 9946 MKMMGVE   -7.1187   -8.8758   -1.7571    0.2363
 9947 MKMMGVE   -7.5115   -9.2687   -1.7571    0.2363
 9948 MKMMGVD   -7.8399   -9.2799   -1.4400    0.2363
 9949 MKMMGVD   -7.8399   -9.2799   -1.4400    0.2363
 9950 MKMMGVD   -7.8399   -9.2799   -1.4400    0.2363
 9951 MKMMGVD   -7.8399   -9.2799   -1.4400    0.2363
 9952 MKMMGVD   -7.8399   -9.2799   -1.4400    0.2363
 9953 MKMMGEV   -5.5992   -7.3564   -1.7571    0.2363
 9954 MKMIGEV   -5.3901   -5.7783   -0.3883    0.2363
 9955 MKMIGEL   -3.9059   -5.6696   -1.7637    0.2363
 9956 MKMMGDL   -4.6315   -6.4869   -1.8554    0.2363
 9957 MKMMGDM   -4.5599   -5.9945   -1.4346    0.2363
 9958 MMMMGDE   -3.5542   -6.1331   -2.5789    0.2363
 9959 MMVMGDR    2.8416   -2.2967   -5.1383    0.2363
 9960 MMVMGED    1.4519   -1.1324   -2.5843    0.2363
 9961 MGVEGMD    3.2932   -2.1393   -5.4326    0.2363
 9962 GGVDEMW   -1.8615   -5.1741   -3.3126    0.2363
 9963 GMMEEVW   -4.5386   -5.6343   -1.0957    0.2363
 9964 GVMEEMM   -1.1759   -3.9659   -2.7900    0.2363
 9965 GVIEEMV   -0.7967   -2.2233   -1.4266    0.2363
 9966 YVMEEVV   -4.5473   -5.2718   -0.7246    0.2363
 9967 YVMDEVV   -3.4910   -3.8985   -0.4074    0.2363
 9968 FVDMKVV   -3.4753   -4.9504   -1.4751    0.2363
 9969 GVDMFVD   -5.4891   -5.9457   -0.4566    0.2363
 9970 GFMDVMD   -7.1806   -7.6318   -0.4511    0.2363
 9971 GFMDVVD   -7.4637   -7.9203   -0.4566    0.2363
 9972 GFMVVDK   -5.8384   -6.0249   -0.1866    0.2363
 9973 GWMDVVD   -8.6420   -8.9175   -0.2754    0.2363
 9974 GWVDVMK   -8.7853   -8.5679    0.2174    0.2363
 9975 GWVDVMD   -8.9023   -9.1778   -0.2754    0.2363
 9976 GWVEVMD   -9.3671   -9.9597   -0.5926    0.2363
 9977 GWVEVMD   -9.3671   -9.9597   -0.5926    0.2363
 9978 GWVVDMD   -9.0970   -9.3724   -0.2754    0.2363
 9979 GWDVDMV   -5.6629   -5.8269   -0.1640    0.2363
 9980 GIVDDMV   -6.5523   -7.3445   -0.7923    0.2363
 9981 GIVDDMV   -6.6136   -7.4059   -0.7923    0.2363
 9982 VIVDDGF   -6.7423   -7.2214   -0.4791    0.2363
 9983 VMVFEGE   -8.1432   -9.3455   -1.2023    0.2363
 9984 VMVFEGE   -8.1432   -9.3455   -1.2023    0.2363
 9985 VMIFDGE  -10.0377  -10.9086   -0.8709    0.2363
 9986 VMIFDGE  -10.0377  -10.9086   -0.8709    0.2363
 9987 VMIVDGD  -11.6099  -12.4022   -0.7923    0.2363
 9988 VMIVDGD  -11.6099  -12.4022   -0.7923    0.2363
 9989 VMIVDGE  -11.4055  -12.5149   -1.1094    0.2363
 9990 VMIVDGE  -11.4055  -12.5149   -1.1094    0.2363
 9991 IMVVEGD  -10.1817  -11.2912   -1.1094    0.2363
 9992 VMMFEGD   -7.2871   -8.1668   -0.8797    0.2363
 9993 VWMFGED   -5.3768   -7.7136   -2.3369    0.2363
 9994 MWVVGED   -8.0836   -8.8990   -0.8154    0.2363
 9995 MWVDGVD   -6.9853   -7.2607   -0.2754    0.2363
 9996 MWVDGVD   -6.9853   -7.2607   -0.2754    0.2363
 9997 MDVWGVD   -6.3947   -6.5587   -0.1640    0.2363
 9998 MDVVGFD   -7.1252   -7.4703   -0.3451    0.2363
 9999 MKVVGFD  -10.7774  -10.6297    0.1477    0.2363
10000 FKVVGFD   -8.8315   -8.2907    0.5409    0.2363
